  0
SECTION
  2
HEADER
  9
$ACADVER
  1
AC1032
  9
$ACADMAINTVER
 90
4
  9
$DWGCODEPAGE
  3
ANSI_1252
  9
$LASTSAVEDBY
  1
ezdxf
  9
$REQUIREDVERSIONS
160
0
  9
$INSBASE
 10
0.0
 20
0.0
 30
0.0
  9
$EXTMIN
 10
1e+20
 20
1e+20
 30
1e+20
  9
$EXTMAX
 10
-1e+20
 20
-1e+20
 30
-1e+20
  9
$LIMMIN
 10
0.0
 20
0.0
  9
$LIMMAX
 10
420.0
 20
297.0
  9
$ORTHOMODE
 70
0
  9
$REGENMODE
 70
1
  9
$FILLMODE
 70
1
  9
$QTEXTMODE
 70
0
  9
$MIRRTEXT
 70
1
  9
$LTSCALE
 40
1.0
  9
$ATTMODE
 70
1
  9
$TEXTSIZE
 40
2.5
  9
$TRACEWID
 40
1.0
  9
$TEXTSTYLE
  7
OpenSans
  9
$CLAYER
  8
0
  9
$CELTYPE
  6
ByLayer
  9
$CECOLOR
 62
256
  9
$CELTSCALE
 40
1.0
  9
$DISPSILH
 70
0
  9
$DIMSCALE
 40
1.0
  9
$DIMASZ
 40
0.175
  9
$DIMEXO
 40
0.125
  9
$DIMDLI
 40
3.75
  9
$DIMRND
 40
0.0
  9
$DIMDLE
 40
0.0
  9
$DIMEXE
 40
0.375
  9
$DIMTP
 40
0.0
  9
$DIMTM
 40
0.0
  9
$DIMTXT
 40
0.25
  9
$DIMCEN
 40
2.5
  9
$DIMTSZ
 40
0.0
  9
$DIMTOL
 70
0
  9
$DIMLIM
 70
0
  9
$DIMTIH
 70
0
  9
$DIMTOH
 70
0
  9
$DIMSE1
 70
0
  9
$DIMSE2
 70
0
  9
$DIMTAD
 70
1
  9
$DIMZIN
 70
12
  9
$DIMBLK
  1
ARCHTICK
  9
$DIMASO
 70
1
  9
$DIMSHO
 70
1
  9
$DIMPOST
  1

  9
$DIMAPOST
  1

  9
$DIMALT
 70
0
  9
$DIMALTD
 70
3
  9
$DIMALTF
 40
0.03937007874
  9
$DIMLFAC
 40
100.0
  9
$DIMTOFL
 70
1
  9
$DIMTVP
 40
0.0
  9
$DIMTIX
 70
0
  9
$DIMSOXD
 70
0
  9
$DIMSAH
 70
0
  9
$DIMBLK1
  1

  9
$DIMBLK2
  1

  9
$DIMSTYLE
  2
EZDXF
  9
$DIMCLRD
 70
0
  9
$DIMCLRE
 70
0
  9
$DIMCLRT
 70
0
  9
$DIMTFAC
 40
0.5
  9
$DIMGAP
 40
0.1
  9
$DIMJUST
 70
0
  9
$DIMSD1
 70
0
  9
$DIMSD2
 70
0
  9
$DIMTOLJ
 70
0
  9
$DIMTZIN
 70
8
  9
$DIMALTZ
 70
0
  9
$DIMALTTZ
 70
0
  9
$DIMUPT
 70
1
  9
$DIMDEC
 70
2
  9
$DIMTDEC
 70
2
  9
$DIMALTU
 70
2
  9
$DIMALTTD
 70
3
  9
$DIMTXSTY
  7
OpenSansCondensed-Light
  9
$DIMAUNIT
 70
0
  9
$DIMADEC
 70
2
  9
$DIMALTRND
 40
0.0
  9
$DIMAZIN
 70
3
  9
$DIMDSEP
 70
46
  9
$DIMATFIT
 70
3
  9
$DIMFRAC
 70
0
  9
$DIMLDRBLK
  1

  9
$DIMLUNIT
 70
2
  9
$DIMLWD
 70
-2
  9
$DIMLWE
 70
-2
  9
$DIMTMOVE
 70
2
  9
$DIMFXL
 40
1.0
  9
$DIMFXLON
 70
0
  9
$DIMJOGANG
 40
0.785398163397
  9
$DIMTFILL
 70
0
  9
$DIMTFILLCLR
 70
0
  9
$DIMARCSYM
 70
0
  9
$DIMLTYPE
  6

  9
$DIMLTEX1
  6

  9
$DIMLTEX2
  6

  9
$DIMTXTDIRECTION
 70
0
  9
$LUNITS
 70
2
  9
$LUPREC
 70
4
  9
$SKETCHINC
 40
1.0
  9
$FILLETRAD
 40
10.0
  9
$AUNITS
 70
0
  9
$AUPREC
 70
2
  9
$MENU
  1
.
  9
$ELEVATION
 40
0.0
  9
$PELEVATION
 40
0.0
  9
$THICKNESS
 40
0.0
  9
$LIMCHECK
 70
0
  9
$CHAMFERA
 40
0.0
  9
$CHAMFERB
 40
0.0
  9
$CHAMFERC
 40
0.0
  9
$CHAMFERD
 40
0.0
  9
$SKPOLY
 70
0
  9
$TDCREATE
 40
2451545.0
  9
$TDUCREATE
 40
2451545.0
  9
$TDUPDATE
 40
2451545.0
  9
$TDUUPDATE
 40
2451545.0
  9
$TDINDWG
 40
0.0
  9
$TDUSRTIMER
 40
0.0
  9
$USRTIMER
 70
1
  9
$ANGBASE
 50
0.0
  9
$ANGDIR
 70
0
  9
$PDMODE
 70
0
  9
$PDSIZE
 40
0.0
  9
$PLINEWID
 40
0.0
  9
$SPLFRAME
 70
0
  9
$SPLINETYPE
 70
6
  9
$SPLINESEGS
 70
8
  9
$HANDSEED
  5
681
  9
$SURFTAB1
 70
6
  9
$SURFTAB2
 70
6
  9
$SURFTYPE
 70
6
  9
$SURFU
 70
6
  9
$SURFV
 70
6
  9
$UCSBASE
  2

  9
$UCSNAME
  2

  9
$UCSORG
 10
0.0
 20
0.0
 30
0.0
  9
$UCSXDIR
 10
1.0
 20
0.0
 30
0.0
  9
$UCSYDIR
 10
0.0
 20
1.0
 30
0.0
  9
$UCSORTHOREF
  2

  9
$UCSORTHOVIEW
 70
0
  9
$UCSORGTOP
 10
0.0
 20
0.0
 30
0.0
  9
$UCSORGBOTTOM
 10
0.0
 20
0.0
 30
0.0
  9
$UCSORGLEFT
 10
0.0
 20
0.0
 30
0.0
  9
$UCSORGRIGHT
 10
0.0
 20
0.0
 30
0.0
  9
$UCSORGFRONT
 10
0.0
 20
0.0
 30
0.0
  9
$UCSORGBACK
 10
0.0
 20
0.0
 30
0.0
  9
$PUCSBASE
  2

  9
$PUCSNAME
  2

  9
$PUCSORG
 10
0.0
 20
0.0
 30
0.0
  9
$PUCSXDIR
 10
1.0
 20
0.0
 30
0.0
  9
$PUCSYDIR
 10
0.0
 20
1.0
 30
0.0
  9
$PUCSORTHOREF
  2

  9
$PUCSORTHOVIEW
 70
0
  9
$PUCSORGTOP
 10
0.0
 20
0.0
 30
0.0
  9
$PUCSORGBOTTOM
 10
0.0
 20
0.0
 30
0.0
  9
$PUCSORGLEFT
 10
0.0
 20
0.0
 30
0.0
  9
$PUCSORGRIGHT
 10
0.0
 20
0.0
 30
0.0
  9
$PUCSORGFRONT
 10
0.0
 20
0.0
 30
0.0
  9
$PUCSORGBACK
 10
0.0
 20
0.0
 30
0.0
  9
$USERI1
 70
0
  9
$USERI2
 70
0
  9
$USERI3
 70
0
  9
$USERI4
 70
0
  9
$USERI5
 70
0
  9
$USERR1
 40
0.0
  9
$USERR2
 40
0.0
  9
$USERR3
 40
0.0
  9
$USERR4
 40
0.0
  9
$USERR5
 40
0.0
  9
$WORLDVIEW
 70
1
  9
$SHADEDGE
 70
3
  9
$SHADEDIF
 70
70
  9
$TILEMODE
 70
1
  9
$MAXACTVP
 70
64
  9
$PINSBASE
 10
0.0
 20
0.0
 30
0.0
  9
$PLIMCHECK
 70
0
  9
$PEXTMIN
 10
1e+20
 20
1e+20
 30
1e+20
  9
$PEXTMAX
 10
-1e+20
 20
-1e+20
 30
-1e+20
  9
$PLIMMIN
 10
0.0
 20
0.0
  9
$PLIMMAX
 10
420.0
 20
297.0
  9
$UNITMODE
 70
0
  9
$VISRETAIN
 70
1
  9
$PLINEGEN
 70
0
  9
$PSLTSCALE
 70
1
  9
$TREEDEPTH
 70
3020
  9
$CMLSTYLE
  2
Standard
  9
$CMLJUST
 70
0
  9
$CMLSCALE
 40
20.0
  9
$PROXYGRAPHICS
 70
1
  9
$MEASUREMENT
 70
1
  9
$CELWEIGHT
370
-1
  9
$ENDCAPS
280
0
  9
$JOINSTYLE
280
0
  9
$LWDISPLAY
290
0
  9
$INSUNITS
 70
4
  9
$HYPERLINKBASE
  1

  9
$STYLESHEET
  1

  9
$XEDIT
290
1
  9
$CEPSNTYPE
380
0
  9
$PSTYLEMODE
290
1
  9
$FINGERPRINTGUID
  2
{B2CECD19-BBA2-572C-8120-FF14FF5F9514}
  9
$VERSIONGUID
  2
{EF49CE8B-1556-50B8-8E74-0FE9D15F6ADE}
  9
$EXTNAMES
290
1
  9
$PSVPSCALE
 40
0.0
  9
$OLESTARTUP
290
0
  9
$SORTENTS
280
127
  9
$INDEXCTL
280
0
  9
$HIDETEXT
280
1
  9
$XCLIPFRAME
280
1
  9
$HALOGAP
280
0
  9
$OBSCOLOR
 70
257
  9
$OBSLTYPE
280
0
  9
$INTERSECTIONDISPLAY
280
0
  9
$INTERSECTIONCOLOR
 70
257
  9
$DIMASSOC
280
2
  9
$PROJECTNAME
  1

  9
$CAMERADISPLAY
290
0
  9
$LENSLENGTH
 40
50.0
  9
$CAMERAHEIGHT
 40
0.0
  9
$STEPSPERSEC
 40
24.0
  9
$STEPSIZE
 40
100.0
  9
$3DDWFPREC
 40
2.0
  9
$PSOLWIDTH
 40
0.005
  9
$PSOLHEIGHT
 40
0.08
  9
$LOFTANG1
 40
1.570796326795
  9
$LOFTANG2
 40
1.570796326795
  9
$LOFTMAG1
 40
0.0
  9
$LOFTMAG2
 40
0.0
  9
$LOFTPARAM
 70
7
  9
$LOFTNORMALS
280
1
  9
$LATITUDE
 40
37.795
  9
$LONGITUDE
 40
-122.394
  9
$NORTHDIRECTION
 40
0.0
  9
$TIMEZONE
 70
-8000
  9
$LIGHTGLYPHDISPLAY
280
1
  9
$TILEMODELIGHTSYNCH
280
1
  9
$CMATERIAL
347
20
  9
$SOLIDHIST
280
0
  9
$SHOWHIST
280
1
  9
$DWFFRAME
280
2
  9
$DGNFRAME
280
2
  9
$REALWORLDSCALE
290
1
  9
$INTERFERECOLOR
 62
256
  9
$CSHADOW
280
0
  9
$SHADOWPLANELOCATION
 40
0.0
  0
ENDSEC
  0
SECTION
  2
CLASSES
  0
CLASS
  1
ACDBDICTIONARYWDFLT
  2
AcDbDictionaryWithDefault
  3
ObjectDBX Classes
 90
0
 91
0
280
0
281
0
  0
CLASS
  1
SUN
  2
AcDbSun
  3
SCENEOE
 90
1153
 91
0
280
0
281
0
  0
CLASS
  1
VISUALSTYLE
  2
AcDbVisualStyle
  3
ObjectDBX Classes
 90
4095
 91
0
280
0
281
0
  0
CLASS
  1
MATERIAL
  2
AcDbMaterial
  3
ObjectDBX Classes
 90
1153
 91
0
280
0
281
0
  0
CLASS
  1
SCALE
  2
AcDbScale
  3
ObjectDBX Classes
 90
1153
 91
0
280
0
281
0
  0
CLASS
  1
TABLESTYLE
  2
AcDbTableStyle
  3
ObjectDBX Classes
 90
4095
 91
0
280
0
281
0
  0
CLASS
  1
MLEADERSTYLE
  2
AcDbMLeaderStyle
  3
ACDB_MLEADERSTYLE_CLASS
 90
4095
 91
0
280
0
281
0
  0
CLASS
  1
DICTIONARYVAR
  2
AcDbDictionaryVar
  3
ObjectDBX Classes
 90
0
 91
0
280
0
281
0
  0
CLASS
  1
CELLSTYLEMAP
  2
AcDbCellStyleMap
  3
ObjectDBX Classes
 90
1152
 91
0
280
0
281
0
  0
CLASS
  1
MENTALRAYRENDERSETTINGS
  2
AcDbMentalRayRenderSettings
  3
SCENEOE
 90
1024
 91
0
280
0
281
0
  0
CLASS
  1
ACDBDETAILVIEWSTYLE
  2
AcDbDetailViewStyle
  3
ObjectDBX Classes
 90
1025
 91
0
280
0
281
0
  0
CLASS
  1
ACDBSECTIONVIEWSTYLE
  2
AcDbSectionViewStyle
  3
ObjectDBX Classes
 90
1025
 91
0
280
0
281
0
  0
CLASS
  1
RASTERVARIABLES
  2
AcDbRasterVariables
  3
ISM
 90
0
 91
0
280
0
281
0
  0
CLASS
  1
LAYOUT
  2
AcDbLayout
  3
ObjectDBX Classes
 90
0
 91
0
280
0
281
0
  0
CLASS
  1
ACDBPLACEHOLDER
  2
AcDbPlaceHolder
  3
ObjectDBX Classes
 90
0
 91
0
280
0
281
0
  0
ENDSEC
  0
SECTION
  2
TABLES
  0
TABLE
  2
VPORT
  5
8
330
0
100
AcDbSymbolTable
 70
1
  0
VPORT
  5
23
330
8
100
AcDbSymbolTableRecord
100
AcDbViewportTableRecord
  2
*Active
 70
0
 10
0.0
 20
0.0
 11
1.0
 21
1.0
 12
0.0
 22
0.0
 13
0.0
 23
0.0
 14
0.5
 24
0.5
 15
0.5
 25
0.5
 16
0.0
 26
0.0
 36
1.0
 17
0.0
 27
0.0
 37
0.0
 40
1000.0
 41
1.34
 42
50.0
 43
0.0
 44
0.0
 50
0.0
 51
0.0
 71
0
 72
1000
 73
1
 74
3
 75
0
 76
0
 77
0
 78
0
281
0
 65
0
146
0.0
  0
ENDTAB
  0
TABLE
  2
LTYPE
  5
2
330
0
100
AcDbSymbolTable
 70
21
  0
LTYPE
  5
24
330
2
100
AcDbSymbolTableRecord
100
AcDbLinetypeTableRecord
  2
ByBlock
 70
0
  3

 72
65
 73
0
 40
0.0
  0
LTYPE
  5
25
330
2
100
AcDbSymbolTableRecord
100
AcDbLinetypeTableRecord
  2
ByLayer
 70
0
  3

 72
65
 73
0
 40
0.0
  0
LTYPE
  5
26
330
2
100
AcDbSymbolTableRecord
100
AcDbLinetypeTableRecord
  2
Continuous
 70
0
  3

 72
65
 73
0
 40
0.0
  0
LTYPE
  5
2F
330
2
100
AcDbSymbolTableRecord
100
AcDbLinetypeTableRecord
  2
CENTER
 70
0
  3
Center ____ _ ____ _ ____ _ ____ _ ____ _ ____
 72
65
 73
4
 40
5.08
 49
3.175
 74
0
 49
-0.635
 74
0
 49
0.635
 74
0
 49
-0.635
 74
0
  0
LTYPE
  5
30
330
2
100
AcDbSymbolTableRecord
100
AcDbLinetypeTableRecord
  2
CENTERX2
 70
0
  3
Center (2x) ________  __  ________  __  ________
 72
65
 73
4
 40
8.89
 49
6.35
 74
0
 49
-0.635
 74
0
 49
1.27
 74
0
 49
-0.635
 74
0
  0
LTYPE
  5
31
330
2
100
AcDbSymbolTableRecord
100
AcDbLinetypeTableRecord
  2
CENTER2
 70
0
  3
Center (.5x) ____ _ ____ _ ____ _ ____ _ ____
 72
65
 73
4
 40
2.54
 49
1.587
 74
0
 49
-0.318
 74
0
 49
0.318
 74
0
 49
-0.318
 74
0
  0
LTYPE
  5
32
330
2
100
AcDbSymbolTableRecord
100
AcDbLinetypeTableRecord
  2
DASHED
 70
0
  3
Dashed __ __ __ __ __ __ __ __ __ __ __ __ __ _
 72
65
 73
2
 40
1.524
 49
1.27
 74
0
 49
-0.254
 74
0
  0
LTYPE
  5
33
330
2
100
AcDbSymbolTableRecord
100
AcDbLinetypeTableRecord
  2
DASHEDX2
 70
0
  3
Dashed (2x) ____  ____  ____  ____  ____  ____
 72
65
 73
2
 40
3.048
 49
2.54
 74
0
 49
-0.508
 74
0
  0
LTYPE
  5
34
330
2
100
AcDbSymbolTableRecord
100
AcDbLinetypeTableRecord
  2
DASHED2
 70
0
  3
Dashed (.5x) _ _ _ _ _ _ _ _ _ _ _ _ _ _
 72
65
 73
2
 40
0.762
 49
0.635
 74
0
 49
-0.127
 74
0
  0
LTYPE
  5
35
330
2
100
AcDbSymbolTableRecord
100
AcDbLinetypeTableRecord
  2
PHANTOM
 70
0
  3
Phantom ______  __  __  ______  __  __  ______
 72
65
 73
6
 40
6.35
 49
3.175
 74
0
 49
-0.635
 74
0
 49
0.635
 74
0
 49
-0.635
 74
0
 49
0.635
 74
0
 49
-0.635
 74
0
  0
LTYPE
  5
36
330
2
100
AcDbSymbolTableRecord
100
AcDbLinetypeTableRecord
  2
PHANTOMX2
 70
0
  3
Phantom (2x)____________    ____    ____    ____________
 72
65
 73
6
 40
10.795
 49
6.35
 74
0
 49
-0.635
 74
0
 49
1.27
 74
0
 49
-0.635
 74
0
 49
1.27
 74
0
 49
-0.635
 74
0
  0
LTYPE
  5
37
330
2
100
AcDbSymbolTableRecord
100
AcDbLinetypeTableRecord
  2
PHANTOM2
 70
0
  3
Phantom (.5x) ___ _ _ ___ _ _ ___ _ _ ___ _ _ ___
 72
65
 73
6
 40
3.175
 49
1.587
 74
0
 49
-0.318
 74
0
 49
0.318
 74
0
 49
-0.318
 74
0
 49
0.318
 74
0
 49
-0.318
 74
0
  0
LTYPE
  5
38
330
2
100
AcDbSymbolTableRecord
100
AcDbLinetypeTableRecord
  2
DASHDOT
 70
0
  3
Dash dot __ . __ . __ . __ . __ . __ . __ . __
 72
65
 73
4
 40
3.556
 49
2.54
 74
0
 49
-0.508
 74
0
 49
0.0
 74
0
 49
-0.508
 74
0
  0
LTYPE
  5
39
330
2
100
AcDbSymbolTableRecord
100
AcDbLinetypeTableRecord
  2
DASHDOTX2
 70
0
  3
Dash dot (2x) ____  .  ____  .  ____  .  ____
 72
65
 73
4
 40
6.096
 49
5.08
 74
0
 49
-0.508
 74
0
 49
0.0
 74
0
 49
-0.508
 74
0
  0
LTYPE
  5
3A
330
2
100
AcDbSymbolTableRecord
100
AcDbLinetypeTableRecord
  2
DASHDOT2
 70
0
  3
Dash dot (.5x) _ . _ . _ . _ . _ . _ . _ . _
 72
65
 73
4
 40
1.778
 49
1.27
 74
0
 49
-0.254
 74
0
 49
0.0
 74
0
 49
-0.254
 74
0
  0
LTYPE
  5
3B
330
2
100
AcDbSymbolTableRecord
100
AcDbLinetypeTableRecord
  2
DOT
 70
0
  3
Dot .  .  .  .  .  .  .  .  .  .  .  .  .  .  .  .
 72
65
 73
2
 40
0.508
 49
0.0
 74
0
 49
-0.508
 74
0
  0
LTYPE
  5
3C
330
2
100
AcDbSymbolTableRecord
100
AcDbLinetypeTableRecord
  2
DOTX2
 70
0
  3
Dot (2x) .    .    .    .    .    .    .    . 
 72
65
 73
2
 40
1.016
 49
0.0
 74
0
 49
-1.016
 74
0
  0
LTYPE
  5
3D
330
2
100
AcDbSymbolTableRecord
100
AcDbLinetypeTableRecord
  2
DOT2
 70
0
  3
Dot (.5) . . . . . . . . . . . . . . . . . . . 
 72
65
 73
2
 40
0.254
 49
0.0
 74
0
 49
-0.254
 74
0
  0
LTYPE
  5
3E
330
2
100
AcDbSymbolTableRecord
100
AcDbLinetypeTableRecord
  2
DIVIDE
 70
0
  3
Divide __ . . __ . . __ . . __ . . __ . . __
 72
65
 73
6
 40
4.064
 49
2.54
 74
0
 49
-0.508
 74
0
 49
0.0
 74
0
 49
-0.508
 74
0
 49
0.0
 74
0
 49
-0.508
 74
0
  0
LTYPE
  5
3F
330
2
100
AcDbSymbolTableRecord
100
AcDbLinetypeTableRecord
  2
DIVIDEX2
 70
0
  3
Divide (2x) ____  . .  ____  . .  ____  . .  ____
 72
65
 73
6
 40
6.604
 49
5.08
 74
0
 49
-0.508
 74
0
 49
0.0
 74
0
 49
-0.508
 74
0
 49
0.0
 74
0
 49
-0.508
 74
0
  0
LTYPE
  5
40
330
2
100
AcDbSymbolTableRecord
100
AcDbLinetypeTableRecord
  2
DIVIDE2
 70
0
  3
Divide(.5x) _ . _ . _ . _ . _ . _ . _ . _
 72
65
 73
6
 40
2.032
 49
1.27
 74
0
 49
-0.254
 74
0
 49
0.0
 74
0
 49
-0.254
 74
0
 49
0.0
 74
0
 49
-0.254
 74
0
  0
ENDTAB
  0
TABLE
  2
LAYER
  5
1
330
0
100
AcDbSymbolTable
 70
19
  0
LAYER
  5
27
330
1
100
AcDbSymbolTableRecord
100
AcDbLayerTableRecord
  2
0
 70
0
 62
7
  6
Continuous
370
-3
390
13
347
21
  0
LAYER
  5
28
330
1
100
AcDbSymbolTableRecord
100
AcDbLayerTableRecord
  2
Defpoints
 70
0
 62
7
  6
Continuous
290
0
370
-3
390
13
347
21
  0
LAYER
  5
8B
330
1
100
AcDbSymbolTableRecord
100
AcDbLayerTableRecord
  2
A-WALL
 70
0
 62
7
  6
Continuous
370
35
390
13
347
21
  0
LAYER
  5
8C
330
1
100
AcDbSymbolTableRecord
100
AcDbLayerTableRecord
  2
A-WIND
 70
0
 62
4
  6
Continuous
370
18
390
13
347
21
  0
LAYER
  5
8D
330
1
100
AcDbSymbolTableRecord
100
AcDbLayerTableRecord
  2
A-DOOR
 70
0
 62
3
  6
Continuous
370
18
390
13
347
21
  0
LAYER
  5
8E
330
1
100
AcDbSymbolTableRecord
100
AcDbLayerTableRecord
  2
A-FLOR
 70
0
 62
8
  6
Continuous
370
13
390
13
347
21
  0
LAYER
  5
8F
330
1
100
AcDbSymbolTableRecord
100
AcDbLayerTableRecord
  2
A-FURN
 70
0
 62
8
  6
Continuous
370
13
390
13
347
21
  0
LAYER
  5
90
330
1
100
AcDbSymbolTableRecord
100
AcDbLayerTableRecord
  2
A-ANNO
 70
0
 62
7
  6
Continuous
370
18
390
13
347
21
  0
LAYER
  5
91
330
1
100
AcDbSymbolTableRecord
100
AcDbLayerTableRecord
  2
A-DIMS
 70
0
 62
7
  6
Continuous
370
13
390
13
347
21
  0
LAYER
  5
92
330
1
100
AcDbSymbolTableRecord
100
AcDbLayerTableRecord
  2
A-STAIR
 70
0
 62
7
  6
Continuous
370
18
390
13
347
21
  0
LAYER
  5
93
330
1
100
AcDbSymbolTableRecord
100
AcDbLayerTableRecord
  2
A-SITE
 70
0
 62
8
  6
Continuous
370
18
390
13
347
21
  0
LAYER
  5
94
330
1
100
AcDbSymbolTableRecord
100
AcDbLayerTableRecord
  2
A-TAGS
 70
0
 62
1
  6
Continuous
370
13
390
13
347
21
  0
LAYER
  5
95
330
1
100
AcDbSymbolTableRecord
100
AcDbLayerTableRecord
  2
A-GRID
 70
0
 62
8
  6
Continuous
370
13
390
13
347
21
  0
LAYER
  5
96
330
1
100
AcDbSymbolTableRecord
100
AcDbLayerTableRecord
  2
A-LEVL
 70
0
 62
7
  6
Continuous
370
13
390
13
347
21
  0
LAYER
  5
97
330
1
100
AcDbSymbolTableRecord
100
AcDbLayerTableRecord
  2
A-SECT
 70
0
 62
1
  6
Continuous
370
35
390
13
347
21
  0
LAYER
  5
98
330
1
100
AcDbSymbolTableRecord
100
AcDbLayerTableRecord
  2
A-EXT
 70
0
 62
30
  6
Continuous
370
18
390
13
347
21
  0
LAYER
  5
99
330
1
100
AcDbSymbolTableRecord
100
AcDbLayerTableRecord
  2
A-GATE
 70
0
 62
30
  6
Continuous
370
18
390
13
347
21
  0
LAYER
  5
9A
330
1
100
AcDbSymbolTableRecord
100
AcDbLayerTableRecord
  2
A-LAND
 70
0
 62
3
  6
Continuous
370
13
390
13
347
21
  0
LAYER
  5
9B
330
1
100
AcDbSymbolTableRecord
100
AcDbLayerTableRecord
  2
S-GRID
 70
0
 62
8
  6
Continuous
370
13
390
13
347
21
  0
ENDTAB
  0
TABLE
  2
STYLE
  5
5
330
0
100
AcDbSymbolTable
 70
26
  0
STYLE
  5
29
330
5
100
AcDbSymbolTableRecord
100
AcDbTextStyleTableRecord
  2
Standard
 70
0
 40
0.0
 41
1.0
 50
0.0
 71
0
 42
2.5
  3
txt
  4

  0
STYLE
  5
41
330
5
100
AcDbSymbolTableRecord
100
AcDbTextStyleTableRecord
  2
OpenSans-Light
 70
0
 40
0.0
 41
1.0
 50
0.0
 71
0
 42
2.5
  3
OpenSans-Light.ttf
  4

  0
STYLE
  5
42
330
5
100
AcDbSymbolTableRecord
100
AcDbTextStyleTableRecord
  2
OpenSans-Light-Italic
 70
0
 40
0.0
 41
1.0
 50
0.0
 71
0
 42
2.5
  3
OpenSans-LightItalic.ttf
  4

  0
STYLE
  5
43
330
5
100
AcDbSymbolTableRecord
100
AcDbTextStyleTableRecord
  2
OpenSans
 70
0
 40
0.0
 41
1.0
 50
0.0
 71
0
 42
2.5
  3
OpenSans-Regular.ttf
  4

  0
STYLE
  5
44
330
5
100
AcDbSymbolTableRecord
100
AcDbTextStyleTableRecord
  2
OpenSans-Italic
 70
0
 40
0.0
 41
1.0
 50
0.0
 71
0
 42
2.5
  3
OpenSans-Italic.ttf
  4

  0
STYLE
  5
45
330
5
100
AcDbSymbolTableRecord
100
AcDbTextStyleTableRecord
  2
OpenSans-SemiBold
 70
0
 40
0.0
 41
1.0
 50
0.0
 71
0
 42
2.5
  3
OpenSans-SemiBold.ttf
  4

  0
STYLE
  5
46
330
5
100
AcDbSymbolTableRecord
100
AcDbTextStyleTableRecord
  2
OpenSans-SemiBoldItalic
 70
0
 40
0.0
 41
1.0
 50
0.0
 71
0
 42
2.5
  3
OpenSans-SemiBoldItalic.ttf
  4

  0
STYLE
  5
47
330
5
100
AcDbSymbolTableRecord
100
AcDbTextStyleTableRecord
  2
OpenSans-Bold
 70
0
 40
0.0
 41
1.0
 50
0.0
 71
0
 42
2.5
  3
OpenSans-Bold.ttf
  4

  0
STYLE
  5
48
330
5
100
AcDbSymbolTableRecord
100
AcDbTextStyleTableRecord
  2
OpenSans-BoldItalic
 70
0
 40
0.0
 41
1.0
 50
0.0
 71
0
 42
2.5
  3
OpenSans-BoldItalic.ttf
  4

  0
STYLE
  5
49
330
5
100
AcDbSymbolTableRecord
100
AcDbTextStyleTableRecord
  2
OpenSans-ExtraBold
 70
0
 40
0.0
 41
1.0
 50
0.0
 71
0
 42
2.5
  3
OpenSans-ExtraBold.ttf
  4

  0
STYLE
  5
4A
330
5
100
AcDbSymbolTableRecord
100
AcDbTextStyleTableRecord
  2
OpenSans-ExtraBoldItalic
 70
0
 40
0.0
 41
1.0
 50
0.0
 71
0
 42
2.5
  3
OpenSans-ExtraBoldItalic.ttf
  4

  0
STYLE
  5
4B
330
5
100
AcDbSymbolTableRecord
100
AcDbTextStyleTableRecord
  2
OpenSansCondensed-Bold
 70
0
 40
0.0
 41
1.0
 50
0.0
 71
0
 42
2.5
  3
OpenSansCondensed-Bold.ttf
  4

  0
STYLE
  5
4C
330
5
100
AcDbSymbolTableRecord
100
AcDbTextStyleTableRecord
  2
OpenSansCondensed-Light
 70
0
 40
0.0
 41
1.0
 50
0.0
 71
0
 42
2.5
  3
OpenSansCondensed-Light.ttf
  4

  0
STYLE
  5
4D
330
5
100
AcDbSymbolTableRecord
100
AcDbTextStyleTableRecord
  2
OpenSansCondensed-Italic
 70
0
 40
0.0
 41
1.0
 50
0.0
 71
0
 42
2.5
  3
OpenSansCondensed-LightItalic.ttf
  4

  0
STYLE
  5
4E
330
5
100
AcDbSymbolTableRecord
100
AcDbTextStyleTableRecord
  2
LiberationSans
 70
0
 40
0.0
 41
1.0
 50
0.0
 71
0
 42
2.5
  3
LiberationSans-Regular.ttf
  4

  0
STYLE
  5
4F
330
5
100
AcDbSymbolTableRecord
100
AcDbTextStyleTableRecord
  2
LiberationSans-Bold
 70
0
 40
0.0
 41
1.0
 50
0.0
 71
0
 42
2.5
  3
LiberationSans-Bold.ttf
  4

  0
STYLE
  5
50
330
5
100
AcDbSymbolTableRecord
100
AcDbTextStyleTableRecord
  2
LiberationSans-BoldItalic
 70
0
 40
0.0
 41
1.0
 50
0.0
 71
0
 42
2.5
  3
LiberationSans-BoldItalic.ttf
  4

  0
STYLE
  5
51
330
5
100
AcDbSymbolTableRecord
100
AcDbTextStyleTableRecord
  2
LiberationSans-Italic
 70
0
 40
0.0
 41
1.0
 50
0.0
 71
0
 42
2.5
  3
LiberationSans-Italic.ttf
  4

  0
STYLE
  5
52
330
5
100
AcDbSymbolTableRecord
100
AcDbTextStyleTableRecord
  2
LiberationSerif
 70
0
 40
0.0
 41
1.0
 50
0.0
 71
0
 42
2.5
  3
LiberationSerif-Regular.ttf
  4

  0
STYLE
  5
53
330
5
100
AcDbSymbolTableRecord
100
AcDbTextStyleTableRecord
  2
LiberationSerif-Bold
 70
0
 40
0.0
 41
1.0
 50
0.0
 71
0
 42
2.5
  3
LiberationSerif-Bold.ttf
  4

  0
STYLE
  5
54
330
5
100
AcDbSymbolTableRecord
100
AcDbTextStyleTableRecord
  2
LiberationSerif-BoldItalic
 70
0
 40
0.0
 41
1.0
 50
0.0
 71
0
 42
2.5
  3
LiberationSerif-BoldItalic.ttf
  4

  0
STYLE
  5
55
330
5
100
AcDbSymbolTableRecord
100
AcDbTextStyleTableRecord
  2
LiberationSerif-Italic
 70
0
 40
0.0
 41
1.0
 50
0.0
 71
0
 42
2.5
  3
LiberationSerif-Italic.ttf
  4

  0
STYLE
  5
56
330
5
100
AcDbSymbolTableRecord
100
AcDbTextStyleTableRecord
  2
LiberationMono
 70
0
 40
0.0
 41
1.0
 50
0.0
 71
0
 42
2.5
  3
LiberationMono-Regular.ttf
  4

  0
STYLE
  5
57
330
5
100
AcDbSymbolTableRecord
100
AcDbTextStyleTableRecord
  2
LiberationMono-Bold
 70
0
 40
0.0
 41
1.0
 50
0.0
 71
0
 42
2.5
  3
LiberationMono-Bold.ttf
  4

  0
STYLE
  5
58
330
5
100
AcDbSymbolTableRecord
100
AcDbTextStyleTableRecord
  2
LiberationMono-BoldItalic
 70
0
 40
0.0
 41
1.0
 50
0.0
 71
0
 42
2.5
  3
LiberationMono-BoldItalic.ttf
  4

  0
STYLE
  5
59
330
5
100
AcDbSymbolTableRecord
100
AcDbTextStyleTableRecord
  2
LiberationMono-Italic
 70
0
 40
0.0
 41
1.0
 50
0.0
 71
0
 42
2.5
  3
LiberationMono-Italic.ttf
  4

  0
ENDTAB
  0
TABLE
  2
VIEW
  5
7
330
0
100
AcDbSymbolTable
 70
0
  0
ENDTAB
  0
TABLE
  2
UCS
  5
6
330
0
100
AcDbSymbolTable
 70
0
  0
ENDTAB
  0
TABLE
  2
APPID
  5
3
330
0
100
AcDbSymbolTable
 70
4
  0
APPID
  5
2A
330
3
100
AcDbSymbolTableRecord
100
AcDbRegAppTableRecord
  2
ACAD
 70
0
  0
APPID
  5
9D
330
3
100
AcDbSymbolTableRecord
100
AcDbRegAppTableRecord
  2
FLOORFORGE
 70
0
  0
APPID
  5
67E
330
3
100
AcDbSymbolTableRecord
100
AcDbRegAppTableRecord
  2
HATCHBACKGROUNDCOLOR
 70
0
  0
APPID
  5
67F
330
3
100
AcDbSymbolTableRecord
100
AcDbRegAppTableRecord
  2
EZDXF
 70
0
  0
ENDTAB
  0
TABLE
  2
DIMSTYLE
  5
4
330
0
100
AcDbSymbolTable
 70
13
100
AcDbDimStyleTable
  0
DIMSTYLE
105
2B
330
4
100
AcDbSymbolTableRecord
100
AcDbDimStyleTableRecord
  2
Standard
 70
0
 40
1.0
 41
2.5
 42
0.625
 43
3.75
 44
1.25
 45
0.0
 46
0.0
 47
0.0
 48
0.0
 49
2.5
140
2.5
141
2.5
142
0.0
143
0.03937007874
144
1.0
145
0.0
146
1.0
147
0.625
148
0.0
 69
0
 70
0
 71
0
 72
0
 73
0
 74
0
 75
0
 76
0
 77
1
 78
8
 79
3
170
0
171
3
172
1
173
0
174
0
175
0
176
0
177
0
178
0
179
2
271
2
272
2
273
2
274
3
275
0
276
0
277
2
278
44
279
0
280
0
281
0
282
0
283
0
284
8
285
0
286
0
288
0
289
3
290
0
371
-2
372
-2
  0
DIMSTYLE
105
73
330
4
100
AcDbSymbolTableRecord
100
AcDbDimStyleTableRecord
  2
EZDXF
 70
0
 40
1.0
 41
0.175
 42
0.125
 43
3.75
 44
0.375
 45
0.0
 46
0.0
 47
0.0
 48
0.0
 49
2.5
140
0.25
141
2.5
142
0.0
143
0.03937007874
144
100.0
145
0.0
146
0.5
147
0.1
148
0.0
 69
0
 70
0
 71
0
 72
0
 73
0
 74
0
 75
0
 76
0
 77
1
 78
12
 79
3
170
0
171
3
172
1
173
0
174
0
175
0
176
0
177
0
178
0
179
2
271
2
272
2
273
2
274
3
275
0
276
0
277
2
278
46
279
2
280
0
281
0
282
0
283
0
284
8
285
0
286
0
288
1
289
3
290
0
340
4C
342
74
371
-2
372
-2
  0
DIMSTYLE
105
7C
330
4
100
AcDbSymbolTableRecord
100
AcDbDimStyleTableRecord
  2
EZ_M_100_H25_CM
 70
0
 40
1.0
 41
0.25
 42
0.125
 43
3.75
 44
0.375
 45
0.0
 46
0.0
 47
0.0
 48
0.0
 49
2.5
140
0.25
141
2.5
142
0.125
143
0.03937007874
144
100.0
145
0.0
146
0.5
147
0.1
148
0.0
 69
0
 70
0
 71
0
 72
0
 73
0
 74
0
 75
0
 76
0
 77
1
 78
12
 79
3
170
0
171
3
172
1
173
0
174
0
175
0
176
0
177
0
178
0
179
2
271
2
272
2
273
2
274
3
275
0
276
0
277
2
278
46
279
2
280
0
281
0
282
0
283
0
284
8
285
0
286
0
288
1
289
3
290
0
340
4C
371
-2
372
-2
  0
DIMSTYLE
105
7D
330
4
100
AcDbSymbolTableRecord
100
AcDbDimStyleTableRecord
  2
EZ_M_50_H25_CM
 70
0
 40
1.0
 41
0.125
 42
0.0625
 43
3.75
 44
0.1875
 45
0.0
 46
0.0
 47
0.0
 48
0.0
 49
2.5
140
0.125
141
2.5
142
0.0625
143
0.03937007874
144
100.0
145
0.0
146
0.5
147
0.05
148
0.0
 69
0
 70
0
 71
0
 72
0
 73
0
 74
0
 75
0
 76
0
 77
1
 78
12
 79
3
170
0
171
3
172
1
173
0
174
0
175
0
176
0
177
0
178
0
179
2
271
2
272
2
273
2
274
3
275
0
276
0
277
2
278
46
279
2
280
0
281
0
282
0
283
0
284
8
285
0
286
0
288
1
289
3
290
0
340
4C
371
-2
372
-2
  0
DIMSTYLE
105
7E
330
4
100
AcDbSymbolTableRecord
100
AcDbDimStyleTableRecord
  2
EZ_M_25_H25_CM
 70
0
 40
1.0
 41
0.0625
 42
0.03125
 43
3.75
 44
0.09375
 45
0.0
 46
0.0
 47
0.0
 48
0.0
 49
2.5
140
0.0625
141
2.5
142
0.03125
143
0.03937007874
144
100.0
145
0.0
146
0.5
147
0.025
148
0.0
 69
0
 70
0
 71
0
 72
0
 73
0
 74
0
 75
0
 76
0
 77
1
 78
12
 79
3
170
0
171
3
172
1
173
0
174
0
175
0
176
0
177
0
178
0
179
2
271
2
272
2
273
2
274
3
275
0
276
0
277
2
278
46
279
2
280
0
281
0
282
0
283
0
284
8
285
0
286
0
288
1
289
3
290
0
340
4C
371
-2
372
-2
  0
DIMSTYLE
105
7F
330
4
100
AcDbSymbolTableRecord
100
AcDbDimStyleTableRecord
  2
EZ_M_20_H25_CM
 70
0
 40
1.0
 41
0.05
 42
0.025
 43
3.75
 44
0.07500000000000001
 45
0.0
 46
0.0
 47
0.0
 48
0.0
 49
2.5
140
0.05
141
2.5
142
0.025
143
0.03937007874
144
100.0
145
0.0
146
0.5
147
0.020000000000000004
148
0.0
 69
0
 70
0
 71
0
 72
0
 73
0
 74
0
 75
0
 76
0
 77
1
 78
12
 79
3
170
0
171
3
172
1
173
0
174
0
175
0
176
0
177
0
178
0
179
2
271
2
272
2
273
2
274
3
275
0
276
0
277
2
278
46
279
2
280
0
281
0
282
0
283
0
284
8
285
0
286
0
288
1
289
3
290
0
340
4C
371
-2
372
-2
  0
DIMSTYLE
105
80
330
4
100
AcDbSymbolTableRecord
100
AcDbDimStyleTableRecord
  2
EZ_M_10_H25_CM
 70
0
 40
1.0
 41
0.025
 42
0.0125
 43
3.75
 44
0.037500000000000006
 45
0.0
 46
0.0
 47
0.0
 48
0.0
 49
2.5
140
0.025
141
2.5
142
0.0125
143
0.03937007874
144
100.0
145
0.0
146
0.5
147
0.010000000000000002
148
0.0
 69
0
 70
0
 71
0
 72
0
 73
0
 74
0
 75
0
 76
0
 77
1
 78
12
 79
3
170
0
171
3
172
1
173
0
174
0
175
0
176
0
177
0
178
0
179
2
271
2
272
2
273
2
274
3
275
0
276
0
277
2
278
46
279
2
280
0
281
0
282
0
283
0
284
8
285
0
286
0
288
1
289
3
290
0
340
4C
371
-2
372
-2
  0
DIMSTYLE
105
81
330
4
100
AcDbSymbolTableRecord
100
AcDbDimStyleTableRecord
  2
EZ_M_5_H25_CM
 70
0
 40
1.0
 41
0.0125
 42
0.00625
 43
3.75
 44
0.018750000000000003
 45
0.0
 46
0.0
 47
0.0
 48
0.0
 49
2.5
140
0.0125
141
2.5
142
0.00625
143
0.03937007874
144
100.0
145
0.0
146
0.5
147
0.005000000000000001
148
0.0
 69
0
 70
0
 71
0
 72
0
 73
0
 74
0
 75
0
 76
0
 77
1
 78
12
 79
3
170
0
171
3
172
1
173
0
174
0
175
0
176
0
177
0
178
0
179
2
271
2
272
2
273
2
274
3
275
0
276
0
277
2
278
46
279
2
280
0
281
0
282
0
283
0
284
8
285
0
286
0
288
1
289
3
290
0
340
4C
371
-2
372
-2
  0
DIMSTYLE
105
82
330
4
100
AcDbSymbolTableRecord
100
AcDbDimStyleTableRecord
  2
EZ_M_1_H25_CM
 70
0
 40
1.0
 41
0.0025
 42
0.00125
 43
3.75
 44
0.00375
 45
0.0
 46
0.0
 47
0.0
 48
0.0
 49
2.5
140
0.0025
141
2.5
142
0.00125
143
0.03937007874
144
100.0
145
0.0
146
0.5
147
0.001
148
0.0
 69
0
 70
0
 71
0
 72
0
 73
0
 74
0
 75
0
 76
0
 77
1
 78
12
 79
3
170
0
171
3
172
1
173
0
174
0
175
0
176
0
177
0
178
0
179
2
271
2
272
2
273
2
274
3
275
0
276
0
277
2
278
46
279
2
280
0
281
0
282
0
283
0
284
8
285
0
286
0
288
1
289
3
290
0
340
4C
371
-2
372
-2
  0
DIMSTYLE
105
83
330
4
100
AcDbSymbolTableRecord
100
AcDbDimStyleTableRecord
  2
EZ_RADIUS
 70
0
 40
1.0
 41
0.25
 42
0.125
 43
3.75
 44
0.375
 45
0.0
 46
0.0
 47
0.0
 48
0.0
 49
2.5
140
0.25
141
0.0
142
0.0
143
0.03937007874
144
100.0
145
0.0
146
0.5
147
0.1
148
0.0
 69
0
 70
0
 71
0
 72
0
 73
0
 74
0
 75
0
 76
0
 77
1
 78
12
 79
3
170
0
171
3
172
0
173
0
174
0
175
0
176
0
177
0
178
0
179
2
271
2
272
2
273
2
274
3
275
0
276
0
277
2
278
46
279
1
280
0
281
0
282
0
283
0
284
8
285
0
286
0
288
1
289
3
290
0
340
4C
342
84
371
-2
372
-2
  0
DIMSTYLE
105
88
330
4
100
AcDbSymbolTableRecord
100
AcDbDimStyleTableRecord
  2
EZ_RADIUS_INSIDE
 70
0
 40
1.0
 41
0.25
 42
0.125
 43
3.75
 44
0.375
 45
0.0
 46
0.0
 47
0.0
 48
0.0
 49
2.5
140
0.25
141
0.0
142
0.0
143
0.03937007874
144
100.0
145
0.0
146
0.5
147
0.1
148
0.0
 69
0
 70
0
 71
0
 72
0
 73
0
 74
0
 75
0
 76
0
 77
0
 78
12
 79
3
170
0
171
3
172
0
173
0
174
1
175
0
176
0
177
0
178
0
179
2
271
2
272
2
273
2
274
3
275
0
276
0
277
2
278
46
279
0
280
0
281
0
282
0
283
0
284
8
285
0
286
0
288
1
289
0
290
0
340
4C
342
84
371
-2
372
-2
  0
DIMSTYLE
105
89
330
4
100
AcDbSymbolTableRecord
100
AcDbDimStyleTableRecord
  2
EZ_CURVED
 70
0
 40
1.0
 41
0.25
 42
0.125
 43
3.75
 44
0.375
 45
0.0
 46
0.0
 47
0.0
 48
0.0
 49
2.5
140
0.25
141
2.5
142
0.0
143
0.03937007874
144
100.0
145
0.0
146
0.5
147
0.1
148
0.0
 69
0
 70
0
 71
0
 72
0
 73
0
 74
0
 75
0
 76
0
 77
1
 78
12
 79
2
 90
2
170
0
171
3
172
1
173
0
174
0
175
0
176
0
177
0
178
0
179
2
271
2
272
2
273
2
274
3
275
0
276
0
277
2
278
46
279
2
280
0
281
0
282
0
283
0
284
8
285
0
286
0
288
1
289
3
290
0
340
4C
371
-2
372
-2
  0
DIMSTYLE
105
9C
330
4
100
AcDbSymbolTableRecord
100
AcDbDimStyleTableRecord
  2
FF-ARCH
 70
0
 40
1.0
 41
90.0
 42
120.0
 43
3.75
 44
120.0
 45
0.0
 46
0.0
 47
0.0
 48
0.0
 49
2.5
140
180.0
141
2.5
142
60.0
143
0.03937007874
144
1.0
145
0.0
146
1.0
147
60.0
148
0.0
 69
0
 70
0
 71
0
 72
0
 73
0
 74
0
 75
0
 76
0
 77
1
 78
8
 79
3
170
0
171
3
172
1
173
0
174
0
175
0
176
0
177
0
178
0
179
2
271
0
272
2
273
2
274
3
275
0
276
0
277
2
278
44
279
0
280
0
281
0
282
0
283
0
284
8
285
0
286
0
288
0
289
3
290
0
371
-2
372
-2
  0
ENDTAB
  0
TABLE
  2
BLOCK_RECORD
  5
9
330
0
100
AcDbSymbolTable
 70
59
  0
BLOCK_RECORD
  5
17
330
9
100
AcDbSymbolTableRecord
100
AcDbBlockTableRecord
  2
*Model_Space
340
1A
 70
0
280
1
281
0
  0
BLOCK_RECORD
  5
1B
330
9
100
AcDbSymbolTableRecord
100
AcDbBlockTableRecord
  2
*Paper_Space
340
1E
 70
0
280
1
281
0
  0
BLOCK_RECORD
  5
74
330
9
100
AcDbSymbolTableRecord
100
AcDbBlockTableRecord
  2
_ARCHTICK
340
0
 70
0
280
1
281
0
  0
BLOCK_RECORD
  5
78
330
9
100
AcDbSymbolTableRecord
100
AcDbBlockTableRecord
  2
_CLOSEDFILLED
340
0
 70
0
280
1
281
0
  0
BLOCK_RECORD
  5
84
330
9
100
AcDbSymbolTableRecord
100
AcDbBlockTableRecord
  2
_CLOSEDBLANK
340
0
 70
0
280
1
281
0
  0
BLOCK_RECORD
  5
1EA
330
9
100
AcDbSymbolTableRecord
100
AcDbBlockTableRecord
  2
*D1
340
0
 70
0
280
1
281
0
  0
BLOCK_RECORD
  5
1EF
330
9
100
AcDbSymbolTableRecord
100
AcDbBlockTableRecord
  2
_OBLIQUE
340
0
 70
0
280
1
281
0
  0
BLOCK_RECORD
  5
1FD
330
9
100
AcDbSymbolTableRecord
100
AcDbBlockTableRecord
  2
*D2
340
0
 70
0
280
1
281
0
  0
BLOCK_RECORD
  5
20C
330
9
100
AcDbSymbolTableRecord
100
AcDbBlockTableRecord
  2
*D3
340
0
 70
0
280
1
281
0
  0
BLOCK_RECORD
  5
21B
330
9
100
AcDbSymbolTableRecord
100
AcDbBlockTableRecord
  2
*D4
340
0
 70
0
280
1
281
0
  0
BLOCK_RECORD
  5
22A
330
9
100
AcDbSymbolTableRecord
100
AcDbBlockTableRecord
  2
*D5
340
0
 70
0
280
1
281
0
  0
BLOCK_RECORD
  5
239
330
9
100
AcDbSymbolTableRecord
100
AcDbBlockTableRecord
  2
*D6
340
0
 70
0
280
1
281
0
  0
BLOCK_RECORD
  5
248
330
9
100
AcDbSymbolTableRecord
100
AcDbBlockTableRecord
  2
*D7
340
0
 70
0
280
1
281
0
  0
BLOCK_RECORD
  5
257
330
9
100
AcDbSymbolTableRecord
100
AcDbBlockTableRecord
  2
*D8
340
0
 70
0
280
1
281
0
  0
BLOCK_RECORD
  5
266
330
9
100
AcDbSymbolTableRecord
100
AcDbBlockTableRecord
  2
*D9
340
0
 70
0
280
1
281
0
  0
BLOCK_RECORD
  5
275
330
9
100
AcDbSymbolTableRecord
100
AcDbBlockTableRecord
  2
*D10
340
0
 70
0
280
1
281
0
  0
BLOCK_RECORD
  5
284
330
9
100
AcDbSymbolTableRecord
100
AcDbBlockTableRecord
  2
*D11
340
0
 70
0
280
1
281
0
  0
BLOCK_RECORD
  5
293
330
9
100
AcDbSymbolTableRecord
100
AcDbBlockTableRecord
  2
*D12
340
0
 70
0
280
1
281
0
  0
BLOCK_RECORD
  5
2A2
330
9
100
AcDbSymbolTableRecord
100
AcDbBlockTableRecord
  2
*D13
340
0
 70
0
280
1
281
0
  0
BLOCK_RECORD
  5
2B1
330
9
100
AcDbSymbolTableRecord
100
AcDbBlockTableRecord
  2
*D14
340
0
 70
0
280
1
281
0
  0
BLOCK_RECORD
  5
2C0
330
9
100
AcDbSymbolTableRecord
100
AcDbBlockTableRecord
  2
*D15
340
0
 70
0
280
1
281
0
  0
BLOCK_RECORD
  5
2CF
330
9
100
AcDbSymbolTableRecord
100
AcDbBlockTableRecord
  2
*D16
340
0
 70
0
280
1
281
0
  0
BLOCK_RECORD
  5
2DE
330
9
100
AcDbSymbolTableRecord
100
AcDbBlockTableRecord
  2
*D17
340
0
 70
0
280
1
281
0
  0
BLOCK_RECORD
  5
2ED
330
9
100
AcDbSymbolTableRecord
100
AcDbBlockTableRecord
  2
*D18
340
0
 70
0
280
1
281
0
  0
BLOCK_RECORD
  5
2FC
330
9
100
AcDbSymbolTableRecord
100
AcDbBlockTableRecord
  2
*D19
340
0
 70
0
280
1
281
0
  0
BLOCK_RECORD
  5
30B
330
9
100
AcDbSymbolTableRecord
100
AcDbBlockTableRecord
  2
*D20
340
0
 70
0
280
1
281
0
  0
BLOCK_RECORD
  5
31A
330
9
100
AcDbSymbolTableRecord
100
AcDbBlockTableRecord
  2
*D21
340
0
 70
0
280
1
281
0
  0
BLOCK_RECORD
  5
329
330
9
100
AcDbSymbolTableRecord
100
AcDbBlockTableRecord
  2
*D22
340
0
 70
0
280
1
281
0
  0
BLOCK_RECORD
  5
338
330
9
100
AcDbSymbolTableRecord
100
AcDbBlockTableRecord
  2
*D23
340
0
 70
0
280
1
281
0
  0
BLOCK_RECORD
  5
347
330
9
100
AcDbSymbolTableRecord
100
AcDbBlockTableRecord
  2
*D24
340
0
 70
0
280
1
281
0
  0
BLOCK_RECORD
  5
356
330
9
100
AcDbSymbolTableRecord
100
AcDbBlockTableRecord
  2
*D25
340
0
 70
0
280
1
281
0
  0
BLOCK_RECORD
  5
365
330
9
100
AcDbSymbolTableRecord
100
AcDbBlockTableRecord
  2
*D26
340
0
 70
0
280
1
281
0
  0
BLOCK_RECORD
  5
374
330
9
100
AcDbSymbolTableRecord
100
AcDbBlockTableRecord
  2
*D27
340
0
 70
0
280
1
281
0
  0
BLOCK_RECORD
  5
383
330
9
100
AcDbSymbolTableRecord
100
AcDbBlockTableRecord
  2
*D28
340
0
 70
0
280
1
281
0
  0
BLOCK_RECORD
  5
392
330
9
100
AcDbSymbolTableRecord
100
AcDbBlockTableRecord
  2
*D29
340
0
 70
0
280
1
281
0
  0
BLOCK_RECORD
  5
3D5
330
9
100
AcDbSymbolTableRecord
100
AcDbBlockTableRecord
  2
*Paper_Space0
340
3D8
 70
0
280
1
281
0
  0
BLOCK_RECORD
  5
4D6
330
9
100
AcDbSymbolTableRecord
100
AcDbBlockTableRecord
  2
*D30
340
0
 70
0
280
1
281
0
  0
BLOCK_RECORD
  5
4E5
330
9
100
AcDbSymbolTableRecord
100
AcDbBlockTableRecord
  2
*D31
340
0
 70
0
280
1
281
0
  0
BLOCK_RECORD
  5
4F4
330
9
100
AcDbSymbolTableRecord
100
AcDbBlockTableRecord
  2
*D32
340
0
 70
0
280
1
281
0
  0
BLOCK_RECORD
  5
503
330
9
100
AcDbSymbolTableRecord
100
AcDbBlockTableRecord
  2
*D33
340
0
 70
0
280
1
281
0
  0
BLOCK_RECORD
  5
512
330
9
100
AcDbSymbolTableRecord
100
AcDbBlockTableRecord
  2
*D34
340
0
 70
0
280
1
281
0
  0
BLOCK_RECORD
  5
521
330
9
100
AcDbSymbolTableRecord
100
AcDbBlockTableRecord
  2
*D35
340
0
 70
0
280
1
281
0
  0
BLOCK_RECORD
  5
530
330
9
100
AcDbSymbolTableRecord
100
AcDbBlockTableRecord
  2
*D36
340
0
 70
0
280
1
281
0
  0
BLOCK_RECORD
  5
53F
330
9
100
AcDbSymbolTableRecord
100
AcDbBlockTableRecord
  2
*D37
340
0
 70
0
280
1
281
0
  0
BLOCK_RECORD
  5
54E
330
9
100
AcDbSymbolTableRecord
100
AcDbBlockTableRecord
  2
*D38
340
0
 70
0
280
1
281
0
  0
BLOCK_RECORD
  5
55D
330
9
100
AcDbSymbolTableRecord
100
AcDbBlockTableRecord
  2
*D39
340
0
 70
0
280
1
281
0
  0
BLOCK_RECORD
  5
56C
330
9
100
AcDbSymbolTableRecord
100
AcDbBlockTableRecord
  2
*D40
340
0
 70
0
280
1
281
0
  0
BLOCK_RECORD
  5
57B
330
9
100
AcDbSymbolTableRecord
100
AcDbBlockTableRecord
  2
*D41
340
0
 70
0
280
1
281
0
  0
BLOCK_RECORD
  5
58A
330
9
100
AcDbSymbolTableRecord
100
AcDbBlockTableRecord
  2
*D42
340
0
 70
0
280
1
281
0
  0
BLOCK_RECORD
  5
599
330
9
100
AcDbSymbolTableRecord
100
AcDbBlockTableRecord
  2
*D43
340
0
 70
0
280
1
281
0
  0
BLOCK_RECORD
  5
5A8
330
9
100
AcDbSymbolTableRecord
100
AcDbBlockTableRecord
  2
*D44
340
0
 70
0
280
1
281
0
  0
BLOCK_RECORD
  5
5B7
330
9
100
AcDbSymbolTableRecord
100
AcDbBlockTableRecord
  2
*D45
340
0
 70
0
280
1
281
0
  0
BLOCK_RECORD
  5
5C6
330
9
100
AcDbSymbolTableRecord
100
AcDbBlockTableRecord
  2
*D46
340
0
 70
0
280
1
281
0
  0
BLOCK_RECORD
  5
600
330
9
100
AcDbSymbolTableRecord
100
AcDbBlockTableRecord
  2
*Paper_Space1
340
603
 70
0
280
1
281
0
  0
BLOCK_RECORD
  5
61F
330
9
100
AcDbSymbolTableRecord
100
AcDbBlockTableRecord
  2
*D47
340
0
 70
0
280
1
281
0
  0
BLOCK_RECORD
  5
62E
330
9
100
AcDbSymbolTableRecord
100
AcDbBlockTableRecord
  2
*D48
340
0
 70
0
280
1
281
0
  0
BLOCK_RECORD
  5
63D
330
9
100
AcDbSymbolTableRecord
100
AcDbBlockTableRecord
  2
*D49
340
0
 70
0
280
1
281
0
  0
BLOCK_RECORD
  5
64C
330
9
100
AcDbSymbolTableRecord
100
AcDbBlockTableRecord
  2
*D50
340
0
 70
0
280
1
281
0
  0
BLOCK_RECORD
  5
677
330
9
100
AcDbSymbolTableRecord
100
AcDbBlockTableRecord
  2
*Paper_Space2
340
67A
 70
0
280
1
281
0
  0
ENDTAB
  0
ENDSEC
  0
SECTION
  2
BLOCKS
  0
BLOCK
  5
18
330
17
100
AcDbEntity
  8
0
100
AcDbBlockBegin
  2
*Model_Space
 70
0
 10
0.0
 20
0.0
 30
0.0
  3
*Model_Space
  1

  0
ENDBLK
  5
19
330
17
100
AcDbEntity
  8
0
100
AcDbBlockEnd
  0
BLOCK
  5
1C
330
1B
100
AcDbEntity
  8
0
100
AcDbBlockBegin
  2
*Paper_Space
 70
0
 10
0.0
 20
0.0
 30
0.0
  3
*Paper_Space
  1

  0
ENDBLK
  5
1D
330
1B
100
AcDbEntity
  8
0
100
AcDbBlockEnd
  0
BLOCK
  5
75
330
74
100
AcDbEntity
  8
0
100
AcDbBlockBegin
  2
_ARCHTICK
 70
0
 10
0.0
 20
0.0
 30
0.0
  3
_ARCHTICK
  1

  0
LWPOLYLINE
  5
77
330
74
100
AcDbEntity
  8
0
  6
BYBLOCK
 62
0
100
AcDbPolyline
 90
2
 70
0
 43
0.15
 10
-0.5
 20
-0.5
 10
0.5
 20
0.5
  0
ENDBLK
  5
76
330
74
100
AcDbEntity
  8
0
100
AcDbBlockEnd
  0
BLOCK
  5
79
330
78
100
AcDbEntity
  8
0
100
AcDbBlockBegin
  2
_CLOSEDFILLED
 70
0
 10
0.0
 20
0.0
 30
0.0
  3
_CLOSEDFILLED
  1

  0
SOLID
  5
7B
330
78
100
AcDbEntity
  8
0
  6
BYBLOCK
 62
0
100
AcDbTrace
 10
-1.0
 20
0.16439898372402537
 30
0.0
 11
0.0
 21
0.0
 31
0.0
 12
-1.0
 22
-0.16439898372402537
 32
0.0
 13
-1.0
 23
-0.16439898372402537
 33
0.0
  0
ENDBLK
  5
7A
330
78
100
AcDbEntity
  8
0
100
AcDbBlockEnd
  0
BLOCK
  5
85
330
84
100
AcDbEntity
  8
0
100
AcDbBlockBegin
  2
_CLOSEDBLANK
 70
0
 10
0.0
 20
0.0
 30
0.0
  3
_CLOSEDBLANK
  1

  0
LWPOLYLINE
  5
87
330
84
100
AcDbEntity
  8
0
  6
BYBLOCK
 62
0
100
AcDbPolyline
 90
3
 70
1
 10
-1.0
 20
0.16439898372402537
 10
0.0
 20
0.0
 10
-1.0
 20
-0.16439898372402537
  0
ENDBLK
  5
86
330
84
100
AcDbEntity
  8
0
100
AcDbBlockEnd
  0
BLOCK
  5
1EB
330
1EA
100
AcDbEntity
  8
0
100
AcDbBlockBegin
  2
*D1
 70
1
 10
0.0
 20
0.0
 30
0.0
  3
*D1
  1

  0
LINE
  5
1ED
330
1EA
100
AcDbEntity
  8
0
100
AcDbLine
 10
0.0
 20
-119.99999999999999
 30
0.0
 11
0.0
 21
-2158.0
 31
0.0
  0
LINE
  5
1EE
330
1EA
100
AcDbEntity
  8
0
100
AcDbLine
 10
650.0
 20
-119.99999999999999
 30
0.0
 11
650.0
 21
-2158.0
 31
0.0
  0
INSERT
  5
1F3
330
1EA
100
AcDbEntity
  8
A-DIMS
100
AcDbBlockReference
  2
_OBLIQUE
 10
0.0
 20
-2038.0
 30
0.0
 41
120.0
 42
120.0
  0
INSERT
  5
1F5
330
1EA
100
AcDbEntity
  8
A-DIMS
100
AcDbBlockReference
  2
_OBLIQUE
 10
650.0
 20
-2038.0
 30
0.0
 41
120.0
 42
120.0
  0
LINE
  5
1F7
330
1EA
100
AcDbEntity
  8
0
100
AcDbLine
 10
0.0
 20
-2038.0
 30
0.0
 11
650.0
 21
-2038.0
 31
0.0
  0
MTEXT
  5
1F8
330
1EA
100
AcDbEntity
  8
A-DIMS
100
AcDbMText
 10
325.0
 20
-1888.0
 30
0.0
 40
180.0
 71
5
  1
650
  7
OpenSansCondensed-Light
  0
POINT
  5
1F9
330
1EA
100
AcDbEntity
  8
Defpoints
100
AcDbPoint
 10
0.0
 20
-2038.0
 30
0.0
  0
POINT
  5
1FA
330
1EA
100
AcDbEntity
  8
Defpoints
100
AcDbPoint
 10
0.0
 20
0.0
 30
0.0
  0
POINT
  5
1FB
330
1EA
100
AcDbEntity
  8
Defpoints
100
AcDbPoint
 10
650.0
 20
0.0
 30
0.0
  0
ENDBLK
  5
1EC
330
1EA
100
AcDbEntity
  8
0
100
AcDbBlockEnd
  0
BLOCK
  5
1F0
330
1EF
100
AcDbEntity
  8
0
100
AcDbBlockBegin
  2
_OBLIQUE
 70
0
 10
0.0
 20
0.0
 30
0.0
  3
_OBLIQUE
  1

  0
LINE
  5
1F2
330
1EF
100
AcDbEntity
  8
0
  6
BYBLOCK
 62
0
100
AcDbLine
 10
-0.5
 20
-0.5
 30
0.0
 11
0.5
 21
0.5
 31
0.0
  0
ENDBLK
  5
1F1
330
1EF
100
AcDbEntity
  8
0
100
AcDbBlockEnd
  0
BLOCK
  5
1FE
330
1FD
100
AcDbEntity
  8
0
100
AcDbBlockBegin
  2
*D2
 70
1
 10
0.0
 20
0.0
 30
0.0
  3
*D2
  1

  0
LINE
  5
200
330
1FD
100
AcDbEntity
  8
0
100
AcDbLine
 10
650.0
 20
-119.99999999999999
 30
0.0
 11
650.0
 21
-2158.0
 31
0.0
  0
LINE
  5
201
330
1FD
100
AcDbEntity
  8
0
100
AcDbLine
 10
2650.0
 20
-119.99999999999999
 30
0.0
 11
2650.0
 21
-2158.0
 31
0.0
  0
INSERT
  5
202
330
1FD
100
AcDbEntity
  8
A-DIMS
100
AcDbBlockReference
  2
_OBLIQUE
 10
650.0
 20
-2038.0
 30
0.0
 41
120.0
 42
120.0
  0
INSERT
  5
204
330
1FD
100
AcDbEntity
  8
A-DIMS
100
AcDbBlockReference
  2
_OBLIQUE
 10
2650.0
 20
-2038.0
 30
0.0
 41
120.0
 42
120.0
  0
LINE
  5
206
330
1FD
100
AcDbEntity
  8
0
100
AcDbLine
 10
650.0
 20
-2038.0
 30
0.0
 11
2650.0
 21
-2038.0
 31
0.0
  0
MTEXT
  5
207
330
1FD
100
AcDbEntity
  8
A-DIMS
100
AcDbMText
 10
1650.0
 20
-1888.0
 30
0.0
 40
180.0
 71
5
  1
2000
  7
OpenSansCondensed-Light
  0
POINT
  5
208
330
1FD
100
AcDbEntity
  8
Defpoints
100
AcDbPoint
 10
650.0
 20
-2038.0
 30
0.0
  0
POINT
  5
209
330
1FD
100
AcDbEntity
  8
Defpoints
100
AcDbPoint
 10
650.0
 20
0.0
 30
0.0
  0
POINT
  5
20A
330
1FD
100
AcDbEntity
  8
Defpoints
100
AcDbPoint
 10
2650.0
 20
0.0
 30
0.0
  0
ENDBLK
  5
1FF
330
1FD
100
AcDbEntity
  8
0
100
AcDbBlockEnd
  0
BLOCK
  5
20D
330
20C
100
AcDbEntity
  8
0
100
AcDbBlockBegin
  2
*D3
 70
1
 10
0.0
 20
0.0
 30
0.0
  3
*D3
  1

  0
LINE
  5
20F
330
20C
100
AcDbEntity
  8
0
100
AcDbLine
 10
2650.0
 20
-119.99999999999999
 30
0.0
 11
2650.0
 21
-2158.0
 31
0.0
  0
LINE
  5
210
330
20C
100
AcDbEntity
  8
0
100
AcDbLine
 10
5322.0
 20
-119.99999999999999
 30
0.0
 11
5322.0
 21
-2158.0
 31
0.0
  0
INSERT
  5
211
330
20C
100
AcDbEntity
  8
A-DIMS
100
AcDbBlockReference
  2
_OBLIQUE
 10
2650.0
 20
-2038.0
 30
0.0
 41
120.0
 42
120.0
  0
INSERT
  5
213
330
20C
100
AcDbEntity
  8
A-DIMS
100
AcDbBlockReference
  2
_OBLIQUE
 10
5322.0
 20
-2038.0
 30
0.0
 41
120.0
 42
120.0
  0
LINE
  5
215
330
20C
100
AcDbEntity
  8
0
100
AcDbLine
 10
2650.0
 20
-2038.0
 30
0.0
 11
5322.0
 21
-2038.0
 31
0.0
  0
MTEXT
  5
216
330
20C
100
AcDbEntity
  8
A-DIMS
100
AcDbMText
 10
3986.0
 20
-1888.0
 30
0.0
 40
180.0
 71
5
  1
2672
  7
OpenSansCondensed-Light
  0
POINT
  5
217
330
20C
100
AcDbEntity
  8
Defpoints
100
AcDbPoint
 10
2650.0
 20
-2038.0
 30
0.0
  0
POINT
  5
218
330
20C
100
AcDbEntity
  8
Defpoints
100
AcDbPoint
 10
2650.0
 20
0.0
 30
0.0
  0
POINT
  5
219
330
20C
100
AcDbEntity
  8
Defpoints
100
AcDbPoint
 10
5322.0
 20
0.0
 30
0.0
  0
ENDBLK
  5
20E
330
20C
100
AcDbEntity
  8
0
100
AcDbBlockEnd
  0
BLOCK
  5
21C
330
21B
100
AcDbEntity
  8
0
100
AcDbBlockBegin
  2
*D4
 70
1
 10
0.0
 20
0.0
 30
0.0
  3
*D4
  1

  0
LINE
  5
21E
330
21B
100
AcDbEntity
  8
0
100
AcDbLine
 10
5322.0
 20
-119.99999999999999
 30
0.0
 11
5322.0
 21
-2158.0
 31
0.0
  0
LINE
  5
21F
330
21B
100
AcDbEntity
  8
0
100
AcDbLine
 10
6322.0
 20
-119.99999999999999
 30
0.0
 11
6322.0
 21
-2158.0
 31
0.0
  0
INSERT
  5
220
330
21B
100
AcDbEntity
  8
A-DIMS
100
AcDbBlockReference
  2
_OBLIQUE
 10
5322.0
 20
-2038.0
 30
0.0
 41
120.0
 42
120.0
  0
INSERT
  5
222
330
21B
100
AcDbEntity
  8
A-DIMS
100
AcDbBlockReference
  2
_OBLIQUE
 10
6322.0
 20
-2038.0
 30
0.0
 41
120.0
 42
120.0
  0
LINE
  5
224
330
21B
100
AcDbEntity
  8
0
100
AcDbLine
 10
5322.0
 20
-2038.0
 30
0.0
 11
6322.0
 21
-2038.0
 31
0.0
  0
MTEXT
  5
225
330
21B
100
AcDbEntity
  8
A-DIMS
100
AcDbMText
 10
5822.0
 20
-1888.0
 30
0.0
 40
180.0
 71
5
  1
1000
  7
OpenSansCondensed-Light
  0
POINT
  5
226
330
21B
100
AcDbEntity
  8
Defpoints
100
AcDbPoint
 10
5322.0
 20
-2038.0
 30
0.0
  0
POINT
  5
227
330
21B
100
AcDbEntity
  8
Defpoints
100
AcDbPoint
 10
5322.0
 20
0.0
 30
0.0
  0
POINT
  5
228
330
21B
100
AcDbEntity
  8
Defpoints
100
AcDbPoint
 10
6322.0
 20
0.0
 30
0.0
  0
ENDBLK
  5
21D
330
21B
100
AcDbEntity
  8
0
100
AcDbBlockEnd
  0
BLOCK
  5
22B
330
22A
100
AcDbEntity
  8
0
100
AcDbBlockBegin
  2
*D5
 70
1
 10
0.0
 20
0.0
 30
0.0
  3
*D5
  1

  0
LINE
  5
22D
330
22A
100
AcDbEntity
  8
0
100
AcDbLine
 10
6322.0
 20
-119.99999999999999
 30
0.0
 11
6322.0
 21
-2158.0
 31
0.0
  0
LINE
  5
22E
330
22A
100
AcDbEntity
  8
0
100
AcDbLine
 10
6650.0
 20
-119.99999999999999
 30
0.0
 11
6650.0
 21
-2158.0
 31
0.0
  0
INSERT
  5
22F
330
22A
100
AcDbEntity
  8
A-DIMS
100
AcDbBlockReference
  2
_OBLIQUE
 10
6322.0
 20
-2038.0
 30
0.0
 41
120.0
 42
120.0
  0
INSERT
  5
231
330
22A
100
AcDbEntity
  8
A-DIMS
100
AcDbBlockReference
  2
_OBLIQUE
 10
6650.0
 20
-2038.0
 30
0.0
 41
120.0
 42
120.0
  0
LINE
  5
233
330
22A
100
AcDbEntity
  8
0
100
AcDbLine
 10
6322.0
 20
-2038.0
 30
0.0
 11
6650.0
 21
-2038.0
 31
0.0
  0
MTEXT
  5
234
330
22A
100
AcDbEntity
  8
A-DIMS
100
AcDbMText
 10
6486.0
 20
-1768.0
 30
0.0
 40
180.0
 71
5
  1
328
  7
OpenSansCondensed-Light
  0
POINT
  5
235
330
22A
100
AcDbEntity
  8
Defpoints
100
AcDbPoint
 10
6322.0
 20
-2038.0
 30
0.0
  0
POINT
  5
236
330
22A
100
AcDbEntity
  8
Defpoints
100
AcDbPoint
 10
6322.0
 20
0.0
 30
0.0
  0
POINT
  5
237
330
22A
100
AcDbEntity
  8
Defpoints
100
AcDbPoint
 10
6650.0
 20
0.0
 30
0.0
  0
ENDBLK
  5
22C
330
22A
100
AcDbEntity
  8
0
100
AcDbBlockEnd
  0
BLOCK
  5
23A
330
239
100
AcDbEntity
  8
0
100
AcDbBlockBegin
  2
*D6
 70
1
 10
0.0
 20
0.0
 30
0.0
  3
*D6
  1

  0
LINE
  5
23C
330
239
100
AcDbEntity
  8
0
100
AcDbLine
 10
6650.0
 20
-119.99999999999999
 30
0.0
 11
6650.0
 21
-2158.0
 31
0.0
  0
LINE
  5
23D
330
239
100
AcDbEntity
  8
0
100
AcDbLine
 10
7850.0
 20
-119.99999999999999
 30
0.0
 11
7850.0
 21
-2158.0
 31
0.0
  0
INSERT
  5
23E
330
239
100
AcDbEntity
  8
A-DIMS
100
AcDbBlockReference
  2
_OBLIQUE
 10
6650.0
 20
-2038.0
 30
0.0
 41
120.0
 42
120.0
  0
INSERT
  5
240
330
239
100
AcDbEntity
  8
A-DIMS
100
AcDbBlockReference
  2
_OBLIQUE
 10
7850.0
 20
-2038.0
 30
0.0
 41
120.0
 42
120.0
  0
LINE
  5
242
330
239
100
AcDbEntity
  8
0
100
AcDbLine
 10
6650.0
 20
-2038.0
 30
0.0
 11
7850.0
 21
-2038.0
 31
0.0
  0
MTEXT
  5
243
330
239
100
AcDbEntity
  8
A-DIMS
100
AcDbMText
 10
7250.0
 20
-1888.0
 30
0.0
 40
180.0
 71
5
  1
1200
  7
OpenSansCondensed-Light
  0
POINT
  5
244
330
239
100
AcDbEntity
  8
Defpoints
100
AcDbPoint
 10
6650.0
 20
-2038.0
 30
0.0
  0
POINT
  5
245
330
239
100
AcDbEntity
  8
Defpoints
100
AcDbPoint
 10
6650.0
 20
0.0
 30
0.0
  0
POINT
  5
246
330
239
100
AcDbEntity
  8
Defpoints
100
AcDbPoint
 10
7850.0
 20
0.0
 30
0.0
  0
ENDBLK
  5
23B
330
239
100
AcDbEntity
  8
0
100
AcDbBlockEnd
  0
BLOCK
  5
249
330
248
100
AcDbEntity
  8
0
100
AcDbBlockBegin
  2
*D7
 70
1
 10
0.0
 20
0.0
 30
0.0
  3
*D7
  1

  0
LINE
  5
24B
330
248
100
AcDbEntity
  8
0
100
AcDbLine
 10
7850.0
 20
-119.99999999999999
 30
0.0
 11
7850.0
 21
-2158.0
 31
0.0
  0
LINE
  5
24C
330
248
100
AcDbEntity
  8
0
100
AcDbLine
 10
8300.0
 20
-119.99999999999999
 30
0.0
 11
8300.0
 21
-2158.0
 31
0.0
  0
INSERT
  5
24D
330
248
100
AcDbEntity
  8
A-DIMS
100
AcDbBlockReference
  2
_OBLIQUE
 10
7850.0
 20
-2038.0
 30
0.0
 41
120.0
 42
120.0
  0
INSERT
  5
24F
330
248
100
AcDbEntity
  8
A-DIMS
100
AcDbBlockReference
  2
_OBLIQUE
 10
8300.0
 20
-2038.0
 30
0.0
 41
120.0
 42
120.0
  0
LINE
  5
251
330
248
100
AcDbEntity
  8
0
100
AcDbLine
 10
7850.0
 20
-2038.0
 30
0.0
 11
8300.0
 21
-2038.0
 31
0.0
  0
MTEXT
  5
252
330
248
100
AcDbEntity
  8
A-DIMS
100
AcDbMText
 10
8075.0
 20
-1768.0
 30
0.0
 40
180.0
 71
5
  1
450
  7
OpenSansCondensed-Light
  0
POINT
  5
253
330
248
100
AcDbEntity
  8
Defpoints
100
AcDbPoint
 10
7850.0
 20
-2038.0
 30
0.0
  0
POINT
  5
254
330
248
100
AcDbEntity
  8
Defpoints
100
AcDbPoint
 10
7850.0
 20
0.0
 30
0.0
  0
POINT
  5
255
330
248
100
AcDbEntity
  8
Defpoints
100
AcDbPoint
 10
8300.0
 20
0.0
 30
0.0
  0
ENDBLK
  5
24A
330
248
100
AcDbEntity
  8
0
100
AcDbBlockEnd
  0
BLOCK
  5
258
330
257
100
AcDbEntity
  8
0
100
AcDbBlockBegin
  2
*D8
 70
1
 10
0.0
 20
0.0
 30
0.0
  3
*D8
  1

  0
LINE
  5
25A
330
257
100
AcDbEntity
  8
0
100
AcDbLine
 10
8300.0
 20
-119.99999999999999
 30
0.0
 11
8300.0
 21
-2158.0
 31
0.0
  0
LINE
  5
25B
330
257
100
AcDbEntity
  8
0
100
AcDbLine
 10
9500.0
 20
-119.99999999999999
 30
0.0
 11
9500.0
 21
-2158.0
 31
0.0
  0
INSERT
  5
25C
330
257
100
AcDbEntity
  8
A-DIMS
100
AcDbBlockReference
  2
_OBLIQUE
 10
8300.0
 20
-2038.0
 30
0.0
 41
120.0
 42
120.0
  0
INSERT
  5
25E
330
257
100
AcDbEntity
  8
A-DIMS
100
AcDbBlockReference
  2
_OBLIQUE
 10
9500.0
 20
-2038.0
 30
0.0
 41
120.0
 42
120.0
  0
LINE
  5
260
330
257
100
AcDbEntity
  8
0
100
AcDbLine
 10
8300.0
 20
-2038.0
 30
0.0
 11
9500.0
 21
-2038.0
 31
0.0
  0
MTEXT
  5
261
330
257
100
AcDbEntity
  8
A-DIMS
100
AcDbMText
 10
8900.0
 20
-1888.0
 30
0.0
 40
180.0
 71
5
  1
1200
  7
OpenSansCondensed-Light
  0
POINT
  5
262
330
257
100
AcDbEntity
  8
Defpoints
100
AcDbPoint
 10
8300.0
 20
-2038.0
 30
0.0
  0
POINT
  5
263
330
257
100
AcDbEntity
  8
Defpoints
100
AcDbPoint
 10
8300.0
 20
0.0
 30
0.0
  0
POINT
  5
264
330
257
100
AcDbEntity
  8
Defpoints
100
AcDbPoint
 10
9500.0
 20
0.0
 30
0.0
  0
ENDBLK
  5
259
330
257
100
AcDbEntity
  8
0
100
AcDbBlockEnd
  0
BLOCK
  5
267
330
266
100
AcDbEntity
  8
0
100
AcDbBlockBegin
  2
*D9
 70
1
 10
0.0
 20
0.0
 30
0.0
  3
*D9
  1

  0
LINE
  5
269
330
266
100
AcDbEntity
  8
0
100
AcDbLine
 10
9500.0
 20
-119.99999999999999
 30
0.0
 11
9500.0
 21
-2158.0
 31
0.0
  0
LINE
  5
26A
330
266
100
AcDbEntity
  8
0
100
AcDbLine
 10
10668.0
 20
-119.99999999999999
 30
0.0
 11
10668.0
 21
-2158.0
 31
0.0
  0
INSERT
  5
26B
330
266
100
AcDbEntity
  8
A-DIMS
100
AcDbBlockReference
  2
_OBLIQUE
 10
9500.0
 20
-2038.0
 30
0.0
 41
120.0
 42
120.0
  0
INSERT
  5
26D
330
266
100
AcDbEntity
  8
A-DIMS
100
AcDbBlockReference
  2
_OBLIQUE
 10
10668.0
 20
-2038.0
 30
0.0
 41
120.0
 42
120.0
  0
LINE
  5
26F
330
266
100
AcDbEntity
  8
0
100
AcDbLine
 10
9500.0
 20
-2038.0
 30
0.0
 11
10668.0
 21
-2038.0
 31
0.0
  0
MTEXT
  5
270
330
266
100
AcDbEntity
  8
A-DIMS
100
AcDbMText
 10
10084.0
 20
-1888.0
 30
0.0
 40
180.0
 71
5
  1
1168
  7
OpenSansCondensed-Light
  0
POINT
  5
271
330
266
100
AcDbEntity
  8
Defpoints
100
AcDbPoint
 10
9500.0
 20
-2038.0
 30
0.0
  0
POINT
  5
272
330
266
100
AcDbEntity
  8
Defpoints
100
AcDbPoint
 10
9500.0
 20
0.0
 30
0.0
  0
POINT
  5
273
330
266
100
AcDbEntity
  8
Defpoints
100
AcDbPoint
 10
10668.0
 20
0.0
 30
0.0
  0
ENDBLK
  5
268
330
266
100
AcDbEntity
  8
0
100
AcDbBlockEnd
  0
BLOCK
  5
276
330
275
100
AcDbEntity
  8
0
100
AcDbBlockBegin
  2
*D10
 70
1
 10
0.0
 20
0.0
 30
0.0
  3
*D10
  1

  0
LINE
  5
278
330
275
100
AcDbEntity
  8
0
100
AcDbLine
 10
0.0
 20
-120.0
 30
0.0
 11
0.0
 21
-2608.0
 31
0.0
  0
LINE
  5
279
330
275
100
AcDbEntity
  8
0
100
AcDbLine
 10
10668.0
 20
-120.0
 30
0.0
 11
10668.0
 21
-2608.0
 31
0.0
  0
INSERT
  5
27A
330
275
100
AcDbEntity
  8
A-DIMS
100
AcDbBlockReference
  2
_OBLIQUE
 10
0.0
 20
-2488.0
 30
0.0
 41
120.0
 42
120.0
  0
INSERT
  5
27C
330
275
100
AcDbEntity
  8
A-DIMS
100
AcDbBlockReference
  2
_OBLIQUE
 10
10668.0
 20
-2488.0
 30
0.0
 41
120.0
 42
120.0
  0
LINE
  5
27E
330
275
100
AcDbEntity
  8
0
100
AcDbLine
 10
0.0
 20
-2488.0
 30
0.0
 11
10668.0
 21
-2488.0
 31
0.0
  0
MTEXT
  5
27F
330
275
100
AcDbEntity
  8
A-DIMS
100
AcDbMText
 10
5334.0
 20
-2338.0
 30
0.0
 40
180.0
 71
5
  1
10668
  7
OpenSansCondensed-Light
  0
POINT
  5
280
330
275
100
AcDbEntity
  8
Defpoints
100
AcDbPoint
 10
0.0
 20
-2488.0
 30
0.0
  0
POINT
  5
281
330
275
100
AcDbEntity
  8
Defpoints
100
AcDbPoint
 10
0.0
 20
0.0
 30
0.0
  0
POINT
  5
282
330
275
100
AcDbEntity
  8
Defpoints
100
AcDbPoint
 10
10668.0
 20
0.0
 30
0.0
  0
ENDBLK
  5
277
330
275
100
AcDbEntity
  8
0
100
AcDbBlockEnd
  0
BLOCK
  5
285
330
284
100
AcDbEntity
  8
0
100
AcDbBlockBegin
  2
*D11
 70
1
 10
0.0
 20
0.0
 30
0.0
  3
*D11
  1

  0
LINE
  5
287
330
284
100
AcDbEntity
  8
0
100
AcDbLine
 10
0.0
 20
12922.0
 30
0.0
 11
0.0
 21
13472.0
 31
0.0
  0
LINE
  5
288
330
284
100
AcDbEntity
  8
0
100
AcDbLine
 10
10668.0
 20
12922.0
 30
0.0
 11
10668.0
 21
13472.0
 31
0.0
  0
INSERT
  5
289
330
284
100
AcDbEntity
  8
A-DIMS
100
AcDbBlockReference
  2
_OBLIQUE
 10
0.0
 20
13352.0
 30
0.0
 41
120.0
 42
120.0
  0
INSERT
  5
28B
330
284
100
AcDbEntity
  8
A-DIMS
100
AcDbBlockReference
  2
_OBLIQUE
 10
10668.0
 20
13352.0
 30
0.0
 41
120.0
 42
120.0
  0
LINE
  5
28D
330
284
100
AcDbEntity
  8
0
100
AcDbLine
 10
0.0
 20
13352.0
 30
0.0
 11
10668.0
 21
13352.0
 31
0.0
  0
MTEXT
  5
28E
330
284
100
AcDbEntity
  8
A-DIMS
100
AcDbMText
 10
5334.0
 20
13502.0
 30
0.0
 40
180.0
 71
5
  1
10668
  7
OpenSansCondensed-Light
  0
POINT
  5
28F
330
284
100
AcDbEntity
  8
Defpoints
100
AcDbPoint
 10
0.0
 20
13352.0
 30
0.0
  0
POINT
  5
290
330
284
100
AcDbEntity
  8
Defpoints
100
AcDbPoint
 10
0.0
 20
12802.0
 30
0.0
  0
POINT
  5
291
330
284
100
AcDbEntity
  8
Defpoints
100
AcDbPoint
 10
10668.0
 20
12802.0
 30
0.0
  0
ENDBLK
  5
286
330
284
100
AcDbEntity
  8
0
100
AcDbBlockEnd
  0
BLOCK
  5
294
330
293
100
AcDbEntity
  8
0
100
AcDbBlockBegin
  2
*D12
 70
1
 10
0.0
 20
0.0
 30
0.0
  3
*D12
  1

  0
LINE
  5
296
330
293
100
AcDbEntity
  8
0
100
AcDbLine
 10
-120.0
 20
0.0
 30
0.0
 11
-670.0
 21
0.0
 31
0.0
  0
LINE
  5
297
330
293
100
AcDbEntity
  8
0
100
AcDbLine
 10
-120.0
 20
950.0
 30
0.0
 11
-670.0
 21
950.0
 31
0.0
  0
INSERT
  5
298
330
293
100
AcDbEntity
  8
A-DIMS
100
AcDbBlockReference
  2
_OBLIQUE
 10
-550.0
 20
0.0
 30
0.0
 41
120.0
 42
120.0
 50
90.0
  0
INSERT
  5
29A
330
293
100
AcDbEntity
  8
A-DIMS
100
AcDbBlockReference
  2
_OBLIQUE
 10
-550.0
 20
950.0
 30
0.0
 41
120.0
 42
120.0
 50
90.0
  0
LINE
  5
29C
330
293
100
AcDbEntity
  8
0
100
AcDbLine
 10
-550.0
 20
0.0
 30
0.0
 11
-550.0
 21
950.0
 31
0.0
  0
MTEXT
  5
29D
330
293
100
AcDbEntity
  8
A-DIMS
100
AcDbMText
 10
-700.0
 20
475.0
 30
0.0
 40
180.0
 71
5
  1
950
  7
OpenSansCondensed-Light
 50
90.0
  0
POINT
  5
29E
330
293
100
AcDbEntity
  8
Defpoints
100
AcDbPoint
 10
-550.0
 20
0.0
 30
0.0
  0
POINT
  5
29F
330
293
100
AcDbEntity
  8
Defpoints
100
AcDbPoint
 10
0.0
 20
0.0
 30
0.0
  0
POINT
  5
2A0
330
293
100
AcDbEntity
  8
Defpoints
100
AcDbPoint
 10
0.0
 20
950.0
 30
0.0
  0
ENDBLK
  5
295
330
293
100
AcDbEntity
  8
0
100
AcDbBlockEnd
  0
BLOCK
  5
2A3
330
2A2
100
AcDbEntity
  8
0
100
AcDbBlockBegin
  2
*D13
 70
1
 10
0.0
 20
0.0
 30
0.0
  3
*D13
  1

  0
LINE
  5
2A5
330
2A2
100
AcDbEntity
  8
0
100
AcDbLine
 10
-120.0
 20
950.0
 30
0.0
 11
-670.0
 21
950.0
 31
0.0
  0
LINE
  5
2A6
330
2A2
100
AcDbEntity
  8
0
100
AcDbLine
 10
-120.0
 20
2750.0
 30
0.0
 11
-670.0
 21
2750.0
 31
0.0
  0
INSERT
  5
2A7
330
2A2
100
AcDbEntity
  8
A-DIMS
100
AcDbBlockReference
  2
_OBLIQUE
 10
-550.0
 20
950.0
 30
0.0
 41
120.0
 42
120.0
 50
90.0
  0
INSERT
  5
2A9
330
2A2
100
AcDbEntity
  8
A-DIMS
100
AcDbBlockReference
  2
_OBLIQUE
 10
-550.0
 20
2750.0
 30
0.0
 41
120.0
 42
120.0
 50
90.0
  0
LINE
  5
2AB
330
2A2
100
AcDbEntity
  8
0
100
AcDbLine
 10
-550.0
 20
950.0
 30
0.0
 11
-550.0
 21
2750.0
 31
0.0
  0
MTEXT
  5
2AC
330
2A2
100
AcDbEntity
  8
A-DIMS
100
AcDbMText
 10
-700.0
 20
1850.0
 30
0.0
 40
180.0
 71
5
  1
1800
  7
OpenSansCondensed-Light
 50
90.0
  0
POINT
  5
2AD
330
2A2
100
AcDbEntity
  8
Defpoints
100
AcDbPoint
 10
-550.0
 20
950.0
 30
0.0
  0
POINT
  5
2AE
330
2A2
100
AcDbEntity
  8
Defpoints
100
AcDbPoint
 10
0.0
 20
950.0
 30
0.0
  0
POINT
  5
2AF
330
2A2
100
AcDbEntity
  8
Defpoints
100
AcDbPoint
 10
0.0
 20
2750.0
 30
0.0
  0
ENDBLK
  5
2A4
330
2A2
100
AcDbEntity
  8
0
100
AcDbBlockEnd
  0
BLOCK
  5
2B2
330
2B1
100
AcDbEntity
  8
0
100
AcDbBlockBegin
  2
*D14
 70
1
 10
0.0
 20
0.0
 30
0.0
  3
*D14
  1

  0
LINE
  5
2B4
330
2B1
100
AcDbEntity
  8
0
100
AcDbLine
 10
-120.0
 20
2750.0
 30
0.0
 11
-670.0
 21
2750.0
 31
0.0
  0
LINE
  5
2B5
330
2B1
100
AcDbEntity
  8
0
100
AcDbLine
 10
-120.0
 20
5800.0
 30
0.0
 11
-670.0
 21
5800.0
 31
0.0
  0
INSERT
  5
2B6
330
2B1
100
AcDbEntity
  8
A-DIMS
100
AcDbBlockReference
  2
_OBLIQUE
 10
-550.0
 20
2750.0
 30
0.0
 41
120.0
 42
120.0
 50
90.0
  0
INSERT
  5
2B8
330
2B1
100
AcDbEntity
  8
A-DIMS
100
AcDbBlockReference
  2
_OBLIQUE
 10
-550.0
 20
5800.0
 30
0.0
 41
120.0
 42
120.0
 50
90.0
  0
LINE
  5
2BA
330
2B1
100
AcDbEntity
  8
0
100
AcDbLine
 10
-550.0
 20
2750.0
 30
0.0
 11
-550.0
 21
5800.0
 31
0.0
  0
MTEXT
  5
2BB
330
2B1
100
AcDbEntity
  8
A-DIMS
100
AcDbMText
 10
-700.0
 20
4275.0
 30
0.0
 40
180.0
 71
5
  1
3050
  7
OpenSansCondensed-Light
 50
90.0
  0
POINT
  5
2BC
330
2B1
100
AcDbEntity
  8
Defpoints
100
AcDbPoint
 10
-550.0
 20
2750.0
 30
0.0
  0
POINT
  5
2BD
330
2B1
100
AcDbEntity
  8
Defpoints
100
AcDbPoint
 10
0.0
 20
2750.0
 30
0.0
  0
POINT
  5
2BE
330
2B1
100
AcDbEntity
  8
Defpoints
100
AcDbPoint
 10
0.0
 20
5800.0
 30
0.0
  0
ENDBLK
  5
2B3
330
2B1
100
AcDbEntity
  8
0
100
AcDbBlockEnd
  0
BLOCK
  5
2C1
330
2C0
100
AcDbEntity
  8
0
100
AcDbBlockBegin
  2
*D15
 70
1
 10
0.0
 20
0.0
 30
0.0
  3
*D15
  1

  0
LINE
  5
2C3
330
2C0
100
AcDbEntity
  8
0
100
AcDbLine
 10
-120.0
 20
5800.0
 30
0.0
 11
-670.0
 21
5800.0
 31
0.0
  0
LINE
  5
2C4
330
2C0
100
AcDbEntity
  8
0
100
AcDbLine
 10
-120.0
 20
7600.0
 30
0.0
 11
-670.0
 21
7600.0
 31
0.0
  0
INSERT
  5
2C5
330
2C0
100
AcDbEntity
  8
A-DIMS
100
AcDbBlockReference
  2
_OBLIQUE
 10
-550.0
 20
5800.0
 30
0.0
 41
120.0
 42
120.0
 50
90.0
  0
INSERT
  5
2C7
330
2C0
100
AcDbEntity
  8
A-DIMS
100
AcDbBlockReference
  2
_OBLIQUE
 10
-550.0
 20
7600.0
 30
0.0
 41
120.0
 42
120.0
 50
90.0
  0
LINE
  5
2C9
330
2C0
100
AcDbEntity
  8
0
100
AcDbLine
 10
-550.0
 20
5800.0
 30
0.0
 11
-550.0
 21
7600.0
 31
0.0
  0
MTEXT
  5
2CA
330
2C0
100
AcDbEntity
  8
A-DIMS
100
AcDbMText
 10
-700.0
 20
6700.0
 30
0.0
 40
180.0
 71
5
  1
1800
  7
OpenSansCondensed-Light
 50
90.0
  0
POINT
  5
2CB
330
2C0
100
AcDbEntity
  8
Defpoints
100
AcDbPoint
 10
-550.0
 20
5800.0
 30
0.0
  0
POINT
  5
2CC
330
2C0
100
AcDbEntity
  8
Defpoints
100
AcDbPoint
 10
0.0
 20
5800.0
 30
0.0
  0
POINT
  5
2CD
330
2C0
100
AcDbEntity
  8
Defpoints
100
AcDbPoint
 10
0.0
 20
7600.0
 30
0.0
  0
ENDBLK
  5
2C2
330
2C0
100
AcDbEntity
  8
0
100
AcDbBlockEnd
  0
BLOCK
  5
2D0
330
2CF
100
AcDbEntity
  8
0
100
AcDbBlockBegin
  2
*D16
 70
1
 10
0.0
 20
0.0
 30
0.0
  3
*D16
  1

  0
LINE
  5
2D2
330
2CF
100
AcDbEntity
  8
0
100
AcDbLine
 10
-120.0
 20
7600.0
 30
0.0
 11
-670.0
 21
7600.0
 31
0.0
  0
LINE
  5
2D3
330
2CF
100
AcDbEntity
  8
0
100
AcDbLine
 10
-120.0
 20
9750.0
 30
0.0
 11
-670.0
 21
9750.0
 31
0.0
  0
INSERT
  5
2D4
330
2CF
100
AcDbEntity
  8
A-DIMS
100
AcDbBlockReference
  2
_OBLIQUE
 10
-550.0
 20
7600.0
 30
0.0
 41
120.0
 42
120.0
 50
90.0
  0
INSERT
  5
2D6
330
2CF
100
AcDbEntity
  8
A-DIMS
100
AcDbBlockReference
  2
_OBLIQUE
 10
-550.0
 20
9750.0
 30
0.0
 41
120.0
 42
120.0
 50
90.0
  0
LINE
  5
2D8
330
2CF
100
AcDbEntity
  8
0
100
AcDbLine
 10
-550.0
 20
7600.0
 30
0.0
 11
-550.0
 21
9750.0
 31
0.0
  0
MTEXT
  5
2D9
330
2CF
100
AcDbEntity
  8
A-DIMS
100
AcDbMText
 10
-700.0
 20
8675.0
 30
0.0
 40
180.0
 71
5
  1
2150
  7
OpenSansCondensed-Light
 50
90.0
  0
POINT
  5
2DA
330
2CF
100
AcDbEntity
  8
Defpoints
100
AcDbPoint
 10
-550.0
 20
7600.0
 30
0.0
  0
POINT
  5
2DB
330
2CF
100
AcDbEntity
  8
Defpoints
100
AcDbPoint
 10
0.0
 20
7600.0
 30
0.0
  0
POINT
  5
2DC
330
2CF
100
AcDbEntity
  8
Defpoints
100
AcDbPoint
 10
0.0
 20
9750.0
 30
0.0
  0
ENDBLK
  5
2D1
330
2CF
100
AcDbEntity
  8
0
100
AcDbBlockEnd
  0
BLOCK
  5
2DF
330
2DE
100
AcDbEntity
  8
0
100
AcDbBlockBegin
  2
*D17
 70
1
 10
0.0
 20
0.0
 30
0.0
  3
*D17
  1

  0
LINE
  5
2E1
330
2DE
100
AcDbEntity
  8
0
100
AcDbLine
 10
-120.0
 20
9750.0
 30
0.0
 11
-670.0
 21
9750.0
 31
0.0
  0
LINE
  5
2E2
330
2DE
100
AcDbEntity
  8
0
100
AcDbLine
 10
-120.0
 20
11750.0
 30
0.0
 11
-670.0
 21
11750.0
 31
0.0
  0
INSERT
  5
2E3
330
2DE
100
AcDbEntity
  8
A-DIMS
100
AcDbBlockReference
  2
_OBLIQUE
 10
-550.0
 20
9750.0
 30
0.0
 41
120.0
 42
120.0
 50
90.0
  0
INSERT
  5
2E5
330
2DE
100
AcDbEntity
  8
A-DIMS
100
AcDbBlockReference
  2
_OBLIQUE
 10
-550.0
 20
11750.0
 30
0.0
 41
120.0
 42
120.0
 50
90.0
  0
LINE
  5
2E7
330
2DE
100
AcDbEntity
  8
0
100
AcDbLine
 10
-550.0
 20
9750.0
 30
0.0
 11
-550.0
 21
11750.0
 31
0.0
  0
MTEXT
  5
2E8
330
2DE
100
AcDbEntity
  8
A-DIMS
100
AcDbMText
 10
-700.0
 20
10750.0
 30
0.0
 40
180.0
 71
5
  1
2000
  7
OpenSansCondensed-Light
 50
90.0
  0
POINT
  5
2E9
330
2DE
100
AcDbEntity
  8
Defpoints
100
AcDbPoint
 10
-550.0
 20
9750.0
 30
0.0
  0
POINT
  5
2EA
330
2DE
100
AcDbEntity
  8
Defpoints
100
AcDbPoint
 10
0.0
 20
9750.0
 30
0.0
  0
POINT
  5
2EB
330
2DE
100
AcDbEntity
  8
Defpoints
100
AcDbPoint
 10
0.0
 20
11750.0
 30
0.0
  0
ENDBLK
  5
2E0
330
2DE
100
AcDbEntity
  8
0
100
AcDbBlockEnd
  0
BLOCK
  5
2EE
330
2ED
100
AcDbEntity
  8
0
100
AcDbBlockBegin
  2
*D18
 70
1
 10
0.0
 20
0.0
 30
0.0
  3
*D18
  1

  0
LINE
  5
2F0
330
2ED
100
AcDbEntity
  8
0
100
AcDbLine
 10
-120.0
 20
11750.0
 30
0.0
 11
-670.0
 21
11750.0
 31
0.0
  0
LINE
  5
2F1
330
2ED
100
AcDbEntity
  8
0
100
AcDbLine
 10
-120.0
 20
12802.0
 30
0.0
 11
-670.0
 21
12802.0
 31
0.0
  0
INSERT
  5
2F2
330
2ED
100
AcDbEntity
  8
A-DIMS
100
AcDbBlockReference
  2
_OBLIQUE
 10
-550.0
 20
11750.0
 30
0.0
 41
120.0
 42
120.0
 50
90.0
  0
INSERT
  5
2F4
330
2ED
100
AcDbEntity
  8
A-DIMS
100
AcDbBlockReference
  2
_OBLIQUE
 10
-550.0
 20
12802.0
 30
0.0
 41
120.0
 42
120.0
 50
90.0
  0
LINE
  5
2F6
330
2ED
100
AcDbEntity
  8
0
100
AcDbLine
 10
-550.0
 20
11750.0
 30
0.0
 11
-550.0
 21
12802.0
 31
0.0
  0
MTEXT
  5
2F7
330
2ED
100
AcDbEntity
  8
A-DIMS
100
AcDbMText
 10
-700.0
 20
12276.0
 30
0.0
 40
180.0
 71
5
  1
1052
  7
OpenSansCondensed-Light
 50
90.0
  0
POINT
  5
2F8
330
2ED
100
AcDbEntity
  8
Defpoints
100
AcDbPoint
 10
-550.0
 20
11750.0
 30
0.0
  0
POINT
  5
2F9
330
2ED
100
AcDbEntity
  8
Defpoints
100
AcDbPoint
 10
0.0
 20
11750.0
 30
0.0
  0
POINT
  5
2FA
330
2ED
100
AcDbEntity
  8
Defpoints
100
AcDbPoint
 10
0.0
 20
12802.0
 30
0.0
  0
ENDBLK
  5
2EF
330
2ED
100
AcDbEntity
  8
0
100
AcDbBlockEnd
  0
BLOCK
  5
2FD
330
2FC
100
AcDbEntity
  8
0
100
AcDbBlockBegin
  2
*D19
 70
1
 10
0.0
 20
0.0
 30
0.0
  3
*D19
  1

  0
LINE
  5
2FF
330
2FC
100
AcDbEntity
  8
0
100
AcDbLine
 10
-120.0
 20
0.0
 30
0.0
 11
-1120.0
 21
0.0
 31
0.0
  0
LINE
  5
300
330
2FC
100
AcDbEntity
  8
0
100
AcDbLine
 10
-120.0
 20
12802.0
 30
0.0
 11
-1120.0
 21
12802.0
 31
0.0
  0
INSERT
  5
301
330
2FC
100
AcDbEntity
  8
A-DIMS
100
AcDbBlockReference
  2
_OBLIQUE
 10
-1000.0
 20
0.0
 30
0.0
 41
120.0
 42
120.0
 50
90.0
  0
INSERT
  5
303
330
2FC
100
AcDbEntity
  8
A-DIMS
100
AcDbBlockReference
  2
_OBLIQUE
 10
-1000.0
 20
12802.0
 30
0.0
 41
120.0
 42
120.0
 50
90.0
  0
LINE
  5
305
330
2FC
100
AcDbEntity
  8
0
100
AcDbLine
 10
-1000.0
 20
0.0
 30
0.0
 11
-1000.0
 21
12802.0
 31
0.0
  0
MTEXT
  5
306
330
2FC
100
AcDbEntity
  8
A-DIMS
100
AcDbMText
 10
-1150.0
 20
6401.0
 30
0.0
 40
180.0
 71
5
  1
12802
  7
OpenSansCondensed-Light
 50
90.0
  0
POINT
  5
307
330
2FC
100
AcDbEntity
  8
Defpoints
100
AcDbPoint
 10
-1000.0
 20
0.0
 30
0.0
  0
POINT
  5
308
330
2FC
100
AcDbEntity
  8
Defpoints
100
AcDbPoint
 10
0.0
 20
0.0
 30
0.0
  0
POINT
  5
309
330
2FC
100
AcDbEntity
  8
Defpoints
100
AcDbPoint
 10
0.0
 20
12802.0
 30
0.0
  0
ENDBLK
  5
2FE
330
2FC
100
AcDbEntity
  8
0
100
AcDbBlockEnd
  0
BLOCK
  5
30C
330
30B
100
AcDbEntity
  8
0
100
AcDbBlockBegin
  2
*D20
 70
1
 10
0.0
 20
0.0
 30
0.0
  3
*D20
  1

  0
LINE
  5
30E
330
30B
100
AcDbEntity
  8
0
100
AcDbLine
 10
10788.0
 20
0.0
 30
0.0
 11
11338.0
 21
0.0
 31
0.0
  0
LINE
  5
30F
330
30B
100
AcDbEntity
  8
0
100
AcDbLine
 10
10788.0
 20
850.0
 30
0.0
 11
11338.0
 21
850.0
 31
0.0
  0
INSERT
  5
310
330
30B
100
AcDbEntity
  8
A-DIMS
100
AcDbBlockReference
  2
_OBLIQUE
 10
11218.0
 20
0.0
 30
0.0
 41
120.0
 42
120.0
 50
90.0
  0
INSERT
  5
312
330
30B
100
AcDbEntity
  8
A-DIMS
100
AcDbBlockReference
  2
_OBLIQUE
 10
11218.0
 20
850.0
 30
0.0
 41
120.0
 42
120.0
 50
90.0
  0
LINE
  5
314
330
30B
100
AcDbEntity
  8
0
100
AcDbLine
 10
11218.0
 20
0.0
 30
0.0
 11
11218.0
 21
850.0
 31
0.0
  0
MTEXT
  5
315
330
30B
100
AcDbEntity
  8
A-DIMS
100
AcDbMText
 10
11068.0
 20
425.0
 30
0.0
 40
180.0
 71
5
  1
850
  7
OpenSansCondensed-Light
 50
90.0
  0
POINT
  5
316
330
30B
100
AcDbEntity
  8
Defpoints
100
AcDbPoint
 10
11218.0
 20
0.0
 30
0.0
  0
POINT
  5
317
330
30B
100
AcDbEntity
  8
Defpoints
100
AcDbPoint
 10
10668.0
 20
0.0
 30
0.0
  0
POINT
  5
318
330
30B
100
AcDbEntity
  8
Defpoints
100
AcDbPoint
 10
10668.0
 20
850.0
 30
0.0
  0
ENDBLK
  5
30D
330
30B
100
AcDbEntity
  8
0
100
AcDbBlockEnd
  0
BLOCK
  5
31B
330
31A
100
AcDbEntity
  8
0
100
AcDbBlockBegin
  2
*D21
 70
1
 10
0.0
 20
0.0
 30
0.0
  3
*D21
  1

  0
LINE
  5
31D
330
31A
100
AcDbEntity
  8
0
100
AcDbLine
 10
10788.0
 20
850.0
 30
0.0
 11
11338.0
 21
850.0
 31
0.0
  0
LINE
  5
31E
330
31A
100
AcDbEntity
  8
0
100
AcDbLine
 10
10788.0
 20
2850.0
 30
0.0
 11
11338.0
 21
2850.0
 31
0.0
  0
INSERT
  5
31F
330
31A
100
AcDbEntity
  8
A-DIMS
100
AcDbBlockReference
  2
_OBLIQUE
 10
11218.0
 20
850.0
 30
0.0
 41
120.0
 42
120.0
 50
90.0
  0
INSERT
  5
321
330
31A
100
AcDbEntity
  8
A-DIMS
100
AcDbBlockReference
  2
_OBLIQUE
 10
11218.0
 20
2850.0
 30
0.0
 41
120.0
 42
120.0
 50
90.0
  0
LINE
  5
323
330
31A
100
AcDbEntity
  8
0
100
AcDbLine
 10
11218.0
 20
850.0
 30
0.0
 11
11218.0
 21
2850.0
 31
0.0
  0
MTEXT
  5
324
330
31A
100
AcDbEntity
  8
A-DIMS
100
AcDbMText
 10
11068.0
 20
1850.0
 30
0.0
 40
180.0
 71
5
  1
2000
  7
OpenSansCondensed-Light
 50
90.0
  0
POINT
  5
325
330
31A
100
AcDbEntity
  8
Defpoints
100
AcDbPoint
 10
11218.0
 20
850.0
 30
0.0
  0
POINT
  5
326
330
31A
100
AcDbEntity
  8
Defpoints
100
AcDbPoint
 10
10668.0
 20
850.0
 30
0.0
  0
POINT
  5
327
330
31A
100
AcDbEntity
  8
Defpoints
100
AcDbPoint
 10
10668.0
 20
2850.0
 30
0.0
  0
ENDBLK
  5
31C
330
31A
100
AcDbEntity
  8
0
100
AcDbBlockEnd
  0
BLOCK
  5
32A
330
329
100
AcDbEntity
  8
0
100
AcDbBlockBegin
  2
*D22
 70
1
 10
0.0
 20
0.0
 30
0.0
  3
*D22
  1

  0
LINE
  5
32C
330
329
100
AcDbEntity
  8
0
100
AcDbLine
 10
10788.0
 20
2850.0
 30
0.0
 11
11338.0
 21
2850.0
 31
0.0
  0
LINE
  5
32D
330
329
100
AcDbEntity
  8
0
100
AcDbLine
 10
10788.0
 20
6650.0
 30
0.0
 11
11338.0
 21
6650.0
 31
0.0
  0
INSERT
  5
32E
330
329
100
AcDbEntity
  8
A-DIMS
100
AcDbBlockReference
  2
_OBLIQUE
 10
11218.0
 20
2850.0
 30
0.0
 41
120.0
 42
120.0
 50
90.0
  0
INSERT
  5
330
330
329
100
AcDbEntity
  8
A-DIMS
100
AcDbBlockReference
  2
_OBLIQUE
 10
11218.0
 20
6650.0
 30
0.0
 41
120.0
 42
120.0
 50
90.0
  0
LINE
  5
332
330
329
100
AcDbEntity
  8
0
100
AcDbLine
 10
11218.0
 20
2850.0
 30
0.0
 11
11218.0
 21
6650.0
 31
0.0
  0
MTEXT
  5
333
330
329
100
AcDbEntity
  8
A-DIMS
100
AcDbMText
 10
11068.0
 20
4750.0
 30
0.0
 40
180.0
 71
5
  1
3800
  7
OpenSansCondensed-Light
 50
90.0
  0
POINT
  5
334
330
329
100
AcDbEntity
  8
Defpoints
100
AcDbPoint
 10
11218.0
 20
2850.0
 30
0.0
  0
POINT
  5
335
330
329
100
AcDbEntity
  8
Defpoints
100
AcDbPoint
 10
10668.0
 20
2850.0
 30
0.0
  0
POINT
  5
336
330
329
100
AcDbEntity
  8
Defpoints
100
AcDbPoint
 10
10668.0
 20
6650.0
 30
0.0
  0
ENDBLK
  5
32B
330
329
100
AcDbEntity
  8
0
100
AcDbBlockEnd
  0
BLOCK
  5
339
330
338
100
AcDbEntity
  8
0
100
AcDbBlockBegin
  2
*D23
 70
1
 10
0.0
 20
0.0
 30
0.0
  3
*D23
  1

  0
LINE
  5
33B
330
338
100
AcDbEntity
  8
0
100
AcDbLine
 10
10788.0
 20
6650.0
 30
0.0
 11
11338.0
 21
6650.0
 31
0.0
  0
LINE
  5
33C
330
338
100
AcDbEntity
  8
0
100
AcDbLine
 10
10788.0
 20
7400.0
 30
0.0
 11
11338.0
 21
7400.0
 31
0.0
  0
INSERT
  5
33D
330
338
100
AcDbEntity
  8
A-DIMS
100
AcDbBlockReference
  2
_OBLIQUE
 10
11218.0
 20
6650.0
 30
0.0
 41
120.0
 42
120.0
 50
90.0
  0
INSERT
  5
33F
330
338
100
AcDbEntity
  8
A-DIMS
100
AcDbBlockReference
  2
_OBLIQUE
 10
11218.0
 20
7400.0
 30
0.0
 41
120.0
 42
120.0
 50
90.0
  0
LINE
  5
341
330
338
100
AcDbEntity
  8
0
100
AcDbLine
 10
11218.0
 20
6650.0
 30
0.0
 11
11218.0
 21
7400.0
 31
0.0
  0
MTEXT
  5
342
330
338
100
AcDbEntity
  8
A-DIMS
100
AcDbMText
 10
11068.0
 20
7025.0
 30
0.0
 40
180.0
 71
5
  1
750
  7
OpenSansCondensed-Light
 50
90.0
  0
POINT
  5
343
330
338
100
AcDbEntity
  8
Defpoints
100
AcDbPoint
 10
11218.0
 20
6650.0
 30
0.0
  0
POINT
  5
344
330
338
100
AcDbEntity
  8
Defpoints
100
AcDbPoint
 10
10668.0
 20
6650.0
 30
0.0
  0
POINT
  5
345
330
338
100
AcDbEntity
  8
Defpoints
100
AcDbPoint
 10
10668.0
 20
7400.0
 30
0.0
  0
ENDBLK
  5
33A
330
338
100
AcDbEntity
  8
0
100
AcDbBlockEnd
  0
BLOCK
  5
348
330
347
100
AcDbEntity
  8
0
100
AcDbBlockBegin
  2
*D24
 70
1
 10
0.0
 20
0.0
 30
0.0
  3
*D24
  1

  0
LINE
  5
34A
330
347
100
AcDbEntity
  8
0
100
AcDbLine
 10
10788.0
 20
7400.0
 30
0.0
 11
11338.0
 21
7400.0
 31
0.0
  0
LINE
  5
34B
330
347
100
AcDbEntity
  8
0
100
AcDbLine
 10
10788.0
 20
9100.0
 30
0.0
 11
11338.0
 21
9100.0
 31
0.0
  0
INSERT
  5
34C
330
347
100
AcDbEntity
  8
A-DIMS
100
AcDbBlockReference
  2
_OBLIQUE
 10
11218.0
 20
7400.0
 30
0.0
 41
120.0
 42
120.0
 50
90.0
  0
INSERT
  5
34E
330
347
100
AcDbEntity
  8
A-DIMS
100
AcDbBlockReference
  2
_OBLIQUE
 10
11218.0
 20
9100.0
 30
0.0
 41
120.0
 42
120.0
 50
90.0
  0
LINE
  5
350
330
347
100
AcDbEntity
  8
0
100
AcDbLine
 10
11218.0
 20
7400.0
 30
0.0
 11
11218.0
 21
9100.0
 31
0.0
  0
MTEXT
  5
351
330
347
100
AcDbEntity
  8
A-DIMS
100
AcDbMText
 10
11068.0
 20
8250.0
 30
0.0
 40
180.0
 71
5
  1
1700
  7
OpenSansCondensed-Light
 50
90.0
  0
POINT
  5
352
330
347
100
AcDbEntity
  8
Defpoints
100
AcDbPoint
 10
11218.0
 20
7400.0
 30
0.0
  0
POINT
  5
353
330
347
100
AcDbEntity
  8
Defpoints
100
AcDbPoint
 10
10668.0
 20
7400.0
 30
0.0
  0
POINT
  5
354
330
347
100
AcDbEntity
  8
Defpoints
100
AcDbPoint
 10
10668.0
 20
9100.0
 30
0.0
  0
ENDBLK
  5
349
330
347
100
AcDbEntity
  8
0
100
AcDbBlockEnd
  0
BLOCK
  5
357
330
356
100
AcDbEntity
  8
0
100
AcDbBlockBegin
  2
*D25
 70
1
 10
0.0
 20
0.0
 30
0.0
  3
*D25
  1

  0
LINE
  5
359
330
356
100
AcDbEntity
  8
0
100
AcDbLine
 10
10788.0
 20
9100.0
 30
0.0
 11
11338.0
 21
9100.0
 31
0.0
  0
LINE
  5
35A
330
356
100
AcDbEntity
  8
0
100
AcDbLine
 10
10788.0
 20
9850.0
 30
0.0
 11
11338.0
 21
9850.0
 31
0.0
  0
INSERT
  5
35B
330
356
100
AcDbEntity
  8
A-DIMS
100
AcDbBlockReference
  2
_OBLIQUE
 10
11218.0
 20
9100.0
 30
0.0
 41
120.0
 42
120.0
 50
90.0
  0
INSERT
  5
35D
330
356
100
AcDbEntity
  8
A-DIMS
100
AcDbBlockReference
  2
_OBLIQUE
 10
11218.0
 20
9850.0
 30
0.0
 41
120.0
 42
120.0
 50
90.0
  0
LINE
  5
35F
330
356
100
AcDbEntity
  8
0
100
AcDbLine
 10
11218.0
 20
9100.0
 30
0.0
 11
11218.0
 21
9850.0
 31
0.0
  0
MTEXT
  5
360
330
356
100
AcDbEntity
  8
A-DIMS
100
AcDbMText
 10
11068.0
 20
9475.0
 30
0.0
 40
180.0
 71
5
  1
750
  7
OpenSansCondensed-Light
 50
90.0
  0
POINT
  5
361
330
356
100
AcDbEntity
  8
Defpoints
100
AcDbPoint
 10
11218.0
 20
9100.0
 30
0.0
  0
POINT
  5
362
330
356
100
AcDbEntity
  8
Defpoints
100
AcDbPoint
 10
10668.0
 20
9100.0
 30
0.0
  0
POINT
  5
363
330
356
100
AcDbEntity
  8
Defpoints
100
AcDbPoint
 10
10668.0
 20
9850.0
 30
0.0
  0
ENDBLK
  5
358
330
356
100
AcDbEntity
  8
0
100
AcDbBlockEnd
  0
BLOCK
  5
366
330
365
100
AcDbEntity
  8
0
100
AcDbBlockBegin
  2
*D26
 70
1
 10
0.0
 20
0.0
 30
0.0
  3
*D26
  1

  0
LINE
  5
368
330
365
100
AcDbEntity
  8
0
100
AcDbLine
 10
10788.0
 20
9850.0
 30
0.0
 11
11338.0
 21
9850.0
 31
0.0
  0
LINE
  5
369
330
365
100
AcDbEntity
  8
0
100
AcDbLine
 10
10788.0
 20
10800.0
 30
0.0
 11
11338.0
 21
10800.0
 31
0.0
  0
INSERT
  5
36A
330
365
100
AcDbEntity
  8
A-DIMS
100
AcDbBlockReference
  2
_OBLIQUE
 10
11218.0
 20
9850.0
 30
0.0
 41
120.0
 42
120.0
 50
90.0
  0
INSERT
  5
36C
330
365
100
AcDbEntity
  8
A-DIMS
100
AcDbBlockReference
  2
_OBLIQUE
 10
11218.0
 20
10800.0
 30
0.0
 41
120.0
 42
120.0
 50
90.0
  0
LINE
  5
36E
330
365
100
AcDbEntity
  8
0
100
AcDbLine
 10
11218.0
 20
9850.0
 30
0.0
 11
11218.0
 21
10800.0
 31
0.0
  0
MTEXT
  5
36F
330
365
100
AcDbEntity
  8
A-DIMS
100
AcDbMText
 10
11068.0
 20
10325.0
 30
0.0
 40
180.0
 71
5
  1
950
  7
OpenSansCondensed-Light
 50
90.0
  0
POINT
  5
370
330
365
100
AcDbEntity
  8
Defpoints
100
AcDbPoint
 10
11218.0
 20
9850.0
 30
0.0
  0
POINT
  5
371
330
365
100
AcDbEntity
  8
Defpoints
100
AcDbPoint
 10
10668.0
 20
9850.0
 30
0.0
  0
POINT
  5
372
330
365
100
AcDbEntity
  8
Defpoints
100
AcDbPoint
 10
10668.0
 20
10800.0
 30
0.0
  0
ENDBLK
  5
367
330
365
100
AcDbEntity
  8
0
100
AcDbBlockEnd
  0
BLOCK
  5
375
330
374
100
AcDbEntity
  8
0
100
AcDbBlockBegin
  2
*D27
 70
1
 10
0.0
 20
0.0
 30
0.0
  3
*D27
  1

  0
LINE
  5
377
330
374
100
AcDbEntity
  8
0
100
AcDbLine
 10
10788.0
 20
10800.0
 30
0.0
 11
11338.0
 21
10800.0
 31
0.0
  0
LINE
  5
378
330
374
100
AcDbEntity
  8
0
100
AcDbLine
 10
10788.0
 20
12200.0
 30
0.0
 11
11338.0
 21
12200.0
 31
0.0
  0
INSERT
  5
379
330
374
100
AcDbEntity
  8
A-DIMS
100
AcDbBlockReference
  2
_OBLIQUE
 10
11218.0
 20
10800.0
 30
0.0
 41
120.0
 42
120.0
 50
90.0
  0
INSERT
  5
37B
330
374
100
AcDbEntity
  8
A-DIMS
100
AcDbBlockReference
  2
_OBLIQUE
 10
11218.0
 20
12200.0
 30
0.0
 41
120.0
 42
120.0
 50
90.0
  0
LINE
  5
37D
330
374
100
AcDbEntity
  8
0
100
AcDbLine
 10
11218.0
 20
10800.0
 30
0.0
 11
11218.0
 21
12200.0
 31
0.0
  0
MTEXT
  5
37E
330
374
100
AcDbEntity
  8
A-DIMS
100
AcDbMText
 10
11068.0
 20
11500.0
 30
0.0
 40
180.0
 71
5
  1
1400
  7
OpenSansCondensed-Light
 50
90.0
  0
POINT
  5
37F
330
374
100
AcDbEntity
  8
Defpoints
100
AcDbPoint
 10
11218.0
 20
10800.0
 30
0.0
  0
POINT
  5
380
330
374
100
AcDbEntity
  8
Defpoints
100
AcDbPoint
 10
10668.0
 20
10800.0
 30
0.0
  0
POINT
  5
381
330
374
100
AcDbEntity
  8
Defpoints
100
AcDbPoint
 10
10668.0
 20
12200.0
 30
0.0
  0
ENDBLK
  5
376
330
374
100
AcDbEntity
  8
0
100
AcDbBlockEnd
  0
BLOCK
  5
384
330
383
100
AcDbEntity
  8
0
100
AcDbBlockBegin
  2
*D28
 70
1
 10
0.0
 20
0.0
 30
0.0
  3
*D28
  1

  0
LINE
  5
386
330
383
100
AcDbEntity
  8
0
100
AcDbLine
 10
10788.0
 20
12200.0
 30
0.0
 11
11338.0
 21
12200.0
 31
0.0
  0
LINE
  5
387
330
383
100
AcDbEntity
  8
0
100
AcDbLine
 10
10788.0
 20
12802.0
 30
0.0
 11
11338.0
 21
12802.0
 31
0.0
  0
INSERT
  5
388
330
383
100
AcDbEntity
  8
A-DIMS
100
AcDbBlockReference
  2
_OBLIQUE
 10
11218.0
 20
12200.0
 30
0.0
 41
120.0
 42
120.0
 50
90.0
  0
INSERT
  5
38A
330
383
100
AcDbEntity
  8
A-DIMS
100
AcDbBlockReference
  2
_OBLIQUE
 10
11218.0
 20
12802.0
 30
0.0
 41
120.0
 42
120.0
 50
90.0
  0
LINE
  5
38C
330
383
100
AcDbEntity
  8
0
100
AcDbLine
 10
11218.0
 20
12200.0
 30
0.0
 11
11218.0
 21
12802.0
 31
0.0
  0
MTEXT
  5
38D
330
383
100
AcDbEntity
  8
A-DIMS
100
AcDbMText
 10
11068.0
 20
12501.0
 30
0.0
 40
180.0
 71
5
  1
602
  7
OpenSansCondensed-Light
 50
90.0
  0
POINT
  5
38E
330
383
100
AcDbEntity
  8
Defpoints
100
AcDbPoint
 10
11218.0
 20
12200.0
 30
0.0
  0
POINT
  5
38F
330
383
100
AcDbEntity
  8
Defpoints
100
AcDbPoint
 10
10668.0
 20
12200.0
 30
0.0
  0
POINT
  5
390
330
383
100
AcDbEntity
  8
Defpoints
100
AcDbPoint
 10
10668.0
 20
12802.0
 30
0.0
  0
ENDBLK
  5
385
330
383
100
AcDbEntity
  8
0
100
AcDbBlockEnd
  0
BLOCK
  5
393
330
392
100
AcDbEntity
  8
0
100
AcDbBlockBegin
  2
*D29
 70
1
 10
0.0
 20
0.0
 30
0.0
  3
*D29
  1

  0
LINE
  5
395
330
392
100
AcDbEntity
  8
0
100
AcDbLine
 10
10788.0
 20
0.0
 30
0.0
 11
11788.0
 21
0.0
 31
0.0
  0
LINE
  5
396
330
392
100
AcDbEntity
  8
0
100
AcDbLine
 10
10788.0
 20
12802.0
 30
0.0
 11
11788.0
 21
12802.0
 31
0.0
  0
INSERT
  5
397
330
392
100
AcDbEntity
  8
A-DIMS
100
AcDbBlockReference
  2
_OBLIQUE
 10
11668.0
 20
0.0
 30
0.0
 41
120.0
 42
120.0
 50
90.0
  0
INSERT
  5
399
330
392
100
AcDbEntity
  8
A-DIMS
100
AcDbBlockReference
  2
_OBLIQUE
 10
11668.0
 20
12802.0
 30
0.0
 41
120.0
 42
120.0
 50
90.0
  0
LINE
  5
39B
330
392
100
AcDbEntity
  8
0
100
AcDbLine
 10
11668.0
 20
0.0
 30
0.0
 11
11668.0
 21
12802.0
 31
0.0
  0
MTEXT
  5
39C
330
392
100
AcDbEntity
  8
A-DIMS
100
AcDbMText
 10
11518.0
 20
6401.0
 30
0.0
 40
180.0
 71
5
  1
12802
  7
OpenSansCondensed-Light
 50
90.0
  0
POINT
  5
39D
330
392
100
AcDbEntity
  8
Defpoints
100
AcDbPoint
 10
11668.0
 20
0.0
 30
0.0
  0
POINT
  5
39E
330
392
100
AcDbEntity
  8
Defpoints
100
AcDbPoint
 10
10668.0
 20
0.0
 30
0.0
  0
POINT
  5
39F
330
392
100
AcDbEntity
  8
Defpoints
100
AcDbPoint
 10
10668.0
 20
12802.0
 30
0.0
  0
ENDBLK
  5
394
330
392
100
AcDbEntity
  8
0
100
AcDbBlockEnd
  0
BLOCK
  5
3D6
330
3D5
100
AcDbEntity
  8
0
100
AcDbBlockBegin
  2
*Paper_Space0
 70
0
 10
0.0
 20
0.0
 30
0.0
  3
*Paper_Space0
  1

  0
VIEWPORT
  5
3D9
330
3D5
100
AcDbEntity
 67
1
  8
VIEWPORTS
100
AcDbViewport
 10
200.0
 20
138.5
 30
0.0
 40
462.00000000000006
 41
326.70000000000005
 68
1
 69
1
 12
200.0
 22
138.5
 13
0.0
 23
0.0
 14
10.0
 24
10.0
 15
10.0
 25
10.0
 16
0.0
 26
0.0
 36
1.0
 17
0.0
 27
0.0
 37
0.0
 42
50.0
 43
0.0
 44
0.0
 45
326.70000000000005
 50
0.0
 51
0.0
 72
100
 90
557088
  1

281
0
 71
0
 74
0
110
0.0
120
0.0
130
0.0
111
1.0
121
0.0
131
0.0
112
0.0
122
1.0
132
0.0
 79
0
146
0.0
282
0
  0
VIEWPORT
  5
3DA
330
3D5
100
AcDbEntity
 67
1
  8
VIEWPORTS
100
AcDbViewport
 10
140.0
 20
145.0
 30
0.0
 40
240.0
 41
230.0
 68
2
 69
3
 12
5334.0
 22
6401.0
 13
0.0
 23
0.0
 14
10.0
 24
10.0
 15
10.0
 25
10.0
 16
0.0
 26
0.0
 36
1.0
 17
0.0
 27
0.0
 37
0.0
 42
50.0
 43
0.0
 44
0.0
 45
21802.0
 50
0.0
 51
0.0
 72
100
 90
0
  1

281
0
 71
0
 74
0
110
0.0
120
0.0
130
0.0
111
1.0
121
0.0
131
0.0
112
0.0
122
1.0
132
0.0
 79
0
146
0.0
282
0
  0
TEXT
  5
3DB
330
3D5
100
AcDbEntity
 67
1
  8
0
100
AcDbText
 10
268.0
 20
255.0
 30
0.0
 40
4.0
  1
FLOORFORGE / PRELIMINARY
 11
268.0
 21
255.0
 31
0.0
100
AcDbText
  0
ENDBLK
  5
3D7
330
3D5
100
AcDbEntity
  8
0
100
AcDbBlockEnd
  0
BLOCK
  5
4D7
330
4D6
100
AcDbEntity
  8
0
100
AcDbBlockBegin
  2
*D30
 70
1
 10
0.0
 20
0.0
 30
0.0
  3
*D30
  1

  0
LINE
  5
4D9
330
4D6
100
AcDbEntity
  8
0
100
AcDbLine
 10
22668.0
 20
-120.0
 30
0.0
 11
22668.0
 21
-670.0
 31
0.0
  0
LINE
  5
4DA
330
4D6
100
AcDbEntity
  8
0
100
AcDbLine
 10
23318.0
 20
-120.0
 30
0.0
 11
23318.0
 21
-670.0
 31
0.0
  0
INSERT
  5
4DB
330
4D6
100
AcDbEntity
  8
A-DIMS
100
AcDbBlockReference
  2
_OBLIQUE
 10
22668.0
 20
-550.0
 30
0.0
 41
120.0
 42
120.0
  0
INSERT
  5
4DD
330
4D6
100
AcDbEntity
  8
A-DIMS
100
AcDbBlockReference
  2
_OBLIQUE
 10
23318.0
 20
-550.0
 30
0.0
 41
120.0
 42
120.0
  0
LINE
  5
4DF
330
4D6
100
AcDbEntity
  8
0
100
AcDbLine
 10
22668.0
 20
-550.0
 30
0.0
 11
23318.0
 21
-550.0
 31
0.0
  0
MTEXT
  5
4E0
330
4D6
100
AcDbEntity
  8
A-DIMS
100
AcDbMText
 10
22993.0
 20
-400.0
 30
0.0
 40
180.0
 71
5
  1
650
  7
OpenSansCondensed-Light
  0
POINT
  5
4E1
330
4D6
100
AcDbEntity
  8
Defpoints
100
AcDbPoint
 10
22668.0
 20
-550.0
 30
0.0
  0
POINT
  5
4E2
330
4D6
100
AcDbEntity
  8
Defpoints
100
AcDbPoint
 10
22668.0
 20
0.0
 30
0.0
  0
POINT
  5
4E3
330
4D6
100
AcDbEntity
  8
Defpoints
100
AcDbPoint
 10
23318.0
 20
0.0
 30
0.0
  0
ENDBLK
  5
4D8
330
4D6
100
AcDbEntity
  8
0
100
AcDbBlockEnd
  0
BLOCK
  5
4E6
330
4E5
100
AcDbEntity
  8
0
100
AcDbBlockBegin
  2
*D31
 70
1
 10
0.0
 20
0.0
 30
0.0
  3
*D31
  1

  0
LINE
  5
4E8
330
4E5
100
AcDbEntity
  8
0
100
AcDbLine
 10
23318.0
 20
-120.0
 30
0.0
 11
23318.0
 21
-670.0
 31
0.0
  0
LINE
  5
4E9
330
4E5
100
AcDbEntity
  8
0
100
AcDbLine
 10
25318.0
 20
-120.0
 30
0.0
 11
25318.0
 21
-670.0
 31
0.0
  0
INSERT
  5
4EA
330
4E5
100
AcDbEntity
  8
A-DIMS
100
AcDbBlockReference
  2
_OBLIQUE
 10
23318.0
 20
-550.0
 30
0.0
 41
120.0
 42
120.0
  0
INSERT
  5
4EC
330
4E5
100
AcDbEntity
  8
A-DIMS
100
AcDbBlockReference
  2
_OBLIQUE
 10
25318.0
 20
-550.0
 30
0.0
 41
120.0
 42
120.0
  0
LINE
  5
4EE
330
4E5
100
AcDbEntity
  8
0
100
AcDbLine
 10
23318.0
 20
-550.0
 30
0.0
 11
25318.0
 21
-550.0
 31
0.0
  0
MTEXT
  5
4EF
330
4E5
100
AcDbEntity
  8
A-DIMS
100
AcDbMText
 10
24318.0
 20
-400.0
 30
0.0
 40
180.0
 71
5
  1
2000
  7
OpenSansCondensed-Light
  0
POINT
  5
4F0
330
4E5
100
AcDbEntity
  8
Defpoints
100
AcDbPoint
 10
23318.0
 20
-550.0
 30
0.0
  0
POINT
  5
4F1
330
4E5
100
AcDbEntity
  8
Defpoints
100
AcDbPoint
 10
23318.0
 20
0.0
 30
0.0
  0
POINT
  5
4F2
330
4E5
100
AcDbEntity
  8
Defpoints
100
AcDbPoint
 10
25318.0
 20
0.0
 30
0.0
  0
ENDBLK
  5
4E7
330
4E5
100
AcDbEntity
  8
0
100
AcDbBlockEnd
  0
BLOCK
  5
4F5
330
4F4
100
AcDbEntity
  8
0
100
AcDbBlockBegin
  2
*D32
 70
1
 10
0.0
 20
0.0
 30
0.0
  3
*D32
  1

  0
LINE
  5
4F7
330
4F4
100
AcDbEntity
  8
0
100
AcDbLine
 10
25318.0
 20
-120.0
 30
0.0
 11
25318.0
 21
-670.0
 31
0.0
  0
LINE
  5
4F8
330
4F4
100
AcDbEntity
  8
0
100
AcDbLine
 10
33336.0
 20
-120.0
 30
0.0
 11
33336.0
 21
-670.0
 31
0.0
  0
INSERT
  5
4F9
330
4F4
100
AcDbEntity
  8
A-DIMS
100
AcDbBlockReference
  2
_OBLIQUE
 10
25318.0
 20
-550.0
 30
0.0
 41
120.0
 42
120.0
  0
INSERT
  5
4FB
330
4F4
100
AcDbEntity
  8
A-DIMS
100
AcDbBlockReference
  2
_OBLIQUE
 10
33336.0
 20
-550.0
 30
0.0
 41
120.0
 42
120.0
  0
LINE
  5
4FD
330
4F4
100
AcDbEntity
  8
0
100
AcDbLine
 10
25318.0
 20
-550.0
 30
0.0
 11
33336.0
 21
-550.0
 31
0.0
  0
MTEXT
  5
4FE
330
4F4
100
AcDbEntity
  8
A-DIMS
100
AcDbMText
 10
29327.0
 20
-400.0
 30
0.0
 40
180.0
 71
5
  1
8018
  7
OpenSansCondensed-Light
  0
POINT
  5
4FF
330
4F4
100
AcDbEntity
  8
Defpoints
100
AcDbPoint
 10
25318.0
 20
-550.0
 30
0.0
  0
POINT
  5
500
330
4F4
100
AcDbEntity
  8
Defpoints
100
AcDbPoint
 10
25318.0
 20
0.0
 30
0.0
  0
POINT
  5
501
330
4F4
100
AcDbEntity
  8
Defpoints
100
AcDbPoint
 10
33336.0
 20
0.0
 30
0.0
  0
ENDBLK
  5
4F6
330
4F4
100
AcDbEntity
  8
0
100
AcDbBlockEnd
  0
BLOCK
  5
504
330
503
100
AcDbEntity
  8
0
100
AcDbBlockBegin
  2
*D33
 70
1
 10
0.0
 20
0.0
 30
0.0
  3
*D33
  1

  0
LINE
  5
506
330
503
100
AcDbEntity
  8
0
100
AcDbLine
 10
22668.0
 20
-120.0
 30
0.0
 11
22668.0
 21
-1120.0
 31
0.0
  0
LINE
  5
507
330
503
100
AcDbEntity
  8
0
100
AcDbLine
 10
33336.0
 20
-120.0
 30
0.0
 11
33336.0
 21
-1120.0
 31
0.0
  0
INSERT
  5
508
330
503
100
AcDbEntity
  8
A-DIMS
100
AcDbBlockReference
  2
_OBLIQUE
 10
22668.0
 20
-1000.0
 30
0.0
 41
120.0
 42
120.0
  0
INSERT
  5
50A
330
503
100
AcDbEntity
  8
A-DIMS
100
AcDbBlockReference
  2
_OBLIQUE
 10
33336.0
 20
-1000.0
 30
0.0
 41
120.0
 42
120.0
  0
LINE
  5
50C
330
503
100
AcDbEntity
  8
0
100
AcDbLine
 10
22668.0
 20
-1000.0
 30
0.0
 11
33336.0
 21
-1000.0
 31
0.0
  0
MTEXT
  5
50D
330
503
100
AcDbEntity
  8
A-DIMS
100
AcDbMText
 10
28002.0
 20
-850.0
 30
0.0
 40
180.0
 71
5
  1
10668
  7
OpenSansCondensed-Light
  0
POINT
  5
50E
330
503
100
AcDbEntity
  8
Defpoints
100
AcDbPoint
 10
22668.0
 20
-1000.0
 30
0.0
  0
POINT
  5
50F
330
503
100
AcDbEntity
  8
Defpoints
100
AcDbPoint
 10
22668.0
 20
0.0
 30
0.0
  0
POINT
  5
510
330
503
100
AcDbEntity
  8
Defpoints
100
AcDbPoint
 10
33336.0
 20
0.0
 30
0.0
  0
ENDBLK
  5
505
330
503
100
AcDbEntity
  8
0
100
AcDbBlockEnd
  0
BLOCK
  5
513
330
512
100
AcDbEntity
  8
0
100
AcDbBlockBegin
  2
*D34
 70
1
 10
0.0
 20
0.0
 30
0.0
  3
*D34
  1

  0
LINE
  5
515
330
512
100
AcDbEntity
  8
0
100
AcDbLine
 10
22668.0
 20
12922.0
 30
0.0
 11
22668.0
 21
13472.0
 31
0.0
  0
LINE
  5
516
330
512
100
AcDbEntity
  8
0
100
AcDbLine
 10
33336.0
 20
12922.0
 30
0.0
 11
33336.0
 21
13472.0
 31
0.0
  0
INSERT
  5
517
330
512
100
AcDbEntity
  8
A-DIMS
100
AcDbBlockReference
  2
_OBLIQUE
 10
22668.0
 20
13352.0
 30
0.0
 41
120.0
 42
120.0
  0
INSERT
  5
519
330
512
100
AcDbEntity
  8
A-DIMS
100
AcDbBlockReference
  2
_OBLIQUE
 10
33336.0
 20
13352.0
 30
0.0
 41
120.0
 42
120.0
  0
LINE
  5
51B
330
512
100
AcDbEntity
  8
0
100
AcDbLine
 10
22668.0
 20
13352.0
 30
0.0
 11
33336.0
 21
13352.0
 31
0.0
  0
MTEXT
  5
51C
330
512
100
AcDbEntity
  8
A-DIMS
100
AcDbMText
 10
28002.0
 20
13502.0
 30
0.0
 40
180.0
 71
5
  1
10668
  7
OpenSansCondensed-Light
  0
POINT
  5
51D
330
512
100
AcDbEntity
  8
Defpoints
100
AcDbPoint
 10
22668.0
 20
13352.0
 30
0.0
  0
POINT
  5
51E
330
512
100
AcDbEntity
  8
Defpoints
100
AcDbPoint
 10
22668.0
 20
12802.0
 30
0.0
  0
POINT
  5
51F
330
512
100
AcDbEntity
  8
Defpoints
100
AcDbPoint
 10
33336.0
 20
12802.0
 30
0.0
  0
ENDBLK
  5
514
330
512
100
AcDbEntity
  8
0
100
AcDbBlockEnd
  0
BLOCK
  5
522
330
521
100
AcDbEntity
  8
0
100
AcDbBlockBegin
  2
*D35
 70
1
 10
0.0
 20
0.0
 30
0.0
  3
*D35
  1

  0
LINE
  5
524
330
521
100
AcDbEntity
  8
0
100
AcDbLine
 10
22548.0
 20
0.0
 30
0.0
 11
21998.0
 21
0.0
 31
0.0
  0
LINE
  5
525
330
521
100
AcDbEntity
  8
0
100
AcDbLine
 10
22548.0
 20
950.0
 30
0.0
 11
21998.0
 21
950.0
 31
0.0
  0
INSERT
  5
526
330
521
100
AcDbEntity
  8
A-DIMS
100
AcDbBlockReference
  2
_OBLIQUE
 10
22118.0
 20
0.0
 30
0.0
 41
120.0
 42
120.0
 50
90.0
  0
INSERT
  5
528
330
521
100
AcDbEntity
  8
A-DIMS
100
AcDbBlockReference
  2
_OBLIQUE
 10
22118.0
 20
950.0
 30
0.0
 41
120.0
 42
120.0
 50
90.0
  0
LINE
  5
52A
330
521
100
AcDbEntity
  8
0
100
AcDbLine
 10
22118.0
 20
0.0
 30
0.0
 11
22118.0
 21
950.0
 31
0.0
  0
MTEXT
  5
52B
330
521
100
AcDbEntity
  8
A-DIMS
100
AcDbMText
 10
21968.0
 20
475.0
 30
0.0
 40
180.0
 71
5
  1
950
  7
OpenSansCondensed-Light
 50
90.0
  0
POINT
  5
52C
330
521
100
AcDbEntity
  8
Defpoints
100
AcDbPoint
 10
22118.0
 20
0.0
 30
0.0
  0
POINT
  5
52D
330
521
100
AcDbEntity
  8
Defpoints
100
AcDbPoint
 10
22668.0
 20
0.0
 30
0.0
  0
POINT
  5
52E
330
521
100
AcDbEntity
  8
Defpoints
100
AcDbPoint
 10
22668.0
 20
950.0
 30
0.0
  0
ENDBLK
  5
523
330
521
100
AcDbEntity
  8
0
100
AcDbBlockEnd
  0
BLOCK
  5
531
330
530
100
AcDbEntity
  8
0
100
AcDbBlockBegin
  2
*D36
 70
1
 10
0.0
 20
0.0
 30
0.0
  3
*D36
  1

  0
LINE
  5
533
330
530
100
AcDbEntity
  8
0
100
AcDbLine
 10
22548.0
 20
950.0
 30
0.0
 11
21998.0
 21
950.0
 31
0.0
  0
LINE
  5
534
330
530
100
AcDbEntity
  8
0
100
AcDbLine
 10
22548.0
 20
2750.0
 30
0.0
 11
21998.0
 21
2750.0
 31
0.0
  0
INSERT
  5
535
330
530
100
AcDbEntity
  8
A-DIMS
100
AcDbBlockReference
  2
_OBLIQUE
 10
22118.0
 20
950.0
 30
0.0
 41
120.0
 42
120.0
 50
90.0
  0
INSERT
  5
537
330
530
100
AcDbEntity
  8
A-DIMS
100
AcDbBlockReference
  2
_OBLIQUE
 10
22118.0
 20
2750.0
 30
0.0
 41
120.0
 42
120.0
 50
90.0
  0
LINE
  5
539
330
530
100
AcDbEntity
  8
0
100
AcDbLine
 10
22118.0
 20
950.0
 30
0.0
 11
22118.0
 21
2750.0
 31
0.0
  0
MTEXT
  5
53A
330
530
100
AcDbEntity
  8
A-DIMS
100
AcDbMText
 10
21968.0
 20
1850.0
 30
0.0
 40
180.0
 71
5
  1
1800
  7
OpenSansCondensed-Light
 50
90.0
  0
POINT
  5
53B
330
530
100
AcDbEntity
  8
Defpoints
100
AcDbPoint
 10
22118.0
 20
950.0
 30
0.0
  0
POINT
  5
53C
330
530
100
AcDbEntity
  8
Defpoints
100
AcDbPoint
 10
22668.0
 20
950.0
 30
0.0
  0
POINT
  5
53D
330
530
100
AcDbEntity
  8
Defpoints
100
AcDbPoint
 10
22668.0
 20
2750.0
 30
0.0
  0
ENDBLK
  5
532
330
530
100
AcDbEntity
  8
0
100
AcDbBlockEnd
  0
BLOCK
  5
540
330
53F
100
AcDbEntity
  8
0
100
AcDbBlockBegin
  2
*D37
 70
1
 10
0.0
 20
0.0
 30
0.0
  3
*D37
  1

  0
LINE
  5
542
330
53F
100
AcDbEntity
  8
0
100
AcDbLine
 10
22548.0
 20
2750.0
 30
0.0
 11
21998.0
 21
2750.0
 31
0.0
  0
LINE
  5
543
330
53F
100
AcDbEntity
  8
0
100
AcDbLine
 10
22548.0
 20
5800.0
 30
0.0
 11
21998.0
 21
5800.0
 31
0.0
  0
INSERT
  5
544
330
53F
100
AcDbEntity
  8
A-DIMS
100
AcDbBlockReference
  2
_OBLIQUE
 10
22118.0
 20
2750.0
 30
0.0
 41
120.0
 42
120.0
 50
90.0
  0
INSERT
  5
546
330
53F
100
AcDbEntity
  8
A-DIMS
100
AcDbBlockReference
  2
_OBLIQUE
 10
22118.0
 20
5800.0
 30
0.0
 41
120.0
 42
120.0
 50
90.0
  0
LINE
  5
548
330
53F
100
AcDbEntity
  8
0
100
AcDbLine
 10
22118.0
 20
2750.0
 30
0.0
 11
22118.0
 21
5800.0
 31
0.0
  0
MTEXT
  5
549
330
53F
100
AcDbEntity
  8
A-DIMS
100
AcDbMText
 10
21968.0
 20
4275.0
 30
0.0
 40
180.0
 71
5
  1
3050
  7
OpenSansCondensed-Light
 50
90.0
  0
POINT
  5
54A
330
53F
100
AcDbEntity
  8
Defpoints
100
AcDbPoint
 10
22118.0
 20
2750.0
 30
0.0
  0
POINT
  5
54B
330
53F
100
AcDbEntity
  8
Defpoints
100
AcDbPoint
 10
22668.0
 20
2750.0
 30
0.0
  0
POINT
  5
54C
330
53F
100
AcDbEntity
  8
Defpoints
100
AcDbPoint
 10
22668.0
 20
5800.0
 30
0.0
  0
ENDBLK
  5
541
330
53F
100
AcDbEntity
  8
0
100
AcDbBlockEnd
  0
BLOCK
  5
54F
330
54E
100
AcDbEntity
  8
0
100
AcDbBlockBegin
  2
*D38
 70
1
 10
0.0
 20
0.0
 30
0.0
  3
*D38
  1

  0
LINE
  5
551
330
54E
100
AcDbEntity
  8
0
100
AcDbLine
 10
22548.0
 20
5800.0
 30
0.0
 11
21998.0
 21
5800.0
 31
0.0
  0
LINE
  5
552
330
54E
100
AcDbEntity
  8
0
100
AcDbLine
 10
22548.0
 20
7600.0
 30
0.0
 11
21998.0
 21
7600.0
 31
0.0
  0
INSERT
  5
553
330
54E
100
AcDbEntity
  8
A-DIMS
100
AcDbBlockReference
  2
_OBLIQUE
 10
22118.0
 20
5800.0
 30
0.0
 41
120.0
 42
120.0
 50
90.0
  0
INSERT
  5
555
330
54E
100
AcDbEntity
  8
A-DIMS
100
AcDbBlockReference
  2
_OBLIQUE
 10
22118.0
 20
7600.0
 30
0.0
 41
120.0
 42
120.0
 50
90.0
  0
LINE
  5
557
330
54E
100
AcDbEntity
  8
0
100
AcDbLine
 10
22118.0
 20
5800.0
 30
0.0
 11
22118.0
 21
7600.0
 31
0.0
  0
MTEXT
  5
558
330
54E
100
AcDbEntity
  8
A-DIMS
100
AcDbMText
 10
21968.0
 20
6700.0
 30
0.0
 40
180.0
 71
5
  1
1800
  7
OpenSansCondensed-Light
 50
90.0
  0
POINT
  5
559
330
54E
100
AcDbEntity
  8
Defpoints
100
AcDbPoint
 10
22118.0
 20
5800.0
 30
0.0
  0
POINT
  5
55A
330
54E
100
AcDbEntity
  8
Defpoints
100
AcDbPoint
 10
22668.0
 20
5800.0
 30
0.0
  0
POINT
  5
55B
330
54E
100
AcDbEntity
  8
Defpoints
100
AcDbPoint
 10
22668.0
 20
7600.0
 30
0.0
  0
ENDBLK
  5
550
330
54E
100
AcDbEntity
  8
0
100
AcDbBlockEnd
  0
BLOCK
  5
55E
330
55D
100
AcDbEntity
  8
0
100
AcDbBlockBegin
  2
*D39
 70
1
 10
0.0
 20
0.0
 30
0.0
  3
*D39
  1

  0
LINE
  5
560
330
55D
100
AcDbEntity
  8
0
100
AcDbLine
 10
22548.0
 20
7600.0
 30
0.0
 11
21998.0
 21
7600.0
 31
0.0
  0
LINE
  5
561
330
55D
100
AcDbEntity
  8
0
100
AcDbLine
 10
22548.0
 20
9750.0
 30
0.0
 11
21998.0
 21
9750.0
 31
0.0
  0
INSERT
  5
562
330
55D
100
AcDbEntity
  8
A-DIMS
100
AcDbBlockReference
  2
_OBLIQUE
 10
22118.0
 20
7600.0
 30
0.0
 41
120.0
 42
120.0
 50
90.0
  0
INSERT
  5
564
330
55D
100
AcDbEntity
  8
A-DIMS
100
AcDbBlockReference
  2
_OBLIQUE
 10
22118.0
 20
9750.0
 30
0.0
 41
120.0
 42
120.0
 50
90.0
  0
LINE
  5
566
330
55D
100
AcDbEntity
  8
0
100
AcDbLine
 10
22118.0
 20
7600.0
 30
0.0
 11
22118.0
 21
9750.0
 31
0.0
  0
MTEXT
  5
567
330
55D
100
AcDbEntity
  8
A-DIMS
100
AcDbMText
 10
21968.0
 20
8675.0
 30
0.0
 40
180.0
 71
5
  1
2150
  7
OpenSansCondensed-Light
 50
90.0
  0
POINT
  5
568
330
55D
100
AcDbEntity
  8
Defpoints
100
AcDbPoint
 10
22118.0
 20
7600.0
 30
0.0
  0
POINT
  5
569
330
55D
100
AcDbEntity
  8
Defpoints
100
AcDbPoint
 10
22668.0
 20
7600.0
 30
0.0
  0
POINT
  5
56A
330
55D
100
AcDbEntity
  8
Defpoints
100
AcDbPoint
 10
22668.0
 20
9750.0
 30
0.0
  0
ENDBLK
  5
55F
330
55D
100
AcDbEntity
  8
0
100
AcDbBlockEnd
  0
BLOCK
  5
56D
330
56C
100
AcDbEntity
  8
0
100
AcDbBlockBegin
  2
*D40
 70
1
 10
0.0
 20
0.0
 30
0.0
  3
*D40
  1

  0
LINE
  5
56F
330
56C
100
AcDbEntity
  8
0
100
AcDbLine
 10
22548.0
 20
9750.0
 30
0.0
 11
21998.0
 21
9750.0
 31
0.0
  0
LINE
  5
570
330
56C
100
AcDbEntity
  8
0
100
AcDbLine
 10
22548.0
 20
11750.0
 30
0.0
 11
21998.0
 21
11750.0
 31
0.0
  0
INSERT
  5
571
330
56C
100
AcDbEntity
  8
A-DIMS
100
AcDbBlockReference
  2
_OBLIQUE
 10
22118.0
 20
9750.0
 30
0.0
 41
120.0
 42
120.0
 50
90.0
  0
INSERT
  5
573
330
56C
100
AcDbEntity
  8
A-DIMS
100
AcDbBlockReference
  2
_OBLIQUE
 10
22118.0
 20
11750.0
 30
0.0
 41
120.0
 42
120.0
 50
90.0
  0
LINE
  5
575
330
56C
100
AcDbEntity
  8
0
100
AcDbLine
 10
22118.0
 20
9750.0
 30
0.0
 11
22118.0
 21
11750.0
 31
0.0
  0
MTEXT
  5
576
330
56C
100
AcDbEntity
  8
A-DIMS
100
AcDbMText
 10
21968.0
 20
10750.0
 30
0.0
 40
180.0
 71
5
  1
2000
  7
OpenSansCondensed-Light
 50
90.0
  0
POINT
  5
577
330
56C
100
AcDbEntity
  8
Defpoints
100
AcDbPoint
 10
22118.0
 20
9750.0
 30
0.0
  0
POINT
  5
578
330
56C
100
AcDbEntity
  8
Defpoints
100
AcDbPoint
 10
22668.0
 20
9750.0
 30
0.0
  0
POINT
  5
579
330
56C
100
AcDbEntity
  8
Defpoints
100
AcDbPoint
 10
22668.0
 20
11750.0
 30
0.0
  0
ENDBLK
  5
56E
330
56C
100
AcDbEntity
  8
0
100
AcDbBlockEnd
  0
BLOCK
  5
57C
330
57B
100
AcDbEntity
  8
0
100
AcDbBlockBegin
  2
*D41
 70
1
 10
0.0
 20
0.0
 30
0.0
  3
*D41
  1

  0
LINE
  5
57E
330
57B
100
AcDbEntity
  8
0
100
AcDbLine
 10
22548.0
 20
11750.0
 30
0.0
 11
21998.0
 21
11750.0
 31
0.0
  0
LINE
  5
57F
330
57B
100
AcDbEntity
  8
0
100
AcDbLine
 10
22548.0
 20
12802.0
 30
0.0
 11
21998.0
 21
12802.0
 31
0.0
  0
INSERT
  5
580
330
57B
100
AcDbEntity
  8
A-DIMS
100
AcDbBlockReference
  2
_OBLIQUE
 10
22118.0
 20
11750.0
 30
0.0
 41
120.0
 42
120.0
 50
90.0
  0
INSERT
  5
582
330
57B
100
AcDbEntity
  8
A-DIMS
100
AcDbBlockReference
  2
_OBLIQUE
 10
22118.0
 20
12802.0
 30
0.0
 41
120.0
 42
120.0
 50
90.0
  0
LINE
  5
584
330
57B
100
AcDbEntity
  8
0
100
AcDbLine
 10
22118.0
 20
11750.0
 30
0.0
 11
22118.0
 21
12802.0
 31
0.0
  0
MTEXT
  5
585
330
57B
100
AcDbEntity
  8
A-DIMS
100
AcDbMText
 10
21968.0
 20
12276.0
 30
0.0
 40
180.0
 71
5
  1
1052
  7
OpenSansCondensed-Light
 50
90.0
  0
POINT
  5
586
330
57B
100
AcDbEntity
  8
Defpoints
100
AcDbPoint
 10
22118.0
 20
11750.0
 30
0.0
  0
POINT
  5
587
330
57B
100
AcDbEntity
  8
Defpoints
100
AcDbPoint
 10
22668.0
 20
11750.0
 30
0.0
  0
POINT
  5
588
330
57B
100
AcDbEntity
  8
Defpoints
100
AcDbPoint
 10
22668.0
 20
12802.0
 30
0.0
  0
ENDBLK
  5
57D
330
57B
100
AcDbEntity
  8
0
100
AcDbBlockEnd
  0
BLOCK
  5
58B
330
58A
100
AcDbEntity
  8
0
100
AcDbBlockBegin
  2
*D42
 70
1
 10
0.0
 20
0.0
 30
0.0
  3
*D42
  1

  0
LINE
  5
58D
330
58A
100
AcDbEntity
  8
0
100
AcDbLine
 10
22548.0
 20
0.0
 30
0.0
 11
21548.0
 21
0.0
 31
0.0
  0
LINE
  5
58E
330
58A
100
AcDbEntity
  8
0
100
AcDbLine
 10
22548.0
 20
12802.0
 30
0.0
 11
21548.0
 21
12802.0
 31
0.0
  0
INSERT
  5
58F
330
58A
100
AcDbEntity
  8
A-DIMS
100
AcDbBlockReference
  2
_OBLIQUE
 10
21668.0
 20
0.0
 30
0.0
 41
120.0
 42
120.0
 50
90.0
  0
INSERT
  5
591
330
58A
100
AcDbEntity
  8
A-DIMS
100
AcDbBlockReference
  2
_OBLIQUE
 10
21668.0
 20
12802.0
 30
0.0
 41
120.0
 42
120.0
 50
90.0
  0
LINE
  5
593
330
58A
100
AcDbEntity
  8
0
100
AcDbLine
 10
21668.0
 20
0.0
 30
0.0
 11
21668.0
 21
12802.0
 31
0.0
  0
MTEXT
  5
594
330
58A
100
AcDbEntity
  8
A-DIMS
100
AcDbMText
 10
21518.0
 20
6401.0
 30
0.0
 40
180.0
 71
5
  1
12802
  7
OpenSansCondensed-Light
 50
90.0
  0
POINT
  5
595
330
58A
100
AcDbEntity
  8
Defpoints
100
AcDbPoint
 10
21668.0
 20
0.0
 30
0.0
  0
POINT
  5
596
330
58A
100
AcDbEntity
  8
Defpoints
100
AcDbPoint
 10
22668.0
 20
0.0
 30
0.0
  0
POINT
  5
597
330
58A
100
AcDbEntity
  8
Defpoints
100
AcDbPoint
 10
22668.0
 20
12802.0
 30
0.0
  0
ENDBLK
  5
58C
330
58A
100
AcDbEntity
  8
0
100
AcDbBlockEnd
  0
BLOCK
  5
59A
330
599
100
AcDbEntity
  8
0
100
AcDbBlockBegin
  2
*D43
 70
1
 10
0.0
 20
0.0
 30
0.0
  3
*D43
  1

  0
LINE
  5
59C
330
599
100
AcDbEntity
  8
0
100
AcDbLine
 10
33456.0
 20
0.0
 30
0.0
 11
34006.0
 21
0.0
 31
0.0
  0
LINE
  5
59D
330
599
100
AcDbEntity
  8
0
100
AcDbLine
 10
33456.0
 20
9750.0
 30
0.0
 11
34006.0
 21
9750.0
 31
0.0
  0
INSERT
  5
59E
330
599
100
AcDbEntity
  8
A-DIMS
100
AcDbBlockReference
  2
_OBLIQUE
 10
33886.0
 20
0.0
 30
0.0
 41
120.0
 42
120.0
 50
90.0
  0
INSERT
  5
5A0
330
599
100
AcDbEntity
  8
A-DIMS
100
AcDbBlockReference
  2
_OBLIQUE
 10
33886.0
 20
9750.0
 30
0.0
 41
120.0
 42
120.0
 50
90.0
  0
LINE
  5
5A2
330
599
100
AcDbEntity
  8
0
100
AcDbLine
 10
33886.0
 20
0.0
 30
0.0
 11
33886.0
 21
9750.0
 31
0.0
  0
MTEXT
  5
5A3
330
599
100
AcDbEntity
  8
A-DIMS
100
AcDbMText
 10
33736.0
 20
4875.0
 30
0.0
 40
180.0
 71
5
  1
9750
  7
OpenSansCondensed-Light
 50
90.0
  0
POINT
  5
5A4
330
599
100
AcDbEntity
  8
Defpoints
100
AcDbPoint
 10
33886.0
 20
0.0
 30
0.0
  0
POINT
  5
5A5
330
599
100
AcDbEntity
  8
Defpoints
100
AcDbPoint
 10
33336.0
 20
0.0
 30
0.0
  0
POINT
  5
5A6
330
599
100
AcDbEntity
  8
Defpoints
100
AcDbPoint
 10
33336.0
 20
9750.0
 30
0.0
  0
ENDBLK
  5
59B
330
599
100
AcDbEntity
  8
0
100
AcDbBlockEnd
  0
BLOCK
  5
5A9
330
5A8
100
AcDbEntity
  8
0
100
AcDbBlockBegin
  2
*D44
 70
1
 10
0.0
 20
0.0
 30
0.0
  3
*D44
  1

  0
LINE
  5
5AB
330
5A8
100
AcDbEntity
  8
0
100
AcDbLine
 10
33456.0
 20
9750.0
 30
0.0
 11
34006.0
 21
9750.0
 31
0.0
  0
LINE
  5
5AC
330
5A8
100
AcDbEntity
  8
0
100
AcDbLine
 10
33456.0
 20
11750.0
 30
0.0
 11
34006.0
 21
11750.0
 31
0.0
  0
INSERT
  5
5AD
330
5A8
100
AcDbEntity
  8
A-DIMS
100
AcDbBlockReference
  2
_OBLIQUE
 10
33886.0
 20
9750.0
 30
0.0
 41
120.0
 42
120.0
 50
90.0
  0
INSERT
  5
5AF
330
5A8
100
AcDbEntity
  8
A-DIMS
100
AcDbBlockReference
  2
_OBLIQUE
 10
33886.0
 20
11750.0
 30
0.0
 41
120.0
 42
120.0
 50
90.0
  0
LINE
  5
5B1
330
5A8
100
AcDbEntity
  8
0
100
AcDbLine
 10
33886.0
 20
9750.0
 30
0.0
 11
33886.0
 21
11750.0
 31
0.0
  0
MTEXT
  5
5B2
330
5A8
100
AcDbEntity
  8
A-DIMS
100
AcDbMText
 10
33736.0
 20
10750.0
 30
0.0
 40
180.0
 71
5
  1
2000
  7
OpenSansCondensed-Light
 50
90.0
  0
POINT
  5
5B3
330
5A8
100
AcDbEntity
  8
Defpoints
100
AcDbPoint
 10
33886.0
 20
9750.0
 30
0.0
  0
POINT
  5
5B4
330
5A8
100
AcDbEntity
  8
Defpoints
100
AcDbPoint
 10
33336.0
 20
9750.0
 30
0.0
  0
POINT
  5
5B5
330
5A8
100
AcDbEntity
  8
Defpoints
100
AcDbPoint
 10
33336.0
 20
11750.0
 30
0.0
  0
ENDBLK
  5
5AA
330
5A8
100
AcDbEntity
  8
0
100
AcDbBlockEnd
  0
BLOCK
  5
5B8
330
5B7
100
AcDbEntity
  8
0
100
AcDbBlockBegin
  2
*D45
 70
1
 10
0.0
 20
0.0
 30
0.0
  3
*D45
  1

  0
LINE
  5
5BA
330
5B7
100
AcDbEntity
  8
0
100
AcDbLine
 10
33456.0
 20
11750.0
 30
0.0
 11
34006.0
 21
11750.0
 31
0.0
  0
LINE
  5
5BB
330
5B7
100
AcDbEntity
  8
0
100
AcDbLine
 10
33456.0
 20
12802.0
 30
0.0
 11
34006.0
 21
12802.0
 31
0.0
  0
INSERT
  5
5BC
330
5B7
100
AcDbEntity
  8
A-DIMS
100
AcDbBlockReference
  2
_OBLIQUE
 10
33886.0
 20
11750.0
 30
0.0
 41
120.0
 42
120.0
 50
90.0
  0
INSERT
  5
5BE
330
5B7
100
AcDbEntity
  8
A-DIMS
100
AcDbBlockReference
  2
_OBLIQUE
 10
33886.0
 20
12802.0
 30
0.0
 41
120.0
 42
120.0
 50
90.0
  0
LINE
  5
5C0
330
5B7
100
AcDbEntity
  8
0
100
AcDbLine
 10
33886.0
 20
11750.0
 30
0.0
 11
33886.0
 21
12802.0
 31
0.0
  0
MTEXT
  5
5C1
330
5B7
100
AcDbEntity
  8
A-DIMS
100
AcDbMText
 10
33736.0
 20
12276.0
 30
0.0
 40
180.0
 71
5
  1
1052
  7
OpenSansCondensed-Light
 50
90.0
  0
POINT
  5
5C2
330
5B7
100
AcDbEntity
  8
Defpoints
100
AcDbPoint
 10
33886.0
 20
11750.0
 30
0.0
  0
POINT
  5
5C3
330
5B7
100
AcDbEntity
  8
Defpoints
100
AcDbPoint
 10
33336.0
 20
11750.0
 30
0.0
  0
POINT
  5
5C4
330
5B7
100
AcDbEntity
  8
Defpoints
100
AcDbPoint
 10
33336.0
 20
12802.0
 30
0.0
  0
ENDBLK
  5
5B9
330
5B7
100
AcDbEntity
  8
0
100
AcDbBlockEnd
  0
BLOCK
  5
5C7
330
5C6
100
AcDbEntity
  8
0
100
AcDbBlockBegin
  2
*D46
 70
1
 10
0.0
 20
0.0
 30
0.0
  3
*D46
  1

  0
LINE
  5
5C9
330
5C6
100
AcDbEntity
  8
0
100
AcDbLine
 10
33456.0
 20
0.0
 30
0.0
 11
34456.0
 21
0.0
 31
0.0
  0
LINE
  5
5CA
330
5C6
100
AcDbEntity
  8
0
100
AcDbLine
 10
33456.0
 20
12802.0
 30
0.0
 11
34456.0
 21
12802.0
 31
0.0
  0
INSERT
  5
5CB
330
5C6
100
AcDbEntity
  8
A-DIMS
100
AcDbBlockReference
  2
_OBLIQUE
 10
34336.0
 20
0.0
 30
0.0
 41
120.0
 42
120.0
 50
90.0
  0
INSERT
  5
5CD
330
5C6
100
AcDbEntity
  8
A-DIMS
100
AcDbBlockReference
  2
_OBLIQUE
 10
34336.0
 20
12802.0
 30
0.0
 41
120.0
 42
120.0
 50
90.0
  0
LINE
  5
5CF
330
5C6
100
AcDbEntity
  8
0
100
AcDbLine
 10
34336.0
 20
0.0
 30
0.0
 11
34336.0
 21
12802.0
 31
0.0
  0
MTEXT
  5
5D0
330
5C6
100
AcDbEntity
  8
A-DIMS
100
AcDbMText
 10
34186.0
 20
6401.0
 30
0.0
 40
180.0
 71
5
  1
12802
  7
OpenSansCondensed-Light
 50
90.0
  0
POINT
  5
5D1
330
5C6
100
AcDbEntity
  8
Defpoints
100
AcDbPoint
 10
34336.0
 20
0.0
 30
0.0
  0
POINT
  5
5D2
330
5C6
100
AcDbEntity
  8
Defpoints
100
AcDbPoint
 10
33336.0
 20
0.0
 30
0.0
  0
POINT
  5
5D3
330
5C6
100
AcDbEntity
  8
Defpoints
100
AcDbPoint
 10
33336.0
 20
12802.0
 30
0.0
  0
ENDBLK
  5
5C8
330
5C6
100
AcDbEntity
  8
0
100
AcDbBlockEnd
  0
BLOCK
  5
601
330
600
100
AcDbEntity
  8
0
100
AcDbBlockBegin
  2
*Paper_Space1
 70
0
 10
0.0
 20
0.0
 30
0.0
  3
*Paper_Space1
  1

  0
VIEWPORT
  5
604
330
600
100
AcDbEntity
 67
1
  8
VIEWPORTS
100
AcDbViewport
 10
200.0
 20
138.5
 30
0.0
 40
462.00000000000006
 41
326.70000000000005
 68
1
 69
1
 12
200.0
 22
138.5
 13
0.0
 23
0.0
 14
10.0
 24
10.0
 15
10.0
 25
10.0
 16
0.0
 26
0.0
 36
1.0
 17
0.0
 27
0.0
 37
0.0
 42
50.0
 43
0.0
 44
0.0
 45
326.70000000000005
 50
0.0
 51
0.0
 72
100
 90
557088
  1

281
0
 71
0
 74
0
110
0.0
120
0.0
130
0.0
111
1.0
121
0.0
131
0.0
112
0.0
122
1.0
132
0.0
 79
0
146
0.0
282
0
  0
VIEWPORT
  5
605
330
600
100
AcDbEntity
 67
1
  8
VIEWPORTS
100
AcDbViewport
 10
140.0
 20
145.0
 30
0.0
 40
240.0
 41
230.0
 68
2
 69
3
 12
28002.0
 22
6401.0
 13
0.0
 23
0.0
 14
10.0
 24
10.0
 15
10.0
 25
10.0
 16
0.0
 26
0.0
 36
1.0
 17
0.0
 27
0.0
 37
0.0
 42
50.0
 43
0.0
 44
0.0
 45
21802.0
 50
0.0
 51
0.0
 72
100
 90
0
  1

281
0
 71
0
 74
0
110
0.0
120
0.0
130
0.0
111
1.0
121
0.0
131
0.0
112
0.0
122
1.0
132
0.0
 79
0
146
0.0
282
0
  0
TEXT
  5
606
330
600
100
AcDbEntity
 67
1
  8
0
100
AcDbText
 10
268.0
 20
255.0
 30
0.0
 40
4.0
  1
FLOORFORGE / PRELIMINARY
 11
268.0
 21
255.0
 31
0.0
100
AcDbText
  0
ENDBLK
  5
602
330
600
100
AcDbEntity
  8
0
100
AcDbBlockEnd
  0
BLOCK
  5
620
330
61F
100
AcDbEntity
  8
0
100
AcDbBlockBegin
  2
*D47
 70
1
 10
0.0
 20
0.0
 30
0.0
  3
*D47
  1

  0
LINE
  5
622
330
61F
100
AcDbEntity
  8
0
100
AcDbLine
 10
45336.0
 20
-120.0
 30
0.0
 11
45336.0
 21
-670.0
 31
0.0
  0
LINE
  5
623
330
61F
100
AcDbEntity
  8
0
100
AcDbLine
 10
56004.0
 20
-120.0
 30
0.0
 11
56004.0
 21
-670.0
 31
0.0
  0
INSERT
  5
624
330
61F
100
AcDbEntity
  8
A-DIMS
100
AcDbBlockReference
  2
_OBLIQUE
 10
45336.0
 20
-550.0
 30
0.0
 41
120.0
 42
120.0
  0
INSERT
  5
626
330
61F
100
AcDbEntity
  8
A-DIMS
100
AcDbBlockReference
  2
_OBLIQUE
 10
56004.0
 20
-550.0
 30
0.0
 41
120.0
 42
120.0
  0
LINE
  5
628
330
61F
100
AcDbEntity
  8
0
100
AcDbLine
 10
45336.0
 20
-550.0
 30
0.0
 11
56004.0
 21
-550.0
 31
0.0
  0
MTEXT
  5
629
330
61F
100
AcDbEntity
  8
A-DIMS
100
AcDbMText
 10
50670.0
 20
-400.0
 30
0.0
 40
180.0
 71
5
  1
10668
  7
OpenSansCondensed-Light
  0
POINT
  5
62A
330
61F
100
AcDbEntity
  8
Defpoints
100
AcDbPoint
 10
45336.0
 20
-550.0
 30
0.0
  0
POINT
  5
62B
330
61F
100
AcDbEntity
  8
Defpoints
100
AcDbPoint
 10
45336.0
 20
0.0
 30
0.0
  0
POINT
  5
62C
330
61F
100
AcDbEntity
  8
Defpoints
100
AcDbPoint
 10
56004.0
 20
0.0
 30
0.0
  0
ENDBLK
  5
621
330
61F
100
AcDbEntity
  8
0
100
AcDbBlockEnd
  0
BLOCK
  5
62F
330
62E
100
AcDbEntity
  8
0
100
AcDbBlockBegin
  2
*D48
 70
1
 10
0.0
 20
0.0
 30
0.0
  3
*D48
  1

  0
LINE
  5
631
330
62E
100
AcDbEntity
  8
0
100
AcDbLine
 10
45336.0
 20
12922.0
 30
0.0
 11
45336.0
 21
13472.0
 31
0.0
  0
LINE
  5
632
330
62E
100
AcDbEntity
  8
0
100
AcDbLine
 10
56004.0
 20
12922.0
 30
0.0
 11
56004.0
 21
13472.0
 31
0.0
  0
INSERT
  5
633
330
62E
100
AcDbEntity
  8
A-DIMS
100
AcDbBlockReference
  2
_OBLIQUE
 10
45336.0
 20
13352.0
 30
0.0
 41
120.0
 42
120.0
  0
INSERT
  5
635
330
62E
100
AcDbEntity
  8
A-DIMS
100
AcDbBlockReference
  2
_OBLIQUE
 10
56004.0
 20
13352.0
 30
0.0
 41
120.0
 42
120.0
  0
LINE
  5
637
330
62E
100
AcDbEntity
  8
0
100
AcDbLine
 10
45336.0
 20
13352.0
 30
0.0
 11
56004.0
 21
13352.0
 31
0.0
  0
MTEXT
  5
638
330
62E
100
AcDbEntity
  8
A-DIMS
100
AcDbMText
 10
50670.0
 20
13502.0
 30
0.0
 40
180.0
 71
5
  1
10668
  7
OpenSansCondensed-Light
  0
POINT
  5
639
330
62E
100
AcDbEntity
  8
Defpoints
100
AcDbPoint
 10
45336.0
 20
13352.0
 30
0.0
  0
POINT
  5
63A
330
62E
100
AcDbEntity
  8
Defpoints
100
AcDbPoint
 10
45336.0
 20
12802.0
 30
0.0
  0
POINT
  5
63B
330
62E
100
AcDbEntity
  8
Defpoints
100
AcDbPoint
 10
56004.0
 20
12802.0
 30
0.0
  0
ENDBLK
  5
630
330
62E
100
AcDbEntity
  8
0
100
AcDbBlockEnd
  0
BLOCK
  5
63E
330
63D
100
AcDbEntity
  8
0
100
AcDbBlockBegin
  2
*D49
 70
1
 10
0.0
 20
0.0
 30
0.0
  3
*D49
  1

  0
LINE
  5
640
330
63D
100
AcDbEntity
  8
0
100
AcDbLine
 10
45216.0
 20
0.0
 30
0.0
 11
44666.0
 21
0.0
 31
0.0
  0
LINE
  5
641
330
63D
100
AcDbEntity
  8
0
100
AcDbLine
 10
45216.0
 20
12802.0
 30
0.0
 11
44666.0
 21
12802.0
 31
0.0
  0
INSERT
  5
642
330
63D
100
AcDbEntity
  8
A-DIMS
100
AcDbBlockReference
  2
_OBLIQUE
 10
44786.0
 20
0.0
 30
0.0
 41
120.0
 42
120.0
 50
90.0
  0
INSERT
  5
644
330
63D
100
AcDbEntity
  8
A-DIMS
100
AcDbBlockReference
  2
_OBLIQUE
 10
44786.0
 20
12802.0
 30
0.0
 41
120.0
 42
120.0
 50
90.0
  0
LINE
  5
646
330
63D
100
AcDbEntity
  8
0
100
AcDbLine
 10
44786.0
 20
0.0
 30
0.0
 11
44786.0
 21
12802.0
 31
0.0
  0
MTEXT
  5
647
330
63D
100
AcDbEntity
  8
A-DIMS
100
AcDbMText
 10
44636.0
 20
6401.0
 30
0.0
 40
180.0
 71
5
  1
12802
  7
OpenSansCondensed-Light
 50
90.0
  0
POINT
  5
648
330
63D
100
AcDbEntity
  8
Defpoints
100
AcDbPoint
 10
44786.0
 20
0.0
 30
0.0
  0
POINT
  5
649
330
63D
100
AcDbEntity
  8
Defpoints
100
AcDbPoint
 10
45336.0
 20
0.0
 30
0.0
  0
POINT
  5
64A
330
63D
100
AcDbEntity
  8
Defpoints
100
AcDbPoint
 10
45336.0
 20
12802.0
 30
0.0
  0
ENDBLK
  5
63F
330
63D
100
AcDbEntity
  8
0
100
AcDbBlockEnd
  0
BLOCK
  5
64D
330
64C
100
AcDbEntity
  8
0
100
AcDbBlockBegin
  2
*D50
 70
1
 10
0.0
 20
0.0
 30
0.0
  3
*D50
  1

  0
LINE
  5
64F
330
64C
100
AcDbEntity
  8
0
100
AcDbLine
 10
56124.0
 20
0.0
 30
0.0
 11
56674.0
 21
0.0
 31
0.0
  0
LINE
  5
650
330
64C
100
AcDbEntity
  8
0
100
AcDbLine
 10
56124.0
 20
12802.0
 30
0.0
 11
56674.0
 21
12802.0
 31
0.0
  0
INSERT
  5
651
330
64C
100
AcDbEntity
  8
A-DIMS
100
AcDbBlockReference
  2
_OBLIQUE
 10
56554.0
 20
0.0
 30
0.0
 41
120.0
 42
120.0
 50
90.0
  0
INSERT
  5
653
330
64C
100
AcDbEntity
  8
A-DIMS
100
AcDbBlockReference
  2
_OBLIQUE
 10
56554.0
 20
12802.0
 30
0.0
 41
120.0
 42
120.0
 50
90.0
  0
LINE
  5
655
330
64C
100
AcDbEntity
  8
0
100
AcDbLine
 10
56554.0
 20
0.0
 30
0.0
 11
56554.0
 21
12802.0
 31
0.0
  0
MTEXT
  5
656
330
64C
100
AcDbEntity
  8
A-DIMS
100
AcDbMText
 10
56404.0
 20
6401.0
 30
0.0
 40
180.0
 71
5
  1
12802
  7
OpenSansCondensed-Light
 50
90.0
  0
POINT
  5
657
330
64C
100
AcDbEntity
  8
Defpoints
100
AcDbPoint
 10
56554.0
 20
0.0
 30
0.0
  0
POINT
  5
658
330
64C
100
AcDbEntity
  8
Defpoints
100
AcDbPoint
 10
56004.0
 20
0.0
 30
0.0
  0
POINT
  5
659
330
64C
100
AcDbEntity
  8
Defpoints
100
AcDbPoint
 10
56004.0
 20
12802.0
 30
0.0
  0
ENDBLK
  5
64E
330
64C
100
AcDbEntity
  8
0
100
AcDbBlockEnd
  0
BLOCK
  5
678
330
677
100
AcDbEntity
  8
0
100
AcDbBlockBegin
  2
*Paper_Space2
 70
0
 10
0.0
 20
0.0
 30
0.0
  3
*Paper_Space2
  1

  0
VIEWPORT
  5
67B
330
677
100
AcDbEntity
 67
1
  8
VIEWPORTS
100
AcDbViewport
 10
200.0
 20
138.5
 30
0.0
 40
462.00000000000006
 41
326.70000000000005
 68
1
 69
1
 12
200.0
 22
138.5
 13
0.0
 23
0.0
 14
10.0
 24
10.0
 15
10.0
 25
10.0
 16
0.0
 26
0.0
 36
1.0
 17
0.0
 27
0.0
 37
0.0
 42
50.0
 43
0.0
 44
0.0
 45
326.70000000000005
 50
0.0
 51
0.0
 72
100
 90
557088
  1

281
0
 71
0
 74
0
110
0.0
120
0.0
130
0.0
111
1.0
121
0.0
131
0.0
112
0.0
122
1.0
132
0.0
 79
0
146
0.0
282
0
  0
VIEWPORT
  5
67C
330
677
100
AcDbEntity
 67
1
  8
VIEWPORTS
100
AcDbViewport
 10
140.0
 20
145.0
 30
0.0
 40
240.0
 41
230.0
 68
2
 69
3
 12
50670.0
 22
6401.0
 13
0.0
 23
0.0
 14
10.0
 24
10.0
 15
10.0
 25
10.0
 16
0.0
 26
0.0
 36
1.0
 17
0.0
 27
0.0
 37
0.0
 42
50.0
 43
0.0
 44
0.0
 45
21802.0
 50
0.0
 51
0.0
 72
100
 90
0
  1

281
0
 71
0
 74
0
110
0.0
120
0.0
130
0.0
111
1.0
121
0.0
131
0.0
112
0.0
122
1.0
132
0.0
 79
0
146
0.0
282
0
  0
TEXT
  5
67D
330
677
100
AcDbEntity
 67
1
  8
0
100
AcDbText
 10
268.0
 20
255.0
 30
0.0
 40
4.0
  1
FLOORFORGE / PRELIMINARY
 11
268.0
 21
255.0
 31
0.0
100
AcDbText
  0
ENDBLK
  5
679
330
677
100
AcDbEntity
  8
0
100
AcDbBlockEnd
  0
ENDSEC
  0
SECTION
  2
ENTITIES
  0
LWPOLYLINE
  5
9E
330
17
100
AcDbEntity
  8
A-FLOR
100
AcDbPolyline
 90
4
 70
1
 10
4450.0
 20
8850.0
 10
5818.0
 20
8850.0
 10
5818.0
 20
12652.0
 10
4450.0
 20
12652.0
1001
FLOORFORGE
1000
floor:0
1000
preliminary
  0
LWPOLYLINE
  5
9F
330
17
100
AcDbEntity
  8
A-FLOR
100
AcDbPolyline
 90
4
 70
1
 10
150.0
 20
8850.0
 10
4300.0
 20
8850.0
 10
4300.0
 20
12652.0
 10
150.0
 20
12652.0
1001
FLOORFORGE
1000
floor:0
1000
preliminary
  0
LWPOLYLINE
  5
A0
330
17
100
AcDbEntity
  8
A-FLOR
100
AcDbPolyline
 90
6
 70
1
 10
4450.0
 20
6500.0
 10
10518.0
 20
6500.0
 10
10518.0
 20
10000.0
 10
6000.0
 20
10000.0
 10
6000.0
 20
7550.0
 10
4450.0
 20
7550.0
1001
FLOORFORGE
1000
floor:0
1000
preliminary
  0
LWPOLYLINE
  5
A1
330
17
100
AcDbEntity
  8
A-FLOR
100
AcDbPolyline
 90
4
 70
1
 10
7518.0
 20
10150.0
 10
10518.0
 20
10150.0
 10
10518.0
 20
12652.0
 10
7518.0
 20
12652.0
1001
FLOORFORGE
1000
floor:0
1000
preliminary
  0
LWPOLYLINE
  5
A2
330
17
100
AcDbEntity
  8
A-FLOR
100
AcDbPolyline
 90
4
 70
1
 10
5968.0
 20
10150.0
 10
7368.0
 20
10150.0
 10
7368.0
 20
12652.0
 10
5968.0
 20
12652.0
1001
FLOORFORGE
1000
floor:0
1000
preliminary
  0
LWPOLYLINE
  5
A3
330
17
100
AcDbEntity
  8
A-FLOR
100
AcDbPolyline
 90
4
 70
1
 10
3622.0
 20
150.0
 10
6350.0
 20
150.0
 10
6350.0
 20
3450.0
 10
3622.0
 20
3450.0
1001
FLOORFORGE
1000
floor:0
1000
preliminary
  0
LWPOLYLINE
  5
A4
330
17
100
AcDbEntity
  8
A-FLOR
100
AcDbPolyline
 90
4
 70
1
 10
6500.0
 20
150.0
 10
10518.0
 20
150.0
 10
10518.0
 20
3450.0
 10
6500.0
 20
3450.0
1001
FLOORFORGE
1000
floor:0
1000
preliminary
  0
LWPOLYLINE
  5
A5
330
17
100
AcDbEntity
  8
A-FLOR
100
AcDbPolyline
 90
4
 70
1
 10
150.0
 20
150.0
 10
3472.0
 20
150.0
 10
3472.0
 20
3450.0
 10
150.0
 20
3450.0
1001
FLOORFORGE
1000
floor:0
1000
preliminary
  0
LWPOLYLINE
  5
A6
330
17
100
AcDbEntity
  8
A-FLOR
100
AcDbPolyline
 90
8
 70
1
 10
3100.0
 20
3600.0
 10
8000.0
 20
3600.0
 10
8000.0
 20
6350.0
 10
4300.0
 20
6350.0
 10
4300.0
 20
7700.0
 10
5818.0
 20
7700.0
 10
5818.0
 20
8700.0
 10
3100.0
 20
8700.0
1001
FLOORFORGE
1000
floor:0
1000
preliminary
  0
LWPOLYLINE
  5
A7
330
17
100
AcDbEntity
  8
A-FLOR
100
AcDbPolyline
 90
4
 70
1
 10
150.0
 20
3600.0
 10
2950.0
 20
3600.0
 10
2950.0
 20
8700.0
 10
150.0
 20
8700.0
1001
FLOORFORGE
1000
floor:0
1000
preliminary
  0
LWPOLYLINE
  5
A8
330
17
100
AcDbEntity
  8
A-FLOR
100
AcDbPolyline
 90
4
 70
1
 10
8150.0
 20
3600.0
 10
10668.0
 20
3600.0
 10
10668.0
 20
6350.0
 10
8150.0
 20
6350.0
1001
FLOORFORGE
1000
floor:0
1000
preliminary
  0
LWPOLYLINE
  5
A9
330
17
100
AcDbEntity
  8
A-FLOR
100
AcDbPolyline
 90
46
 70
1
 10
3472.0
 20
0.0
 10
150.0
 20
0.0
 10
75.0
 20
0.0
 10
0.0
 20
0.0
 10
0.0
 20
150.0
 10
0.0
 20
3450.0
 10
0.0
 20
3525.0
 10
0.0
 20
3600.0
 10
0.0
 20
8700.0
 10
0.0
 20
8775.0
 10
0.0
 20
8850.0
 10
0.0
 20
12652.0
 10
0.0
 20
12727.0
 10
0.0
 20
12802.0
 10
150.0
 20
12802.0
 10
4300.0
 20
12802.0
 10
4375.0
 20
12802.0
 10
4450.0
 20
12802.0
 10
5818.0
 20
12802.0
 10
5893.0
 20
12802.0
 10
5968.0
 20
12802.0
 10
7368.0
 20
12802.0
 10
7443.0
 20
12802.0
 10
7518.0
 20
12802.0
 10
10518.0
 20
12802.0
 10
10593.0
 20
12802.0
 10
10668.0
 20
12802.0
 10
10668.0
 20
12652.0
 10
10668.0
 20
10150.0
 10
10668.0
 20
10075.0
 10
10668.0
 20
10000.0
 10
10668.0
 20
6500.0
 10
10668.0
 20
6425.0
 10
10668.0
 20
6350.0
 10
10668.0
 20
3600.0
 10
10668.0
 20
3450.0
 10
10668.0
 20
150.0
 10
10668.0
 20
75.0
 10
10668.0
 20
0.0
 10
10518.0
 20
0.0
 10
6500.0
 20
0.0
 10
6425.0
 20
0.0
 10
6350.0
 20
0.0
 10
3622.0
 20
0.0
 10
3547.0
 20
0.0
 10
3472.0
 20
0.0
1001
FLOORFORGE
1000
floor:0
1000
preliminary
  0
LWPOLYLINE
  5
AA
330
17
100
AcDbEntity
  8
A-WALL
100
AcDbPolyline
 90
6
 70
1
 10
0.0
 20
3600.0
 10
150.0
 20
3600.0
 10
150.0
 20
2750.0
 10
0.0
 20
2750.0
 10
0.0
 20
3525.0
 10
0.0
 20
3600.0
1001
FLOORFORGE
1000
floor:0
1000
preliminary
  0
HATCH
  5
AB
330
17
100
AcDbEntity
  8
A-WALL
 62
7
100
AcDbHatch
 10
0.0
 20
0.0
 30
0.0
210
0.0
220
0.0
230
1.0
  2
SOLID
 70
1
 71
0
 91
1
 92
3
 72
0
 73
1
 93
6
 10
0.0
 20
3600.0
 10
150.0
 20
3600.0
 10
150.0
 20
2750.0
 10
0.0
 20
2750.0
 10
0.0
 20
3525.0
 10
0.0
 20
3600.0
 97
0
 75
0
 76
1
 98
0
  0
LWPOLYLINE
  5
AC
330
17
100
AcDbEntity
  8
A-WALL
100
AcDbPolyline
 90
6
 70
1
 10
150.0
 20
75.0
 10
150.0
 20
0.0
 10
0.0
 20
0.0
 10
0.0
 20
950.0
 10
150.0
 20
950.0
 10
150.0
 20
75.0
1001
FLOORFORGE
1000
floor:0
1000
preliminary
  0
HATCH
  5
AD
330
17
100
AcDbEntity
  8
A-WALL
 62
7
100
AcDbHatch
 10
0.0
 20
0.0
 30
0.0
210
0.0
220
0.0
230
1.0
  2
SOLID
 70
1
 71
0
 91
1
 92
3
 72
0
 73
1
 93
6
 10
150.0
 20
75.0
 10
150.0
 20
0.0
 10
0.0
 20
0.0
 10
0.0
 20
950.0
 10
150.0
 20
950.0
 10
150.0
 20
75.0
 97
0
 75
0
 76
1
 98
0
  0
LWPOLYLINE
  5
AE
330
17
100
AcDbEntity
  8
A-WALL
100
AcDbPolyline
 90
6
 70
1
 10
3622.0
 20
150.0
 10
3622.0
 20
0.0
 10
2650.0
 20
0.0
 10
2650.0
 20
150.0
 10
3547.0
 20
150.0
 10
3622.0
 20
150.0
1001
FLOORFORGE
1000
floor:0
1000
preliminary
  0
HATCH
  5
AF
330
17
100
AcDbEntity
  8
A-WALL
 62
7
100
AcDbHatch
 10
0.0
 20
0.0
 30
0.0
210
0.0
220
0.0
230
1.0
  2
SOLID
 70
1
 71
0
 91
1
 92
3
 72
0
 73
1
 93
6
 10
3622.0
 20
150.0
 10
3622.0
 20
0.0
 10
2650.0
 20
0.0
 10
2650.0
 20
150.0
 10
3547.0
 20
150.0
 10
3622.0
 20
150.0
 97
0
 75
0
 76
1
 98
0
  0
LWPOLYLINE
  5
B0
330
17
100
AcDbEntity
  8
A-WALL
100
AcDbPolyline
 90
6
 70
1
 10
75.0
 20
0.0
 10
0.0
 20
0.0
 10
0.0
 20
150.0
 10
650.0
 20
150.0
 10
650.0
 20
0.0
 10
75.0
 20
0.0
1001
FLOORFORGE
1000
floor:0
1000
preliminary
  0
HATCH
  5
B1
330
17
100
AcDbEntity
  8
A-WALL
 62
7
100
AcDbHatch
 10
0.0
 20
0.0
 30
0.0
210
0.0
220
0.0
230
1.0
  2
SOLID
 70
1
 71
0
 91
1
 92
3
 72
0
 73
1
 93
6
 10
75.0
 20
0.0
 10
0.0
 20
0.0
 10
0.0
 20
150.0
 10
650.0
 20
150.0
 10
650.0
 20
0.0
 10
75.0
 20
0.0
 97
0
 75
0
 76
1
 98
0
  0
LWPOLYLINE
  5
B2
330
17
100
AcDbEntity
  8
A-WALL
100
AcDbPolyline
 90
6
 70
1
 10
0.0
 20
8850.0
 10
150.0
 20
8850.0
 10
150.0
 20
7600.0
 10
0.0
 20
7600.0
 10
0.0
 20
8775.0
 10
0.0
 20
8850.0
1001
FLOORFORGE
1000
floor:0
1000
preliminary
  0
HATCH
  5
B3
330
17
100
AcDbEntity
  8
A-WALL
 62
7
100
AcDbHatch
 10
0.0
 20
0.0
 30
0.0
210
0.0
220
0.0
230
1.0
  2
SOLID
 70
1
 71
0
 91
1
 92
3
 72
0
 73
1
 93
6
 10
0.0
 20
8850.0
 10
150.0
 20
8850.0
 10
150.0
 20
7600.0
 10
0.0
 20
7600.0
 10
0.0
 20
8775.0
 10
0.0
 20
8850.0
 97
0
 75
0
 76
1
 98
0
  0
LWPOLYLINE
  5
B4
330
17
100
AcDbEntity
  8
A-WALL
100
AcDbPolyline
 90
6
 70
1
 10
150.0
 20
3525.0
 10
150.0
 20
3450.0
 10
0.0
 20
3450.0
 10
0.0
 20
5800.0
 10
150.0
 20
5800.0
 10
150.0
 20
3525.0
1001
FLOORFORGE
1000
floor:0
1000
preliminary
  0
HATCH
  5
B5
330
17
100
AcDbEntity
  8
A-WALL
 62
7
100
AcDbHatch
 10
0.0
 20
0.0
 30
0.0
210
0.0
220
0.0
230
1.0
  2
SOLID
 70
1
 71
0
 91
1
 92
3
 72
0
 73
1
 93
6
 10
150.0
 20
3525.0
 10
150.0
 20
3450.0
 10
0.0
 20
3450.0
 10
0.0
 20
5800.0
 10
150.0
 20
5800.0
 10
150.0
 20
3525.0
 97
0
 75
0
 76
1
 98
0
  0
LWPOLYLINE
  5
B6
330
17
100
AcDbEntity
  8
A-WALL
100
AcDbPolyline
 90
7
 70
1
 10
3025.0
 20
3600.0
 10
3100.0
 20
3600.0
 10
3100.0
 20
3450.0
 10
75.0
 20
3450.0
 10
0.0
 20
3450.0
 10
0.0
 20
3600.0
 10
3025.0
 20
3600.0
1001
FLOORFORGE
1000
floor:0
1000
preliminary
  0
HATCH
  5
B7
330
17
100
AcDbEntity
  8
A-WALL
 62
7
100
AcDbHatch
 10
0.0
 20
0.0
 30
0.0
210
0.0
220
0.0
230
1.0
  2
SOLID
 70
1
 71
0
 91
1
 92
3
 72
0
 73
1
 93
7
 10
3025.0
 20
3600.0
 10
3100.0
 20
3600.0
 10
3100.0
 20
3450.0
 10
75.0
 20
3450.0
 10
0.0
 20
3450.0
 10
0.0
 20
3600.0
 10
3025.0
 20
3600.0
 97
0
 75
0
 76
1
 98
0
  0
LWPOLYLINE
  5
B8
330
17
100
AcDbEntity
  8
A-WALL
100
AcDbPolyline
 90
6
 70
1
 10
0.0
 20
12802.0
 10
150.0
 20
12802.0
 10
150.0
 20
11750.0
 10
0.0
 20
11750.0
 10
0.0
 20
12727.0
 10
0.0
 20
12802.0
1001
FLOORFORGE
1000
floor:0
1000
preliminary
  0
HATCH
  5
B9
330
17
100
AcDbEntity
  8
A-WALL
 62
7
100
AcDbHatch
 10
0.0
 20
0.0
 30
0.0
210
0.0
220
0.0
230
1.0
  2
SOLID
 70
1
 71
0
 91
1
 92
3
 72
0
 73
1
 93
6
 10
0.0
 20
12802.0
 10
150.0
 20
12802.0
 10
150.0
 20
11750.0
 10
0.0
 20
11750.0
 10
0.0
 20
12727.0
 10
0.0
 20
12802.0
 97
0
 75
0
 76
1
 98
0
  0
LWPOLYLINE
  5
BA
330
17
100
AcDbEntity
  8
A-WALL
100
AcDbPolyline
 90
6
 70
1
 10
150.0
 20
8775.0
 10
150.0
 20
8700.0
 10
0.0
 20
8700.0
 10
0.0
 20
9750.0
 10
150.0
 20
9750.0
 10
150.0
 20
8775.0
1001
FLOORFORGE
1000
floor:0
1000
preliminary
  0
HATCH
  5
BB
330
17
100
AcDbEntity
  8
A-WALL
 62
7
100
AcDbHatch
 10
0.0
 20
0.0
 30
0.0
210
0.0
220
0.0
230
1.0
  2
SOLID
 70
1
 71
0
 91
1
 92
3
 72
0
 73
1
 93
6
 10
150.0
 20
8775.0
 10
150.0
 20
8700.0
 10
0.0
 20
8700.0
 10
0.0
 20
9750.0
 10
150.0
 20
9750.0
 10
150.0
 20
8775.0
 97
0
 75
0
 76
1
 98
0
  0
LWPOLYLINE
  5
BC
330
17
100
AcDbEntity
  8
A-WALL
100
AcDbPolyline
 90
7
 70
1
 10
3025.0
 20
8850.0
 10
3100.0
 20
8850.0
 10
3100.0
 20
8700.0
 10
75.0
 20
8700.0
 10
0.0
 20
8700.0
 10
0.0
 20
8850.0
 10
3025.0
 20
8850.0
1001
FLOORFORGE
1000
floor:0
1000
preliminary
  0
HATCH
  5
BD
330
17
100
AcDbEntity
  8
A-WALL
 62
7
100
AcDbHatch
 10
0.0
 20
0.0
 30
0.0
210
0.0
220
0.0
230
1.0
  2
SOLID
 70
1
 71
0
 91
1
 92
3
 72
0
 73
1
 93
7
 10
3025.0
 20
8850.0
 10
3100.0
 20
8850.0
 10
3100.0
 20
8700.0
 10
75.0
 20
8700.0
 10
0.0
 20
8700.0
 10
0.0
 20
8850.0
 10
3025.0
 20
8850.0
 97
0
 75
0
 76
1
 98
0
  0
LWPOLYLINE
  5
BE
330
17
100
AcDbEntity
  8
A-WALL
100
AcDbPolyline
 90
7
 70
1
 10
4375.0
 20
12802.0
 10
4450.0
 20
12802.0
 10
4450.0
 20
12652.0
 10
75.0
 20
12652.0
 10
0.0
 20
12652.0
 10
0.0
 20
12802.0
 10
4375.0
 20
12802.0
1001
FLOORFORGE
1000
floor:0
1000
preliminary
  0
HATCH
  5
BF
330
17
100
AcDbEntity
  8
A-WALL
 62
7
100
AcDbHatch
 10
0.0
 20
0.0
 30
0.0
210
0.0
220
0.0
230
1.0
  2
SOLID
 70
1
 71
0
 91
1
 92
3
 72
0
 73
1
 93
7
 10
4375.0
 20
12802.0
 10
4450.0
 20
12802.0
 10
4450.0
 20
12652.0
 10
75.0
 20
12652.0
 10
0.0
 20
12652.0
 10
0.0
 20
12802.0
 10
4375.0
 20
12802.0
 97
0
 75
0
 76
1
 98
0
  0
LWPOLYLINE
  5
C0
330
17
100
AcDbEntity
  8
A-WALL
100
AcDbPolyline
 90
6
 70
1
 10
2950.0
 20
8850.0
 10
3100.0
 20
8850.0
 10
3100.0
 20
8700.0
 10
2950.0
 20
8700.0
 10
2950.0
 20
8775.0
 10
2950.0
 20
8850.0
1001
FLOORFORGE
1000
floor:0
1000
preliminary
  0
HATCH
  5
C1
330
17
100
AcDbEntity
  8
A-WALL
 62
7
100
AcDbHatch
 10
0.0
 20
0.0
 30
0.0
210
0.0
220
0.0
230
1.0
  2
SOLID
 70
1
 71
0
 91
1
 92
3
 72
0
 73
1
 93
6
 10
2950.0
 20
8850.0
 10
3100.0
 20
8850.0
 10
3100.0
 20
8700.0
 10
2950.0
 20
8700.0
 10
2950.0
 20
8775.0
 10
2950.0
 20
8850.0
 97
0
 75
0
 76
1
 98
0
  0
LWPOLYLINE
  5
C2
330
17
100
AcDbEntity
  8
A-WALL
100
AcDbPolyline
 90
6
 70
1
 10
3100.0
 20
3525.0
 10
3100.0
 20
3450.0
 10
2950.0
 20
3450.0
 10
2950.0
 20
3600.0
 10
3100.0
 20
3600.0
 10
3100.0
 20
3525.0
1001
FLOORFORGE
1000
floor:0
1000
preliminary
  0
HATCH
  5
C3
330
17
100
AcDbEntity
  8
A-WALL
 62
7
100
AcDbHatch
 10
0.0
 20
0.0
 30
0.0
210
0.0
220
0.0
230
1.0
  2
SOLID
 70
1
 71
0
 91
1
 92
3
 72
0
 73
1
 93
6
 10
3100.0
 20
3525.0
 10
3100.0
 20
3450.0
 10
2950.0
 20
3450.0
 10
2950.0
 20
3600.0
 10
3100.0
 20
3600.0
 10
3100.0
 20
3525.0
 97
0
 75
0
 76
1
 98
0
  0
LWPOLYLINE
  5
C4
330
17
100
AcDbEntity
  8
A-WALL
100
AcDbPolyline
 90
7
 70
1
 10
3547.0
 20
3600.0
 10
3622.0
 20
3600.0
 10
3622.0
 20
3450.0
 10
3025.0
 20
3450.0
 10
2950.0
 20
3450.0
 10
2950.0
 20
3600.0
 10
3547.0
 20
3600.0
1001
FLOORFORGE
1000
floor:0
1000
preliminary
  0
HATCH
  5
C5
330
17
100
AcDbEntity
  8
A-WALL
 62
7
100
AcDbHatch
 10
0.0
 20
0.0
 30
0.0
210
0.0
220
0.0
230
1.0
  2
SOLID
 70
1
 71
0
 91
1
 92
3
 72
0
 73
1
 93
7
 10
3547.0
 20
3600.0
 10
3622.0
 20
3600.0
 10
3622.0
 20
3450.0
 10
3025.0
 20
3450.0
 10
2950.0
 20
3450.0
 10
2950.0
 20
3600.0
 10
3547.0
 20
3600.0
 97
0
 75
0
 76
1
 98
0
  0
LWPOLYLINE
  5
C6
330
17
100
AcDbEntity
  8
A-WALL
100
AcDbPolyline
 90
6
 70
1
 10
4450.0
 20
8850.0
 10
4450.0
 20
8700.0
 10
4150.0
 20
8700.0
 10
4150.0
 20
8850.0
 10
4375.0
 20
8850.0
 10
4450.0
 20
8850.0
1001
FLOORFORGE
1000
floor:0
1000
preliminary
  0
HATCH
  5
C7
330
17
100
AcDbEntity
  8
A-WALL
 62
7
100
AcDbHatch
 10
0.0
 20
0.0
 30
0.0
210
0.0
220
0.0
230
1.0
  2
SOLID
 70
1
 71
0
 91
1
 92
3
 72
0
 73
1
 93
6
 10
4450.0
 20
8850.0
 10
4450.0
 20
8700.0
 10
4150.0
 20
8700.0
 10
4150.0
 20
8850.0
 10
4375.0
 20
8850.0
 10
4450.0
 20
8850.0
 97
0
 75
0
 76
1
 98
0
  0
LWPOLYLINE
  5
C8
330
17
100
AcDbEntity
  8
A-WALL
100
AcDbPolyline
 90
6
 70
1
 10
3025.0
 20
8700.0
 10
2950.0
 20
8700.0
 10
2950.0
 20
8850.0
 10
3150.0
 20
8850.0
 10
3150.0
 20
8700.0
 10
3025.0
 20
8700.0
1001
FLOORFORGE
1000
floor:0
1000
preliminary
  0
HATCH
  5
C9
330
17
100
AcDbEntity
  8
A-WALL
 62
7
100
AcDbHatch
 10
0.0
 20
0.0
 30
0.0
210
0.0
220
0.0
230
1.0
  2
SOLID
 70
1
 71
0
 91
1
 92
3
 72
0
 73
1
 93
6
 10
3025.0
 20
8700.0
 10
2950.0
 20
8700.0
 10
2950.0
 20
8850.0
 10
3150.0
 20
8850.0
 10
3150.0
 20
8700.0
 10
3025.0
 20
8700.0
 97
0
 75
0
 76
1
 98
0
  0
LWPOLYLINE
  5
CA
330
17
100
AcDbEntity
  8
A-WALL
100
AcDbPolyline
 90
6
 70
1
 10
3472.0
 20
3600.0
 10
3622.0
 20
3600.0
 10
3622.0
 20
3450.0
 10
3472.0
 20
3450.0
 10
3472.0
 20
3525.0
 10
3472.0
 20
3600.0
1001
FLOORFORGE
1000
floor:0
1000
preliminary
  0
HATCH
  5
CB
330
17
100
AcDbEntity
  8
A-WALL
 62
7
100
AcDbHatch
 10
0.0
 20
0.0
 30
0.0
210
0.0
220
0.0
230
1.0
  2
SOLID
 70
1
 71
0
 91
1
 92
3
 72
0
 73
1
 93
6
 10
3472.0
 20
3600.0
 10
3622.0
 20
3600.0
 10
3622.0
 20
3450.0
 10
3472.0
 20
3450.0
 10
3472.0
 20
3525.0
 10
3472.0
 20
3600.0
 97
0
 75
0
 76
1
 98
0
  0
LWPOLYLINE
  5
CC
330
17
100
AcDbEntity
  8
A-WALL
100
AcDbPolyline
 90
6
 70
1
 10
3622.0
 20
75.0
 10
3622.0
 20
0.0
 10
3472.0
 20
0.0
 10
3472.0
 20
150.0
 10
3622.0
 20
150.0
 10
3622.0
 20
75.0
1001
FLOORFORGE
1000
floor:0
1000
preliminary
  0
HATCH
  5
CD
330
17
100
AcDbEntity
  8
A-WALL
 62
7
100
AcDbHatch
 10
0.0
 20
0.0
 30
0.0
210
0.0
220
0.0
230
1.0
  2
SOLID
 70
1
 71
0
 91
1
 92
3
 72
0
 73
1
 93
6
 10
3622.0
 20
75.0
 10
3622.0
 20
0.0
 10
3472.0
 20
0.0
 10
3472.0
 20
150.0
 10
3622.0
 20
150.0
 10
3622.0
 20
75.0
 97
0
 75
0
 76
1
 98
0
  0
LWPOLYLINE
  5
CE
330
17
100
AcDbEntity
  8
A-WALL
100
AcDbPolyline
 90
6
 70
1
 10
6500.0
 20
150.0
 10
6500.0
 20
0.0
 10
6322.0
 20
0.0
 10
6322.0
 20
150.0
 10
6425.0
 20
150.0
 10
6500.0
 20
150.0
1001
FLOORFORGE
1000
floor:0
1000
preliminary
  0
HATCH
  5
CF
330
17
100
AcDbEntity
  8
A-WALL
 62
7
100
AcDbHatch
 10
0.0
 20
0.0
 30
0.0
210
0.0
220
0.0
230
1.0
  2
SOLID
 70
1
 71
0
 91
1
 92
3
 72
0
 73
1
 93
6
 10
6500.0
 20
150.0
 10
6500.0
 20
0.0
 10
6322.0
 20
0.0
 10
6322.0
 20
150.0
 10
6425.0
 20
150.0
 10
6500.0
 20
150.0
 97
0
 75
0
 76
1
 98
0
  0
LWPOLYLINE
  5
D0
330
17
100
AcDbEntity
  8
A-WALL
100
AcDbPolyline
 90
6
 70
1
 10
3547.0
 20
0.0
 10
3472.0
 20
0.0
 10
3472.0
 20
150.0
 10
5322.0
 20
150.0
 10
5322.0
 20
0.0
 10
3547.0
 20
0.0
1001
FLOORFORGE
1000
floor:0
1000
preliminary
  0
HATCH
  5
D1
330
17
100
AcDbEntity
  8
A-WALL
 62
7
100
AcDbHatch
 10
0.0
 20
0.0
 30
0.0
210
0.0
220
0.0
230
1.0
  2
SOLID
 70
1
 71
0
 91
1
 92
3
 72
0
 73
1
 93
6
 10
3547.0
 20
0.0
 10
3472.0
 20
0.0
 10
3472.0
 20
150.0
 10
5322.0
 20
150.0
 10
5322.0
 20
0.0
 10
3547.0
 20
0.0
 97
0
 75
0
 76
1
 98
0
  0
LWPOLYLINE
  5
D2
330
17
100
AcDbEntity
  8
A-WALL
100
AcDbPolyline
 90
6
 70
1
 10
6500.0
 20
3600.0
 10
6500.0
 20
3450.0
 10
6350.0
 20
3450.0
 10
6350.0
 20
3600.0
 10
6425.0
 20
3600.0
 10
6500.0
 20
3600.0
1001
FLOORFORGE
1000
floor:0
1000
preliminary
  0
HATCH
  5
D3
330
17
100
AcDbEntity
  8
A-WALL
 62
7
100
AcDbHatch
 10
0.0
 20
0.0
 30
0.0
210
0.0
220
0.0
230
1.0
  2
SOLID
 70
1
 71
0
 91
1
 92
3
 72
0
 73
1
 93
6
 10
6500.0
 20
3600.0
 10
6500.0
 20
3450.0
 10
6350.0
 20
3450.0
 10
6350.0
 20
3600.0
 10
6425.0
 20
3600.0
 10
6500.0
 20
3600.0
 97
0
 75
0
 76
1
 98
0
  0
LWPOLYLINE
  5
D4
330
17
100
AcDbEntity
  8
A-WALL
100
AcDbPolyline
 90
6
 70
1
 10
3547.0
 20
3450.0
 10
3472.0
 20
3450.0
 10
3472.0
 20
3600.0
 10
3622.0
 20
3600.0
 10
3622.0
 20
3450.0
 10
3547.0
 20
3450.0
1001
FLOORFORGE
1000
floor:0
1000
preliminary
  0
HATCH
  5
D5
330
17
100
AcDbEntity
  8
A-WALL
 62
7
100
AcDbHatch
 10
0.0
 20
0.0
 30
0.0
210
0.0
220
0.0
230
1.0
  2
SOLID
 70
1
 71
0
 91
1
 92
3
 72
0
 73
1
 93
6
 10
3547.0
 20
3450.0
 10
3472.0
 20
3450.0
 10
3472.0
 20
3600.0
 10
3622.0
 20
3600.0
 10
3622.0
 20
3450.0
 10
3547.0
 20
3450.0
 97
0
 75
0
 76
1
 98
0
  0
LWPOLYLINE
  5
D6
330
17
100
AcDbEntity
  8
A-WALL
100
AcDbPolyline
 90
6
 70
1
 10
4300.0
 20
7700.0
 10
4450.0
 20
7700.0
 10
4450.0
 20
7550.0
 10
4300.0
 20
7550.0
 10
4300.0
 20
7625.0
 10
4300.0
 20
7700.0
1001
FLOORFORGE
1000
floor:0
1000
preliminary
  0
HATCH
  5
D7
330
17
100
AcDbEntity
  8
A-WALL
 62
7
100
AcDbHatch
 10
0.0
 20
0.0
 30
0.0
210
0.0
220
0.0
230
1.0
  2
SOLID
 70
1
 71
0
 91
1
 92
3
 72
0
 73
1
 93
6
 10
4300.0
 20
7700.0
 10
4450.0
 20
7700.0
 10
4450.0
 20
7550.0
 10
4300.0
 20
7550.0
 10
4300.0
 20
7625.0
 10
4300.0
 20
7700.0
 97
0
 75
0
 76
1
 98
0
  0
LWPOLYLINE
  5
D8
330
17
100
AcDbEntity
  8
A-WALL
100
AcDbPolyline
 90
6
 70
1
 10
4450.0
 20
6425.0
 10
4450.0
 20
6350.0
 10
4300.0
 20
6350.0
 10
4300.0
 20
6550.0
 10
4450.0
 20
6550.0
 10
4450.0
 20
6425.0
1001
FLOORFORGE
1000
floor:0
1000
preliminary
  0
HATCH
  5
D9
330
17
100
AcDbEntity
  8
A-WALL
 62
7
100
AcDbHatch
 10
0.0
 20
0.0
 30
0.0
210
0.0
220
0.0
230
1.0
  2
SOLID
 70
1
 71
0
 91
1
 92
3
 72
0
 73
1
 93
6
 10
4450.0
 20
6425.0
 10
4450.0
 20
6350.0
 10
4300.0
 20
6350.0
 10
4300.0
 20
6550.0
 10
4450.0
 20
6550.0
 10
4450.0
 20
6425.0
 97
0
 75
0
 76
1
 98
0
  0
LWPOLYLINE
  5
DA
330
17
100
AcDbEntity
  8
A-WALL
100
AcDbPolyline
 90
7
 70
1
 10
8075.0
 20
6500.0
 10
8150.0
 20
6500.0
 10
8150.0
 20
6350.0
 10
4375.0
 20
6350.0
 10
4300.0
 20
6350.0
 10
4300.0
 20
6500.0
 10
8075.0
 20
6500.0
1001
FLOORFORGE
1000
floor:0
1000
preliminary
  0
HATCH
  5
DB
330
17
100
AcDbEntity
  8
A-WALL
 62
7
100
AcDbHatch
 10
0.0
 20
0.0
 30
0.0
210
0.0
220
0.0
230
1.0
  2
SOLID
 70
1
 71
0
 91
1
 92
3
 72
0
 73
1
 93
7
 10
8075.0
 20
6500.0
 10
8150.0
 20
6500.0
 10
8150.0
 20
6350.0
 10
4375.0
 20
6350.0
 10
4300.0
 20
6350.0
 10
4300.0
 20
6500.0
 10
8075.0
 20
6500.0
 97
0
 75
0
 76
1
 98
0
  0
LWPOLYLINE
  5
DC
330
17
100
AcDbEntity
  8
A-WALL
100
AcDbPolyline
 90
7
 70
1
 10
5893.0
 20
7700.0
 10
5968.0
 20
7700.0
 10
5968.0
 20
7550.0
 10
4375.0
 20
7550.0
 10
4300.0
 20
7550.0
 10
4300.0
 20
7700.0
 10
5893.0
 20
7700.0
1001
FLOORFORGE
1000
floor:0
1000
preliminary
  0
HATCH
  5
DD
330
17
100
AcDbEntity
  8
A-WALL
 62
7
100
AcDbHatch
 10
0.0
 20
0.0
 30
0.0
210
0.0
220
0.0
230
1.0
  2
SOLID
 70
1
 71
0
 91
1
 92
3
 72
0
 73
1
 93
7
 10
5893.0
 20
7700.0
 10
5968.0
 20
7700.0
 10
5968.0
 20
7550.0
 10
4375.0
 20
7550.0
 10
4300.0
 20
7550.0
 10
4300.0
 20
7700.0
 10
5893.0
 20
7700.0
 97
0
 75
0
 76
1
 98
0
  0
LWPOLYLINE
  5
DE
330
17
100
AcDbEntity
  8
A-WALL
100
AcDbPolyline
 90
7
 70
1
 10
4300.0
 20
12727.0
 10
4300.0
 20
12802.0
 10
4450.0
 20
12802.0
 10
4450.0
 20
8775.0
 10
4450.0
 20
8700.0
 10
4300.0
 20
8700.0
 10
4300.0
 20
12727.0
1001
FLOORFORGE
1000
floor:0
1000
preliminary
  0
HATCH
  5
DF
330
17
100
AcDbEntity
  8
A-WALL
 62
7
100
AcDbHatch
 10
0.0
 20
0.0
 30
0.0
210
0.0
220
0.0
230
1.0
  2
SOLID
 70
1
 71
0
 91
1
 92
3
 72
0
 73
1
 93
7
 10
4300.0
 20
12727.0
 10
4300.0
 20
12802.0
 10
4450.0
 20
12802.0
 10
4450.0
 20
8775.0
 10
4450.0
 20
8700.0
 10
4300.0
 20
8700.0
 10
4300.0
 20
12727.0
 97
0
 75
0
 76
1
 98
0
  0
LWPOLYLINE
  5
E0
330
17
100
AcDbEntity
  8
A-WALL
100
AcDbPolyline
 90
6
 70
1
 10
5968.0
 20
8850.0
 10
5968.0
 20
8700.0
 10
5550.0
 20
8700.0
 10
5550.0
 20
8850.0
 10
5893.0
 20
8850.0
 10
5968.0
 20
8850.0
1001
FLOORFORGE
1000
floor:0
1000
preliminary
  0
HATCH
  5
E1
330
17
100
AcDbEntity
  8
A-WALL
 62
7
100
AcDbHatch
 10
0.0
 20
0.0
 30
0.0
210
0.0
220
0.0
230
1.0
  2
SOLID
 70
1
 71
0
 91
1
 92
3
 72
0
 73
1
 93
6
 10
5968.0
 20
8850.0
 10
5968.0
 20
8700.0
 10
5550.0
 20
8700.0
 10
5550.0
 20
8850.0
 10
5893.0
 20
8850.0
 10
5968.0
 20
8850.0
 97
0
 75
0
 76
1
 98
0
  0
LWPOLYLINE
  5
E2
330
17
100
AcDbEntity
  8
A-WALL
100
AcDbPolyline
 90
6
 70
1
 10
4375.0
 20
8700.0
 10
4300.0
 20
8700.0
 10
4300.0
 20
8850.0
 10
4700.0
 20
8850.0
 10
4700.0
 20
8700.0
 10
4375.0
 20
8700.0
1001
FLOORFORGE
1000
floor:0
1000
preliminary
  0
HATCH
  5
E3
330
17
100
AcDbEntity
  8
A-WALL
 62
7
100
AcDbHatch
 10
0.0
 20
0.0
 30
0.0
210
0.0
220
0.0
230
1.0
  2
SOLID
 70
1
 71
0
 91
1
 92
3
 72
0
 73
1
 93
6
 10
4375.0
 20
8700.0
 10
4300.0
 20
8700.0
 10
4300.0
 20
8850.0
 10
4700.0
 20
8850.0
 10
4700.0
 20
8700.0
 10
4375.0
 20
8700.0
 97
0
 75
0
 76
1
 98
0
  0
LWPOLYLINE
  5
E4
330
17
100
AcDbEntity
  8
A-WALL
100
AcDbPolyline
 90
7
 70
1
 10
5893.0
 20
12802.0
 10
5968.0
 20
12802.0
 10
5968.0
 20
12652.0
 10
4375.0
 20
12652.0
 10
4300.0
 20
12652.0
 10
4300.0
 20
12802.0
 10
5893.0
 20
12802.0
1001
FLOORFORGE
1000
floor:0
1000
preliminary
  0
HATCH
  5
E5
330
17
100
AcDbEntity
  8
A-WALL
 62
7
100
AcDbHatch
 10
0.0
 20
0.0
 30
0.0
210
0.0
220
0.0
230
1.0
  2
SOLID
 70
1
 71
0
 91
1
 92
3
 72
0
 73
1
 93
7
 10
5893.0
 20
12802.0
 10
5968.0
 20
12802.0
 10
5968.0
 20
12652.0
 10
4375.0
 20
12652.0
 10
4300.0
 20
12652.0
 10
4300.0
 20
12802.0
 10
5893.0
 20
12802.0
 97
0
 75
0
 76
1
 98
0
  0
LWPOLYLINE
  5
E6
330
17
100
AcDbEntity
  8
A-WALL
100
AcDbPolyline
 90
7
 70
1
 10
5818.0
 20
8775.0
 10
5818.0
 20
8850.0
 10
5968.0
 20
8850.0
 10
5968.0
 20
7625.0
 10
5968.0
 20
7550.0
 10
5818.0
 20
7550.0
 10
5818.0
 20
8775.0
1001
FLOORFORGE
1000
floor:0
1000
preliminary
  0
HATCH
  5
E7
330
17
100
AcDbEntity
  8
A-WALL
 62
7
100
AcDbHatch
 10
0.0
 20
0.0
 30
0.0
210
0.0
220
0.0
230
1.0
  2
SOLID
 70
1
 71
0
 91
1
 92
3
 72
0
 73
1
 93
7
 10
5818.0
 20
8775.0
 10
5818.0
 20
8850.0
 10
5968.0
 20
8850.0
 10
5968.0
 20
7625.0
 10
5968.0
 20
7550.0
 10
5818.0
 20
7550.0
 10
5818.0
 20
8775.0
 97
0
 75
0
 76
1
 98
0
  0
LWPOLYLINE
  5
E8
330
17
100
AcDbEntity
  8
A-WALL
100
AcDbPolyline
 90
7
 70
1
 10
5925.0
 20
7700.0
 10
6000.0
 20
7700.0
 10
6000.0
 20
7550.0
 10
5893.0
 20
7550.0
 10
5818.0
 20
7550.0
 10
5818.0
 20
7700.0
 10
5925.0
 20
7700.0
1001
FLOORFORGE
1000
floor:0
1000
preliminary
  0
HATCH
  5
E9
330
17
100
AcDbEntity
  8
A-WALL
 62
7
100
AcDbHatch
 10
0.0
 20
0.0
 30
0.0
210
0.0
220
0.0
230
1.0
  2
SOLID
 70
1
 71
0
 91
1
 92
3
 72
0
 73
1
 93
7
 10
5925.0
 20
7700.0
 10
6000.0
 20
7700.0
 10
6000.0
 20
7550.0
 10
5893.0
 20
7550.0
 10
5818.0
 20
7550.0
 10
5818.0
 20
7700.0
 10
5925.0
 20
7700.0
 97
0
 75
0
 76
1
 98
0
  0
LWPOLYLINE
  5
EA
330
17
100
AcDbEntity
  8
A-WALL
100
AcDbPolyline
 90
7
 70
1
 10
5818.0
 20
10075.0
 10
5818.0
 20
10150.0
 10
5968.0
 20
10150.0
 10
5968.0
 20
8775.0
 10
5968.0
 20
8700.0
 10
5818.0
 20
8700.0
 10
5818.0
 20
10075.0
1001
FLOORFORGE
1000
floor:0
1000
preliminary
  0
HATCH
  5
EB
330
17
100
AcDbEntity
  8
A-WALL
 62
7
100
AcDbHatch
 10
0.0
 20
0.0
 30
0.0
210
0.0
220
0.0
230
1.0
  2
SOLID
 70
1
 71
0
 91
1
 92
3
 72
0
 73
1
 93
7
 10
5818.0
 20
10075.0
 10
5818.0
 20
10150.0
 10
5968.0
 20
10150.0
 10
5968.0
 20
8775.0
 10
5968.0
 20
8700.0
 10
5818.0
 20
8700.0
 10
5818.0
 20
10075.0
 97
0
 75
0
 76
1
 98
0
  0
LWPOLYLINE
  5
EC
330
17
100
AcDbEntity
  8
A-WALL
100
AcDbPolyline
 90
7
 70
1
 10
5818.0
 20
12727.0
 10
5818.0
 20
12802.0
 10
5968.0
 20
12802.0
 10
5968.0
 20
10075.0
 10
5968.0
 20
10000.0
 10
5818.0
 20
10000.0
 10
5818.0
 20
12727.0
1001
FLOORFORGE
1000
floor:0
1000
preliminary
  0
HATCH
  5
ED
330
17
100
AcDbEntity
  8
A-WALL
 62
7
100
AcDbHatch
 10
0.0
 20
0.0
 30
0.0
210
0.0
220
0.0
230
1.0
  2
SOLID
 70
1
 71
0
 91
1
 92
3
 72
0
 73
1
 93
7
 10
5818.0
 20
12727.0
 10
5818.0
 20
12802.0
 10
5968.0
 20
12802.0
 10
5968.0
 20
10075.0
 10
5968.0
 20
10000.0
 10
5818.0
 20
10000.0
 10
5818.0
 20
12727.0
 97
0
 75
0
 76
1
 98
0
  0
LWPOLYLINE
  5
EE
330
17
100
AcDbEntity
  8
A-WALL
100
AcDbPolyline
 90
7
 70
1
 10
5925.0
 20
10150.0
 10
6000.0
 20
10150.0
 10
6000.0
 20
10000.0
 10
5893.0
 20
10000.0
 10
5818.0
 20
10000.0
 10
5818.0
 20
10150.0
 10
5925.0
 20
10150.0
1001
FLOORFORGE
1000
floor:0
1000
preliminary
  0
HATCH
  5
EF
330
17
100
AcDbEntity
  8
A-WALL
 62
7
100
AcDbHatch
 10
0.0
 20
0.0
 30
0.0
210
0.0
220
0.0
230
1.0
  2
SOLID
 70
1
 71
0
 91
1
 92
3
 72
0
 73
1
 93
7
 10
5925.0
 20
10150.0
 10
6000.0
 20
10150.0
 10
6000.0
 20
10000.0
 10
5893.0
 20
10000.0
 10
5818.0
 20
10000.0
 10
5818.0
 20
10150.0
 10
5925.0
 20
10150.0
 97
0
 75
0
 76
1
 98
0
  0
LWPOLYLINE
  5
F0
330
17
100
AcDbEntity
  8
A-WALL
100
AcDbPolyline
 90
7
 70
1
 10
7443.0
 20
12802.0
 10
7518.0
 20
12802.0
 10
7518.0
 20
12652.0
 10
5893.0
 20
12652.0
 10
5818.0
 20
12652.0
 10
5818.0
 20
12802.0
 10
7443.0
 20
12802.0
1001
FLOORFORGE
1000
floor:0
1000
preliminary
  0
HATCH
  5
F1
330
17
100
AcDbEntity
  8
A-WALL
 62
7
100
AcDbHatch
 10
0.0
 20
0.0
 30
0.0
210
0.0
220
0.0
230
1.0
  2
SOLID
 70
1
 71
0
 91
1
 92
3
 72
0
 73
1
 93
7
 10
7443.0
 20
12802.0
 10
7518.0
 20
12802.0
 10
7518.0
 20
12652.0
 10
5893.0
 20
12652.0
 10
5818.0
 20
12652.0
 10
5818.0
 20
12802.0
 10
7443.0
 20
12802.0
 97
0
 75
0
 76
1
 98
0
  0
LWPOLYLINE
  5
F2
330
17
100
AcDbEntity
  8
A-WALL
100
AcDbPolyline
 90
7
 70
1
 10
5850.0
 20
10075.0
 10
5850.0
 20
10150.0
 10
6000.0
 20
10150.0
 10
6000.0
 20
7625.0
 10
6000.0
 20
7550.0
 10
5850.0
 20
7550.0
 10
5850.0
 20
10075.0
1001
FLOORFORGE
1000
floor:0
1000
preliminary
  0
HATCH
  5
F3
330
17
100
AcDbEntity
  8
A-WALL
 62
7
100
AcDbHatch
 10
0.0
 20
0.0
 30
0.0
210
0.0
220
0.0
230
1.0
  2
SOLID
 70
1
 71
0
 91
1
 92
3
 72
0
 73
1
 93
7
 10
5850.0
 20
10075.0
 10
5850.0
 20
10150.0
 10
6000.0
 20
10150.0
 10
6000.0
 20
7625.0
 10
6000.0
 20
7550.0
 10
5850.0
 20
7550.0
 10
5850.0
 20
10075.0
 97
0
 75
0
 76
1
 98
0
  0
LWPOLYLINE
  5
F4
330
17
100
AcDbEntity
  8
A-WALL
100
AcDbPolyline
 90
7
 70
1
 10
7443.0
 20
10150.0
 10
7518.0
 20
10150.0
 10
7518.0
 20
10000.0
 10
5925.0
 20
10000.0
 10
5850.0
 20
10000.0
 10
5850.0
 20
10150.0
 10
7443.0
 20
10150.0
1001
FLOORFORGE
1000
floor:0
1000
preliminary
  0
HATCH
  5
F5
330
17
100
AcDbEntity
  8
A-WALL
 62
7
100
AcDbHatch
 10
0.0
 20
0.0
 30
0.0
210
0.0
220
0.0
230
1.0
  2
SOLID
 70
1
 71
0
 91
1
 92
3
 72
0
 73
1
 93
7
 10
7443.0
 20
10150.0
 10
7518.0
 20
10150.0
 10
7518.0
 20
10000.0
 10
5925.0
 20
10000.0
 10
5850.0
 20
10000.0
 10
5850.0
 20
10150.0
 10
7443.0
 20
10150.0
 97
0
 75
0
 76
1
 98
0
  0
LWPOLYLINE
  5
F6
330
17
100
AcDbEntity
  8
A-WALL
100
AcDbPolyline
 90
6
 70
1
 10
6350.0
 20
3600.0
 10
6500.0
 20
3600.0
 10
6500.0
 20
1850.0
 10
6350.0
 20
1850.0
 10
6350.0
 20
3525.0
 10
6350.0
 20
3600.0
1001
FLOORFORGE
1000
floor:0
1000
preliminary
  0
HATCH
  5
F7
330
17
100
AcDbEntity
  8
A-WALL
 62
7
100
AcDbHatch
 10
0.0
 20
0.0
 30
0.0
210
0.0
220
0.0
230
1.0
  2
SOLID
 70
1
 71
0
 91
1
 92
3
 72
0
 73
1
 93
6
 10
6350.0
 20
3600.0
 10
6500.0
 20
3600.0
 10
6500.0
 20
1850.0
 10
6350.0
 20
1850.0
 10
6350.0
 20
3525.0
 10
6350.0
 20
3600.0
 97
0
 75
0
 76
1
 98
0
  0
LWPOLYLINE
  5
F8
330
17
100
AcDbEntity
  8
A-WALL
100
AcDbPolyline
 90
6
 70
1
 10
6500.0
 20
75.0
 10
6500.0
 20
0.0
 10
6350.0
 20
0.0
 10
6350.0
 20
250.0
 10
6500.0
 20
250.0
 10
6500.0
 20
75.0
1001
FLOORFORGE
1000
floor:0
1000
preliminary
  0
HATCH
  5
F9
330
17
100
AcDbEntity
  8
A-WALL
 62
7
100
AcDbHatch
 10
0.0
 20
0.0
 30
0.0
210
0.0
220
0.0
230
1.0
  2
SOLID
 70
1
 71
0
 91
1
 92
3
 72
0
 73
1
 93
6
 10
6500.0
 20
75.0
 10
6500.0
 20
0.0
 10
6350.0
 20
0.0
 10
6350.0
 20
250.0
 10
6500.0
 20
250.0
 10
6500.0
 20
75.0
 97
0
 75
0
 76
1
 98
0
  0
LWPOLYLINE
  5
FA
330
17
100
AcDbEntity
  8
A-WALL
100
AcDbPolyline
 90
6
 70
1
 10
10668.0
 20
0.0
 10
9500.0
 20
0.0
 10
9500.0
 20
150.0
 10
10593.0
 20
150.0
 10
10668.0
 20
150.0
 10
10668.0
 20
0.0
1001
FLOORFORGE
1000
floor:0
1000
preliminary
  0
HATCH
  5
FB
330
17
100
AcDbEntity
  8
A-WALL
 62
7
100
AcDbHatch
 10
0.0
 20
0.0
 30
0.0
210
0.0
220
0.0
230
1.0
  2
SOLID
 70
1
 71
0
 91
1
 92
3
 72
0
 73
1
 93
6
 10
10668.0
 20
0.0
 10
9500.0
 20
0.0
 10
9500.0
 20
150.0
 10
10593.0
 20
150.0
 10
10668.0
 20
150.0
 10
10668.0
 20
0.0
 97
0
 75
0
 76
1
 98
0
  0
LWPOLYLINE
  5
FC
330
17
100
AcDbEntity
  8
A-WALL
100
AcDbPolyline
 90
5
 70
1
 10
7850.0
 20
0.0
 10
7850.0
 20
150.0
 10
8300.0
 20
150.0
 10
8300.0
 20
0.0
 10
7850.0
 20
0.0
1001
FLOORFORGE
1000
floor:0
1000
preliminary
  0
HATCH
  5
FD
330
17
100
AcDbEntity
  8
A-WALL
 62
7
100
AcDbHatch
 10
0.0
 20
0.0
 30
0.0
210
0.0
220
0.0
230
1.0
  2
SOLID
 70
1
 71
0
 91
1
 92
3
 72
0
 73
1
 93
5
 10
7850.0
 20
0.0
 10
7850.0
 20
150.0
 10
8300.0
 20
150.0
 10
8300.0
 20
0.0
 10
7850.0
 20
0.0
 97
0
 75
0
 76
1
 98
0
  0
LWPOLYLINE
  5
FE
330
17
100
AcDbEntity
  8
A-WALL
100
AcDbPolyline
 90
6
 70
1
 10
6350.0
 20
0.0
 10
6350.0
 20
150.0
 10
6650.0
 20
150.0
 10
6650.0
 20
0.0
 10
6425.0
 20
0.0
 10
6350.0
 20
0.0
1001
FLOORFORGE
1000
floor:0
1000
preliminary
  0
HATCH
  5
FF
330
17
100
AcDbEntity
  8
A-WALL
 62
7
100
AcDbHatch
 10
0.0
 20
0.0
 30
0.0
210
0.0
220
0.0
230
1.0
  2
SOLID
 70
1
 71
0
 91
1
 92
3
 72
0
 73
1
 93
6
 10
6350.0
 20
0.0
 10
6350.0
 20
150.0
 10
6650.0
 20
150.0
 10
6650.0
 20
0.0
 10
6425.0
 20
0.0
 10
6350.0
 20
0.0
 97
0
 75
0
 76
1
 98
0
  0
LWPOLYLINE
  5
100
330
17
100
AcDbEntity
  8
A-WALL
100
AcDbPolyline
 90
7
 70
1
 10
8075.0
 20
3600.0
 10
8150.0
 20
3600.0
 10
8150.0
 20
3450.0
 10
6425.0
 20
3450.0
 10
6350.0
 20
3450.0
 10
6350.0
 20
3600.0
 10
8075.0
 20
3600.0
1001
FLOORFORGE
1000
floor:0
1000
preliminary
  0
HATCH
  5
101
330
17
100
AcDbEntity
  8
A-WALL
 62
7
100
AcDbHatch
 10
0.0
 20
0.0
 30
0.0
210
0.0
220
0.0
230
1.0
  2
SOLID
 70
1
 71
0
 91
1
 92
3
 72
0
 73
1
 93
7
 10
8075.0
 20
3600.0
 10
8150.0
 20
3600.0
 10
8150.0
 20
3450.0
 10
6425.0
 20
3450.0
 10
6350.0
 20
3450.0
 10
6350.0
 20
3600.0
 10
8075.0
 20
3600.0
 97
0
 75
0
 76
1
 98
0
  0
LWPOLYLINE
  5
102
330
17
100
AcDbEntity
  8
A-WALL
100
AcDbPolyline
 90
6
 70
1
 10
7368.0
 20
12802.0
 10
7518.0
 20
12802.0
 10
7518.0
 20
11450.0
 10
7368.0
 20
11450.0
 10
7368.0
 20
12727.0
 10
7368.0
 20
12802.0
1001
FLOORFORGE
1000
floor:0
1000
preliminary
  0
HATCH
  5
103
330
17
100
AcDbEntity
  8
A-WALL
 62
7
100
AcDbHatch
 10
0.0
 20
0.0
 30
0.0
210
0.0
220
0.0
230
1.0
  2
SOLID
 70
1
 71
0
 91
1
 92
3
 72
0
 73
1
 93
6
 10
7368.0
 20
12802.0
 10
7518.0
 20
12802.0
 10
7518.0
 20
11450.0
 10
7368.0
 20
11450.0
 10
7368.0
 20
12727.0
 10
7368.0
 20
12802.0
 97
0
 75
0
 76
1
 98
0
  0
LWPOLYLINE
  5
104
330
17
100
AcDbEntity
  8
A-WALL
100
AcDbPolyline
 90
6
 70
1
 10
7518.0
 20
10075.0
 10
7518.0
 20
10000.0
 10
7368.0
 20
10000.0
 10
7368.0
 20
10650.0
 10
7518.0
 20
10650.0
 10
7518.0
 20
10075.0
1001
FLOORFORGE
1000
floor:0
1000
preliminary
  0
HATCH
  5
105
330
17
100
AcDbEntity
  8
A-WALL
 62
7
100
AcDbHatch
 10
0.0
 20
0.0
 30
0.0
210
0.0
220
0.0
230
1.0
  2
SOLID
 70
1
 71
0
 91
1
 92
3
 72
0
 73
1
 93
6
 10
7518.0
 20
10075.0
 10
7518.0
 20
10000.0
 10
7368.0
 20
10000.0
 10
7368.0
 20
10650.0
 10
7518.0
 20
10650.0
 10
7518.0
 20
10075.0
 97
0
 75
0
 76
1
 98
0
  0
LWPOLYLINE
  5
106
330
17
100
AcDbEntity
  8
A-WALL
100
AcDbPolyline
 90
6
 70
1
 10
10668.0
 20
10150.0
 10
10668.0
 20
10000.0
 10
10318.0
 20
10000.0
 10
10318.0
 20
10150.0
 10
10593.0
 20
10150.0
 10
10668.0
 20
10150.0
1001
FLOORFORGE
1000
floor:0
1000
preliminary
  0
HATCH
  5
107
330
17
100
AcDbEntity
  8
A-WALL
 62
7
100
AcDbHatch
 10
0.0
 20
0.0
 30
0.0
210
0.0
220
0.0
230
1.0
  2
SOLID
 70
1
 71
0
 91
1
 92
3
 72
0
 73
1
 93
6
 10
10668.0
 20
10150.0
 10
10668.0
 20
10000.0
 10
10318.0
 20
10000.0
 10
10318.0
 20
10150.0
 10
10593.0
 20
10150.0
 10
10668.0
 20
10150.0
 97
0
 75
0
 76
1
 98
0
  0
LWPOLYLINE
  5
108
330
17
100
AcDbEntity
  8
A-WALL
100
AcDbPolyline
 90
6
 70
1
 10
7443.0
 20
10000.0
 10
7368.0
 20
10000.0
 10
7368.0
 20
10150.0
 10
9318.0
 20
10150.0
 10
9318.0
 20
10000.0
 10
7443.0
 20
10000.0
1001
FLOORFORGE
1000
floor:0
1000
preliminary
  0
HATCH
  5
109
330
17
100
AcDbEntity
  8
A-WALL
 62
7
100
AcDbHatch
 10
0.0
 20
0.0
 30
0.0
210
0.0
220
0.0
230
1.0
  2
SOLID
 70
1
 71
0
 91
1
 92
3
 72
0
 73
1
 93
6
 10
7443.0
 20
10000.0
 10
7368.0
 20
10000.0
 10
7368.0
 20
10150.0
 10
9318.0
 20
10150.0
 10
9318.0
 20
10000.0
 10
7443.0
 20
10000.0
 97
0
 75
0
 76
1
 98
0
  0
LWPOLYLINE
  5
10A
330
17
100
AcDbEntity
  8
A-WALL
100
AcDbPolyline
 90
7
 70
1
 10
10593.0
 20
12802.0
 10
10668.0
 20
12802.0
 10
10668.0
 20
12652.0
 10
7443.0
 20
12652.0
 10
7368.0
 20
12652.0
 10
7368.0
 20
12802.0
 10
10593.0
 20
12802.0
1001
FLOORFORGE
1000
floor:0
1000
preliminary
  0
HATCH
  5
10B
330
17
100
AcDbEntity
  8
A-WALL
 62
7
100
AcDbHatch
 10
0.0
 20
0.0
 30
0.0
210
0.0
220
0.0
230
1.0
  2
SOLID
 70
1
 71
0
 91
1
 92
3
 72
0
 73
1
 93
7
 10
10593.0
 20
12802.0
 10
10668.0
 20
12802.0
 10
10668.0
 20
12652.0
 10
7443.0
 20
12652.0
 10
7368.0
 20
12652.0
 10
7368.0
 20
12802.0
 10
10593.0
 20
12802.0
 97
0
 75
0
 76
1
 98
0
  0
LWPOLYLINE
  5
10C
330
17
100
AcDbEntity
  8
A-WALL
100
AcDbPolyline
 90
7
 70
1
 10
8000.0
 20
3600.0
 10
8000.0
 20
3675.0
 10
8150.0
 20
3675.0
 10
8150.0
 20
3525.0
 10
8150.0
 20
3450.0
 10
8000.0
 20
3450.0
 10
8000.0
 20
3600.0
1001
FLOORFORGE
1000
floor:0
1000
preliminary
  0
HATCH
  5
10D
330
17
100
AcDbEntity
  8
A-WALL
 62
7
100
AcDbHatch
 10
0.0
 20
0.0
 30
0.0
210
0.0
220
0.0
230
1.0
  2
SOLID
 70
1
 71
0
 91
1
 92
3
 72
0
 73
1
 93
7
 10
8000.0
 20
3600.0
 10
8000.0
 20
3675.0
 10
8150.0
 20
3675.0
 10
8150.0
 20
3525.0
 10
8150.0
 20
3450.0
 10
8000.0
 20
3450.0
 10
8000.0
 20
3600.0
 97
0
 75
0
 76
1
 98
0
  0
LWPOLYLINE
  5
10E
330
17
100
AcDbEntity
  8
A-WALL
100
AcDbPolyline
 90
6
 70
1
 10
8000.0
 20
6425.0
 10
8150.0
 20
6425.0
 10
8150.0
 20
6000.0
 10
8000.0
 20
6000.0
 10
8000.0
 20
6350.0
 10
8000.0
 20
6425.0
1001
FLOORFORGE
1000
floor:0
1000
preliminary
  0
HATCH
  5
10F
330
17
100
AcDbEntity
  8
A-WALL
 62
7
100
AcDbHatch
 10
0.0
 20
0.0
 30
0.0
210
0.0
220
0.0
230
1.0
  2
SOLID
 70
1
 71
0
 91
1
 92
3
 72
0
 73
1
 93
6
 10
8000.0
 20
6425.0
 10
8150.0
 20
6425.0
 10
8150.0
 20
6000.0
 10
8000.0
 20
6000.0
 10
8000.0
 20
6350.0
 10
8000.0
 20
6425.0
 97
0
 75
0
 76
1
 98
0
  0
LWPOLYLINE
  5
110
330
17
100
AcDbEntity
  8
A-WALL
100
AcDbPolyline
 90
6
 70
1
 10
8150.0
 20
3600.0
 10
8150.0
 20
3525.0
 10
8000.0
 20
3525.0
 10
8000.0
 20
4000.0
 10
8150.0
 20
4000.0
 10
8150.0
 20
3600.0
1001
FLOORFORGE
1000
floor:0
1000
preliminary
  0
HATCH
  5
111
330
17
100
AcDbEntity
  8
A-WALL
 62
7
100
AcDbHatch
 10
0.0
 20
0.0
 30
0.0
210
0.0
220
0.0
230
1.0
  2
SOLID
 70
1
 71
0
 91
1
 92
3
 72
0
 73
1
 93
6
 10
8150.0
 20
3600.0
 10
8150.0
 20
3525.0
 10
8000.0
 20
3525.0
 10
8000.0
 20
4000.0
 10
8150.0
 20
4000.0
 10
8150.0
 20
3600.0
 97
0
 75
0
 76
1
 98
0
  0
LWPOLYLINE
  5
112
330
17
100
AcDbEntity
  8
A-WALL
100
AcDbPolyline
 90
7
 70
1
 10
8000.0
 20
6425.0
 10
8000.0
 20
6500.0
 10
8150.0
 20
6500.0
 10
8150.0
 20
6350.0
 10
8150.0
 20
6275.0
 10
8000.0
 20
6275.0
 10
8000.0
 20
6425.0
1001
FLOORFORGE
1000
floor:0
1000
preliminary
  0
HATCH
  5
113
330
17
100
AcDbEntity
  8
A-WALL
 62
7
100
AcDbHatch
 10
0.0
 20
0.0
 30
0.0
210
0.0
220
0.0
230
1.0
  2
SOLID
 70
1
 71
0
 91
1
 92
3
 72
0
 73
1
 93
7
 10
8000.0
 20
6425.0
 10
8000.0
 20
6500.0
 10
8150.0
 20
6500.0
 10
8150.0
 20
6350.0
 10
8150.0
 20
6275.0
 10
8000.0
 20
6275.0
 10
8000.0
 20
6425.0
 97
0
 75
0
 76
1
 98
0
  0
LWPOLYLINE
  5
114
330
17
100
AcDbEntity
  8
A-WALL
100
AcDbPolyline
 90
7
 70
1
 10
8150.0
 20
3600.0
 10
8225.0
 20
3600.0
 10
8225.0
 20
3450.0
 10
8075.0
 20
3450.0
 10
8000.0
 20
3450.0
 10
8000.0
 20
3600.0
 10
8150.0
 20
3600.0
1001
FLOORFORGE
1000
floor:0
1000
preliminary
  0
HATCH
  5
115
330
17
100
AcDbEntity
  8
A-WALL
 62
7
100
AcDbHatch
 10
0.0
 20
0.0
 30
0.0
210
0.0
220
0.0
230
1.0
  2
SOLID
 70
1
 71
0
 91
1
 92
3
 72
0
 73
1
 93
7
 10
8150.0
 20
3600.0
 10
8225.0
 20
3600.0
 10
8225.0
 20
3450.0
 10
8075.0
 20
3450.0
 10
8000.0
 20
3450.0
 10
8000.0
 20
3600.0
 10
8150.0
 20
3600.0
 97
0
 75
0
 76
1
 98
0
  0
LWPOLYLINE
  5
116
330
17
100
AcDbEntity
  8
A-WALL
100
AcDbPolyline
 90
7
 70
1
 10
10593.0
 20
3600.0
 10
10668.0
 20
3600.0
 10
10668.0
 20
3450.0
 10
8150.0
 20
3450.0
 10
8075.0
 20
3450.0
 10
8075.0
 20
3600.0
 10
10593.0
 20
3600.0
1001
FLOORFORGE
1000
floor:0
1000
preliminary
  0
HATCH
  5
117
330
17
100
AcDbEntity
  8
A-WALL
 62
7
100
AcDbHatch
 10
0.0
 20
0.0
 30
0.0
210
0.0
220
0.0
230
1.0
  2
SOLID
 70
1
 71
0
 91
1
 92
3
 72
0
 73
1
 93
7
 10
10593.0
 20
3600.0
 10
10668.0
 20
3600.0
 10
10668.0
 20
3450.0
 10
8150.0
 20
3450.0
 10
8075.0
 20
3450.0
 10
8075.0
 20
3600.0
 10
10593.0
 20
3600.0
 97
0
 75
0
 76
1
 98
0
  0
LWPOLYLINE
  5
118
330
17
100
AcDbEntity
  8
A-WALL
100
AcDbPolyline
 90
7
 70
1
 10
8150.0
 20
6500.0
 10
8225.0
 20
6500.0
 10
8225.0
 20
6350.0
 10
8075.0
 20
6350.0
 10
8000.0
 20
6350.0
 10
8000.0
 20
6500.0
 10
8150.0
 20
6500.0
1001
FLOORFORGE
1000
floor:0
1000
preliminary
  0
HATCH
  5
119
330
17
100
AcDbEntity
  8
A-WALL
 62
7
100
AcDbHatch
 10
0.0
 20
0.0
 30
0.0
210
0.0
220
0.0
230
1.0
  2
SOLID
 70
1
 71
0
 91
1
 92
3
 72
0
 73
1
 93
7
 10
8150.0
 20
6500.0
 10
8225.0
 20
6500.0
 10
8225.0
 20
6350.0
 10
8075.0
 20
6350.0
 10
8000.0
 20
6350.0
 10
8000.0
 20
6500.0
 10
8150.0
 20
6500.0
 97
0
 75
0
 76
1
 98
0
  0
LWPOLYLINE
  5
11A
330
17
100
AcDbEntity
  8
A-WALL
100
AcDbPolyline
 90
6
 70
1
 10
10668.0
 20
6500.0
 10
10668.0
 20
6350.0
 10
10400.0
 20
6350.0
 10
10400.0
 20
6500.0
 10
10593.0
 20
6500.0
 10
10668.0
 20
6500.0
1001
FLOORFORGE
1000
floor:0
1000
preliminary
  0
HATCH
  5
11B
330
17
100
AcDbEntity
  8
A-WALL
 62
7
100
AcDbHatch
 10
0.0
 20
0.0
 30
0.0
210
0.0
220
0.0
230
1.0
  2
SOLID
 70
1
 71
0
 91
1
 92
3
 72
0
 73
1
 93
6
 10
10668.0
 20
6500.0
 10
10668.0
 20
6350.0
 10
10400.0
 20
6350.0
 10
10400.0
 20
6500.0
 10
10593.0
 20
6500.0
 10
10668.0
 20
6500.0
 97
0
 75
0
 76
1
 98
0
  0
LWPOLYLINE
  5
11C
330
17
100
AcDbEntity
  8
A-WALL
100
AcDbPolyline
 90
6
 70
1
 10
8150.0
 20
6350.0
 10
8075.0
 20
6350.0
 10
8075.0
 20
6500.0
 10
8300.0
 20
6500.0
 10
8300.0
 20
6350.0
 10
8150.0
 20
6350.0
1001
FLOORFORGE
1000
floor:0
1000
preliminary
  0
HATCH
  5
11D
330
17
100
AcDbEntity
  8
A-WALL
 62
7
100
AcDbHatch
 10
0.0
 20
0.0
 30
0.0
210
0.0
220
0.0
230
1.0
  2
SOLID
 70
1
 71
0
 91
1
 92
3
 72
0
 73
1
 93
6
 10
8150.0
 20
6350.0
 10
8075.0
 20
6350.0
 10
8075.0
 20
6500.0
 10
8300.0
 20
6500.0
 10
8300.0
 20
6350.0
 10
8150.0
 20
6350.0
 97
0
 75
0
 76
1
 98
0
  0
LWPOLYLINE
  5
11E
330
17
100
AcDbEntity
  8
A-WALL
100
AcDbPolyline
 90
6
 70
1
 10
10518.0
 20
3600.0
 10
10668.0
 20
3600.0
 10
10668.0
 20
2850.0
 10
10518.0
 20
2850.0
 10
10518.0
 20
3525.0
 10
10518.0
 20
3600.0
1001
FLOORFORGE
1000
floor:0
1000
preliminary
  0
HATCH
  5
11F
330
17
100
AcDbEntity
  8
A-WALL
 62
7
100
AcDbHatch
 10
0.0
 20
0.0
 30
0.0
210
0.0
220
0.0
230
1.0
  2
SOLID
 70
1
 71
0
 91
1
 92
3
 72
0
 73
1
 93
6
 10
10518.0
 20
3600.0
 10
10668.0
 20
3600.0
 10
10668.0
 20
2850.0
 10
10518.0
 20
2850.0
 10
10518.0
 20
3525.0
 10
10518.0
 20
3600.0
 97
0
 75
0
 76
1
 98
0
  0
LWPOLYLINE
  5
120
330
17
100
AcDbEntity
  8
A-WALL
100
AcDbPolyline
 90
6
 70
1
 10
10668.0
 20
75.0
 10
10668.0
 20
0.0
 10
10518.0
 20
0.0
 10
10518.0
 20
850.0
 10
10668.0
 20
850.0
 10
10668.0
 20
75.0
1001
FLOORFORGE
1000
floor:0
1000
preliminary
  0
HATCH
  5
121
330
17
100
AcDbEntity
  8
A-WALL
 62
7
100
AcDbHatch
 10
0.0
 20
0.0
 30
0.0
210
0.0
220
0.0
230
1.0
  2
SOLID
 70
1
 71
0
 91
1
 92
3
 72
0
 73
1
 93
6
 10
10668.0
 20
75.0
 10
10668.0
 20
0.0
 10
10518.0
 20
0.0
 10
10518.0
 20
850.0
 10
10668.0
 20
850.0
 10
10668.0
 20
75.0
 97
0
 75
0
 76
1
 98
0
  0
LWPOLYLINE
  5
122
330
17
100
AcDbEntity
  8
A-WALL
100
AcDbPolyline
 90
6
 70
1
 10
10668.0
 20
10150.0
 10
10668.0
 20
9850.0
 10
10518.0
 20
9850.0
 10
10518.0
 20
10075.0
 10
10518.0
 20
10150.0
 10
10668.0
 20
10150.0
1001
FLOORFORGE
1000
floor:0
1000
preliminary
  0
HATCH
  5
123
330
17
100
AcDbEntity
  8
A-WALL
 62
7
100
AcDbHatch
 10
0.0
 20
0.0
 30
0.0
210
0.0
220
0.0
230
1.0
  2
SOLID
 70
1
 71
0
 91
1
 92
3
 72
0
 73
1
 93
6
 10
10668.0
 20
10150.0
 10
10668.0
 20
9850.0
 10
10518.0
 20
9850.0
 10
10518.0
 20
10075.0
 10
10518.0
 20
10150.0
 10
10668.0
 20
10150.0
 97
0
 75
0
 76
1
 98
0
  0
LWPOLYLINE
  5
124
330
17
100
AcDbEntity
  8
A-WALL
100
AcDbPolyline
 90
5
 70
1
 10
10668.0
 20
7400.0
 10
10518.0
 20
7400.0
 10
10518.0
 20
9100.0
 10
10668.0
 20
9100.0
 10
10668.0
 20
7400.0
1001
FLOORFORGE
1000
floor:0
1000
preliminary
  0
HATCH
  5
125
330
17
100
AcDbEntity
  8
A-WALL
 62
7
100
AcDbHatch
 10
0.0
 20
0.0
 30
0.0
210
0.0
220
0.0
230
1.0
  2
SOLID
 70
1
 71
0
 91
1
 92
3
 72
0
 73
1
 93
5
 10
10668.0
 20
7400.0
 10
10518.0
 20
7400.0
 10
10518.0
 20
9100.0
 10
10668.0
 20
9100.0
 10
10668.0
 20
7400.0
 97
0
 75
0
 76
1
 98
0
  0
LWPOLYLINE
  5
126
330
17
100
AcDbEntity
  8
A-WALL
100
AcDbPolyline
 90
6
 70
1
 10
10668.0
 20
6350.0
 10
10518.0
 20
6350.0
 10
10518.0
 20
6650.0
 10
10668.0
 20
6650.0
 10
10668.0
 20
6425.0
 10
10668.0
 20
6350.0
1001
FLOORFORGE
1000
floor:0
1000
preliminary
  0
HATCH
  5
127
330
17
100
AcDbEntity
  8
A-WALL
 62
7
100
AcDbHatch
 10
0.0
 20
0.0
 30
0.0
210
0.0
220
0.0
230
1.0
  2
SOLID
 70
1
 71
0
 91
1
 92
3
 72
0
 73
1
 93
6
 10
10668.0
 20
6350.0
 10
10518.0
 20
6350.0
 10
10518.0
 20
6650.0
 10
10668.0
 20
6650.0
 10
10668.0
 20
6425.0
 10
10668.0
 20
6350.0
 97
0
 75
0
 76
1
 98
0
  0
LWPOLYLINE
  5
128
330
17
100
AcDbEntity
  8
A-WALL
100
AcDbPolyline
 90
6
 70
1
 10
10518.0
 20
12802.0
 10
10668.0
 20
12802.0
 10
10668.0
 20
12200.0
 10
10518.0
 20
12200.0
 10
10518.0
 20
12727.0
 10
10518.0
 20
12802.0
1001
FLOORFORGE
1000
floor:0
1000
preliminary
  0
HATCH
  5
129
330
17
100
AcDbEntity
  8
A-WALL
 62
7
100
AcDbHatch
 10
0.0
 20
0.0
 30
0.0
210
0.0
220
0.0
230
1.0
  2
SOLID
 70
1
 71
0
 91
1
 92
3
 72
0
 73
1
 93
6
 10
10518.0
 20
12802.0
 10
10668.0
 20
12802.0
 10
10668.0
 20
12200.0
 10
10518.0
 20
12200.0
 10
10518.0
 20
12727.0
 10
10518.0
 20
12802.0
 97
0
 75
0
 76
1
 98
0
  0
LWPOLYLINE
  5
12A
330
17
100
AcDbEntity
  8
A-WALL
100
AcDbPolyline
 90
6
 70
1
 10
10668.0
 20
10075.0
 10
10668.0
 20
10000.0
 10
10518.0
 20
10000.0
 10
10518.0
 20
10800.0
 10
10668.0
 20
10800.0
 10
10668.0
 20
10075.0
1001
FLOORFORGE
1000
floor:0
1000
preliminary
  0
HATCH
  5
12B
330
17
100
AcDbEntity
  8
A-WALL
 62
7
100
AcDbHatch
 10
0.0
 20
0.0
 30
0.0
210
0.0
220
0.0
230
1.0
  2
SOLID
 70
1
 71
0
 91
1
 92
3
 72
0
 73
1
 93
6
 10
10668.0
 20
10075.0
 10
10668.0
 20
10000.0
 10
10518.0
 20
10000.0
 10
10518.0
 20
10800.0
 10
10668.0
 20
10800.0
 10
10668.0
 20
10075.0
 97
0
 75
0
 76
1
 98
0
  0
LINE
  5
12C
330
17
100
AcDbEntity
  8
A-DOOR
100
AcDbLine
 10
4700.0
 20
8850.0
 30
0.0
 11
4700.0
 21
9700.0
 31
0.0
1001
FLOORFORGE
1000
floor:0
1000
preliminary
  0
LWPOLYLINE
  5
12D
330
17
100
AcDbEntity
  8
A-DOOR
100
AcDbPolyline
 90
18
 70
0
 10
5550.0
 20
8850.0
 10
5546.37404985078
 20
8928.428105543806
 10
5535.527134731316
 20
9006.187090144085
 10
5517.551796696896
 20
9082.61354156127
 10
5492.601394993702
 20
9157.05541625908
 10
5460.888797651803
 20
9228.877602410057
 10
5422.684565370172
 20
9297.467338445753
 10
5378.314643188203
 20
9362.239440922367
 10
5328.15757963756
 20
9422.641297099573
 10
5272.641297099573
 20
9478.15757963756
 10
5212.239440922368
 20
9528.314643188203
 10
5147.467338445753
 20
9572.684565370171
 10
5078.877602410057
 20
9610.888797651804
 10
5007.05541625908
 20
9642.601394993702
 10
4932.613541561271
 20
9667.551796696896
 10
4856.187090144085
 20
9685.527134731317
 10
4778.428105543807
 20
9696.37404985078
 10
4700.0
 20
9700.0
1001
FLOORFORGE
1000
floor:0
1000
preliminary
  0
TEXT
  5
12E
330
17
100
AcDbEntity
  8
A-TAGS
100
AcDbText
 10
5125.0
 20
8390.0
 30
0.0
 40
150.0
  1
D1
 72
1
 11
5125.0
 21
8390.0
 31
0.0
100
AcDbText
 73
1
1001
FLOORFORGE
1000
floor:0
1000
preliminary
  0
LINE
  5
12F
330
17
100
AcDbEntity
  8
A-WIND
100
AcDbLine
 10
0.0
 20
9750.0
 30
0.0
 11
0.0
 21
11750.0
 31
0.0
1001
FLOORFORGE
1000
floor:0
1000
preliminary
  0
LINE
  5
130
330
17
100
AcDbEntity
  8
A-WIND
100
AcDbLine
 10
150.0
 20
9750.0
 30
0.0
 11
150.0
 21
11750.0
 31
0.0
1001
FLOORFORGE
1000
floor:0
1000
preliminary
  0
LINE
  5
131
330
17
100
AcDbEntity
  8
A-WIND
100
AcDbLine
 10
57.0
 20
9750.0
 30
0.0
 11
57.0
 21
11750.0
 31
0.0
1001
FLOORFORGE
1000
floor:0
1000
preliminary
  0
LINE
  5
132
330
17
100
AcDbEntity
  8
A-WIND
100
AcDbLine
 10
93.0
 20
9750.0
 30
0.0
 11
93.0
 21
11750.0
 31
0.0
1001
FLOORFORGE
1000
floor:0
1000
preliminary
  0
LINE
  5
133
330
17
100
AcDbEntity
  8
A-WIND
100
AcDbLine
 10
0.0
 20
9750.0
 30
0.0
 11
150.0
 21
9750.0
 31
0.0
1001
FLOORFORGE
1000
floor:0
1000
preliminary
  0
LINE
  5
134
330
17
100
AcDbEntity
  8
A-WIND
100
AcDbLine
 10
0.0
 20
11750.0
 30
0.0
 11
150.0
 21
11750.0
 31
0.0
1001
FLOORFORGE
1000
floor:0
1000
preliminary
  0
TEXT
  5
135
330
17
100
AcDbEntity
  8
A-TAGS
100
AcDbText
 10
-380.0
 20
10690.0
 30
0.0
 40
150.0
  1
W1
 72
1
 11
-380.0
 21
10690.0
 31
0.0
100
AcDbText
 73
1
1001
FLOORFORGE
1000
floor:0
1000
preliminary
  0
LINE
  5
136
330
17
100
AcDbEntity
  8
A-DOOR
100
AcDbLine
 10
3150.0
 20
8850.0
 30
0.0
 11
3150.0
 21
9850.0
 31
0.0
1001
FLOORFORGE
1000
floor:0
1000
preliminary
  0
LWPOLYLINE
  5
137
330
17
100
AcDbEntity
  8
A-DOOR
100
AcDbPolyline
 90
18
 70
0
 10
4150.0
 20
8850.0
 10
4145.734176295035
 20
8942.268359463302
 10
4132.973099683902
 20
9033.74951781657
 10
4111.825643172819
 20
9123.662990072084
 10
4082.472229404356
 20
9211.241666187152
 10
4045.1632913550625
 20
9295.738355776539
 10
4000.2171357296143
 20
9376.432162877356
 10
3948.0172272802392
 20
9452.634636379256
 10
3889.008917220659
 20
9523.695643646557
 10
3823.695643646557
 20
9589.008917220659
 10
3752.6346363792563
 20
9648.01722728024
 10
3676.432162877356
 20
9700.217135729614
 10
3595.7383557765384
 20
9745.163291355062
 10
3511.241666187153
 20
9782.472229404357
 10
3423.6629900720827
 20
9811.825643172819
 10
3333.7495178165705
 20
9832.973099683903
 10
3242.268359463302
 20
9845.734176295035
 10
3150.0
 20
9850.0
1001
FLOORFORGE
1000
floor:0
1000
preliminary
  0
TEXT
  5
138
330
17
100
AcDbEntity
  8
A-TAGS
100
AcDbText
 10
3650.0
 20
8390.0
 30
0.0
 40
150.0
  1
D2
 72
1
 11
3650.0
 21
8390.0
 31
0.0
100
AcDbText
 73
1
1001
FLOORFORGE
1000
floor:0
1000
preliminary
  0
LINE
  5
139
330
17
100
AcDbEntity
  8
A-DOOR
100
AcDbLine
 10
9318.0
 20
10000.0
 30
0.0
 11
9318.0
 21
9000.0
 31
0.0
1001
FLOORFORGE
1000
floor:0
1000
preliminary
  0
LWPOLYLINE
  5
13A
330
17
100
AcDbEntity
  8
A-DOOR
100
AcDbPolyline
 90
18
 70
0
 10
10318.0
 20
10000.0
 10
10313.734176295035
 20
9907.731640536698
 10
10300.973099683903
 20
9816.25048218343
 10
10279.825643172819
 20
9726.337009927916
 10
10250.472229404357
 20
9638.758333812848
 10
10213.163291355062
 20
9554.261644223461
 10
10168.217135729614
 20
9473.567837122644
 10
10116.01722728024
 20
9397.365363620744
 10
10057.008917220659
 20
9326.304356353443
 10
9991.695643646557
 20
9260.991082779341
 10
9920.634636379256
 20
9201.98277271976
 10
9844.432162877356
 20
9149.782864270386
 10
9763.738355776539
 20
9104.836708644938
 10
9679.241666187154
 20
9067.527770595643
 10
9591.662990072084
 20
9038.174356827181
 10
9501.74951781657
 20
9017.026900316097
 10
9410.268359463302
 20
9004.265823704965
 10
9318.0
 20
9000.0
1001
FLOORFORGE
1000
floor:0
1000
preliminary
  0
TEXT
  5
13B
330
17
100
AcDbEntity
  8
A-TAGS
100
AcDbText
 10
9818.0
 20
10340.0
 30
0.0
 40
150.0
  1
D2
 72
1
 11
9818.0
 21
10340.0
 31
0.0
100
AcDbText
 73
1
1001
FLOORFORGE
1000
floor:0
1000
preliminary
  0
LINE
  5
13C
330
17
100
AcDbEntity
  8
A-DOOR
100
AcDbLine
 10
4300.0
 20
6550.0
 30
0.0
 11
4300.0
 21
7550.0
 31
0.0
1001
FLOORFORGE
1000
floor:0
1000
preliminary
  0
LINE
  5
13D
330
17
100
AcDbEntity
  8
A-DOOR
100
AcDbLine
 10
4450.0
 20
6550.0
 30
0.0
 11
4450.0
 21
7550.0
 31
0.0
1001
FLOORFORGE
1000
floor:0
1000
preliminary
  0
TEXT
  5
13E
330
17
100
AcDbEntity
  8
A-TAGS
100
AcDbText
 10
4050.0
 20
6990.0
 30
0.0
 40
150.0
  1
O1
 72
1
 11
4050.0
 21
6990.0
 31
0.0
100
AcDbText
 73
1
1001
FLOORFORGE
1000
floor:0
1000
preliminary
  0
LINE
  5
13F
330
17
100
AcDbEntity
  8
A-WIND
100
AcDbLine
 10
10668.0
 20
6650.0
 30
0.0
 11
10668.0
 21
7400.0
 31
0.0
1001
FLOORFORGE
1000
floor:0
1000
preliminary
  0
LINE
  5
140
330
17
100
AcDbEntity
  8
A-WIND
100
AcDbLine
 10
10518.0
 20
6650.0
 30
0.0
 11
10518.0
 21
7400.0
 31
0.0
1001
FLOORFORGE
1000
floor:0
1000
preliminary
  0
LINE
  5
141
330
17
100
AcDbEntity
  8
A-WIND
100
AcDbLine
 10
10611.0
 20
6650.0
 30
0.0
 11
10611.0
 21
7400.0
 31
0.0
1001
FLOORFORGE
1000
floor:0
1000
preliminary
  0
LINE
  5
142
330
17
100
AcDbEntity
  8
A-WIND
100
AcDbLine
 10
10575.0
 20
6650.0
 30
0.0
 11
10575.0
 21
7400.0
 31
0.0
1001
FLOORFORGE
1000
floor:0
1000
preliminary
  0
LINE
  5
143
330
17
100
AcDbEntity
  8
A-WIND
100
AcDbLine
 10
10668.0
 20
6650.0
 30
0.0
 11
10518.0
 21
6650.0
 31
0.0
1001
FLOORFORGE
1000
floor:0
1000
preliminary
  0
LINE
  5
144
330
17
100
AcDbEntity
  8
A-WIND
100
AcDbLine
 10
10668.0
 20
7400.0
 30
0.0
 11
10518.0
 21
7400.0
 31
0.0
1001
FLOORFORGE
1000
floor:0
1000
preliminary
  0
TEXT
  5
145
330
17
100
AcDbEntity
  8
A-TAGS
100
AcDbText
 10
11048.0
 20
6965.0
 30
0.0
 40
150.0
  1
W2
 72
1
 11
11048.0
 21
6965.0
 31
0.0
100
AcDbText
 73
1
1001
FLOORFORGE
1000
floor:0
1000
preliminary
  0
LINE
  5
146
330
17
100
AcDbEntity
  8
A-WIND
100
AcDbLine
 10
10668.0
 20
9100.0
 30
0.0
 11
10668.0
 21
9850.0
 31
0.0
1001
FLOORFORGE
1000
floor:0
1000
preliminary
  0
LINE
  5
147
330
17
100
AcDbEntity
  8
A-WIND
100
AcDbLine
 10
10518.0
 20
9100.0
 30
0.0
 11
10518.0
 21
9850.0
 31
0.0
1001
FLOORFORGE
1000
floor:0
1000
preliminary
  0
LINE
  5
148
330
17
100
AcDbEntity
  8
A-WIND
100
AcDbLine
 10
10611.0
 20
9100.0
 30
0.0
 11
10611.0
 21
9850.0
 31
0.0
1001
FLOORFORGE
1000
floor:0
1000
preliminary
  0
LINE
  5
149
330
17
100
AcDbEntity
  8
A-WIND
100
AcDbLine
 10
10575.0
 20
9100.0
 30
0.0
 11
10575.0
 21
9850.0
 31
0.0
1001
FLOORFORGE
1000
floor:0
1000
preliminary
  0
LINE
  5
14A
330
17
100
AcDbEntity
  8
A-WIND
100
AcDbLine
 10
10668.0
 20
9100.0
 30
0.0
 11
10518.0
 21
9100.0
 31
0.0
1001
FLOORFORGE
1000
floor:0
1000
preliminary
  0
LINE
  5
14B
330
17
100
AcDbEntity
  8
A-WIND
100
AcDbLine
 10
10668.0
 20
9850.0
 30
0.0
 11
10518.0
 21
9850.0
 31
0.0
1001
FLOORFORGE
1000
floor:0
1000
preliminary
  0
TEXT
  5
14C
330
17
100
AcDbEntity
  8
A-TAGS
100
AcDbText
 10
11048.0
 20
9415.0
 30
0.0
 40
150.0
  1
W2
 72
1
 11
11048.0
 21
9415.0
 31
0.0
100
AcDbText
 73
1
1001
FLOORFORGE
1000
floor:0
1000
preliminary
  0
LWPOLYLINE
  5
14D
330
17
100
AcDbEntity
  8
A-DOOR
100
AcDbPolyline
 90
4
 70
1
 10
8300.0
 20
6431.0
 10
9390.0
 20
6431.0
 10
9390.0
 20
6463.0
 10
8300.0
 20
6463.0
1001
FLOORFORGE
1000
floor:0
1000
preliminary
  0
LWPOLYLINE
  5
14E
330
17
100
AcDbEntity
  8
A-DOOR
100
AcDbPolyline
 90
4
 70
1
 10
9310.0
 20
6387.0
 10
10400.0
 20
6387.0
 10
10400.0
 20
6419.0
 10
9310.0
 20
6419.0
1001
FLOORFORGE
1000
floor:0
1000
preliminary
  0
LINE
  5
14F
330
17
100
AcDbEntity
  8
A-DOOR
100
AcDbLine
 10
9100.0
 20
6190.0
 30
0.0
 11
9600.0
 21
6190.0
 31
0.0
1001
FLOORFORGE
1000
floor:0
1000
preliminary
  0
LINE
  5
150
330
17
100
AcDbEntity
  8
A-DOOR
100
AcDbLine
 10
9600.0
 20
6190.0
 30
0.0
 11
9520.0
 21
6250.0
 31
0.0
1001
FLOORFORGE
1000
floor:0
1000
preliminary
  0
TEXT
  5
151
330
17
100
AcDbEntity
  8
A-TAGS
100
AcDbText
 10
9350.0
 20
6040.0
 30
0.0
 40
150.0
  1
SD1
 72
1
 11
9350.0
 21
6040.0
 31
0.0
100
AcDbText
 73
1
1001
FLOORFORGE
1000
floor:0
1000
preliminary
  0
LINE
  5
152
330
17
100
AcDbEntity
  8
A-WIND
100
AcDbLine
 10
10668.0
 20
10800.0
 30
0.0
 11
10668.0
 21
12200.0
 31
0.0
1001
FLOORFORGE
1000
floor:0
1000
preliminary
  0
LINE
  5
153
330
17
100
AcDbEntity
  8
A-WIND
100
AcDbLine
 10
10518.0
 20
10800.0
 30
0.0
 11
10518.0
 21
12200.0
 31
0.0
1001
FLOORFORGE
1000
floor:0
1000
preliminary
  0
LINE
  5
154
330
17
100
AcDbEntity
  8
A-WIND
100
AcDbLine
 10
10611.0
 20
10800.0
 30
0.0
 11
10611.0
 21
12200.0
 31
0.0
1001
FLOORFORGE
1000
floor:0
1000
preliminary
  0
LINE
  5
155
330
17
100
AcDbEntity
  8
A-WIND
100
AcDbLine
 10
10575.0
 20
10800.0
 30
0.0
 11
10575.0
 21
12200.0
 31
0.0
1001
FLOORFORGE
1000
floor:0
1000
preliminary
  0
LINE
  5
156
330
17
100
AcDbEntity
  8
A-WIND
100
AcDbLine
 10
10668.0
 20
10800.0
 30
0.0
 11
10518.0
 21
10800.0
 31
0.0
1001
FLOORFORGE
1000
floor:0
1000
preliminary
  0
LINE
  5
157
330
17
100
AcDbEntity
  8
A-WIND
100
AcDbLine
 10
10668.0
 20
12200.0
 30
0.0
 11
10518.0
 21
12200.0
 31
0.0
1001
FLOORFORGE
1000
floor:0
1000
preliminary
  0
TEXT
  5
158
330
17
100
AcDbEntity
  8
A-TAGS
100
AcDbText
 10
11048.0
 20
11440.0
 30
0.0
 40
150.0
  1
W3
 72
1
 11
11048.0
 21
11440.0
 31
0.0
100
AcDbText
 73
1
1001
FLOORFORGE
1000
floor:0
1000
preliminary
  0
LINE
  5
159
330
17
100
AcDbEntity
  8
A-DOOR
100
AcDbLine
 10
7518.0
 20
10650.0
 30
0.0
 11
8318.0
 21
10650.0
 31
0.0
1001
FLOORFORGE
1000
floor:0
1000
preliminary
  0
LWPOLYLINE
  5
15A
330
17
100
AcDbEntity
  8
A-DOOR
100
AcDbPolyline
 90
18
 70
0
 10
7518.0
 20
11450.0
 10
7591.814687570642
 20
11446.587341036027
 10
7664.999614253256
 20
11436.378479747122
 10
7736.930392057666
 20
11419.460514538256
 10
7806.993332949723
 20
11395.977783523485
 10
7874.590684621231
 20
11366.13063308405
 10
7939.145730301884
 20
11330.173708583692
 10
8000.107709103405
 20
11288.41378182419
 10
8056.956514917246
 20
11241.207133776526
 10
8109.207133776527
 20
11188.956514917245
 10
8156.413781824192
 20
11132.107709103406
 10
8198.173708583692
 20
11071.145730301885
 10
8234.13063308405
 20
11006.590684621231
 10
8263.977783523485
 20
10938.993332949722
 10
8287.460514538256
 20
10868.930392057666
 10
8304.378479747122
 20
10796.999614253256
 10
8314.587341036027
 20
10723.814687570642
 10
8318.0
 20
10650.0
1001
FLOORFORGE
1000
floor:0
1000
preliminary
  0
TEXT
  5
15B
330
17
100
AcDbEntity
  8
A-TAGS
100
AcDbText
 10
7118.0
 20
10990.0
 30
0.0
 40
150.0
  1
D3
 72
1
 11
7118.0
 21
10990.0
 31
0.0
100
AcDbText
 73
1
1001
FLOORFORGE
1000
floor:0
1000
preliminary
  0
LINE
  5
15C
330
17
100
AcDbEntity
  8
A-DOOR
100
AcDbLine
 10
6500.0
 20
250.0
 30
0.0
 11
6500.0
 21
1850.0
 31
0.0
1001
FLOORFORGE
1000
floor:0
1000
preliminary
  0
LINE
  5
15D
330
17
100
AcDbEntity
  8
A-DOOR
100
AcDbLine
 10
6350.0
 20
250.0
 30
0.0
 11
6350.0
 21
1850.0
 31
0.0
1001
FLOORFORGE
1000
floor:0
1000
preliminary
  0
TEXT
  5
15E
330
17
100
AcDbEntity
  8
A-TAGS
100
AcDbText
 10
6750.0
 20
990.0
 30
0.0
 40
150.0
  1
O2
 72
1
 11
6750.0
 21
990.0
 31
0.0
100
AcDbText
 73
1
1001
FLOORFORGE
1000
floor:0
1000
preliminary
  0
LWPOLYLINE
  5
15F
330
17
100
AcDbEntity
  8
A-DOOR
100
AcDbPolyline
 90
4
 70
1
 10
5322.0
 20
81.0
 10
5862.0
 20
81.0
 10
5862.0
 20
113.0
 10
5322.0
 20
113.0
1001
FLOORFORGE
1000
floor:0
1000
preliminary
  0
LWPOLYLINE
  5
160
330
17
100
AcDbEntity
  8
A-DOOR
100
AcDbPolyline
 90
4
 70
1
 10
5782.0
 20
37.0
 10
6322.0
 20
37.0
 10
6322.0
 20
69.0
 10
5782.0
 20
69.0
1001
FLOORFORGE
1000
floor:0
1000
preliminary
  0
LINE
  5
161
330
17
100
AcDbEntity
  8
A-DOOR
100
AcDbLine
 10
5572.0
 20
-160.0
 30
0.0
 11
6072.0
 21
-160.0
 31
0.0
1001
FLOORFORGE
1000
floor:0
1000
preliminary
  0
LINE
  5
162
330
17
100
AcDbEntity
  8
A-DOOR
100
AcDbLine
 10
6072.0
 20
-160.0
 30
0.0
 11
5992.0
 21
-100.0
 31
0.0
1001
FLOORFORGE
1000
floor:0
1000
preliminary
  0
TEXT
  5
163
330
17
100
AcDbEntity
  8
A-TAGS
100
AcDbText
 10
5822.0
 20
-310.0
 30
0.0
 40
150.0
  1
SD2
 72
1
 11
5822.0
 21
-310.0
 31
0.0
100
AcDbText
 73
1
1001
FLOORFORGE
1000
floor:0
1000
preliminary
  0
LINE
  5
164
330
17
100
AcDbEntity
  8
A-DOOR
100
AcDbLine
 10
3622.0
 20
3600.0
 30
0.0
 11
6350.0
 21
3600.0
 31
0.0
1001
FLOORFORGE
1000
floor:0
1000
preliminary
  0
LINE
  5
165
330
17
100
AcDbEntity
  8
A-DOOR
100
AcDbLine
 10
3622.0
 20
3450.0
 30
0.0
 11
6350.0
 21
3450.0
 31
0.0
1001
FLOORFORGE
1000
floor:0
1000
preliminary
  0
TEXT
  5
166
330
17
100
AcDbEntity
  8
A-TAGS
100
AcDbText
 10
4986.0
 20
3790.0
 30
0.0
 40
150.0
  1
O3
 72
1
 11
4986.0
 21
3790.0
 31
0.0
100
AcDbText
 73
1
1001
FLOORFORGE
1000
floor:0
1000
preliminary
  0
LINE
  5
167
330
17
100
AcDbEntity
  8
A-WIND
100
AcDbLine
 10
6650.0
 20
0.0
 30
0.0
 11
7850.0
 21
0.0
 31
0.0
1001
FLOORFORGE
1000
floor:0
1000
preliminary
  0
LINE
  5
168
330
17
100
AcDbEntity
  8
A-WIND
100
AcDbLine
 10
6650.0
 20
150.0
 30
0.0
 11
7850.0
 21
150.0
 31
0.0
1001
FLOORFORGE
1000
floor:0
1000
preliminary
  0
LINE
  5
169
330
17
100
AcDbEntity
  8
A-WIND
100
AcDbLine
 10
6650.0
 20
57.0
 30
0.0
 11
7850.0
 21
57.0
 31
0.0
1001
FLOORFORGE
1000
floor:0
1000
preliminary
  0
LINE
  5
16A
330
17
100
AcDbEntity
  8
A-WIND
100
AcDbLine
 10
6650.0
 20
93.0
 30
0.0
 11
7850.0
 21
93.0
 31
0.0
1001
FLOORFORGE
1000
floor:0
1000
preliminary
  0
LINE
  5
16B
330
17
100
AcDbEntity
  8
A-WIND
100
AcDbLine
 10
6650.0
 20
0.0
 30
0.0
 11
6650.0
 21
150.0
 31
0.0
1001
FLOORFORGE
1000
floor:0
1000
preliminary
  0
LINE
  5
16C
330
17
100
AcDbEntity
  8
A-WIND
100
AcDbLine
 10
7850.0
 20
0.0
 30
0.0
 11
7850.0
 21
150.0
 31
0.0
1001
FLOORFORGE
1000
floor:0
1000
preliminary
  0
TEXT
  5
16D
330
17
100
AcDbEntity
  8
A-TAGS
100
AcDbText
 10
7250.0
 20
-440.0
 30
0.0
 40
150.0
  1
W4
 72
1
 11
7250.0
 21
-440.0
 31
0.0
100
AcDbText
 73
1
1001
FLOORFORGE
1000
floor:0
1000
preliminary
  0
LINE
  5
16E
330
17
100
AcDbEntity
  8
A-WIND
100
AcDbLine
 10
10668.0
 20
850.0
 30
0.0
 11
10668.0
 21
2850.0
 31
0.0
1001
FLOORFORGE
1000
floor:0
1000
preliminary
  0
LINE
  5
16F
330
17
100
AcDbEntity
  8
A-WIND
100
AcDbLine
 10
10518.0
 20
850.0
 30
0.0
 11
10518.0
 21
2850.0
 31
0.0
1001
FLOORFORGE
1000
floor:0
1000
preliminary
  0
LINE
  5
170
330
17
100
AcDbEntity
  8
A-WIND
100
AcDbLine
 10
10611.0
 20
850.0
 30
0.0
 11
10611.0
 21
2850.0
 31
0.0
1001
FLOORFORGE
1000
floor:0
1000
preliminary
  0
LINE
  5
171
330
17
100
AcDbEntity
  8
A-WIND
100
AcDbLine
 10
10575.0
 20
850.0
 30
0.0
 11
10575.0
 21
2850.0
 31
0.0
1001
FLOORFORGE
1000
floor:0
1000
preliminary
  0
LINE
  5
172
330
17
100
AcDbEntity
  8
A-WIND
100
AcDbLine
 10
10668.0
 20
850.0
 30
0.0
 11
10518.0
 21
850.0
 31
0.0
1001
FLOORFORGE
1000
floor:0
1000
preliminary
  0
LINE
  5
173
330
17
100
AcDbEntity
  8
A-WIND
100
AcDbLine
 10
10668.0
 20
2850.0
 30
0.0
 11
10518.0
 21
2850.0
 31
0.0
1001
FLOORFORGE
1000
floor:0
1000
preliminary
  0
TEXT
  5
174
330
17
100
AcDbEntity
  8
A-TAGS
100
AcDbText
 10
11048.0
 20
1790.0
 30
0.0
 40
150.0
  1
W5
 72
1
 11
11048.0
 21
1790.0
 31
0.0
100
AcDbText
 73
1
1001
FLOORFORGE
1000
floor:0
1000
preliminary
  0
LINE
  5
175
330
17
100
AcDbEntity
  8
A-DOOR
100
AcDbLine
 10
8300.0
 20
150.0
 30
0.0
 11
8300.0
 21
1350.0
 31
0.0
1001
FLOORFORGE
1000
floor:0
1000
preliminary
  0
LWPOLYLINE
  5
176
330
17
100
AcDbEntity
  8
A-DOOR
100
AcDbPolyline
 90
18
 70
0
 10
9500.0
 20
150.0
 10
9494.881011554042
 20
260.7220313559624
 10
9479.567719620682
 20
370.49942137988444
 10
9454.190771807383
 20
478.3955880864994
 10
9418.966675285226
 20
583.4899994245835
 10
9374.195949626075
 20
684.8860269318459
 10
9320.260562875537
 20
781.7185954528269
 10
9257.620672736288
 20
873.1615636551077
 10
9186.810700664792
 20
958.4347723758686
 10
9108.43477237587
 20
1036.810700664791
 10
9023.161563655107
 20
1107.6206727362874
 10
8931.718595452827
 20
1170.2605628755368
 10
8834.886026931847
 20
1224.1959496260747
 10
8733.489999424584
 20
1268.966675285227
 10
8628.3955880865
 20
1304.1907718073828
 10
8520.499421379884
 20
1329.567719620682
 10
8410.722031355963
 20
1344.8810115540414
 10
8300.0
 20
1350.0
1001
FLOORFORGE
1000
floor:0
1000
preliminary
  0
TEXT
  5
177
330
17
100
AcDbEntity
  8
A-TAGS
100
AcDbText
 10
8900.0
 20
-310.0
 30
0.0
 40
150.0
  1
D4
 72
1
 11
8900.0
 21
-310.0
 31
0.0
100
AcDbText
 73
1
1001
FLOORFORGE
1000
floor:0
1000
preliminary
  0
LINE
  5
178
330
17
100
AcDbEntity
  8
A-DOOR
100
AcDbLine
 10
3472.0
 20
150.0
 30
0.0
 11
3472.0
 21
3450.0
 31
0.0
1001
FLOORFORGE
1000
floor:0
1000
preliminary
  0
LINE
  5
179
330
17
100
AcDbEntity
  8
A-DOOR
100
AcDbLine
 10
3622.0
 20
150.0
 30
0.0
 11
3622.0
 21
3450.0
 31
0.0
1001
FLOORFORGE
1000
floor:0
1000
preliminary
  0
TEXT
  5
17A
330
17
100
AcDbEntity
  8
A-TAGS
100
AcDbText
 10
3222.0
 20
1740.0
 30
0.0
 40
150.0
  1
O4
 72
1
 11
3222.0
 21
1740.0
 31
0.0
100
AcDbText
 73
1
1001
FLOORFORGE
1000
floor:0
1000
preliminary
  0
LINE
  5
17B
330
17
100
AcDbEntity
  8
A-WIND
100
AcDbLine
 10
650.0
 20
0.0
 30
0.0
 11
2650.0
 21
0.0
 31
0.0
1001
FLOORFORGE
1000
floor:0
1000
preliminary
  0
LINE
  5
17C
330
17
100
AcDbEntity
  8
A-WIND
100
AcDbLine
 10
650.0
 20
150.0
 30
0.0
 11
2650.0
 21
150.0
 31
0.0
1001
FLOORFORGE
1000
floor:0
1000
preliminary
  0
LINE
  5
17D
330
17
100
AcDbEntity
  8
A-WIND
100
AcDbLine
 10
650.0
 20
57.0
 30
0.0
 11
2650.0
 21
57.0
 31
0.0
1001
FLOORFORGE
1000
floor:0
1000
preliminary
  0
LINE
  5
17E
330
17
100
AcDbEntity
  8
A-WIND
100
AcDbLine
 10
650.0
 20
93.0
 30
0.0
 11
2650.0
 21
93.0
 31
0.0
1001
FLOORFORGE
1000
floor:0
1000
preliminary
  0
LINE
  5
17F
330
17
100
AcDbEntity
  8
A-WIND
100
AcDbLine
 10
650.0
 20
0.0
 30
0.0
 11
650.0
 21
150.0
 31
0.0
1001
FLOORFORGE
1000
floor:0
1000
preliminary
  0
LINE
  5
180
330
17
100
AcDbEntity
  8
A-WIND
100
AcDbLine
 10
2650.0
 20
0.0
 30
0.0
 11
2650.0
 21
150.0
 31
0.0
1001
FLOORFORGE
1000
floor:0
1000
preliminary
  0
TEXT
  5
181
330
17
100
AcDbEntity
  8
A-TAGS
100
AcDbText
 10
1650.0
 20
-440.0
 30
0.0
 40
150.0
  1
W6
 72
1
 11
1650.0
 21
-440.0
 31
0.0
100
AcDbText
 73
1
1001
FLOORFORGE
1000
floor:0
1000
preliminary
  0
LINE
  5
182
330
17
100
AcDbEntity
  8
A-WIND
100
AcDbLine
 10
0.0
 20
950.0
 30
0.0
 11
0.0
 21
2750.0
 31
0.0
1001
FLOORFORGE
1000
floor:0
1000
preliminary
  0
LINE
  5
183
330
17
100
AcDbEntity
  8
A-WIND
100
AcDbLine
 10
150.0
 20
950.0
 30
0.0
 11
150.0
 21
2750.0
 31
0.0
1001
FLOORFORGE
1000
floor:0
1000
preliminary
  0
LINE
  5
184
330
17
100
AcDbEntity
  8
A-WIND
100
AcDbLine
 10
57.0
 20
950.0
 30
0.0
 11
57.0
 21
2750.0
 31
0.0
1001
FLOORFORGE
1000
floor:0
1000
preliminary
  0
LINE
  5
185
330
17
100
AcDbEntity
  8
A-WIND
100
AcDbLine
 10
93.0
 20
950.0
 30
0.0
 11
93.0
 21
2750.0
 31
0.0
1001
FLOORFORGE
1000
floor:0
1000
preliminary
  0
LINE
  5
186
330
17
100
AcDbEntity
  8
A-WIND
100
AcDbLine
 10
0.0
 20
950.0
 30
0.0
 11
150.0
 21
950.0
 31
0.0
1001
FLOORFORGE
1000
floor:0
1000
preliminary
  0
LINE
  5
187
330
17
100
AcDbEntity
  8
A-WIND
100
AcDbLine
 10
0.0
 20
2750.0
 30
0.0
 11
150.0
 21
2750.0
 31
0.0
1001
FLOORFORGE
1000
floor:0
1000
preliminary
  0
TEXT
  5
188
330
17
100
AcDbEntity
  8
A-TAGS
100
AcDbText
 10
-380.0
 20
1790.0
 30
0.0
 40
150.0
  1
W7
 72
1
 11
-380.0
 21
1790.0
 31
0.0
100
AcDbText
 73
1
1001
FLOORFORGE
1000
floor:0
1000
preliminary
  0
LINE
  5
189
330
17
100
AcDbEntity
  8
A-DOOR
100
AcDbLine
 10
2950.0
 20
3600.0
 30
0.0
 11
2950.0
 21
8700.0
 31
0.0
1001
FLOORFORGE
1000
floor:0
1000
preliminary
  0
LINE
  5
18A
330
17
100
AcDbEntity
  8
A-DOOR
100
AcDbLine
 10
3100.0
 20
3600.0
 30
0.0
 11
3100.0
 21
8700.0
 31
0.0
1001
FLOORFORGE
1000
floor:0
1000
preliminary
  0
TEXT
  5
18B
330
17
100
AcDbEntity
  8
A-TAGS
100
AcDbText
 10
2700.0
 20
6090.0
 30
0.0
 40
150.0
  1
O5
 72
1
 11
2700.0
 21
6090.0
 31
0.0
100
AcDbText
 73
1
1001
FLOORFORGE
1000
floor:0
1000
preliminary
  0
LWPOLYLINE
  5
18C
330
17
100
AcDbEntity
  8
A-DOOR
100
AcDbPolyline
 90
4
 70
1
 10
8069.0
 20
4000.0
 10
8069.0
 20
5040.0
 10
8037.0
 20
5040.0
 10
8037.0
 20
4000.0
1001
FLOORFORGE
1000
floor:0
1000
preliminary
  0
LWPOLYLINE
  5
18D
330
17
100
AcDbEntity
  8
A-DOOR
100
AcDbPolyline
 90
4
 70
1
 10
8113.0
 20
4960.0
 10
8113.0
 20
6000.0
 10
8081.0
 20
6000.0
 10
8081.0
 20
4960.0
1001
FLOORFORGE
1000
floor:0
1000
preliminary
  0
LINE
  5
18E
330
17
100
AcDbEntity
  8
A-DOOR
100
AcDbLine
 10
8310.0
 20
4750.0
 30
0.0
 11
8310.0
 21
5250.0
 31
0.0
1001
FLOORFORGE
1000
floor:0
1000
preliminary
  0
LINE
  5
18F
330
17
100
AcDbEntity
  8
A-DOOR
100
AcDbLine
 10
8310.0
 20
5250.0
 30
0.0
 11
8250.0
 21
5170.0
 31
0.0
1001
FLOORFORGE
1000
floor:0
1000
preliminary
  0
TEXT
  5
190
330
17
100
AcDbEntity
  8
A-TAGS
100
AcDbText
 10
8400.0
 20
4940.0
 30
0.0
 40
150.0
  1
SD3
 72
1
 11
8400.0
 21
4940.0
 31
0.0
100
AcDbText
 73
1
1001
FLOORFORGE
1000
floor:0
1000
preliminary
  0
LINE
  5
191
330
17
100
AcDbEntity
  8
A-WIND
100
AcDbLine
 10
0.0
 20
5800.0
 30
0.0
 11
0.0
 21
7600.0
 31
0.0
1001
FLOORFORGE
1000
floor:0
1000
preliminary
  0
LINE
  5
192
330
17
100
AcDbEntity
  8
A-WIND
100
AcDbLine
 10
150.0
 20
5800.0
 30
0.0
 11
150.0
 21
7600.0
 31
0.0
1001
FLOORFORGE
1000
floor:0
1000
preliminary
  0
LINE
  5
193
330
17
100
AcDbEntity
  8
A-WIND
100
AcDbLine
 10
57.0
 20
5800.0
 30
0.0
 11
57.0
 21
7600.0
 31
0.0
1001
FLOORFORGE
1000
floor:0
1000
preliminary
  0
LINE
  5
194
330
17
100
AcDbEntity
  8
A-WIND
100
AcDbLine
 10
93.0
 20
5800.0
 30
0.0
 11
93.0
 21
7600.0
 31
0.0
1001
FLOORFORGE
1000
floor:0
1000
preliminary
  0
LINE
  5
195
330
17
100
AcDbEntity
  8
A-WIND
100
AcDbLine
 10
0.0
 20
5800.0
 30
0.0
 11
150.0
 21
5800.0
 31
0.0
1001
FLOORFORGE
1000
floor:0
1000
preliminary
  0
LINE
  5
196
330
17
100
AcDbEntity
  8
A-WIND
100
AcDbLine
 10
0.0
 20
7600.0
 30
0.0
 11
150.0
 21
7600.0
 31
0.0
1001
FLOORFORGE
1000
floor:0
1000
preliminary
  0
TEXT
  5
197
330
17
100
AcDbEntity
  8
A-TAGS
100
AcDbText
 10
-380.0
 20
6640.0
 30
0.0
 40
150.0
  1
W8
 72
1
 11
-380.0
 21
6640.0
 31
0.0
100
AcDbText
 73
1
1001
FLOORFORGE
1000
floor:0
1000
preliminary
  0
LINE
  5
198
330
17
100
AcDbEntity
  8
A-STAIR
100
AcDbLine
 10
150.0
 20
5150.0
 30
0.0
 11
1450.0
 21
5150.0
 31
0.0
1001
FLOORFORGE
1000
floor:0
1000
preliminary
  0
LINE
  5
199
330
17
100
AcDbEntity
  8
A-STAIR
100
AcDbLine
 10
1650.0
 20
5150.0
 30
0.0
 11
2950.0
 21
5150.0
 31
0.0
1001
FLOORFORGE
1000
floor:0
1000
preliminary
  0
LINE
  5
19A
330
17
100
AcDbEntity
  8
A-STAIR
100
AcDbLine
 10
150.0
 20
5400.0
 30
0.0
 11
1450.0
 21
5400.0
 31
0.0
1001
FLOORFORGE
1000
floor:0
1000
preliminary
  0
LINE
  5
19B
330
17
100
AcDbEntity
  8
A-STAIR
100
AcDbLine
 10
1650.0
 20
5400.0
 30
0.0
 11
2950.0
 21
5400.0
 31
0.0
1001
FLOORFORGE
1000
floor:0
1000
preliminary
  0
LINE
  5
19C
330
17
100
AcDbEntity
  8
A-STAIR
100
AcDbLine
 10
150.0
 20
5650.0
 30
0.0
 11
1450.0
 21
5650.0
 31
0.0
1001
FLOORFORGE
1000
floor:0
1000
preliminary
  0
LINE
  5
19D
330
17
100
AcDbEntity
  8
A-STAIR
100
AcDbLine
 10
1650.0
 20
5650.0
 30
0.0
 11
2950.0
 21
5650.0
 31
0.0
1001
FLOORFORGE
1000
floor:0
1000
preliminary
  0
LINE
  5
19E
330
17
100
AcDbEntity
  8
A-STAIR
100
AcDbLine
 10
150.0
 20
5900.0
 30
0.0
 11
1450.0
 21
5900.0
 31
0.0
1001
FLOORFORGE
1000
floor:0
1000
preliminary
  0
LINE
  5
19F
330
17
100
AcDbEntity
  8
A-STAIR
100
AcDbLine
 10
1650.0
 20
5900.0
 30
0.0
 11
2950.0
 21
5900.0
 31
0.0
1001
FLOORFORGE
1000
floor:0
1000
preliminary
  0
LINE
  5
1A0
330
17
100
AcDbEntity
  8
A-STAIR
100
AcDbLine
 10
150.0
 20
6150.0
 30
0.0
 11
1450.0
 21
6150.0
 31
0.0
1001
FLOORFORGE
1000
floor:0
1000
preliminary
  0
LINE
  5
1A1
330
17
100
AcDbEntity
  8
A-STAIR
100
AcDbLine
 10
1650.0
 20
6150.0
 30
0.0
 11
2950.0
 21
6150.0
 31
0.0
1001
FLOORFORGE
1000
floor:0
1000
preliminary
  0
LINE
  5
1A2
330
17
100
AcDbEntity
  8
A-STAIR
100
AcDbLine
 10
150.0
 20
6400.0
 30
0.0
 11
1450.0
 21
6400.0
 31
0.0
1001
FLOORFORGE
1000
floor:0
1000
preliminary
  0
LINE
  5
1A3
330
17
100
AcDbEntity
  8
A-STAIR
100
AcDbLine
 10
1650.0
 20
6400.0
 30
0.0
 11
2950.0
 21
6400.0
 31
0.0
1001
FLOORFORGE
1000
floor:0
1000
preliminary
  0
LINE
  5
1A4
330
17
100
AcDbEntity
  8
A-STAIR
100
AcDbLine
 10
150.0
 20
6650.0
 30
0.0
 11
1450.0
 21
6650.0
 31
0.0
1001
FLOORFORGE
1000
floor:0
1000
preliminary
  0
LINE
  5
1A5
330
17
100
AcDbEntity
  8
A-STAIR
100
AcDbLine
 10
1650.0
 20
6650.0
 30
0.0
 11
2950.0
 21
6650.0
 31
0.0
1001
FLOORFORGE
1000
floor:0
1000
preliminary
  0
LINE
  5
1A6
330
17
100
AcDbEntity
  8
A-STAIR
100
AcDbLine
 10
150.0
 20
6900.0
 30
0.0
 11
1450.0
 21
6900.0
 31
0.0
1001
FLOORFORGE
1000
floor:0
1000
preliminary
  0
LINE
  5
1A7
330
17
100
AcDbEntity
  8
A-STAIR
100
AcDbLine
 10
1650.0
 20
6900.0
 30
0.0
 11
2950.0
 21
6900.0
 31
0.0
1001
FLOORFORGE
1000
floor:0
1000
preliminary
  0
LINE
  5
1A8
330
17
100
AcDbEntity
  8
A-STAIR
100
AcDbLine
 10
150.0
 20
7150.0
 30
0.0
 11
1450.0
 21
7150.0
 31
0.0
1001
FLOORFORGE
1000
floor:0
1000
preliminary
  0
LINE
  5
1A9
330
17
100
AcDbEntity
  8
A-STAIR
100
AcDbLine
 10
1650.0
 20
7150.0
 30
0.0
 11
2950.0
 21
7150.0
 31
0.0
1001
FLOORFORGE
1000
floor:0
1000
preliminary
  0
LWPOLYLINE
  5
1AA
330
17
100
AcDbEntity
  8
A-STAIR
100
AcDbPolyline
 90
4
 70
0
 10
800.0
 20
5150.0
 10
800.0
 20
7925.0
 10
2300.0
 20
7925.0
 10
2300.0
 20
5150.0
1001
FLOORFORGE
1000
floor:0
1000
preliminary
  0
LWPOLYLINE
  5
1AB
330
17
100
AcDbEntity
  8
A-STAIR
100
AcDbPolyline
 90
3
 70
1
 10
2230.0
 20
5290.0
 10
2370.0
 20
5290.0
 10
2300.0
 20
5150.0
1001
FLOORFORGE
1000
floor:0
1000
preliminary
  0
HATCH
  5
1AC
330
17
100
AcDbEntity
  8
A-STAIR
 62
7
100
AcDbHatch
 10
0.0
 20
0.0
 30
0.0
210
0.0
220
0.0
230
1.0
  2
SOLID
 70
1
 71
0
 91
1
 92
3
 72
0
 73
1
 93
3
 10
2230.0
 20
5290.0
 10
2370.0
 20
5290.0
 10
2300.0
 20
5150.0
 97
0
 75
0
 76
1
 98
0
  0
TEXT
  5
1AD
330
17
100
AcDbEntity
  8
A-STAIR
100
AcDbText
 10
800.0
 20
4890.0
 30
0.0
 40
170.0
  1
UP
 72
1
 11
800.0
 21
4890.0
 31
0.0
100
AcDbText
 73
1
1001
FLOORFORGE
1000
floor:0
1000
preliminary
  0
TEXT
  5
1AE
330
17
100
AcDbEntity
  8
A-STAIR
100
AcDbText
 10
1550.0
 20
3900.0
 30
0.0
 40
140.0
  1
18R @ 175 / T 250
 72
1
 11
1550.0
 21
3900.0
 31
0.0
100
AcDbText
 73
1
1001
FLOORFORGE
1000
floor:0
1000
preliminary
  0
LWPOLYLINE
  5
1AF
330
17
100
AcDbEntity
  8
A-STAIR
100
AcDbPolyline
 90
4
 70
1
 10
5172.0
 20
-1250.0
 10
6472.0
 20
-1250.0
 10
6472.0
 20
-950.0
 10
5172.0
 20
-950.0
1001
FLOORFORGE
1000
floor:0
1000
preliminary
  0
LWPOLYLINE
  5
1B0
330
17
100
AcDbEntity
  8
A-STAIR
100
AcDbPolyline
 90
4
 70
1
 10
5172.0
 20
-950.0
 10
6472.0
 20
-950.0
 10
6472.0
 20
-650.0
 10
5172.0
 20
-650.0
1001
FLOORFORGE
1000
floor:0
1000
preliminary
  0
LWPOLYLINE
  5
1B1
330
17
100
AcDbEntity
  8
A-STAIR
100
AcDbPolyline
 90
4
 70
1
 10
5172.0
 20
-650.0
 10
6472.0
 20
-650.0
 10
6472.0
 20
0.0
 10
5172.0
 20
0.0
1001
FLOORFORGE
1000
floor:0
1000
preliminary
  0
LWPOLYLINE
  5
1B2
330
17
100
AcDbEntity
  8
A-FURN
100
AcDbPolyline
 90
4
 70
1
 10
3347.0
 20
1800.0
 10
3747.0
 20
1800.0
 10
3747.0
 20
150.0
 10
3347.0
 20
150.0
1001
FLOORFORGE
1000
floor:0
1000
preliminary
  0
LWPOLYLINE
  5
1B3
330
17
100
AcDbEntity
  8
A-FURN
100
AcDbPolyline
 90
4
 70
1
 10
5798.0
 20
11069.999999999998
 10
5798.0
 20
11530.0
 10
5077.999999999999
 20
11530.0
 10
5077.999999999999
 20
11069.999999999998
1001
FLOORFORGE
1000
floor:0
1000
preliminary
  0
LWPOLYLINE
  5
1B4
330
17
100
AcDbEntity
  8
A-FURN
100
AcDbPolyline
 90
4
 70
1
 10
5798.0
 20
9550.0
 10
5798.0
 20
10550.0
 10
5298.0
 20
10550.0
 10
5298.0
 20
9550.0
1001
FLOORFORGE
1000
floor:0
1000
preliminary
  0
LWPOLYLINE
  5
1B5
330
17
100
AcDbEntity
  8
A-FURN
100
AcDbPolyline
 90
4
 70
1
 10
2579.999999999999
 20
10462.0
 10
2579.999999999999
 20
12632.0
 10
679.999999999999
 20
12632.0
 10
679.999999999999
 20
10462.0
1001
FLOORFORGE
1000
floor:0
1000
preliminary
  0
LWPOLYLINE
  5
1B6
330
17
100
AcDbEntity
  8
A-FURN
100
AcDbPolyline
 90
4
 70
1
 10
3050.0000000000005
 20
8850.0
 10
3050.0000000000005
 20
9450.0
 10
650.0000000000003
 20
9450.0
 10
650.0000000000003
 20
8850.0
1001
FLOORFORGE
1000
floor:0
1000
preliminary
  0
LWPOLYLINE
  5
1B7
330
17
100
AcDbEntity
  8
A-FURN
100
AcDbPolyline
 90
4
 70
1
 10
8584.0
 20
7700.0
 10
8584.0
 20
8800.0
 10
6384.0
 20
8800.0
 10
6384.0
 20
7700.0
1001
FLOORFORGE
1000
floor:0
1000
preliminary
  0
LWPOLYLINE
  5
1B8
330
17
100
AcDbEntity
  8
A-FURN
100
AcDbPolyline
 90
4
 70
1
 10
7214.0
 20
8830.0
 10
7214.0
 20
9370.0
 10
6654.0
 20
9370.0
 10
6654.0
 20
8830.0
1001
FLOORFORGE
1000
floor:0
1000
preliminary
  0
LWPOLYLINE
  5
1B9
330
17
100
AcDbEntity
  8
A-FURN
100
AcDbPolyline
 90
4
 70
1
 10
7214.0
 20
7130.000000000001
 10
7214.0
 20
7670.0
 10
6654.0
 20
7670.0
 10
6654.0
 20
7130.000000000001
1001
FLOORFORGE
1000
floor:0
1000
preliminary
  0
LWPOLYLINE
  5
1BA
330
17
100
AcDbEntity
  8
A-FURN
100
AcDbPolyline
 90
4
 70
1
 10
8634.0
 20
7150.0
 10
8634.0
 20
7650.0
 10
7834.0
 20
7650.0
 10
7834.0
 20
7150.0
1001
FLOORFORGE
1000
floor:0
1000
preliminary
  0
LWPOLYLINE
  5
1BB
330
17
100
AcDbEntity
  8
A-FURN
100
AcDbPolyline
 90
4
 70
1
 10
8584.0
 20
9125.0
 10
8584.0
 20
9575.0
 10
7684.0
 20
9575.0
 10
7684.0
 20
9125.0
1001
FLOORFORGE
1000
floor:0
1000
preliminary
  0
LWPOLYLINE
  5
1BC
330
17
100
AcDbEntity
  8
A-FURN
100
AcDbPolyline
 90
4
 70
1
 10
10518.0
 20
7550.0
 10
10518.0
 20
8950.0
 10
10448.0
 20
8950.0
 10
10448.0
 20
7550.0
1001
FLOORFORGE
1000
floor:0
1000
preliminary
  0
LWPOLYLINE
  5
1BD
330
17
100
AcDbEntity
  8
A-FURN
100
AcDbPolyline
 90
4
 70
1
 10
9708.0
 20
11551.999999999998
 10
9708.0
 20
12652.0
 10
7537.999999999999
 20
12652.0
 10
7537.999999999999
 20
11551.999999999998
1001
FLOORFORGE
1000
floor:0
1000
preliminary
  0
LWPOLYLINE
  5
1BE
330
17
100
AcDbEntity
  8
A-FURN
100
AcDbPolyline
 90
4
 70
1
 10
9217.999999999998
 20
10170.0
 10
9217.999999999998
 20
10650.0
 10
8318.0
 20
10650.0
 10
8318.0
 20
10170.0
1001
FLOORFORGE
1000
floor:0
1000
preliminary
  0
LWPOLYLINE
  5
1BF
330
17
100
AcDbEntity
  8
A-FURN
100
AcDbPolyline
 90
4
 70
1
 10
6598.000000000001
 20
10170.0
 10
6598.000000000001
 20
10890.0
 10
6138.0
 20
10890.0
 10
6138.0
 20
10170.0
1001
FLOORFORGE
1000
floor:0
1000
preliminary
  0
LWPOLYLINE
  5
1C0
330
17
100
AcDbEntity
  8
A-FURN
100
AcDbPolyline
 90
4
 70
1
 10
6488.0
 20
10952.0
 10
6488.0
 20
11752.0
 10
5988.0
 20
11752.0
 10
5988.0
 20
10952.0
1001
FLOORFORGE
1000
floor:0
1000
preliminary
  0
LWPOLYLINE
  5
1C1
330
17
100
AcDbEntity
  8
A-FURN
100
AcDbPolyline
 90
4
 70
1
 10
5071.999999999999
 20
680.0
 10
5071.999999999999
 20
2520.0
 10
3871.9999999999995
 20
2520.0
 10
3871.9999999999995
 20
680.0
1001
FLOORFORGE
1000
floor:0
1000
preliminary
  0
LWPOLYLINE
  5
1C2
330
17
100
AcDbEntity
  8
A-FURN
100
AcDbPolyline
 90
4
 70
1
 10
9668.000000000002
 20
2270.0000000000005
 10
9668.000000000002
 20
3250.0
 10
7318.000000000001
 20
3250.0
 10
7318.000000000001
 20
2270.0000000000005
1001
FLOORFORGE
1000
floor:0
1000
preliminary
  0
LWPOLYLINE
  5
1C3
330
17
100
AcDbEntity
  8
A-FURN
100
AcDbPolyline
 90
4
 70
1
 10
9043.000000000002
 20
1175.0000000000002
 10
9043.000000000002
 20
1925.0000000000002
 10
7943.000000000001
 20
1925.0000000000002
 10
7943.000000000001
 20
1175.0000000000002
1001
FLOORFORGE
1000
floor:0
1000
preliminary
  0
LWPOLYLINE
  5
1C4
330
17
100
AcDbEntity
  8
A-FURN
100
AcDbPolyline
 90
4
 70
1
 10
10048.0
 20
2570.0000000000005
 10
10048.0
 20
2930.0
 10
9688.0
 20
2930.0
 10
9688.0
 20
2570.0000000000005
1001
FLOORFORGE
1000
floor:0
1000
preliminary
  0
LWPOLYLINE
  5
1C5
330
17
100
AcDbEntity
  8
A-FURN
100
AcDbPolyline
 90
4
 70
1
 10
810.0
 20
179.99999999999994
 10
810.0
 20
3440.0000000000005
 10
155.0
 20
3440.0000000000005
 10
155.0
 20
179.99999999999994
1001
FLOORFORGE
1000
floor:0
1000
preliminary
  0
LWPOLYLINE
  5
1C6
330
17
100
AcDbEntity
  8
A-FURN
100
AcDbPolyline
 90
4
 70
1
 10
6999.999999999999
 20
5170.0
 10
6999.999999999999
 20
6149.999999999999
 10
4649.999999999999
 20
6149.999999999999
 10
4649.999999999999
 20
5170.0
1001
FLOORFORGE
1000
floor:0
1000
preliminary
  0
LWPOLYLINE
  5
1C7
330
17
100
AcDbEntity
  8
A-FURN
100
AcDbPolyline
 90
4
 70
1
 10
7379.999999999999
 20
5470.0
 10
7379.999999999999
 20
5830.0
 10
7020.0
 20
5830.0
 10
7020.0
 20
5470.0
1001
FLOORFORGE
1000
floor:0
1000
preliminary
  0
LWPOLYLINE
  5
1C8
330
17
100
AcDbEntity
  8
A-EXT
100
AcDbPolyline
 90
4
 70
1
 10
6187.0
 20
-1488.0
 10
10668.0
 20
-1488.0
 10
10668.0
 20
0.0
 10
6187.0
 20
0.0
1001
FLOORFORGE
1000
floor:0
1000
preliminary
  0
TEXT
  5
1C9
330
17
100
AcDbEntity
  8
A-EXT
100
AcDbText
 10
8427.5
 20
-1368.0
 30
0.0
 40
130.0
  1
PORCH
 72
1
 11
8427.5
 21
-1368.0
 31
0.0
100
AcDbText
 73
1
1001
FLOORFORGE
1000
floor:0
1000
preliminary
  0
TEXT
  5
1CA
330
17
100
AcDbEntity
  8
A-ANNO
100
AcDbText
 10
5134.0
 20
10810.5
 30
0.0
 40
170.0
  1
COMMON BATHROOM · REAR
 72
1
 11
5134.0
 21
10810.5
 31
0.0
100
AcDbText
 73
1
1001
FLOORFORGE
1000
floor:0
1000
preliminary
  0
TEXT
  5
1CB
330
17
100
AcDbEntity
  8
A-ANNO
100
AcDbText
 10
5134.0
 20
10575.5
 30
0.0
 40
130.0
  1
1.37 x 3.80
 72
1
 11
5134.0
 21
10575.5
 31
0.0
100
AcDbText
 73
1
1001
FLOORFORGE
1000
floor:0
1000
preliminary
  0
TEXT
  5
1CC
330
17
100
AcDbEntity
  8
A-ANNO
100
AcDbText
 10
5134.0
 20
10393.5
 30
0.0
 40
130.0
  1
5.2 m2
 72
1
 11
5134.0
 21
10393.5
 31
0.0
100
AcDbText
 73
1
1001
FLOORFORGE
1000
floor:0
1000
preliminary
  0
TEXT
  5
1CD
330
17
100
AcDbEntity
  8
A-ANNO
100
AcDbText
 10
2225.0
 20
10828.0
 30
0.0
 40
220.0
  1
MASTER BEDROOM · SOUTHWEST
 72
1
 11
2225.0
 21
10828.0
 31
0.0
100
AcDbText
 73
1
1001
FLOORFORGE
1000
floor:0
1000
preliminary
  0
TEXT
  5
1CE
330
17
100
AcDbEntity
  8
A-ANNO
100
AcDbText
 10
2225.0
 20
10548.5
 30
0.0
 40
150.0
  1
4.15 x 3.80
 72
1
 11
2225.0
 21
10548.5
 31
0.0
100
AcDbText
 73
1
1001
FLOORFORGE
1000
floor:0
1000
preliminary
  0
TEXT
  5
1CF
330
17
100
AcDbEntity
  8
A-ANNO
100
AcDbText
 10
2225.0
 20
10338.5
 30
0.0
 40
150.0
  1
15.8 m2
 72
1
 11
2225.0
 21
10338.5
 31
0.0
100
AcDbText
 73
1
1001
FLOORFORGE
1000
floor:0
1000
preliminary
  0
TEXT
  5
1D0
330
17
100
AcDbEntity
  8
A-ANNO
100
AcDbText
 10
8651.37890625
 20
8321.07421875
 30
0.0
 40
220.0
  1
HOME CARE ROOM
 72
1
 11
8651.37890625
 21
8321.07421875
 31
0.0
100
AcDbText
 73
1
1001
FLOORFORGE
1000
floor:0
1000
preliminary
  0
TEXT
  5
1D1
330
17
100
AcDbEntity
  8
A-ANNO
100
AcDbText
 10
8651.37890625
 20
8041.57421875
 30
0.0
 40
150.0
  1
4.52 x 3.50*
 72
1
 11
8651.37890625
 21
8041.57421875
 31
0.0
100
AcDbText
 73
1
1001
FLOORFORGE
1000
floor:0
1000
preliminary
  0
TEXT
  5
1D2
330
17
100
AcDbEntity
  8
A-ANNO
100
AcDbText
 10
8651.37890625
 20
7831.57421875
 30
0.0
 40
150.0
  1
17.4 m2
 72
1
 11
8651.37890625
 21
7831.57421875
 31
0.0
100
AcDbText
 73
1
1001
FLOORFORGE
1000
floor:0
1000
preliminary
  0
TEXT
  5
1D3
330
17
100
AcDbEntity
  8
A-ANNO
100
AcDbText
 10
9018.0
 20
11478.0
 30
0.0
 40
220.0
  1
CAREGIVER BEDROOM
 72
1
 11
9018.0
 21
11478.0
 31
0.0
100
AcDbText
 73
1
1001
FLOORFORGE
1000
floor:0
1000
preliminary
  0
TEXT
  5
1D4
330
17
100
AcDbEntity
  8
A-ANNO
100
AcDbText
 10
9018.0
 20
11198.5
 30
0.0
 40
150.0
  1
3.00 x 2.50
 72
1
 11
9018.0
 21
11198.5
 31
0.0
100
AcDbText
 73
1
1001
FLOORFORGE
1000
floor:0
1000
preliminary
  0
TEXT
  5
1D5
330
17
100
AcDbEntity
  8
A-ANNO
100
AcDbText
 10
9018.0
 20
10988.5
 30
0.0
 40
150.0
  1
7.5 m2
 72
1
 11
9018.0
 21
10988.5
 31
0.0
100
AcDbText
 73
1
1001
FLOORFORGE
1000
floor:0
1000
preliminary
  0
TEXT
  5
1D6
330
17
100
AcDbEntity
  8
A-ANNO
100
AcDbText
 10
6668.0
 20
11460.5
 30
0.0
 40
170.0
  1
CAREGIVER ATTACHED TOILET
 72
1
 11
6668.0
 21
11460.5
 31
0.0
100
AcDbText
 73
1
1001
FLOORFORGE
1000
floor:0
1000
preliminary
  0
TEXT
  5
1D7
330
17
100
AcDbEntity
  8
A-ANNO
100
AcDbText
 10
6668.0
 20
11225.5
 30
0.0
 40
130.0
  1
1.40 x 2.50
 72
1
 11
6668.0
 21
11225.5
 31
0.0
100
AcDbText
 73
1
1001
FLOORFORGE
1000
floor:0
1000
preliminary
  0
TEXT
  5
1D8
330
17
100
AcDbEntity
  8
A-ANNO
100
AcDbText
 10
6668.0
 20
11043.5
 30
0.0
 40
130.0
  1
3.5 m2
 72
1
 11
6668.0
 21
11043.5
 31
0.0
100
AcDbText
 73
1
1001
FLOORFORGE
1000
floor:0
1000
preliminary
  0
TEXT
  5
1D9
330
17
100
AcDbEntity
  8
A-ANNO
100
AcDbText
 10
4986.0
 20
1877.0
 30
0.0
 40
220.0
  1
OPEN DINING
 72
1
 11
4986.0
 21
1877.0
 31
0.0
100
AcDbText
 73
1
1001
FLOORFORGE
1000
floor:0
1000
preliminary
  0
TEXT
  5
1DA
330
17
100
AcDbEntity
  8
A-ANNO
100
AcDbText
 10
4986.0
 20
1597.5
 30
0.0
 40
150.0
  1
2.73 x 3.30
 72
1
 11
4986.0
 21
1597.5
 31
0.0
100
AcDbText
 73
1
1001
FLOORFORGE
1000
floor:0
1000
preliminary
  0
TEXT
  5
1DB
330
17
100
AcDbEntity
  8
A-ANNO
100
AcDbText
 10
4986.0
 20
1387.5
 30
0.0
 40
150.0
  1
9.0 m2
 72
1
 11
4986.0
 21
1387.5
 31
0.0
100
AcDbText
 73
1
1001
FLOORFORGE
1000
floor:0
1000
preliminary
  0
TEXT
  5
1DC
330
17
100
AcDbEntity
  8
A-ANNO
100
AcDbText
 10
8509.0
 20
1877.0
 30
0.0
 40
220.0
  1
DRAWING ROOM · NORTHEAST
 72
1
 11
8509.0
 21
1877.0
 31
0.0
100
AcDbText
 73
1
1001
FLOORFORGE
1000
floor:0
1000
preliminary
  0
TEXT
  5
1DD
330
17
100
AcDbEntity
  8
A-ANNO
100
AcDbText
 10
8509.0
 20
1597.5
 30
0.0
 40
150.0
  1
4.02 x 3.30
 72
1
 11
8509.0
 21
1597.5
 31
0.0
100
AcDbText
 73
1
1001
FLOORFORGE
1000
floor:0
1000
preliminary
  0
TEXT
  5
1DE
330
17
100
AcDbEntity
  8
A-ANNO
100
AcDbText
 10
8509.0
 20
1387.5
 30
0.0
 40
150.0
  1
13.3 m2
 72
1
 11
8509.0
 21
1387.5
 31
0.0
100
AcDbText
 73
1
1001
FLOORFORGE
1000
floor:0
1000
preliminary
  0
TEXT
  5
1DF
330
17
100
AcDbEntity
  8
A-ANNO
100
AcDbText
 10
1811.0
 20
1877.0
 30
0.0
 40
220.0
  1
KITCHEN · SOUTHEAST
 72
1
 11
1811.0
 21
1877.0
 31
0.0
100
AcDbText
 73
1
1001
FLOORFORGE
1000
floor:0
1000
preliminary
  0
TEXT
  5
1E0
330
17
100
AcDbEntity
  8
A-ANNO
100
AcDbText
 10
1811.0
 20
1597.5
 30
0.0
 40
150.0
  1
3.32 x 3.30
 72
1
 11
1811.0
 21
1597.5
 31
0.0
100
AcDbText
 73
1
1001
FLOORFORGE
1000
floor:0
1000
preliminary
  0
TEXT
  5
1E1
330
17
100
AcDbEntity
  8
A-ANNO
100
AcDbText
 10
1811.0
 20
1387.5
 30
0.0
 40
150.0
  1
11.0 m2
 72
1
 11
1811.0
 21
1387.5
 31
0.0
100
AcDbText
 73
1
1001
FLOORFORGE
1000
floor:0
1000
preliminary
  0
TEXT
  5
1E2
330
17
100
AcDbEntity
  8
A-ANNO
100
AcDbText
 10
5550.0
 20
5052.0
 30
0.0
 40
220.0
  1
LIVING HALL
 72
1
 11
5550.0
 21
5052.0
 31
0.0
100
AcDbText
 73
1
1001
FLOORFORGE
1000
floor:0
1000
preliminary
  0
TEXT
  5
1E3
330
17
100
AcDbEntity
  8
A-ANNO
100
AcDbText
 10
5550.0
 20
4772.5
 30
0.0
 40
150.0
  1
4.90 x 2.75*
 72
1
 11
5550.0
 21
4772.5
 31
0.0
100
AcDbText
 73
1
1001
FLOORFORGE
1000
floor:0
1000
preliminary
  0
TEXT
  5
1E4
330
17
100
AcDbEntity
  8
A-ANNO
100
AcDbText
 10
5550.0
 20
4562.5
 30
0.0
 40
150.0
  1
17.8 m2
 72
1
 11
5550.0
 21
4562.5
 31
0.0
100
AcDbText
 73
1
1001
FLOORFORGE
1000
floor:0
1000
preliminary
  0
TEXT
  5
1E5
330
17
100
AcDbEntity
  8
A-ANNO
100
AcDbText
 10
1550.0
 20
6227.0
 30
0.0
 40
220.0
  1
OPEN STAIRCASE · SOUTH
 72
1
 11
1550.0
 21
6227.0
 31
0.0
100
AcDbText
 73
1
1001
FLOORFORGE
1000
floor:0
1000
preliminary
  0
TEXT
  5
1E6
330
17
100
AcDbEntity
  8
A-ANNO
100
AcDbText
 10
9409.0
 20
5052.0
 30
0.0
 40
220.0
  1
CARE VERANDA · NORTH
 72
1
 11
9409.0
 21
5052.0
 31
0.0
100
AcDbText
 73
1
1001
FLOORFORGE
1000
floor:0
1000
preliminary
  0
TEXT
  5
1E7
330
17
100
AcDbEntity
  8
A-ANNO
100
AcDbText
 10
9409.0
 20
4772.5
 30
0.0
 40
150.0
  1
2.52 x 2.75
 72
1
 11
9409.0
 21
4772.5
 31
0.0
100
AcDbText
 73
1
1001
FLOORFORGE
1000
floor:0
1000
preliminary
  0
TEXT
  5
1E8
330
17
100
AcDbEntity
  8
A-ANNO
100
AcDbText
 10
9409.0
 20
4562.5
 30
0.0
 40
150.0
  1
6.9 m2
 72
1
 11
9409.0
 21
4562.5
 31
0.0
100
AcDbText
 73
1
1001
FLOORFORGE
1000
floor:0
1000
preliminary
  0
DIMENSION
  5
1E9
330
17
100
AcDbEntity
  8
A-DIMS
100
AcDbDimension
280
0
  2
*D1
  3
FF-ARCH
 10
0.0
 20
-2038.0
 30
0.0
 11
325.0
 21
-1888.0
 31
0.0
 70
32
 71
5
  1
<>
100
AcDbAlignedDimension
 13
0.0
 23
0.0
 33
0.0
 14
650.0
 24
0.0
 34
0.0
 50
0.0
100
AcDbRotatedDimension
1001
FLOORFORGE
1000
floor:0
1000
preliminary
  0
DIMENSION
  5
1FC
330
17
100
AcDbEntity
  8
A-DIMS
100
AcDbDimension
280
0
  2
*D2
  3
FF-ARCH
 10
650.0
 20
-2038.0
 30
0.0
 11
1650.0
 21
-1888.0
 31
0.0
 70
32
 71
5
  1
<>
100
AcDbAlignedDimension
 13
650.0
 23
0.0
 33
0.0
 14
2650.0
 24
0.0
 34
0.0
 50
0.0
100
AcDbRotatedDimension
1001
FLOORFORGE
1000
floor:0
1000
preliminary
  0
DIMENSION
  5
20B
330
17
100
AcDbEntity
  8
A-DIMS
100
AcDbDimension
280
0
  2
*D3
  3
FF-ARCH
 10
2650.0
 20
-2038.0
 30
0.0
 11
3986.0
 21
-1888.0
 31
0.0
 70
32
 71
5
  1
<>
100
AcDbAlignedDimension
 13
2650.0
 23
0.0
 33
0.0
 14
5322.0
 24
0.0
 34
0.0
 50
0.0
100
AcDbRotatedDimension
1001
FLOORFORGE
1000
floor:0
1000
preliminary
  0
DIMENSION
  5
21A
330
17
100
AcDbEntity
  8
A-DIMS
100
AcDbDimension
280
0
  2
*D4
  3
FF-ARCH
 10
5322.0
 20
-2038.0
 30
0.0
 11
5822.0
 21
-1888.0
 31
0.0
 70
32
 71
5
  1
<>
100
AcDbAlignedDimension
 13
5322.0
 23
0.0
 33
0.0
 14
6322.0
 24
0.0
 34
0.0
 50
0.0
100
AcDbRotatedDimension
1001
FLOORFORGE
1000
floor:0
1000
preliminary
  0
DIMENSION
  5
229
330
17
100
AcDbEntity
  8
A-DIMS
100
AcDbDimension
280
0
  2
*D5
  3
FF-ARCH
 10
6322.0
 20
-2038.0
 30
0.0
 11
6486.0
 21
-1768.0
 31
0.0
 70
32
 71
5
  1
<>
100
AcDbAlignedDimension
 13
6322.0
 23
0.0
 33
0.0
 14
6650.0
 24
0.0
 34
0.0
 50
0.0
100
AcDbRotatedDimension
1001
FLOORFORGE
1000
floor:0
1000
preliminary
  0
DIMENSION
  5
238
330
17
100
AcDbEntity
  8
A-DIMS
100
AcDbDimension
280
0
  2
*D6
  3
FF-ARCH
 10
6650.0
 20
-2038.0
 30
0.0
 11
7250.0
 21
-1888.0
 31
0.0
 70
32
 71
5
  1
<>
100
AcDbAlignedDimension
 13
6650.0
 23
0.0
 33
0.0
 14
7850.0
 24
0.0
 34
0.0
 50
0.0
100
AcDbRotatedDimension
1001
FLOORFORGE
1000
floor:0
1000
preliminary
  0
DIMENSION
  5
247
330
17
100
AcDbEntity
  8
A-DIMS
100
AcDbDimension
280
0
  2
*D7
  3
FF-ARCH
 10
7850.0
 20
-2038.0
 30
0.0
 11
8075.0
 21
-1768.0
 31
0.0
 70
32
 71
5
  1
<>
100
AcDbAlignedDimension
 13
7850.0
 23
0.0
 33
0.0
 14
8300.0
 24
0.0
 34
0.0
 50
0.0
100
AcDbRotatedDimension
1001
FLOORFORGE
1000
floor:0
1000
preliminary
  0
DIMENSION
  5
256
330
17
100
AcDbEntity
  8
A-DIMS
100
AcDbDimension
280
0
  2
*D8
  3
FF-ARCH
 10
8300.0
 20
-2038.0
 30
0.0
 11
8900.0
 21
-1888.0
 31
0.0
 70
32
 71
5
  1
<>
100
AcDbAlignedDimension
 13
8300.0
 23
0.0
 33
0.0
 14
9500.0
 24
0.0
 34
0.0
 50
0.0
100
AcDbRotatedDimension
1001
FLOORFORGE
1000
floor:0
1000
preliminary
  0
DIMENSION
  5
265
330
17
100
AcDbEntity
  8
A-DIMS
100
AcDbDimension
280
0
  2
*D9
  3
FF-ARCH
 10
9500.0
 20
-2038.0
 30
0.0
 11
10084.0
 21
-1888.0
 31
0.0
 70
32
 71
5
  1
<>
100
AcDbAlignedDimension
 13
9500.0
 23
0.0
 33
0.0
 14
10668.0
 24
0.0
 34
0.0
 50
0.0
100
AcDbRotatedDimension
1001
FLOORFORGE
1000
floor:0
1000
preliminary
  0
DIMENSION
  5
274
330
17
100
AcDbEntity
  8
A-DIMS
100
AcDbDimension
280
0
  2
*D10
  3
FF-ARCH
 10
0.0
 20
-2488.0
 30
0.0
 11
5334.0
 21
-2338.0
 31
0.0
 70
32
 71
5
  1
<>
100
AcDbAlignedDimension
 13
0.0
 23
0.0
 33
0.0
 14
10668.0
 24
0.0
 34
0.0
 50
0.0
100
AcDbRotatedDimension
1001
FLOORFORGE
1000
floor:0
1000
preliminary
  0
DIMENSION
  5
283
330
17
100
AcDbEntity
  8
A-DIMS
100
AcDbDimension
280
0
  2
*D11
  3
FF-ARCH
 10
0.0
 20
13352.0
 30
0.0
 11
5334.0
 21
13502.0
 31
0.0
 70
32
 71
5
  1
<>
100
AcDbAlignedDimension
 13
0.0
 23
12802.0
 33
0.0
 14
10668.0
 24
12802.0
 34
0.0
 50
0.0
100
AcDbRotatedDimension
1001
FLOORFORGE
1000
floor:0
1000
preliminary
  0
DIMENSION
  5
292
330
17
100
AcDbEntity
  8
A-DIMS
100
AcDbDimension
280
0
  2
*D12
  3
FF-ARCH
 10
-550.0
 20
0.0
 30
0.0
 11
-700.0
 21
475.0
 31
0.0
 70
32
 71
5
  1
<>
100
AcDbAlignedDimension
 13
0.0
 23
0.0
 33
0.0
 14
0.0
 24
950.0
 34
0.0
 50
90.0
100
AcDbRotatedDimension
1001
FLOORFORGE
1000
floor:0
1000
preliminary
  0
DIMENSION
  5
2A1
330
17
100
AcDbEntity
  8
A-DIMS
100
AcDbDimension
280
0
  2
*D13
  3
FF-ARCH
 10
-550.0
 20
950.0
 30
0.0
 11
-700.0
 21
1850.0
 31
0.0
 70
32
 71
5
  1
<>
100
AcDbAlignedDimension
 13
0.0
 23
950.0
 33
0.0
 14
0.0
 24
2750.0
 34
0.0
 50
90.0
100
AcDbRotatedDimension
1001
FLOORFORGE
1000
floor:0
1000
preliminary
  0
DIMENSION
  5
2B0
330
17
100
AcDbEntity
  8
A-DIMS
100
AcDbDimension
280
0
  2
*D14
  3
FF-ARCH
 10
-550.0
 20
2750.0
 30
0.0
 11
-700.0
 21
4275.0
 31
0.0
 70
32
 71
5
  1
<>
100
AcDbAlignedDimension
 13
0.0
 23
2750.0
 33
0.0
 14
0.0
 24
5800.0
 34
0.0
 50
90.0
100
AcDbRotatedDimension
1001
FLOORFORGE
1000
floor:0
1000
preliminary
  0
DIMENSION
  5
2BF
330
17
100
AcDbEntity
  8
A-DIMS
100
AcDbDimension
280
0
  2
*D15
  3
FF-ARCH
 10
-550.0
 20
5800.0
 30
0.0
 11
-700.0
 21
6700.0
 31
0.0
 70
32
 71
5
  1
<>
100
AcDbAlignedDimension
 13
0.0
 23
5800.0
 33
0.0
 14
0.0
 24
7600.0
 34
0.0
 50
90.0
100
AcDbRotatedDimension
1001
FLOORFORGE
1000
floor:0
1000
preliminary
  0
DIMENSION
  5
2CE
330
17
100
AcDbEntity
  8
A-DIMS
100
AcDbDimension
280
0
  2
*D16
  3
FF-ARCH
 10
-550.0
 20
7600.0
 30
0.0
 11
-700.0
 21
8675.0
 31
0.0
 70
32
 71
5
  1
<>
100
AcDbAlignedDimension
 13
0.0
 23
7600.0
 33
0.0
 14
0.0
 24
9750.0
 34
0.0
 50
90.0
100
AcDbRotatedDimension
1001
FLOORFORGE
1000
floor:0
1000
preliminary
  0
DIMENSION
  5
2DD
330
17
100
AcDbEntity
  8
A-DIMS
100
AcDbDimension
280
0
  2
*D17
  3
FF-ARCH
 10
-550.0
 20
9750.0
 30
0.0
 11
-700.0
 21
10750.0
 31
0.0
 70
32
 71
5
  1
<>
100
AcDbAlignedDimension
 13
0.0
 23
9750.0
 33
0.0
 14
0.0
 24
11750.0
 34
0.0
 50
90.0
100
AcDbRotatedDimension
1001
FLOORFORGE
1000
floor:0
1000
preliminary
  0
DIMENSION
  5
2EC
330
17
100
AcDbEntity
  8
A-DIMS
100
AcDbDimension
280
0
  2
*D18
  3
FF-ARCH
 10
-550.0
 20
11750.0
 30
0.0
 11
-700.0
 21
12276.0
 31
0.0
 70
32
 71
5
  1
<>
100
AcDbAlignedDimension
 13
0.0
 23
11750.0
 33
0.0
 14
0.0
 24
12802.0
 34
0.0
 50
90.0
100
AcDbRotatedDimension
1001
FLOORFORGE
1000
floor:0
1000
preliminary
  0
DIMENSION
  5
2FB
330
17
100
AcDbEntity
  8
A-DIMS
100
AcDbDimension
280
0
  2
*D19
  3
FF-ARCH
 10
-1000.0
 20
0.0
 30
0.0
 11
-1150.0
 21
6401.0
 31
0.0
 70
32
 71
5
  1
<>
100
AcDbAlignedDimension
 13
0.0
 23
0.0
 33
0.0
 14
0.0
 24
12802.0
 34
0.0
 50
90.0
100
AcDbRotatedDimension
1001
FLOORFORGE
1000
floor:0
1000
preliminary
  0
DIMENSION
  5
30A
330
17
100
AcDbEntity
  8
A-DIMS
100
AcDbDimension
280
0
  2
*D20
  3
FF-ARCH
 10
11218.0
 20
0.0
 30
0.0
 11
11068.0
 21
425.0
 31
0.0
 70
32
 71
5
  1
<>
100
AcDbAlignedDimension
 13
10668.0
 23
0.0
 33
0.0
 14
10668.0
 24
850.0
 34
0.0
 50
90.0
100
AcDbRotatedDimension
1001
FLOORFORGE
1000
floor:0
1000
preliminary
  0
DIMENSION
  5
319
330
17
100
AcDbEntity
  8
A-DIMS
100
AcDbDimension
280
0
  2
*D21
  3
FF-ARCH
 10
11218.0
 20
850.0
 30
0.0
 11
11068.0
 21
1850.0
 31
0.0
 70
32
 71
5
  1
<>
100
AcDbAlignedDimension
 13
10668.0
 23
850.0
 33
0.0
 14
10668.0
 24
2850.0
 34
0.0
 50
90.0
100
AcDbRotatedDimension
1001
FLOORFORGE
1000
floor:0
1000
preliminary
  0
DIMENSION
  5
328
330
17
100
AcDbEntity
  8
A-DIMS
100
AcDbDimension
280
0
  2
*D22
  3
FF-ARCH
 10
11218.0
 20
2850.0
 30
0.0
 11
11068.0
 21
4750.0
 31
0.0
 70
32
 71
5
  1
<>
100
AcDbAlignedDimension
 13
10668.0
 23
2850.0
 33
0.0
 14
10668.0
 24
6650.0
 34
0.0
 50
90.0
100
AcDbRotatedDimension
1001
FLOORFORGE
1000
floor:0
1000
preliminary
  0
DIMENSION
  5
337
330
17
100
AcDbEntity
  8
A-DIMS
100
AcDbDimension
280
0
  2
*D23
  3
FF-ARCH
 10
11218.0
 20
6650.0
 30
0.0
 11
11068.0
 21
7025.0
 31
0.0
 70
32
 71
5
  1
<>
100
AcDbAlignedDimension
 13
10668.0
 23
6650.0
 33
0.0
 14
10668.0
 24
7400.0
 34
0.0
 50
90.0
100
AcDbRotatedDimension
1001
FLOORFORGE
1000
floor:0
1000
preliminary
  0
DIMENSION
  5
346
330
17
100
AcDbEntity
  8
A-DIMS
100
AcDbDimension
280
0
  2
*D24
  3
FF-ARCH
 10
11218.0
 20
7400.0
 30
0.0
 11
11068.0
 21
8250.0
 31
0.0
 70
32
 71
5
  1
<>
100
AcDbAlignedDimension
 13
10668.0
 23
7400.0
 33
0.0
 14
10668.0
 24
9100.0
 34
0.0
 50
90.0
100
AcDbRotatedDimension
1001
FLOORFORGE
1000
floor:0
1000
preliminary
  0
DIMENSION
  5
355
330
17
100
AcDbEntity
  8
A-DIMS
100
AcDbDimension
280
0
  2
*D25
  3
FF-ARCH
 10
11218.0
 20
9100.0
 30
0.0
 11
11068.0
 21
9475.0
 31
0.0
 70
32
 71
5
  1
<>
100
AcDbAlignedDimension
 13
10668.0
 23
9100.0
 33
0.0
 14
10668.0
 24
9850.0
 34
0.0
 50
90.0
100
AcDbRotatedDimension
1001
FLOORFORGE
1000
floor:0
1000
preliminary
  0
DIMENSION
  5
364
330
17
100
AcDbEntity
  8
A-DIMS
100
AcDbDimension
280
0
  2
*D26
  3
FF-ARCH
 10
11218.0
 20
9850.0
 30
0.0
 11
11068.0
 21
10325.0
 31
0.0
 70
32
 71
5
  1
<>
100
AcDbAlignedDimension
 13
10668.0
 23
9850.0
 33
0.0
 14
10668.0
 24
10800.0
 34
0.0
 50
90.0
100
AcDbRotatedDimension
1001
FLOORFORGE
1000
floor:0
1000
preliminary
  0
DIMENSION
  5
373
330
17
100
AcDbEntity
  8
A-DIMS
100
AcDbDimension
280
0
  2
*D27
  3
FF-ARCH
 10
11218.0
 20
10800.0
 30
0.0
 11
11068.0
 21
11500.0
 31
0.0
 70
32
 71
5
  1
<>
100
AcDbAlignedDimension
 13
10668.0
 23
10800.0
 33
0.0
 14
10668.0
 24
12200.0
 34
0.0
 50
90.0
100
AcDbRotatedDimension
1001
FLOORFORGE
1000
floor:0
1000
preliminary
  0
DIMENSION
  5
382
330
17
100
AcDbEntity
  8
A-DIMS
100
AcDbDimension
280
0
  2
*D28
  3
FF-ARCH
 10
11218.0
 20
12200.0
 30
0.0
 11
11068.0
 21
12501.0
 31
0.0
 70
32
 71
5
  1
<>
100
AcDbAlignedDimension
 13
10668.0
 23
12200.0
 33
0.0
 14
10668.0
 24
12802.0
 34
0.0
 50
90.0
100
AcDbRotatedDimension
1001
FLOORFORGE
1000
floor:0
1000
preliminary
  0
DIMENSION
  5
391
330
17
100
AcDbEntity
  8
A-DIMS
100
AcDbDimension
280
0
  2
*D29
  3
FF-ARCH
 10
11668.0
 20
0.0
 30
0.0
 11
11518.0
 21
6401.0
 31
0.0
 70
32
 71
5
  1
<>
100
AcDbAlignedDimension
 13
10668.0
 23
0.0
 33
0.0
 14
10668.0
 24
12802.0
 34
0.0
 50
90.0
100
AcDbRotatedDimension
1001
FLOORFORGE
1000
floor:0
1000
preliminary
  0
LINE
  5
3A0
330
17
100
AcDbEntity
  8
A-GRID
100
AcDbLine
 10
75.0
 20
-1688.0
 30
0.0
 11
75.0
 21
14602.0
 31
0.0
1001
FLOORFORGE
1000
floor:0
1000
preliminary
  0
CIRCLE
  5
3A1
330
17
100
AcDbEntity
  8
A-GRID
100
AcDbCircle
 10
75.0
 20
14902.0
 30
0.0
 40
300.0
1001
FLOORFORGE
1000
floor:0
1000
preliminary
  0
TEXT
  5
3A2
330
17
100
AcDbEntity
  8
A-GRID
100
AcDbText
 10
75.0
 20
14812.0
 30
0.0
 40
220.0
  1
A
 72
1
 11
75.0
 21
14812.0
 31
0.0
100
AcDbText
 73
1
1001
FLOORFORGE
1000
floor:0
1000
preliminary
  0
LINE
  5
3A3
330
17
100
AcDbEntity
  8
A-GRID
100
AcDbLine
 10
3025.0
 20
-1688.0
 30
0.0
 11
3025.0
 21
14602.0
 31
0.0
1001
FLOORFORGE
1000
floor:0
1000
preliminary
  0
CIRCLE
  5
3A4
330
17
100
AcDbEntity
  8
A-GRID
100
AcDbCircle
 10
3025.0
 20
14902.0
 30
0.0
 40
300.0
1001
FLOORFORGE
1000
floor:0
1000
preliminary
  0
TEXT
  5
3A5
330
17
100
AcDbEntity
  8
A-GRID
100
AcDbText
 10
3025.0
 20
14812.0
 30
0.0
 40
220.0
  1
B
 72
1
 11
3025.0
 21
14812.0
 31
0.0
100
AcDbText
 73
1
1001
FLOORFORGE
1000
floor:0
1000
preliminary
  0
LINE
  5
3A6
330
17
100
AcDbEntity
  8
A-GRID
100
AcDbLine
 10
4375.0
 20
-1688.0
 30
0.0
 11
4375.0
 21
14602.0
 31
0.0
1001
FLOORFORGE
1000
floor:0
1000
preliminary
  0
CIRCLE
  5
3A7
330
17
100
AcDbEntity
  8
A-GRID
100
AcDbCircle
 10
4375.0
 20
14902.0
 30
0.0
 40
300.0
1001
FLOORFORGE
1000
floor:0
1000
preliminary
  0
TEXT
  5
3A8
330
17
100
AcDbEntity
  8
A-GRID
100
AcDbText
 10
4375.0
 20
14812.0
 30
0.0
 40
220.0
  1
C
 72
1
 11
4375.0
 21
14812.0
 31
0.0
100
AcDbText
 73
1
1001
FLOORFORGE
1000
floor:0
1000
preliminary
  0
LINE
  5
3A9
330
17
100
AcDbEntity
  8
A-GRID
100
AcDbLine
 10
10593.0
 20
-1688.0
 30
0.0
 11
10593.0
 21
14602.0
 31
0.0
1001
FLOORFORGE
1000
floor:0
1000
preliminary
  0
CIRCLE
  5
3AA
330
17
100
AcDbEntity
  8
A-GRID
100
AcDbCircle
 10
10593.0
 20
14902.0
 30
0.0
 40
300.0
1001
FLOORFORGE
1000
floor:0
1000
preliminary
  0
TEXT
  5
3AB
330
17
100
AcDbEntity
  8
A-GRID
100
AcDbText
 10
10593.0
 20
14812.0
 30
0.0
 40
220.0
  1
D
 72
1
 11
10593.0
 21
14812.0
 31
0.0
100
AcDbText
 73
1
1001
FLOORFORGE
1000
floor:0
1000
preliminary
  0
LINE
  5
3AC
330
17
100
AcDbEntity
  8
A-GRID
100
AcDbLine
 10
-1800.0
 20
75.0
 30
0.0
 11
10868.0
 21
75.0
 31
0.0
1001
FLOORFORGE
1000
floor:0
1000
preliminary
  0
CIRCLE
  5
3AD
330
17
100
AcDbEntity
  8
A-GRID
100
AcDbCircle
 10
-2100.0
 20
75.0
 30
0.0
 40
300.0
1001
FLOORFORGE
1000
floor:0
1000
preliminary
  0
TEXT
  5
3AE
330
17
100
AcDbEntity
  8
A-GRID
100
AcDbText
 10
-2100.0
 20
-15.0
 30
0.0
 40
220.0
  1
1
 72
1
 11
-2100.0
 21
-15.0
 31
0.0
100
AcDbText
 73
1
1001
FLOORFORGE
1000
floor:0
1000
preliminary
  0
LINE
  5
3AF
330
17
100
AcDbEntity
  8
A-GRID
100
AcDbLine
 10
-1800.0
 20
3525.0
 30
0.0
 11
10868.0
 21
3525.0
 31
0.0
1001
FLOORFORGE
1000
floor:0
1000
preliminary
  0
CIRCLE
  5
3B0
330
17
100
AcDbEntity
  8
A-GRID
100
AcDbCircle
 10
-2100.0
 20
3525.0
 30
0.0
 40
300.0
1001
FLOORFORGE
1000
floor:0
1000
preliminary
  0
TEXT
  5
3B1
330
17
100
AcDbEntity
  8
A-GRID
100
AcDbText
 10
-2100.0
 20
3435.0
 30
0.0
 40
220.0
  1
2
 72
1
 11
-2100.0
 21
3435.0
 31
0.0
100
AcDbText
 73
1
1001
FLOORFORGE
1000
floor:0
1000
preliminary
  0
LINE
  5
3B2
330
17
100
AcDbEntity
  8
A-GRID
100
AcDbLine
 10
-1800.0
 20
6425.0
 30
0.0
 11
10868.0
 21
6425.0
 31
0.0
1001
FLOORFORGE
1000
floor:0
1000
preliminary
  0
CIRCLE
  5
3B3
330
17
100
AcDbEntity
  8
A-GRID
100
AcDbCircle
 10
-2100.0
 20
6425.0
 30
0.0
 40
300.0
1001
FLOORFORGE
1000
floor:0
1000
preliminary
  0
TEXT
  5
3B4
330
17
100
AcDbEntity
  8
A-GRID
100
AcDbText
 10
-2100.0
 20
6335.0
 30
0.0
 40
220.0
  1
3
 72
1
 11
-2100.0
 21
6335.0
 31
0.0
100
AcDbText
 73
1
1001
FLOORFORGE
1000
floor:0
1000
preliminary
  0
LINE
  5
3B5
330
17
100
AcDbEntity
  8
A-GRID
100
AcDbLine
 10
-1800.0
 20
8775.0
 30
0.0
 11
10868.0
 21
8775.0
 31
0.0
1001
FLOORFORGE
1000
floor:0
1000
preliminary
  0
CIRCLE
  5
3B6
330
17
100
AcDbEntity
  8
A-GRID
100
AcDbCircle
 10
-2100.0
 20
8775.0
 30
0.0
 40
300.0
1001
FLOORFORGE
1000
floor:0
1000
preliminary
  0
TEXT
  5
3B7
330
17
100
AcDbEntity
  8
A-GRID
100
AcDbText
 10
-2100.0
 20
8685.0
 30
0.0
 40
220.0
  1
4
 72
1
 11
-2100.0
 21
8685.0
 31
0.0
100
AcDbText
 73
1
1001
FLOORFORGE
1000
floor:0
1000
preliminary
  0
LINE
  5
3B8
330
17
100
AcDbEntity
  8
A-GRID
100
AcDbLine
 10
-1800.0
 20
10075.0
 30
0.0
 11
10868.0
 21
10075.0
 31
0.0
1001
FLOORFORGE
1000
floor:0
1000
preliminary
  0
CIRCLE
  5
3B9
330
17
100
AcDbEntity
  8
A-GRID
100
AcDbCircle
 10
-2100.0
 20
10075.0
 30
0.0
 40
300.0
1001
FLOORFORGE
1000
floor:0
1000
preliminary
  0
TEXT
  5
3BA
330
17
100
AcDbEntity
  8
A-GRID
100
AcDbText
 10
-2100.0
 20
9985.0
 30
0.0
 40
220.0
  1
5
 72
1
 11
-2100.0
 21
9985.0
 31
0.0
100
AcDbText
 73
1
1001
FLOORFORGE
1000
floor:0
1000
preliminary
  0
LINE
  5
3BB
330
17
100
AcDbEntity
  8
A-GRID
100
AcDbLine
 10
-1800.0
 20
12727.0
 30
0.0
 11
10868.0
 21
12727.0
 31
0.0
1001
FLOORFORGE
1000
floor:0
1000
preliminary
  0
CIRCLE
  5
3BC
330
17
100
AcDbEntity
  8
A-GRID
100
AcDbCircle
 10
-2100.0
 20
12727.0
 30
0.0
 40
300.0
1001
FLOORFORGE
1000
floor:0
1000
preliminary
  0
TEXT
  5
3BD
330
17
100
AcDbEntity
  8
A-GRID
100
AcDbText
 10
-2100.0
 20
12637.0
 30
0.0
 40
220.0
  1
6
 72
1
 11
-2100.0
 21
12637.0
 31
0.0
100
AcDbText
 73
1
1001
FLOORFORGE
1000
floor:0
1000
preliminary
  0
LWPOLYLINE
  5
3BE
330
17
100
AcDbEntity
  8
A-LEVL
100
AcDbPolyline
 90
3
 70
1
 10
9008.0
 20
1090.0
 10
9228.0
 20
1090.0
 10
9118.0
 20
900.0
1001
FLOORFORGE
1000
floor:0
1000
preliminary
  0
HATCH
  5
3BF
330
17
100
AcDbEntity
  8
A-LEVL
 62
7
100
AcDbHatch
 10
0.0
 20
0.0
 30
0.0
210
0.0
220
0.0
230
1.0
  2
SOLID
 70
1
 71
0
 91
1
 92
3
 72
0
 73
1
 93
3
 10
9008.0
 20
1090.0
 10
9228.0
 20
1090.0
 10
9118.0
 20
900.0
 97
0
 75
0
 76
1
 98
0
  0
LINE
  5
3C0
330
17
100
AcDbEntity
  8
A-LEVL
100
AcDbLine
 10
8738.0
 20
900.0
 30
0.0
 11
9498.0
 21
900.0
 31
0.0
1001
FLOORFORGE
1000
floor:0
1000
preliminary
  0
TEXT
  5
3C1
330
17
100
AcDbEntity
  8
A-LEVL
100
AcDbText
 10
9288.0
 20
960.0
 30
0.0
 40
160.0
  1
FFL +0.450
 11
9288.0
 21
960.0
 31
0.0
100
AcDbText
1001
FLOORFORGE
1000
floor:0
1000
preliminary
  0
LINE
  5
3C2
330
17
100
AcDbEntity
  8
A-SECT
100
AcDbLine
 10
800.0
 20
-1588.0
 30
0.0
 11
800.0
 21
-3058.0
 31
0.0
1001
FLOORFORGE
1000
floor:0
1000
preliminary
  0
LINE
  5
3C3
330
17
100
AcDbEntity
  8
A-SECT
100
AcDbLine
 10
800.0
 20
-3058.0
 30
0.0
 11
800.0
 21
-3358.0
 31
0.0
1001
FLOORFORGE
1000
floor:0
1000
preliminary
  0
CIRCLE
  5
3C4
330
17
100
AcDbEntity
  8
A-SECT
100
AcDbCircle
 10
800.0
 20
-3638.0
 30
0.0
 40
280.0
1001
FLOORFORGE
1000
floor:0
1000
preliminary
  0
TEXT
  5
3C5
330
17
100
AcDbEntity
  8
A-SECT
100
AcDbText
 10
800.0
 20
-3723.0
 30
0.0
 40
220.0
  1
A
 72
1
 11
800.0
 21
-3723.0
 31
0.0
100
AcDbText
 73
1
1001
FLOORFORGE
1000
floor:0
1000
preliminary
  0
LWPOLYLINE
  5
3C6
330
17
100
AcDbEntity
  8
A-SECT
100
AcDbPolyline
 90
3
 70
1
 10
520.0
 20
-3758.0
 10
180.0
 20
-3638.0
 10
520.0
 20
-3518.0
1001
FLOORFORGE
1000
floor:0
1000
preliminary
  0
HATCH
  5
3C7
330
17
100
AcDbEntity
  8
A-SECT
 62
7
100
AcDbHatch
 10
0.0
 20
0.0
 30
0.0
210
0.0
220
0.0
230
1.0
  2
SOLID
 70
1
 71
0
 91
1
 92
3
 72
0
 73
1
 93
3
 10
520.0
 20
-3758.0
 10
180.0
 20
-3638.0
 10
520.0
 20
-3518.0
 97
0
 75
0
 76
1
 98
0
  0
LINE
  5
3C8
330
17
100
AcDbEntity
  8
A-SECT
100
AcDbLine
 10
800.0
 20
12902.0
 30
0.0
 11
800.0
 21
14972.0
 31
0.0
1001
FLOORFORGE
1000
floor:0
1000
preliminary
  0
LINE
  5
3C9
330
17
100
AcDbEntity
  8
A-SECT
100
AcDbLine
 10
800.0
 20
14972.0
 30
0.0
 11
800.0
 21
15272.0
 31
0.0
1001
FLOORFORGE
1000
floor:0
1000
preliminary
  0
CIRCLE
  5
3CA
330
17
100
AcDbEntity
  8
A-SECT
100
AcDbCircle
 10
800.0
 20
15552.0
 30
0.0
 40
280.0
1001
FLOORFORGE
1000
floor:0
1000
preliminary
  0
TEXT
  5
3CB
330
17
100
AcDbEntity
  8
A-SECT
100
AcDbText
 10
800.0
 20
15467.0
 30
0.0
 40
220.0
  1
A
 72
1
 11
800.0
 21
15467.0
 31
0.0
100
AcDbText
 73
1
1001
FLOORFORGE
1000
floor:0
1000
preliminary
  0
LWPOLYLINE
  5
3CC
330
17
100
AcDbEntity
  8
A-SECT
100
AcDbPolyline
 90
3
 70
1
 10
520.0
 20
15672.0
 10
180.0
 20
15552.0
 10
520.0
 20
15432.0
1001
FLOORFORGE
1000
floor:0
1000
preliminary
  0
HATCH
  5
3CD
330
17
100
AcDbEntity
  8
A-SECT
 62
7
100
AcDbHatch
 10
0.0
 20
0.0
 30
0.0
210
0.0
220
0.0
230
1.0
  2
SOLID
 70
1
 71
0
 91
1
 92
3
 72
0
 73
1
 93
3
 10
520.0
 20
15672.0
 10
180.0
 20
15552.0
 10
520.0
 20
15432.0
 97
0
 75
0
 76
1
 98
0
  0
CIRCLE
  5
3CE
330
17
100
AcDbEntity
  8
A-ANNO
100
AcDbCircle
 10
-3600.0
 20
14202.0
 30
0.0
 40
550.0
1001
FLOORFORGE
1000
floor:0
1000
preliminary
  0
LWPOLYLINE
  5
3CF
330
17
100
AcDbEntity
  8
A-WALL
100
AcDbPolyline
 90
3
 70
1
 10
-3094.0
 20
14202.0
 10
-3902.5
 20
14356.0
 10
-3710.0
 20
14202.0
1001
FLOORFORGE
1000
floor:0
1000
preliminary
  0
HATCH
  5
3D0
330
17
100
AcDbEntity
  8
A-WALL
 62
7
100
AcDbHatch
 10
0.0
 20
0.0
 30
0.0
210
0.0
220
0.0
230
1.0
  2
SOLID
 70
1
 71
0
 91
1
 92
3
 72
0
 73
1
 93
3
 10
-3094.0
 20
14202.0
 10
-3902.5
 20
14356.0
 10
-3710.0
 20
14202.0
 97
0
 75
0
 76
1
 98
0
  0
LWPOLYLINE
  5
3D1
330
17
100
AcDbEntity
  8
A-WALL
100
AcDbPolyline
 90
3
 70
1
 10
-3094.0
 20
14202.0
 10
-3902.5
 20
14048.0
 10
-3710.0
 20
14202.0
1001
FLOORFORGE
1000
floor:0
1000
preliminary
  0
TEXT
  5
3D2
330
17
100
AcDbEntity
  8
A-ANNO
100
AcDbText
 10
-2790.0
 20
14112.0
 30
0.0
 40
260.0
  1
N
 72
1
 11
-2790.0
 21
14112.0
 31
0.0
100
AcDbText
 73
1
1001
FLOORFORGE
1000
floor:0
1000
preliminary
  0
TEXT
  5
3D3
330
17
100
AcDbEntity
  8
A-ANNO
100
AcDbText
 10
0.0
 20
-5200.0
 30
0.0
 40
190.0
  1
PRELIMINARY - ENGINEER TO REVIEW - NOT FOR CONSTRUCTION
 11
0.0
 21
-5200.0
 31
0.0
100
AcDbText
  0
TEXT
  5
3D4
330
17
100
AcDbEntity
  8
A-ANNO
100
AcDbText
 10
0.0
 20
17602.0
 30
0.0
 40
210.0
  1
FLOOR 0 / TRUE MILLIMETRES / NO STRUCTURAL CERTIFICATION
 11
0.0
 21
17602.0
 31
0.0
100
AcDbText
  0
LWPOLYLINE
  5
3DC
330
17
100
AcDbEntity
  8
A-FLOR
100
AcDbPolyline
 90
4
 70
1
 10
27118.0
 20
8850.0
 10
28518.0
 20
8850.0
 10
28518.0
 20
12652.0
 10
27118.0
 20
12652.0
1001
FLOORFORGE
1000
floor:1
1000
preliminary
  0
LWPOLYLINE
  5
3DD
330
17
100
AcDbEntity
  8
A-FLOR
100
AcDbPolyline
 90
4
 70
1
 10
28668.0
 20
8850.0
 10
33186.0
 20
8850.0
 10
33186.0
 20
12652.0
 10
28668.0
 20
12652.0
1001
FLOORFORGE
1000
floor:1
1000
preliminary
  0
LWPOLYLINE
  5
3DE
330
17
100
AcDbEntity
  8
A-FLOR
100
AcDbPolyline
 90
4
 70
1
 10
22818.0
 20
8850.0
 10
26968.0
 20
8850.0
 10
26968.0
 20
12652.0
 10
22818.0
 20
12652.0
1001
FLOORFORGE
1000
floor:1
1000
preliminary
  0
LWPOLYLINE
  5
3DF
330
17
100
AcDbEntity
  8
A-FLOR
100
AcDbPolyline
 90
4
 70
1
 10
27290.0
 20
3600.0
 10
30668.0
 20
3600.0
 10
30668.0
 20
6350.0
 10
27290.0
 20
6350.0
1001
FLOORFORGE
1000
floor:1
1000
preliminary
  0
LWPOLYLINE
  5
3E0
330
17
100
AcDbEntity
  8
A-FLOR
100
AcDbPolyline
 90
4
 70
1
 10
26290.0
 20
150.0
 10
29018.0
 20
150.0
 10
29018.0
 20
3450.0
 10
26290.0
 20
3450.0
1001
FLOORFORGE
1000
floor:1
1000
preliminary
  0
LWPOLYLINE
  5
3E1
330
17
100
AcDbEntity
  8
A-FLOR
100
AcDbPolyline
 90
6
 70
1
 10
25768.0
 20
3600.0
 10
27140.0
 20
3600.0
 10
27140.0
 20
6500.0
 10
30668.0
 20
6500.0
 10
30668.0
 20
8700.0
 10
25768.0
 20
8700.0
1001
FLOORFORGE
1000
floor:1
1000
preliminary
  0
LWPOLYLINE
  5
3E2
330
17
100
AcDbEntity
  8
A-FLOR
100
AcDbPolyline
 90
4
 70
1
 10
22818.0
 20
150.0
 10
26140.0
 20
150.0
 10
26140.0
 20
3450.0
 10
22818.0
 20
3450.0
1001
FLOORFORGE
1000
floor:1
1000
preliminary
  0
LWPOLYLINE
  5
3E3
330
17
100
AcDbEntity
  8
A-FLOR
100
AcDbPolyline
 90
4
 70
1
 10
22818.0
 20
3600.0
 10
25618.0
 20
3600.0
 10
25618.0
 20
8700.0
 10
22818.0
 20
8700.0
1001
FLOORFORGE
1000
floor:1
1000
preliminary
  0
LWPOLYLINE
  5
3E4
330
17
100
AcDbEntity
  8
A-FLOR
100
AcDbPolyline
 90
4
 70
1
 10
29168.0
 20
0.0
 10
33336.0
 20
0.0
 10
33336.0
 20
3450.0
 10
29168.0
 20
3450.0
1001
FLOORFORGE
1000
floor:1
1000
preliminary
  0
LWPOLYLINE
  5
3E5
330
17
100
AcDbEntity
  8
A-FLOR
100
AcDbPolyline
 90
4
 70
1
 10
30818.0
 20
3450.0
 10
33336.0
 20
3450.0
 10
33336.0
 20
8700.0
 10
30818.0
 20
8700.0
1001
FLOORFORGE
1000
floor:1
1000
preliminary
  0
LWPOLYLINE
  5
3E6
330
17
100
AcDbEntity
  8
A-FLOR
100
AcDbPolyline
 90
35
 70
1
 10
22743.0
 20
0.0
 10
22668.0
 20
0.0
 10
22668.0
 20
150.0
 10
22668.0
 20
3450.0
 10
22668.0
 20
3525.0
 10
22668.0
 20
3600.0
 10
22668.0
 20
8700.0
 10
22668.0
 20
8775.0
 10
22668.0
 20
8850.0
 10
22668.0
 20
12652.0
 10
22668.0
 20
12727.0
 10
22668.0
 20
12802.0
 10
22818.0
 20
12802.0
 10
26968.0
 20
12802.0
 10
27043.0
 20
12802.0
 10
27118.0
 20
12802.0
 10
28518.0
 20
12802.0
 10
28593.0
 20
12802.0
 10
28668.0
 20
12802.0
 10
33186.0
 20
12802.0
 10
33261.0
 20
12802.0
 10
33336.0
 20
12802.0
 10
33336.0
 20
12652.0
 10
33336.0
 20
8850.0
 10
33336.0
 20
8775.0
 10
33336.0
 20
8700.0
 10
33336.0
 20
3450.0
 10
33336.0
 20
0.0
 10
29168.0
 20
0.0
 10
29018.0
 20
0.0
 10
26290.0
 20
0.0
 10
26215.0
 20
0.0
 10
26140.0
 20
0.0
 10
22818.0
 20
0.0
 10
22743.0
 20
0.0
1001
FLOORFORGE
1000
floor:1
1000
preliminary
  0
LWPOLYLINE
  5
3E7
330
17
100
AcDbEntity
  8
A-FLOR
100
AcDbPolyline
 90
10
 70
1
 10
30668.0
 20
3450.0
 10
30668.0
 20
3525.0
 10
30668.0
 20
3600.0
 10
30668.0
 20
6350.0
 10
27290.0
 20
6350.0
 10
27290.0
 20
3600.0
 10
29168.0
 20
3600.0
 10
29168.0
 20
3525.0
 10
29168.0
 20
3450.0
 10
30668.0
 20
3450.0
1001
FLOORFORGE
1000
floor:1
1000
preliminary
  0
LWPOLYLINE
  5
3E8
330
17
100
AcDbEntity
  8
A-FLOR
100
AcDbPolyline
 90
5
 70
1
 10
25618.0
 20
8700.0
 10
22818.0
 20
8700.0
 10
22818.0
 20
5150.0
 10
25618.0
 20
5150.0
 10
25618.0
 20
8700.0
1001
FLOORFORGE
1000
floor:1
1000
preliminary
  0
LWPOLYLINE
  5
3E9
330
17
100
AcDbEntity
  8
A-FLOR
100
AcDbPolyline
 90
2
 70
0
 10
25618.0
 20
5150.0
 10
25618.0
 20
8700.0
1001
FLOORFORGE
1000
floor:1
1000
preliminary
  0
LWPOLYLINE
  5
3EA
330
17
100
AcDbEntity
  8
A-FLOR
100
AcDbPolyline
 90
2
 70
0
 10
27365.1
 20
3600.0
 10
29017.9
 20
3600.0
1001
FLOORFORGE
1000
floor:1
1000
preliminary
  0
LWPOLYLINE
  5
3EB
330
17
100
AcDbEntity
  8
A-FLOR
100
AcDbPolyline
 90
2
 70
0
 10
29168.1
 20
3600.0
 10
30667.9
 20
3600.0
1001
FLOORFORGE
1000
floor:1
1000
preliminary
  0
LWPOLYLINE
  5
3EC
330
17
100
AcDbEntity
  8
A-FLOR
100
AcDbPolyline
 90
2
 70
0
 10
30592.9
 20
6350.0
 10
27365.1
 20
6350.0
1001
FLOORFORGE
1000
floor:1
1000
preliminary
  0
LWPOLYLINE
  5
3ED
330
17
100
AcDbEntity
  8
A-FLOR
100
AcDbPolyline
 90
2
 70
0
 10
27290.0
 20
6274.9
 10
27290.0
 20
3675.1
1001
FLOORFORGE
1000
floor:1
1000
preliminary
  0
LWPOLYLINE
  5
3EE
330
17
100
AcDbEntity
  8
A-FLOR
100
AcDbPolyline
 90
3
 70
0
 10
29168.1
 20
0.0
 10
33336.0
 20
0.0
 10
33336.0
 20
3449.9
1001
FLOORFORGE
1000
floor:1
1000
preliminary
  0
LWPOLYLINE
  5
3EF
330
17
100
AcDbEntity
  8
A-FLOR
100
AcDbPolyline
 90
2
 70
0
 10
30667.9
 20
3450.0
 10
29168.1
 20
3450.0
1001
FLOORFORGE
1000
floor:1
1000
preliminary
  0
LWPOLYLINE
  5
3F0
330
17
100
AcDbEntity
  8
A-FLOR
100
AcDbPolyline
 90
2
 70
0
 10
33336.0
 20
3450.1
 10
33336.0
 20
8699.9
1001
FLOORFORGE
1000
floor:1
1000
preliminary
  0
LWPOLYLINE
  5
3F1
330
17
100
AcDbEntity
  8
A-WALL
100
AcDbPolyline
 90
6
 70
1
 10
22668.0
 20
3600.0
 10
22818.0
 20
3600.0
 10
22818.0
 20
2750.0
 10
22668.0
 20
2750.0
 10
22668.0
 20
3525.0
 10
22668.0
 20
3600.0
1001
FLOORFORGE
1000
floor:1
1000
preliminary
  0
HATCH
  5
3F2
330
17
100
AcDbEntity
  8
A-WALL
 62
7
100
AcDbHatch
 10
0.0
 20
0.0
 30
0.0
210
0.0
220
0.0
230
1.0
  2
SOLID
 70
1
 71
0
 91
1
 92
3
 72
0
 73
1
 93
6
 10
22668.0
 20
3600.0
 10
22818.0
 20
3600.0
 10
22818.0
 20
2750.0
 10
22668.0
 20
2750.0
 10
22668.0
 20
3525.0
 10
22668.0
 20
3600.0
 97
0
 75
0
 76
1
 98
0
  0
LWPOLYLINE
  5
3F3
330
17
100
AcDbEntity
  8
A-WALL
100
AcDbPolyline
 90
6
 70
1
 10
22818.0
 20
75.0
 10
22818.0
 20
0.0
 10
22668.0
 20
0.0
 10
22668.0
 20
950.0
 10
22818.0
 20
950.0
 10
22818.0
 20
75.0
1001
FLOORFORGE
1000
floor:1
1000
preliminary
  0
HATCH
  5
3F4
330
17
100
AcDbEntity
  8
A-WALL
 62
7
100
AcDbHatch
 10
0.0
 20
0.0
 30
0.0
210
0.0
220
0.0
230
1.0
  2
SOLID
 70
1
 71
0
 91
1
 92
3
 72
0
 73
1
 93
6
 10
22818.0
 20
75.0
 10
22818.0
 20
0.0
 10
22668.0
 20
0.0
 10
22668.0
 20
950.0
 10
22818.0
 20
950.0
 10
22818.0
 20
75.0
 97
0
 75
0
 76
1
 98
0
  0
LWPOLYLINE
  5
3F5
330
17
100
AcDbEntity
  8
A-WALL
100
AcDbPolyline
 90
6
 70
1
 10
26290.0
 20
150.0
 10
26290.0
 20
0.0
 10
25318.0
 20
0.0
 10
25318.0
 20
150.0
 10
26215.0
 20
150.0
 10
26290.0
 20
150.0
1001
FLOORFORGE
1000
floor:1
1000
preliminary
  0
HATCH
  5
3F6
330
17
100
AcDbEntity
  8
A-WALL
 62
7
100
AcDbHatch
 10
0.0
 20
0.0
 30
0.0
210
0.0
220
0.0
230
1.0
  2
SOLID
 70
1
 71
0
 91
1
 92
3
 72
0
 73
1
 93
6
 10
26290.0
 20
150.0
 10
26290.0
 20
0.0
 10
25318.0
 20
0.0
 10
25318.0
 20
150.0
 10
26215.0
 20
150.0
 10
26290.0
 20
150.0
 97
0
 75
0
 76
1
 98
0
  0
LWPOLYLINE
  5
3F7
330
17
100
AcDbEntity
  8
A-WALL
100
AcDbPolyline
 90
6
 70
1
 10
22743.0
 20
0.0
 10
22668.0
 20
0.0
 10
22668.0
 20
150.0
 10
23318.0
 20
150.0
 10
23318.0
 20
0.0
 10
22743.0
 20
0.0
1001
FLOORFORGE
1000
floor:1
1000
preliminary
  0
HATCH
  5
3F8
330
17
100
AcDbEntity
  8
A-WALL
 62
7
100
AcDbHatch
 10
0.0
 20
0.0
 30
0.0
210
0.0
220
0.0
230
1.0
  2
SOLID
 70
1
 71
0
 91
1
 92
3
 72
0
 73
1
 93
6
 10
22743.0
 20
0.0
 10
22668.0
 20
0.0
 10
22668.0
 20
150.0
 10
23318.0
 20
150.0
 10
23318.0
 20
0.0
 10
22743.0
 20
0.0
 97
0
 75
0
 76
1
 98
0
  0
LWPOLYLINE
  5
3F9
330
17
100
AcDbEntity
  8
A-WALL
100
AcDbPolyline
 90
6
 70
1
 10
22668.0
 20
8850.0
 10
22818.0
 20
8850.0
 10
22818.0
 20
7600.0
 10
22668.0
 20
7600.0
 10
22668.0
 20
8775.0
 10
22668.0
 20
8850.0
1001
FLOORFORGE
1000
floor:1
1000
preliminary
  0
HATCH
  5
3FA
330
17
100
AcDbEntity
  8
A-WALL
 62
7
100
AcDbHatch
 10
0.0
 20
0.0
 30
0.0
210
0.0
220
0.0
230
1.0
  2
SOLID
 70
1
 71
0
 91
1
 92
3
 72
0
 73
1
 93
6
 10
22668.0
 20
8850.0
 10
22818.0
 20
8850.0
 10
22818.0
 20
7600.0
 10
22668.0
 20
7600.0
 10
22668.0
 20
8775.0
 10
22668.0
 20
8850.0
 97
0
 75
0
 76
1
 98
0
  0
LWPOLYLINE
  5
3FB
330
17
100
AcDbEntity
  8
A-WALL
100
AcDbPolyline
 90
6
 70
1
 10
22818.0
 20
3525.0
 10
22818.0
 20
3450.0
 10
22668.0
 20
3450.0
 10
22668.0
 20
5800.0
 10
22818.0
 20
5800.0
 10
22818.0
 20
3525.0
1001
FLOORFORGE
1000
floor:1
1000
preliminary
  0
HATCH
  5
3FC
330
17
100
AcDbEntity
  8
A-WALL
 62
7
100
AcDbHatch
 10
0.0
 20
0.0
 30
0.0
210
0.0
220
0.0
230
1.0
  2
SOLID
 70
1
 71
0
 91
1
 92
3
 72
0
 73
1
 93
6
 10
22818.0
 20
3525.0
 10
22818.0
 20
3450.0
 10
22668.0
 20
3450.0
 10
22668.0
 20
5800.0
 10
22818.0
 20
5800.0
 10
22818.0
 20
3525.0
 97
0
 75
0
 76
1
 98
0
  0
LWPOLYLINE
  5
3FD
330
17
100
AcDbEntity
  8
A-WALL
100
AcDbPolyline
 90
7
 70
1
 10
25693.0
 20
3600.0
 10
25768.0
 20
3600.0
 10
25768.0
 20
3450.0
 10
22743.0
 20
3450.0
 10
22668.0
 20
3450.0
 10
22668.0
 20
3600.0
 10
25693.0
 20
3600.0
1001
FLOORFORGE
1000
floor:1
1000
preliminary
  0
HATCH
  5
3FE
330
17
100
AcDbEntity
  8
A-WALL
 62
7
100
AcDbHatch
 10
0.0
 20
0.0
 30
0.0
210
0.0
220
0.0
230
1.0
  2
SOLID
 70
1
 71
0
 91
1
 92
3
 72
0
 73
1
 93
7
 10
25693.0
 20
3600.0
 10
25768.0
 20
3600.0
 10
25768.0
 20
3450.0
 10
22743.0
 20
3450.0
 10
22668.0
 20
3450.0
 10
22668.0
 20
3600.0
 10
25693.0
 20
3600.0
 97
0
 75
0
 76
1
 98
0
  0
LWPOLYLINE
  5
3FF
330
17
100
AcDbEntity
  8
A-WALL
100
AcDbPolyline
 90
6
 70
1
 10
22668.0
 20
12802.0
 10
22818.0
 20
12802.0
 10
22818.0
 20
11750.0
 10
22668.0
 20
11750.0
 10
22668.0
 20
12727.0
 10
22668.0
 20
12802.0
1001
FLOORFORGE
1000
floor:1
1000
preliminary
  0
HATCH
  5
400
330
17
100
AcDbEntity
  8
A-WALL
 62
7
100
AcDbHatch
 10
0.0
 20
0.0
 30
0.0
210
0.0
220
0.0
230
1.0
  2
SOLID
 70
1
 71
0
 91
1
 92
3
 72
0
 73
1
 93
6
 10
22668.0
 20
12802.0
 10
22818.0
 20
12802.0
 10
22818.0
 20
11750.0
 10
22668.0
 20
11750.0
 10
22668.0
 20
12727.0
 10
22668.0
 20
12802.0
 97
0
 75
0
 76
1
 98
0
  0
LWPOLYLINE
  5
401
330
17
100
AcDbEntity
  8
A-WALL
100
AcDbPolyline
 90
6
 70
1
 10
22818.0
 20
8775.0
 10
22818.0
 20
8700.0
 10
22668.0
 20
8700.0
 10
22668.0
 20
9750.0
 10
22818.0
 20
9750.0
 10
22818.0
 20
8775.0
1001
FLOORFORGE
1000
floor:1
1000
preliminary
  0
HATCH
  5
402
330
17
100
AcDbEntity
  8
A-WALL
 62
7
100
AcDbHatch
 10
0.0
 20
0.0
 30
0.0
210
0.0
220
0.0
230
1.0
  2
SOLID
 70
1
 71
0
 91
1
 92
3
 72
0
 73
1
 93
6
 10
22818.0
 20
8775.0
 10
22818.0
 20
8700.0
 10
22668.0
 20
8700.0
 10
22668.0
 20
9750.0
 10
22818.0
 20
9750.0
 10
22818.0
 20
8775.0
 97
0
 75
0
 76
1
 98
0
  0
LWPOLYLINE
  5
403
330
17
100
AcDbEntity
  8
A-WALL
100
AcDbPolyline
 90
7
 70
1
 10
25693.0
 20
8850.0
 10
25768.0
 20
8850.0
 10
25768.0
 20
8700.0
 10
22743.0
 20
8700.0
 10
22668.0
 20
8700.0
 10
22668.0
 20
8850.0
 10
25693.0
 20
8850.0
1001
FLOORFORGE
1000
floor:1
1000
preliminary
  0
HATCH
  5
404
330
17
100
AcDbEntity
  8
A-WALL
 62
7
100
AcDbHatch
 10
0.0
 20
0.0
 30
0.0
210
0.0
220
0.0
230
1.0
  2
SOLID
 70
1
 71
0
 91
1
 92
3
 72
0
 73
1
 93
7
 10
25693.0
 20
8850.0
 10
25768.0
 20
8850.0
 10
25768.0
 20
8700.0
 10
22743.0
 20
8700.0
 10
22668.0
 20
8700.0
 10
22668.0
 20
8850.0
 10
25693.0
 20
8850.0
 97
0
 75
0
 76
1
 98
0
  0
LWPOLYLINE
  5
405
330
17
100
AcDbEntity
  8
A-WALL
100
AcDbPolyline
 90
7
 70
1
 10
27043.0
 20
12802.0
 10
27118.0
 20
12802.0
 10
27118.0
 20
12652.0
 10
22743.0
 20
12652.0
 10
22668.0
 20
12652.0
 10
22668.0
 20
12802.0
 10
27043.0
 20
12802.0
1001
FLOORFORGE
1000
floor:1
1000
preliminary
  0
HATCH
  5
406
330
17
100
AcDbEntity
  8
A-WALL
 62
7
100
AcDbHatch
 10
0.0
 20
0.0
 30
0.0
210
0.0
220
0.0
230
1.0
  2
SOLID
 70
1
 71
0
 91
1
 92
3
 72
0
 73
1
 93
7
 10
27043.0
 20
12802.0
 10
27118.0
 20
12802.0
 10
27118.0
 20
12652.0
 10
22743.0
 20
12652.0
 10
22668.0
 20
12652.0
 10
22668.0
 20
12802.0
 10
27043.0
 20
12802.0
 97
0
 75
0
 76
1
 98
0
  0
LWPOLYLINE
  5
407
330
17
100
AcDbEntity
  8
A-WALL
100
AcDbPolyline
 90
6
 70
1
 10
25618.0
 20
8850.0
 10
25768.0
 20
8850.0
 10
25768.0
 20
8700.0
 10
25618.0
 20
8700.0
 10
25618.0
 20
8775.0
 10
25618.0
 20
8850.0
1001
FLOORFORGE
1000
floor:1
1000
preliminary
  0
HATCH
  5
408
330
17
100
AcDbEntity
  8
A-WALL
 62
7
100
AcDbHatch
 10
0.0
 20
0.0
 30
0.0
210
0.0
220
0.0
230
1.0
  2
SOLID
 70
1
 71
0
 91
1
 92
3
 72
0
 73
1
 93
6
 10
25618.0
 20
8850.0
 10
25768.0
 20
8850.0
 10
25768.0
 20
8700.0
 10
25618.0
 20
8700.0
 10
25618.0
 20
8775.0
 10
25618.0
 20
8850.0
 97
0
 75
0
 76
1
 98
0
  0
LWPOLYLINE
  5
409
330
17
100
AcDbEntity
  8
A-WALL
100
AcDbPolyline
 90
6
 70
1
 10
25768.0
 20
3525.0
 10
25768.0
 20
3450.0
 10
25618.0
 20
3450.0
 10
25618.0
 20
3600.0
 10
25768.0
 20
3600.0
 10
25768.0
 20
3525.0
1001
FLOORFORGE
1000
floor:1
1000
preliminary
  0
HATCH
  5
40A
330
17
100
AcDbEntity
  8
A-WALL
 62
7
100
AcDbHatch
 10
0.0
 20
0.0
 30
0.0
210
0.0
220
0.0
230
1.0
  2
SOLID
 70
1
 71
0
 91
1
 92
3
 72
0
 73
1
 93
6
 10
25768.0
 20
3525.0
 10
25768.0
 20
3450.0
 10
25618.0
 20
3450.0
 10
25618.0
 20
3600.0
 10
25768.0
 20
3600.0
 10
25768.0
 20
3525.0
 97
0
 75
0
 76
1
 98
0
  0
LWPOLYLINE
  5
40B
330
17
100
AcDbEntity
  8
A-WALL
100
AcDbPolyline
 90
7
 70
1
 10
26215.0
 20
3600.0
 10
26290.0
 20
3600.0
 10
26290.0
 20
3450.0
 10
25693.0
 20
3450.0
 10
25618.0
 20
3450.0
 10
25618.0
 20
3600.0
 10
26215.0
 20
3600.0
1001
FLOORFORGE
1000
floor:1
1000
preliminary
  0
HATCH
  5
40C
330
17
100
AcDbEntity
  8
A-WALL
 62
7
100
AcDbHatch
 10
0.0
 20
0.0
 30
0.0
210
0.0
220
0.0
230
1.0
  2
SOLID
 70
1
 71
0
 91
1
 92
3
 72
0
 73
1
 93
7
 10
26215.0
 20
3600.0
 10
26290.0
 20
3600.0
 10
26290.0
 20
3450.0
 10
25693.0
 20
3450.0
 10
25618.0
 20
3450.0
 10
25618.0
 20
3600.0
 10
26215.0
 20
3600.0
 97
0
 75
0
 76
1
 98
0
  0
LWPOLYLINE
  5
40D
330
17
100
AcDbEntity
  8
A-WALL
100
AcDbPolyline
 90
6
 70
1
 10
27118.0
 20
8850.0
 10
27118.0
 20
8700.0
 10
26818.0
 20
8700.0
 10
26818.0
 20
8850.0
 10
27043.0
 20
8850.0
 10
27118.0
 20
8850.0
1001
FLOORFORGE
1000
floor:1
1000
preliminary
  0
HATCH
  5
40E
330
17
100
AcDbEntity
  8
A-WALL
 62
7
100
AcDbHatch
 10
0.0
 20
0.0
 30
0.0
210
0.0
220
0.0
230
1.0
  2
SOLID
 70
1
 71
0
 91
1
 92
3
 72
0
 73
1
 93
6
 10
27118.0
 20
8850.0
 10
27118.0
 20
8700.0
 10
26818.0
 20
8700.0
 10
26818.0
 20
8850.0
 10
27043.0
 20
8850.0
 10
27118.0
 20
8850.0
 97
0
 75
0
 76
1
 98
0
  0
LWPOLYLINE
  5
40F
330
17
100
AcDbEntity
  8
A-WALL
100
AcDbPolyline
 90
6
 70
1
 10
25693.0
 20
8700.0
 10
25618.0
 20
8700.0
 10
25618.0
 20
8850.0
 10
25818.0
 20
8850.0
 10
25818.0
 20
8700.0
 10
25693.0
 20
8700.0
1001
FLOORFORGE
1000
floor:1
1000
preliminary
  0
HATCH
  5
410
330
17
100
AcDbEntity
  8
A-WALL
 62
7
100
AcDbHatch
 10
0.0
 20
0.0
 30
0.0
210
0.0
220
0.0
230
1.0
  2
SOLID
 70
1
 71
0
 91
1
 92
3
 72
0
 73
1
 93
6
 10
25693.0
 20
8700.0
 10
25618.0
 20
8700.0
 10
25618.0
 20
8850.0
 10
25818.0
 20
8850.0
 10
25818.0
 20
8700.0
 10
25693.0
 20
8700.0
 97
0
 75
0
 76
1
 98
0
  0
LWPOLYLINE
  5
411
330
17
100
AcDbEntity
  8
A-WALL
100
AcDbPolyline
 90
6
 70
1
 10
26140.0
 20
3600.0
 10
26290.0
 20
3600.0
 10
26290.0
 20
1950.0
 10
26140.0
 20
1950.0
 10
26140.0
 20
3525.0
 10
26140.0
 20
3600.0
1001
FLOORFORGE
1000
floor:1
1000
preliminary
  0
HATCH
  5
412
330
17
100
AcDbEntity
  8
A-WALL
 62
7
100
AcDbHatch
 10
0.0
 20
0.0
 30
0.0
210
0.0
220
0.0
230
1.0
  2
SOLID
 70
1
 71
0
 91
1
 92
3
 72
0
 73
1
 93
6
 10
26140.0
 20
3600.0
 10
26290.0
 20
3600.0
 10
26290.0
 20
1950.0
 10
26140.0
 20
1950.0
 10
26140.0
 20
3525.0
 10
26140.0
 20
3600.0
 97
0
 75
0
 76
1
 98
0
  0
LWPOLYLINE
  5
413
330
17
100
AcDbEntity
  8
A-WALL
100
AcDbPolyline
 90
6
 70
1
 10
26290.0
 20
75.0
 10
26290.0
 20
0.0
 10
26140.0
 20
0.0
 10
26140.0
 20
850.0
 10
26290.0
 20
850.0
 10
26290.0
 20
75.0
1001
FLOORFORGE
1000
floor:1
1000
preliminary
  0
HATCH
  5
414
330
17
100
AcDbEntity
  8
A-WALL
 62
7
100
AcDbHatch
 10
0.0
 20
0.0
 30
0.0
210
0.0
220
0.0
230
1.0
  2
SOLID
 70
1
 71
0
 91
1
 92
3
 72
0
 73
1
 93
6
 10
26290.0
 20
75.0
 10
26290.0
 20
0.0
 10
26140.0
 20
0.0
 10
26140.0
 20
850.0
 10
26290.0
 20
850.0
 10
26290.0
 20
75.0
 97
0
 75
0
 76
1
 98
0
  0
LWPOLYLINE
  5
415
330
17
100
AcDbEntity
  8
A-WALL
100
AcDbPolyline
 90
7
 70
1
 10
29093.0
 20
150.0
 10
29168.0
 20
150.0
 10
29168.0
 20
0.0
 10
26215.0
 20
0.0
 10
26140.0
 20
0.0
 10
26140.0
 20
150.0
 10
29093.0
 20
150.0
1001
FLOORFORGE
1000
floor:1
1000
preliminary
  0
HATCH
  5
416
330
17
100
AcDbEntity
  8
A-WALL
 62
7
100
AcDbHatch
 10
0.0
 20
0.0
 30
0.0
210
0.0
220
0.0
230
1.0
  2
SOLID
 70
1
 71
0
 91
1
 92
3
 72
0
 73
1
 93
7
 10
29093.0
 20
150.0
 10
29168.0
 20
150.0
 10
29168.0
 20
0.0
 10
26215.0
 20
0.0
 10
26140.0
 20
0.0
 10
26140.0
 20
150.0
 10
29093.0
 20
150.0
 97
0
 75
0
 76
1
 98
0
  0
LWPOLYLINE
  5
417
330
17
100
AcDbEntity
  8
A-WALL
100
AcDbPolyline
 90
6
 70
1
 10
27290.0
 20
3600.0
 10
27290.0
 20
3450.0
 10
27140.0
 20
3450.0
 10
27140.0
 20
3600.0
 10
27215.0
 20
3600.0
 10
27290.0
 20
3600.0
1001
FLOORFORGE
1000
floor:1
1000
preliminary
  0
HATCH
  5
418
330
17
100
AcDbEntity
  8
A-WALL
 62
7
100
AcDbHatch
 10
0.0
 20
0.0
 30
0.0
210
0.0
220
0.0
230
1.0
  2
SOLID
 70
1
 71
0
 91
1
 92
3
 72
0
 73
1
 93
6
 10
27290.0
 20
3600.0
 10
27290.0
 20
3450.0
 10
27140.0
 20
3450.0
 10
27140.0
 20
3600.0
 10
27215.0
 20
3600.0
 10
27290.0
 20
3600.0
 97
0
 75
0
 76
1
 98
0
  0
LWPOLYLINE
  5
419
330
17
100
AcDbEntity
  8
A-WALL
100
AcDbPolyline
 90
6
 70
1
 10
26215.0
 20
3450.0
 10
26140.0
 20
3450.0
 10
26140.0
 20
3600.0
 10
26290.0
 20
3600.0
 10
26290.0
 20
3450.0
 10
26215.0
 20
3450.0
1001
FLOORFORGE
1000
floor:1
1000
preliminary
  0
HATCH
  5
41A
330
17
100
AcDbEntity
  8
A-WALL
 62
7
100
AcDbHatch
 10
0.0
 20
0.0
 30
0.0
210
0.0
220
0.0
230
1.0
  2
SOLID
 70
1
 71
0
 91
1
 92
3
 72
0
 73
1
 93
6
 10
26215.0
 20
3450.0
 10
26140.0
 20
3450.0
 10
26140.0
 20
3600.0
 10
26290.0
 20
3600.0
 10
26290.0
 20
3450.0
 10
26215.0
 20
3450.0
 97
0
 75
0
 76
1
 98
0
  0
LWPOLYLINE
  5
41B
330
17
100
AcDbEntity
  8
A-WALL
100
AcDbPolyline
 90
7
 70
1
 10
26968.0
 20
12727.0
 10
26968.0
 20
12802.0
 10
27118.0
 20
12802.0
 10
27118.0
 20
8775.0
 10
27118.0
 20
8700.0
 10
26968.0
 20
8700.0
 10
26968.0
 20
12727.0
1001
FLOORFORGE
1000
floor:1
1000
preliminary
  0
HATCH
  5
41C
330
17
100
AcDbEntity
  8
A-WALL
 62
7
100
AcDbHatch
 10
0.0
 20
0.0
 30
0.0
210
0.0
220
0.0
230
1.0
  2
SOLID
 70
1
 71
0
 91
1
 92
3
 72
0
 73
1
 93
7
 10
26968.0
 20
12727.0
 10
26968.0
 20
12802.0
 10
27118.0
 20
12802.0
 10
27118.0
 20
8775.0
 10
27118.0
 20
8700.0
 10
26968.0
 20
8700.0
 10
26968.0
 20
12727.0
 97
0
 75
0
 76
1
 98
0
  0
LWPOLYLINE
  5
41D
330
17
100
AcDbEntity
  8
A-WALL
100
AcDbPolyline
 90
6
 70
1
 10
28668.0
 20
8850.0
 10
28668.0
 20
8700.0
 10
28318.0
 20
8700.0
 10
28318.0
 20
8850.0
 10
28593.0
 20
8850.0
 10
28668.0
 20
8850.0
1001
FLOORFORGE
1000
floor:1
1000
preliminary
  0
HATCH
  5
41E
330
17
100
AcDbEntity
  8
A-WALL
 62
7
100
AcDbHatch
 10
0.0
 20
0.0
 30
0.0
210
0.0
220
0.0
230
1.0
  2
SOLID
 70
1
 71
0
 91
1
 92
3
 72
0
 73
1
 93
6
 10
28668.0
 20
8850.0
 10
28668.0
 20
8700.0
 10
28318.0
 20
8700.0
 10
28318.0
 20
8850.0
 10
28593.0
 20
8850.0
 10
28668.0
 20
8850.0
 97
0
 75
0
 76
1
 98
0
  0
LWPOLYLINE
  5
41F
330
17
100
AcDbEntity
  8
A-WALL
100
AcDbPolyline
 90
6
 70
1
 10
27043.0
 20
8700.0
 10
26968.0
 20
8700.0
 10
26968.0
 20
8850.0
 10
27318.0
 20
8850.0
 10
27318.0
 20
8700.0
 10
27043.0
 20
8700.0
1001
FLOORFORGE
1000
floor:1
1000
preliminary
  0
HATCH
  5
420
330
17
100
AcDbEntity
  8
A-WALL
 62
7
100
AcDbHatch
 10
0.0
 20
0.0
 30
0.0
210
0.0
220
0.0
230
1.0
  2
SOLID
 70
1
 71
0
 91
1
 92
3
 72
0
 73
1
 93
6
 10
27043.0
 20
8700.0
 10
26968.0
 20
8700.0
 10
26968.0
 20
8850.0
 10
27318.0
 20
8850.0
 10
27318.0
 20
8700.0
 10
27043.0
 20
8700.0
 97
0
 75
0
 76
1
 98
0
  0
LWPOLYLINE
  5
421
330
17
100
AcDbEntity
  8
A-WALL
100
AcDbPolyline
 90
7
 70
1
 10
28593.0
 20
12802.0
 10
28668.0
 20
12802.0
 10
28668.0
 20
12652.0
 10
27043.0
 20
12652.0
 10
26968.0
 20
12652.0
 10
26968.0
 20
12802.0
 10
28593.0
 20
12802.0
1001
FLOORFORGE
1000
floor:1
1000
preliminary
  0
HATCH
  5
422
330
17
100
AcDbEntity
  8
A-WALL
 62
7
100
AcDbHatch
 10
0.0
 20
0.0
 30
0.0
210
0.0
220
0.0
230
1.0
  2
SOLID
 70
1
 71
0
 91
1
 92
3
 72
0
 73
1
 93
7
 10
28593.0
 20
12802.0
 10
28668.0
 20
12802.0
 10
28668.0
 20
12652.0
 10
27043.0
 20
12652.0
 10
26968.0
 20
12652.0
 10
26968.0
 20
12802.0
 10
28593.0
 20
12802.0
 97
0
 75
0
 76
1
 98
0
  0
LWPOLYLINE
  5
423
330
17
100
AcDbEntity
  8
A-WALL
100
AcDbPolyline
 90
7
 70
1
 10
27140.0
 20
3600.0
 10
27140.0
 20
3675.0
 10
27290.0
 20
3675.0
 10
27290.0
 20
3525.0
 10
27290.0
 20
3450.0
 10
27140.0
 20
3450.0
 10
27140.0
 20
3600.0
1001
FLOORFORGE
1000
floor:1
1000
preliminary
  0
HATCH
  5
424
330
17
100
AcDbEntity
  8
A-WALL
 62
7
100
AcDbHatch
 10
0.0
 20
0.0
 30
0.0
210
0.0
220
0.0
230
1.0
  2
SOLID
 70
1
 71
0
 91
1
 92
3
 72
0
 73
1
 93
7
 10
27140.0
 20
3600.0
 10
27140.0
 20
3675.0
 10
27290.0
 20
3675.0
 10
27290.0
 20
3525.0
 10
27290.0
 20
3450.0
 10
27140.0
 20
3450.0
 10
27140.0
 20
3600.0
 97
0
 75
0
 76
1
 98
0
  0
LWPOLYLINE
  5
425
330
17
100
AcDbEntity
  8
A-WALL
100
AcDbPolyline
 90
7
 70
1
 10
27140.0
 20
6425.0
 10
27140.0
 20
6500.0
 10
27290.0
 20
6500.0
 10
27290.0
 20
6350.0
 10
27290.0
 20
6275.0
 10
27140.0
 20
6275.0
 10
27140.0
 20
6425.0
1001
FLOORFORGE
1000
floor:1
1000
preliminary
  0
HATCH
  5
426
330
17
100
AcDbEntity
  8
A-WALL
 62
7
100
AcDbHatch
 10
0.0
 20
0.0
 30
0.0
210
0.0
220
0.0
230
1.0
  2
SOLID
 70
1
 71
0
 91
1
 92
3
 72
0
 73
1
 93
7
 10
27140.0
 20
6425.0
 10
27140.0
 20
6500.0
 10
27290.0
 20
6500.0
 10
27290.0
 20
6350.0
 10
27290.0
 20
6275.0
 10
27140.0
 20
6275.0
 10
27140.0
 20
6425.0
 97
0
 75
0
 76
1
 98
0
  0
LWPOLYLINE
  5
427
330
17
100
AcDbEntity
  8
A-WALL
100
AcDbPolyline
 90
7
 70
1
 10
27290.0
 20
3600.0
 10
27365.0
 20
3600.0
 10
27365.0
 20
3450.0
 10
27215.0
 20
3450.0
 10
27140.0
 20
3450.0
 10
27140.0
 20
3600.0
 10
27290.0
 20
3600.0
1001
FLOORFORGE
1000
floor:1
1000
preliminary
  0
HATCH
  5
428
330
17
100
AcDbEntity
  8
A-WALL
 62
7
100
AcDbHatch
 10
0.0
 20
0.0
 30
0.0
210
0.0
220
0.0
230
1.0
  2
SOLID
 70
1
 71
0
 91
1
 92
3
 72
0
 73
1
 93
7
 10
27290.0
 20
3600.0
 10
27365.0
 20
3600.0
 10
27365.0
 20
3450.0
 10
27215.0
 20
3450.0
 10
27140.0
 20
3450.0
 10
27140.0
 20
3600.0
 10
27290.0
 20
3600.0
 97
0
 75
0
 76
1
 98
0
  0
LWPOLYLINE
  5
429
330
17
100
AcDbEntity
  8
A-WALL
100
AcDbPolyline
 90
7
 70
1
 10
27290.0
 20
6500.0
 10
27365.0
 20
6500.0
 10
27365.0
 20
6350.0
 10
27215.0
 20
6350.0
 10
27140.0
 20
6350.0
 10
27140.0
 20
6500.0
 10
27290.0
 20
6500.0
1001
FLOORFORGE
1000
floor:1
1000
preliminary
  0
HATCH
  5
42A
330
17
100
AcDbEntity
  8
A-WALL
 62
7
100
AcDbHatch
 10
0.0
 20
0.0
 30
0.0
210
0.0
220
0.0
230
1.0
  2
SOLID
 70
1
 71
0
 91
1
 92
3
 72
0
 73
1
 93
7
 10
27290.0
 20
6500.0
 10
27365.0
 20
6500.0
 10
27365.0
 20
6350.0
 10
27215.0
 20
6350.0
 10
27140.0
 20
6350.0
 10
27140.0
 20
6500.0
 10
27290.0
 20
6500.0
 97
0
 75
0
 76
1
 98
0
  0
LWPOLYLINE
  5
42B
330
17
100
AcDbEntity
  8
A-WALL
100
AcDbPolyline
 90
7
 70
1
 10
30743.0
 20
6500.0
 10
30818.0
 20
6500.0
 10
30818.0
 20
6350.0
 10
30668.0
 20
6350.0
 10
30593.0
 20
6350.0
 10
30593.0
 20
6500.0
 10
30743.0
 20
6500.0
1001
FLOORFORGE
1000
floor:1
1000
preliminary
  0
HATCH
  5
42C
330
17
100
AcDbEntity
  8
A-WALL
 62
7
100
AcDbHatch
 10
0.0
 20
0.0
 30
0.0
210
0.0
220
0.0
230
1.0
  2
SOLID
 70
1
 71
0
 91
1
 92
3
 72
0
 73
1
 93
7
 10
30743.0
 20
6500.0
 10
30818.0
 20
6500.0
 10
30818.0
 20
6350.0
 10
30668.0
 20
6350.0
 10
30593.0
 20
6350.0
 10
30593.0
 20
6500.0
 10
30743.0
 20
6500.0
 97
0
 75
0
 76
1
 98
0
  0
LWPOLYLINE
  5
42D
330
17
100
AcDbEntity
  8
A-WALL
100
AcDbPolyline
 90
7
 70
1
 10
28518.0
 20
12727.0
 10
28518.0
 20
12802.0
 10
28668.0
 20
12802.0
 10
28668.0
 20
8775.0
 10
28668.0
 20
8700.0
 10
28518.0
 20
8700.0
 10
28518.0
 20
12727.0
1001
FLOORFORGE
1000
floor:1
1000
preliminary
  0
HATCH
  5
42E
330
17
100
AcDbEntity
  8
A-WALL
 62
7
100
AcDbHatch
 10
0.0
 20
0.0
 30
0.0
210
0.0
220
0.0
230
1.0
  2
SOLID
 70
1
 71
0
 91
1
 92
3
 72
0
 73
1
 93
7
 10
28518.0
 20
12727.0
 10
28518.0
 20
12802.0
 10
28668.0
 20
12802.0
 10
28668.0
 20
8775.0
 10
28668.0
 20
8700.0
 10
28518.0
 20
8700.0
 10
28518.0
 20
12727.0
 97
0
 75
0
 76
1
 98
0
  0
LWPOLYLINE
  5
42F
330
17
100
AcDbEntity
  8
A-WALL
100
AcDbPolyline
 90
6
 70
1
 10
30818.0
 20
8850.0
 10
30818.0
 20
8700.0
 10
29918.0
 20
8700.0
 10
29918.0
 20
8850.0
 10
30743.0
 20
8850.0
 10
30818.0
 20
8850.0
1001
FLOORFORGE
1000
floor:1
1000
preliminary
  0
HATCH
  5
430
330
17
100
AcDbEntity
  8
A-WALL
 62
7
100
AcDbHatch
 10
0.0
 20
0.0
 30
0.0
210
0.0
220
0.0
230
1.0
  2
SOLID
 70
1
 71
0
 91
1
 92
3
 72
0
 73
1
 93
6
 10
30818.0
 20
8850.0
 10
30818.0
 20
8700.0
 10
29918.0
 20
8700.0
 10
29918.0
 20
8850.0
 10
30743.0
 20
8850.0
 10
30818.0
 20
8850.0
 97
0
 75
0
 76
1
 98
0
  0
LWPOLYLINE
  5
431
330
17
100
AcDbEntity
  8
A-WALL
100
AcDbPolyline
 90
6
 70
1
 10
28593.0
 20
8700.0
 10
28518.0
 20
8700.0
 10
28518.0
 20
8850.0
 10
28818.0
 20
8850.0
 10
28818.0
 20
8700.0
 10
28593.0
 20
8700.0
1001
FLOORFORGE
1000
floor:1
1000
preliminary
  0
HATCH
  5
432
330
17
100
AcDbEntity
  8
A-WALL
 62
7
100
AcDbHatch
 10
0.0
 20
0.0
 30
0.0
210
0.0
220
0.0
230
1.0
  2
SOLID
 70
1
 71
0
 91
1
 92
3
 72
0
 73
1
 93
6
 10
28593.0
 20
8700.0
 10
28518.0
 20
8700.0
 10
28518.0
 20
8850.0
 10
28818.0
 20
8850.0
 10
28818.0
 20
8700.0
 10
28593.0
 20
8700.0
 97
0
 75
0
 76
1
 98
0
  0
LWPOLYLINE
  5
433
330
17
100
AcDbEntity
  8
A-WALL
100
AcDbPolyline
 90
7
 70
1
 10
33261.0
 20
12802.0
 10
33336.0
 20
12802.0
 10
33336.0
 20
12652.0
 10
28593.0
 20
12652.0
 10
28518.0
 20
12652.0
 10
28518.0
 20
12802.0
 10
33261.0
 20
12802.0
1001
FLOORFORGE
1000
floor:1
1000
preliminary
  0
HATCH
  5
434
330
17
100
AcDbEntity
  8
A-WALL
 62
7
100
AcDbHatch
 10
0.0
 20
0.0
 30
0.0
210
0.0
220
0.0
230
1.0
  2
SOLID
 70
1
 71
0
 91
1
 92
3
 72
0
 73
1
 93
7
 10
33261.0
 20
12802.0
 10
33336.0
 20
12802.0
 10
33336.0
 20
12652.0
 10
28593.0
 20
12652.0
 10
28518.0
 20
12652.0
 10
28518.0
 20
12802.0
 10
33261.0
 20
12802.0
 97
0
 75
0
 76
1
 98
0
  0
LWPOLYLINE
  5
435
330
17
100
AcDbEntity
  8
A-WALL
100
AcDbPolyline
 90
6
 70
1
 10
29018.0
 20
3525.0
 10
29168.0
 20
3525.0
 10
29168.0
 20
2650.0
 10
29018.0
 20
2650.0
 10
29018.0
 20
3450.0
 10
29018.0
 20
3525.0
1001
FLOORFORGE
1000
floor:1
1000
preliminary
  0
HATCH
  5
436
330
17
100
AcDbEntity
  8
A-WALL
 62
7
100
AcDbHatch
 10
0.0
 20
0.0
 30
0.0
210
0.0
220
0.0
230
1.0
  2
SOLID
 70
1
 71
0
 91
1
 92
3
 72
0
 73
1
 93
6
 10
29018.0
 20
3525.0
 10
29168.0
 20
3525.0
 10
29168.0
 20
2650.0
 10
29018.0
 20
2650.0
 10
29018.0
 20
3450.0
 10
29018.0
 20
3525.0
 97
0
 75
0
 76
1
 98
0
  0
LWPOLYLINE
  5
437
330
17
100
AcDbEntity
  8
A-WALL
100
AcDbPolyline
 90
6
 70
1
 10
29168.0
 20
75.0
 10
29168.0
 20
0.0
 10
29018.0
 20
0.0
 10
29018.0
 20
850.0
 10
29168.0
 20
850.0
 10
29168.0
 20
75.0
1001
FLOORFORGE
1000
floor:1
1000
preliminary
  0
HATCH
  5
438
330
17
100
AcDbEntity
  8
A-WALL
 62
7
100
AcDbHatch
 10
0.0
 20
0.0
 30
0.0
210
0.0
220
0.0
230
1.0
  2
SOLID
 70
1
 71
0
 91
1
 92
3
 72
0
 73
1
 93
6
 10
29168.0
 20
75.0
 10
29168.0
 20
0.0
 10
29018.0
 20
0.0
 10
29018.0
 20
850.0
 10
29168.0
 20
850.0
 10
29168.0
 20
75.0
 97
0
 75
0
 76
1
 98
0
  0
LWPOLYLINE
  5
439
330
17
100
AcDbEntity
  8
A-WALL
100
AcDbPolyline
 90
7
 70
1
 10
29018.0
 20
3525.0
 10
29018.0
 20
3600.0
 10
29168.0
 20
3600.0
 10
29168.0
 20
3450.0
 10
29168.0
 20
3375.0
 10
29018.0
 20
3375.0
 10
29018.0
 20
3525.0
1001
FLOORFORGE
1000
floor:1
1000
preliminary
  0
HATCH
  5
43A
330
17
100
AcDbEntity
  8
A-WALL
 62
7
100
AcDbHatch
 10
0.0
 20
0.0
 30
0.0
210
0.0
220
0.0
230
1.0
  2
SOLID
 70
1
 71
0
 91
1
 92
3
 72
0
 73
1
 93
7
 10
29018.0
 20
3525.0
 10
29018.0
 20
3600.0
 10
29168.0
 20
3600.0
 10
29168.0
 20
3450.0
 10
29168.0
 20
3375.0
 10
29018.0
 20
3375.0
 10
29018.0
 20
3525.0
 97
0
 75
0
 76
1
 98
0
  0
LWPOLYLINE
  5
43B
330
17
100
AcDbEntity
  8
A-WALL
100
AcDbPolyline
 90
7
 70
1
 10
30668.0
 20
3600.0
 10
30668.0
 20
3675.0
 10
30818.0
 20
3675.0
 10
30818.0
 20
3525.0
 10
30818.0
 20
3450.0
 10
30668.0
 20
3450.0
 10
30668.0
 20
3600.0
1001
FLOORFORGE
1000
floor:1
1000
preliminary
  0
HATCH
  5
43C
330
17
100
AcDbEntity
  8
A-WALL
 62
7
100
AcDbHatch
 10
0.0
 20
0.0
 30
0.0
210
0.0
220
0.0
230
1.0
  2
SOLID
 70
1
 71
0
 91
1
 92
3
 72
0
 73
1
 93
7
 10
30668.0
 20
3600.0
 10
30668.0
 20
3675.0
 10
30818.0
 20
3675.0
 10
30818.0
 20
3525.0
 10
30818.0
 20
3450.0
 10
30668.0
 20
3450.0
 10
30668.0
 20
3600.0
 97
0
 75
0
 76
1
 98
0
  0
LWPOLYLINE
  5
43D
330
17
100
AcDbEntity
  8
A-WALL
100
AcDbPolyline
 90
6
 70
1
 10
30668.0
 20
6425.0
 10
30818.0
 20
6425.0
 10
30818.0
 20
6200.0
 10
30668.0
 20
6200.0
 10
30668.0
 20
6350.0
 10
30668.0
 20
6425.0
1001
FLOORFORGE
1000
floor:1
1000
preliminary
  0
HATCH
  5
43E
330
17
100
AcDbEntity
  8
A-WALL
 62
7
100
AcDbHatch
 10
0.0
 20
0.0
 30
0.0
210
0.0
220
0.0
230
1.0
  2
SOLID
 70
1
 71
0
 91
1
 92
3
 72
0
 73
1
 93
6
 10
30668.0
 20
6425.0
 10
30818.0
 20
6425.0
 10
30818.0
 20
6200.0
 10
30668.0
 20
6200.0
 10
30668.0
 20
6350.0
 10
30668.0
 20
6425.0
 97
0
 75
0
 76
1
 98
0
  0
LWPOLYLINE
  5
43F
330
17
100
AcDbEntity
  8
A-WALL
100
AcDbPolyline
 90
6
 70
1
 10
30818.0
 20
3600.0
 10
30818.0
 20
3525.0
 10
30668.0
 20
3525.0
 10
30668.0
 20
3700.0
 10
30818.0
 20
3700.0
 10
30818.0
 20
3600.0
1001
FLOORFORGE
1000
floor:1
1000
preliminary
  0
HATCH
  5
440
330
17
100
AcDbEntity
  8
A-WALL
 62
7
100
AcDbHatch
 10
0.0
 20
0.0
 30
0.0
210
0.0
220
0.0
230
1.0
  2
SOLID
 70
1
 71
0
 91
1
 92
3
 72
0
 73
1
 93
6
 10
30818.0
 20
3600.0
 10
30818.0
 20
3525.0
 10
30668.0
 20
3525.0
 10
30668.0
 20
3700.0
 10
30818.0
 20
3700.0
 10
30818.0
 20
3600.0
 97
0
 75
0
 76
1
 98
0
  0
LWPOLYLINE
  5
441
330
17
100
AcDbEntity
  8
A-WALL
100
AcDbPolyline
 90
7
 70
1
 10
30668.0
 20
6425.0
 10
30668.0
 20
6500.0
 10
30818.0
 20
6500.0
 10
30818.0
 20
6350.0
 10
30818.0
 20
6275.0
 10
30668.0
 20
6275.0
 10
30668.0
 20
6425.0
1001
FLOORFORGE
1000
floor:1
1000
preliminary
  0
HATCH
  5
442
330
17
100
AcDbEntity
  8
A-WALL
 62
7
100
AcDbHatch
 10
0.0
 20
0.0
 30
0.0
210
0.0
220
0.0
230
1.0
  2
SOLID
 70
1
 71
0
 91
1
 92
3
 72
0
 73
1
 93
7
 10
30668.0
 20
6425.0
 10
30668.0
 20
6500.0
 10
30818.0
 20
6500.0
 10
30818.0
 20
6350.0
 10
30818.0
 20
6275.0
 10
30668.0
 20
6275.0
 10
30668.0
 20
6425.0
 97
0
 75
0
 76
1
 98
0
  0
LWPOLYLINE
  5
443
330
17
100
AcDbEntity
  8
A-WALL
100
AcDbPolyline
 90
6
 70
1
 10
30668.0
 20
8775.0
 10
30818.0
 20
8775.0
 10
30818.0
 20
8100.0
 10
30668.0
 20
8100.0
 10
30668.0
 20
8700.0
 10
30668.0
 20
8775.0
1001
FLOORFORGE
1000
floor:1
1000
preliminary
  0
HATCH
  5
444
330
17
100
AcDbEntity
  8
A-WALL
 62
7
100
AcDbHatch
 10
0.0
 20
0.0
 30
0.0
210
0.0
220
0.0
230
1.0
  2
SOLID
 70
1
 71
0
 91
1
 92
3
 72
0
 73
1
 93
6
 10
30668.0
 20
8775.0
 10
30818.0
 20
8775.0
 10
30818.0
 20
8100.0
 10
30668.0
 20
8100.0
 10
30668.0
 20
8700.0
 10
30668.0
 20
8775.0
 97
0
 75
0
 76
1
 98
0
  0
LWPOLYLINE
  5
445
330
17
100
AcDbEntity
  8
A-WALL
100
AcDbPolyline
 90
6
 70
1
 10
30818.0
 20
6425.0
 10
30818.0
 20
6350.0
 10
30668.0
 20
6350.0
 10
30668.0
 20
6700.0
 10
30818.0
 20
6700.0
 10
30818.0
 20
6425.0
1001
FLOORFORGE
1000
floor:1
1000
preliminary
  0
HATCH
  5
446
330
17
100
AcDbEntity
  8
A-WALL
 62
7
100
AcDbHatch
 10
0.0
 20
0.0
 30
0.0
210
0.0
220
0.0
230
1.0
  2
SOLID
 70
1
 71
0
 91
1
 92
3
 72
0
 73
1
 93
6
 10
30818.0
 20
6425.0
 10
30818.0
 20
6350.0
 10
30668.0
 20
6350.0
 10
30668.0
 20
6700.0
 10
30818.0
 20
6700.0
 10
30818.0
 20
6425.0
 97
0
 75
0
 76
1
 98
0
  0
LWPOLYLINE
  5
447
330
17
100
AcDbEntity
  8
A-WALL
100
AcDbPolyline
 90
7
 70
1
 10
30668.0
 20
8775.0
 10
30668.0
 20
8850.0
 10
30818.0
 20
8850.0
 10
30818.0
 20
8700.0
 10
30818.0
 20
8625.0
 10
30668.0
 20
8625.0
 10
30668.0
 20
8775.0
1001
FLOORFORGE
1000
floor:1
1000
preliminary
  0
HATCH
  5
448
330
17
100
AcDbEntity
  8
A-WALL
 62
7
100
AcDbHatch
 10
0.0
 20
0.0
 30
0.0
210
0.0
220
0.0
230
1.0
  2
SOLID
 70
1
 71
0
 91
1
 92
3
 72
0
 73
1
 93
7
 10
30668.0
 20
8775.0
 10
30668.0
 20
8850.0
 10
30818.0
 20
8850.0
 10
30818.0
 20
8700.0
 10
30818.0
 20
8625.0
 10
30668.0
 20
8625.0
 10
30668.0
 20
8775.0
 97
0
 75
0
 76
1
 98
0
  0
LWPOLYLINE
  5
449
330
17
100
AcDbEntity
  8
A-WALL
100
AcDbPolyline
 90
7
 70
1
 10
30818.0
 20
8850.0
 10
30893.0
 20
8850.0
 10
30893.0
 20
8700.0
 10
30743.0
 20
8700.0
 10
30668.0
 20
8700.0
 10
30668.0
 20
8850.0
 10
30818.0
 20
8850.0
1001
FLOORFORGE
1000
floor:1
1000
preliminary
  0
HATCH
  5
44A
330
17
100
AcDbEntity
  8
A-WALL
 62
7
100
AcDbHatch
 10
0.0
 20
0.0
 30
0.0
210
0.0
220
0.0
230
1.0
  2
SOLID
 70
1
 71
0
 91
1
 92
3
 72
0
 73
1
 93
7
 10
30818.0
 20
8850.0
 10
30893.0
 20
8850.0
 10
30893.0
 20
8700.0
 10
30743.0
 20
8700.0
 10
30668.0
 20
8700.0
 10
30668.0
 20
8850.0
 10
30818.0
 20
8850.0
 97
0
 75
0
 76
1
 98
0
  0
LWPOLYLINE
  5
44B
330
17
100
AcDbEntity
  8
A-WALL
100
AcDbPolyline
 90
6
 70
1
 10
33336.0
 20
8850.0
 10
33336.0
 20
8700.0
 10
33018.0
 20
8700.0
 10
33018.0
 20
8850.0
 10
33261.0
 20
8850.0
 10
33336.0
 20
8850.0
1001
FLOORFORGE
1000
floor:1
1000
preliminary
  0
HATCH
  5
44C
330
17
100
AcDbEntity
  8
A-WALL
 62
7
100
AcDbHatch
 10
0.0
 20
0.0
 30
0.0
210
0.0
220
0.0
230
1.0
  2
SOLID
 70
1
 71
0
 91
1
 92
3
 72
0
 73
1
 93
6
 10
33336.0
 20
8850.0
 10
33336.0
 20
8700.0
 10
33018.0
 20
8700.0
 10
33018.0
 20
8850.0
 10
33261.0
 20
8850.0
 10
33336.0
 20
8850.0
 97
0
 75
0
 76
1
 98
0
  0
LWPOLYLINE
  5
44D
330
17
100
AcDbEntity
  8
A-WALL
100
AcDbPolyline
 90
6
 70
1
 10
30818.0
 20
8700.0
 10
30743.0
 20
8700.0
 10
30743.0
 20
8850.0
 10
31018.0
 20
8850.0
 10
31018.0
 20
8700.0
 10
30818.0
 20
8700.0
1001
FLOORFORGE
1000
floor:1
1000
preliminary
  0
HATCH
  5
44E
330
17
100
AcDbEntity
  8
A-WALL
 62
7
100
AcDbHatch
 10
0.0
 20
0.0
 30
0.0
210
0.0
220
0.0
230
1.0
  2
SOLID
 70
1
 71
0
 91
1
 92
3
 72
0
 73
1
 93
6
 10
30818.0
 20
8700.0
 10
30743.0
 20
8700.0
 10
30743.0
 20
8850.0
 10
31018.0
 20
8850.0
 10
31018.0
 20
8700.0
 10
30818.0
 20
8700.0
 97
0
 75
0
 76
1
 98
0
  0
LWPOLYLINE
  5
44F
330
17
100
AcDbEntity
  8
A-WALL
100
AcDbPolyline
 90
6
 70
1
 10
33186.0
 20
12802.0
 10
33336.0
 20
12802.0
 10
33336.0
 20
11750.0
 10
33186.0
 20
11750.0
 10
33186.0
 20
12727.0
 10
33186.0
 20
12802.0
1001
FLOORFORGE
1000
floor:1
1000
preliminary
  0
HATCH
  5
450
330
17
100
AcDbEntity
  8
A-WALL
 62
7
100
AcDbHatch
 10
0.0
 20
0.0
 30
0.0
210
0.0
220
0.0
230
1.0
  2
SOLID
 70
1
 71
0
 91
1
 92
3
 72
0
 73
1
 93
6
 10
33186.0
 20
12802.0
 10
33336.0
 20
12802.0
 10
33336.0
 20
11750.0
 10
33186.0
 20
11750.0
 10
33186.0
 20
12727.0
 10
33186.0
 20
12802.0
 97
0
 75
0
 76
1
 98
0
  0
LWPOLYLINE
  5
451
330
17
100
AcDbEntity
  8
A-WALL
100
AcDbPolyline
 90
6
 70
1
 10
33336.0
 20
8775.0
 10
33336.0
 20
8700.0
 10
33186.0
 20
8700.0
 10
33186.0
 20
9750.0
 10
33336.0
 20
9750.0
 10
33336.0
 20
8775.0
1001
FLOORFORGE
1000
floor:1
1000
preliminary
  0
HATCH
  5
452
330
17
100
AcDbEntity
  8
A-WALL
 62
7
100
AcDbHatch
 10
0.0
 20
0.0
 30
0.0
210
0.0
220
0.0
230
1.0
  2
SOLID
 70
1
 71
0
 91
1
 92
3
 72
0
 73
1
 93
6
 10
33336.0
 20
8775.0
 10
33336.0
 20
8700.0
 10
33186.0
 20
8700.0
 10
33186.0
 20
9750.0
 10
33336.0
 20
9750.0
 10
33336.0
 20
8775.0
 97
0
 75
0
 76
1
 98
0
  0
LINE
  5
453
330
17
100
AcDbEntity
  8
A-WIND
100
AcDbLine
 10
30818.0
 20
3700.0
 30
0.0
 11
30818.0
 21
6200.0
 31
0.0
1001
FLOORFORGE
1000
floor:1
1000
preliminary
  0
LINE
  5
454
330
17
100
AcDbEntity
  8
A-WIND
100
AcDbLine
 10
30668.0
 20
3700.0
 30
0.0
 11
30668.0
 21
6200.0
 31
0.0
1001
FLOORFORGE
1000
floor:1
1000
preliminary
  0
LINE
  5
455
330
17
100
AcDbEntity
  8
A-WIND
100
AcDbLine
 10
30761.0
 20
3700.0
 30
0.0
 11
30761.0
 21
6200.0
 31
0.0
1001
FLOORFORGE
1000
floor:1
1000
preliminary
  0
LINE
  5
456
330
17
100
AcDbEntity
  8
A-WIND
100
AcDbLine
 10
30725.0
 20
3700.0
 30
0.0
 11
30725.0
 21
6200.0
 31
0.0
1001
FLOORFORGE
1000
floor:1
1000
preliminary
  0
LINE
  5
457
330
17
100
AcDbEntity
  8
A-WIND
100
AcDbLine
 10
30818.0
 20
3700.0
 30
0.0
 11
30668.0
 21
3700.0
 31
0.0
1001
FLOORFORGE
1000
floor:1
1000
preliminary
  0
LINE
  5
458
330
17
100
AcDbEntity
  8
A-WIND
100
AcDbLine
 10
30818.0
 20
6200.0
 30
0.0
 11
30668.0
 21
6200.0
 31
0.0
1001
FLOORFORGE
1000
floor:1
1000
preliminary
  0
TEXT
  5
459
330
17
100
AcDbEntity
  8
A-TAGS
100
AcDbText
 10
31198.0
 20
4890.0
 30
0.0
 40
150.0
  1
W9
 72
1
 11
31198.0
 21
4890.0
 31
0.0
100
AcDbText
 73
1
1001
FLOORFORGE
1000
floor:1
1000
preliminary
  0
LINE
  5
45A
330
17
100
AcDbEntity
  8
A-DOOR
100
AcDbLine
 10
27318.0
 20
8850.0
 30
0.0
 11
27318.0
 21
9850.0
 31
0.0
1001
FLOORFORGE
1000
floor:1
1000
preliminary
  0
LWPOLYLINE
  5
45B
330
17
100
AcDbEntity
  8
A-DOOR
100
AcDbPolyline
 90
18
 70
0
 10
28318.0
 20
8850.0
 10
28313.734176295035
 20
8942.268359463302
 10
28300.973099683903
 20
9033.74951781657
 10
28279.82564317282
 20
9123.662990072084
 10
28250.472229404357
 20
9211.241666187152
 10
28213.163291355064
 20
9295.738355776539
 10
28168.217135729614
 20
9376.432162877356
 10
28116.017227280237
 20
9452.634636379256
 10
28057.008917220657
 20
9523.695643646557
 10
27991.695643646555
 20
9589.008917220659
 10
27920.634636379255
 20
9648.01722728024
 10
27844.432162877354
 20
9700.217135729614
 10
27763.73835577654
 20
9745.163291355062
 10
27679.241666187154
 20
9782.472229404357
 10
27591.662990072084
 20
9811.825643172819
 10
27501.74951781657
 20
9832.973099683903
 10
27410.2683594633
 20
9845.734176295035
 10
27318.0
 20
9850.0
1001
FLOORFORGE
1000
floor:1
1000
preliminary
  0
TEXT
  5
45C
330
17
100
AcDbEntity
  8
A-TAGS
100
AcDbText
 10
27818.0
 20
8390.0
 30
0.0
 40
150.0
  1
D2
 72
1
 11
27818.0
 21
8390.0
 31
0.0
100
AcDbText
 73
1
1001
FLOORFORGE
1000
floor:1
1000
preliminary
  0
LINE
  5
45D
330
17
100
AcDbEntity
  8
A-DOOR
100
AcDbLine
 10
28818.0
 20
8850.0
 30
0.0
 11
28818.0
 21
9950.0
 31
0.0
1001
FLOORFORGE
1000
floor:1
1000
preliminary
  0
LWPOLYLINE
  5
45E
330
17
100
AcDbEntity
  8
A-DOOR
100
AcDbPolyline
 90
18
 70
0
 10
29918.0
 20
8850.0
 10
29913.30759392454
 20
8951.495195409632
 10
29899.270409652294
 20
9052.124469598228
 10
29876.0082074901
 20
9151.029289079292
 10
29843.71945234479
 20
9247.365832805868
 10
29802.67962049057
 20
9340.312191354193
 10
29753.238849302576
 20
9429.075379165091
 10
29695.818950008263
 20
9512.898100017183
 10
29630.909808942724
 20
9591.065208011212
 10
29559.065208011212
 20
9662.909808942724
 10
29480.898100017184
 20
9727.818950008263
 10
29397.075379165093
 20
9785.238849302576
 10
29308.31219135419
 20
9834.67962049057
 10
29215.365832805866
 20
9875.71945234479
 10
29119.02928907929
 20
9908.0082074901
 10
29020.124469598228
 20
9931.270409652292
 10
28919.495195409632
 20
9945.307593924537
 10
28818.0
 20
9950.0
1001
FLOORFORGE
1000
floor:1
1000
preliminary
  0
TEXT
  5
45F
330
17
100
AcDbEntity
  8
A-TAGS
100
AcDbText
 10
29368.0
 20
8390.0
 30
0.0
 40
150.0
  1
D5
 72
1
 11
29368.0
 21
8390.0
 31
0.0
100
AcDbText
 73
1
1001
FLOORFORGE
1000
floor:1
1000
preliminary
  0
LWPOLYLINE
  5
460
330
17
100
AcDbEntity
  8
A-DOOR
100
AcDbPolyline
 90
4
 70
1
 10
31018.0
 20
8781.0
 10
32058.0
 20
8781.0
 10
32058.0
 20
8813.0
 10
31018.0
 20
8813.0
1001
FLOORFORGE
1000
floor:1
1000
preliminary
  0
LWPOLYLINE
  5
461
330
17
100
AcDbEntity
  8
A-DOOR
100
AcDbPolyline
 90
4
 70
1
 10
31978.0
 20
8737.0
 10
33018.0
 20
8737.0
 10
33018.0
 20
8769.0
 10
31978.0
 20
8769.0
1001
FLOORFORGE
1000
floor:1
1000
preliminary
  0
LINE
  5
462
330
17
100
AcDbEntity
  8
A-DOOR
100
AcDbLine
 10
31768.0
 20
8540.0
 30
0.0
 11
32268.0
 21
8540.0
 31
0.0
1001
FLOORFORGE
1000
floor:1
1000
preliminary
  0
LINE
  5
463
330
17
100
AcDbEntity
  8
A-DOOR
100
AcDbLine
 10
32268.0
 20
8540.0
 30
0.0
 11
32188.0
 21
8600.0
 31
0.0
1001
FLOORFORGE
1000
floor:1
1000
preliminary
  0
TEXT
  5
464
330
17
100
AcDbEntity
  8
A-TAGS
100
AcDbText
 10
32018.0
 20
8390.0
 30
0.0
 40
150.0
  1
SD3
 72
1
 11
32018.0
 21
8390.0
 31
0.0
100
AcDbText
 73
1
1001
FLOORFORGE
1000
floor:1
1000
preliminary
  0
LINE
  5
465
330
17
100
AcDbEntity
  8
A-WIND
100
AcDbLine
 10
33336.0
 20
9750.0
 30
0.0
 11
33336.0
 21
11750.0
 31
0.0
1001
FLOORFORGE
1000
floor:1
1000
preliminary
  0
LINE
  5
466
330
17
100
AcDbEntity
  8
A-WIND
100
AcDbLine
 10
33186.0
 20
9750.0
 30
0.0
 11
33186.0
 21
11750.0
 31
0.0
1001
FLOORFORGE
1000
floor:1
1000
preliminary
  0
LINE
  5
467
330
17
100
AcDbEntity
  8
A-WIND
100
AcDbLine
 10
33279.0
 20
9750.0
 30
0.0
 11
33279.0
 21
11750.0
 31
0.0
1001
FLOORFORGE
1000
floor:1
1000
preliminary
  0
LINE
  5
468
330
17
100
AcDbEntity
  8
A-WIND
100
AcDbLine
 10
33243.0
 20
9750.0
 30
0.0
 11
33243.0
 21
11750.0
 31
0.0
1001
FLOORFORGE
1000
floor:1
1000
preliminary
  0
LINE
  5
469
330
17
100
AcDbEntity
  8
A-WIND
100
AcDbLine
 10
33336.0
 20
9750.0
 30
0.0
 11
33186.0
 21
9750.0
 31
0.0
1001
FLOORFORGE
1000
floor:1
1000
preliminary
  0
LINE
  5
46A
330
17
100
AcDbEntity
  8
A-WIND
100
AcDbLine
 10
33336.0
 20
11750.0
 30
0.0
 11
33186.0
 21
11750.0
 31
0.0
1001
FLOORFORGE
1000
floor:1
1000
preliminary
  0
TEXT
  5
46B
330
17
100
AcDbEntity
  8
A-TAGS
100
AcDbText
 10
33716.0
 20
10690.0
 30
0.0
 40
150.0
  1
W1
 72
1
 11
33716.0
 21
10690.0
 31
0.0
100
AcDbText
 73
1
1001
FLOORFORGE
1000
floor:1
1000
preliminary
  0
LINE
  5
46C
330
17
100
AcDbEntity
  8
A-DOOR
100
AcDbLine
 10
25818.0
 20
8850.0
 30
0.0
 11
25818.0
 21
9850.0
 31
0.0
1001
FLOORFORGE
1000
floor:1
1000
preliminary
  0
LWPOLYLINE
  5
46D
330
17
100
AcDbEntity
  8
A-DOOR
100
AcDbPolyline
 90
18
 70
0
 10
26818.0
 20
8850.0
 10
26813.734176295035
 20
8942.268359463302
 10
26800.973099683903
 20
9033.74951781657
 10
26779.82564317282
 20
9123.662990072084
 10
26750.472229404357
 20
9211.241666187152
 10
26713.163291355064
 20
9295.738355776539
 10
26668.217135729614
 20
9376.432162877356
 10
26616.017227280237
 20
9452.634636379256
 10
26557.008917220657
 20
9523.695643646557
 10
26491.695643646555
 20
9589.008917220659
 10
26420.634636379255
 20
9648.01722728024
 10
26344.432162877354
 20
9700.217135729614
 10
26263.73835577654
 20
9745.163291355062
 10
26179.241666187154
 20
9782.472229404357
 10
26091.662990072084
 20
9811.825643172819
 10
26001.74951781657
 20
9832.973099683903
 10
25910.2683594633
 20
9845.734176295035
 10
25818.0
 20
9850.0
1001
FLOORFORGE
1000
floor:1
1000
preliminary
  0
TEXT
  5
46E
330
17
100
AcDbEntity
  8
A-TAGS
100
AcDbText
 10
26318.0
 20
8390.0
 30
0.0
 40
150.0
  1
D2
 72
1
 11
26318.0
 21
8390.0
 31
0.0
100
AcDbText
 73
1
1001
FLOORFORGE
1000
floor:1
1000
preliminary
  0
LINE
  5
46F
330
17
100
AcDbEntity
  8
A-WIND
100
AcDbLine
 10
22668.0
 20
9750.0
 30
0.0
 11
22668.0
 21
11750.0
 31
0.0
1001
FLOORFORGE
1000
floor:1
1000
preliminary
  0
LINE
  5
470
330
17
100
AcDbEntity
  8
A-WIND
100
AcDbLine
 10
22818.0
 20
9750.0
 30
0.0
 11
22818.0
 21
11750.0
 31
0.0
1001
FLOORFORGE
1000
floor:1
1000
preliminary
  0
LINE
  5
471
330
17
100
AcDbEntity
  8
A-WIND
100
AcDbLine
 10
22725.0
 20
9750.0
 30
0.0
 11
22725.0
 21
11750.0
 31
0.0
1001
FLOORFORGE
1000
floor:1
1000
preliminary
  0
LINE
  5
472
330
17
100
AcDbEntity
  8
A-WIND
100
AcDbLine
 10
22761.0
 20
9750.0
 30
0.0
 11
22761.0
 21
11750.0
 31
0.0
1001
FLOORFORGE
1000
floor:1
1000
preliminary
  0
LINE
  5
473
330
17
100
AcDbEntity
  8
A-WIND
100
AcDbLine
 10
22668.0
 20
9750.0
 30
0.0
 11
22818.0
 21
9750.0
 31
0.0
1001
FLOORFORGE
1000
floor:1
1000
preliminary
  0
LINE
  5
474
330
17
100
AcDbEntity
  8
A-WIND
100
AcDbLine
 10
22668.0
 20
11750.0
 30
0.0
 11
22818.0
 21
11750.0
 31
0.0
1001
FLOORFORGE
1000
floor:1
1000
preliminary
  0
TEXT
  5
475
330
17
100
AcDbEntity
  8
A-TAGS
100
AcDbText
 10
22288.0
 20
10690.0
 30
0.0
 40
150.0
  1
W1
 72
1
 11
22288.0
 21
10690.0
 31
0.0
100
AcDbText
 73
1
1001
FLOORFORGE
1000
floor:1
1000
preliminary
  0
LINE
  5
476
330
17
100
AcDbEntity
  8
A-DOOR
100
AcDbLine
 10
26290.0
 20
3600.0
 30
0.0
 11
27140.0
 21
3600.0
 31
0.0
1001
FLOORFORGE
1000
floor:1
1000
preliminary
  0
LINE
  5
477
330
17
100
AcDbEntity
  8
A-DOOR
100
AcDbLine
 10
26290.0
 20
3450.0
 30
0.0
 11
27140.0
 21
3450.0
 31
0.0
1001
FLOORFORGE
1000
floor:1
1000
preliminary
  0
TEXT
  5
478
330
17
100
AcDbEntity
  8
A-TAGS
100
AcDbText
 10
26715.0
 20
3790.0
 30
0.0
 40
150.0
  1
O6
 72
1
 11
26715.0
 21
3790.0
 31
0.0
100
AcDbText
 73
1
1001
FLOORFORGE
1000
floor:1
1000
preliminary
  0
LWPOLYLINE
  5
479
330
17
100
AcDbEntity
  8
A-DOOR
100
AcDbPolyline
 90
4
 70
1
 10
29087.0
 20
850.0
 10
29087.0
 20
1790.0
 10
29055.0
 20
1790.0
 10
29055.0
 20
850.0
1001
FLOORFORGE
1000
floor:1
1000
preliminary
  0
LWPOLYLINE
  5
47A
330
17
100
AcDbEntity
  8
A-DOOR
100
AcDbPolyline
 90
4
 70
1
 10
29131.0
 20
1710.0
 10
29131.0
 20
2650.0
 10
29099.0
 20
2650.0
 10
29099.0
 20
1710.0
1001
FLOORFORGE
1000
floor:1
1000
preliminary
  0
LINE
  5
47B
330
17
100
AcDbEntity
  8
A-DOOR
100
AcDbLine
 10
29328.0
 20
1500.0
 30
0.0
 11
29328.0
 21
2000.0
 31
0.0
1001
FLOORFORGE
1000
floor:1
1000
preliminary
  0
LINE
  5
47C
330
17
100
AcDbEntity
  8
A-DOOR
100
AcDbLine
 10
29328.0
 20
2000.0
 30
0.0
 11
29268.0
 21
1920.0
 31
0.0
1001
FLOORFORGE
1000
floor:1
1000
preliminary
  0
TEXT
  5
47D
330
17
100
AcDbEntity
  8
A-TAGS
100
AcDbText
 10
29418.0
 20
1690.0
 30
0.0
 40
150.0
  1
SD4
 72
1
 11
29418.0
 21
1690.0
 31
0.0
100
AcDbText
 73
1
1001
FLOORFORGE
1000
floor:1
1000
preliminary
  0
LWPOLYLINE
  5
47E
330
17
100
AcDbEntity
  8
A-DOOR
100
AcDbPolyline
 90
4
 70
1
 10
30737.0
 20
6700.0
 10
30737.0
 20
7440.0
 10
30705.0
 20
7440.0
 10
30705.0
 20
6700.0
1001
FLOORFORGE
1000
floor:1
1000
preliminary
  0
LWPOLYLINE
  5
47F
330
17
100
AcDbEntity
  8
A-DOOR
100
AcDbPolyline
 90
4
 70
1
 10
30781.0
 20
7360.0
 10
30781.0
 20
8100.0
 10
30749.0
 20
8100.0
 10
30749.0
 20
7360.0
1001
FLOORFORGE
1000
floor:1
1000
preliminary
  0
LINE
  5
480
330
17
100
AcDbEntity
  8
A-DOOR
100
AcDbLine
 10
30978.0
 20
7150.0
 30
0.0
 11
30978.0
 21
7650.0
 31
0.0
1001
FLOORFORGE
1000
floor:1
1000
preliminary
  0
LINE
  5
481
330
17
100
AcDbEntity
  8
A-DOOR
100
AcDbLine
 10
30978.0
 20
7650.0
 30
0.0
 11
30918.0
 21
7570.0
 31
0.0
1001
FLOORFORGE
1000
floor:1
1000
preliminary
  0
TEXT
  5
482
330
17
100
AcDbEntity
  8
A-TAGS
100
AcDbText
 10
31068.0
 20
7340.0
 30
0.0
 40
150.0
  1
SD5
 72
1
 11
31068.0
 21
7340.0
 31
0.0
100
AcDbText
 73
1
1001
FLOORFORGE
1000
floor:1
1000
preliminary
  0
LINE
  5
483
330
17
100
AcDbEntity
  8
A-WIND
100
AcDbLine
 10
23318.0
 20
0.0
 30
0.0
 11
25318.0
 21
0.0
 31
0.0
1001
FLOORFORGE
1000
floor:1
1000
preliminary
  0
LINE
  5
484
330
17
100
AcDbEntity
  8
A-WIND
100
AcDbLine
 10
23318.0
 20
150.0
 30
0.0
 11
25318.0
 21
150.0
 31
0.0
1001
FLOORFORGE
1000
floor:1
1000
preliminary
  0
LINE
  5
485
330
17
100
AcDbEntity
  8
A-WIND
100
AcDbLine
 10
23318.0
 20
57.0
 30
0.0
 11
25318.0
 21
57.0
 31
0.0
1001
FLOORFORGE
1000
floor:1
1000
preliminary
  0
LINE
  5
486
330
17
100
AcDbEntity
  8
A-WIND
100
AcDbLine
 10
23318.0
 20
93.0
 30
0.0
 11
25318.0
 21
93.0
 31
0.0
1001
FLOORFORGE
1000
floor:1
1000
preliminary
  0
LINE
  5
487
330
17
100
AcDbEntity
  8
A-WIND
100
AcDbLine
 10
23318.0
 20
0.0
 30
0.0
 11
23318.0
 21
150.0
 31
0.0
1001
FLOORFORGE
1000
floor:1
1000
preliminary
  0
LINE
  5
488
330
17
100
AcDbEntity
  8
A-WIND
100
AcDbLine
 10
25318.0
 20
0.0
 30
0.0
 11
25318.0
 21
150.0
 31
0.0
1001
FLOORFORGE
1000
floor:1
1000
preliminary
  0
TEXT
  5
489
330
17
100
AcDbEntity
  8
A-TAGS
100
AcDbText
 10
24318.0
 20
-440.0
 30
0.0
 40
150.0
  1
W1
 72
1
 11
24318.0
 21
-440.0
 31
0.0
100
AcDbText
 73
1
1001
FLOORFORGE
1000
floor:1
1000
preliminary
  0
LINE
  5
48A
330
17
100
AcDbEntity
  8
A-DOOR
100
AcDbLine
 10
26140.0
 20
850.0
 30
0.0
 11
25040.0
 21
850.0
 31
0.0
1001
FLOORFORGE
1000
floor:1
1000
preliminary
  0
LWPOLYLINE
  5
48B
330
17
100
AcDbEntity
  8
A-DOOR
100
AcDbPolyline
 90
18
 70
0
 10
26140.0
 20
1950.0
 10
26038.504804590368
 20
1945.307593924538
 10
25937.875530401772
 20
1931.270409652292
 10
25838.97071092071
 20
1908.0082074901009
 10
25742.634167194134
 20
1875.7194523447913
 10
25649.68780864581
 20
1834.6796204905686
 10
25560.924620834907
 20
1785.2388493025755
 10
25477.10189998282
 20
1727.8189500082635
 10
25398.934791988788
 20
1662.909808942725
 10
25327.090191057276
 20
1591.065208011213
 10
25262.181049991737
 20
1512.898100017182
 10
25204.761150697424
 20
1429.0753791650914
 10
25155.32037950943
 20
1340.3121913541922
 10
25114.28054765521
 20
1247.3658328058682
 10
25081.9917925099
 20
1151.0292890792912
 10
25058.729590347706
 20
1052.1244695982273
 10
25044.69240607546
 20
951.4951954096322
 10
25040.0
 20
850.0000000000001
1001
FLOORFORGE
1000
floor:1
1000
preliminary
  0
TEXT
  5
48C
330
17
100
AcDbEntity
  8
A-TAGS
100
AcDbText
 10
26540.0
 20
1340.0
 30
0.0
 40
150.0
  1
D5
 72
1
 11
26540.0
 21
1340.0
 31
0.0
100
AcDbText
 73
1
1001
FLOORFORGE
1000
floor:1
1000
preliminary
  0
LINE
  5
48D
330
17
100
AcDbEntity
  8
A-WIND
100
AcDbLine
 10
22668.0
 20
950.0
 30
0.0
 11
22668.0
 21
2750.0
 31
0.0
1001
FLOORFORGE
1000
floor:1
1000
preliminary
  0
LINE
  5
48E
330
17
100
AcDbEntity
  8
A-WIND
100
AcDbLine
 10
22818.0
 20
950.0
 30
0.0
 11
22818.0
 21
2750.0
 31
0.0
1001
FLOORFORGE
1000
floor:1
1000
preliminary
  0
LINE
  5
48F
330
17
100
AcDbEntity
  8
A-WIND
100
AcDbLine
 10
22725.0
 20
950.0
 30
0.0
 11
22725.0
 21
2750.0
 31
0.0
1001
FLOORFORGE
1000
floor:1
1000
preliminary
  0
LINE
  5
490
330
17
100
AcDbEntity
  8
A-WIND
100
AcDbLine
 10
22761.0
 20
950.0
 30
0.0
 11
22761.0
 21
2750.0
 31
0.0
1001
FLOORFORGE
1000
floor:1
1000
preliminary
  0
LINE
  5
491
330
17
100
AcDbEntity
  8
A-WIND
100
AcDbLine
 10
22668.0
 20
950.0
 30
0.0
 11
22818.0
 21
950.0
 31
0.0
1001
FLOORFORGE
1000
floor:1
1000
preliminary
  0
LINE
  5
492
330
17
100
AcDbEntity
  8
A-WIND
100
AcDbLine
 10
22668.0
 20
2750.0
 30
0.0
 11
22818.0
 21
2750.0
 31
0.0
1001
FLOORFORGE
1000
floor:1
1000
preliminary
  0
TEXT
  5
493
330
17
100
AcDbEntity
  8
A-TAGS
100
AcDbText
 10
22288.0
 20
1790.0
 30
0.0
 40
150.0
  1
W10
 72
1
 11
22288.0
 21
1790.0
 31
0.0
100
AcDbText
 73
1
1001
FLOORFORGE
1000
floor:1
1000
preliminary
  0
LINE
  5
494
330
17
100
AcDbEntity
  8
A-DOOR
100
AcDbLine
 10
25618.0
 20
3600.0
 30
0.0
 11
25618.0
 21
8700.0
 31
0.0
1001
FLOORFORGE
1000
floor:1
1000
preliminary
  0
LINE
  5
495
330
17
100
AcDbEntity
  8
A-DOOR
100
AcDbLine
 10
25768.0
 20
3600.0
 30
0.0
 11
25768.0
 21
8700.0
 31
0.0
1001
FLOORFORGE
1000
floor:1
1000
preliminary
  0
TEXT
  5
496
330
17
100
AcDbEntity
  8
A-TAGS
100
AcDbText
 10
25368.0
 20
6090.0
 30
0.0
 40
150.0
  1
O5
 72
1
 11
25368.0
 21
6090.0
 31
0.0
100
AcDbText
 73
1
1001
FLOORFORGE
1000
floor:1
1000
preliminary
  0
LINE
  5
497
330
17
100
AcDbEntity
  8
A-WIND
100
AcDbLine
 10
22668.0
 20
5800.0
 30
0.0
 11
22668.0
 21
7600.0
 31
0.0
1001
FLOORFORGE
1000
floor:1
1000
preliminary
  0
LINE
  5
498
330
17
100
AcDbEntity
  8
A-WIND
100
AcDbLine
 10
22818.0
 20
5800.0
 30
0.0
 11
22818.0
 21
7600.0
 31
0.0
1001
FLOORFORGE
1000
floor:1
1000
preliminary
  0
LINE
  5
499
330
17
100
AcDbEntity
  8
A-WIND
100
AcDbLine
 10
22725.0
 20
5800.0
 30
0.0
 11
22725.0
 21
7600.0
 31
0.0
1001
FLOORFORGE
1000
floor:1
1000
preliminary
  0
LINE
  5
49A
330
17
100
AcDbEntity
  8
A-WIND
100
AcDbLine
 10
22761.0
 20
5800.0
 30
0.0
 11
22761.0
 21
7600.0
 31
0.0
1001
FLOORFORGE
1000
floor:1
1000
preliminary
  0
LINE
  5
49B
330
17
100
AcDbEntity
  8
A-WIND
100
AcDbLine
 10
22668.0
 20
5800.0
 30
0.0
 11
22818.0
 21
5800.0
 31
0.0
1001
FLOORFORGE
1000
floor:1
1000
preliminary
  0
LINE
  5
49C
330
17
100
AcDbEntity
  8
A-WIND
100
AcDbLine
 10
22668.0
 20
7600.0
 30
0.0
 11
22818.0
 21
7600.0
 31
0.0
1001
FLOORFORGE
1000
floor:1
1000
preliminary
  0
TEXT
  5
49D
330
17
100
AcDbEntity
  8
A-TAGS
100
AcDbText
 10
22288.0
 20
6640.0
 30
0.0
 40
150.0
  1
W8
 72
1
 11
22288.0
 21
6640.0
 31
0.0
100
AcDbText
 73
1
1001
FLOORFORGE
1000
floor:1
1000
preliminary
  0
LINE
  5
49E
330
17
100
AcDbEntity
  8
A-STAIR
100
AcDbLine
 10
22818.0
 20
5150.0
 30
0.0
 11
24118.0
 21
5150.0
 31
0.0
1001
FLOORFORGE
1000
floor:1
1000
preliminary
  0
LINE
  5
49F
330
17
100
AcDbEntity
  8
A-STAIR
100
AcDbLine
 10
24318.0
 20
5150.0
 30
0.0
 11
25618.0
 21
5150.0
 31
0.0
1001
FLOORFORGE
1000
floor:1
1000
preliminary
  0
LINE
  5
4A0
330
17
100
AcDbEntity
  8
A-STAIR
100
AcDbLine
 10
22818.0
 20
5400.0
 30
0.0
 11
24118.0
 21
5400.0
 31
0.0
1001
FLOORFORGE
1000
floor:1
1000
preliminary
  0
LINE
  5
4A1
330
17
100
AcDbEntity
  8
A-STAIR
100
AcDbLine
 10
24318.0
 20
5400.0
 30
0.0
 11
25618.0
 21
5400.0
 31
0.0
1001
FLOORFORGE
1000
floor:1
1000
preliminary
  0
LINE
  5
4A2
330
17
100
AcDbEntity
  8
A-STAIR
100
AcDbLine
 10
22818.0
 20
5650.0
 30
0.0
 11
24118.0
 21
5650.0
 31
0.0
1001
FLOORFORGE
1000
floor:1
1000
preliminary
  0
LINE
  5
4A3
330
17
100
AcDbEntity
  8
A-STAIR
100
AcDbLine
 10
24318.0
 20
5650.0
 30
0.0
 11
25618.0
 21
5650.0
 31
0.0
1001
FLOORFORGE
1000
floor:1
1000
preliminary
  0
LINE
  5
4A4
330
17
100
AcDbEntity
  8
A-STAIR
100
AcDbLine
 10
22818.0
 20
5900.0
 30
0.0
 11
24118.0
 21
5900.0
 31
0.0
1001
FLOORFORGE
1000
floor:1
1000
preliminary
  0
LINE
  5
4A5
330
17
100
AcDbEntity
  8
A-STAIR
100
AcDbLine
 10
24318.0
 20
5900.0
 30
0.0
 11
25618.0
 21
5900.0
 31
0.0
1001
FLOORFORGE
1000
floor:1
1000
preliminary
  0
LINE
  5
4A6
330
17
100
AcDbEntity
  8
A-STAIR
100
AcDbLine
 10
22818.0
 20
6150.0
 30
0.0
 11
24118.0
 21
6150.0
 31
0.0
1001
FLOORFORGE
1000
floor:1
1000
preliminary
  0
LINE
  5
4A7
330
17
100
AcDbEntity
  8
A-STAIR
100
AcDbLine
 10
24318.0
 20
6150.0
 30
0.0
 11
25618.0
 21
6150.0
 31
0.0
1001
FLOORFORGE
1000
floor:1
1000
preliminary
  0
LINE
  5
4A8
330
17
100
AcDbEntity
  8
A-STAIR
100
AcDbLine
 10
22818.0
 20
6400.0
 30
0.0
 11
24118.0
 21
6400.0
 31
0.0
1001
FLOORFORGE
1000
floor:1
1000
preliminary
  0
LINE
  5
4A9
330
17
100
AcDbEntity
  8
A-STAIR
100
AcDbLine
 10
24318.0
 20
6400.0
 30
0.0
 11
25618.0
 21
6400.0
 31
0.0
1001
FLOORFORGE
1000
floor:1
1000
preliminary
  0
LINE
  5
4AA
330
17
100
AcDbEntity
  8
A-STAIR
100
AcDbLine
 10
22818.0
 20
6650.0
 30
0.0
 11
24118.0
 21
6650.0
 31
0.0
1001
FLOORFORGE
1000
floor:1
1000
preliminary
  0
LINE
  5
4AB
330
17
100
AcDbEntity
  8
A-STAIR
100
AcDbLine
 10
24318.0
 20
6650.0
 30
0.0
 11
25618.0
 21
6650.0
 31
0.0
1001
FLOORFORGE
1000
floor:1
1000
preliminary
  0
LINE
  5
4AC
330
17
100
AcDbEntity
  8
A-STAIR
100
AcDbLine
 10
22818.0
 20
6900.0
 30
0.0
 11
24118.0
 21
6900.0
 31
0.0
1001
FLOORFORGE
1000
floor:1
1000
preliminary
  0
LINE
  5
4AD
330
17
100
AcDbEntity
  8
A-STAIR
100
AcDbLine
 10
24318.0
 20
6900.0
 30
0.0
 11
25618.0
 21
6900.0
 31
0.0
1001
FLOORFORGE
1000
floor:1
1000
preliminary
  0
LINE
  5
4AE
330
17
100
AcDbEntity
  8
A-STAIR
100
AcDbLine
 10
22818.0
 20
7150.0
 30
0.0
 11
24118.0
 21
7150.0
 31
0.0
1001
FLOORFORGE
1000
floor:1
1000
preliminary
  0
LINE
  5
4AF
330
17
100
AcDbEntity
  8
A-STAIR
100
AcDbLine
 10
24318.0
 20
7150.0
 30
0.0
 11
25618.0
 21
7150.0
 31
0.0
1001
FLOORFORGE
1000
floor:1
1000
preliminary
  0
LWPOLYLINE
  5
4B0
330
17
100
AcDbEntity
  8
A-STAIR
100
AcDbPolyline
 90
4
 70
0
 10
23468.0
 20
5150.0
 10
23468.0
 20
7925.0
 10
24968.0
 20
7925.0
 10
24968.0
 20
5150.0
1001
FLOORFORGE
1000
floor:1
1000
preliminary
  0
LWPOLYLINE
  5
4B1
330
17
100
AcDbEntity
  8
A-STAIR
100
AcDbPolyline
 90
3
 70
1
 10
24898.0
 20
5290.0
 10
25038.0
 20
5290.0
 10
24968.0
 20
5150.0
1001
FLOORFORGE
1000
floor:1
1000
preliminary
  0
HATCH
  5
4B2
330
17
100
AcDbEntity
  8
A-STAIR
 62
7
100
AcDbHatch
 10
0.0
 20
0.0
 30
0.0
210
0.0
220
0.0
230
1.0
  2
SOLID
 70
1
 71
0
 91
1
 92
3
 72
0
 73
1
 93
3
 10
24898.0
 20
5290.0
 10
25038.0
 20
5290.0
 10
24968.0
 20
5150.0
 97
0
 75
0
 76
1
 98
0
  0
TEXT
  5
4B3
330
17
100
AcDbEntity
  8
A-STAIR
100
AcDbText
 10
23468.0
 20
4890.0
 30
0.0
 40
170.0
  1
UP TO ROOF
 72
1
 11
23468.0
 21
4890.0
 31
0.0
100
AcDbText
 73
1
1001
FLOORFORGE
1000
floor:1
1000
preliminary
  0
TEXT
  5
4B4
330
17
100
AcDbEntity
  8
A-STAIR
100
AcDbText
 10
24218.0
 20
3900.0
 30
0.0
 40
140.0
  1
18R @ 175 / T 250
 72
1
 11
24218.0
 21
3900.0
 31
0.0
100
AcDbText
 73
1
1001
FLOORFORGE
1000
floor:1
1000
preliminary
  0
LWPOLYLINE
  5
4B5
330
17
100
AcDbEntity
  8
A-FURN
100
AcDbPolyline
 90
4
 70
1
 10
28498.0
 20
11120.0
 10
28498.0
 20
11580.0
 10
27778.0
 20
11580.0
 10
27778.0
 20
11120.0
1001
FLOORFORGE
1000
floor:1
1000
preliminary
  0
LWPOLYLINE
  5
4B6
330
17
100
AcDbEntity
  8
A-FURN
100
AcDbPolyline
 90
4
 70
1
 10
28498.0
 20
9700.000000000002
 10
28498.0
 20
10700.000000000002
 10
27998.0
 20
10700.000000000002
 10
27998.0
 20
9700.000000000002
1001
FLOORFORGE
1000
floor:1
1000
preliminary
  0
LWPOLYLINE
  5
4B7
330
17
100
AcDbEntity
  8
A-FURN
100
AcDbPolyline
 90
4
 70
1
 10
31766.0
 20
10462.0
 10
31766.0
 20
12632.0
 10
30066.0
 20
12632.0
 10
30066.0
 20
10462.0
1001
FLOORFORGE
1000
floor:1
1000
preliminary
  0
LWPOLYLINE
  5
4B8
330
17
100
AcDbEntity
  8
A-FURN
100
AcDbPolyline
 90
4
 70
1
 10
29586.0
 20
12052.0
 10
29586.0
 20
12652.0
 10
28686.0
 20
12652.0
 10
28686.0
 20
12052.0
1001
FLOORFORGE
1000
floor:1
1000
preliminary
  0
LWPOLYLINE
  5
4B9
330
17
100
AcDbEntity
  8
A-FURN
100
AcDbPolyline
 90
4
 70
1
 10
25148.0
 20
10462.0
 10
25148.0
 20
12632.0
 10
23448.0
 20
12632.0
 10
23448.0
 20
10462.0
1001
FLOORFORGE
1000
floor:1
1000
preliminary
  0
LWPOLYLINE
  5
4BA
330
17
100
AcDbEntity
  8
A-FURN
100
AcDbPolyline
 90
4
 70
1
 10
26968.0
 20
9750.0
 10
26968.0
 20
12149.999999999998
 10
26368.0
 20
12149.999999999998
 10
26368.0
 20
9750.0
1001
FLOORFORGE
1000
floor:1
1000
preliminary
  0
LWPOLYLINE
  5
4BB
330
17
100
AcDbEntity
  8
A-FURN
100
AcDbPolyline
 90
4
 70
1
 10
25240.0
 20
2200.0
 10
25240.0
 20
3430.0
 10
23640.0
 20
3430.0
 10
23640.0
 20
2200.0
1001
FLOORFORGE
1000
floor:1
1000
preliminary
  0
LWPOLYLINE
  5
4BC
330
17
100
AcDbEntity
  8
A-FURN
100
AcDbPolyline
 90
4
 70
1
 10
32152.0
 20
1065.0
 10
32152.0
 20
2675.0
 10
30352.0
 20
2675.0
 10
30352.0
 20
1065.0
1001
FLOORFORGE
1000
floor:1
1000
preliminary
  0
TEXT
  5
4BD
330
17
100
AcDbEntity
  8
A-ANNO
100
AcDbText
 10
27818.0
 20
10810.5
 30
0.0
 40
170.0
  1
UPPER BATHROOM
 72
1
 11
27818.0
 21
10810.5
 31
0.0
100
AcDbText
 73
1
1001
FLOORFORGE
1000
floor:1
1000
preliminary
  0
TEXT
  5
4BE
330
17
100
AcDbEntity
  8
A-ANNO
100
AcDbText
 10
27818.0
 20
10575.5
 30
0.0
 40
130.0
  1
1.40 x 3.80
 72
1
 11
27818.0
 21
10575.5
 31
0.0
100
AcDbText
 73
1
1001
FLOORFORGE
1000
floor:1
1000
preliminary
  0
TEXT
  5
4BF
330
17
100
AcDbEntity
  8
A-ANNO
100
AcDbText
 10
27818.0
 20
10393.5
 30
0.0
 40
130.0
  1
5.3 m2
 72
1
 11
27818.0
 21
10393.5
 31
0.0
100
AcDbText
 73
1
1001
FLOORFORGE
1000
floor:1
1000
preliminary
  0
TEXT
  5
4C0
330
17
100
AcDbEntity
  8
A-ANNO
100
AcDbText
 10
30927.0
 20
10828.0
 30
0.0
 40
220.0
  1
BEDROOM 3 · NORTHWEST
 72
1
 11
30927.0
 21
10828.0
 31
0.0
100
AcDbText
 73
1
1001
FLOORFORGE
1000
floor:1
1000
preliminary
  0
TEXT
  5
4C1
330
17
100
AcDbEntity
  8
A-ANNO
100
AcDbText
 10
30927.0
 20
10548.5
 30
0.0
 40
150.0
  1
4.52 x 3.80
 72
1
 11
30927.0
 21
10548.5
 31
0.0
100
AcDbText
 73
1
1001
FLOORFORGE
1000
floor:1
1000
preliminary
  0
TEXT
  5
4C2
330
17
100
AcDbEntity
  8
A-ANNO
100
AcDbText
 10
30927.0
 20
10338.5
 30
0.0
 40
150.0
  1
17.2 m2
 72
1
 11
30927.0
 21
10338.5
 31
0.0
100
AcDbText
 73
1
1001
FLOORFORGE
1000
floor:1
1000
preliminary
  0
TEXT
  5
4C3
330
17
100
AcDbEntity
  8
A-ANNO
100
AcDbText
 10
24893.0
 20
10828.0
 30
0.0
 40
220.0
  1
BEDROOM 2 · SOUTHWEST
 72
1
 11
24893.0
 21
10828.0
 31
0.0
100
AcDbText
 73
1
1001
FLOORFORGE
1000
floor:1
1000
preliminary
  0
TEXT
  5
4C4
330
17
100
AcDbEntity
  8
A-ANNO
100
AcDbText
 10
24893.0
 20
10548.5
 30
0.0
 40
150.0
  1
4.15 x 3.80
 72
1
 11
24893.0
 21
10548.5
 31
0.0
100
AcDbText
 73
1
1001
FLOORFORGE
1000
floor:1
1000
preliminary
  0
TEXT
  5
4C5
330
17
100
AcDbEntity
  8
A-ANNO
100
AcDbText
 10
24893.0
 20
10338.5
 30
0.0
 40
150.0
  1
15.8 m2
 72
1
 11
24893.0
 21
10338.5
 31
0.0
100
AcDbText
 73
1
1001
FLOORFORGE
1000
floor:1
1000
preliminary
  0
TEXT
  5
4C6
330
17
100
AcDbEntity
  8
A-ANNO
100
AcDbText
 10
28979.0
 20
5052.0
 30
0.0
 40
220.0
  1
DOUBLE-HEIGHT LIVING · OPEN BELOW
 72
1
 11
28979.0
 21
5052.0
 31
0.0
100
AcDbText
 73
1
1001
FLOORFORGE
1000
floor:1
1000
preliminary
  0
TEXT
  5
4C7
330
17
100
AcDbEntity
  8
A-ANNO
100
AcDbText
 10
28979.0
 20
4772.5
 30
0.0
 40
150.0
  1
3.38 x 2.75
 72
1
 11
28979.0
 21
4772.5
 31
0.0
100
AcDbText
 73
1
1001
FLOORFORGE
1000
floor:1
1000
preliminary
  0
TEXT
  5
4C8
330
17
100
AcDbEntity
  8
A-ANNO
100
AcDbText
 10
28979.0
 20
4562.5
 30
0.0
 40
150.0
  1
9.3 m2
 72
1
 11
28979.0
 21
4562.5
 31
0.0
100
AcDbText
 73
1
1001
FLOORFORGE
1000
floor:1
1000
preliminary
  0
TEXT
  5
4C9
330
17
100
AcDbEntity
  8
A-ANNO
100
AcDbText
 10
27654.0
 20
1877.0
 30
0.0
 40
220.0
  1
UPPER ARRIVAL LOBBY
 72
1
 11
27654.0
 21
1877.0
 31
0.0
100
AcDbText
 73
1
1001
FLOORFORGE
1000
floor:1
1000
preliminary
  0
TEXT
  5
4CA
330
17
100
AcDbEntity
  8
A-ANNO
100
AcDbText
 10
26888.21484375
 20
7666.35546875
 30
0.0
 40
220.0
  1
OVERLOOKING LIVING LOBBY
 72
1
 11
26888.21484375
 21
7666.35546875
 31
0.0
100
AcDbText
 73
1
1001
FLOORFORGE
1000
floor:1
1000
preliminary
  0
TEXT
  5
4CB
330
17
100
AcDbEntity
  8
A-ANNO
100
AcDbText
 10
24479.0
 20
1877.0
 30
0.0
 40
220.0
  1
OFFICE · SOUTHEAST
 72
1
 11
24479.0
 21
1877.0
 31
0.0
100
AcDbText
 73
1
1001
FLOORFORGE
1000
floor:1
1000
preliminary
  0
TEXT
  5
4CC
330
17
100
AcDbEntity
  8
A-ANNO
100
AcDbText
 10
24479.0
 20
1597.5
 30
0.0
 40
150.0
  1
3.32 x 3.30
 72
1
 11
24479.0
 21
1597.5
 31
0.0
100
AcDbText
 73
1
1001
FLOORFORGE
1000
floor:1
1000
preliminary
  0
TEXT
  5
4CD
330
17
100
AcDbEntity
  8
A-ANNO
100
AcDbText
 10
24479.0
 20
1387.5
 30
0.0
 40
150.0
  1
11.0 m2
 72
1
 11
24479.0
 21
1387.5
 31
0.0
100
AcDbText
 73
1
1001
FLOORFORGE
1000
floor:1
1000
preliminary
  0
TEXT
  5
4CE
330
17
100
AcDbEntity
  8
A-ANNO
100
AcDbText
 10
24218.0
 20
6227.0
 30
0.0
 40
220.0
  1
OPEN STAIRCASE · ROOF ACCESS
 72
1
 11
24218.0
 21
6227.0
 31
0.0
100
AcDbText
 73
1
1001
FLOORFORGE
1000
floor:1
1000
preliminary
  0
TEXT
  5
4CF
330
17
100
AcDbEntity
  8
A-ANNO
100
AcDbText
 10
31252.0
 20
1802.0
 30
0.0
 40
220.0
  1
EAST OPEN TERRACE
 72
1
 11
31252.0
 21
1802.0
 31
0.0
100
AcDbText
 73
1
1001
FLOORFORGE
1000
floor:1
1000
preliminary
  0
TEXT
  5
4D0
330
17
100
AcDbEntity
  8
A-ANNO
100
AcDbText
 10
31252.0
 20
1522.5
 30
0.0
 40
150.0
  1
4.17 x 3.45
 72
1
 11
31252.0
 21
1522.5
 31
0.0
100
AcDbText
 73
1
1001
FLOORFORGE
1000
floor:1
1000
preliminary
  0
TEXT
  5
4D1
330
17
100
AcDbEntity
  8
A-ANNO
100
AcDbText
 10
31252.0
 20
1312.5
 30
0.0
 40
150.0
  1
14.4 m2
 72
1
 11
31252.0
 21
1312.5
 31
0.0
100
AcDbText
 73
1
1001
FLOORFORGE
1000
floor:1
1000
preliminary
  0
TEXT
  5
4D2
330
17
100
AcDbEntity
  8
A-ANNO
100
AcDbText
 10
32077.0
 20
6152.0
 30
0.0
 40
220.0
  1
NORTH OPEN TERRACE
 72
1
 11
32077.0
 21
6152.0
 31
0.0
100
AcDbText
 73
1
1001
FLOORFORGE
1000
floor:1
1000
preliminary
  0
TEXT
  5
4D3
330
17
100
AcDbEntity
  8
A-ANNO
100
AcDbText
 10
32077.0
 20
5872.5
 30
0.0
 40
150.0
  1
2.52 x 5.25
 72
1
 11
32077.0
 21
5872.5
 31
0.0
100
AcDbText
 73
1
1001
FLOORFORGE
1000
floor:1
1000
preliminary
  0
TEXT
  5
4D4
330
17
100
AcDbEntity
  8
A-ANNO
100
AcDbText
 10
32077.0
 20
5662.5
 30
0.0
 40
150.0
  1
13.2 m2
 72
1
 11
32077.0
 21
5662.5
 31
0.0
100
AcDbText
 73
1
1001
FLOORFORGE
1000
floor:1
1000
preliminary
  0
DIMENSION
  5
4D5
330
17
100
AcDbEntity
  8
A-DIMS
100
AcDbDimension
280
0
  2
*D30
  3
FF-ARCH
 10
22668.0
 20
-550.0
 30
0.0
 11
22993.0
 21
-400.0
 31
0.0
 70
32
 71
5
  1
<>
100
AcDbAlignedDimension
 13
22668.0
 23
0.0
 33
0.0
 14
23318.0
 24
0.0
 34
0.0
 50
0.0
100
AcDbRotatedDimension
1001
FLOORFORGE
1000
floor:1
1000
preliminary
  0
DIMENSION
  5
4E4
330
17
100
AcDbEntity
  8
A-DIMS
100
AcDbDimension
280
0
  2
*D31
  3
FF-ARCH
 10
23318.0
 20
-550.0
 30
0.0
 11
24318.0
 21
-400.0
 31
0.0
 70
32
 71
5
  1
<>
100
AcDbAlignedDimension
 13
23318.0
 23
0.0
 33
0.0
 14
25318.0
 24
0.0
 34
0.0
 50
0.0
100
AcDbRotatedDimension
1001
FLOORFORGE
1000
floor:1
1000
preliminary
  0
DIMENSION
  5
4F3
330
17
100
AcDbEntity
  8
A-DIMS
100
AcDbDimension
280
0
  2
*D32
  3
FF-ARCH
 10
25318.0
 20
-550.0
 30
0.0
 11
29327.0
 21
-400.0
 31
0.0
 70
32
 71
5
  1
<>
100
AcDbAlignedDimension
 13
25318.0
 23
0.0
 33
0.0
 14
33336.0
 24
0.0
 34
0.0
 50
0.0
100
AcDbRotatedDimension
1001
FLOORFORGE
1000
floor:1
1000
preliminary
  0
DIMENSION
  5
502
330
17
100
AcDbEntity
  8
A-DIMS
100
AcDbDimension
280
0
  2
*D33
  3
FF-ARCH
 10
22668.0
 20
-1000.0
 30
0.0
 11
28002.0
 21
-850.0
 31
0.0
 70
32
 71
5
  1
<>
100
AcDbAlignedDimension
 13
22668.0
 23
0.0
 33
0.0
 14
33336.0
 24
0.0
 34
0.0
 50
0.0
100
AcDbRotatedDimension
1001
FLOORFORGE
1000
floor:1
1000
preliminary
  0
DIMENSION
  5
511
330
17
100
AcDbEntity
  8
A-DIMS
100
AcDbDimension
280
0
  2
*D34
  3
FF-ARCH
 10
22668.0
 20
13352.0
 30
0.0
 11
28002.0
 21
13502.0
 31
0.0
 70
32
 71
5
  1
<>
100
AcDbAlignedDimension
 13
22668.0
 23
12802.0
 33
0.0
 14
33336.0
 24
12802.0
 34
0.0
 50
0.0
100
AcDbRotatedDimension
1001
FLOORFORGE
1000
floor:1
1000
preliminary
  0
DIMENSION
  5
520
330
17
100
AcDbEntity
  8
A-DIMS
100
AcDbDimension
280
0
  2
*D35
  3
FF-ARCH
 10
22118.0
 20
0.0
 30
0.0
 11
21968.0
 21
475.0
 31
0.0
 70
32
 71
5
  1
<>
100
AcDbAlignedDimension
 13
22668.0
 23
0.0
 33
0.0
 14
22668.0
 24
950.0
 34
0.0
 50
90.0
100
AcDbRotatedDimension
1001
FLOORFORGE
1000
floor:1
1000
preliminary
  0
DIMENSION
  5
52F
330
17
100
AcDbEntity
  8
A-DIMS
100
AcDbDimension
280
0
  2
*D36
  3
FF-ARCH
 10
22118.0
 20
950.0
 30
0.0
 11
21968.0
 21
1850.0
 31
0.0
 70
32
 71
5
  1
<>
100
AcDbAlignedDimension
 13
22668.0
 23
950.0
 33
0.0
 14
22668.0
 24
2750.0
 34
0.0
 50
90.0
100
AcDbRotatedDimension
1001
FLOORFORGE
1000
floor:1
1000
preliminary
  0
DIMENSION
  5
53E
330
17
100
AcDbEntity
  8
A-DIMS
100
AcDbDimension
280
0
  2
*D37
  3
FF-ARCH
 10
22118.0
 20
2750.0
 30
0.0
 11
21968.0
 21
4275.0
 31
0.0
 70
32
 71
5
  1
<>
100
AcDbAlignedDimension
 13
22668.0
 23
2750.0
 33
0.0
 14
22668.0
 24
5800.0
 34
0.0
 50
90.0
100
AcDbRotatedDimension
1001
FLOORFORGE
1000
floor:1
1000
preliminary
  0
DIMENSION
  5
54D
330
17
100
AcDbEntity
  8
A-DIMS
100
AcDbDimension
280
0
  2
*D38
  3
FF-ARCH
 10
22118.0
 20
5800.0
 30
0.0
 11
21968.0
 21
6700.0
 31
0.0
 70
32
 71
5
  1
<>
100
AcDbAlignedDimension
 13
22668.0
 23
5800.0
 33
0.0
 14
22668.0
 24
7600.0
 34
0.0
 50
90.0
100
AcDbRotatedDimension
1001
FLOORFORGE
1000
floor:1
1000
preliminary
  0
DIMENSION
  5
55C
330
17
100
AcDbEntity
  8
A-DIMS
100
AcDbDimension
280
0
  2
*D39
  3
FF-ARCH
 10
22118.0
 20
7600.0
 30
0.0
 11
21968.0
 21
8675.0
 31
0.0
 70
32
 71
5
  1
<>
100
AcDbAlignedDimension
 13
22668.0
 23
7600.0
 33
0.0
 14
22668.0
 24
9750.0
 34
0.0
 50
90.0
100
AcDbRotatedDimension
1001
FLOORFORGE
1000
floor:1
1000
preliminary
  0
DIMENSION
  5
56B
330
17
100
AcDbEntity
  8
A-DIMS
100
AcDbDimension
280
0
  2
*D40
  3
FF-ARCH
 10
22118.0
 20
9750.0
 30
0.0
 11
21968.0
 21
10750.0
 31
0.0
 70
32
 71
5
  1
<>
100
AcDbAlignedDimension
 13
22668.0
 23
9750.0
 33
0.0
 14
22668.0
 24
11750.0
 34
0.0
 50
90.0
100
AcDbRotatedDimension
1001
FLOORFORGE
1000
floor:1
1000
preliminary
  0
DIMENSION
  5
57A
330
17
100
AcDbEntity
  8
A-DIMS
100
AcDbDimension
280
0
  2
*D41
  3
FF-ARCH
 10
22118.0
 20
11750.0
 30
0.0
 11
21968.0
 21
12276.0
 31
0.0
 70
32
 71
5
  1
<>
100
AcDbAlignedDimension
 13
22668.0
 23
11750.0
 33
0.0
 14
22668.0
 24
12802.0
 34
0.0
 50
90.0
100
AcDbRotatedDimension
1001
FLOORFORGE
1000
floor:1
1000
preliminary
  0
DIMENSION
  5
589
330
17
100
AcDbEntity
  8
A-DIMS
100
AcDbDimension
280
0
  2
*D42
  3
FF-ARCH
 10
21668.0
 20
0.0
 30
0.0
 11
21518.0
 21
6401.0
 31
0.0
 70
32
 71
5
  1
<>
100
AcDbAlignedDimension
 13
22668.0
 23
0.0
 33
0.0
 14
22668.0
 24
12802.0
 34
0.0
 50
90.0
100
AcDbRotatedDimension
1001
FLOORFORGE
1000
floor:1
1000
preliminary
  0
DIMENSION
  5
598
330
17
100
AcDbEntity
  8
A-DIMS
100
AcDbDimension
280
0
  2
*D43
  3
FF-ARCH
 10
33886.0
 20
0.0
 30
0.0
 11
33736.0
 21
4875.0
 31
0.0
 70
32
 71
5
  1
<>
100
AcDbAlignedDimension
 13
33336.0
 23
0.0
 33
0.0
 14
33336.0
 24
9750.0
 34
0.0
 50
90.0
100
AcDbRotatedDimension
1001
FLOORFORGE
1000
floor:1
1000
preliminary
  0
DIMENSION
  5
5A7
330
17
100
AcDbEntity
  8
A-DIMS
100
AcDbDimension
280
0
  2
*D44
  3
FF-ARCH
 10
33886.0
 20
9750.0
 30
0.0
 11
33736.0
 21
10750.0
 31
0.0
 70
32
 71
5
  1
<>
100
AcDbAlignedDimension
 13
33336.0
 23
9750.0
 33
0.0
 14
33336.0
 24
11750.0
 34
0.0
 50
90.0
100
AcDbRotatedDimension
1001
FLOORFORGE
1000
floor:1
1000
preliminary
  0
DIMENSION
  5
5B6
330
17
100
AcDbEntity
  8
A-DIMS
100
AcDbDimension
280
0
  2
*D45
  3
FF-ARCH
 10
33886.0
 20
11750.0
 30
0.0
 11
33736.0
 21
12276.0
 31
0.0
 70
32
 71
5
  1
<>
100
AcDbAlignedDimension
 13
33336.0
 23
11750.0
 33
0.0
 14
33336.0
 24
12802.0
 34
0.0
 50
90.0
100
AcDbRotatedDimension
1001
FLOORFORGE
1000
floor:1
1000
preliminary
  0
DIMENSION
  5
5C5
330
17
100
AcDbEntity
  8
A-DIMS
100
AcDbDimension
280
0
  2
*D46
  3
FF-ARCH
 10
34336.0
 20
0.0
 30
0.0
 11
34186.0
 21
6401.0
 31
0.0
 70
32
 71
5
  1
<>
100
AcDbAlignedDimension
 13
33336.0
 23
0.0
 33
0.0
 14
33336.0
 24
12802.0
 34
0.0
 50
90.0
100
AcDbRotatedDimension
1001
FLOORFORGE
1000
floor:1
1000
preliminary
  0
LINE
  5
5D4
330
17
100
AcDbEntity
  8
A-GRID
100
AcDbLine
 10
22743.0
 20
-200.0
 30
0.0
 11
22743.0
 21
14602.0
 31
0.0
1001
FLOORFORGE
1000
floor:1
1000
preliminary
  0
CIRCLE
  5
5D5
330
17
100
AcDbEntity
  8
A-GRID
100
AcDbCircle
 10
22743.0
 20
14902.0
 30
0.0
 40
300.0
1001
FLOORFORGE
1000
floor:1
1000
preliminary
  0
TEXT
  5
5D6
330
17
100
AcDbEntity
  8
A-GRID
100
AcDbText
 10
22743.0
 20
14812.0
 30
0.0
 40
220.0
  1
A
 72
1
 11
22743.0
 21
14812.0
 31
0.0
100
AcDbText
 73
1
1001
FLOORFORGE
1000
floor:1
1000
preliminary
  0
LINE
  5
5D7
330
17
100
AcDbEntity
  8
A-GRID
100
AcDbLine
 10
25693.0
 20
-200.0
 30
0.0
 11
25693.0
 21
14602.0
 31
0.0
1001
FLOORFORGE
1000
floor:1
1000
preliminary
  0
CIRCLE
  5
5D8
330
17
100
AcDbEntity
  8
A-GRID
100
AcDbCircle
 10
25693.0
 20
14902.0
 30
0.0
 40
300.0
1001
FLOORFORGE
1000
floor:1
1000
preliminary
  0
TEXT
  5
5D9
330
17
100
AcDbEntity
  8
A-GRID
100
AcDbText
 10
25693.0
 20
14812.0
 30
0.0
 40
220.0
  1
B
 72
1
 11
25693.0
 21
14812.0
 31
0.0
100
AcDbText
 73
1
1001
FLOORFORGE
1000
floor:1
1000
preliminary
  0
LINE
  5
5DA
330
17
100
AcDbEntity
  8
A-GRID
100
AcDbLine
 10
30743.0
 20
-200.0
 30
0.0
 11
30743.0
 21
14602.0
 31
0.0
1001
FLOORFORGE
1000
floor:1
1000
preliminary
  0
CIRCLE
  5
5DB
330
17
100
AcDbEntity
  8
A-GRID
100
AcDbCircle
 10
30743.0
 20
14902.0
 30
0.0
 40
300.0
1001
FLOORFORGE
1000
floor:1
1000
preliminary
  0
TEXT
  5
5DC
330
17
100
AcDbEntity
  8
A-GRID
100
AcDbText
 10
30743.0
 20
14812.0
 30
0.0
 40
220.0
  1
C
 72
1
 11
30743.0
 21
14812.0
 31
0.0
100
AcDbText
 73
1
1001
FLOORFORGE
1000
floor:1
1000
preliminary
  0
LINE
  5
5DD
330
17
100
AcDbEntity
  8
A-GRID
100
AcDbLine
 10
20868.0
 20
75.0
 30
0.0
 11
33536.0
 21
75.0
 31
0.0
1001
FLOORFORGE
1000
floor:1
1000
preliminary
  0
CIRCLE
  5
5DE
330
17
100
AcDbEntity
  8
A-GRID
100
AcDbCircle
 10
20568.0
 20
75.0
 30
0.0
 40
300.0
1001
FLOORFORGE
1000
floor:1
1000
preliminary
  0
TEXT
  5
5DF
330
17
100
AcDbEntity
  8
A-GRID
100
AcDbText
 10
20568.0
 20
-15.0
 30
0.0
 40
220.0
  1
1
 72
1
 11
20568.0
 21
-15.0
 31
0.0
100
AcDbText
 73
1
1001
FLOORFORGE
1000
floor:1
1000
preliminary
  0
LINE
  5
5E0
330
17
100
AcDbEntity
  8
A-GRID
100
AcDbLine
 10
20868.0
 20
3525.0
 30
0.0
 11
33536.0
 21
3525.0
 31
0.0
1001
FLOORFORGE
1000
floor:1
1000
preliminary
  0
CIRCLE
  5
5E1
330
17
100
AcDbEntity
  8
A-GRID
100
AcDbCircle
 10
20568.0
 20
3525.0
 30
0.0
 40
300.0
1001
FLOORFORGE
1000
floor:1
1000
preliminary
  0
TEXT
  5
5E2
330
17
100
AcDbEntity
  8
A-GRID
100
AcDbText
 10
20568.0
 20
3435.0
 30
0.0
 40
220.0
  1
2
 72
1
 11
20568.0
 21
3435.0
 31
0.0
100
AcDbText
 73
1
1001
FLOORFORGE
1000
floor:1
1000
preliminary
  0
LINE
  5
5E3
330
17
100
AcDbEntity
  8
A-GRID
100
AcDbLine
 10
20868.0
 20
8775.0
 30
0.0
 11
33536.0
 21
8775.0
 31
0.0
1001
FLOORFORGE
1000
floor:1
1000
preliminary
  0
CIRCLE
  5
5E4
330
17
100
AcDbEntity
  8
A-GRID
100
AcDbCircle
 10
20568.0
 20
8775.0
 30
0.0
 40
300.0
1001
FLOORFORGE
1000
floor:1
1000
preliminary
  0
TEXT
  5
5E5
330
17
100
AcDbEntity
  8
A-GRID
100
AcDbText
 10
20568.0
 20
8685.0
 30
0.0
 40
220.0
  1
3
 72
1
 11
20568.0
 21
8685.0
 31
0.0
100
AcDbText
 73
1
1001
FLOORFORGE
1000
floor:1
1000
preliminary
  0
LINE
  5
5E6
330
17
100
AcDbEntity
  8
A-GRID
100
AcDbLine
 10
20868.0
 20
12727.0
 30
0.0
 11
33536.0
 21
12727.0
 31
0.0
1001
FLOORFORGE
1000
floor:1
1000
preliminary
  0
CIRCLE
  5
5E7
330
17
100
AcDbEntity
  8
A-GRID
100
AcDbCircle
 10
20568.0
 20
12727.0
 30
0.0
 40
300.0
1001
FLOORFORGE
1000
floor:1
1000
preliminary
  0
TEXT
  5
5E8
330
17
100
AcDbEntity
  8
A-GRID
100
AcDbText
 10
20568.0
 20
12637.0
 30
0.0
 40
220.0
  1
4
 72
1
 11
20568.0
 21
12637.0
 31
0.0
100
AcDbText
 73
1
1001
FLOORFORGE
1000
floor:1
1000
preliminary
  0
LWPOLYLINE
  5
5E9
330
17
100
AcDbEntity
  8
A-LEVL
100
AcDbPolyline
 90
3
 70
1
 10
27008.0
 20
10041.0
 10
27228.0
 20
10041.0
 10
27118.0
 20
9851.0
1001
FLOORFORGE
1000
floor:1
1000
preliminary
  0
HATCH
  5
5EA
330
17
100
AcDbEntity
  8
A-LEVL
 62
7
100
AcDbHatch
 10
0.0
 20
0.0
 30
0.0
210
0.0
220
0.0
230
1.0
  2
SOLID
 70
1
 71
0
 91
1
 92
3
 72
0
 73
1
 93
3
 10
27008.0
 20
10041.0
 10
27228.0
 20
10041.0
 10
27118.0
 20
9851.0
 97
0
 75
0
 76
1
 98
0
  0
LINE
  5
5EB
330
17
100
AcDbEntity
  8
A-LEVL
100
AcDbLine
 10
26738.0
 20
9851.0
 30
0.0
 11
27498.0
 21
9851.0
 31
0.0
1001
FLOORFORGE
1000
floor:1
1000
preliminary
  0
TEXT
  5
5EC
330
17
100
AcDbEntity
  8
A-LEVL
100
AcDbText
 10
27288.0
 20
9911.0
 30
0.0
 40
160.0
  1
FFL +3.600
 11
27288.0
 21
9911.0
 31
0.0
100
AcDbText
1001
FLOORFORGE
1000
floor:1
1000
preliminary
  0
LINE
  5
5ED
330
17
100
AcDbEntity
  8
A-SECT
100
AcDbLine
 10
23468.0
 20
-100.0
 30
0.0
 11
23468.0
 21
-1570.0
 31
0.0
1001
FLOORFORGE
1000
floor:1
1000
preliminary
  0
LINE
  5
5EE
330
17
100
AcDbEntity
  8
A-SECT
100
AcDbLine
 10
23468.0
 20
-1570.0
 30
0.0
 11
23468.0
 21
-1870.0
 31
0.0
1001
FLOORFORGE
1000
floor:1
1000
preliminary
  0
CIRCLE
  5
5EF
330
17
100
AcDbEntity
  8
A-SECT
100
AcDbCircle
 10
23468.0
 20
-2150.0
 30
0.0
 40
280.0
1001
FLOORFORGE
1000
floor:1
1000
preliminary
  0
TEXT
  5
5F0
330
17
100
AcDbEntity
  8
A-SECT
100
AcDbText
 10
23468.0
 20
-2235.0
 30
0.0
 40
220.0
  1
A
 72
1
 11
23468.0
 21
-2235.0
 31
0.0
100
AcDbText
 73
1
1001
FLOORFORGE
1000
floor:1
1000
preliminary
  0
LWPOLYLINE
  5
5F1
330
17
100
AcDbEntity
  8
A-SECT
100
AcDbPolyline
 90
3
 70
1
 10
23188.0
 20
-2270.0
 10
22848.0
 20
-2150.0
 10
23188.0
 20
-2030.0
1001
FLOORFORGE
1000
floor:1
1000
preliminary
  0
HATCH
  5
5F2
330
17
100
AcDbEntity
  8
A-SECT
 62
7
100
AcDbHatch
 10
0.0
 20
0.0
 30
0.0
210
0.0
220
0.0
230
1.0
  2
SOLID
 70
1
 71
0
 91
1
 92
3
 72
0
 73
1
 93
3
 10
23188.0
 20
-2270.0
 10
22848.0
 20
-2150.0
 10
23188.0
 20
-2030.0
 97
0
 75
0
 76
1
 98
0
  0
LINE
  5
5F3
330
17
100
AcDbEntity
  8
A-SECT
100
AcDbLine
 10
23468.0
 20
12902.0
 30
0.0
 11
23468.0
 21
14972.0
 31
0.0
1001
FLOORFORGE
1000
floor:1
1000
preliminary
  0
LINE
  5
5F4
330
17
100
AcDbEntity
  8
A-SECT
100
AcDbLine
 10
23468.0
 20
14972.0
 30
0.0
 11
23468.0
 21
15272.0
 31
0.0
1001
FLOORFORGE
1000
floor:1
1000
preliminary
  0
CIRCLE
  5
5F5
330
17
100
AcDbEntity
  8
A-SECT
100
AcDbCircle
 10
23468.0
 20
15552.0
 30
0.0
 40
280.0
1001
FLOORFORGE
1000
floor:1
1000
preliminary
  0
TEXT
  5
5F6
330
17
100
AcDbEntity
  8
A-SECT
100
AcDbText
 10
23468.0
 20
15467.0
 30
0.0
 40
220.0
  1
A
 72
1
 11
23468.0
 21
15467.0
 31
0.0
100
AcDbText
 73
1
1001
FLOORFORGE
1000
floor:1
1000
preliminary
  0
LWPOLYLINE
  5
5F7
330
17
100
AcDbEntity
  8
A-SECT
100
AcDbPolyline
 90
3
 70
1
 10
23188.0
 20
15672.0
 10
22848.0
 20
15552.0
 10
23188.0
 20
15432.0
1001
FLOORFORGE
1000
floor:1
1000
preliminary
  0
HATCH
  5
5F8
330
17
100
AcDbEntity
  8
A-SECT
 62
7
100
AcDbHatch
 10
0.0
 20
0.0
 30
0.0
210
0.0
220
0.0
230
1.0
  2
SOLID
 70
1
 71
0
 91
1
 92
3
 72
0
 73
1
 93
3
 10
23188.0
 20
15672.0
 10
22848.0
 20
15552.0
 10
23188.0
 20
15432.0
 97
0
 75
0
 76
1
 98
0
  0
CIRCLE
  5
5F9
330
17
100
AcDbEntity
  8
A-ANNO
100
AcDbCircle
 10
19068.0
 20
14202.0
 30
0.0
 40
550.0
1001
FLOORFORGE
1000
floor:1
1000
preliminary
  0
LWPOLYLINE
  5
5FA
330
17
100
AcDbEntity
  8
A-WALL
100
AcDbPolyline
 90
3
 70
1
 10
19574.0
 20
14202.0
 10
18765.5
 20
14356.0
 10
18958.0
 20
14202.0
1001
FLOORFORGE
1000
floor:1
1000
preliminary
  0
HATCH
  5
5FB
330
17
100
AcDbEntity
  8
A-WALL
 62
7
100
AcDbHatch
 10
0.0
 20
0.0
 30
0.0
210
0.0
220
0.0
230
1.0
  2
SOLID
 70
1
 71
0
 91
1
 92
3
 72
0
 73
1
 93
3
 10
19574.0
 20
14202.0
 10
18765.5
 20
14356.0
 10
18958.0
 20
14202.0
 97
0
 75
0
 76
1
 98
0
  0
LWPOLYLINE
  5
5FC
330
17
100
AcDbEntity
  8
A-WALL
100
AcDbPolyline
 90
3
 70
1
 10
19574.0
 20
14202.0
 10
18765.5
 20
14048.0
 10
18958.0
 20
14202.0
1001
FLOORFORGE
1000
floor:1
1000
preliminary
  0
TEXT
  5
5FD
330
17
100
AcDbEntity
  8
A-ANNO
100
AcDbText
 10
19878.0
 20
14112.0
 30
0.0
 40
260.0
  1
N
 72
1
 11
19878.0
 21
14112.0
 31
0.0
100
AcDbText
 73
1
1001
FLOORFORGE
1000
floor:1
1000
preliminary
  0
TEXT
  5
5FE
330
17
100
AcDbEntity
  8
A-ANNO
100
AcDbText
 10
22668.0
 20
-5200.0
 30
0.0
 40
190.0
  1
PRELIMINARY - ENGINEER TO REVIEW - NOT FOR CONSTRUCTION
 11
22668.0
 21
-5200.0
 31
0.0
100
AcDbText
  0
TEXT
  5
5FF
330
17
100
AcDbEntity
  8
A-ANNO
100
AcDbText
 10
22668.0
 20
17602.0
 30
0.0
 40
210.0
  1
FLOOR 1 / TRUE MILLIMETRES / NO STRUCTURAL CERTIFICATION
 11
22668.0
 21
17602.0
 31
0.0
100
AcDbText
  0
LWPOLYLINE
  5
607
330
17
100
AcDbEntity
  8
A-FLOR
100
AcDbPolyline
 90
4
 70
1
 10
48286.0
 20
3600.0
 10
48286.0
 20
5150.0
 10
45486.0
 20
5150.0
 10
45486.0
 20
3600.0
1001
FLOORFORGE
1000
floor:2
1000
preliminary
  0
LWPOLYLINE
  5
608
330
17
100
AcDbEntity
  8
A-FLOR
100
AcDbPolyline
 90
38
 70
1
 10
45336.0
 20
0.0
 10
45336.0
 20
150.0
 10
45336.0
 20
3450.0
 10
48436.0
 20
3450.0
 10
48436.0
 20
8850.0
 10
45336.0
 20
8850.0
 10
45336.0
 20
12652.0
 10
45336.0
 20
12727.0
 10
45336.0
 20
12802.0
 10
45486.0
 20
12802.0
 10
49636.0
 20
12802.0
 10
49711.0
 20
12802.0
 10
49786.0
 20
12802.0
 10
51186.0
 20
12802.0
 10
51261.0
 20
12802.0
 10
51336.0
 20
12802.0
 10
55854.0
 20
12802.0
 10
55929.0
 20
12802.0
 10
56004.0
 20
12802.0
 10
56004.0
 20
12652.0
 10
56004.0
 20
8850.0
 10
56004.0
 20
8775.0
 10
56004.0
 20
8700.0
 10
53486.0
 20
8700.0
 10
53486.0
 20
3450.0
 10
53336.0
 20
3450.0
 10
53336.0
 20
3525.0
 10
53336.0
 20
3600.0
 10
51836.0
 20
3600.0
 10
51836.0
 20
3525.0
 10
51836.0
 20
3450.0
 10
51836.0
 20
0.0
 10
51686.0
 20
0.0
 10
48958.0
 20
0.0
 10
48883.0
 20
0.0
 10
48808.0
 20
0.0
 10
45486.0
 20
0.0
 10
45411.0
 20
0.0
1001
FLOORFORGE
1000
floor:2
1000
preliminary
  0
LWPOLYLINE
  5
609
330
17
100
AcDbEntity
  8
A-FLOR
100
AcDbPolyline
 90
41
 70
1
 10
45336.0
 20
0.0
 10
45336.0
 20
150.0
 10
45336.0
 20
3450.0
 10
45336.0
 20
3525.0
 10
45336.0
 20
3600.0
 10
45336.0
 20
8700.0
 10
45336.0
 20
8775.0
 10
45336.0
 20
8850.0
 10
45336.0
 20
12652.0
 10
45336.0
 20
12727.0
 10
45336.0
 20
12802.0
 10
45486.0
 20
12802.0
 10
49636.0
 20
12802.0
 10
49711.0
 20
12802.0
 10
49786.0
 20
12802.0
 10
51186.0
 20
12802.0
 10
51261.0
 20
12802.0
 10
51336.0
 20
12802.0
 10
55854.0
 20
12802.0
 10
55929.0
 20
12802.0
 10
56004.0
 20
12802.0
 10
56004.0
 20
12652.0
 10
56004.0
 20
8850.0
 10
56004.0
 20
8775.0
 10
56004.0
 20
8700.0
 10
53486.0
 20
8700.0
 10
53486.0
 20
3450.0
 10
53336.0
 20
3450.0
 10
53336.0
 20
3525.0
 10
53336.0
 20
3600.0
 10
51836.0
 20
3600.0
 10
51836.0
 20
3525.0
 10
51836.0
 20
3450.0
 10
51836.0
 20
0.0
 10
51686.0
 20
0.0
 10
48958.0
 20
0.0
 10
48883.0
 20
0.0
 10
48808.0
 20
0.0
 10
45486.0
 20
0.0
 10
45411.0
 20
0.0
 10
45336.0
 20
0.0
1001
FLOORFORGE
1000
floor:2
1000
preliminary
  0
LWPOLYLINE
  5
60A
330
17
100
AcDbEntity
  8
A-FLOR
100
AcDbPolyline
 90
5
 70
1
 10
48286.0
 20
8700.0
 10
45486.0
 20
8700.0
 10
45486.0
 20
5150.0
 10
48286.0
 20
5150.0
 10
48286.0
 20
8700.0
1001
FLOORFORGE
1000
floor:2
1000
preliminary
  0
LWPOLYLINE
  5
60B
330
17
100
AcDbEntity
  8
A-FLOR
100
AcDbPolyline
 90
4
 70
0
 10
45411.0
 20
0.0
 10
45336.0
 20
0.0
 10
45336.0
 20
150.0
 10
45336.0
 20
3449.0
1001
FLOORFORGE
1000
floor:2
1000
preliminary
  0
LWPOLYLINE
  5
60C
330
17
100
AcDbEntity
  8
A-FLOR
100
AcDbPolyline
 90
33
 70
0
 10
45336.0
 20
8851.0
 10
45336.0
 20
12652.0
 10
45336.0
 20
12727.0
 10
45336.0
 20
12802.0
 10
45486.0
 20
12802.0
 10
49636.0
 20
12802.0
 10
49711.0
 20
12802.0
 10
49786.0
 20
12802.0
 10
51186.0
 20
12802.0
 10
51261.0
 20
12802.0
 10
51336.0
 20
12802.0
 10
55854.0
 20
12802.0
 10
55929.0
 20
12802.0
 10
56004.0
 20
12802.0
 10
56004.0
 20
12652.0
 10
56004.0
 20
8850.0
 10
56004.0
 20
8775.0
 10
56004.0
 20
8700.0
 10
53486.0
 20
8700.0
 10
53486.0
 20
3450.0
 10
53336.0
 20
3450.0
 10
53336.0
 20
3525.0
 10
53336.0
 20
3600.0
 10
51836.0
 20
3600.0
 10
51836.0
 20
3525.0
 10
51836.0
 20
3450.0
 10
51836.0
 20
0.0
 10
51686.0
 20
0.0
 10
48958.0
 20
0.0
 10
48883.0
 20
0.0
 10
48808.0
 20
0.0
 10
45486.0
 20
0.0
 10
45411.0
 20
0.0
1001
FLOORFORGE
1000
floor:2
1000
preliminary
  0
LWPOLYLINE
  5
60D
330
17
100
AcDbEntity
  8
A-WALL
100
AcDbPolyline
 90
5
 70
1
 10
48361.0
 20
3600.0
 10
48361.0
 20
3450.0
 10
45411.0
 20
3450.0
 10
45411.0
 20
3600.0
 10
48361.0
 20
3600.0
1001
FLOORFORGE
1000
floor:2
1000
preliminary
  0
HATCH
  5
60E
330
17
100
AcDbEntity
  8
A-WALL
 62
7
100
AcDbHatch
 10
0.0
 20
0.0
 30
0.0
210
0.0
220
0.0
230
1.0
  2
SOLID
 70
1
 71
0
 91
1
 92
3
 72
0
 73
1
 93
5
 10
48361.0
 20
3600.0
 10
48361.0
 20
3450.0
 10
45411.0
 20
3450.0
 10
45411.0
 20
3600.0
 10
48361.0
 20
3600.0
 97
0
 75
0
 76
1
 98
0
  0
LWPOLYLINE
  5
60F
330
17
100
AcDbEntity
  8
A-WALL
100
AcDbPolyline
 90
5
 70
1
 10
48436.0
 20
8775.0
 10
48436.0
 20
4825.0
 10
48286.0
 20
4825.0
 10
48286.0
 20
8775.0
 10
48436.0
 20
8775.0
1001
FLOORFORGE
1000
floor:2
1000
preliminary
  0
HATCH
  5
610
330
17
100
AcDbEntity
  8
A-WALL
 62
7
100
AcDbHatch
 10
0.0
 20
0.0
 30
0.0
210
0.0
220
0.0
230
1.0
  2
SOLID
 70
1
 71
0
 91
1
 92
3
 72
0
 73
1
 93
5
 10
48436.0
 20
8775.0
 10
48436.0
 20
4825.0
 10
48286.0
 20
4825.0
 10
48286.0
 20
8775.0
 10
48436.0
 20
8775.0
 97
0
 75
0
 76
1
 98
0
  0
LWPOLYLINE
  5
611
330
17
100
AcDbEntity
  8
A-WALL
100
AcDbPolyline
 90
5
 70
1
 10
48436.0
 20
3525.0
 10
48286.0
 20
3525.0
 10
48286.0
 20
3925.0
 10
48436.0
 20
3925.0
 10
48436.0
 20
3525.0
1001
FLOORFORGE
1000
floor:2
1000
preliminary
  0
HATCH
  5
612
330
17
100
AcDbEntity
  8
A-WALL
 62
7
100
AcDbHatch
 10
0.0
 20
0.0
 30
0.0
210
0.0
220
0.0
230
1.0
  2
SOLID
 70
1
 71
0
 91
1
 92
3
 72
0
 73
1
 93
5
 10
48436.0
 20
3525.0
 10
48286.0
 20
3525.0
 10
48286.0
 20
3925.0
 10
48436.0
 20
3925.0
 10
48436.0
 20
3525.0
 97
0
 75
0
 76
1
 98
0
  0
LWPOLYLINE
  5
613
330
17
100
AcDbEntity
  8
A-WALL
100
AcDbPolyline
 90
5
 70
1
 10
48361.0
 20
8850.0
 10
48361.0
 20
8700.0
 10
45411.0
 20
8700.0
 10
45411.0
 20
8850.0
 10
48361.0
 20
8850.0
1001
FLOORFORGE
1000
floor:2
1000
preliminary
  0
HATCH
  5
614
330
17
100
AcDbEntity
  8
A-WALL
 62
7
100
AcDbHatch
 10
0.0
 20
0.0
 30
0.0
210
0.0
220
0.0
230
1.0
  2
SOLID
 70
1
 71
0
 91
1
 92
3
 72
0
 73
1
 93
5
 10
48361.0
 20
8850.0
 10
48361.0
 20
8700.0
 10
45411.0
 20
8700.0
 10
45411.0
 20
8850.0
 10
48361.0
 20
8850.0
 97
0
 75
0
 76
1
 98
0
  0
LWPOLYLINE
  5
615
330
17
100
AcDbEntity
  8
A-WALL
100
AcDbPolyline
 90
5
 70
1
 10
45336.0
 20
8775.0
 10
45486.0
 20
8775.0
 10
45486.0
 20
3525.0
 10
45336.0
 20
3525.0
 10
45336.0
 20
8775.0
1001
FLOORFORGE
1000
floor:2
1000
preliminary
  0
HATCH
  5
616
330
17
100
AcDbEntity
  8
A-WALL
 62
7
100
AcDbHatch
 10
0.0
 20
0.0
 30
0.0
210
0.0
220
0.0
230
1.0
  2
SOLID
 70
1
 71
0
 91
1
 92
3
 72
0
 73
1
 93
5
 10
45336.0
 20
8775.0
 10
45486.0
 20
8775.0
 10
45486.0
 20
3525.0
 10
45336.0
 20
3525.0
 10
45336.0
 20
8775.0
 97
0
 75
0
 76
1
 98
0
  0
LINE
  5
617
330
17
100
AcDbEntity
  8
A-DOOR
100
AcDbLine
 10
48436.0
 20
4825.0
 30
0.0
 11
49336.0
 21
4825.0
 31
0.0
1001
FLOORFORGE
1000
floor:2
1000
preliminary
  0
LWPOLYLINE
  5
618
330
17
100
AcDbEntity
  8
A-DOOR
100
AcDbPolyline
 90
18
 70
0
 10
48436.0
 20
3925.0
 10
48519.04152351697
 20
3928.839241334469
 10
48601.374566034916
 20
3940.3242102844883
 10
48682.296691064876
 20
3959.356921144463
 10
48761.11749956844
 20
3985.77499353608
 10
48837.16452019889
 20
4019.3530377804436
 10
48909.78894658962
 20
4059.804577843347
 10
48978.37117274133
 20
4106.784495447784
 10
49042.3260792819
 20
4159.891974501406
 10
49101.10802549859
 20
4218.673920718098
 10
49154.215504552216
 20
4282.628827258669
 10
49201.195422156656
 20
4351.2110534103795
 10
49241.64696221956
 20
4423.835479801115
 10
49275.22500646392
 20
4499.882500431562
 10
49301.64307885554
 20
4578.703308935125
 10
49320.67578971551
 20
4659.625433965087
 10
49332.16075866553
 20
4741.958476483028
 10
49336.0
 20
4825.0
1001
FLOORFORGE
1000
floor:2
1000
preliminary
  0
TEXT
  5
619
330
17
100
AcDbEntity
  8
A-TAGS
100
AcDbText
 10
48036.0
 20
4315.0
 30
0.0
 40
150.0
  1
D6
 72
1
 11
48036.0
 21
4315.0
 31
0.0
100
AcDbText
 73
1
1001
FLOORFORGE
1000
floor:2
1000
preliminary
  0
TEXT
  5
61A
330
17
100
AcDbEntity
  8
A-ANNO
100
AcDbText
 10
46886.0
 20
4434.5
 30
0.0
 40
170.0
  1
ROOF STAIR LANDING
 72
1
 11
46886.0
 21
4434.5
 31
0.0
100
AcDbText
 73
1
1001
FLOORFORGE
1000
floor:2
1000
preliminary
  0
TEXT
  5
61B
330
17
100
AcDbEntity
  8
A-ANNO
100
AcDbText
 10
51001.3017578125
 20
10072.3115234375
 30
0.0
 40
220.0
  1
ROOF TERRACE
 72
1
 11
51001.3017578125
 21
10072.3115234375
 31
0.0
100
AcDbText
 73
1
1001
FLOORFORGE
1000
floor:2
1000
preliminary
  0
TEXT
  5
61C
330
17
100
AcDbEntity
  8
A-ANNO
100
AcDbText
 10
51001.3017578125
 20
9792.8115234375
 30
0.0
 40
150.0
  1
5.05 x 9.20*
 72
1
 11
51001.3017578125
 21
9792.8115234375
 31
0.0
100
AcDbText
 73
1
1001
FLOORFORGE
1000
floor:2
1000
preliminary
  0
TEXT
  5
61D
330
17
100
AcDbEntity
  8
A-ANNO
100
AcDbText
 10
51001.3017578125
 20
9582.8115234375
 30
0.0
 40
150.0
  1
92.0 m2
 72
1
 11
51001.3017578125
 21
9582.8115234375
 31
0.0
100
AcDbText
 73
1
1001
FLOORFORGE
1000
floor:2
1000
preliminary
  0
DIMENSION
  5
61E
330
17
100
AcDbEntity
  8
A-DIMS
100
AcDbDimension
280
0
  2
*D47
  3
FF-ARCH
 10
45336.0
 20
-550.0
 30
0.0
 11
50670.0
 21
-400.0
 31
0.0
 70
32
 71
5
  1
<>
100
AcDbAlignedDimension
 13
45336.0
 23
0.0
 33
0.0
 14
56004.0
 24
0.0
 34
0.0
 50
0.0
100
AcDbRotatedDimension
1001
FLOORFORGE
1000
floor:2
1000
preliminary
  0
DIMENSION
  5
62D
330
17
100
AcDbEntity
  8
A-DIMS
100
AcDbDimension
280
0
  2
*D48
  3
FF-ARCH
 10
45336.0
 20
13352.0
 30
0.0
 11
50670.0
 21
13502.0
 31
0.0
 70
32
 71
5
  1
<>
100
AcDbAlignedDimension
 13
45336.0
 23
12802.0
 33
0.0
 14
56004.0
 24
12802.0
 34
0.0
 50
0.0
100
AcDbRotatedDimension
1001
FLOORFORGE
1000
floor:2
1000
preliminary
  0
DIMENSION
  5
63C
330
17
100
AcDbEntity
  8
A-DIMS
100
AcDbDimension
280
0
  2
*D49
  3
FF-ARCH
 10
44786.0
 20
0.0
 30
0.0
 11
44636.0
 21
6401.0
 31
0.0
 70
32
 71
5
  1
<>
100
AcDbAlignedDimension
 13
45336.0
 23
0.0
 33
0.0
 14
45336.0
 24
12802.0
 34
0.0
 50
90.0
100
AcDbRotatedDimension
1001
FLOORFORGE
1000
floor:2
1000
preliminary
  0
DIMENSION
  5
64B
330
17
100
AcDbEntity
  8
A-DIMS
100
AcDbDimension
280
0
  2
*D50
  3
FF-ARCH
 10
56554.0
 20
0.0
 30
0.0
 11
56404.0
 21
6401.0
 31
0.0
 70
32
 71
5
  1
<>
100
AcDbAlignedDimension
 13
56004.0
 23
0.0
 33
0.0
 14
56004.0
 24
12802.0
 34
0.0
 50
90.0
100
AcDbRotatedDimension
1001
FLOORFORGE
1000
floor:2
1000
preliminary
  0
LINE
  5
65A
330
17
100
AcDbEntity
  8
A-GRID
100
AcDbLine
 10
45411.0
 20
-200.0
 30
0.0
 11
45411.0
 21
14602.0
 31
0.0
1001
FLOORFORGE
1000
floor:2
1000
preliminary
  0
CIRCLE
  5
65B
330
17
100
AcDbEntity
  8
A-GRID
100
AcDbCircle
 10
45411.0
 20
14902.0
 30
0.0
 40
300.0
1001
FLOORFORGE
1000
floor:2
1000
preliminary
  0
TEXT
  5
65C
330
17
100
AcDbEntity
  8
A-GRID
100
AcDbText
 10
45411.0
 20
14812.0
 30
0.0
 40
220.0
  1
A
 72
1
 11
45411.0
 21
14812.0
 31
0.0
100
AcDbText
 73
1
1001
FLOORFORGE
1000
floor:2
1000
preliminary
  0
LINE
  5
65D
330
17
100
AcDbEntity
  8
A-GRID
100
AcDbLine
 10
48361.0
 20
-200.0
 30
0.0
 11
48361.0
 21
14602.0
 31
0.0
1001
FLOORFORGE
1000
floor:2
1000
preliminary
  0
CIRCLE
  5
65E
330
17
100
AcDbEntity
  8
A-GRID
100
AcDbCircle
 10
48361.0
 20
14902.0
 30
0.0
 40
300.0
1001
FLOORFORGE
1000
floor:2
1000
preliminary
  0
TEXT
  5
65F
330
17
100
AcDbEntity
  8
A-GRID
100
AcDbText
 10
48361.0
 20
14812.0
 30
0.0
 40
220.0
  1
B
 72
1
 11
48361.0
 21
14812.0
 31
0.0
100
AcDbText
 73
1
1001
FLOORFORGE
1000
floor:2
1000
preliminary
  0
LWPOLYLINE
  5
660
330
17
100
AcDbEntity
  8
A-LEVL
100
AcDbPolyline
 90
3
 70
1
 10
46776.0
 20
4240.0
 10
46996.0
 20
4240.0
 10
46886.0
 20
4050.0
1001
FLOORFORGE
1000
floor:2
1000
preliminary
  0
HATCH
  5
661
330
17
100
AcDbEntity
  8
A-LEVL
 62
7
100
AcDbHatch
 10
0.0
 20
0.0
 30
0.0
210
0.0
220
0.0
230
1.0
  2
SOLID
 70
1
 71
0
 91
1
 92
3
 72
0
 73
1
 93
3
 10
46776.0
 20
4240.0
 10
46996.0
 20
4240.0
 10
46886.0
 20
4050.0
 97
0
 75
0
 76
1
 98
0
  0
LINE
  5
662
330
17
100
AcDbEntity
  8
A-LEVL
100
AcDbLine
 10
46506.0
 20
4050.0
 30
0.0
 11
47266.0
 21
4050.0
 31
0.0
1001
FLOORFORGE
1000
floor:2
1000
preliminary
  0
TEXT
  5
663
330
17
100
AcDbEntity
  8
A-LEVL
100
AcDbText
 10
47056.0
 20
4110.0
 30
0.0
 40
160.0
  1
FFL +6.750
 11
47056.0
 21
4110.0
 31
0.0
100
AcDbText
1001
FLOORFORGE
1000
floor:2
1000
preliminary
  0
LINE
  5
664
330
17
100
AcDbEntity
  8
A-SECT
100
AcDbLine
 10
46136.0
 20
-100.0
 30
0.0
 11
46136.0
 21
-1570.0
 31
0.0
1001
FLOORFORGE
1000
floor:2
1000
preliminary
  0
LINE
  5
665
330
17
100
AcDbEntity
  8
A-SECT
100
AcDbLine
 10
46136.0
 20
-1570.0
 30
0.0
 11
46136.0
 21
-1870.0
 31
0.0
1001
FLOORFORGE
1000
floor:2
1000
preliminary
  0
CIRCLE
  5
666
330
17
100
AcDbEntity
  8
A-SECT
100
AcDbCircle
 10
46136.0
 20
-2150.0
 30
0.0
 40
280.0
1001
FLOORFORGE
1000
floor:2
1000
preliminary
  0
TEXT
  5
667
330
17
100
AcDbEntity
  8
A-SECT
100
AcDbText
 10
46136.0
 20
-2235.0
 30
0.0
 40
220.0
  1
A
 72
1
 11
46136.0
 21
-2235.0
 31
0.0
100
AcDbText
 73
1
1001
FLOORFORGE
1000
floor:2
1000
preliminary
  0
LWPOLYLINE
  5
668
330
17
100
AcDbEntity
  8
A-SECT
100
AcDbPolyline
 90
3
 70
1
 10
45856.0
 20
-2270.0
 10
45516.0
 20
-2150.0
 10
45856.0
 20
-2030.0
1001
FLOORFORGE
1000
floor:2
1000
preliminary
  0
HATCH
  5
669
330
17
100
AcDbEntity
  8
A-SECT
 62
7
100
AcDbHatch
 10
0.0
 20
0.0
 30
0.0
210
0.0
220
0.0
230
1.0
  2
SOLID
 70
1
 71
0
 91
1
 92
3
 72
0
 73
1
 93
3
 10
45856.0
 20
-2270.0
 10
45516.0
 20
-2150.0
 10
45856.0
 20
-2030.0
 97
0
 75
0
 76
1
 98
0
  0
LINE
  5
66A
330
17
100
AcDbEntity
  8
A-SECT
100
AcDbLine
 10
46136.0
 20
12902.0
 30
0.0
 11
46136.0
 21
14972.0
 31
0.0
1001
FLOORFORGE
1000
floor:2
1000
preliminary
  0
LINE
  5
66B
330
17
100
AcDbEntity
  8
A-SECT
100
AcDbLine
 10
46136.0
 20
14972.0
 30
0.0
 11
46136.0
 21
15272.0
 31
0.0
1001
FLOORFORGE
1000
floor:2
1000
preliminary
  0
CIRCLE
  5
66C
330
17
100
AcDbEntity
  8
A-SECT
100
AcDbCircle
 10
46136.0
 20
15552.0
 30
0.0
 40
280.0
1001
FLOORFORGE
1000
floor:2
1000
preliminary
  0
TEXT
  5
66D
330
17
100
AcDbEntity
  8
A-SECT
100
AcDbText
 10
46136.0
 20
15467.0
 30
0.0
 40
220.0
  1
A
 72
1
 11
46136.0
 21
15467.0
 31
0.0
100
AcDbText
 73
1
1001
FLOORFORGE
1000
floor:2
1000
preliminary
  0
LWPOLYLINE
  5
66E
330
17
100
AcDbEntity
  8
A-SECT
100
AcDbPolyline
 90
3
 70
1
 10
45856.0
 20
15672.0
 10
45516.0
 20
15552.0
 10
45856.0
 20
15432.0
1001
FLOORFORGE
1000
floor:2
1000
preliminary
  0
HATCH
  5
66F
330
17
100
AcDbEntity
  8
A-SECT
 62
7
100
AcDbHatch
 10
0.0
 20
0.0
 30
0.0
210
0.0
220
0.0
230
1.0
  2
SOLID
 70
1
 71
0
 91
1
 92
3
 72
0
 73
1
 93
3
 10
45856.0
 20
15672.0
 10
45516.0
 20
15552.0
 10
45856.0
 20
15432.0
 97
0
 75
0
 76
1
 98
0
  0
CIRCLE
  5
670
330
17
100
AcDbEntity
  8
A-ANNO
100
AcDbCircle
 10
41736.0
 20
14202.0
 30
0.0
 40
550.0
1001
FLOORFORGE
1000
floor:2
1000
preliminary
  0
LWPOLYLINE
  5
671
330
17
100
AcDbEntity
  8
A-WALL
100
AcDbPolyline
 90
3
 70
1
 10
42242.0
 20
14202.0
 10
41433.5
 20
14356.0
 10
41626.0
 20
14202.0
1001
FLOORFORGE
1000
floor:2
1000
preliminary
  0
HATCH
  5
672
330
17
100
AcDbEntity
  8
A-WALL
 62
7
100
AcDbHatch
 10
0.0
 20
0.0
 30
0.0
210
0.0
220
0.0
230
1.0
  2
SOLID
 70
1
 71
0
 91
1
 92
3
 72
0
 73
1
 93
3
 10
42242.0
 20
14202.0
 10
41433.5
 20
14356.0
 10
41626.0
 20
14202.0
 97
0
 75
0
 76
1
 98
0
  0
LWPOLYLINE
  5
673
330
17
100
AcDbEntity
  8
A-WALL
100
AcDbPolyline
 90
3
 70
1
 10
42242.0
 20
14202.0
 10
41433.5
 20
14048.0
 10
41626.0
 20
14202.0
1001
FLOORFORGE
1000
floor:2
1000
preliminary
  0
TEXT
  5
674
330
17
100
AcDbEntity
  8
A-ANNO
100
AcDbText
 10
42546.0
 20
14112.0
 30
0.0
 40
260.0
  1
N
 72
1
 11
42546.0
 21
14112.0
 31
0.0
100
AcDbText
 73
1
1001
FLOORFORGE
1000
floor:2
1000
preliminary
  0
TEXT
  5
675
330
17
100
AcDbEntity
  8
A-ANNO
100
AcDbText
 10
45336.0
 20
-5200.0
 30
0.0
 40
190.0
  1
PRELIMINARY - ENGINEER TO REVIEW - NOT FOR CONSTRUCTION
 11
45336.0
 21
-5200.0
 31
0.0
100
AcDbText
  0
TEXT
  5
676
330
17
100
AcDbEntity
  8
A-ANNO
100
AcDbText
 10
45336.0
 20
17602.0
 30
0.0
 40
210.0
  1
FLOOR 2 / TRUE MILLIMETRES / NO STRUCTURAL CERTIFICATION
 11
45336.0
 21
17602.0
 31
0.0
100
AcDbText
  0
ENDSEC
  0
SECTION
  2
OBJECTS
  0
DICTIONARY
  5
A
330
0
100
AcDbDictionary
281
1
  3
ACAD_COLOR
350
B
  3
ACAD_GROUP
350
C
  3
ACAD_LAYOUT
350
D
  3
ACAD_MATERIAL
350
E
  3
ACAD_MLEADERSTYLE
350
F
  3
ACAD_MLINESTYLE
350
10
  3
ACAD_PLOTSETTINGS
350
11
  3
ACAD_PLOTSTYLENAME
350
12
  3
ACAD_SCALELIST
350
14
  3
ACAD_TABLESTYLE
350
15
  3
ACAD_VISUALSTYLE
350
16
  3
EZDXF_META
350
2D
  0
DICTIONARY
  5
B
330
A
100
AcDbDictionary
281
1
  0
DICTIONARY
  5
C
330
A
100
AcDbDictionary
281
1
  0
DICTIONARY
  5
D
330
A
100
AcDbDictionary
281
1
  3
Model
350
1A
  3
Layout1
350
1E
  3
GROUND
350
3D8
  3
FLOOR-1
350
603
  3
FLOOR-2
350
67A
  0
DICTIONARY
  5
E
330
A
100
AcDbDictionary
281
1
  3
ByBlock
350
1F
  3
ByLayer
350
20
  3
Global
350
21
  0
DICTIONARY
  5
F
330
A
100
AcDbDictionary
281
1
  3
Standard
350
2C
  0
DICTIONARY
  5
10
330
A
100
AcDbDictionary
281
1
  3
Standard
350
22
  0
DICTIONARY
  5
11
330
A
100
AcDbDictionary
281
1
  0
ACDBDICTIONARYWDFLT
  5
12
330
A
100
AcDbDictionary
281
1
  3
Normal
350
13
100
AcDbDictionaryWithDefault
340
13
  0
ACDBPLACEHOLDER
  5
13
330
12
  0
DICTIONARY
  5
14
330
A
100
AcDbDictionary
281
1
  0
DICTIONARY
  5
15
330
A
100
AcDbDictionary
281
1
  0
DICTIONARY
  5
16
330
A
100
AcDbDictionary
281
1
  3
2dWireframe
350
5A
  3
Basic
350
5B
  3
Brighten
350
5C
  3
ColorChange
350
5D
  3
Conceptual
350
5E
  3
Dim
350
5F
  3
EdgeColorOff
350
60
  3
Facepattern
350
61
  3
Flat
350
62
  3
FlatWithEdges
350
63
  3
Gouraud
350
64
  3
GouraudWithEdges
350
65
  3
Hidden
350
66
  3
JitterOff
350
67
  3
Linepattern
350
68
  3
Modeling
350
69
  3
OverhangOff
350
6A
  3
Realistic
350
6B
  3
Shaded
350
6C
  3
Shaded with edges
350
6D
  3
Shades of Gray
350
6E
  3
Sketchy
350
6F
  3
Thicken
350
70
  3
Wireframe
350
71
  3
X-Ray
350
72
  0
LAYOUT
  5
1A
330
D
100
AcDbPlotSettings
  1

  4
A3
  6

 40
7.5
 41
20.0
 42
7.5
 43
20.0
 44
420.0
 45
297.0
 46
0.0
 47
0.0
 48
0.0
 49
0.0
140
0.0
141
0.0
142
1.0
143
1.0
 70
1024
 72
1
 73
0
 74
5
  7

 75
16
 76
0
 77
2
 78
300
147
1.0
148
0.0
149
0.0
100
AcDbLayout
  1
Model
 70
1
 71
0
 10
0.0
 20
0.0
 11
420.0
 21
297.0
 12
0.0
 22
0.0
 32
0.0
 14
1e+20
 24
1e+20
 34
1e+20
 15
-1e+20
 25
-1e+20
 35
-1e+20
146
0.0
 13
0.0
 23
0.0
 33
0.0
 16
1.0
 26
0.0
 36
0.0
 17
0.0
 27
1.0
 37
0.0
 76
1
330
17
  0
LAYOUT
  5
1E
330
D
100
AcDbPlotSettings
  1

  4
A3
  6

 40
7.5
 41
20.0
 42
7.5
 43
20.0
 44
420.0
 45
297.0
 46
0.0
 47
0.0
 48
0.0
 49
0.0
140
0.0
141
0.0
142
1.0
143
1.0
 70
0
 72
1
 73
0
 74
5
  7

 75
16
 76
0
 77
2
 78
300
147
1.0
148
0.0
149
0.0
100
AcDbLayout
  1
Layout1
 70
1
 71
1
 10
0.0
 20
0.0
 11
420.0
 21
297.0
 12
0.0
 22
0.0
 32
0.0
 14
1e+20
 24
1e+20
 34
1e+20
 15
-1e+20
 25
-1e+20
 35
-1e+20
146
0.0
 13
0.0
 23
0.0
 33
0.0
 16
1.0
 26
0.0
 36
0.0
 17
0.0
 27
1.0
 37
0.0
 76
1
330
1B
  0
MATERIAL
  5
1F
102
{ACAD_REACTORS
330
E
102
}
330
E
100
AcDbMaterial
  1
ByBlock
  2

 70
0
 40
1.0
 71
1
 41
1.0
 91
-1023410177
 42
1.0
 72
1
  3

 73
1
 74
1
 75
1
 44
0.5
 73
0
 45
1.0
 46
1.0
 77
1
  4

 78
1
 79
1
170
1
 48
1.0
171
1
  6

172
1
173
1
174
1
140
1.0
141
1.0
175
1
  7

176
1
177
1
178
1
143
1.0
179
1
  8

270
1
271
1
272
1
145
1.0
146
1.0
273
1
  9

274
1
275
1
276
1
 42
1.0
 72
1
  3

 73
1
 74
1
 75
1
 94
63
  0
MATERIAL
  5
20
102
{ACAD_REACTORS
330
E
102
}
330
E
100
AcDbMaterial
  1
ByLayer
  2

 70
0
 40
1.0
 71
1
 41
1.0
 91
-1023410177
 42
1.0
 72
1
  3

 73
1
 74
1
 75
1
 44
0.5
 73
0
 45
1.0
 46
1.0
 77
1
  4

 78
1
 79
1
170
1
 48
1.0
171
1
  6

172
1
173
1
174
1
140
1.0
141
1.0
175
1
  7

176
1
177
1
178
1
143
1.0
179
1
  8

270
1
271
1
272
1
145
1.0
146
1.0
273
1
  9

274
1
275
1
276
1
 42
1.0
 72
1
  3

 73
1
 74
1
 75
1
 94
63
  0
MATERIAL
  5
21
102
{ACAD_REACTORS
330
E
102
}
330
E
100
AcDbMaterial
  1
Global
  2

 70
0
 40
1.0
 71
1
 41
1.0
 91
-1023410177
 42
1.0
 72
1
  3

 73
1
 74
1
 75
1
 44
0.5
 73
0
 45
1.0
 46
1.0
 77
1
  4

 78
1
 79
1
170
1
 48
1.0
171
1
  6

172
1
173
1
174
1
140
1.0
141
1.0
175
1
  7

176
1
177
1
178
1
143
1.0
179
1
  8

270
1
271
1
272
1
145
1.0
146
1.0
273
1
  9

274
1
275
1
276
1
 42
1.0
 72
1
  3

 73
1
 74
1
 75
1
 94
63
  0
MLINESTYLE
  5
22
102
{ACAD_REACTORS
330
10
102
}
330
10
100
AcDbMlineStyle
  2
Standard
 70
0
  3

 62
256
 51
90.0
 52
90.0
 71
2
 49
0.5
 62
256
  6
BYLAYER
 49
-0.5
 62
256
  6
BYLAYER
  0
MLEADERSTYLE
  5
2C
102
{ACAD_REACTORS
330
F
102
}
330
F
100
AcDbMLeaderStyle
179
2
170
2
171
1
172
0
 90
2
 40
0.0
 41
0.0
173
1
 91
-1056964608
 92
-2
290
1
 42
2.0
291
1
 43
8.0
  3
Standard
 44
4.0
300

342
29
174
1
175
1
176
0
178
1
 93
-1056964608
 45
4.0
292
0
297
0
 46
4.0
 94
-1056964608
 47
1.0
 49
1.0
140
1.0
294
1
141
0.0
177
0
142
1.0
295
0
296
0
143
3.75
271
0
272
9
273
9
  0
DICTIONARY
  5
2D
330
A
100
AcDbDictionary
280
1
281
1
  3
CREATED_BY_EZDXF
350
2E
  3
PLAN_HASH
350
8A
  3
WRITTEN_BY_EZDXF
350
680
  0
DICTIONARYVAR
  5
2E
330
2D
100
DictionaryVariables
280
0
  1
ezdxf 1.4.4 / FloorForge deterministic export
  0
VISUALSTYLE
  5
5A
102
{ACAD_REACTORS
330
16
102
}
330
16
100
AcDbVisualStyle
  2
2dWireframe
 70
4
177
3
291
0
 70
58
 90
2
176
1
 90
2
176
1
 90
0
176
1
 90
0
176
1
 40
0.6
176
1
 40
30.0
176
1
 62
7
420
16777215
176
1
 90
1
176
1
 90
4
176
1
 62
7
176
1
 62
257
176
1
 90
1
176
1
 90
1
176
1
 40
1.0
176
1
 90
8
176
1
 62
7
176
1
 40
1.0
176
1
 90
1
176
1
 90
6
176
1
 90
2
176
1
 62
7
176
1
 90
5
176
1
 90
0
176
1
 90
0
176
1
290
0
176
1
 90
1
176
1
 40
0.0
176
1
 90
0
176
1
290
1
176
1
290
1
176
1
290
0
176
1
290
0
176
1
290
0
176
1
290
0
176
1
290
0
176
1
290
0
176
1
290
0
176
1
 90
50
176
1
 40
0.0
176
1
 40
1.0
176
1
 90
0
176
1
 62
18
420
0
176
1
 90
50
176
1
 90
3
176
1
 62
5
420
255
176
1
290
0
176
1
 90
50
176
1
 90
50
176
1
 90
50
176
1
290
0
176
1
 90
50
176
1
 62
256
176
0
 40
1.0
176
0
 90
2
176
1
  1
strokes_ogs.tif
176
1
290
0
176
1
 40
1.0
176
1
 40
1.0
176
1
  0
VISUALSTYLE
  5
5B
102
{ACAD_REACTORS
330
16
102
}
330
16
100
AcDbVisualStyle
  2
Basic
 70
7
177
3
291
1
 70
58
 90
2
176
1
 90
2
176
1
 90
0
176
1
 90
1
176
1
 40
0.6
176
1
 40
30.0
176
1
 62
7
420
16777215
176
1
 90
1
176
1
 90
4
176
1
 62
7
176
1
 62
257
176
1
 90
1
176
1
 90
1
176
1
 40
1.0
176
1
 90
8
176
1
 62
7
176
1
 40
1.0
176
1
 90
1
176
1
 90
6
176
1
 90
2
176
1
 62
7
176
1
 90
5
176
1
 90
0
176
1
 90
0
176
1
290
0
176
1
 90
1
176
1
 40
0.0
176
1
 90
0
176
1
290
0
176
1
290
1
176
1
290
1
176
1
290
0
176
1
290
0
176
1
290
0
176
1
290
0
176
1
290
0
176
1
290
0
176
1
 90
50
176
1
 40
0.0
176
1
 40
1.0
176
1
 90
0
176
1
 62
18
420
0
176
1
 90
50
176
1
 90
3
176
1
 62
5
420
255
176
1
290
0
176
1
 90
50
176
1
 90
50
176
1
 90
50
176
1
290
0
176
1
 90
50
176
1
 62
256
176
0
 40
1.0
176
0
 90
2
176
1
  1
strokes_ogs.tif
176
1
290
0
176
1
 40
1.0
176
1
 40
1.0
176
1
  0
VISUALSTYLE
  5
5C
102
{ACAD_REACTORS
330
16
102
}
330
16
100
AcDbVisualStyle
  2
Brighten
 70
12
177
3
291
1
 70
58
 90
2
176
1
 90
2
176
1
 90
0
176
1
 90
2
176
1
 40
0.6
176
1
 40
30.0
176
1
 62
7
420
16777215
176
1
 90
1
176
1
 90
4
176
1
 62
7
176
1
 62
257
176
1
 90
1
176
1
 90
1
176
1
 40
1.0
176
1
 90
8
176
1
 62
7
176
1
 40
1.0
176
1
 90
1
176
1
 90
6
176
1
 90
2
176
1
 62
7
176
1
 90
5
176
1
 90
0
176
1
 90
0
176
1
290
0
176
1
 90
1
176
1
 40
0.0
176
1
 90
0
176
1
290
0
176
1
290
1
176
1
290
1
176
1
290
0
176
1
290
0
176
1
290
0
176
1
290
0
176
1
290
0
176
1
290
0
176
1
 90
50
176
1
 40
0.0
176
1
 40
1.0
176
1
 90
0
176
1
 62
18
420
0
176
1
 90
50
176
1
 90
3
176
1
 62
5
420
255
176
1
290
0
176
1
 90
50
176
1
 90
50
176
1
 90
50
176
1
290
0
176
1
 90
50
176
1
 62
256
176
0
 40
1.0
176
0
 90
2
176
1
  1
strokes_ogs.tif
176
1
290
0
176
1
 40
1.0
176
1
 40
1.0
176
1
  0
VISUALSTYLE
  5
5D
102
{ACAD_REACTORS
330
16
102
}
330
16
100
AcDbVisualStyle
  2
ColorChange
 70
16
177
3
291
1
 70
58
 90
2
176
1
 90
2
176
1
 90
0
176
1
 90
2
176
1
 40
0.6
176
1
 40
30.0
176
1
 62
7
420
16777215
176
1
 90
1
176
1
 90
4
176
1
 62
7
176
1
 62
257
176
1
 90
1
176
1
 90
1
176
1
 40
1.0
176
1
 90
8
176
1
 62
7
176
1
 40
1.0
176
1
 90
1
176
1
 90
6
176
1
 90
2
176
1
 62
7
176
1
 90
5
176
1
 90
0
176
1
 90
0
176
1
290
0
176
1
 90
1
176
1
 40
0.0
176
1
 90
0
176
1
290
0
176
1
290
1
176
1
290
1
176
1
290
0
176
1
290
0
176
1
290
0
176
1
290
0
176
1
290
0
176
1
290
0
176
1
 90
50
176
1
 40
0.0
176
1
 40
1.0
176
1
 90
0
176
1
 62
18
420
0
176
1
 90
50
176
1
 90
3
176
1
 62
5
420
255
176
1
290
0
176
1
 90
50
176
1
 90
50
176
1
 90
50
176
1
290
0
176
1
 90
50
176
1
 62
256
176
0
 40
1.0
176
0
 90
2
176
1
  1
strokes_ogs.tif
176
1
290
0
176
1
 40
1.0
176
1
 40
1.0
176
1
  0
VISUALSTYLE
  5
5E
102
{ACAD_REACTORS
330
16
102
}
330
16
100
AcDbVisualStyle
  2
Conceptual
 70
9
177
3
291
0
 70
58
 90
2
176
1
 90
2
176
1
 90
0
176
1
 90
3
176
1
 40
0.6
176
1
 40
30.0
176
1
 62
7
420
16777215
176
1
 90
1
176
1
 90
4
176
1
 62
7
176
1
 62
257
176
1
 90
1
176
1
 90
1
176
1
 40
1.0
176
1
 90
8
176
1
 62
7
176
1
 40
1.0
176
1
 90
1
176
1
 90
6
176
1
 90
2
176
1
 62
7
176
1
 90
5
176
1
 90
0
176
1
 90
0
176
1
290
0
176
1
 90
1
176
1
 40
0.0
176
1
 90
0
176
1
290
0
176
1
290
1
176
1
290
1
176
1
290
0
176
1
290
0
176
1
290
0
176
1
290
0
176
1
290
0
176
1
290
0
176
1
 90
50
176
1
 40
0.0
176
1
 40
1.0
176
1
 90
0
176
1
 62
18
420
0
176
1
 90
50
176
1
 90
3
176
1
 62
5
420
255
176
1
290
0
176
1
 90
50
176
1
 90
50
176
1
 90
50
176
1
290
0
176
1
 90
50
176
1
 62
256
176
0
 40
1.0
176
0
 90
2
176
1
  1
strokes_ogs.tif
176
1
290
0
176
1
 40
1.0
176
1
 40
1.0
176
1
  0
VISUALSTYLE
  5
5F
102
{ACAD_REACTORS
330
16
102
}
330
16
100
AcDbVisualStyle
  2
Dim
 70
11
177
3
291
1
 70
58
 90
2
176
1
 90
2
176
1
 90
0
176
1
 90
2
176
1
 40
0.6
176
1
 40
30.0
176
1
 62
7
420
16777215
176
1
 90
1
176
1
 90
4
176
1
 62
7
176
1
 62
257
176
1
 90
1
176
1
 90
1
176
1
 40
1.0
176
1
 90
8
176
1
 62
7
176
1
 40
1.0
176
1
 90
1
176
1
 90
6
176
1
 90
2
176
1
 62
7
176
1
 90
5
176
1
 90
0
176
1
 90
0
176
1
290
0
176
1
 90
1
176
1
 40
0.0
176
1
 90
0
176
1
290
0
176
1
290
1
176
1
290
1
176
1
290
0
176
1
290
0
176
1
290
0
176
1
290
0
176
1
290
0
176
1
290
0
176
1
 90
50
176
1
 40
0.0
176
1
 40
1.0
176
1
 90
0
176
1
 62
18
420
0
176
1
 90
50
176
1
 90
3
176
1
 62
5
420
255
176
1
290
0
176
1
 90
50
176
1
 90
50
176
1
 90
50
176
1
290
0
176
1
 90
50
176
1
 62
256
176
0
 40
1.0
176
0
 90
2
176
1
  1
strokes_ogs.tif
176
1
290
0
176
1
 40
1.0
176
1
 40
1.0
176
1
  0
VISUALSTYLE
  5
60
102
{ACAD_REACTORS
330
16
102
}
330
16
100
AcDbVisualStyle
  2
EdgeColorOff
 70
22
177
3
291
1
 70
58
 90
2
176
1
 90
2
176
1
 90
0
176
1
 90
2
176
1
 40
0.6
176
1
 40
30.0
176
1
 62
7
420
16777215
176
1
 90
1
176
1
 90
4
176
1
 62
7
176
1
 62
257
176
1
 90
1
176
1
 90
1
176
1
 40
1.0
176
1
 90
8
176
1
 62
7
176
1
 40
1.0
176
1
 90
1
176
1
 90
6
176
1
 90
2
176
1
 62
7
176
1
 90
5
176
1
 90
0
176
1
 90
0
176
1
290
0
176
1
 90
1
176
1
 40
0.0
176
1
 90
0
176
1
290
0
176
1
290
1
176
1
290
1
176
1
290
0
176
1
290
0
176
1
290
0
176
1
290
0
176
1
290
0
176
1
290
0
176
1
 90
50
176
1
 40
0.0
176
1
 40
1.0
176
1
 90
0
176
1
 62
18
420
0
176
1
 90
50
176
1
 90
3
176
1
 62
5
420
255
176
1
290
0
176
1
 90
50
176
1
 90
50
176
1
 90
50
176
1
290
0
176
1
 90
50
176
1
 62
256
176
0
 40
1.0
176
0
 90
2
176
1
  1
strokes_ogs.tif
176
1
290
0
176
1
 40
1.0
176
1
 40
1.0
176
1
  0
VISUALSTYLE
  5
61
102
{ACAD_REACTORS
330
16
102
}
330
16
100
AcDbVisualStyle
  2
Facepattern
 70
15
177
3
291
1
 70
58
 90
2
176
1
 90
2
176
1
 90
0
176
1
 90
2
176
1
 40
0.6
176
1
 40
30.0
176
1
 62
7
420
16777215
176
1
 90
1
176
1
 90
4
176
1
 62
7
176
1
 62
257
176
1
 90
1
176
1
 90
1
176
1
 40
1.0
176
1
 90
8
176
1
 62
7
176
1
 40
1.0
176
1
 90
1
176
1
 90
6
176
1
 90
2
176
1
 62
7
176
1
 90
5
176
1
 90
0
176
1
 90
0
176
1
290
0
176
1
 90
1
176
1
 40
0.0
176
1
 90
0
176
1
290
0
176
1
290
1
176
1
290
1
176
1
290
0
176
1
290
0
176
1
290
0
176
1
290
0
176
1
290
0
176
1
290
0
176
1
 90
50
176
1
 40
0.0
176
1
 40
1.0
176
1
 90
0
176
1
 62
18
420
0
176
1
 90
50
176
1
 90
3
176
1
 62
5
420
255
176
1
290
0
176
1
 90
50
176
1
 90
50
176
1
 90
50
176
1
290
0
176
1
 90
50
176
1
 62
256
176
0
 40
1.0
176
0
 90
2
176
1
  1
strokes_ogs.tif
176
1
290
0
176
1
 40
1.0
176
1
 40
1.0
176
1
  0
VISUALSTYLE
  5
62
102
{ACAD_REACTORS
330
16
102
}
330
16
100
AcDbVisualStyle
  2
Flat
 70
0
177
3
291
1
 70
58
 90
2
176
1
 90
2
176
1
 90
0
176
1
 90
2
176
1
 40
0.6
176
1
 40
30.0
176
1
 62
7
420
16777215
176
1
 90
1
176
1
 90
4
176
1
 62
7
176
1
 62
257
176
1
 90
1
176
1
 90
1
176
1
 40
1.0
176
1
 90
8
176
1
 62
7
176
1
 40
1.0
176
1
 90
1
176
1
 90
6
176
1
 90
2
176
1
 62
7
176
1
 90
5
176
1
 90
0
176
1
 90
0
176
1
290
0
176
1
 90
1
176
1
 40
0.0
176
1
 90
0
176
1
290
0
176
1
290
1
176
1
290
1
176
1
290
0
176
1
290
0
176
1
290
0
176
1
290
0
176
1
290
0
176
1
290
0
176
1
 90
50
176
1
 40
0.0
176
1
 40
1.0
176
1
 90
0
176
1
 62
18
420
0
176
1
 90
50
176
1
 90
3
176
1
 62
5
420
255
176
1
290
0
176
1
 90
50
176
1
 90
50
176
1
 90
50
176
1
290
0
176
1
 90
50
176
1
 62
256
176
0
 40
1.0
176
0
 90
2
176
1
  1
strokes_ogs.tif
176
1
290
0
176
1
 40
1.0
176
1
 40
1.0
176
1
  0
VISUALSTYLE
  5
63
102
{ACAD_REACTORS
330
16
102
}
330
16
100
AcDbVisualStyle
  2
FlatWithEdges
 70
1
177
3
291
1
 70
58
 90
2
176
1
 90
2
176
1
 90
0
176
1
 90
2
176
1
 40
0.6
176
1
 40
30.0
176
1
 62
7
420
16777215
176
1
 90
1
176
1
 90
4
176
1
 62
7
176
1
 62
257
176
1
 90
1
176
1
 90
1
176
1
 40
1.0
176
1
 90
8
176
1
 62
7
176
1
 40
1.0
176
1
 90
1
176
1
 90
6
176
1
 90
2
176
1
 62
7
176
1
 90
5
176
1
 90
0
176
1
 90
0
176
1
290
0
176
1
 90
1
176
1
 40
0.0
176
1
 90
0
176
1
290
0
176
1
290
1
176
1
290
1
176
1
290
0
176
1
290
0
176
1
290
0
176
1
290
0
176
1
290
0
176
1
290
0
176
1
 90
50
176
1
 40
0.0
176
1
 40
1.0
176
1
 90
0
176
1
 62
18
420
0
176
1
 90
50
176
1
 90
3
176
1
 62
5
420
255
176
1
290
0
176
1
 90
50
176
1
 90
50
176
1
 90
50
176
1
290
0
176
1
 90
50
176
1
 62
256
176
0
 40
1.0
176
0
 90
2
176
1
  1
strokes_ogs.tif
176
1
290
0
176
1
 40
1.0
176
1
 40
1.0
176
1
  0
VISUALSTYLE
  5
64
102
{ACAD_REACTORS
330
16
102
}
330
16
100
AcDbVisualStyle
  2
Gouraud
 70
2
177
3
291
1
 70
58
 90
2
176
1
 90
2
176
1
 90
0
176
1
 90
2
176
1
 40
0.6
176
1
 40
30.0
176
1
 62
7
420
16777215
176
1
 90
1
176
1
 90
4
176
1
 62
7
176
1
 62
257
176
1
 90
1
176
1
 90
1
176
1
 40
1.0
176
1
 90
8
176
1
 62
7
176
1
 40
1.0
176
1
 90
1
176
1
 90
6
176
1
 90
2
176
1
 62
7
176
1
 90
5
176
1
 90
0
176
1
 90
0
176
1
290
0
176
1
 90
1
176
1
 40
0.0
176
1
 90
0
176
1
290
0
176
1
290
1
176
1
290
1
176
1
290
0
176
1
290
0
176
1
290
0
176
1
290
0
176
1
290
0
176
1
290
0
176
1
 90
50
176
1
 40
0.0
176
1
 40
1.0
176
1
 90
0
176
1
 62
18
420
0
176
1
 90
50
176
1
 90
3
176
1
 62
5
420
255
176
1
290
0
176
1
 90
50
176
1
 90
50
176
1
 90
50
176
1
290
0
176
1
 90
50
176
1
 62
256
176
0
 40
1.0
176
0
 90
2
176
1
  1
strokes_ogs.tif
176
1
290
0
176
1
 40
1.0
176
1
 40
1.0
176
1
  0
VISUALSTYLE
  5
65
102
{ACAD_REACTORS
330
16
102
}
330
16
100
AcDbVisualStyle
  2
GouraudWithEdges
 70
3
177
3
291
1
 70
58
 90
2
176
1
 90
2
176
1
 90
0
176
1
 90
2
176
1
 40
0.6
176
1
 40
30.0
176
1
 62
7
420
16777215
176
1
 90
1
176
1
 90
4
176
1
 62
7
176
1
 62
257
176
1
 90
1
176
1
 90
1
176
1
 40
1.0
176
1
 90
8
176
1
 62
7
176
1
 40
1.0
176
1
 90
1
176
1
 90
6
176
1
 90
2
176
1
 62
7
176
1
 90
5
176
1
 90
0
176
1
 90
0
176
1
290
0
176
1
 90
1
176
1
 40
0.0
176
1
 90
0
176
1
290
0
176
1
290
1
176
1
290
1
176
1
290
0
176
1
290
0
176
1
290
0
176
1
290
0
176
1
290
0
176
1
290
0
176
1
 90
50
176
1
 40
0.0
176
1
 40
1.0
176
1
 90
0
176
1
 62
18
420
0
176
1
 90
50
176
1
 90
3
176
1
 62
5
420
255
176
1
290
0
176
1
 90
50
176
1
 90
50
176
1
 90
50
176
1
290
0
176
1
 90
50
176
1
 62
256
176
0
 40
1.0
176
0
 90
2
176
1
  1
strokes_ogs.tif
176
1
290
0
176
1
 40
1.0
176
1
 40
1.0
176
1
  0
VISUALSTYLE
  5
66
102
{ACAD_REACTORS
330
16
102
}
330
16
100
AcDbVisualStyle
  2
Hidden
 70
6
177
3
291
0
 70
58
 90
2
176
1
 90
2
176
1
 90
0
176
1
 90
1
176
1
 40
0.6
176
1
 40
30.0
176
1
 62
7
420
16777215
176
1
 90
1
176
1
 90
4
176
1
 62
7
176
1
 62
257
176
1
 90
1
176
1
 90
1
176
1
 40
1.0
176
1
 90
8
176
1
 62
7
176
1
 40
1.0
176
1
 90
1
176
1
 90
6
176
1
 90
2
176
1
 62
7
176
1
 90
5
176
1
 90
0
176
1
 90
0
176
1
290
0
176
1
 90
1
176
1
 40
0.0
176
1
 90
0
176
1
290
0
176
1
290
1
176
1
290
1
176
1
290
0
176
1
290
0
176
1
290
0
176
1
290
0
176
1
290
0
176
1
290
0
176
1
 90
50
176
1
 40
0.0
176
1
 40
1.0
176
1
 90
0
176
1
 62
18
420
0
176
1
 90
50
176
1
 90
3
176
1
 62
5
420
255
176
1
290
0
176
1
 90
50
176
1
 90
50
176
1
 90
50
176
1
290
0
176
1
 90
50
176
1
 62
256
176
0
 40
1.0
176
0
 90
2
176
1
  1
strokes_ogs.tif
176
1
290
0
176
1
 40
1.0
176
1
 40
1.0
176
1
  0
VISUALSTYLE
  5
67
102
{ACAD_REACTORS
330
16
102
}
330
16
100
AcDbVisualStyle
  2
JitterOff
 70
20
177
3
291
1
 70
58
 90
2
176
1
 90
2
176
1
 90
0
176
1
 90
2
176
1
 40
0.6
176
1
 40
30.0
176
1
 62
7
420
16777215
176
1
 90
1
176
1
 90
4
176
1
 62
7
176
1
 62
257
176
1
 90
1
176
1
 90
1
176
1
 40
1.0
176
1
 90
8
176
1
 62
7
176
1
 40
1.0
176
1
 90
1
176
1
 90
6
176
1
 90
2
176
1
 62
7
176
1
 90
5
176
1
 90
0
176
1
 90
0
176
1
290
0
176
1
 90
1
176
1
 40
0.0
176
1
 90
0
176
1
290
0
176
1
290
1
176
1
290
1
176
1
290
0
176
1
290
0
176
1
290
0
176
1
290
0
176
1
290
0
176
1
290
0
176
1
 90
50
176
1
 40
0.0
176
1
 40
1.0
176
1
 90
0
176
1
 62
18
420
0
176
1
 90
50
176
1
 90
3
176
1
 62
5
420
255
176
1
290
0
176
1
 90
50
176
1
 90
50
176
1
 90
50
176
1
290
0
176
1
 90
50
176
1
 62
256
176
0
 40
1.0
176
0
 90
2
176
1
  1
strokes_ogs.tif
176
1
290
0
176
1
 40
1.0
176
1
 40
1.0
176
1
  0
VISUALSTYLE
  5
68
102
{ACAD_REACTORS
330
16
102
}
330
16
100
AcDbVisualStyle
  2
Linepattern
 70
14
177
3
291
1
 70
58
 90
2
176
1
 90
2
176
1
 90
0
176
1
 90
2
176
1
 40
0.6
176
1
 40
30.0
176
1
 62
7
420
16777215
176
1
 90
1
176
1
 90
4
176
1
 62
7
176
1
 62
257
176
1
 90
1
176
1
 90
1
176
1
 40
1.0
176
1
 90
8
176
1
 62
7
176
1
 40
1.0
176
1
 90
1
176
1
 90
6
176
1
 90
2
176
1
 62
7
176
1
 90
5
176
1
 90
0
176
1
 90
0
176
1
290
0
176
1
 90
1
176
1
 40
0.0
176
1
 90
0
176
1
290
0
176
1
290
1
176
1
290
1
176
1
290
0
176
1
290
0
176
1
290
0
176
1
290
0
176
1
290
0
176
1
290
0
176
1
 90
50
176
1
 40
0.0
176
1
 40
1.0
176
1
 90
0
176
1
 62
18
420
0
176
1
 90
50
176
1
 90
3
176
1
 62
5
420
255
176
1
290
0
176
1
 90
50
176
1
 90
50
176
1
 90
50
176
1
290
0
176
1
 90
50
176
1
 62
256
176
0
 40
1.0
176
0
 90
2
176
1
  1
strokes_ogs.tif
176
1
290
0
176
1
 40
1.0
176
1
 40
1.0
176
1
  0
VISUALSTYLE
  5
69
102
{ACAD_REACTORS
330
16
102
}
330
16
100
AcDbVisualStyle
  2
Modeling
 70
10
177
3
291
0
 70
58
 90
2
176
1
 90
2
176
1
 90
0
176
1
 90
2
176
1
 40
0.6
176
1
 40
30.0
176
1
 62
7
420
16777215
176
1
 90
1
176
1
 90
4
176
1
 62
7
176
1
 62
257
176
1
 90
1
176
1
 90
1
176
1
 40
1.0
176
1
 90
8
176
1
 62
7
176
1
 40
1.0
176
1
 90
1
176
1
 90
6
176
1
 90
2
176
1
 62
7
176
1
 90
5
176
1
 90
0
176
1
 90
0
176
1
290
0
176
1
 90
1
176
1
 40
0.0
176
1
 90
0
176
1
290
0
176
1
290
1
176
1
290
1
176
1
290
0
176
1
290
0
176
1
290
0
176
1
290
0
176
1
290
0
176
1
290
0
176
1
 90
50
176
1
 40
0.0
176
1
 40
1.0
176
1
 90
0
176
1
 62
18
420
0
176
1
 90
50
176
1
 90
3
176
1
 62
5
420
255
176
1
290
0
176
1
 90
50
176
1
 90
50
176
1
 90
50
176
1
290
0
176
1
 90
50
176
1
 62
256
176
0
 40
1.0
176
0
 90
2
176
1
  1
strokes_ogs.tif
176
1
290
0
176
1
 40
1.0
176
1
 40
1.0
176
1
  0
VISUALSTYLE
  5
6A
102
{ACAD_REACTORS
330
16
102
}
330
16
100
AcDbVisualStyle
  2
OverhangOff
 70
21
177
3
291
1
 70
58
 90
2
176
1
 90
2
176
1
 90
0
176
1
 90
2
176
1
 40
0.6
176
1
 40
30.0
176
1
 62
7
420
16777215
176
1
 90
1
176
1
 90
4
176
1
 62
7
176
1
 62
257
176
1
 90
1
176
1
 90
1
176
1
 40
1.0
176
1
 90
8
176
1
 62
7
176
1
 40
1.0
176
1
 90
1
176
1
 90
6
176
1
 90
2
176
1
 62
7
176
1
 90
5
176
1
 90
0
176
1
 90
0
176
1
290
0
176
1
 90
1
176
1
 40
0.0
176
1
 90
0
176
1
290
0
176
1
290
1
176
1
290
1
176
1
290
0
176
1
290
0
176
1
290
0
176
1
290
0
176
1
290
0
176
1
290
0
176
1
 90
50
176
1
 40
0.0
176
1
 40
1.0
176
1
 90
0
176
1
 62
18
420
0
176
1
 90
50
176
1
 90
3
176
1
 62
5
420
255
176
1
290
0
176
1
 90
50
176
1
 90
50
176
1
 90
50
176
1
290
0
176
1
 90
50
176
1
 62
256
176
0
 40
1.0
176
0
 90
2
176
1
  1
strokes_ogs.tif
176
1
290
0
176
1
 40
1.0
176
1
 40
1.0
176
1
  0
VISUALSTYLE
  5
6B
102
{ACAD_REACTORS
330
16
102
}
330
16
100
AcDbVisualStyle
  2
Realistic
 70
8
177
3
291
0
 70
58
 90
2
176
1
 90
2
176
1
 90
0
176
1
 90
2
176
1
 40
0.6
176
1
 40
30.0
176
1
 62
7
420
16777215
176
1
 90
1
176
1
 90
4
176
1
 62
7
176
1
 62
257
176
1
 90
1
176
1
 90
1
176
1
 40
1.0
176
1
 90
8
176
1
 62
7
176
1
 40
1.0
176
1
 90
1
176
1
 90
6
176
1
 90
2
176
1
 62
7
176
1
 90
5
176
1
 90
0
176
1
 90
0
176
1
290
0
176
1
 90
1
176
1
 40
0.0
176
1
 90
0
176
1
290
0
176
1
290
1
176
1
290
1
176
1
290
0
176
1
290
0
176
1
290
0
176
1
290
0
176
1
290
0
176
1
290
0
176
1
 90
50
176
1
 40
0.0
176
1
 40
1.0
176
1
 90
0
176
1
 62
18
420
0
176
1
 90
50
176
1
 90
3
176
1
 62
5
420
255
176
1
290
0
176
1
 90
50
176
1
 90
50
176
1
 90
50
176
1
290
0
176
1
 90
50
176
1
 62
256
176
0
 40
1.0
176
0
 90
2
176
1
  1
strokes_ogs.tif
176
1
290
0
176
1
 40
1.0
176
1
 40
1.0
176
1
  0
VISUALSTYLE
  5
6C
102
{ACAD_REACTORS
330
16
102
}
330
16
100
AcDbVisualStyle
  2
Shaded
 70
27
177
3
291
0
 70
58
 90
2
176
1
 90
2
176
1
 90
0
176
1
 90
2
176
1
 40
0.6
176
1
 40
30.0
176
1
 62
7
420
16777215
176
1
 90
1
176
1
 90
4
176
1
 62
7
176
1
 62
257
176
1
 90
1
176
1
 90
1
176
1
 40
1.0
176
1
 90
8
176
1
 62
7
176
1
 40
1.0
176
1
 90
1
176
1
 90
6
176
1
 90
2
176
1
 62
7
176
1
 90
5
176
1
 90
0
176
1
 90
0
176
1
290
0
176
1
 90
1
176
1
 40
0.0
176
1
 90
0
176
1
290
0
176
1
290
1
176
1
290
1
176
1
290
0
176
1
290
0
176
1
290
0
176
1
290
0
176
1
290
0
176
1
290
0
176
1
 90
50
176
1
 40
0.0
176
1
 40
1.0
176
1
 90
0
176
1
 62
18
420
0
176
1
 90
50
176
1
 90
3
176
1
 62
5
420
255
176
1
290
0
176
1
 90
50
176
1
 90
50
176
1
 90
50
176
1
290
0
176
1
 90
50
176
1
 62
256
176
0
 40
1.0
176
0
 90
2
176
1
  1
strokes_ogs.tif
176
1
290
0
176
1
 40
1.0
176
1
 40
1.0
176
1
  0
VISUALSTYLE
  5
6D
102
{ACAD_REACTORS
330
16
102
}
330
16
100
AcDbVisualStyle
  2
Shaded with edges
 70
26
177
3
291
0
 70
58
 90
2
176
1
 90
2
176
1
 90
0
176
1
 90
2
176
1
 40
0.6
176
1
 40
30.0
176
1
 62
7
420
16777215
176
1
 90
1
176
1
 90
4
176
1
 62
7
176
1
 62
257
176
1
 90
1
176
1
 90
1
176
1
 40
1.0
176
1
 90
8
176
1
 62
7
176
1
 40
1.0
176
1
 90
1
176
1
 90
6
176
1
 90
2
176
1
 62
7
176
1
 90
5
176
1
 90
0
176
1
 90
0
176
1
290
0
176
1
 90
1
176
1
 40
0.0
176
1
 90
0
176
1
290
0
176
1
290
1
176
1
290
1
176
1
290
0
176
1
290
0
176
1
290
0
176
1
290
0
176
1
290
0
176
1
290
0
176
1
 90
50
176
1
 40
0.0
176
1
 40
1.0
176
1
 90
0
176
1
 62
18
420
0
176
1
 90
50
176
1
 90
3
176
1
 62
5
420
255
176
1
290
0
176
1
 90
50
176
1
 90
50
176
1
 90
50
176
1
290
0
176
1
 90
50
176
1
 62
256
176
0
 40
1.0
176
0
 90
2
176
1
  1
strokes_ogs.tif
176
1
290
0
176
1
 40
1.0
176
1
 40
1.0
176
1
  0
VISUALSTYLE
  5
6E
102
{ACAD_REACTORS
330
16
102
}
330
16
100
AcDbVisualStyle
  2
Shades of Gray
 70
23
177
3
291
0
 70
58
 90
2
176
1
 90
2
176
1
 90
0
176
1
 90
2
176
1
 40
0.6
176
1
 40
30.0
176
1
 62
7
420
16777215
176
1
 90
1
176
1
 90
4
176
1
 62
7
176
1
 62
257
176
1
 90
1
176
1
 90
1
176
1
 40
1.0
176
1
 90
8
176
1
 62
7
176
1
 40
1.0
176
1
 90
1
176
1
 90
6
176
1
 90
2
176
1
 62
7
176
1
 90
5
176
1
 90
0
176
1
 90
0
176
1
290
0
176
1
 90
1
176
1
 40
0.0
176
1
 90
0
176
1
290
0
176
1
290
1
176
1
290
1
176
1
290
0
176
1
290
0
176
1
290
0
176
1
290
0
176
1
290
0
176
1
290
0
176
1
 90
50
176
1
 40
0.0
176
1
 40
1.0
176
1
 90
0
176
1
 62
18
420
0
176
1
 90
50
176
1
 90
3
176
1
 62
5
420
255
176
1
290
0
176
1
 90
50
176
1
 90
50
176
1
 90
50
176
1
290
0
176
1
 90
50
176
1
 62
256
176
0
 40
1.0
176
0
 90
2
176
1
  1
strokes_ogs.tif
176
1
290
0
176
1
 40
1.0
176
1
 40
1.0
176
1
  0
VISUALSTYLE
  5
6F
102
{ACAD_REACTORS
330
16
102
}
330
16
100
AcDbVisualStyle
  2
Sketchy
 70
24
177
3
291
0
 70
58
 90
2
176
1
 90
2
176
1
 90
0
176
1
 90
1
176
1
 40
0.6
176
1
 40
30.0
176
1
 62
7
420
16777215
176
1
 90
1
176
1
 90
4
176
1
 62
7
176
1
 62
257
176
1
 90
1
176
1
 90
1
176
1
 40
1.0
176
1
 90
8
176
1
 62
7
176
1
 40
1.0
176
1
 90
1
176
1
 90
6
176
1
 90
2
176
1
 62
7
176
1
 90
5
176
1
 90
0
176
1
 90
0
176
1
290
0
176
1
 90
1
176
1
 40
0.0
176
1
 90
0
176
1
290
0
176
1
290
1
176
1
290
1
176
1
290
0
176
1
290
0
176
1
290
0
176
1
290
0
176
1
290
0
176
1
290
0
176
1
 90
50
176
1
 40
0.0
176
1
 40
1.0
176
1
 90
0
176
1
 62
18
420
0
176
1
 90
50
176
1
 90
3
176
1
 62
5
420
255
176
1
290
0
176
1
 90
50
176
1
 90
50
176
1
 90
50
176
1
290
0
176
1
 90
50
176
1
 62
256
176
0
 40
1.0
176
0
 90
2
176
1
  1
strokes_ogs.tif
176
1
290
0
176
1
 40
1.0
176
1
 40
1.0
176
1
  0
VISUALSTYLE
  5
70
102
{ACAD_REACTORS
330
16
102
}
330
16
100
AcDbVisualStyle
  2
Thicken
 70
13
177
3
291
1
 70
58
 90
2
176
1
 90
2
176
1
 90
0
176
1
 90
2
176
1
 40
0.6
176
1
 40
30.0
176
1
 62
7
420
16777215
176
1
 90
1
176
1
 90
4
176
1
 62
7
176
1
 62
257
176
1
 90
1
176
1
 90
1
176
1
 40
1.0
176
1
 90
8
176
1
 62
7
176
1
 40
1.0
176
1
 90
1
176
1
 90
6
176
1
 90
2
176
1
 62
7
176
1
 90
5
176
1
 90
0
176
1
 90
0
176
1
290
0
176
1
 90
1
176
1
 40
0.0
176
1
 90
0
176
1
290
0
176
1
290
1
176
1
290
1
176
1
290
0
176
1
290
0
176
1
290
0
176
1
290
0
176
1
290
0
176
1
290
0
176
1
 90
50
176
1
 40
0.0
176
1
 40
1.0
176
1
 90
0
176
1
 62
18
420
0
176
1
 90
50
176
1
 90
3
176
1
 62
5
420
255
176
1
290
0
176
1
 90
50
176
1
 90
50
176
1
 90
50
176
1
290
0
176
1
 90
50
176
1
 62
256
176
0
 40
1.0
176
0
 90
2
176
1
  1
strokes_ogs.tif
176
1
290
0
176
1
 40
1.0
176
1
 40
1.0
176
1
  0
VISUALSTYLE
  5
71
102
{ACAD_REACTORS
330
16
102
}
330
16
100
AcDbVisualStyle
  2
Wireframe
 70
5
177
3
291
0
 70
58
 90
2
176
1
 90
2
176
1
 90
0
176
1
 90
0
176
1
 40
0.6
176
1
 40
30.0
176
1
 62
7
420
16777215
176
1
 90
1
176
1
 90
4
176
1
 62
7
176
1
 62
257
176
1
 90
1
176
1
 90
1
176
1
 40
1.0
176
1
 90
8
176
1
 62
7
176
1
 40
1.0
176
1
 90
1
176
1
 90
6
176
1
 90
2
176
1
 62
7
176
1
 90
5
176
1
 90
0
176
1
 90
0
176
1
290
0
176
1
 90
1
176
1
 40
0.0
176
1
 90
0
176
1
290
0
176
1
290
1
176
1
290
1
176
1
290
0
176
1
290
0
176
1
290
0
176
1
290
0
176
1
290
0
176
1
290
0
176
1
 90
50
176
1
 40
0.0
176
1
 40
1.0
176
1
 90
0
176
1
 62
18
420
0
176
1
 90
50
176
1
 90
3
176
1
 62
5
420
255
176
1
290
0
176
1
 90
50
176
1
 90
50
176
1
 90
50
176
1
290
0
176
1
 90
50
176
1
 62
256
176
0
 40
1.0
176
0
 90
2
176
1
  1
strokes_ogs.tif
176
1
290
0
176
1
 40
1.0
176
1
 40
1.0
176
1
  0
VISUALSTYLE
  5
72
102
{ACAD_REACTORS
330
16
102
}
330
16
100
AcDbVisualStyle
  2
X-Ray
 70
25
177
3
291
0
 70
58
 90
2
176
1
 90
2
176
1
 90
0
176
1
 90
2
176
1
 40
0.5
176
1
 40
30.0
176
1
 62
7
420
16777215
176
1
 90
1
176
1
 90
4
176
1
 62
7
176
1
 62
257
176
1
 90
1
176
1
 90
1
176
1
 40
1.0
176
1
 90
8
176
1
 62
7
176
1
 40
1.0
176
1
 90
1
176
1
 90
6
176
1
 90
2
176
1
 62
7
176
1
 90
5
176
1
 90
0
176
1
 90
0
176
1
290
0
176
1
 90
1
176
1
 40
0.0
176
1
 90
0
176
1
290
0
176
1
290
1
176
1
290
1
176
1
290
0
176
1
290
0
176
1
290
0
176
1
290
0
176
1
290
0
176
1
290
0
176
1
 90
50
176
1
 40
0.0
176
1
 40
1.0
176
1
 90
0
176
1
 62
18
420
0
176
1
 90
50
176
1
 90
3
176
1
 62
5
420
255
176
1
290
0
176
1
 90
50
176
1
 90
50
176
1
 90
50
176
1
290
0
176
1
 90
50
176
1
 62
256
176
0
 40
1.0
176
0
 90
2
176
1
  1
strokes_ogs.tif
176
1
290
0
176
1
 40
1.0
176
1
 40
1.0
176
1
  0
DICTIONARYVAR
  5
8A
330
2D
100
DictionaryVariables
280
0
  1
11547b5d5fb712086b00ec8ec42a0917b9bb076126ce0d137767588ac2ce6342
  0
LAYOUT
  5
3D8
330
D
100
AcDbPlotSettings
  1

  2
DWG to PDF.pc3
  4
ezdxf_(420.00_x_297.00_MM)
  6

 40
10.0
 41
10.0
 42
10.0
 43
10.0
 44
420.0
 45
297.0
 46
0.0
 47
0.0
 48
0.0
 49
0.0
140
0.0
141
0.0
142
1.0
143
1.0
 70
672
 72
1
 73
0
 74
5
  7

 75
16
 76
0
 77
2
 78
300
147
1.0
148
0.0
149
0.0
100
AcDbLayout
  1
GROUND
 70
1
 71
3
 10
-10.0
 20
-10.0
 11
410.0
 21
287.0
 12
0.0
 22
0.0
 32
0.0
 14
1e+20
 24
1e+20
 34
1e+20
 15
-1e+20
 25
-1e+20
 35
-1e+20
146
0.0
 13
0.0
 23
0.0
 33
0.0
 16
1.0
 26
0.0
 36
0.0
 17
0.0
 27
1.0
 37
0.0
 76
1
330
3D5
331
3D9
  0
LAYOUT
  5
603
330
D
100
AcDbPlotSettings
  1

  2
DWG to PDF.pc3
  4
ezdxf_(420.00_x_297.00_MM)
  6

 40
10.0
 41
10.0
 42
10.0
 43
10.0
 44
420.0
 45
297.0
 46
0.0
 47
0.0
 48
0.0
 49
0.0
140
0.0
141
0.0
142
1.0
143
1.0
 70
672
 72
1
 73
0
 74
5
  7

 75
16
 76
0
 77
2
 78
300
147
1.0
148
0.0
149
0.0
100
AcDbLayout
  1
FLOOR-1
 70
1
 71
4
 10
-10.0
 20
-10.0
 11
410.0
 21
287.0
 12
0.0
 22
0.0
 32
0.0
 14
1e+20
 24
1e+20
 34
1e+20
 15
-1e+20
 25
-1e+20
 35
-1e+20
146
0.0
 13
0.0
 23
0.0
 33
0.0
 16
1.0
 26
0.0
 36
0.0
 17
0.0
 27
1.0
 37
0.0
 76
1
330
600
331
604
  0
LAYOUT
  5
67A
330
D
100
AcDbPlotSettings
  1

  2
DWG to PDF.pc3
  4
ezdxf_(420.00_x_297.00_MM)
  6

 40
10.0
 41
10.0
 42
10.0
 43
10.0
 44
420.0
 45
297.0
 46
0.0
 47
0.0
 48
0.0
 49
0.0
140
0.0
141
0.0
142
1.0
143
1.0
 70
672
 72
1
 73
0
 74
5
  7

 75
16
 76
0
 77
2
 78
300
147
1.0
148
0.0
149
0.0
100
AcDbLayout
  1
FLOOR-2
 70
1
 71
5
 10
-10.0
 20
-10.0
 11
410.0
 21
287.0
 12
0.0
 22
0.0
 32
0.0
 14
1e+20
 24
1e+20
 34
1e+20
 15
-1e+20
 25
-1e+20
 35
-1e+20
146
0.0
 13
0.0
 23
0.0
 33
0.0
 16
1.0
 26
0.0
 36
0.0
 17
0.0
 27
1.0
 37
0.0
 76
1
330
677
331
67B
  0
DICTIONARYVAR
  5
680
330
2D
100
DictionaryVariables
280
0
  1
0.0 @ 2000-01-01T00:00:00.000000+00:00
  0
ENDSEC
  0
EOF
