  0
SECTION
  2
HEADER
  9
$ACADVER
  1
AC1032
  9
$ACADMAINTVER
 90
4
  9
$DWGCODEPAGE
  3
ANSI_1252
  9
$LASTSAVEDBY
  1
ezdxf
  9
$REQUIREDVERSIONS
160
0
  9
$INSBASE
 10
0.0
 20
0.0
 30
0.0
  9
$EXTMIN
 10
1e+20
 20
1e+20
 30
1e+20
  9
$EXTMAX
 10
-1e+20
 20
-1e+20
 30
-1e+20
  9
$LIMMIN
 10
0.0
 20
0.0
  9
$LIMMAX
 10
420.0
 20
297.0
  9
$ORTHOMODE
 70
0
  9
$REGENMODE
 70
1
  9
$FILLMODE
 70
1
  9
$QTEXTMODE
 70
0
  9
$MIRRTEXT
 70
1
  9
$LTSCALE
 40
1.0
  9
$ATTMODE
 70
1
  9
$TEXTSIZE
 40
2.5
  9
$TRACEWID
 40
1.0
  9
$TEXTSTYLE
  7
OpenSans
  9
$CLAYER
  8
0
  9
$CELTYPE
  6
ByLayer
  9
$CECOLOR
 62
256
  9
$CELTSCALE
 40
1.0
  9
$DISPSILH
 70
0
  9
$DIMSCALE
 40
1.0
  9
$DIMASZ
 40
0.175
  9
$DIMEXO
 40
0.125
  9
$DIMDLI
 40
3.75
  9
$DIMRND
 40
0.0
  9
$DIMDLE
 40
0.0
  9
$DIMEXE
 40
0.375
  9
$DIMTP
 40
0.0
  9
$DIMTM
 40
0.0
  9
$DIMTXT
 40
0.25
  9
$DIMCEN
 40
2.5
  9
$DIMTSZ
 40
0.0
  9
$DIMTOL
 70
0
  9
$DIMLIM
 70
0
  9
$DIMTIH
 70
0
  9
$DIMTOH
 70
0
  9
$DIMSE1
 70
0
  9
$DIMSE2
 70
0
  9
$DIMTAD
 70
1
  9
$DIMZIN
 70
12
  9
$DIMBLK
  1
ARCHTICK
  9
$DIMASO
 70
1
  9
$DIMSHO
 70
1
  9
$DIMPOST
  1

  9
$DIMAPOST
  1

  9
$DIMALT
 70
0
  9
$DIMALTD
 70
3
  9
$DIMALTF
 40
0.03937007874
  9
$DIMLFAC
 40
100.0
  9
$DIMTOFL
 70
1
  9
$DIMTVP
 40
0.0
  9
$DIMTIX
 70
0
  9
$DIMSOXD
 70
0
  9
$DIMSAH
 70
0
  9
$DIMBLK1
  1

  9
$DIMBLK2
  1

  9
$DIMSTYLE
  2
EZDXF
  9
$DIMCLRD
 70
0
  9
$DIMCLRE
 70
0
  9
$DIMCLRT
 70
0
  9
$DIMTFAC
 40
0.5
  9
$DIMGAP
 40
0.1
  9
$DIMJUST
 70
0
  9
$DIMSD1
 70
0
  9
$DIMSD2
 70
0
  9
$DIMTOLJ
 70
0
  9
$DIMTZIN
 70
8
  9
$DIMALTZ
 70
0
  9
$DIMALTTZ
 70
0
  9
$DIMUPT
 70
1
  9
$DIMDEC
 70
2
  9
$DIMTDEC
 70
2
  9
$DIMALTU
 70
2
  9
$DIMALTTD
 70
3
  9
$DIMTXSTY
  7
OpenSansCondensed-Light
  9
$DIMAUNIT
 70
0
  9
$DIMADEC
 70
2
  9
$DIMALTRND
 40
0.0
  9
$DIMAZIN
 70
3
  9
$DIMDSEP
 70
46
  9
$DIMATFIT
 70
3
  9
$DIMFRAC
 70
0
  9
$DIMLDRBLK
  1

  9
$DIMLUNIT
 70
2
  9
$DIMLWD
 70
-2
  9
$DIMLWE
 70
-2
  9
$DIMTMOVE
 70
2
  9
$DIMFXL
 40
1.0
  9
$DIMFXLON
 70
0
  9
$DIMJOGANG
 40
0.785398163397
  9
$DIMTFILL
 70
0
  9
$DIMTFILLCLR
 70
0
  9
$DIMARCSYM
 70
0
  9
$DIMLTYPE
  6

  9
$DIMLTEX1
  6

  9
$DIMLTEX2
  6

  9
$DIMTXTDIRECTION
 70
0
  9
$LUNITS
 70
2
  9
$LUPREC
 70
4
  9
$SKETCHINC
 40
1.0
  9
$FILLETRAD
 40
10.0
  9
$AUNITS
 70
0
  9
$AUPREC
 70
2
  9
$MENU
  1
.
  9
$ELEVATION
 40
0.0
  9
$PELEVATION
 40
0.0
  9
$THICKNESS
 40
0.0
  9
$LIMCHECK
 70
0
  9
$CHAMFERA
 40
0.0
  9
$CHAMFERB
 40
0.0
  9
$CHAMFERC
 40
0.0
  9
$CHAMFERD
 40
0.0
  9
$SKPOLY
 70
0
  9
$TDCREATE
 40
2451545.0
  9
$TDUCREATE
 40
2451545.0
  9
$TDUPDATE
 40
2451545.0
  9
$TDUUPDATE
 40
2451545.0
  9
$TDINDWG
 40
0.0
  9
$TDUSRTIMER
 40
0.0
  9
$USRTIMER
 70
1
  9
$ANGBASE
 50
0.0
  9
$ANGDIR
 70
0
  9
$PDMODE
 70
0
  9
$PDSIZE
 40
0.0
  9
$PLINEWID
 40
0.0
  9
$SPLFRAME
 70
0
  9
$SPLINETYPE
 70
6
  9
$SPLINESEGS
 70
8
  9
$HANDSEED
  5
604
  9
$SURFTAB1
 70
6
  9
$SURFTAB2
 70
6
  9
$SURFTYPE
 70
6
  9
$SURFU
 70
6
  9
$SURFV
 70
6
  9
$UCSBASE
  2

  9
$UCSNAME
  2

  9
$UCSORG
 10
0.0
 20
0.0
 30
0.0
  9
$UCSXDIR
 10
1.0
 20
0.0
 30
0.0
  9
$UCSYDIR
 10
0.0
 20
1.0
 30
0.0
  9
$UCSORTHOREF
  2

  9
$UCSORTHOVIEW
 70
0
  9
$UCSORGTOP
 10
0.0
 20
0.0
 30
0.0
  9
$UCSORGBOTTOM
 10
0.0
 20
0.0
 30
0.0
  9
$UCSORGLEFT
 10
0.0
 20
0.0
 30
0.0
  9
$UCSORGRIGHT
 10
0.0
 20
0.0
 30
0.0
  9
$UCSORGFRONT
 10
0.0
 20
0.0
 30
0.0
  9
$UCSORGBACK
 10
0.0
 20
0.0
 30
0.0
  9
$PUCSBASE
  2

  9
$PUCSNAME
  2

  9
$PUCSORG
 10
0.0
 20
0.0
 30
0.0
  9
$PUCSXDIR
 10
1.0
 20
0.0
 30
0.0
  9
$PUCSYDIR
 10
0.0
 20
1.0
 30
0.0
  9
$PUCSORTHOREF
  2

  9
$PUCSORTHOVIEW
 70
0
  9
$PUCSORGTOP
 10
0.0
 20
0.0
 30
0.0
  9
$PUCSORGBOTTOM
 10
0.0
 20
0.0
 30
0.0
  9
$PUCSORGLEFT
 10
0.0
 20
0.0
 30
0.0
  9
$PUCSORGRIGHT
 10
0.0
 20
0.0
 30
0.0
  9
$PUCSORGFRONT
 10
0.0
 20
0.0
 30
0.0
  9
$PUCSORGBACK
 10
0.0
 20
0.0
 30
0.0
  9
$USERI1
 70
0
  9
$USERI2
 70
0
  9
$USERI3
 70
0
  9
$USERI4
 70
0
  9
$USERI5
 70
0
  9
$USERR1
 40
0.0
  9
$USERR2
 40
0.0
  9
$USERR3
 40
0.0
  9
$USERR4
 40
0.0
  9
$USERR5
 40
0.0
  9
$WORLDVIEW
 70
1
  9
$SHADEDGE
 70
3
  9
$SHADEDIF
 70
70
  9
$TILEMODE
 70
1
  9
$MAXACTVP
 70
64
  9
$PINSBASE
 10
0.0
 20
0.0
 30
0.0
  9
$PLIMCHECK
 70
0
  9
$PEXTMIN
 10
1e+20
 20
1e+20
 30
1e+20
  9
$PEXTMAX
 10
-1e+20
 20
-1e+20
 30
-1e+20
  9
$PLIMMIN
 10
0.0
 20
0.0
  9
$PLIMMAX
 10
420.0
 20
297.0
  9
$UNITMODE
 70
0
  9
$VISRETAIN
 70
1
  9
$PLINEGEN
 70
0
  9
$PSLTSCALE
 70
1
  9
$TREEDEPTH
 70
3020
  9
$CMLSTYLE
  2
Standard
  9
$CMLJUST
 70
0
  9
$CMLSCALE
 40
20.0
  9
$PROXYGRAPHICS
 70
1
  9
$MEASUREMENT
 70
1
  9
$CELWEIGHT
370
-1
  9
$ENDCAPS
280
0
  9
$JOINSTYLE
280
0
  9
$LWDISPLAY
290
0
  9
$INSUNITS
 70
4
  9
$HYPERLINKBASE
  1

  9
$STYLESHEET
  1

  9
$XEDIT
290
1
  9
$CEPSNTYPE
380
0
  9
$PSTYLEMODE
290
1
  9
$FINGERPRINTGUID
  2
{1455D0A4-1101-5F54-A946-050BEB9B2977}
  9
$VERSIONGUID
  2
{505D41B1-21A3-5827-BCD3-BB34D64D65D1}
  9
$EXTNAMES
290
1
  9
$PSVPSCALE
 40
0.0
  9
$OLESTARTUP
290
0
  9
$SORTENTS
280
127
  9
$INDEXCTL
280
0
  9
$HIDETEXT
280
1
  9
$XCLIPFRAME
280
1
  9
$HALOGAP
280
0
  9
$OBSCOLOR
 70
257
  9
$OBSLTYPE
280
0
  9
$INTERSECTIONDISPLAY
280
0
  9
$INTERSECTIONCOLOR
 70
257
  9
$DIMASSOC
280
2
  9
$PROJECTNAME
  1

  9
$CAMERADISPLAY
290
0
  9
$LENSLENGTH
 40
50.0
  9
$CAMERAHEIGHT
 40
0.0
  9
$STEPSPERSEC
 40
24.0
  9
$STEPSIZE
 40
100.0
  9
$3DDWFPREC
 40
2.0
  9
$PSOLWIDTH
 40
0.005
  9
$PSOLHEIGHT
 40
0.08
  9
$LOFTANG1
 40
1.570796326795
  9
$LOFTANG2
 40
1.570796326795
  9
$LOFTMAG1
 40
0.0
  9
$LOFTMAG2
 40
0.0
  9
$LOFTPARAM
 70
7
  9
$LOFTNORMALS
280
1
  9
$LATITUDE
 40
37.795
  9
$LONGITUDE
 40
-122.394
  9
$NORTHDIRECTION
 40
0.0
  9
$TIMEZONE
 70
-8000
  9
$LIGHTGLYPHDISPLAY
280
1
  9
$TILEMODELIGHTSYNCH
280
1
  9
$CMATERIAL
347
20
  9
$SOLIDHIST
280
0
  9
$SHOWHIST
280
1
  9
$DWFFRAME
280
2
  9
$DGNFRAME
280
2
  9
$REALWORLDSCALE
290
1
  9
$INTERFERECOLOR
 62
256
  9
$CSHADOW
280
0
  9
$SHADOWPLANELOCATION
 40
0.0
  0
ENDSEC
  0
SECTION
  2
CLASSES
  0
CLASS
  1
ACDBDICTIONARYWDFLT
  2
AcDbDictionaryWithDefault
  3
ObjectDBX Classes
 90
0
 91
0
280
0
281
0
  0
CLASS
  1
SUN
  2
AcDbSun
  3
SCENEOE
 90
1153
 91
0
280
0
281
0
  0
CLASS
  1
VISUALSTYLE
  2
AcDbVisualStyle
  3
ObjectDBX Classes
 90
4095
 91
0
280
0
281
0
  0
CLASS
  1
MATERIAL
  2
AcDbMaterial
  3
ObjectDBX Classes
 90
1153
 91
0
280
0
281
0
  0
CLASS
  1
SCALE
  2
AcDbScale
  3
ObjectDBX Classes
 90
1153
 91
0
280
0
281
0
  0
CLASS
  1
TABLESTYLE
  2
AcDbTableStyle
  3
ObjectDBX Classes
 90
4095
 91
0
280
0
281
0
  0
CLASS
  1
MLEADERSTYLE
  2
AcDbMLeaderStyle
  3
ACDB_MLEADERSTYLE_CLASS
 90
4095
 91
0
280
0
281
0
  0
CLASS
  1
DICTIONARYVAR
  2
AcDbDictionaryVar
  3
ObjectDBX Classes
 90
0
 91
0
280
0
281
0
  0
CLASS
  1
CELLSTYLEMAP
  2
AcDbCellStyleMap
  3
ObjectDBX Classes
 90
1152
 91
0
280
0
281
0
  0
CLASS
  1
MENTALRAYRENDERSETTINGS
  2
AcDbMentalRayRenderSettings
  3
SCENEOE
 90
1024
 91
0
280
0
281
0
  0
CLASS
  1
ACDBDETAILVIEWSTYLE
  2
AcDbDetailViewStyle
  3
ObjectDBX Classes
 90
1025
 91
0
280
0
281
0
  0
CLASS
  1
ACDBSECTIONVIEWSTYLE
  2
AcDbSectionViewStyle
  3
ObjectDBX Classes
 90
1025
 91
0
280
0
281
0
  0
CLASS
  1
RASTERVARIABLES
  2
AcDbRasterVariables
  3
ISM
 90
0
 91
0
280
0
281
0
  0
CLASS
  1
ACDBPLACEHOLDER
  2
AcDbPlaceHolder
  3
ObjectDBX Classes
 90
0
 91
0
280
0
281
0
  0
CLASS
  1
LAYOUT
  2
AcDbLayout
  3
ObjectDBX Classes
 90
0
 91
0
280
0
281
0
  0
ENDSEC
  0
SECTION
  2
TABLES
  0
TABLE
  2
VPORT
  5
8
330
0
100
AcDbSymbolTable
 70
1
  0
VPORT
  5
23
330
8
100
AcDbSymbolTableRecord
100
AcDbViewportTableRecord
  2
*Active
 70
0
 10
0.0
 20
0.0
 11
1.0
 21
1.0
 12
0.0
 22
0.0
 13
0.0
 23
0.0
 14
0.5
 24
0.5
 15
0.5
 25
0.5
 16
0.0
 26
0.0
 36
1.0
 17
0.0
 27
0.0
 37
0.0
 40
1000.0
 41
1.34
 42
50.0
 43
0.0
 44
0.0
 50
0.0
 51
0.0
 71
0
 72
1000
 73
1
 74
3
 75
0
 76
0
 77
0
 78
0
281
0
 65
0
146
0.0
  0
ENDTAB
  0
TABLE
  2
LTYPE
  5
2
330
0
100
AcDbSymbolTable
 70
21
  0
LTYPE
  5
24
330
2
100
AcDbSymbolTableRecord
100
AcDbLinetypeTableRecord
  2
ByBlock
 70
0
  3

 72
65
 73
0
 40
0.0
  0
LTYPE
  5
25
330
2
100
AcDbSymbolTableRecord
100
AcDbLinetypeTableRecord
  2
ByLayer
 70
0
  3

 72
65
 73
0
 40
0.0
  0
LTYPE
  5
26
330
2
100
AcDbSymbolTableRecord
100
AcDbLinetypeTableRecord
  2
Continuous
 70
0
  3

 72
65
 73
0
 40
0.0
  0
LTYPE
  5
2F
330
2
100
AcDbSymbolTableRecord
100
AcDbLinetypeTableRecord
  2
CENTER
 70
0
  3
Center ____ _ ____ _ ____ _ ____ _ ____ _ ____
 72
65
 73
4
 40
5.08
 49
3.175
 74
0
 49
-0.635
 74
0
 49
0.635
 74
0
 49
-0.635
 74
0
  0
LTYPE
  5
30
330
2
100
AcDbSymbolTableRecord
100
AcDbLinetypeTableRecord
  2
CENTERX2
 70
0
  3
Center (2x) ________  __  ________  __  ________
 72
65
 73
4
 40
8.89
 49
6.35
 74
0
 49
-0.635
 74
0
 49
1.27
 74
0
 49
-0.635
 74
0
  0
LTYPE
  5
31
330
2
100
AcDbSymbolTableRecord
100
AcDbLinetypeTableRecord
  2
CENTER2
 70
0
  3
Center (.5x) ____ _ ____ _ ____ _ ____ _ ____
 72
65
 73
4
 40
2.54
 49
1.587
 74
0
 49
-0.318
 74
0
 49
0.318
 74
0
 49
-0.318
 74
0
  0
LTYPE
  5
32
330
2
100
AcDbSymbolTableRecord
100
AcDbLinetypeTableRecord
  2
DASHED
 70
0
  3
Dashed __ __ __ __ __ __ __ __ __ __ __ __ __ _
 72
65
 73
2
 40
1.524
 49
1.27
 74
0
 49
-0.254
 74
0
  0
LTYPE
  5
33
330
2
100
AcDbSymbolTableRecord
100
AcDbLinetypeTableRecord
  2
DASHEDX2
 70
0
  3
Dashed (2x) ____  ____  ____  ____  ____  ____
 72
65
 73
2
 40
3.048
 49
2.54
 74
0
 49
-0.508
 74
0
  0
LTYPE
  5
34
330
2
100
AcDbSymbolTableRecord
100
AcDbLinetypeTableRecord
  2
DASHED2
 70
0
  3
Dashed (.5x) _ _ _ _ _ _ _ _ _ _ _ _ _ _
 72
65
 73
2
 40
0.762
 49
0.635
 74
0
 49
-0.127
 74
0
  0
LTYPE
  5
35
330
2
100
AcDbSymbolTableRecord
100
AcDbLinetypeTableRecord
  2
PHANTOM
 70
0
  3
Phantom ______  __  __  ______  __  __  ______
 72
65
 73
6
 40
6.35
 49
3.175
 74
0
 49
-0.635
 74
0
 49
0.635
 74
0
 49
-0.635
 74
0
 49
0.635
 74
0
 49
-0.635
 74
0
  0
LTYPE
  5
36
330
2
100
AcDbSymbolTableRecord
100
AcDbLinetypeTableRecord
  2
PHANTOMX2
 70
0
  3
Phantom (2x)____________    ____    ____    ____________
 72
65
 73
6
 40
10.795
 49
6.35
 74
0
 49
-0.635
 74
0
 49
1.27
 74
0
 49
-0.635
 74
0
 49
1.27
 74
0
 49
-0.635
 74
0
  0
LTYPE
  5
37
330
2
100
AcDbSymbolTableRecord
100
AcDbLinetypeTableRecord
  2
PHANTOM2
 70
0
  3
Phantom (.5x) ___ _ _ ___ _ _ ___ _ _ ___ _ _ ___
 72
65
 73
6
 40
3.175
 49
1.587
 74
0
 49
-0.318
 74
0
 49
0.318
 74
0
 49
-0.318
 74
0
 49
0.318
 74
0
 49
-0.318
 74
0
  0
LTYPE
  5
38
330
2
100
AcDbSymbolTableRecord
100
AcDbLinetypeTableRecord
  2
DASHDOT
 70
0
  3
Dash dot __ . __ . __ . __ . __ . __ . __ . __
 72
65
 73
4
 40
3.556
 49
2.54
 74
0
 49
-0.508
 74
0
 49
0.0
 74
0
 49
-0.508
 74
0
  0
LTYPE
  5
39
330
2
100
AcDbSymbolTableRecord
100
AcDbLinetypeTableRecord
  2
DASHDOTX2
 70
0
  3
Dash dot (2x) ____  .  ____  .  ____  .  ____
 72
65
 73
4
 40
6.096
 49
5.08
 74
0
 49
-0.508
 74
0
 49
0.0
 74
0
 49
-0.508
 74
0
  0
LTYPE
  5
3A
330
2
100
AcDbSymbolTableRecord
100
AcDbLinetypeTableRecord
  2
DASHDOT2
 70
0
  3
Dash dot (.5x) _ . _ . _ . _ . _ . _ . _ . _
 72
65
 73
4
 40
1.778
 49
1.27
 74
0
 49
-0.254
 74
0
 49
0.0
 74
0
 49
-0.254
 74
0
  0
LTYPE
  5
3B
330
2
100
AcDbSymbolTableRecord
100
AcDbLinetypeTableRecord
  2
DOT
 70
0
  3
Dot .  .  .  .  .  .  .  .  .  .  .  .  .  .  .  .
 72
65
 73
2
 40
0.508
 49
0.0
 74
0
 49
-0.508
 74
0
  0
LTYPE
  5
3C
330
2
100
AcDbSymbolTableRecord
100
AcDbLinetypeTableRecord
  2
DOTX2
 70
0
  3
Dot (2x) .    .    .    .    .    .    .    . 
 72
65
 73
2
 40
1.016
 49
0.0
 74
0
 49
-1.016
 74
0
  0
LTYPE
  5
3D
330
2
100
AcDbSymbolTableRecord
100
AcDbLinetypeTableRecord
  2
DOT2
 70
0
  3
Dot (.5) . . . . . . . . . . . . . . . . . . . 
 72
65
 73
2
 40
0.254
 49
0.0
 74
0
 49
-0.254
 74
0
  0
LTYPE
  5
3E
330
2
100
AcDbSymbolTableRecord
100
AcDbLinetypeTableRecord
  2
DIVIDE
 70
0
  3
Divide __ . . __ . . __ . . __ . . __ . . __
 72
65
 73
6
 40
4.064
 49
2.54
 74
0
 49
-0.508
 74
0
 49
0.0
 74
0
 49
-0.508
 74
0
 49
0.0
 74
0
 49
-0.508
 74
0
  0
LTYPE
  5
3F
330
2
100
AcDbSymbolTableRecord
100
AcDbLinetypeTableRecord
  2
DIVIDEX2
 70
0
  3
Divide (2x) ____  . .  ____  . .  ____  . .  ____
 72
65
 73
6
 40
6.604
 49
5.08
 74
0
 49
-0.508
 74
0
 49
0.0
 74
0
 49
-0.508
 74
0
 49
0.0
 74
0
 49
-0.508
 74
0
  0
LTYPE
  5
40
330
2
100
AcDbSymbolTableRecord
100
AcDbLinetypeTableRecord
  2
DIVIDE2
 70
0
  3
Divide(.5x) _ . _ . _ . _ . _ . _ . _ . _
 72
65
 73
6
 40
2.032
 49
1.27
 74
0
 49
-0.254
 74
0
 49
0.0
 74
0
 49
-0.254
 74
0
 49
0.0
 74
0
 49
-0.254
 74
0
  0
ENDTAB
  0
TABLE
  2
LAYER
  5
1
330
0
100
AcDbSymbolTable
 70
19
  0
LAYER
  5
27
330
1
100
AcDbSymbolTableRecord
100
AcDbLayerTableRecord
  2
0
 70
0
 62
7
  6
Continuous
370
-3
390
13
347
21
  0
LAYER
  5
28
330
1
100
AcDbSymbolTableRecord
100
AcDbLayerTableRecord
  2
Defpoints
 70
0
 62
7
  6
Continuous
290
0
370
-3
390
13
347
21
  0
LAYER
  5
8B
330
1
100
AcDbSymbolTableRecord
100
AcDbLayerTableRecord
  2
A-WALL
 70
0
 62
7
  6
Continuous
370
35
390
13
347
21
  0
LAYER
  5
8C
330
1
100
AcDbSymbolTableRecord
100
AcDbLayerTableRecord
  2
A-WIND
 70
0
 62
4
  6
Continuous
370
18
390
13
347
21
  0
LAYER
  5
8D
330
1
100
AcDbSymbolTableRecord
100
AcDbLayerTableRecord
  2
A-DOOR
 70
0
 62
3
  6
Continuous
370
18
390
13
347
21
  0
LAYER
  5
8E
330
1
100
AcDbSymbolTableRecord
100
AcDbLayerTableRecord
  2
A-FLOR
 70
0
 62
8
  6
Continuous
370
13
390
13
347
21
  0
LAYER
  5
8F
330
1
100
AcDbSymbolTableRecord
100
AcDbLayerTableRecord
  2
A-FURN
 70
0
 62
8
  6
Continuous
370
13
390
13
347
21
  0
LAYER
  5
90
330
1
100
AcDbSymbolTableRecord
100
AcDbLayerTableRecord
  2
A-ANNO
 70
0
 62
7
  6
Continuous
370
18
390
13
347
21
  0
LAYER
  5
91
330
1
100
AcDbSymbolTableRecord
100
AcDbLayerTableRecord
  2
A-DIMS
 70
0
 62
7
  6
Continuous
370
13
390
13
347
21
  0
LAYER
  5
92
330
1
100
AcDbSymbolTableRecord
100
AcDbLayerTableRecord
  2
A-STAIR
 70
0
 62
7
  6
Continuous
370
18
390
13
347
21
  0
LAYER
  5
93
330
1
100
AcDbSymbolTableRecord
100
AcDbLayerTableRecord
  2
A-SITE
 70
0
 62
8
  6
Continuous
370
18
390
13
347
21
  0
LAYER
  5
94
330
1
100
AcDbSymbolTableRecord
100
AcDbLayerTableRecord
  2
A-TAGS
 70
0
 62
1
  6
Continuous
370
13
390
13
347
21
  0
LAYER
  5
95
330
1
100
AcDbSymbolTableRecord
100
AcDbLayerTableRecord
  2
A-GRID
 70
0
 62
8
  6
Continuous
370
13
390
13
347
21
  0
LAYER
  5
96
330
1
100
AcDbSymbolTableRecord
100
AcDbLayerTableRecord
  2
A-LEVL
 70
0
 62
7
  6
Continuous
370
13
390
13
347
21
  0
LAYER
  5
97
330
1
100
AcDbSymbolTableRecord
100
AcDbLayerTableRecord
  2
A-SECT
 70
0
 62
1
  6
Continuous
370
35
390
13
347
21
  0
LAYER
  5
98
330
1
100
AcDbSymbolTableRecord
100
AcDbLayerTableRecord
  2
A-EXT
 70
0
 62
30
  6
Continuous
370
18
390
13
347
21
  0
LAYER
  5
99
330
1
100
AcDbSymbolTableRecord
100
AcDbLayerTableRecord
  2
A-GATE
 70
0
 62
30
  6
Continuous
370
18
390
13
347
21
  0
LAYER
  5
9A
330
1
100
AcDbSymbolTableRecord
100
AcDbLayerTableRecord
  2
A-LAND
 70
0
 62
3
  6
Continuous
370
13
390
13
347
21
  0
LAYER
  5
9B
330
1
100
AcDbSymbolTableRecord
100
AcDbLayerTableRecord
  2
S-GRID
 70
0
 62
8
  6
Continuous
370
13
390
13
347
21
  0
ENDTAB
  0
TABLE
  2
STYLE
  5
5
330
0
100
AcDbSymbolTable
 70
26
  0
STYLE
  5
29
330
5
100
AcDbSymbolTableRecord
100
AcDbTextStyleTableRecord
  2
Standard
 70
0
 40
0.0
 41
1.0
 50
0.0
 71
0
 42
2.5
  3
txt
  4

  0
STYLE
  5
41
330
5
100
AcDbSymbolTableRecord
100
AcDbTextStyleTableRecord
  2
OpenSans-Light
 70
0
 40
0.0
 41
1.0
 50
0.0
 71
0
 42
2.5
  3
OpenSans-Light.ttf
  4

  0
STYLE
  5
42
330
5
100
AcDbSymbolTableRecord
100
AcDbTextStyleTableRecord
  2
OpenSans-Light-Italic
 70
0
 40
0.0
 41
1.0
 50
0.0
 71
0
 42
2.5
  3
OpenSans-LightItalic.ttf
  4

  0
STYLE
  5
43
330
5
100
AcDbSymbolTableRecord
100
AcDbTextStyleTableRecord
  2
OpenSans
 70
0
 40
0.0
 41
1.0
 50
0.0
 71
0
 42
2.5
  3
OpenSans-Regular.ttf
  4

  0
STYLE
  5
44
330
5
100
AcDbSymbolTableRecord
100
AcDbTextStyleTableRecord
  2
OpenSans-Italic
 70
0
 40
0.0
 41
1.0
 50
0.0
 71
0
 42
2.5
  3
OpenSans-Italic.ttf
  4

  0
STYLE
  5
45
330
5
100
AcDbSymbolTableRecord
100
AcDbTextStyleTableRecord
  2
OpenSans-SemiBold
 70
0
 40
0.0
 41
1.0
 50
0.0
 71
0
 42
2.5
  3
OpenSans-SemiBold.ttf
  4

  0
STYLE
  5
46
330
5
100
AcDbSymbolTableRecord
100
AcDbTextStyleTableRecord
  2
OpenSans-SemiBoldItalic
 70
0
 40
0.0
 41
1.0
 50
0.0
 71
0
 42
2.5
  3
OpenSans-SemiBoldItalic.ttf
  4

  0
STYLE
  5
47
330
5
100
AcDbSymbolTableRecord
100
AcDbTextStyleTableRecord
  2
OpenSans-Bold
 70
0
 40
0.0
 41
1.0
 50
0.0
 71
0
 42
2.5
  3
OpenSans-Bold.ttf
  4

  0
STYLE
  5
48
330
5
100
AcDbSymbolTableRecord
100
AcDbTextStyleTableRecord
  2
OpenSans-BoldItalic
 70
0
 40
0.0
 41
1.0
 50
0.0
 71
0
 42
2.5
  3
OpenSans-BoldItalic.ttf
  4

  0
STYLE
  5
49
330
5
100
AcDbSymbolTableRecord
100
AcDbTextStyleTableRecord
  2
OpenSans-ExtraBold
 70
0
 40
0.0
 41
1.0
 50
0.0
 71
0
 42
2.5
  3
OpenSans-ExtraBold.ttf
  4

  0
STYLE
  5
4A
330
5
100
AcDbSymbolTableRecord
100
AcDbTextStyleTableRecord
  2
OpenSans-ExtraBoldItalic
 70
0
 40
0.0
 41
1.0
 50
0.0
 71
0
 42
2.5
  3
OpenSans-ExtraBoldItalic.ttf
  4

  0
STYLE
  5
4B
330
5
100
AcDbSymbolTableRecord
100
AcDbTextStyleTableRecord
  2
OpenSansCondensed-Bold
 70
0
 40
0.0
 41
1.0
 50
0.0
 71
0
 42
2.5
  3
OpenSansCondensed-Bold.ttf
  4

  0
STYLE
  5
4C
330
5
100
AcDbSymbolTableRecord
100
AcDbTextStyleTableRecord
  2
OpenSansCondensed-Light
 70
0
 40
0.0
 41
1.0
 50
0.0
 71
0
 42
2.5
  3
OpenSansCondensed-Light.ttf
  4

  0
STYLE
  5
4D
330
5
100
AcDbSymbolTableRecord
100
AcDbTextStyleTableRecord
  2
OpenSansCondensed-Italic
 70
0
 40
0.0
 41
1.0
 50
0.0
 71
0
 42
2.5
  3
OpenSansCondensed-LightItalic.ttf
  4

  0
STYLE
  5
4E
330
5
100
AcDbSymbolTableRecord
100
AcDbTextStyleTableRecord
  2
LiberationSans
 70
0
 40
0.0
 41
1.0
 50
0.0
 71
0
 42
2.5
  3
LiberationSans-Regular.ttf
  4

  0
STYLE
  5
4F
330
5
100
AcDbSymbolTableRecord
100
AcDbTextStyleTableRecord
  2
LiberationSans-Bold
 70
0
 40
0.0
 41
1.0
 50
0.0
 71
0
 42
2.5
  3
LiberationSans-Bold.ttf
  4

  0
STYLE
  5
50
330
5
100
AcDbSymbolTableRecord
100
AcDbTextStyleTableRecord
  2
LiberationSans-BoldItalic
 70
0
 40
0.0
 41
1.0
 50
0.0
 71
0
 42
2.5
  3
LiberationSans-BoldItalic.ttf
  4

  0
STYLE
  5
51
330
5
100
AcDbSymbolTableRecord
100
AcDbTextStyleTableRecord
  2
LiberationSans-Italic
 70
0
 40
0.0
 41
1.0
 50
0.0
 71
0
 42
2.5
  3
LiberationSans-Italic.ttf
  4

  0
STYLE
  5
52
330
5
100
AcDbSymbolTableRecord
100
AcDbTextStyleTableRecord
  2
LiberationSerif
 70
0
 40
0.0
 41
1.0
 50
0.0
 71
0
 42
2.5
  3
LiberationSerif-Regular.ttf
  4

  0
STYLE
  5
53
330
5
100
AcDbSymbolTableRecord
100
AcDbTextStyleTableRecord
  2
LiberationSerif-Bold
 70
0
 40
0.0
 41
1.0
 50
0.0
 71
0
 42
2.5
  3
LiberationSerif-Bold.ttf
  4

  0
STYLE
  5
54
330
5
100
AcDbSymbolTableRecord
100
AcDbTextStyleTableRecord
  2
LiberationSerif-BoldItalic
 70
0
 40
0.0
 41
1.0
 50
0.0
 71
0
 42
2.5
  3
LiberationSerif-BoldItalic.ttf
  4

  0
STYLE
  5
55
330
5
100
AcDbSymbolTableRecord
100
AcDbTextStyleTableRecord
  2
LiberationSerif-Italic
 70
0
 40
0.0
 41
1.0
 50
0.0
 71
0
 42
2.5
  3
LiberationSerif-Italic.ttf
  4

  0
STYLE
  5
56
330
5
100
AcDbSymbolTableRecord
100
AcDbTextStyleTableRecord
  2
LiberationMono
 70
0
 40
0.0
 41
1.0
 50
0.0
 71
0
 42
2.5
  3
LiberationMono-Regular.ttf
  4

  0
STYLE
  5
57
330
5
100
AcDbSymbolTableRecord
100
AcDbTextStyleTableRecord
  2
LiberationMono-Bold
 70
0
 40
0.0
 41
1.0
 50
0.0
 71
0
 42
2.5
  3
LiberationMono-Bold.ttf
  4

  0
STYLE
  5
58
330
5
100
AcDbSymbolTableRecord
100
AcDbTextStyleTableRecord
  2
LiberationMono-BoldItalic
 70
0
 40
0.0
 41
1.0
 50
0.0
 71
0
 42
2.5
  3
LiberationMono-BoldItalic.ttf
  4

  0
STYLE
  5
59
330
5
100
AcDbSymbolTableRecord
100
AcDbTextStyleTableRecord
  2
LiberationMono-Italic
 70
0
 40
0.0
 41
1.0
 50
0.0
 71
0
 42
2.5
  3
LiberationMono-Italic.ttf
  4

  0
ENDTAB
  0
TABLE
  2
VIEW
  5
7
330
0
100
AcDbSymbolTable
 70
0
  0
ENDTAB
  0
TABLE
  2
UCS
  5
6
330
0
100
AcDbSymbolTable
 70
0
  0
ENDTAB
  0
TABLE
  2
APPID
  5
3
330
0
100
AcDbSymbolTable
 70
4
  0
APPID
  5
2A
330
3
100
AcDbSymbolTableRecord
100
AcDbRegAppTableRecord
  2
ACAD
 70
0
  0
APPID
  5
9D
330
3
100
AcDbSymbolTableRecord
100
AcDbRegAppTableRecord
  2
FLOORFORGE
 70
0
  0
APPID
  5
601
330
3
100
AcDbSymbolTableRecord
100
AcDbRegAppTableRecord
  2
HATCHBACKGROUNDCOLOR
 70
0
  0
APPID
  5
602
330
3
100
AcDbSymbolTableRecord
100
AcDbRegAppTableRecord
  2
EZDXF
 70
0
  0
ENDTAB
  0
TABLE
  2
DIMSTYLE
  5
4
330
0
100
AcDbSymbolTable
 70
13
100
AcDbDimStyleTable
  0
DIMSTYLE
105
2B
330
4
100
AcDbSymbolTableRecord
100
AcDbDimStyleTableRecord
  2
Standard
 70
0
 40
1.0
 41
2.5
 42
0.625
 43
3.75
 44
1.25
 45
0.0
 46
0.0
 47
0.0
 48
0.0
 49
2.5
140
2.5
141
2.5
142
0.0
143
0.03937007874
144
1.0
145
0.0
146
1.0
147
0.625
148
0.0
 69
0
 70
0
 71
0
 72
0
 73
0
 74
0
 75
0
 76
0
 77
1
 78
8
 79
3
170
0
171
3
172
1
173
0
174
0
175
0
176
0
177
0
178
0
179
2
271
2
272
2
273
2
274
3
275
0
276
0
277
2
278
44
279
0
280
0
281
0
282
0
283
0
284
8
285
0
286
0
288
0
289
3
290
0
371
-2
372
-2
  0
DIMSTYLE
105
73
330
4
100
AcDbSymbolTableRecord
100
AcDbDimStyleTableRecord
  2
EZDXF
 70
0
 40
1.0
 41
0.175
 42
0.125
 43
3.75
 44
0.375
 45
0.0
 46
0.0
 47
0.0
 48
0.0
 49
2.5
140
0.25
141
2.5
142
0.0
143
0.03937007874
144
100.0
145
0.0
146
0.5
147
0.1
148
0.0
 69
0
 70
0
 71
0
 72
0
 73
0
 74
0
 75
0
 76
0
 77
1
 78
12
 79
3
170
0
171
3
172
1
173
0
174
0
175
0
176
0
177
0
178
0
179
2
271
2
272
2
273
2
274
3
275
0
276
0
277
2
278
46
279
2
280
0
281
0
282
0
283
0
284
8
285
0
286
0
288
1
289
3
290
0
340
4C
342
74
371
-2
372
-2
  0
DIMSTYLE
105
7C
330
4
100
AcDbSymbolTableRecord
100
AcDbDimStyleTableRecord
  2
EZ_M_100_H25_CM
 70
0
 40
1.0
 41
0.25
 42
0.125
 43
3.75
 44
0.375
 45
0.0
 46
0.0
 47
0.0
 48
0.0
 49
2.5
140
0.25
141
2.5
142
0.125
143
0.03937007874
144
100.0
145
0.0
146
0.5
147
0.1
148
0.0
 69
0
 70
0
 71
0
 72
0
 73
0
 74
0
 75
0
 76
0
 77
1
 78
12
 79
3
170
0
171
3
172
1
173
0
174
0
175
0
176
0
177
0
178
0
179
2
271
2
272
2
273
2
274
3
275
0
276
0
277
2
278
46
279
2
280
0
281
0
282
0
283
0
284
8
285
0
286
0
288
1
289
3
290
0
340
4C
371
-2
372
-2
  0
DIMSTYLE
105
7D
330
4
100
AcDbSymbolTableRecord
100
AcDbDimStyleTableRecord
  2
EZ_M_50_H25_CM
 70
0
 40
1.0
 41
0.125
 42
0.0625
 43
3.75
 44
0.1875
 45
0.0
 46
0.0
 47
0.0
 48
0.0
 49
2.5
140
0.125
141
2.5
142
0.0625
143
0.03937007874
144
100.0
145
0.0
146
0.5
147
0.05
148
0.0
 69
0
 70
0
 71
0
 72
0
 73
0
 74
0
 75
0
 76
0
 77
1
 78
12
 79
3
170
0
171
3
172
1
173
0
174
0
175
0
176
0
177
0
178
0
179
2
271
2
272
2
273
2
274
3
275
0
276
0
277
2
278
46
279
2
280
0
281
0
282
0
283
0
284
8
285
0
286
0
288
1
289
3
290
0
340
4C
371
-2
372
-2
  0
DIMSTYLE
105
7E
330
4
100
AcDbSymbolTableRecord
100
AcDbDimStyleTableRecord
  2
EZ_M_25_H25_CM
 70
0
 40
1.0
 41
0.0625
 42
0.03125
 43
3.75
 44
0.09375
 45
0.0
 46
0.0
 47
0.0
 48
0.0
 49
2.5
140
0.0625
141
2.5
142
0.03125
143
0.03937007874
144
100.0
145
0.0
146
0.5
147
0.025
148
0.0
 69
0
 70
0
 71
0
 72
0
 73
0
 74
0
 75
0
 76
0
 77
1
 78
12
 79
3
170
0
171
3
172
1
173
0
174
0
175
0
176
0
177
0
178
0
179
2
271
2
272
2
273
2
274
3
275
0
276
0
277
2
278
46
279
2
280
0
281
0
282
0
283
0
284
8
285
0
286
0
288
1
289
3
290
0
340
4C
371
-2
372
-2
  0
DIMSTYLE
105
7F
330
4
100
AcDbSymbolTableRecord
100
AcDbDimStyleTableRecord
  2
EZ_M_20_H25_CM
 70
0
 40
1.0
 41
0.05
 42
0.025
 43
3.75
 44
0.07500000000000001
 45
0.0
 46
0.0
 47
0.0
 48
0.0
 49
2.5
140
0.05
141
2.5
142
0.025
143
0.03937007874
144
100.0
145
0.0
146
0.5
147
0.020000000000000004
148
0.0
 69
0
 70
0
 71
0
 72
0
 73
0
 74
0
 75
0
 76
0
 77
1
 78
12
 79
3
170
0
171
3
172
1
173
0
174
0
175
0
176
0
177
0
178
0
179
2
271
2
272
2
273
2
274
3
275
0
276
0
277
2
278
46
279
2
280
0
281
0
282
0
283
0
284
8
285
0
286
0
288
1
289
3
290
0
340
4C
371
-2
372
-2
  0
DIMSTYLE
105
80
330
4
100
AcDbSymbolTableRecord
100
AcDbDimStyleTableRecord
  2
EZ_M_10_H25_CM
 70
0
 40
1.0
 41
0.025
 42
0.0125
 43
3.75
 44
0.037500000000000006
 45
0.0
 46
0.0
 47
0.0
 48
0.0
 49
2.5
140
0.025
141
2.5
142
0.0125
143
0.03937007874
144
100.0
145
0.0
146
0.5
147
0.010000000000000002
148
0.0
 69
0
 70
0
 71
0
 72
0
 73
0
 74
0
 75
0
 76
0
 77
1
 78
12
 79
3
170
0
171
3
172
1
173
0
174
0
175
0
176
0
177
0
178
0
179
2
271
2
272
2
273
2
274
3
275
0
276
0
277
2
278
46
279
2
280
0
281
0
282
0
283
0
284
8
285
0
286
0
288
1
289
3
290
0
340
4C
371
-2
372
-2
  0
DIMSTYLE
105
81
330
4
100
AcDbSymbolTableRecord
100
AcDbDimStyleTableRecord
  2
EZ_M_5_H25_CM
 70
0
 40
1.0
 41
0.0125
 42
0.00625
 43
3.75
 44
0.018750000000000003
 45
0.0
 46
0.0
 47
0.0
 48
0.0
 49
2.5
140
0.0125
141
2.5
142
0.00625
143
0.03937007874
144
100.0
145
0.0
146
0.5
147
0.005000000000000001
148
0.0
 69
0
 70
0
 71
0
 72
0
 73
0
 74
0
 75
0
 76
0
 77
1
 78
12
 79
3
170
0
171
3
172
1
173
0
174
0
175
0
176
0
177
0
178
0
179
2
271
2
272
2
273
2
274
3
275
0
276
0
277
2
278
46
279
2
280
0
281
0
282
0
283
0
284
8
285
0
286
0
288
1
289
3
290
0
340
4C
371
-2
372
-2
  0
DIMSTYLE
105
82
330
4
100
AcDbSymbolTableRecord
100
AcDbDimStyleTableRecord
  2
EZ_M_1_H25_CM
 70
0
 40
1.0
 41
0.0025
 42
0.00125
 43
3.75
 44
0.00375
 45
0.0
 46
0.0
 47
0.0
 48
0.0
 49
2.5
140
0.0025
141
2.5
142
0.00125
143
0.03937007874
144
100.0
145
0.0
146
0.5
147
0.001
148
0.0
 69
0
 70
0
 71
0
 72
0
 73
0
 74
0
 75
0
 76
0
 77
1
 78
12
 79
3
170
0
171
3
172
1
173
0
174
0
175
0
176
0
177
0
178
0
179
2
271
2
272
2
273
2
274
3
275
0
276
0
277
2
278
46
279
2
280
0
281
0
282
0
283
0
284
8
285
0
286
0
288
1
289
3
290
0
340
4C
371
-2
372
-2
  0
DIMSTYLE
105
83
330
4
100
AcDbSymbolTableRecord
100
AcDbDimStyleTableRecord
  2
EZ_RADIUS
 70
0
 40
1.0
 41
0.25
 42
0.125
 43
3.75
 44
0.375
 45
0.0
 46
0.0
 47
0.0
 48
0.0
 49
2.5
140
0.25
141
0.0
142
0.0
143
0.03937007874
144
100.0
145
0.0
146
0.5
147
0.1
148
0.0
 69
0
 70
0
 71
0
 72
0
 73
0
 74
0
 75
0
 76
0
 77
1
 78
12
 79
3
170
0
171
3
172
0
173
0
174
0
175
0
176
0
177
0
178
0
179
2
271
2
272
2
273
2
274
3
275
0
276
0
277
2
278
46
279
1
280
0
281
0
282
0
283
0
284
8
285
0
286
0
288
1
289
3
290
0
340
4C
342
84
371
-2
372
-2
  0
DIMSTYLE
105
88
330
4
100
AcDbSymbolTableRecord
100
AcDbDimStyleTableRecord
  2
EZ_RADIUS_INSIDE
 70
0
 40
1.0
 41
0.25
 42
0.125
 43
3.75
 44
0.375
 45
0.0
 46
0.0
 47
0.0
 48
0.0
 49
2.5
140
0.25
141
0.0
142
0.0
143
0.03937007874
144
100.0
145
0.0
146
0.5
147
0.1
148
0.0
 69
0
 70
0
 71
0
 72
0
 73
0
 74
0
 75
0
 76
0
 77
0
 78
12
 79
3
170
0
171
3
172
0
173
0
174
1
175
0
176
0
177
0
178
0
179
2
271
2
272
2
273
2
274
3
275
0
276
0
277
2
278
46
279
0
280
0
281
0
282
0
283
0
284
8
285
0
286
0
288
1
289
0
290
0
340
4C
342
84
371
-2
372
-2
  0
DIMSTYLE
105
89
330
4
100
AcDbSymbolTableRecord
100
AcDbDimStyleTableRecord
  2
EZ_CURVED
 70
0
 40
1.0
 41
0.25
 42
0.125
 43
3.75
 44
0.375
 45
0.0
 46
0.0
 47
0.0
 48
0.0
 49
2.5
140
0.25
141
2.5
142
0.0
143
0.03937007874
144
100.0
145
0.0
146
0.5
147
0.1
148
0.0
 69
0
 70
0
 71
0
 72
0
 73
0
 74
0
 75
0
 76
0
 77
1
 78
12
 79
2
 90
2
170
0
171
3
172
1
173
0
174
0
175
0
176
0
177
0
178
0
179
2
271
2
272
2
273
2
274
3
275
0
276
0
277
2
278
46
279
2
280
0
281
0
282
0
283
0
284
8
285
0
286
0
288
1
289
3
290
0
340
4C
371
-2
372
-2
  0
DIMSTYLE
105
9C
330
4
100
AcDbSymbolTableRecord
100
AcDbDimStyleTableRecord
  2
FF-ARCH
 70
0
 40
1.0
 41
90.0
 42
120.0
 43
3.75
 44
120.0
 45
0.0
 46
0.0
 47
0.0
 48
0.0
 49
2.5
140
180.0
141
2.5
142
60.0
143
0.03937007874
144
1.0
145
0.0
146
1.0
147
60.0
148
0.0
 69
0
 70
0
 71
0
 72
0
 73
0
 74
0
 75
0
 76
0
 77
1
 78
8
 79
3
170
0
171
3
172
1
173
0
174
0
175
0
176
0
177
0
178
0
179
2
271
0
272
2
273
2
274
3
275
0
276
0
277
2
278
44
279
0
280
0
281
0
282
0
283
0
284
8
285
0
286
0
288
0
289
3
290
0
371
-2
372
-2
  0
ENDTAB
  0
TABLE
  2
BLOCK_RECORD
  5
9
330
0
100
AcDbSymbolTable
 70
35
  0
BLOCK_RECORD
  5
17
330
9
100
AcDbSymbolTableRecord
100
AcDbBlockTableRecord
  2
*Model_Space
340
1A
 70
0
280
1
281
0
  0
BLOCK_RECORD
  5
1B
330
9
100
AcDbSymbolTableRecord
100
AcDbBlockTableRecord
  2
*Paper_Space
340
1E
 70
0
280
1
281
0
  0
BLOCK_RECORD
  5
74
330
9
100
AcDbSymbolTableRecord
100
AcDbBlockTableRecord
  2
_ARCHTICK
340
0
 70
0
280
1
281
0
  0
BLOCK_RECORD
  5
78
330
9
100
AcDbSymbolTableRecord
100
AcDbBlockTableRecord
  2
_CLOSEDFILLED
340
0
 70
0
280
1
281
0
  0
BLOCK_RECORD
  5
84
330
9
100
AcDbSymbolTableRecord
100
AcDbBlockTableRecord
  2
_CLOSEDBLANK
340
0
 70
0
280
1
281
0
  0
BLOCK_RECORD
  5
2C0
330
9
100
AcDbSymbolTableRecord
100
AcDbBlockTableRecord
  2
*D1
340
0
 70
0
280
1
281
0
  0
BLOCK_RECORD
  5
2C5
330
9
100
AcDbSymbolTableRecord
100
AcDbBlockTableRecord
  2
_OBLIQUE
340
0
 70
0
280
1
281
0
  0
BLOCK_RECORD
  5
2D3
330
9
100
AcDbSymbolTableRecord
100
AcDbBlockTableRecord
  2
*D2
340
0
 70
0
280
1
281
0
  0
BLOCK_RECORD
  5
2E2
330
9
100
AcDbSymbolTableRecord
100
AcDbBlockTableRecord
  2
*D3
340
0
 70
0
280
1
281
0
  0
BLOCK_RECORD
  5
2F1
330
9
100
AcDbSymbolTableRecord
100
AcDbBlockTableRecord
  2
*D4
340
0
 70
0
280
1
281
0
  0
BLOCK_RECORD
  5
300
330
9
100
AcDbSymbolTableRecord
100
AcDbBlockTableRecord
  2
*D5
340
0
 70
0
280
1
281
0
  0
BLOCK_RECORD
  5
30F
330
9
100
AcDbSymbolTableRecord
100
AcDbBlockTableRecord
  2
*D6
340
0
 70
0
280
1
281
0
  0
BLOCK_RECORD
  5
31E
330
9
100
AcDbSymbolTableRecord
100
AcDbBlockTableRecord
  2
*D7
340
0
 70
0
280
1
281
0
  0
BLOCK_RECORD
  5
32D
330
9
100
AcDbSymbolTableRecord
100
AcDbBlockTableRecord
  2
*D8
340
0
 70
0
280
1
281
0
  0
BLOCK_RECORD
  5
33C
330
9
100
AcDbSymbolTableRecord
100
AcDbBlockTableRecord
  2
*D9
340
0
 70
0
280
1
281
0
  0
BLOCK_RECORD
  5
34B
330
9
100
AcDbSymbolTableRecord
100
AcDbBlockTableRecord
  2
*D10
340
0
 70
0
280
1
281
0
  0
BLOCK_RECORD
  5
35A
330
9
100
AcDbSymbolTableRecord
100
AcDbBlockTableRecord
  2
*D11
340
0
 70
0
280
1
281
0
  0
BLOCK_RECORD
  5
369
330
9
100
AcDbSymbolTableRecord
100
AcDbBlockTableRecord
  2
*D12
340
0
 70
0
280
1
281
0
  0
BLOCK_RECORD
  5
378
330
9
100
AcDbSymbolTableRecord
100
AcDbBlockTableRecord
  2
*D13
340
0
 70
0
280
1
281
0
  0
BLOCK_RECORD
  5
387
330
9
100
AcDbSymbolTableRecord
100
AcDbBlockTableRecord
  2
*D14
340
0
 70
0
280
1
281
0
  0
BLOCK_RECORD
  5
396
330
9
100
AcDbSymbolTableRecord
100
AcDbBlockTableRecord
  2
*D15
340
0
 70
0
280
1
281
0
  0
BLOCK_RECORD
  5
3A5
330
9
100
AcDbSymbolTableRecord
100
AcDbBlockTableRecord
  2
*D16
340
0
 70
0
280
1
281
0
  0
BLOCK_RECORD
  5
3B4
330
9
100
AcDbSymbolTableRecord
100
AcDbBlockTableRecord
  2
*D17
340
0
 70
0
280
1
281
0
  0
BLOCK_RECORD
  5
3C3
330
9
100
AcDbSymbolTableRecord
100
AcDbBlockTableRecord
  2
*D18
340
0
 70
0
280
1
281
0
  0
BLOCK_RECORD
  5
3FA
330
9
100
AcDbSymbolTableRecord
100
AcDbBlockTableRecord
  2
*Paper_Space0
340
3FD
 70
0
280
1
281
0
  0
BLOCK_RECORD
  5
524
330
9
100
AcDbSymbolTableRecord
100
AcDbBlockTableRecord
  2
*D19
340
0
 70
0
280
1
281
0
  0
BLOCK_RECORD
  5
533
330
9
100
AcDbSymbolTableRecord
100
AcDbBlockTableRecord
  2
*D20
340
0
 70
0
280
1
281
0
  0
BLOCK_RECORD
  5
542
330
9
100
AcDbSymbolTableRecord
100
AcDbBlockTableRecord
  2
*D21
340
0
 70
0
280
1
281
0
  0
BLOCK_RECORD
  5
551
330
9
100
AcDbSymbolTableRecord
100
AcDbBlockTableRecord
  2
*D22
340
0
 70
0
280
1
281
0
  0
BLOCK_RECORD
  5
585
330
9
100
AcDbSymbolTableRecord
100
AcDbBlockTableRecord
  2
*Paper_Space1
340
588
 70
0
280
1
281
0
  0
BLOCK_RECORD
  5
5A5
330
9
100
AcDbSymbolTableRecord
100
AcDbBlockTableRecord
  2
*D23
340
0
 70
0
280
1
281
0
  0
BLOCK_RECORD
  5
5B4
330
9
100
AcDbSymbolTableRecord
100
AcDbBlockTableRecord
  2
*D24
340
0
 70
0
280
1
281
0
  0
BLOCK_RECORD
  5
5C3
330
9
100
AcDbSymbolTableRecord
100
AcDbBlockTableRecord
  2
*D25
340
0
 70
0
280
1
281
0
  0
BLOCK_RECORD
  5
5D2
330
9
100
AcDbSymbolTableRecord
100
AcDbBlockTableRecord
  2
*D26
340
0
 70
0
280
1
281
0
  0
BLOCK_RECORD
  5
5FA
330
9
100
AcDbSymbolTableRecord
100
AcDbBlockTableRecord
  2
*Paper_Space2
340
5FD
 70
0
280
1
281
0
  0
ENDTAB
  0
ENDSEC
  0
SECTION
  2
BLOCKS
  0
BLOCK
  5
18
330
17
100
AcDbEntity
  8
0
100
AcDbBlockBegin
  2
*Model_Space
 70
0
 10
0.0
 20
0.0
 30
0.0
  3
*Model_Space
  1

  0
ENDBLK
  5
19
330
17
100
AcDbEntity
  8
0
100
AcDbBlockEnd
  0
BLOCK
  5
1C
330
1B
100
AcDbEntity
  8
0
100
AcDbBlockBegin
  2
*Paper_Space
 70
0
 10
0.0
 20
0.0
 30
0.0
  3
*Paper_Space
  1

  0
ENDBLK
  5
1D
330
1B
100
AcDbEntity
  8
0
100
AcDbBlockEnd
  0
BLOCK
  5
75
330
74
100
AcDbEntity
  8
0
100
AcDbBlockBegin
  2
_ARCHTICK
 70
0
 10
0.0
 20
0.0
 30
0.0
  3
_ARCHTICK
  1

  0
LWPOLYLINE
  5
77
330
74
100
AcDbEntity
  8
0
  6
BYBLOCK
 62
0
100
AcDbPolyline
 90
2
 70
0
 43
0.15
 10
-0.5
 20
-0.5
 10
0.5
 20
0.5
  0
ENDBLK
  5
76
330
74
100
AcDbEntity
  8
0
100
AcDbBlockEnd
  0
BLOCK
  5
79
330
78
100
AcDbEntity
  8
0
100
AcDbBlockBegin
  2
_CLOSEDFILLED
 70
0
 10
0.0
 20
0.0
 30
0.0
  3
_CLOSEDFILLED
  1

  0
SOLID
  5
7B
330
78
100
AcDbEntity
  8
0
  6
BYBLOCK
 62
0
100
AcDbTrace
 10
-1.0
 20
0.16439898372402537
 30
0.0
 11
0.0
 21
0.0
 31
0.0
 12
-1.0
 22
-0.16439898372402537
 32
0.0
 13
-1.0
 23
-0.16439898372402537
 33
0.0
  0
ENDBLK
  5
7A
330
78
100
AcDbEntity
  8
0
100
AcDbBlockEnd
  0
BLOCK
  5
85
330
84
100
AcDbEntity
  8
0
100
AcDbBlockBegin
  2
_CLOSEDBLANK
 70
0
 10
0.0
 20
0.0
 30
0.0
  3
_CLOSEDBLANK
  1

  0
LWPOLYLINE
  5
87
330
84
100
AcDbEntity
  8
0
  6
BYBLOCK
 62
0
100
AcDbPolyline
 90
3
 70
1
 10
-1.0
 20
0.16439898372402537
 10
0.0
 20
0.0
 10
-1.0
 20
-0.16439898372402537
  0
ENDBLK
  5
86
330
84
100
AcDbEntity
  8
0
100
AcDbBlockEnd
  0
BLOCK
  5
2C1
330
2C0
100
AcDbEntity
  8
0
100
AcDbBlockBegin
  2
*D1
 70
1
 10
0.0
 20
0.0
 30
0.0
  3
*D1
  1

  0
LINE
  5
2C3
330
2C0
100
AcDbEntity
  8
0
100
AcDbLine
 10
0.0
 20
-119.99999999999999
 30
0.0
 11
0.0
 21
-2158.0
 31
0.0
  0
LINE
  5
2C4
330
2C0
100
AcDbEntity
  8
0
100
AcDbLine
 10
4074.0
 20
-119.99999999999999
 30
0.0
 11
4074.0
 21
-2158.0
 31
0.0
  0
INSERT
  5
2C9
330
2C0
100
AcDbEntity
  8
A-DIMS
100
AcDbBlockReference
  2
_OBLIQUE
 10
0.0
 20
-2038.0
 30
0.0
 41
120.0
 42
120.0
  0
INSERT
  5
2CB
330
2C0
100
AcDbEntity
  8
A-DIMS
100
AcDbBlockReference
  2
_OBLIQUE
 10
4074.0
 20
-2038.0
 30
0.0
 41
120.0
 42
120.0
  0
LINE
  5
2CD
330
2C0
100
AcDbEntity
  8
0
100
AcDbLine
 10
0.0
 20
-2038.0
 30
0.0
 11
4074.0
 21
-2038.0
 31
0.0
  0
MTEXT
  5
2CE
330
2C0
100
AcDbEntity
  8
A-DIMS
100
AcDbMText
 10
2037.0
 20
-1888.0
 30
0.0
 40
180.0
 71
5
  1
4074
  7
OpenSansCondensed-Light
  0
POINT
  5
2CF
330
2C0
100
AcDbEntity
  8
Defpoints
100
AcDbPoint
 10
0.0
 20
-2038.0
 30
0.0
  0
POINT
  5
2D0
330
2C0
100
AcDbEntity
  8
Defpoints
100
AcDbPoint
 10
0.0
 20
0.0
 30
0.0
  0
POINT
  5
2D1
330
2C0
100
AcDbEntity
  8
Defpoints
100
AcDbPoint
 10
4074.0
 20
0.0
 30
0.0
  0
ENDBLK
  5
2C2
330
2C0
100
AcDbEntity
  8
0
100
AcDbBlockEnd
  0
BLOCK
  5
2C6
330
2C5
100
AcDbEntity
  8
0
100
AcDbBlockBegin
  2
_OBLIQUE
 70
0
 10
0.0
 20
0.0
 30
0.0
  3
_OBLIQUE
  1

  0
LINE
  5
2C8
330
2C5
100
AcDbEntity
  8
0
  6
BYBLOCK
 62
0
100
AcDbLine
 10
-0.5
 20
-0.5
 30
0.0
 11
0.5
 21
0.5
 31
0.0
  0
ENDBLK
  5
2C7
330
2C5
100
AcDbEntity
  8
0
100
AcDbBlockEnd
  0
BLOCK
  5
2D4
330
2D3
100
AcDbEntity
  8
0
100
AcDbBlockBegin
  2
*D2
 70
1
 10
0.0
 20
0.0
 30
0.0
  3
*D2
  1

  0
LINE
  5
2D6
330
2D3
100
AcDbEntity
  8
0
100
AcDbLine
 10
4074.0
 20
-119.99999999999999
 30
0.0
 11
4074.0
 21
-2158.0
 31
0.0
  0
LINE
  5
2D7
330
2D3
100
AcDbEntity
  8
0
100
AcDbLine
 10
6674.0
 20
-119.99999999999999
 30
0.0
 11
6674.0
 21
-2158.0
 31
0.0
  0
INSERT
  5
2D8
330
2D3
100
AcDbEntity
  8
A-DIMS
100
AcDbBlockReference
  2
_OBLIQUE
 10
4074.0
 20
-2038.0
 30
0.0
 41
120.0
 42
120.0
  0
INSERT
  5
2DA
330
2D3
100
AcDbEntity
  8
A-DIMS
100
AcDbBlockReference
  2
_OBLIQUE
 10
6674.0
 20
-2038.0
 30
0.0
 41
120.0
 42
120.0
  0
LINE
  5
2DC
330
2D3
100
AcDbEntity
  8
0
100
AcDbLine
 10
4074.0
 20
-2038.0
 30
0.0
 11
6674.0
 21
-2038.0
 31
0.0
  0
MTEXT
  5
2DD
330
2D3
100
AcDbEntity
  8
A-DIMS
100
AcDbMText
 10
5374.0
 20
-1888.0
 30
0.0
 40
180.0
 71
5
  1
2600
  7
OpenSansCondensed-Light
  0
POINT
  5
2DE
330
2D3
100
AcDbEntity
  8
Defpoints
100
AcDbPoint
 10
4074.0
 20
-2038.0
 30
0.0
  0
POINT
  5
2DF
330
2D3
100
AcDbEntity
  8
Defpoints
100
AcDbPoint
 10
4074.0
 20
0.0
 30
0.0
  0
POINT
  5
2E0
330
2D3
100
AcDbEntity
  8
Defpoints
100
AcDbPoint
 10
6674.0
 20
0.0
 30
0.0
  0
ENDBLK
  5
2D5
330
2D3
100
AcDbEntity
  8
0
100
AcDbBlockEnd
  0
BLOCK
  5
2E3
330
2E2
100
AcDbEntity
  8
0
100
AcDbBlockBegin
  2
*D3
 70
1
 10
0.0
 20
0.0
 30
0.0
  3
*D3
  1

  0
LINE
  5
2E5
330
2E2
100
AcDbEntity
  8
0
100
AcDbLine
 10
6674.0
 20
-119.99999999999999
 30
0.0
 11
6674.0
 21
-2158.0
 31
0.0
  0
LINE
  5
2E6
330
2E2
100
AcDbEntity
  8
0
100
AcDbLine
 10
7674.0
 20
-119.99999999999999
 30
0.0
 11
7674.0
 21
-2158.0
 31
0.0
  0
INSERT
  5
2E7
330
2E2
100
AcDbEntity
  8
A-DIMS
100
AcDbBlockReference
  2
_OBLIQUE
 10
6674.0
 20
-2038.0
 30
0.0
 41
120.0
 42
120.0
  0
INSERT
  5
2E9
330
2E2
100
AcDbEntity
  8
A-DIMS
100
AcDbBlockReference
  2
_OBLIQUE
 10
7674.0
 20
-2038.0
 30
0.0
 41
120.0
 42
120.0
  0
LINE
  5
2EB
330
2E2
100
AcDbEntity
  8
0
100
AcDbLine
 10
6674.0
 20
-2038.0
 30
0.0
 11
7674.0
 21
-2038.0
 31
0.0
  0
MTEXT
  5
2EC
330
2E2
100
AcDbEntity
  8
A-DIMS
100
AcDbMText
 10
7174.0
 20
-1888.0
 30
0.0
 40
180.0
 71
5
  1
1000
  7
OpenSansCondensed-Light
  0
POINT
  5
2ED
330
2E2
100
AcDbEntity
  8
Defpoints
100
AcDbPoint
 10
6674.0
 20
-2038.0
 30
0.0
  0
POINT
  5
2EE
330
2E2
100
AcDbEntity
  8
Defpoints
100
AcDbPoint
 10
6674.0
 20
0.0
 30
0.0
  0
POINT
  5
2EF
330
2E2
100
AcDbEntity
  8
Defpoints
100
AcDbPoint
 10
7674.0
 20
0.0
 30
0.0
  0
ENDBLK
  5
2E4
330
2E2
100
AcDbEntity
  8
0
100
AcDbBlockEnd
  0
BLOCK
  5
2F2
330
2F1
100
AcDbEntity
  8
0
100
AcDbBlockBegin
  2
*D4
 70
1
 10
0.0
 20
0.0
 30
0.0
  3
*D4
  1

  0
LINE
  5
2F4
330
2F1
100
AcDbEntity
  8
0
100
AcDbLine
 10
7674.0
 20
-119.99999999999999
 30
0.0
 11
7674.0
 21
-2158.0
 31
0.0
  0
LINE
  5
2F5
330
2F1
100
AcDbEntity
  8
0
100
AcDbLine
 10
9174.0
 20
-119.99999999999999
 30
0.0
 11
9174.0
 21
-2158.0
 31
0.0
  0
INSERT
  5
2F6
330
2F1
100
AcDbEntity
  8
A-DIMS
100
AcDbBlockReference
  2
_OBLIQUE
 10
7674.0
 20
-2038.0
 30
0.0
 41
120.0
 42
120.0
  0
INSERT
  5
2F8
330
2F1
100
AcDbEntity
  8
A-DIMS
100
AcDbBlockReference
  2
_OBLIQUE
 10
9174.0
 20
-2038.0
 30
0.0
 41
120.0
 42
120.0
  0
LINE
  5
2FA
330
2F1
100
AcDbEntity
  8
0
100
AcDbLine
 10
7674.0
 20
-2038.0
 30
0.0
 11
9174.0
 21
-2038.0
 31
0.0
  0
MTEXT
  5
2FB
330
2F1
100
AcDbEntity
  8
A-DIMS
100
AcDbMText
 10
8424.0
 20
-1888.0
 30
0.0
 40
180.0
 71
5
  1
1500
  7
OpenSansCondensed-Light
  0
POINT
  5
2FC
330
2F1
100
AcDbEntity
  8
Defpoints
100
AcDbPoint
 10
7674.0
 20
-2038.0
 30
0.0
  0
POINT
  5
2FD
330
2F1
100
AcDbEntity
  8
Defpoints
100
AcDbPoint
 10
7674.0
 20
0.0
 30
0.0
  0
POINT
  5
2FE
330
2F1
100
AcDbEntity
  8
Defpoints
100
AcDbPoint
 10
9174.0
 20
0.0
 30
0.0
  0
ENDBLK
  5
2F3
330
2F1
100
AcDbEntity
  8
0
100
AcDbBlockEnd
  0
BLOCK
  5
301
330
300
100
AcDbEntity
  8
0
100
AcDbBlockBegin
  2
*D5
 70
1
 10
0.0
 20
0.0
 30
0.0
  3
*D5
  1

  0
LINE
  5
303
330
300
100
AcDbEntity
  8
0
100
AcDbLine
 10
9174.0
 20
-119.99999999999999
 30
0.0
 11
9174.0
 21
-2158.0
 31
0.0
  0
LINE
  5
304
330
300
100
AcDbEntity
  8
0
100
AcDbLine
 10
9724.0
 20
-119.99999999999999
 30
0.0
 11
9724.0
 21
-2158.0
 31
0.0
  0
INSERT
  5
305
330
300
100
AcDbEntity
  8
A-DIMS
100
AcDbBlockReference
  2
_OBLIQUE
 10
9174.0
 20
-2038.0
 30
0.0
 41
120.0
 42
120.0
  0
INSERT
  5
307
330
300
100
AcDbEntity
  8
A-DIMS
100
AcDbBlockReference
  2
_OBLIQUE
 10
9724.0
 20
-2038.0
 30
0.0
 41
120.0
 42
120.0
  0
LINE
  5
309
330
300
100
AcDbEntity
  8
0
100
AcDbLine
 10
9174.0
 20
-2038.0
 30
0.0
 11
9724.0
 21
-2038.0
 31
0.0
  0
MTEXT
  5
30A
330
300
100
AcDbEntity
  8
A-DIMS
100
AcDbMText
 10
9449.0
 20
-1888.0
 30
0.0
 40
180.0
 71
5
  1
550
  7
OpenSansCondensed-Light
  0
POINT
  5
30B
330
300
100
AcDbEntity
  8
Defpoints
100
AcDbPoint
 10
9174.0
 20
-2038.0
 30
0.0
  0
POINT
  5
30C
330
300
100
AcDbEntity
  8
Defpoints
100
AcDbPoint
 10
9174.0
 20
0.0
 30
0.0
  0
POINT
  5
30D
330
300
100
AcDbEntity
  8
Defpoints
100
AcDbPoint
 10
9724.0
 20
0.0
 30
0.0
  0
ENDBLK
  5
302
330
300
100
AcDbEntity
  8
0
100
AcDbBlockEnd
  0
BLOCK
  5
310
330
30F
100
AcDbEntity
  8
0
100
AcDbBlockBegin
  2
*D6
 70
1
 10
0.0
 20
0.0
 30
0.0
  3
*D6
  1

  0
LINE
  5
312
330
30F
100
AcDbEntity
  8
0
100
AcDbLine
 10
9724.0
 20
-119.99999999999999
 30
0.0
 11
9724.0
 21
-2158.0
 31
0.0
  0
LINE
  5
313
330
30F
100
AcDbEntity
  8
0
100
AcDbLine
 10
10724.0
 20
-119.99999999999999
 30
0.0
 11
10724.0
 21
-2158.0
 31
0.0
  0
INSERT
  5
314
330
30F
100
AcDbEntity
  8
A-DIMS
100
AcDbBlockReference
  2
_OBLIQUE
 10
9724.0
 20
-2038.0
 30
0.0
 41
120.0
 42
120.0
  0
INSERT
  5
316
330
30F
100
AcDbEntity
  8
A-DIMS
100
AcDbBlockReference
  2
_OBLIQUE
 10
10724.0
 20
-2038.0
 30
0.0
 41
120.0
 42
120.0
  0
LINE
  5
318
330
30F
100
AcDbEntity
  8
0
100
AcDbLine
 10
9724.0
 20
-2038.0
 30
0.0
 11
10724.0
 21
-2038.0
 31
0.0
  0
MTEXT
  5
319
330
30F
100
AcDbEntity
  8
A-DIMS
100
AcDbMText
 10
10224.0
 20
-1888.0
 30
0.0
 40
180.0
 71
5
  1
1000
  7
OpenSansCondensed-Light
  0
POINT
  5
31A
330
30F
100
AcDbEntity
  8
Defpoints
100
AcDbPoint
 10
9724.0
 20
-2038.0
 30
0.0
  0
POINT
  5
31B
330
30F
100
AcDbEntity
  8
Defpoints
100
AcDbPoint
 10
9724.0
 20
0.0
 30
0.0
  0
POINT
  5
31C
330
30F
100
AcDbEntity
  8
Defpoints
100
AcDbPoint
 10
10724.0
 20
0.0
 30
0.0
  0
ENDBLK
  5
311
330
30F
100
AcDbEntity
  8
0
100
AcDbBlockEnd
  0
BLOCK
  5
31F
330
31E
100
AcDbEntity
  8
0
100
AcDbBlockBegin
  2
*D7
 70
1
 10
0.0
 20
0.0
 30
0.0
  3
*D7
  1

  0
LINE
  5
321
330
31E
100
AcDbEntity
  8
0
100
AcDbLine
 10
10724.0
 20
-119.99999999999999
 30
0.0
 11
10724.0
 21
-2158.0
 31
0.0
  0
LINE
  5
322
330
31E
100
AcDbEntity
  8
0
100
AcDbLine
 10
11124.0
 20
-119.99999999999999
 30
0.0
 11
11124.0
 21
-2158.0
 31
0.0
  0
INSERT
  5
323
330
31E
100
AcDbEntity
  8
A-DIMS
100
AcDbBlockReference
  2
_OBLIQUE
 10
10724.0
 20
-2038.0
 30
0.0
 41
120.0
 42
120.0
  0
INSERT
  5
325
330
31E
100
AcDbEntity
  8
A-DIMS
100
AcDbBlockReference
  2
_OBLIQUE
 10
11124.0
 20
-2038.0
 30
0.0
 41
120.0
 42
120.0
  0
LINE
  5
327
330
31E
100
AcDbEntity
  8
0
100
AcDbLine
 10
10724.0
 20
-2038.0
 30
0.0
 11
11124.0
 21
-2038.0
 31
0.0
  0
MTEXT
  5
328
330
31E
100
AcDbEntity
  8
A-DIMS
100
AcDbMText
 10
10924.0
 20
-1768.0
 30
0.0
 40
180.0
 71
5
  1
400
  7
OpenSansCondensed-Light
  0
POINT
  5
329
330
31E
100
AcDbEntity
  8
Defpoints
100
AcDbPoint
 10
10724.0
 20
-2038.0
 30
0.0
  0
POINT
  5
32A
330
31E
100
AcDbEntity
  8
Defpoints
100
AcDbPoint
 10
10724.0
 20
0.0
 30
0.0
  0
POINT
  5
32B
330
31E
100
AcDbEntity
  8
Defpoints
100
AcDbPoint
 10
11124.0
 20
0.0
 30
0.0
  0
ENDBLK
  5
320
330
31E
100
AcDbEntity
  8
0
100
AcDbBlockEnd
  0
BLOCK
  5
32E
330
32D
100
AcDbEntity
  8
0
100
AcDbBlockBegin
  2
*D8
 70
1
 10
0.0
 20
0.0
 30
0.0
  3
*D8
  1

  0
LINE
  5
330
330
32D
100
AcDbEntity
  8
0
100
AcDbLine
 10
11124.0
 20
-119.99999999999999
 30
0.0
 11
11124.0
 21
-2158.0
 31
0.0
  0
LINE
  5
331
330
32D
100
AcDbEntity
  8
0
100
AcDbLine
 10
12524.0
 20
-119.99999999999999
 30
0.0
 11
12524.0
 21
-2158.0
 31
0.0
  0
INSERT
  5
332
330
32D
100
AcDbEntity
  8
A-DIMS
100
AcDbBlockReference
  2
_OBLIQUE
 10
11124.0
 20
-2038.0
 30
0.0
 41
120.0
 42
120.0
  0
INSERT
  5
334
330
32D
100
AcDbEntity
  8
A-DIMS
100
AcDbBlockReference
  2
_OBLIQUE
 10
12524.0
 20
-2038.0
 30
0.0
 41
120.0
 42
120.0
  0
LINE
  5
336
330
32D
100
AcDbEntity
  8
0
100
AcDbLine
 10
11124.0
 20
-2038.0
 30
0.0
 11
12524.0
 21
-2038.0
 31
0.0
  0
MTEXT
  5
337
330
32D
100
AcDbEntity
  8
A-DIMS
100
AcDbMText
 10
11824.0
 20
-1888.0
 30
0.0
 40
180.0
 71
5
  1
1400
  7
OpenSansCondensed-Light
  0
POINT
  5
338
330
32D
100
AcDbEntity
  8
Defpoints
100
AcDbPoint
 10
11124.0
 20
-2038.0
 30
0.0
  0
POINT
  5
339
330
32D
100
AcDbEntity
  8
Defpoints
100
AcDbPoint
 10
11124.0
 20
0.0
 30
0.0
  0
POINT
  5
33A
330
32D
100
AcDbEntity
  8
Defpoints
100
AcDbPoint
 10
12524.0
 20
0.0
 30
0.0
  0
ENDBLK
  5
32F
330
32D
100
AcDbEntity
  8
0
100
AcDbBlockEnd
  0
BLOCK
  5
33D
330
33C
100
AcDbEntity
  8
0
100
AcDbBlockBegin
  2
*D9
 70
1
 10
0.0
 20
0.0
 30
0.0
  3
*D9
  1

  0
LINE
  5
33F
330
33C
100
AcDbEntity
  8
0
100
AcDbLine
 10
12524.0
 20
-119.99999999999999
 30
0.0
 11
12524.0
 21
-2158.0
 31
0.0
  0
LINE
  5
340
330
33C
100
AcDbEntity
  8
0
100
AcDbLine
 10
12774.0
 20
-119.99999999999999
 30
0.0
 11
12774.0
 21
-2158.0
 31
0.0
  0
INSERT
  5
341
330
33C
100
AcDbEntity
  8
A-DIMS
100
AcDbBlockReference
  2
_OBLIQUE
 10
12524.0
 20
-2038.0
 30
0.0
 41
120.0
 42
120.0
  0
INSERT
  5
343
330
33C
100
AcDbEntity
  8
A-DIMS
100
AcDbBlockReference
  2
_OBLIQUE
 10
12774.0
 20
-2038.0
 30
0.0
 41
120.0
 42
120.0
  0
LINE
  5
345
330
33C
100
AcDbEntity
  8
0
100
AcDbLine
 10
12524.0
 20
-2038.0
 30
0.0
 11
12774.0
 21
-2038.0
 31
0.0
  0
MTEXT
  5
346
330
33C
100
AcDbEntity
  8
A-DIMS
100
AcDbMText
 10
12649.0
 20
-1768.0
 30
0.0
 40
180.0
 71
5
  1
250
  7
OpenSansCondensed-Light
  0
POINT
  5
347
330
33C
100
AcDbEntity
  8
Defpoints
100
AcDbPoint
 10
12524.0
 20
-2038.0
 30
0.0
  0
POINT
  5
348
330
33C
100
AcDbEntity
  8
Defpoints
100
AcDbPoint
 10
12524.0
 20
0.0
 30
0.0
  0
POINT
  5
349
330
33C
100
AcDbEntity
  8
Defpoints
100
AcDbPoint
 10
12774.0
 20
0.0
 30
0.0
  0
ENDBLK
  5
33E
330
33C
100
AcDbEntity
  8
0
100
AcDbBlockEnd
  0
BLOCK
  5
34C
330
34B
100
AcDbEntity
  8
0
100
AcDbBlockBegin
  2
*D10
 70
1
 10
0.0
 20
0.0
 30
0.0
  3
*D10
  1

  0
LINE
  5
34E
330
34B
100
AcDbEntity
  8
0
100
AcDbLine
 10
12774.0
 20
-119.99999999999999
 30
0.0
 11
12774.0
 21
-2158.0
 31
0.0
  0
LINE
  5
34F
330
34B
100
AcDbEntity
  8
0
100
AcDbLine
 10
13974.0
 20
-119.99999999999999
 30
0.0
 11
13974.0
 21
-2158.0
 31
0.0
  0
INSERT
  5
350
330
34B
100
AcDbEntity
  8
A-DIMS
100
AcDbBlockReference
  2
_OBLIQUE
 10
12774.0
 20
-2038.0
 30
0.0
 41
120.0
 42
120.0
  0
INSERT
  5
352
330
34B
100
AcDbEntity
  8
A-DIMS
100
AcDbBlockReference
  2
_OBLIQUE
 10
13974.0
 20
-2038.0
 30
0.0
 41
120.0
 42
120.0
  0
LINE
  5
354
330
34B
100
AcDbEntity
  8
0
100
AcDbLine
 10
12774.0
 20
-2038.0
 30
0.0
 11
13974.0
 21
-2038.0
 31
0.0
  0
MTEXT
  5
355
330
34B
100
AcDbEntity
  8
A-DIMS
100
AcDbMText
 10
13374.0
 20
-1888.0
 30
0.0
 40
180.0
 71
5
  1
1200
  7
OpenSansCondensed-Light
  0
POINT
  5
356
330
34B
100
AcDbEntity
  8
Defpoints
100
AcDbPoint
 10
12774.0
 20
-2038.0
 30
0.0
  0
POINT
  5
357
330
34B
100
AcDbEntity
  8
Defpoints
100
AcDbPoint
 10
12774.0
 20
0.0
 30
0.0
  0
POINT
  5
358
330
34B
100
AcDbEntity
  8
Defpoints
100
AcDbPoint
 10
13974.0
 20
0.0
 30
0.0
  0
ENDBLK
  5
34D
330
34B
100
AcDbEntity
  8
0
100
AcDbBlockEnd
  0
BLOCK
  5
35B
330
35A
100
AcDbEntity
  8
0
100
AcDbBlockBegin
  2
*D11
 70
1
 10
0.0
 20
0.0
 30
0.0
  3
*D11
  1

  0
LINE
  5
35D
330
35A
100
AcDbEntity
  8
0
100
AcDbLine
 10
13974.0
 20
-119.99999999999999
 30
0.0
 11
13974.0
 21
-2158.0
 31
0.0
  0
LINE
  5
35E
330
35A
100
AcDbEntity
  8
0
100
AcDbLine
 10
18138.0
 20
-119.99999999999999
 30
0.0
 11
18138.0
 21
-2158.0
 31
0.0
  0
INSERT
  5
35F
330
35A
100
AcDbEntity
  8
A-DIMS
100
AcDbBlockReference
  2
_OBLIQUE
 10
13974.0
 20
-2038.0
 30
0.0
 41
120.0
 42
120.0
  0
INSERT
  5
361
330
35A
100
AcDbEntity
  8
A-DIMS
100
AcDbBlockReference
  2
_OBLIQUE
 10
18138.0
 20
-2038.0
 30
0.0
 41
120.0
 42
120.0
  0
LINE
  5
363
330
35A
100
AcDbEntity
  8
0
100
AcDbLine
 10
13974.0
 20
-2038.0
 30
0.0
 11
18138.0
 21
-2038.0
 31
0.0
  0
MTEXT
  5
364
330
35A
100
AcDbEntity
  8
A-DIMS
100
AcDbMText
 10
16056.0
 20
-1888.0
 30
0.0
 40
180.0
 71
5
  1
4164
  7
OpenSansCondensed-Light
  0
POINT
  5
365
330
35A
100
AcDbEntity
  8
Defpoints
100
AcDbPoint
 10
13974.0
 20
-2038.0
 30
0.0
  0
POINT
  5
366
330
35A
100
AcDbEntity
  8
Defpoints
100
AcDbPoint
 10
13974.0
 20
0.0
 30
0.0
  0
POINT
  5
367
330
35A
100
AcDbEntity
  8
Defpoints
100
AcDbPoint
 10
18138.0
 20
0.0
 30
0.0
  0
ENDBLK
  5
35C
330
35A
100
AcDbEntity
  8
0
100
AcDbBlockEnd
  0
BLOCK
  5
36A
330
369
100
AcDbEntity
  8
0
100
AcDbBlockBegin
  2
*D12
 70
1
 10
0.0
 20
0.0
 30
0.0
  3
*D12
  1

  0
LINE
  5
36C
330
369
100
AcDbEntity
  8
0
100
AcDbLine
 10
0.0
 20
-120.0
 30
0.0
 11
0.0
 21
-2608.0
 31
0.0
  0
LINE
  5
36D
330
369
100
AcDbEntity
  8
0
100
AcDbLine
 10
18138.0
 20
-120.0
 30
0.0
 11
18138.0
 21
-2608.0
 31
0.0
  0
INSERT
  5
36E
330
369
100
AcDbEntity
  8
A-DIMS
100
AcDbBlockReference
  2
_OBLIQUE
 10
0.0
 20
-2488.0
 30
0.0
 41
120.0
 42
120.0
  0
INSERT
  5
370
330
369
100
AcDbEntity
  8
A-DIMS
100
AcDbBlockReference
  2
_OBLIQUE
 10
18138.0
 20
-2488.0
 30
0.0
 41
120.0
 42
120.0
  0
LINE
  5
372
330
369
100
AcDbEntity
  8
0
100
AcDbLine
 10
0.0
 20
-2488.0
 30
0.0
 11
18138.0
 21
-2488.0
 31
0.0
  0
MTEXT
  5
373
330
369
100
AcDbEntity
  8
A-DIMS
100
AcDbMText
 10
9069.0
 20
-2338.0
 30
0.0
 40
180.0
 71
5
  1
18138
  7
OpenSansCondensed-Light
  0
POINT
  5
374
330
369
100
AcDbEntity
  8
Defpoints
100
AcDbPoint
 10
0.0
 20
-2488.0
 30
0.0
  0
POINT
  5
375
330
369
100
AcDbEntity
  8
Defpoints
100
AcDbPoint
 10
0.0
 20
0.0
 30
0.0
  0
POINT
  5
376
330
369
100
AcDbEntity
  8
Defpoints
100
AcDbPoint
 10
18138.0
 20
0.0
 30
0.0
  0
ENDBLK
  5
36B
330
369
100
AcDbEntity
  8
0
100
AcDbBlockEnd
  0
BLOCK
  5
379
330
378
100
AcDbEntity
  8
0
100
AcDbBlockBegin
  2
*D13
 70
1
 10
0.0
 20
0.0
 30
0.0
  3
*D13
  1

  0
LINE
  5
37B
330
378
100
AcDbEntity
  8
0
100
AcDbLine
 10
0.0
 20
14446.0
 30
0.0
 11
0.0
 21
14996.0
 31
0.0
  0
LINE
  5
37C
330
378
100
AcDbEntity
  8
0
100
AcDbLine
 10
6450.0
 20
14446.0
 30
0.0
 11
6450.0
 21
14996.0
 31
0.0
  0
INSERT
  5
37D
330
378
100
AcDbEntity
  8
A-DIMS
100
AcDbBlockReference
  2
_OBLIQUE
 10
0.0
 20
14876.0
 30
0.0
 41
120.0
 42
120.0
  0
INSERT
  5
37F
330
378
100
AcDbEntity
  8
A-DIMS
100
AcDbBlockReference
  2
_OBLIQUE
 10
6450.0
 20
14876.0
 30
0.0
 41
120.0
 42
120.0
  0
LINE
  5
381
330
378
100
AcDbEntity
  8
0
100
AcDbLine
 10
0.0
 20
14876.0
 30
0.0
 11
6450.0
 21
14876.0
 31
0.0
  0
MTEXT
  5
382
330
378
100
AcDbEntity
  8
A-DIMS
100
AcDbMText
 10
3225.0
 20
15026.0
 30
0.0
 40
180.0
 71
5
  1
6450
  7
OpenSansCondensed-Light
  0
POINT
  5
383
330
378
100
AcDbEntity
  8
Defpoints
100
AcDbPoint
 10
0.0
 20
14876.0
 30
0.0
  0
POINT
  5
384
330
378
100
AcDbEntity
  8
Defpoints
100
AcDbPoint
 10
0.0
 20
14326.0
 30
0.0
  0
POINT
  5
385
330
378
100
AcDbEntity
  8
Defpoints
100
AcDbPoint
 10
6450.0
 20
14326.0
 30
0.0
  0
ENDBLK
  5
37A
330
378
100
AcDbEntity
  8
0
100
AcDbBlockEnd
  0
BLOCK
  5
388
330
387
100
AcDbEntity
  8
0
100
AcDbBlockBegin
  2
*D14
 70
1
 10
0.0
 20
0.0
 30
0.0
  3
*D14
  1

  0
LINE
  5
38A
330
387
100
AcDbEntity
  8
0
100
AcDbLine
 10
6450.0
 20
14446.0
 30
0.0
 11
6450.0
 21
14996.0
 31
0.0
  0
LINE
  5
38B
330
387
100
AcDbEntity
  8
0
100
AcDbLine
 10
7850.0
 20
14446.0
 30
0.0
 11
7850.0
 21
14996.0
 31
0.0
  0
INSERT
  5
38C
330
387
100
AcDbEntity
  8
A-DIMS
100
AcDbBlockReference
  2
_OBLIQUE
 10
6450.0
 20
14876.0
 30
0.0
 41
120.0
 42
120.0
  0
INSERT
  5
38E
330
387
100
AcDbEntity
  8
A-DIMS
100
AcDbBlockReference
  2
_OBLIQUE
 10
7850.0
 20
14876.0
 30
0.0
 41
120.0
 42
120.0
  0
LINE
  5
390
330
387
100
AcDbEntity
  8
0
100
AcDbLine
 10
6450.0
 20
14876.0
 30
0.0
 11
7850.0
 21
14876.0
 31
0.0
  0
MTEXT
  5
391
330
387
100
AcDbEntity
  8
A-DIMS
100
AcDbMText
 10
7150.0
 20
15026.0
 30
0.0
 40
180.0
 71
5
  1
1400
  7
OpenSansCondensed-Light
  0
POINT
  5
392
330
387
100
AcDbEntity
  8
Defpoints
100
AcDbPoint
 10
6450.0
 20
14876.0
 30
0.0
  0
POINT
  5
393
330
387
100
AcDbEntity
  8
Defpoints
100
AcDbPoint
 10
6450.0
 20
14326.0
 30
0.0
  0
POINT
  5
394
330
387
100
AcDbEntity
  8
Defpoints
100
AcDbPoint
 10
7850.0
 20
14326.0
 30
0.0
  0
ENDBLK
  5
389
330
387
100
AcDbEntity
  8
0
100
AcDbBlockEnd
  0
BLOCK
  5
397
330
396
100
AcDbEntity
  8
0
100
AcDbBlockBegin
  2
*D15
 70
1
 10
0.0
 20
0.0
 30
0.0
  3
*D15
  1

  0
LINE
  5
399
330
396
100
AcDbEntity
  8
0
100
AcDbLine
 10
7850.0
 20
14446.0
 30
0.0
 11
7850.0
 21
14996.0
 31
0.0
  0
LINE
  5
39A
330
396
100
AcDbEntity
  8
0
100
AcDbLine
 10
18138.0
 20
14446.0
 30
0.0
 11
18138.0
 21
14996.0
 31
0.0
  0
INSERT
  5
39B
330
396
100
AcDbEntity
  8
A-DIMS
100
AcDbBlockReference
  2
_OBLIQUE
 10
7850.0
 20
14876.0
 30
0.0
 41
120.0
 42
120.0
  0
INSERT
  5
39D
330
396
100
AcDbEntity
  8
A-DIMS
100
AcDbBlockReference
  2
_OBLIQUE
 10
18138.0
 20
14876.0
 30
0.0
 41
120.0
 42
120.0
  0
LINE
  5
39F
330
396
100
AcDbEntity
  8
0
100
AcDbLine
 10
7850.0
 20
14876.0
 30
0.0
 11
18138.0
 21
14876.0
 31
0.0
  0
MTEXT
  5
3A0
330
396
100
AcDbEntity
  8
A-DIMS
100
AcDbMText
 10
12994.0
 20
15026.0
 30
0.0
 40
180.0
 71
5
  1
10288
  7
OpenSansCondensed-Light
  0
POINT
  5
3A1
330
396
100
AcDbEntity
  8
Defpoints
100
AcDbPoint
 10
7850.0
 20
14876.0
 30
0.0
  0
POINT
  5
3A2
330
396
100
AcDbEntity
  8
Defpoints
100
AcDbPoint
 10
7850.0
 20
14326.0
 30
0.0
  0
POINT
  5
3A3
330
396
100
AcDbEntity
  8
Defpoints
100
AcDbPoint
 10
18138.0
 20
14326.0
 30
0.0
  0
ENDBLK
  5
398
330
396
100
AcDbEntity
  8
0
100
AcDbBlockEnd
  0
BLOCK
  5
3A6
330
3A5
100
AcDbEntity
  8
0
100
AcDbBlockBegin
  2
*D16
 70
1
 10
0.0
 20
0.0
 30
0.0
  3
*D16
  1

  0
LINE
  5
3A8
330
3A5
100
AcDbEntity
  8
0
100
AcDbLine
 10
0.0
 20
14446.0
 30
0.0
 11
0.0
 21
15446.0
 31
0.0
  0
LINE
  5
3A9
330
3A5
100
AcDbEntity
  8
0
100
AcDbLine
 10
18138.0
 20
14446.0
 30
0.0
 11
18138.0
 21
15446.0
 31
0.0
  0
INSERT
  5
3AA
330
3A5
100
AcDbEntity
  8
A-DIMS
100
AcDbBlockReference
  2
_OBLIQUE
 10
0.0
 20
15326.0
 30
0.0
 41
120.0
 42
120.0
  0
INSERT
  5
3AC
330
3A5
100
AcDbEntity
  8
A-DIMS
100
AcDbBlockReference
  2
_OBLIQUE
 10
18138.0
 20
15326.0
 30
0.0
 41
120.0
 42
120.0
  0
LINE
  5
3AE
330
3A5
100
AcDbEntity
  8
0
100
AcDbLine
 10
0.0
 20
15326.0
 30
0.0
 11
18138.0
 21
15326.0
 31
0.0
  0
MTEXT
  5
3AF
330
3A5
100
AcDbEntity
  8
A-DIMS
100
AcDbMText
 10
9069.0
 20
15476.0
 30
0.0
 40
180.0
 71
5
  1
18138
  7
OpenSansCondensed-Light
  0
POINT
  5
3B0
330
3A5
100
AcDbEntity
  8
Defpoints
100
AcDbPoint
 10
0.0
 20
15326.0
 30
0.0
  0
POINT
  5
3B1
330
3A5
100
AcDbEntity
  8
Defpoints
100
AcDbPoint
 10
0.0
 20
14326.0
 30
0.0
  0
POINT
  5
3B2
330
3A5
100
AcDbEntity
  8
Defpoints
100
AcDbPoint
 10
18138.0
 20
14326.0
 30
0.0
  0
ENDBLK
  5
3A7
330
3A5
100
AcDbEntity
  8
0
100
AcDbBlockEnd
  0
BLOCK
  5
3B5
330
3B4
100
AcDbEntity
  8
0
100
AcDbBlockBegin
  2
*D17
 70
1
 10
0.0
 20
0.0
 30
0.0
  3
*D17
  1

  0
LINE
  5
3B7
330
3B4
100
AcDbEntity
  8
0
100
AcDbLine
 10
-120.0
 20
0.0
 30
0.0
 11
-670.0
 21
0.0
 31
0.0
  0
LINE
  5
3B8
330
3B4
100
AcDbEntity
  8
0
100
AcDbLine
 10
-120.0
 20
14326.0
 30
0.0
 11
-670.0
 21
14326.0
 31
0.0
  0
INSERT
  5
3B9
330
3B4
100
AcDbEntity
  8
A-DIMS
100
AcDbBlockReference
  2
_OBLIQUE
 10
-550.0
 20
0.0
 30
0.0
 41
120.0
 42
120.0
 50
90.0
  0
INSERT
  5
3BB
330
3B4
100
AcDbEntity
  8
A-DIMS
100
AcDbBlockReference
  2
_OBLIQUE
 10
-550.0
 20
14326.0
 30
0.0
 41
120.0
 42
120.0
 50
90.0
  0
LINE
  5
3BD
330
3B4
100
AcDbEntity
  8
0
100
AcDbLine
 10
-550.0
 20
0.0
 30
0.0
 11
-550.0
 21
14326.0
 31
0.0
  0
MTEXT
  5
3BE
330
3B4
100
AcDbEntity
  8
A-DIMS
100
AcDbMText
 10
-700.0
 20
7163.0
 30
0.0
 40
180.0
 71
5
  1
14326
  7
OpenSansCondensed-Light
 50
90.0
  0
POINT
  5
3BF
330
3B4
100
AcDbEntity
  8
Defpoints
100
AcDbPoint
 10
-550.0
 20
0.0
 30
0.0
  0
POINT
  5
3C0
330
3B4
100
AcDbEntity
  8
Defpoints
100
AcDbPoint
 10
0.0
 20
0.0
 30
0.0
  0
POINT
  5
3C1
330
3B4
100
AcDbEntity
  8
Defpoints
100
AcDbPoint
 10
0.0
 20
14326.0
 30
0.0
  0
ENDBLK
  5
3B6
330
3B4
100
AcDbEntity
  8
0
100
AcDbBlockEnd
  0
BLOCK
  5
3C4
330
3C3
100
AcDbEntity
  8
0
100
AcDbBlockBegin
  2
*D18
 70
1
 10
0.0
 20
0.0
 30
0.0
  3
*D18
  1

  0
LINE
  5
3C6
330
3C3
100
AcDbEntity
  8
0
100
AcDbLine
 10
18258.0
 20
0.0
 30
0.0
 11
18808.0
 21
0.0
 31
0.0
  0
LINE
  5
3C7
330
3C3
100
AcDbEntity
  8
0
100
AcDbLine
 10
18258.0
 20
14326.0
 30
0.0
 11
18808.0
 21
14326.0
 31
0.0
  0
INSERT
  5
3C8
330
3C3
100
AcDbEntity
  8
A-DIMS
100
AcDbBlockReference
  2
_OBLIQUE
 10
18688.0
 20
0.0
 30
0.0
 41
120.0
 42
120.0
 50
90.0
  0
INSERT
  5
3CA
330
3C3
100
AcDbEntity
  8
A-DIMS
100
AcDbBlockReference
  2
_OBLIQUE
 10
18688.0
 20
14326.0
 30
0.0
 41
120.0
 42
120.0
 50
90.0
  0
LINE
  5
3CC
330
3C3
100
AcDbEntity
  8
0
100
AcDbLine
 10
18688.0
 20
0.0
 30
0.0
 11
18688.0
 21
14326.0
 31
0.0
  0
MTEXT
  5
3CD
330
3C3
100
AcDbEntity
  8
A-DIMS
100
AcDbMText
 10
18538.0
 20
7163.0
 30
0.0
 40
180.0
 71
5
  1
14326
  7
OpenSansCondensed-Light
 50
90.0
  0
POINT
  5
3CE
330
3C3
100
AcDbEntity
  8
Defpoints
100
AcDbPoint
 10
18688.0
 20
0.0
 30
0.0
  0
POINT
  5
3CF
330
3C3
100
AcDbEntity
  8
Defpoints
100
AcDbPoint
 10
18138.0
 20
0.0
 30
0.0
  0
POINT
  5
3D0
330
3C3
100
AcDbEntity
  8
Defpoints
100
AcDbPoint
 10
18138.0
 20
14326.0
 30
0.0
  0
ENDBLK
  5
3C5
330
3C3
100
AcDbEntity
  8
0
100
AcDbBlockEnd
  0
BLOCK
  5
3FB
330
3FA
100
AcDbEntity
  8
0
100
AcDbBlockBegin
  2
*Paper_Space0
 70
0
 10
0.0
 20
0.0
 30
0.0
  3
*Paper_Space0
  1

  0
VIEWPORT
  5
3FE
330
3FA
100
AcDbEntity
 67
1
  8
VIEWPORTS
100
AcDbViewport
 10
200.0
 20
138.5
 30
0.0
 40
462.00000000000006
 41
326.70000000000005
 68
1
 69
1
 12
200.0
 22
138.5
 13
0.0
 23
0.0
 14
10.0
 24
10.0
 15
10.0
 25
10.0
 16
0.0
 26
0.0
 36
1.0
 17
0.0
 27
0.0
 37
0.0
 42
50.0
 43
0.0
 44
0.0
 45
326.70000000000005
 50
0.0
 51
0.0
 72
100
 90
557088
  1

281
0
 71
0
 74
0
110
0.0
120
0.0
130
0.0
111
1.0
121
0.0
131
0.0
112
0.0
122
1.0
132
0.0
 79
0
146
0.0
282
0
  0
VIEWPORT
  5
3FF
330
3FA
100
AcDbEntity
 67
1
  8
VIEWPORTS
100
AcDbViewport
 10
140.0
 20
145.0
 30
0.0
 40
240.0
 41
230.0
 68
2
 69
3
 12
9069.0
 22
7163.0
 13
0.0
 23
0.0
 14
10.0
 24
10.0
 15
10.0
 25
10.0
 16
0.0
 26
0.0
 36
1.0
 17
0.0
 27
0.0
 37
0.0
 42
50.0
 43
0.0
 44
0.0
 45
26007.25
 50
0.0
 51
0.0
 72
100
 90
0
  1

281
0
 71
0
 74
0
110
0.0
120
0.0
130
0.0
111
1.0
121
0.0
131
0.0
112
0.0
122
1.0
132
0.0
 79
0
146
0.0
282
0
  0
TEXT
  5
400
330
3FA
100
AcDbEntity
 67
1
  8
0
100
AcDbText
 10
268.0
 20
255.0
 30
0.0
 40
4.0
  1
FLOORFORGE / PRELIMINARY
 11
268.0
 21
255.0
 31
0.0
100
AcDbText
  0
ENDBLK
  5
3FC
330
3FA
100
AcDbEntity
  8
0
100
AcDbBlockEnd
  0
BLOCK
  5
525
330
524
100
AcDbEntity
  8
0
100
AcDbBlockBegin
  2
*D19
 70
1
 10
0.0
 20
0.0
 30
0.0
  3
*D19
  1

  0
LINE
  5
527
330
524
100
AcDbEntity
  8
0
100
AcDbLine
 10
30138.0
 20
-120.0
 30
0.0
 11
30138.0
 21
-670.0
 31
0.0
  0
LINE
  5
528
330
524
100
AcDbEntity
  8
0
100
AcDbLine
 10
48276.0
 20
-120.0
 30
0.0
 11
48276.0
 21
-670.0
 31
0.0
  0
INSERT
  5
529
330
524
100
AcDbEntity
  8
A-DIMS
100
AcDbBlockReference
  2
_OBLIQUE
 10
30138.0
 20
-550.0
 30
0.0
 41
120.0
 42
120.0
  0
INSERT
  5
52B
330
524
100
AcDbEntity
  8
A-DIMS
100
AcDbBlockReference
  2
_OBLIQUE
 10
48276.0
 20
-550.0
 30
0.0
 41
120.0
 42
120.0
  0
LINE
  5
52D
330
524
100
AcDbEntity
  8
0
100
AcDbLine
 10
30138.0
 20
-550.0
 30
0.0
 11
48276.0
 21
-550.0
 31
0.0
  0
MTEXT
  5
52E
330
524
100
AcDbEntity
  8
A-DIMS
100
AcDbMText
 10
39207.0
 20
-400.0
 30
0.0
 40
180.0
 71
5
  1
18138
  7
OpenSansCondensed-Light
  0
POINT
  5
52F
330
524
100
AcDbEntity
  8
Defpoints
100
AcDbPoint
 10
30138.0
 20
-550.0
 30
0.0
  0
POINT
  5
530
330
524
100
AcDbEntity
  8
Defpoints
100
AcDbPoint
 10
30138.0
 20
0.0
 30
0.0
  0
POINT
  5
531
330
524
100
AcDbEntity
  8
Defpoints
100
AcDbPoint
 10
48276.0
 20
0.0
 30
0.0
  0
ENDBLK
  5
526
330
524
100
AcDbEntity
  8
0
100
AcDbBlockEnd
  0
BLOCK
  5
534
330
533
100
AcDbEntity
  8
0
100
AcDbBlockBegin
  2
*D20
 70
1
 10
0.0
 20
0.0
 30
0.0
  3
*D20
  1

  0
LINE
  5
536
330
533
100
AcDbEntity
  8
0
100
AcDbLine
 10
30138.0
 20
14446.0
 30
0.0
 11
30138.0
 21
14996.0
 31
0.0
  0
LINE
  5
537
330
533
100
AcDbEntity
  8
0
100
AcDbLine
 10
48276.0
 20
14446.0
 30
0.0
 11
48276.0
 21
14996.0
 31
0.0
  0
INSERT
  5
538
330
533
100
AcDbEntity
  8
A-DIMS
100
AcDbBlockReference
  2
_OBLIQUE
 10
30138.0
 20
14876.0
 30
0.0
 41
120.0
 42
120.0
  0
INSERT
  5
53A
330
533
100
AcDbEntity
  8
A-DIMS
100
AcDbBlockReference
  2
_OBLIQUE
 10
48276.0
 20
14876.0
 30
0.0
 41
120.0
 42
120.0
  0
LINE
  5
53C
330
533
100
AcDbEntity
  8
0
100
AcDbLine
 10
30138.0
 20
14876.0
 30
0.0
 11
48276.0
 21
14876.0
 31
0.0
  0
MTEXT
  5
53D
330
533
100
AcDbEntity
  8
A-DIMS
100
AcDbMText
 10
39207.0
 20
15026.0
 30
0.0
 40
180.0
 71
5
  1
18138
  7
OpenSansCondensed-Light
  0
POINT
  5
53E
330
533
100
AcDbEntity
  8
Defpoints
100
AcDbPoint
 10
30138.0
 20
14876.0
 30
0.0
  0
POINT
  5
53F
330
533
100
AcDbEntity
  8
Defpoints
100
AcDbPoint
 10
30138.0
 20
14326.0
 30
0.0
  0
POINT
  5
540
330
533
100
AcDbEntity
  8
Defpoints
100
AcDbPoint
 10
48276.0
 20
14326.0
 30
0.0
  0
ENDBLK
  5
535
330
533
100
AcDbEntity
  8
0
100
AcDbBlockEnd
  0
BLOCK
  5
543
330
542
100
AcDbEntity
  8
0
100
AcDbBlockBegin
  2
*D21
 70
1
 10
0.0
 20
0.0
 30
0.0
  3
*D21
  1

  0
LINE
  5
545
330
542
100
AcDbEntity
  8
0
100
AcDbLine
 10
30018.0
 20
0.0
 30
0.0
 11
29468.0
 21
0.0
 31
0.0
  0
LINE
  5
546
330
542
100
AcDbEntity
  8
0
100
AcDbLine
 10
30018.0
 20
14326.0
 30
0.0
 11
29468.0
 21
14326.0
 31
0.0
  0
INSERT
  5
547
330
542
100
AcDbEntity
  8
A-DIMS
100
AcDbBlockReference
  2
_OBLIQUE
 10
29588.0
 20
0.0
 30
0.0
 41
120.0
 42
120.0
 50
90.0
  0
INSERT
  5
549
330
542
100
AcDbEntity
  8
A-DIMS
100
AcDbBlockReference
  2
_OBLIQUE
 10
29588.0
 20
14326.0
 30
0.0
 41
120.0
 42
120.0
 50
90.0
  0
LINE
  5
54B
330
542
100
AcDbEntity
  8
0
100
AcDbLine
 10
29588.0
 20
0.0
 30
0.0
 11
29588.0
 21
14326.0
 31
0.0
  0
MTEXT
  5
54C
330
542
100
AcDbEntity
  8
A-DIMS
100
AcDbMText
 10
29438.0
 20
7163.0
 30
0.0
 40
180.0
 71
5
  1
14326
  7
OpenSansCondensed-Light
 50
90.0
  0
POINT
  5
54D
330
542
100
AcDbEntity
  8
Defpoints
100
AcDbPoint
 10
29588.0
 20
0.0
 30
0.0
  0
POINT
  5
54E
330
542
100
AcDbEntity
  8
Defpoints
100
AcDbPoint
 10
30138.0
 20
0.0
 30
0.0
  0
POINT
  5
54F
330
542
100
AcDbEntity
  8
Defpoints
100
AcDbPoint
 10
30138.0
 20
14326.0
 30
0.0
  0
ENDBLK
  5
544
330
542
100
AcDbEntity
  8
0
100
AcDbBlockEnd
  0
BLOCK
  5
552
330
551
100
AcDbEntity
  8
0
100
AcDbBlockBegin
  2
*D22
 70
1
 10
0.0
 20
0.0
 30
0.0
  3
*D22
  1

  0
LINE
  5
554
330
551
100
AcDbEntity
  8
0
100
AcDbLine
 10
48396.0
 20
0.0
 30
0.0
 11
48946.0
 21
0.0
 31
0.0
  0
LINE
  5
555
330
551
100
AcDbEntity
  8
0
100
AcDbLine
 10
48396.0
 20
14326.0
 30
0.0
 11
48946.0
 21
14326.0
 31
0.0
  0
INSERT
  5
556
330
551
100
AcDbEntity
  8
A-DIMS
100
AcDbBlockReference
  2
_OBLIQUE
 10
48826.0
 20
0.0
 30
0.0
 41
120.0
 42
120.0
 50
90.0
  0
INSERT
  5
558
330
551
100
AcDbEntity
  8
A-DIMS
100
AcDbBlockReference
  2
_OBLIQUE
 10
48826.0
 20
14326.0
 30
0.0
 41
120.0
 42
120.0
 50
90.0
  0
LINE
  5
55A
330
551
100
AcDbEntity
  8
0
100
AcDbLine
 10
48826.0
 20
0.0
 30
0.0
 11
48826.0
 21
14326.0
 31
0.0
  0
MTEXT
  5
55B
330
551
100
AcDbEntity
  8
A-DIMS
100
AcDbMText
 10
48676.0
 20
7163.0
 30
0.0
 40
180.0
 71
5
  1
14326
  7
OpenSansCondensed-Light
 50
90.0
  0
POINT
  5
55C
330
551
100
AcDbEntity
  8
Defpoints
100
AcDbPoint
 10
48826.0
 20
0.0
 30
0.0
  0
POINT
  5
55D
330
551
100
AcDbEntity
  8
Defpoints
100
AcDbPoint
 10
48276.0
 20
0.0
 30
0.0
  0
POINT
  5
55E
330
551
100
AcDbEntity
  8
Defpoints
100
AcDbPoint
 10
48276.0
 20
14326.0
 30
0.0
  0
ENDBLK
  5
553
330
551
100
AcDbEntity
  8
0
100
AcDbBlockEnd
  0
BLOCK
  5
586
330
585
100
AcDbEntity
  8
0
100
AcDbBlockBegin
  2
*Paper_Space1
 70
0
 10
0.0
 20
0.0
 30
0.0
  3
*Paper_Space1
  1

  0
VIEWPORT
  5
589
330
585
100
AcDbEntity
 67
1
  8
VIEWPORTS
100
AcDbViewport
 10
200.0
 20
138.5
 30
0.0
 40
462.00000000000006
 41
326.70000000000005
 68
1
 69
1
 12
200.0
 22
138.5
 13
0.0
 23
0.0
 14
10.0
 24
10.0
 15
10.0
 25
10.0
 16
0.0
 26
0.0
 36
1.0
 17
0.0
 27
0.0
 37
0.0
 42
50.0
 43
0.0
 44
0.0
 45
326.70000000000005
 50
0.0
 51
0.0
 72
100
 90
557088
  1

281
0
 71
0
 74
0
110
0.0
120
0.0
130
0.0
111
1.0
121
0.0
131
0.0
112
0.0
122
1.0
132
0.0
 79
0
146
0.0
282
0
  0
VIEWPORT
  5
58A
330
585
100
AcDbEntity
 67
1
  8
VIEWPORTS
100
AcDbViewport
 10
140.0
 20
145.0
 30
0.0
 40
240.0
 41
230.0
 68
2
 69
3
 12
39207.0
 22
7163.0
 13
0.0
 23
0.0
 14
10.0
 24
10.0
 15
10.0
 25
10.0
 16
0.0
 26
0.0
 36
1.0
 17
0.0
 27
0.0
 37
0.0
 42
50.0
 43
0.0
 44
0.0
 45
26007.25
 50
0.0
 51
0.0
 72
100
 90
0
  1

281
0
 71
0
 74
0
110
0.0
120
0.0
130
0.0
111
1.0
121
0.0
131
0.0
112
0.0
122
1.0
132
0.0
 79
0
146
0.0
282
0
  0
TEXT
  5
58B
330
585
100
AcDbEntity
 67
1
  8
0
100
AcDbText
 10
268.0
 20
255.0
 30
0.0
 40
4.0
  1
FLOORFORGE / PRELIMINARY
 11
268.0
 21
255.0
 31
0.0
100
AcDbText
  0
ENDBLK
  5
587
330
585
100
AcDbEntity
  8
0
100
AcDbBlockEnd
  0
BLOCK
  5
5A6
330
5A5
100
AcDbEntity
  8
0
100
AcDbBlockBegin
  2
*D23
 70
1
 10
0.0
 20
0.0
 30
0.0
  3
*D23
  1

  0
LINE
  5
5A8
330
5A5
100
AcDbEntity
  8
0
100
AcDbLine
 10
60276.0
 20
-120.0
 30
0.0
 11
60276.0
 21
-670.0
 31
0.0
  0
LINE
  5
5A9
330
5A5
100
AcDbEntity
  8
0
100
AcDbLine
 10
78414.0
 20
-120.0
 30
0.0
 11
78414.0
 21
-670.0
 31
0.0
  0
INSERT
  5
5AA
330
5A5
100
AcDbEntity
  8
A-DIMS
100
AcDbBlockReference
  2
_OBLIQUE
 10
60276.0
 20
-550.0
 30
0.0
 41
120.0
 42
120.0
  0
INSERT
  5
5AC
330
5A5
100
AcDbEntity
  8
A-DIMS
100
AcDbBlockReference
  2
_OBLIQUE
 10
78414.0
 20
-550.0
 30
0.0
 41
120.0
 42
120.0
  0
LINE
  5
5AE
330
5A5
100
AcDbEntity
  8
0
100
AcDbLine
 10
60276.0
 20
-550.0
 30
0.0
 11
78414.0
 21
-550.0
 31
0.0
  0
MTEXT
  5
5AF
330
5A5
100
AcDbEntity
  8
A-DIMS
100
AcDbMText
 10
69345.0
 20
-400.0
 30
0.0
 40
180.0
 71
5
  1
18138
  7
OpenSansCondensed-Light
  0
POINT
  5
5B0
330
5A5
100
AcDbEntity
  8
Defpoints
100
AcDbPoint
 10
60276.0
 20
-550.0
 30
0.0
  0
POINT
  5
5B1
330
5A5
100
AcDbEntity
  8
Defpoints
100
AcDbPoint
 10
60276.0
 20
0.0
 30
0.0
  0
POINT
  5
5B2
330
5A5
100
AcDbEntity
  8
Defpoints
100
AcDbPoint
 10
78414.0
 20
0.0
 30
0.0
  0
ENDBLK
  5
5A7
330
5A5
100
AcDbEntity
  8
0
100
AcDbBlockEnd
  0
BLOCK
  5
5B5
330
5B4
100
AcDbEntity
  8
0
100
AcDbBlockBegin
  2
*D24
 70
1
 10
0.0
 20
0.0
 30
0.0
  3
*D24
  1

  0
LINE
  5
5B7
330
5B4
100
AcDbEntity
  8
0
100
AcDbLine
 10
60276.0
 20
14446.0
 30
0.0
 11
60276.0
 21
14996.0
 31
0.0
  0
LINE
  5
5B8
330
5B4
100
AcDbEntity
  8
0
100
AcDbLine
 10
78414.0
 20
14446.0
 30
0.0
 11
78414.0
 21
14996.0
 31
0.0
  0
INSERT
  5
5B9
330
5B4
100
AcDbEntity
  8
A-DIMS
100
AcDbBlockReference
  2
_OBLIQUE
 10
60276.0
 20
14876.0
 30
0.0
 41
120.0
 42
120.0
  0
INSERT
  5
5BB
330
5B4
100
AcDbEntity
  8
A-DIMS
100
AcDbBlockReference
  2
_OBLIQUE
 10
78414.0
 20
14876.0
 30
0.0
 41
120.0
 42
120.0
  0
LINE
  5
5BD
330
5B4
100
AcDbEntity
  8
0
100
AcDbLine
 10
60276.0
 20
14876.0
 30
0.0
 11
78414.0
 21
14876.0
 31
0.0
  0
MTEXT
  5
5BE
330
5B4
100
AcDbEntity
  8
A-DIMS
100
AcDbMText
 10
69345.0
 20
15026.0
 30
0.0
 40
180.0
 71
5
  1
18138
  7
OpenSansCondensed-Light
  0
POINT
  5
5BF
330
5B4
100
AcDbEntity
  8
Defpoints
100
AcDbPoint
 10
60276.0
 20
14876.0
 30
0.0
  0
POINT
  5
5C0
330
5B4
100
AcDbEntity
  8
Defpoints
100
AcDbPoint
 10
60276.0
 20
14326.0
 30
0.0
  0
POINT
  5
5C1
330
5B4
100
AcDbEntity
  8
Defpoints
100
AcDbPoint
 10
78414.0
 20
14326.0
 30
0.0
  0
ENDBLK
  5
5B6
330
5B4
100
AcDbEntity
  8
0
100
AcDbBlockEnd
  0
BLOCK
  5
5C4
330
5C3
100
AcDbEntity
  8
0
100
AcDbBlockBegin
  2
*D25
 70
1
 10
0.0
 20
0.0
 30
0.0
  3
*D25
  1

  0
LINE
  5
5C6
330
5C3
100
AcDbEntity
  8
0
100
AcDbLine
 10
60156.0
 20
0.0
 30
0.0
 11
59606.0
 21
0.0
 31
0.0
  0
LINE
  5
5C7
330
5C3
100
AcDbEntity
  8
0
100
AcDbLine
 10
60156.0
 20
14326.0
 30
0.0
 11
59606.0
 21
14326.0
 31
0.0
  0
INSERT
  5
5C8
330
5C3
100
AcDbEntity
  8
A-DIMS
100
AcDbBlockReference
  2
_OBLIQUE
 10
59726.0
 20
0.0
 30
0.0
 41
120.0
 42
120.0
 50
90.0
  0
INSERT
  5
5CA
330
5C3
100
AcDbEntity
  8
A-DIMS
100
AcDbBlockReference
  2
_OBLIQUE
 10
59726.0
 20
14326.0
 30
0.0
 41
120.0
 42
120.0
 50
90.0
  0
LINE
  5
5CC
330
5C3
100
AcDbEntity
  8
0
100
AcDbLine
 10
59726.0
 20
0.0
 30
0.0
 11
59726.0
 21
14326.0
 31
0.0
  0
MTEXT
  5
5CD
330
5C3
100
AcDbEntity
  8
A-DIMS
100
AcDbMText
 10
59576.0
 20
7163.0
 30
0.0
 40
180.0
 71
5
  1
14326
  7
OpenSansCondensed-Light
 50
90.0
  0
POINT
  5
5CE
330
5C3
100
AcDbEntity
  8
Defpoints
100
AcDbPoint
 10
59726.0
 20
0.0
 30
0.0
  0
POINT
  5
5CF
330
5C3
100
AcDbEntity
  8
Defpoints
100
AcDbPoint
 10
60276.0
 20
0.0
 30
0.0
  0
POINT
  5
5D0
330
5C3
100
AcDbEntity
  8
Defpoints
100
AcDbPoint
 10
60276.0
 20
14326.0
 30
0.0
  0
ENDBLK
  5
5C5
330
5C3
100
AcDbEntity
  8
0
100
AcDbBlockEnd
  0
BLOCK
  5
5D3
330
5D2
100
AcDbEntity
  8
0
100
AcDbBlockBegin
  2
*D26
 70
1
 10
0.0
 20
0.0
 30
0.0
  3
*D26
  1

  0
LINE
  5
5D5
330
5D2
100
AcDbEntity
  8
0
100
AcDbLine
 10
78534.0
 20
0.0
 30
0.0
 11
79084.0
 21
0.0
 31
0.0
  0
LINE
  5
5D6
330
5D2
100
AcDbEntity
  8
0
100
AcDbLine
 10
78534.0
 20
14326.0
 30
0.0
 11
79084.0
 21
14326.0
 31
0.0
  0
INSERT
  5
5D7
330
5D2
100
AcDbEntity
  8
A-DIMS
100
AcDbBlockReference
  2
_OBLIQUE
 10
78964.0
 20
0.0
 30
0.0
 41
120.0
 42
120.0
 50
90.0
  0
INSERT
  5
5D9
330
5D2
100
AcDbEntity
  8
A-DIMS
100
AcDbBlockReference
  2
_OBLIQUE
 10
78964.0
 20
14326.0
 30
0.0
 41
120.0
 42
120.0
 50
90.0
  0
LINE
  5
5DB
330
5D2
100
AcDbEntity
  8
0
100
AcDbLine
 10
78964.0
 20
0.0
 30
0.0
 11
78964.0
 21
14326.0
 31
0.0
  0
MTEXT
  5
5DC
330
5D2
100
AcDbEntity
  8
A-DIMS
100
AcDbMText
 10
78814.0
 20
7163.0
 30
0.0
 40
180.0
 71
5
  1
14326
  7
OpenSansCondensed-Light
 50
90.0
  0
POINT
  5
5DD
330
5D2
100
AcDbEntity
  8
Defpoints
100
AcDbPoint
 10
78964.0
 20
0.0
 30
0.0
  0
POINT
  5
5DE
330
5D2
100
AcDbEntity
  8
Defpoints
100
AcDbPoint
 10
78414.0
 20
0.0
 30
0.0
  0
POINT
  5
5DF
330
5D2
100
AcDbEntity
  8
Defpoints
100
AcDbPoint
 10
78414.0
 20
14326.0
 30
0.0
  0
ENDBLK
  5
5D4
330
5D2
100
AcDbEntity
  8
0
100
AcDbBlockEnd
  0
BLOCK
  5
5FB
330
5FA
100
AcDbEntity
  8
0
100
AcDbBlockBegin
  2
*Paper_Space2
 70
0
 10
0.0
 20
0.0
 30
0.0
  3
*Paper_Space2
  1

  0
VIEWPORT
  5
5FE
330
5FA
100
AcDbEntity
 67
1
  8
VIEWPORTS
100
AcDbViewport
 10
200.0
 20
138.5
 30
0.0
 40
462.00000000000006
 41
326.70000000000005
 68
1
 69
1
 12
200.0
 22
138.5
 13
0.0
 23
0.0
 14
10.0
 24
10.0
 15
10.0
 25
10.0
 16
0.0
 26
0.0
 36
1.0
 17
0.0
 27
0.0
 37
0.0
 42
50.0
 43
0.0
 44
0.0
 45
326.70000000000005
 50
0.0
 51
0.0
 72
100
 90
557088
  1

281
0
 71
0
 74
0
110
0.0
120
0.0
130
0.0
111
1.0
121
0.0
131
0.0
112
0.0
122
1.0
132
0.0
 79
0
146
0.0
282
0
  0
VIEWPORT
  5
5FF
330
5FA
100
AcDbEntity
 67
1
  8
VIEWPORTS
100
AcDbViewport
 10
140.0
 20
145.0
 30
0.0
 40
240.0
 41
230.0
 68
2
 69
3
 12
69345.0
 22
7163.0
 13
0.0
 23
0.0
 14
10.0
 24
10.0
 15
10.0
 25
10.0
 16
0.0
 26
0.0
 36
1.0
 17
0.0
 27
0.0
 37
0.0
 42
50.0
 43
0.0
 44
0.0
 45
26007.25
 50
0.0
 51
0.0
 72
100
 90
0
  1

281
0
 71
0
 74
0
110
0.0
120
0.0
130
0.0
111
1.0
121
0.0
131
0.0
112
0.0
122
1.0
132
0.0
 79
0
146
0.0
282
0
  0
TEXT
  5
600
330
5FA
100
AcDbEntity
 67
1
  8
0
100
AcDbText
 10
268.0
 20
255.0
 30
0.0
 40
4.0
  1
FLOORFORGE / PRELIMINARY
 11
268.0
 21
255.0
 31
0.0
100
AcDbText
  0
ENDBLK
  5
5FC
330
5FA
100
AcDbEntity
  8
0
100
AcDbBlockEnd
  0
ENDSEC
  0
SECTION
  2
ENTITIES
  0
LWPOLYLINE
  5
9E
330
17
100
AcDbEntity
  8
A-FLOR
100
AcDbPolyline
 90
4
 70
1
 10
3850.0
 20
11800.0
 10
5800.0
 20
11800.0
 10
5800.0
 20
14176.0
 10
3850.0
 20
14176.0
1001
FLOORFORGE
1000
floor:0
1000
preliminary
  0
LWPOLYLINE
  5
9F
330
17
100
AcDbEntity
  8
A-FLOR
100
AcDbPolyline
 90
6
 70
1
 10
150.0
 20
7650.0
 10
5600.0
 20
7650.0
 10
5600.0
 20
11650.0
 10
3700.0
 20
11650.0
 10
3700.0
 20
13276.0
 10
150.0
 20
13276.0
1001
FLOORFORGE
1000
floor:0
1000
preliminary
  0
LWPOLYLINE
  5
A0
330
17
100
AcDbEntity
  8
A-FLOR
100
AcDbPolyline
 90
4
 70
1
 10
0.0
 20
13426.0
 10
3700.0
 20
13426.0
 10
3700.0
 20
14326.0
 10
0.0
 20
14326.0
1001
FLOORFORGE
1000
floor:0
1000
preliminary
  0
LWPOLYLINE
  5
A1
330
17
100
AcDbEntity
  8
A-FLOR
100
AcDbPolyline
 90
4
 70
1
 10
8500.0
 20
8550.0
 10
15288.0
 20
8550.0
 10
15288.0
 20
12700.0
 10
8500.0
 20
12700.0
1001
FLOORFORGE
1000
floor:0
1000
preliminary
  0
LWPOLYLINE
  5
A2
330
17
100
AcDbEntity
  8
A-FLOR
100
AcDbPolyline
 90
4
 70
1
 10
5750.0
 20
8550.0
 10
7600.0
 20
8550.0
 10
7600.0
 20
9450.0
 10
5750.0
 20
9450.0
1001
FLOORFORGE
1000
floor:0
1000
preliminary
  0
LWPOLYLINE
  5
A3
330
17
100
AcDbEntity
  8
A-FLOR
100
AcDbPolyline
 90
6
 70
1
 10
8500.0
 20
12850.0
 10
15438.0
 20
12850.0
 10
15438.0
 20
8400.0
 10
18138.0
 20
8400.0
 10
18138.0
 20
14176.0
 10
8500.0
 20
14176.0
1001
FLOORFORGE
1000
floor:0
1000
preliminary
  0
LWPOLYLINE
  5
A4
330
17
100
AcDbEntity
  8
A-FLOR
100
AcDbPolyline
 90
4
 70
1
 10
5950.0
 20
11050.0
 10
8350.0
 20
11050.0
 10
8350.0
 20
14176.0
 10
5950.0
 20
14176.0
1001
FLOORFORGE
1000
floor:0
1000
preliminary
  0
LWPOLYLINE
  5
A5
330
17
100
AcDbEntity
  8
A-FLOR
100
AcDbPolyline
 90
4
 70
1
 10
5950.0
 20
9600.0
 10
8350.0
 20
9600.0
 10
8350.0
 20
10900.0
 10
5950.0
 20
10900.0
1001
FLOORFORGE
1000
floor:0
1000
preliminary
  0
LWPOLYLINE
  5
A6
330
17
100
AcDbEntity
  8
A-FLOR
100
AcDbPolyline
 90
4
 70
1
 10
7600.0
 20
8550.0
 10
8350.0
 20
8550.0
 10
8350.0
 20
9450.0
 10
7600.0
 20
9450.0
1001
FLOORFORGE
1000
floor:0
1000
preliminary
  0
LWPOLYLINE
  5
A7
330
17
100
AcDbEntity
  8
A-FLOR
100
AcDbPolyline
 90
6
 70
1
 10
9474.0
 20
150.0
 10
10824.0
 20
150.0
 10
10824.0
 20
4150.0
 10
7524.0
 20
4150.0
 10
7524.0
 20
1950.0
 10
9474.0
 20
1950.0
1001
FLOORFORGE
1000
floor:0
1000
preliminary
  0
LWPOLYLINE
  5
A8
330
17
100
AcDbEntity
  8
A-FLOR
100
AcDbPolyline
 90
4
 70
1
 10
10974.0
 20
150.0
 10
15090.0
 20
150.0
 10
15090.0
 20
5650.0
 10
10974.0
 20
5650.0
1001
FLOORFORGE
1000
floor:0
1000
preliminary
  0
LWPOLYLINE
  5
A9
330
17
100
AcDbEntity
  8
A-FLOR
100
AcDbPolyline
 90
4
 70
1
 10
3174.0
 20
150.0
 10
7374.0
 20
150.0
 10
7374.0
 20
3450.0
 10
3174.0
 20
3450.0
1001
FLOORFORGE
1000
floor:0
1000
preliminary
  0
LWPOLYLINE
  5
AA
330
17
100
AcDbEntity
  8
A-FLOR
100
AcDbPolyline
 90
4
 70
1
 10
1674.0
 20
150.0
 10
3024.0
 20
150.0
 10
3024.0
 20
2000.0
 10
1674.0
 20
2000.0
1001
FLOORFORGE
1000
floor:0
1000
preliminary
  0
LWPOLYLINE
  5
AB
330
17
100
AcDbEntity
  8
A-FLOR
100
AcDbPolyline
 90
10
 70
1
 10
4624.0
 20
3600.0
 10
7374.0
 20
3600.0
 10
7374.0
 20
4300.0
 10
10824.0
 20
4300.0
 10
10824.0
 20
5800.0
 10
11300.0
 20
5800.0
 10
11300.0
 20
8400.0
 10
5750.0
 20
8400.0
 10
5750.0
 20
7500.0
 10
4624.0
 20
7500.0
1001
FLOORFORGE
1000
floor:0
1000
preliminary
  0
LWPOLYLINE
  5
AC
330
17
100
AcDbEntity
  8
A-FLOR
100
AcDbPolyline
 90
4
 70
1
 10
7524.0
 20
150.0
 10
9324.0
 20
150.0
 10
9324.0
 20
1800.0
 10
7524.0
 20
1800.0
1001
FLOORFORGE
1000
floor:0
1000
preliminary
  0
LWPOLYLINE
  5
AD
330
17
100
AcDbEntity
  8
A-FLOR
100
AcDbPolyline
 90
4
 70
1
 10
150.0
 20
3600.0
 10
4474.0
 20
3600.0
 10
4474.0
 20
7500.0
 10
150.0
 20
7500.0
1001
FLOORFORGE
1000
floor:0
1000
preliminary
  0
LWPOLYLINE
  5
AE
330
17
100
AcDbEntity
  8
A-FLOR
100
AcDbPolyline
 90
4
 70
1
 10
11450.0
 20
5800.0
 10
18138.0
 20
5800.0
 10
18138.0
 20
8400.0
 10
11450.0
 20
8400.0
1001
FLOORFORGE
1000
floor:0
1000
preliminary
  0
LWPOLYLINE
  5
AF
330
17
100
AcDbEntity
  8
A-FLOR
100
AcDbPolyline
 90
4
 70
1
 10
1674.0
 20
2150.0
 10
3024.0
 20
2150.0
 10
3024.0
 20
3450.0
 10
1674.0
 20
3450.0
1001
FLOORFORGE
1000
floor:0
1000
preliminary
  0
LWPOLYLINE
  5
B0
330
17
100
AcDbEntity
  8
A-FLOR
100
AcDbPolyline
 90
54
 70
1
 10
1599.0
 20
0.0
 10
1524.0
 20
0.0
 10
1524.0
 20
150.0
 10
1524.0
 20
2000.0
 10
1524.0
 20
2075.0
 10
1524.0
 20
2150.0
 10
1599.0
 20
2150.0
 10
1674.0
 20
2150.0
 10
1674.0
 20
3450.0
 10
1599.0
 20
3450.0
 10
150.0
 20
3450.0
 10
75.0
 20
3450.0
 10
0.0
 20
3450.0
 10
0.0
 20
3600.0
 10
0.0
 20
7500.0
 10
0.0
 20
7575.0
 10
0.0
 20
7650.0
 10
0.0
 20
13276.0
 10
0.0
 20
13351.0
 10
0.0
 20
13426.0
 10
0.0
 20
14326.0
 10
3700.0
 20
14326.0
 10
3850.0
 20
14326.0
 10
5800.0
 20
14326.0
 10
5875.0
 20
14326.0
 10
5950.0
 20
14326.0
 10
8350.0
 20
14326.0
 10
8425.0
 20
14326.0
 10
8500.0
 20
14326.0
 10
8500.0
 20
14251.0
 10
8500.0
 20
14176.0
 10
18138.0
 20
14176.0
 10
18138.0
 20
8400.0
 10
18138.0
 20
5800.0
 10
15240.0
 20
5800.0
 10
15240.0
 20
5650.0
 10
15240.0
 20
150.0
 10
15240.0
 20
75.0
 10
15240.0
 20
0.0
 10
15090.0
 20
0.0
 10
10974.0
 20
0.0
 10
10899.0
 20
0.0
 10
10824.0
 20
0.0
 10
9474.0
 20
0.0
 10
9399.0
 20
0.0
 10
9324.0
 20
0.0
 10
7524.0
 20
0.0
 10
7449.0
 20
0.0
 10
7374.0
 20
0.0
 10
3174.0
 20
0.0
 10
3099.0
 20
0.0
 10
3024.0
 20
0.0
 10
1674.0
 20
0.0
 10
1599.0
 20
0.0
1001
FLOORFORGE
1000
floor:0
1000
preliminary
  0
LWPOLYLINE
  5
B1
330
17
100
AcDbEntity
  8
A-FLOR
100
AcDbPolyline
 90
10
 70
1
 10
5800.0
 20
9600.0
 10
5800.0
 20
10900.0
 10
5800.0
 20
10975.0
 10
5800.0
 20
11050.0
 10
5800.0
 20
11650.0
 10
5750.0
 20
11650.0
 10
5750.0
 20
9525.0
 10
5750.0
 20
9450.0
 10
5800.0
 20
9450.0
 10
5800.0
 20
9600.0
1001
FLOORFORGE
1000
floor:0
1000
preliminary
  0
LWPOLYLINE
  5
B2
330
17
100
AcDbEntity
  8
A-WALL
100
AcDbPolyline
 90
7
 70
1
 10
0.0
 20
7575.0
 10
0.0
 20
7650.0
 10
150.0
 20
7650.0
 10
150.0
 20
3525.0
 10
150.0
 20
3450.0
 10
0.0
 20
3450.0
 10
0.0
 20
7575.0
1001
FLOORFORGE
1000
floor:0
1000
preliminary
  0
HATCH
  5
B3
330
17
100
AcDbEntity
  8
A-WALL
 62
7
100
AcDbHatch
 10
0.0
 20
0.0
 30
0.0
210
0.0
220
0.0
230
1.0
  2
SOLID
 70
1
 71
0
 91
1
 92
3
 72
0
 73
1
 93
7
 10
0.0
 20
7575.0
 10
0.0
 20
7650.0
 10
150.0
 20
7650.0
 10
150.0
 20
3525.0
 10
150.0
 20
3450.0
 10
0.0
 20
3450.0
 10
0.0
 20
7575.0
 97
0
 75
0
 76
1
 98
0
  0
LWPOLYLINE
  5
B4
330
17
100
AcDbEntity
  8
A-WALL
100
AcDbPolyline
 90
6
 70
1
 10
1749.0
 20
3600.0
 10
1749.0
 20
3450.0
 10
1474.0
 20
3450.0
 10
1474.0
 20
3600.0
 10
1674.0
 20
3600.0
 10
1749.0
 20
3600.0
1001
FLOORFORGE
1000
floor:0
1000
preliminary
  0
HATCH
  5
B5
330
17
100
AcDbEntity
  8
A-WALL
 62
7
100
AcDbHatch
 10
0.0
 20
0.0
 30
0.0
210
0.0
220
0.0
230
1.0
  2
SOLID
 70
1
 71
0
 91
1
 92
3
 72
0
 73
1
 93
6
 10
1749.0
 20
3600.0
 10
1749.0
 20
3450.0
 10
1474.0
 20
3450.0
 10
1474.0
 20
3600.0
 10
1674.0
 20
3600.0
 10
1749.0
 20
3600.0
 97
0
 75
0
 76
1
 98
0
  0
LWPOLYLINE
  5
B6
330
17
100
AcDbEntity
  8
A-WALL
100
AcDbPolyline
 90
6
 70
1
 10
75.0
 20
3450.0
 10
0.0
 20
3450.0
 10
0.0
 20
3600.0
 10
200.0
 20
3600.0
 10
200.0
 20
3450.0
 10
75.0
 20
3450.0
1001
FLOORFORGE
1000
floor:0
1000
preliminary
  0
HATCH
  5
B7
330
17
100
AcDbEntity
  8
A-WALL
 62
7
100
AcDbHatch
 10
0.0
 20
0.0
 30
0.0
210
0.0
220
0.0
230
1.0
  2
SOLID
 70
1
 71
0
 91
1
 92
3
 72
0
 73
1
 93
6
 10
75.0
 20
3450.0
 10
0.0
 20
3450.0
 10
0.0
 20
3600.0
 10
200.0
 20
3600.0
 10
200.0
 20
3450.0
 10
75.0
 20
3450.0
 97
0
 75
0
 76
1
 98
0
  0
LWPOLYLINE
  5
B8
330
17
100
AcDbEntity
  8
A-WALL
100
AcDbPolyline
 90
7
 70
1
 10
3024.0
 20
3600.0
 10
3099.0
 20
3600.0
 10
3099.0
 20
3450.0
 10
1674.0
 20
3450.0
 10
1599.0
 20
3450.0
 10
1599.0
 20
3600.0
 10
3024.0
 20
3600.0
1001
FLOORFORGE
1000
floor:0
1000
preliminary
  0
HATCH
  5
B9
330
17
100
AcDbEntity
  8
A-WALL
 62
7
100
AcDbHatch
 10
0.0
 20
0.0
 30
0.0
210
0.0
220
0.0
230
1.0
  2
SOLID
 70
1
 71
0
 91
1
 92
3
 72
0
 73
1
 93
7
 10
3024.0
 20
3600.0
 10
3099.0
 20
3600.0
 10
3099.0
 20
3450.0
 10
1674.0
 20
3450.0
 10
1599.0
 20
3450.0
 10
1599.0
 20
3600.0
 10
3024.0
 20
3600.0
 97
0
 75
0
 76
1
 98
0
  0
LWPOLYLINE
  5
BA
330
17
100
AcDbEntity
  8
A-WALL
100
AcDbPolyline
 90
7
 70
1
 10
3099.0
 20
3600.0
 10
3174.0
 20
3600.0
 10
3174.0
 20
3450.0
 10
3024.0
 20
3450.0
 10
2949.0
 20
3450.0
 10
2949.0
 20
3600.0
 10
3099.0
 20
3600.0
1001
FLOORFORGE
1000
floor:0
1000
preliminary
  0
HATCH
  5
BB
330
17
100
AcDbEntity
  8
A-WALL
 62
7
100
AcDbHatch
 10
0.0
 20
0.0
 30
0.0
210
0.0
220
0.0
230
1.0
  2
SOLID
 70
1
 71
0
 91
1
 92
3
 72
0
 73
1
 93
7
 10
3099.0
 20
3600.0
 10
3174.0
 20
3600.0
 10
3174.0
 20
3450.0
 10
3024.0
 20
3450.0
 10
2949.0
 20
3450.0
 10
2949.0
 20
3600.0
 10
3099.0
 20
3600.0
 97
0
 75
0
 76
1
 98
0
  0
LWPOLYLINE
  5
BC
330
17
100
AcDbEntity
  8
A-WALL
100
AcDbPolyline
 90
7
 70
1
 10
0.0
 20
13351.0
 10
0.0
 20
13426.0
 10
150.0
 20
13426.0
 10
150.0
 20
7575.0
 10
150.0
 20
7500.0
 10
0.0
 20
7500.0
 10
0.0
 20
13351.0
1001
FLOORFORGE
1000
floor:0
1000
preliminary
  0
HATCH
  5
BD
330
17
100
AcDbEntity
  8
A-WALL
 62
7
100
AcDbHatch
 10
0.0
 20
0.0
 30
0.0
210
0.0
220
0.0
230
1.0
  2
SOLID
 70
1
 71
0
 91
1
 92
3
 72
0
 73
1
 93
7
 10
0.0
 20
13351.0
 10
0.0
 20
13426.0
 10
150.0
 20
13426.0
 10
150.0
 20
7575.0
 10
150.0
 20
7500.0
 10
0.0
 20
7500.0
 10
0.0
 20
13351.0
 97
0
 75
0
 76
1
 98
0
  0
LWPOLYLINE
  5
BE
330
17
100
AcDbEntity
  8
A-WALL
100
AcDbPolyline
 90
7
 70
1
 10
4549.0
 20
7650.0
 10
4624.0
 20
7650.0
 10
4624.0
 20
7500.0
 10
75.0
 20
7500.0
 10
0.0
 20
7500.0
 10
0.0
 20
7650.0
 10
4549.0
 20
7650.0
1001
FLOORFORGE
1000
floor:0
1000
preliminary
  0
HATCH
  5
BF
330
17
100
AcDbEntity
  8
A-WALL
 62
7
100
AcDbHatch
 10
0.0
 20
0.0
 30
0.0
210
0.0
220
0.0
230
1.0
  2
SOLID
 70
1
 71
0
 91
1
 92
3
 72
0
 73
1
 93
7
 10
4549.0
 20
7650.0
 10
4624.0
 20
7650.0
 10
4624.0
 20
7500.0
 10
75.0
 20
7500.0
 10
0.0
 20
7500.0
 10
0.0
 20
7650.0
 10
4549.0
 20
7650.0
 97
0
 75
0
 76
1
 98
0
  0
LWPOLYLINE
  5
C0
330
17
100
AcDbEntity
  8
A-WALL
100
AcDbPolyline
 90
6
 70
1
 10
3775.0
 20
13426.0
 10
3775.0
 20
13276.0
 10
3050.0
 20
13276.0
 10
3050.0
 20
13426.0
 10
3700.0
 20
13426.0
 10
3775.0
 20
13426.0
1001
FLOORFORGE
1000
floor:0
1000
preliminary
  0
HATCH
  5
C1
330
17
100
AcDbEntity
  8
A-WALL
 62
7
100
AcDbHatch
 10
0.0
 20
0.0
 30
0.0
210
0.0
220
0.0
230
1.0
  2
SOLID
 70
1
 71
0
 91
1
 92
3
 72
0
 73
1
 93
6
 10
3775.0
 20
13426.0
 10
3775.0
 20
13276.0
 10
3050.0
 20
13276.0
 10
3050.0
 20
13426.0
 10
3700.0
 20
13426.0
 10
3775.0
 20
13426.0
 97
0
 75
0
 76
1
 98
0
  0
LWPOLYLINE
  5
C2
330
17
100
AcDbEntity
  8
A-WALL
100
AcDbPolyline
 90
6
 70
1
 10
75.0
 20
13276.0
 10
0.0
 20
13276.0
 10
0.0
 20
13426.0
 10
650.0
 20
13426.0
 10
650.0
 20
13276.0
 10
75.0
 20
13276.0
1001
FLOORFORGE
1000
floor:0
1000
preliminary
  0
HATCH
  5
C3
330
17
100
AcDbEntity
  8
A-WALL
 62
7
100
AcDbHatch
 10
0.0
 20
0.0
 30
0.0
210
0.0
220
0.0
230
1.0
  2
SOLID
 70
1
 71
0
 91
1
 92
3
 72
0
 73
1
 93
6
 10
75.0
 20
13276.0
 10
0.0
 20
13276.0
 10
0.0
 20
13426.0
 10
650.0
 20
13426.0
 10
650.0
 20
13276.0
 10
75.0
 20
13276.0
 97
0
 75
0
 76
1
 98
0
  0
LWPOLYLINE
  5
C4
330
17
100
AcDbEntity
  8
A-WALL
100
AcDbPolyline
 90
7
 70
1
 10
3775.0
 20
13426.0
 10
3850.0
 20
13426.0
 10
3850.0
 20
13276.0
 10
3700.0
 20
13276.0
 10
3625.0
 20
13276.0
 10
3625.0
 20
13426.0
 10
3775.0
 20
13426.0
1001
FLOORFORGE
1000
floor:0
1000
preliminary
  0
HATCH
  5
C5
330
17
100
AcDbEntity
  8
A-WALL
 62
7
100
AcDbHatch
 10
0.0
 20
0.0
 30
0.0
210
0.0
220
0.0
230
1.0
  2
SOLID
 70
1
 71
0
 91
1
 92
3
 72
0
 73
1
 93
7
 10
3775.0
 20
13426.0
 10
3850.0
 20
13426.0
 10
3850.0
 20
13276.0
 10
3700.0
 20
13276.0
 10
3625.0
 20
13276.0
 10
3625.0
 20
13426.0
 10
3775.0
 20
13426.0
 97
0
 75
0
 76
1
 98
0
  0
LWPOLYLINE
  5
C6
330
17
100
AcDbEntity
  8
A-WALL
100
AcDbPolyline
 90
7
 70
1
 10
1524.0
 20
2075.0
 10
1524.0
 20
2150.0
 10
1674.0
 20
2150.0
 10
1674.0
 20
75.0
 10
1674.0
 20
0.0
 10
1524.0
 20
0.0
 10
1524.0
 20
2075.0
1001
FLOORFORGE
1000
floor:0
1000
preliminary
  0
HATCH
  5
C7
330
17
100
AcDbEntity
  8
A-WALL
 62
7
100
AcDbHatch
 10
0.0
 20
0.0
 30
0.0
210
0.0
220
0.0
230
1.0
  2
SOLID
 70
1
 71
0
 91
1
 92
3
 72
0
 73
1
 93
7
 10
1524.0
 20
2075.0
 10
1524.0
 20
2150.0
 10
1674.0
 20
2150.0
 10
1674.0
 20
75.0
 10
1674.0
 20
0.0
 10
1524.0
 20
0.0
 10
1524.0
 20
2075.0
 97
0
 75
0
 76
1
 98
0
  0
LWPOLYLINE
  5
C8
330
17
100
AcDbEntity
  8
A-WALL
100
AcDbPolyline
 90
7
 70
1
 10
3099.0
 20
150.0
 10
3174.0
 20
150.0
 10
3174.0
 20
0.0
 10
1599.0
 20
0.0
 10
1524.0
 20
0.0
 10
1524.0
 20
150.0
 10
3099.0
 20
150.0
1001
FLOORFORGE
1000
floor:0
1000
preliminary
  0
HATCH
  5
C9
330
17
100
AcDbEntity
  8
A-WALL
 62
7
100
AcDbHatch
 10
0.0
 20
0.0
 30
0.0
210
0.0
220
0.0
230
1.0
  2
SOLID
 70
1
 71
0
 91
1
 92
3
 72
0
 73
1
 93
7
 10
3099.0
 20
150.0
 10
3174.0
 20
150.0
 10
3174.0
 20
0.0
 10
1599.0
 20
0.0
 10
1524.0
 20
0.0
 10
1524.0
 20
150.0
 10
3099.0
 20
150.0
 97
0
 75
0
 76
1
 98
0
  0
LWPOLYLINE
  5
CA
330
17
100
AcDbEntity
  8
A-WALL
100
AcDbPolyline
 90
7
 70
1
 10
1674.0
 20
2150.0
 10
1749.0
 20
2150.0
 10
1749.0
 20
2000.0
 10
1599.0
 20
2000.0
 10
1524.0
 20
2000.0
 10
1524.0
 20
2150.0
 10
1674.0
 20
2150.0
1001
FLOORFORGE
1000
floor:0
1000
preliminary
  0
HATCH
  5
CB
330
17
100
AcDbEntity
  8
A-WALL
 62
7
100
AcDbHatch
 10
0.0
 20
0.0
 30
0.0
210
0.0
220
0.0
230
1.0
  2
SOLID
 70
1
 71
0
 91
1
 92
3
 72
0
 73
1
 93
7
 10
1674.0
 20
2150.0
 10
1749.0
 20
2150.0
 10
1749.0
 20
2000.0
 10
1599.0
 20
2000.0
 10
1524.0
 20
2000.0
 10
1524.0
 20
2150.0
 10
1674.0
 20
2150.0
 97
0
 75
0
 76
1
 98
0
  0
LWPOLYLINE
  5
CC
330
17
100
AcDbEntity
  8
A-WALL
100
AcDbPolyline
 90
7
 70
1
 10
3024.0
 20
2150.0
 10
3099.0
 20
2150.0
 10
3099.0
 20
2000.0
 10
1674.0
 20
2000.0
 10
1599.0
 20
2000.0
 10
1599.0
 20
2150.0
 10
3024.0
 20
2150.0
1001
FLOORFORGE
1000
floor:0
1000
preliminary
  0
HATCH
  5
CD
330
17
100
AcDbEntity
  8
A-WALL
 62
7
100
AcDbHatch
 10
0.0
 20
0.0
 30
0.0
210
0.0
220
0.0
230
1.0
  2
SOLID
 70
1
 71
0
 91
1
 92
3
 72
0
 73
1
 93
7
 10
3024.0
 20
2150.0
 10
3099.0
 20
2150.0
 10
3099.0
 20
2000.0
 10
1674.0
 20
2000.0
 10
1599.0
 20
2000.0
 10
1599.0
 20
2150.0
 10
3024.0
 20
2150.0
 97
0
 75
0
 76
1
 98
0
  0
LWPOLYLINE
  5
CE
330
17
100
AcDbEntity
  8
A-WALL
100
AcDbPolyline
 90
7
 70
1
 10
3099.0
 20
2150.0
 10
3174.0
 20
2150.0
 10
3174.0
 20
2000.0
 10
3024.0
 20
2000.0
 10
2949.0
 20
2000.0
 10
2949.0
 20
2150.0
 10
3099.0
 20
2150.0
1001
FLOORFORGE
1000
floor:0
1000
preliminary
  0
HATCH
  5
CF
330
17
100
AcDbEntity
  8
A-WALL
 62
7
100
AcDbHatch
 10
0.0
 20
0.0
 30
0.0
210
0.0
220
0.0
230
1.0
  2
SOLID
 70
1
 71
0
 91
1
 92
3
 72
0
 73
1
 93
7
 10
3099.0
 20
2150.0
 10
3174.0
 20
2150.0
 10
3174.0
 20
2000.0
 10
3024.0
 20
2000.0
 10
2949.0
 20
2000.0
 10
2949.0
 20
2150.0
 10
3099.0
 20
2150.0
 97
0
 75
0
 76
1
 98
0
  0
LWPOLYLINE
  5
D0
330
17
100
AcDbEntity
  8
A-WALL
100
AcDbPolyline
 90
6
 70
1
 10
3024.0
 20
2150.0
 10
3174.0
 20
2150.0
 10
3174.0
 20
1350.0
 10
3024.0
 20
1350.0
 10
3024.0
 20
2075.0
 10
3024.0
 20
2150.0
1001
FLOORFORGE
1000
floor:0
1000
preliminary
  0
HATCH
  5
D1
330
17
100
AcDbEntity
  8
A-WALL
 62
7
100
AcDbHatch
 10
0.0
 20
0.0
 30
0.0
210
0.0
220
0.0
230
1.0
  2
SOLID
 70
1
 71
0
 91
1
 92
3
 72
0
 73
1
 93
6
 10
3024.0
 20
2150.0
 10
3174.0
 20
2150.0
 10
3174.0
 20
1350.0
 10
3024.0
 20
1350.0
 10
3024.0
 20
2075.0
 10
3024.0
 20
2150.0
 97
0
 75
0
 76
1
 98
0
  0
LWPOLYLINE
  5
D2
330
17
100
AcDbEntity
  8
A-WALL
100
AcDbPolyline
 90
6
 70
1
 10
3174.0
 20
75.0
 10
3174.0
 20
0.0
 10
3024.0
 20
0.0
 10
3024.0
 20
450.0
 10
3174.0
 20
450.0
 10
3174.0
 20
75.0
1001
FLOORFORGE
1000
floor:0
1000
preliminary
  0
HATCH
  5
D3
330
17
100
AcDbEntity
  8
A-WALL
 62
7
100
AcDbHatch
 10
0.0
 20
0.0
 30
0.0
210
0.0
220
0.0
230
1.0
  2
SOLID
 70
1
 71
0
 91
1
 92
3
 72
0
 73
1
 93
6
 10
3174.0
 20
75.0
 10
3174.0
 20
0.0
 10
3024.0
 20
0.0
 10
3024.0
 20
450.0
 10
3174.0
 20
450.0
 10
3174.0
 20
75.0
 97
0
 75
0
 76
1
 98
0
  0
LWPOLYLINE
  5
D4
330
17
100
AcDbEntity
  8
A-WALL
100
AcDbPolyline
 90
6
 70
1
 10
7524.0
 20
150.0
 10
7524.0
 20
0.0
 10
6674.0
 20
0.0
 10
6674.0
 20
150.0
 10
7449.0
 20
150.0
 10
7524.0
 20
150.0
1001
FLOORFORGE
1000
floor:0
1000
preliminary
  0
HATCH
  5
D5
330
17
100
AcDbEntity
  8
A-WALL
 62
7
100
AcDbHatch
 10
0.0
 20
0.0
 30
0.0
210
0.0
220
0.0
230
1.0
  2
SOLID
 70
1
 71
0
 91
1
 92
3
 72
0
 73
1
 93
6
 10
7524.0
 20
150.0
 10
7524.0
 20
0.0
 10
6674.0
 20
0.0
 10
6674.0
 20
150.0
 10
7449.0
 20
150.0
 10
7524.0
 20
150.0
 97
0
 75
0
 76
1
 98
0
  0
LWPOLYLINE
  5
D6
330
17
100
AcDbEntity
  8
A-WALL
100
AcDbPolyline
 90
6
 70
1
 10
3099.0
 20
0.0
 10
3024.0
 20
0.0
 10
3024.0
 20
150.0
 10
4074.0
 20
150.0
 10
4074.0
 20
0.0
 10
3099.0
 20
0.0
1001
FLOORFORGE
1000
floor:0
1000
preliminary
  0
HATCH
  5
D7
330
17
100
AcDbEntity
  8
A-WALL
 62
7
100
AcDbHatch
 10
0.0
 20
0.0
 30
0.0
210
0.0
220
0.0
230
1.0
  2
SOLID
 70
1
 71
0
 91
1
 92
3
 72
0
 73
1
 93
6
 10
3099.0
 20
0.0
 10
3024.0
 20
0.0
 10
3024.0
 20
150.0
 10
4074.0
 20
150.0
 10
4074.0
 20
0.0
 10
3099.0
 20
0.0
 97
0
 75
0
 76
1
 98
0
  0
LWPOLYLINE
  5
D8
330
17
100
AcDbEntity
  8
A-WALL
100
AcDbPolyline
 90
7
 70
1
 10
3024.0
 20
2150.0
 10
3024.0
 20
2225.0
 10
3174.0
 20
2225.0
 10
3174.0
 20
2075.0
 10
3174.0
 20
2000.0
 10
3024.0
 20
2000.0
 10
3024.0
 20
2150.0
1001
FLOORFORGE
1000
floor:0
1000
preliminary
  0
HATCH
  5
D9
330
17
100
AcDbEntity
  8
A-WALL
 62
7
100
AcDbHatch
 10
0.0
 20
0.0
 30
0.0
210
0.0
220
0.0
230
1.0
  2
SOLID
 70
1
 71
0
 91
1
 92
3
 72
0
 73
1
 93
7
 10
3024.0
 20
2150.0
 10
3024.0
 20
2225.0
 10
3174.0
 20
2225.0
 10
3174.0
 20
2075.0
 10
3174.0
 20
2000.0
 10
3024.0
 20
2000.0
 10
3024.0
 20
2150.0
 97
0
 75
0
 76
1
 98
0
  0
LWPOLYLINE
  5
DA
330
17
100
AcDbEntity
  8
A-WALL
100
AcDbPolyline
 90
6
 70
1
 10
3024.0
 20
3525.0
 10
3174.0
 20
3525.0
 10
3174.0
 20
3300.0
 10
3024.0
 20
3300.0
 10
3024.0
 20
3450.0
 10
3024.0
 20
3525.0
1001
FLOORFORGE
1000
floor:0
1000
preliminary
  0
HATCH
  5
DB
330
17
100
AcDbEntity
  8
A-WALL
 62
7
100
AcDbHatch
 10
0.0
 20
0.0
 30
0.0
210
0.0
220
0.0
230
1.0
  2
SOLID
 70
1
 71
0
 91
1
 92
3
 72
0
 73
1
 93
6
 10
3024.0
 20
3525.0
 10
3174.0
 20
3525.0
 10
3174.0
 20
3300.0
 10
3024.0
 20
3300.0
 10
3024.0
 20
3450.0
 10
3024.0
 20
3525.0
 97
0
 75
0
 76
1
 98
0
  0
LWPOLYLINE
  5
DC
330
17
100
AcDbEntity
  8
A-WALL
100
AcDbPolyline
 90
6
 70
1
 10
3174.0
 20
2150.0
 10
3174.0
 20
2075.0
 10
3024.0
 20
2075.0
 10
3024.0
 20
2400.0
 10
3174.0
 20
2400.0
 10
3174.0
 20
2150.0
1001
FLOORFORGE
1000
floor:0
1000
preliminary
  0
HATCH
  5
DD
330
17
100
AcDbEntity
  8
A-WALL
 62
7
100
AcDbHatch
 10
0.0
 20
0.0
 30
0.0
210
0.0
220
0.0
230
1.0
  2
SOLID
 70
1
 71
0
 91
1
 92
3
 72
0
 73
1
 93
6
 10
3174.0
 20
2150.0
 10
3174.0
 20
2075.0
 10
3024.0
 20
2075.0
 10
3024.0
 20
2400.0
 10
3174.0
 20
2400.0
 10
3174.0
 20
2150.0
 97
0
 75
0
 76
1
 98
0
  0
LWPOLYLINE
  5
DE
330
17
100
AcDbEntity
  8
A-WALL
100
AcDbPolyline
 90
7
 70
1
 10
3024.0
 20
3525.0
 10
3024.0
 20
3600.0
 10
3174.0
 20
3600.0
 10
3174.0
 20
3450.0
 10
3174.0
 20
3375.0
 10
3024.0
 20
3375.0
 10
3024.0
 20
3525.0
1001
FLOORFORGE
1000
floor:0
1000
preliminary
  0
HATCH
  5
DF
330
17
100
AcDbEntity
  8
A-WALL
 62
7
100
AcDbHatch
 10
0.0
 20
0.0
 30
0.0
210
0.0
220
0.0
230
1.0
  2
SOLID
 70
1
 71
0
 91
1
 92
3
 72
0
 73
1
 93
7
 10
3024.0
 20
3525.0
 10
3024.0
 20
3600.0
 10
3174.0
 20
3600.0
 10
3174.0
 20
3450.0
 10
3174.0
 20
3375.0
 10
3024.0
 20
3375.0
 10
3024.0
 20
3525.0
 97
0
 75
0
 76
1
 98
0
  0
LWPOLYLINE
  5
E0
330
17
100
AcDbEntity
  8
A-WALL
100
AcDbPolyline
 90
7
 70
1
 10
4549.0
 20
3600.0
 10
4624.0
 20
3600.0
 10
4624.0
 20
3450.0
 10
3099.0
 20
3450.0
 10
3024.0
 20
3450.0
 10
3024.0
 20
3600.0
 10
4549.0
 20
3600.0
1001
FLOORFORGE
1000
floor:0
1000
preliminary
  0
HATCH
  5
E1
330
17
100
AcDbEntity
  8
A-WALL
 62
7
100
AcDbHatch
 10
0.0
 20
0.0
 30
0.0
210
0.0
220
0.0
230
1.0
  2
SOLID
 70
1
 71
0
 91
1
 92
3
 72
0
 73
1
 93
7
 10
4549.0
 20
3600.0
 10
4624.0
 20
3600.0
 10
4624.0
 20
3450.0
 10
3099.0
 20
3450.0
 10
3024.0
 20
3450.0
 10
3024.0
 20
3600.0
 10
4549.0
 20
3600.0
 97
0
 75
0
 76
1
 98
0
  0
LWPOLYLINE
  5
E2
330
17
100
AcDbEntity
  8
A-WALL
100
AcDbPolyline
 90
7
 70
1
 10
3700.0
 20
13351.0
 10
3700.0
 20
13426.0
 10
3850.0
 20
13426.0
 10
3850.0
 20
11725.0
 10
3850.0
 20
11650.0
 10
3700.0
 20
11650.0
 10
3700.0
 20
13351.0
1001
FLOORFORGE
1000
floor:0
1000
preliminary
  0
HATCH
  5
E3
330
17
100
AcDbEntity
  8
A-WALL
 62
7
100
AcDbHatch
 10
0.0
 20
0.0
 30
0.0
210
0.0
220
0.0
230
1.0
  2
SOLID
 70
1
 71
0
 91
1
 92
3
 72
0
 73
1
 93
7
 10
3700.0
 20
13351.0
 10
3700.0
 20
13426.0
 10
3850.0
 20
13426.0
 10
3850.0
 20
11725.0
 10
3850.0
 20
11650.0
 10
3700.0
 20
11650.0
 10
3700.0
 20
13351.0
 97
0
 75
0
 76
1
 98
0
  0
LWPOLYLINE
  5
E4
330
17
100
AcDbEntity
  8
A-WALL
100
AcDbPolyline
 90
6
 70
1
 10
5750.0
 20
11800.0
 10
5750.0
 20
11650.0
 10
5200.0
 20
11650.0
 10
5200.0
 20
11800.0
 10
5675.0
 20
11800.0
 10
5750.0
 20
11800.0
1001
FLOORFORGE
1000
floor:0
1000
preliminary
  0
HATCH
  5
E5
330
17
100
AcDbEntity
  8
A-WALL
 62
7
100
AcDbHatch
 10
0.0
 20
0.0
 30
0.0
210
0.0
220
0.0
230
1.0
  2
SOLID
 70
1
 71
0
 91
1
 92
3
 72
0
 73
1
 93
6
 10
5750.0
 20
11800.0
 10
5750.0
 20
11650.0
 10
5200.0
 20
11650.0
 10
5200.0
 20
11800.0
 10
5675.0
 20
11800.0
 10
5750.0
 20
11800.0
 97
0
 75
0
 76
1
 98
0
  0
LWPOLYLINE
  5
E6
330
17
100
AcDbEntity
  8
A-WALL
100
AcDbPolyline
 90
6
 70
1
 10
3775.0
 20
11650.0
 10
3700.0
 20
11650.0
 10
3700.0
 20
11800.0
 10
4300.0
 20
11800.0
 10
4300.0
 20
11650.0
 10
3775.0
 20
11650.0
1001
FLOORFORGE
1000
floor:0
1000
preliminary
  0
HATCH
  5
E7
330
17
100
AcDbEntity
  8
A-WALL
 62
7
100
AcDbHatch
 10
0.0
 20
0.0
 30
0.0
210
0.0
220
0.0
230
1.0
  2
SOLID
 70
1
 71
0
 91
1
 92
3
 72
0
 73
1
 93
6
 10
3775.0
 20
11650.0
 10
3700.0
 20
11650.0
 10
3700.0
 20
11800.0
 10
4300.0
 20
11800.0
 10
4300.0
 20
11650.0
 10
3775.0
 20
11650.0
 97
0
 75
0
 76
1
 98
0
  0
LWPOLYLINE
  5
E8
330
17
100
AcDbEntity
  8
A-WALL
100
AcDbPolyline
 90
7
 70
1
 10
3700.0
 20
13426.0
 10
3700.0
 20
13501.0
 10
3850.0
 20
13501.0
 10
3850.0
 20
13351.0
 10
3850.0
 20
13276.0
 10
3700.0
 20
13276.0
 10
3700.0
 20
13426.0
1001
FLOORFORGE
1000
floor:0
1000
preliminary
  0
HATCH
  5
E9
330
17
100
AcDbEntity
  8
A-WALL
 62
7
100
AcDbHatch
 10
0.0
 20
0.0
 30
0.0
210
0.0
220
0.0
230
1.0
  2
SOLID
 70
1
 71
0
 91
1
 92
3
 72
0
 73
1
 93
7
 10
3700.0
 20
13426.0
 10
3700.0
 20
13501.0
 10
3850.0
 20
13501.0
 10
3850.0
 20
13351.0
 10
3850.0
 20
13276.0
 10
3700.0
 20
13276.0
 10
3700.0
 20
13426.0
 97
0
 75
0
 76
1
 98
0
  0
LWPOLYLINE
  5
EA
330
17
100
AcDbEntity
  8
A-WALL
100
AcDbPolyline
 90
7
 70
1
 10
3700.0
 20
14251.0
 10
3700.0
 20
14326.0
 10
3850.0
 20
14326.0
 10
3850.0
 20
13426.0
 10
3850.0
 20
13351.0
 10
3700.0
 20
13351.0
 10
3700.0
 20
14251.0
1001
FLOORFORGE
1000
floor:0
1000
preliminary
  0
HATCH
  5
EB
330
17
100
AcDbEntity
  8
A-WALL
 62
7
100
AcDbHatch
 10
0.0
 20
0.0
 30
0.0
210
0.0
220
0.0
230
1.0
  2
SOLID
 70
1
 71
0
 91
1
 92
3
 72
0
 73
1
 93
7
 10
3700.0
 20
14251.0
 10
3700.0
 20
14326.0
 10
3850.0
 20
14326.0
 10
3850.0
 20
13426.0
 10
3850.0
 20
13351.0
 10
3700.0
 20
13351.0
 10
3700.0
 20
14251.0
 97
0
 75
0
 76
1
 98
0
  0
LWPOLYLINE
  5
EC
330
17
100
AcDbEntity
  8
A-WALL
100
AcDbPolyline
 90
7
 70
1
 10
5875.0
 20
14326.0
 10
5950.0
 20
14326.0
 10
5950.0
 20
14176.0
 10
3775.0
 20
14176.0
 10
3700.0
 20
14176.0
 10
3700.0
 20
14326.0
 10
5875.0
 20
14326.0
1001
FLOORFORGE
1000
floor:0
1000
preliminary
  0
HATCH
  5
ED
330
17
100
AcDbEntity
  8
A-WALL
 62
7
100
AcDbHatch
 10
0.0
 20
0.0
 30
0.0
210
0.0
220
0.0
230
1.0
  2
SOLID
 70
1
 71
0
 91
1
 92
3
 72
0
 73
1
 93
7
 10
5875.0
 20
14326.0
 10
5950.0
 20
14326.0
 10
5950.0
 20
14176.0
 10
3775.0
 20
14176.0
 10
3700.0
 20
14176.0
 10
3700.0
 20
14326.0
 10
5875.0
 20
14326.0
 97
0
 75
0
 76
1
 98
0
  0
LWPOLYLINE
  5
EE
330
17
100
AcDbEntity
  8
A-WALL
100
AcDbPolyline
 90
6
 70
1
 10
4474.0
 20
7650.0
 10
4624.0
 20
7650.0
 10
4624.0
 20
7500.0
 10
4474.0
 20
7500.0
 10
4474.0
 20
7575.0
 10
4474.0
 20
7650.0
1001
FLOORFORGE
1000
floor:0
1000
preliminary
  0
HATCH
  5
EF
330
17
100
AcDbEntity
  8
A-WALL
 62
7
100
AcDbHatch
 10
0.0
 20
0.0
 30
0.0
210
0.0
220
0.0
230
1.0
  2
SOLID
 70
1
 71
0
 91
1
 92
3
 72
0
 73
1
 93
6
 10
4474.0
 20
7650.0
 10
4624.0
 20
7650.0
 10
4624.0
 20
7500.0
 10
4474.0
 20
7500.0
 10
4474.0
 20
7575.0
 10
4474.0
 20
7650.0
 97
0
 75
0
 76
1
 98
0
  0
LWPOLYLINE
  5
F0
330
17
100
AcDbEntity
  8
A-WALL
100
AcDbPolyline
 90
6
 70
1
 10
4624.0
 20
3525.0
 10
4624.0
 20
3450.0
 10
4474.0
 20
3450.0
 10
4474.0
 20
3600.0
 10
4624.0
 20
3600.0
 10
4624.0
 20
3525.0
1001
FLOORFORGE
1000
floor:0
1000
preliminary
  0
HATCH
  5
F1
330
17
100
AcDbEntity
  8
A-WALL
 62
7
100
AcDbHatch
 10
0.0
 20
0.0
 30
0.0
210
0.0
220
0.0
230
1.0
  2
SOLID
 70
1
 71
0
 91
1
 92
3
 72
0
 73
1
 93
6
 10
4624.0
 20
3525.0
 10
4624.0
 20
3450.0
 10
4474.0
 20
3450.0
 10
4474.0
 20
3600.0
 10
4624.0
 20
3600.0
 10
4624.0
 20
3525.0
 97
0
 75
0
 76
1
 98
0
  0
LWPOLYLINE
  5
F2
330
17
100
AcDbEntity
  8
A-WALL
100
AcDbPolyline
 90
6
 70
1
 10
7524.0
 20
3600.0
 10
7524.0
 20
3450.0
 10
7374.0
 20
3450.0
 10
7374.0
 20
3600.0
 10
7449.0
 20
3600.0
 10
7524.0
 20
3600.0
1001
FLOORFORGE
1000
floor:0
1000
preliminary
  0
HATCH
  5
F3
330
17
100
AcDbEntity
  8
A-WALL
 62
7
100
AcDbHatch
 10
0.0
 20
0.0
 30
0.0
210
0.0
220
0.0
230
1.0
  2
SOLID
 70
1
 71
0
 91
1
 92
3
 72
0
 73
1
 93
6
 10
7524.0
 20
3600.0
 10
7524.0
 20
3450.0
 10
7374.0
 20
3450.0
 10
7374.0
 20
3600.0
 10
7449.0
 20
3600.0
 10
7524.0
 20
3600.0
 97
0
 75
0
 76
1
 98
0
  0
LWPOLYLINE
  5
F4
330
17
100
AcDbEntity
  8
A-WALL
100
AcDbPolyline
 90
6
 70
1
 10
4549.0
 20
3450.0
 10
4474.0
 20
3450.0
 10
4474.0
 20
3600.0
 10
5949.0
 20
3600.0
 10
5949.0
 20
3450.0
 10
4549.0
 20
3450.0
1001
FLOORFORGE
1000
floor:0
1000
preliminary
  0
HATCH
  5
F5
330
17
100
AcDbEntity
  8
A-WALL
 62
7
100
AcDbHatch
 10
0.0
 20
0.0
 30
0.0
210
0.0
220
0.0
230
1.0
  2
SOLID
 70
1
 71
0
 91
1
 92
3
 72
0
 73
1
 93
6
 10
4549.0
 20
3450.0
 10
4474.0
 20
3450.0
 10
4474.0
 20
3600.0
 10
5949.0
 20
3600.0
 10
5949.0
 20
3450.0
 10
4549.0
 20
3450.0
 97
0
 75
0
 76
1
 98
0
  0
LWPOLYLINE
  5
F6
330
17
100
AcDbEntity
  8
A-WALL
100
AcDbPolyline
 90
6
 70
1
 10
5750.0
 20
7650.0
 10
5750.0
 20
7500.0
 10
5550.0
 20
7500.0
 10
5550.0
 20
7650.0
 10
5675.0
 20
7650.0
 10
5750.0
 20
7650.0
1001
FLOORFORGE
1000
floor:0
1000
preliminary
  0
HATCH
  5
F7
330
17
100
AcDbEntity
  8
A-WALL
 62
7
100
AcDbHatch
 10
0.0
 20
0.0
 30
0.0
210
0.0
220
0.0
230
1.0
  2
SOLID
 70
1
 71
0
 91
1
 92
3
 72
0
 73
1
 93
6
 10
5750.0
 20
7650.0
 10
5750.0
 20
7500.0
 10
5550.0
 20
7500.0
 10
5550.0
 20
7650.0
 10
5675.0
 20
7650.0
 10
5750.0
 20
7650.0
 97
0
 75
0
 76
1
 98
0
  0
LWPOLYLINE
  5
F8
330
17
100
AcDbEntity
  8
A-WALL
100
AcDbPolyline
 90
6
 70
1
 10
4549.0
 20
7500.0
 10
4474.0
 20
7500.0
 10
4474.0
 20
7650.0
 10
4650.0
 20
7650.0
 10
4650.0
 20
7500.0
 10
4549.0
 20
7500.0
1001
FLOORFORGE
1000
floor:0
1000
preliminary
  0
HATCH
  5
F9
330
17
100
AcDbEntity
  8
A-WALL
 62
7
100
AcDbHatch
 10
0.0
 20
0.0
 30
0.0
210
0.0
220
0.0
230
1.0
  2
SOLID
 70
1
 71
0
 91
1
 92
3
 72
0
 73
1
 93
6
 10
4549.0
 20
7500.0
 10
4474.0
 20
7500.0
 10
4474.0
 20
7650.0
 10
4650.0
 20
7650.0
 10
4650.0
 20
7500.0
 10
4549.0
 20
7500.0
 97
0
 75
0
 76
1
 98
0
  0
LWPOLYLINE
  5
FA
330
17
100
AcDbEntity
  8
A-WALL
100
AcDbPolyline
 90
7
 70
1
 10
5600.0
 20
8475.0
 10
5600.0
 20
8550.0
 10
5750.0
 20
8550.0
 10
5750.0
 20
7575.0
 10
5750.0
 20
7500.0
 10
5600.0
 20
7500.0
 10
5600.0
 20
8475.0
1001
FLOORFORGE
1000
floor:0
1000
preliminary
  0
HATCH
  5
FB
330
17
100
AcDbEntity
  8
A-WALL
 62
7
100
AcDbHatch
 10
0.0
 20
0.0
 30
0.0
210
0.0
220
0.0
230
1.0
  2
SOLID
 70
1
 71
0
 91
1
 92
3
 72
0
 73
1
 93
7
 10
5600.0
 20
8475.0
 10
5600.0
 20
8550.0
 10
5750.0
 20
8550.0
 10
5750.0
 20
7575.0
 10
5750.0
 20
7500.0
 10
5600.0
 20
7500.0
 10
5600.0
 20
8475.0
 97
0
 75
0
 76
1
 98
0
  0
LWPOLYLINE
  5
FC
330
17
100
AcDbEntity
  8
A-WALL
100
AcDbPolyline
 90
7
 70
1
 10
5600.0
 20
8550.0
 10
5600.0
 20
8625.0
 10
5750.0
 20
8625.0
 10
5750.0
 20
8475.0
 10
5750.0
 20
8400.0
 10
5600.0
 20
8400.0
 10
5600.0
 20
8550.0
1001
FLOORFORGE
1000
floor:0
1000
preliminary
  0
HATCH
  5
FD
330
17
100
AcDbEntity
  8
A-WALL
 62
7
100
AcDbHatch
 10
0.0
 20
0.0
 30
0.0
210
0.0
220
0.0
230
1.0
  2
SOLID
 70
1
 71
0
 91
1
 92
3
 72
0
 73
1
 93
7
 10
5600.0
 20
8550.0
 10
5600.0
 20
8625.0
 10
5750.0
 20
8625.0
 10
5750.0
 20
8475.0
 10
5750.0
 20
8400.0
 10
5600.0
 20
8400.0
 10
5600.0
 20
8550.0
 97
0
 75
0
 76
1
 98
0
  0
LWPOLYLINE
  5
FE
330
17
100
AcDbEntity
  8
A-WALL
100
AcDbPolyline
 90
6
 70
1
 10
5600.0
 20
9525.0
 10
5750.0
 20
9525.0
 10
5750.0
 20
9350.0
 10
5600.0
 20
9350.0
 10
5600.0
 20
9450.0
 10
5600.0
 20
9525.0
1001
FLOORFORGE
1000
floor:0
1000
preliminary
  0
HATCH
  5
FF
330
17
100
AcDbEntity
  8
A-WALL
 62
7
100
AcDbHatch
 10
0.0
 20
0.0
 30
0.0
210
0.0
220
0.0
230
1.0
  2
SOLID
 70
1
 71
0
 91
1
 92
3
 72
0
 73
1
 93
6
 10
5600.0
 20
9525.0
 10
5750.0
 20
9525.0
 10
5750.0
 20
9350.0
 10
5600.0
 20
9350.0
 10
5600.0
 20
9450.0
 10
5600.0
 20
9525.0
 97
0
 75
0
 76
1
 98
0
  0
LWPOLYLINE
  5
100
330
17
100
AcDbEntity
  8
A-WALL
100
AcDbPolyline
 90
6
 70
1
 10
5750.0
 20
8550.0
 10
5750.0
 20
8475.0
 10
5600.0
 20
8475.0
 10
5600.0
 20
8700.0
 10
5750.0
 20
8700.0
 10
5750.0
 20
8550.0
1001
FLOORFORGE
1000
floor:0
1000
preliminary
  0
HATCH
  5
101
330
17
100
AcDbEntity
  8
A-WALL
 62
7
100
AcDbHatch
 10
0.0
 20
0.0
 30
0.0
210
0.0
220
0.0
230
1.0
  2
SOLID
 70
1
 71
0
 91
1
 92
3
 72
0
 73
1
 93
6
 10
5750.0
 20
8550.0
 10
5750.0
 20
8475.0
 10
5600.0
 20
8475.0
 10
5600.0
 20
8700.0
 10
5750.0
 20
8700.0
 10
5750.0
 20
8550.0
 97
0
 75
0
 76
1
 98
0
  0
LWPOLYLINE
  5
102
330
17
100
AcDbEntity
  8
A-WALL
100
AcDbPolyline
 90
7
 70
1
 10
5600.0
 20
11725.0
 10
5600.0
 20
11800.0
 10
5750.0
 20
11800.0
 10
5750.0
 20
9450.0
 10
5750.0
 20
9375.0
 10
5600.0
 20
9375.0
 10
5600.0
 20
11725.0
1001
FLOORFORGE
1000
floor:0
1000
preliminary
  0
HATCH
  5
103
330
17
100
AcDbEntity
  8
A-WALL
 62
7
100
AcDbHatch
 10
0.0
 20
0.0
 30
0.0
210
0.0
220
0.0
230
1.0
  2
SOLID
 70
1
 71
0
 91
1
 92
3
 72
0
 73
1
 93
7
 10
5600.0
 20
11725.0
 10
5600.0
 20
11800.0
 10
5750.0
 20
11800.0
 10
5750.0
 20
9450.0
 10
5750.0
 20
9375.0
 10
5600.0
 20
9375.0
 10
5600.0
 20
11725.0
 97
0
 75
0
 76
1
 98
0
  0
LWPOLYLINE
  5
104
330
17
100
AcDbEntity
  8
A-WALL
100
AcDbPolyline
 90
7
 70
1
 10
5750.0
 20
8550.0
 10
5825.0
 20
8550.0
 10
5825.0
 20
8400.0
 10
5675.0
 20
8400.0
 10
5600.0
 20
8400.0
 10
5600.0
 20
8550.0
 10
5750.0
 20
8550.0
1001
FLOORFORGE
1000
floor:0
1000
preliminary
  0
HATCH
  5
105
330
17
100
AcDbEntity
  8
A-WALL
 62
7
100
AcDbHatch
 10
0.0
 20
0.0
 30
0.0
210
0.0
220
0.0
230
1.0
  2
SOLID
 70
1
 71
0
 91
1
 92
3
 72
0
 73
1
 93
7
 10
5750.0
 20
8550.0
 10
5825.0
 20
8550.0
 10
5825.0
 20
8400.0
 10
5675.0
 20
8400.0
 10
5600.0
 20
8400.0
 10
5600.0
 20
8550.0
 10
5750.0
 20
8550.0
 97
0
 75
0
 76
1
 98
0
  0
LWPOLYLINE
  5
106
330
17
100
AcDbEntity
  8
A-WALL
100
AcDbPolyline
 90
7
 70
1
 10
7600.0
 20
8550.0
 10
7675.0
 20
8550.0
 10
7675.0
 20
8400.0
 10
5750.0
 20
8400.0
 10
5675.0
 20
8400.0
 10
5675.0
 20
8550.0
 10
7600.0
 20
8550.0
1001
FLOORFORGE
1000
floor:0
1000
preliminary
  0
HATCH
  5
107
330
17
100
AcDbEntity
  8
A-WALL
 62
7
100
AcDbHatch
 10
0.0
 20
0.0
 30
0.0
210
0.0
220
0.0
230
1.0
  2
SOLID
 70
1
 71
0
 91
1
 92
3
 72
0
 73
1
 93
7
 10
7600.0
 20
8550.0
 10
7675.0
 20
8550.0
 10
7675.0
 20
8400.0
 10
5750.0
 20
8400.0
 10
5675.0
 20
8400.0
 10
5675.0
 20
8550.0
 10
7600.0
 20
8550.0
 97
0
 75
0
 76
1
 98
0
  0
LWPOLYLINE
  5
108
330
17
100
AcDbEntity
  8
A-WALL
100
AcDbPolyline
 90
7
 70
1
 10
8350.0
 20
8550.0
 10
8425.0
 20
8550.0
 10
8425.0
 20
8400.0
 10
7600.0
 20
8400.0
 10
7525.0
 20
8400.0
 10
7525.0
 20
8550.0
 10
8350.0
 20
8550.0
1001
FLOORFORGE
1000
floor:0
1000
preliminary
  0
HATCH
  5
109
330
17
100
AcDbEntity
  8
A-WALL
 62
7
100
AcDbHatch
 10
0.0
 20
0.0
 30
0.0
210
0.0
220
0.0
230
1.0
  2
SOLID
 70
1
 71
0
 91
1
 92
3
 72
0
 73
1
 93
7
 10
8350.0
 20
8550.0
 10
8425.0
 20
8550.0
 10
8425.0
 20
8400.0
 10
7600.0
 20
8400.0
 10
7525.0
 20
8400.0
 10
7525.0
 20
8550.0
 10
8350.0
 20
8550.0
 97
0
 75
0
 76
1
 98
0
  0
LWPOLYLINE
  5
10A
330
17
100
AcDbEntity
  8
A-WALL
100
AcDbPolyline
 90
7
 70
1
 10
8425.0
 20
8550.0
 10
8500.0
 20
8550.0
 10
8500.0
 20
8400.0
 10
8350.0
 20
8400.0
 10
8275.0
 20
8400.0
 10
8275.0
 20
8550.0
 10
8425.0
 20
8550.0
1001
FLOORFORGE
1000
floor:0
1000
preliminary
  0
HATCH
  5
10B
330
17
100
AcDbEntity
  8
A-WALL
 62
7
100
AcDbHatch
 10
0.0
 20
0.0
 30
0.0
210
0.0
220
0.0
230
1.0
  2
SOLID
 70
1
 71
0
 91
1
 92
3
 72
0
 73
1
 93
7
 10
8425.0
 20
8550.0
 10
8500.0
 20
8550.0
 10
8500.0
 20
8400.0
 10
8350.0
 20
8400.0
 10
8275.0
 20
8400.0
 10
8275.0
 20
8550.0
 10
8425.0
 20
8550.0
 97
0
 75
0
 76
1
 98
0
  0
LWPOLYLINE
  5
10C
330
17
100
AcDbEntity
  8
A-WALL
100
AcDbPolyline
 90
7
 70
1
 10
5875.0
 20
11800.0
 10
5950.0
 20
11800.0
 10
5950.0
 20
11650.0
 10
5675.0
 20
11650.0
 10
5600.0
 20
11650.0
 10
5600.0
 20
11800.0
 10
5875.0
 20
11800.0
1001
FLOORFORGE
1000
floor:0
1000
preliminary
  0
HATCH
  5
10D
330
17
100
AcDbEntity
  8
A-WALL
 62
7
100
AcDbHatch
 10
0.0
 20
0.0
 30
0.0
210
0.0
220
0.0
230
1.0
  2
SOLID
 70
1
 71
0
 91
1
 92
3
 72
0
 73
1
 93
7
 10
5875.0
 20
11800.0
 10
5950.0
 20
11800.0
 10
5950.0
 20
11650.0
 10
5675.0
 20
11650.0
 10
5600.0
 20
11650.0
 10
5600.0
 20
11800.0
 10
5875.0
 20
11800.0
 97
0
 75
0
 76
1
 98
0
  0
LWPOLYLINE
  5
10E
330
17
100
AcDbEntity
  8
A-WALL
100
AcDbPolyline
 90
7
 70
1
 10
5800.0
 20
10975.0
 10
5800.0
 20
11050.0
 10
5950.0
 20
11050.0
 10
5950.0
 20
9525.0
 10
5950.0
 20
9450.0
 10
5800.0
 20
9450.0
 10
5800.0
 20
10975.0
1001
FLOORFORGE
1000
floor:0
1000
preliminary
  0
HATCH
  5
10F
330
17
100
AcDbEntity
  8
A-WALL
 62
7
100
AcDbHatch
 10
0.0
 20
0.0
 30
0.0
210
0.0
220
0.0
230
1.0
  2
SOLID
 70
1
 71
0
 91
1
 92
3
 72
0
 73
1
 93
7
 10
5800.0
 20
10975.0
 10
5800.0
 20
11050.0
 10
5950.0
 20
11050.0
 10
5950.0
 20
9525.0
 10
5950.0
 20
9450.0
 10
5800.0
 20
9450.0
 10
5800.0
 20
10975.0
 97
0
 75
0
 76
1
 98
0
  0
LWPOLYLINE
  5
110
330
17
100
AcDbEntity
  8
A-WALL
100
AcDbPolyline
 90
7
 70
1
 10
7600.0
 20
9600.0
 10
7675.0
 20
9600.0
 10
7675.0
 20
9450.0
 10
5875.0
 20
9450.0
 10
5800.0
 20
9450.0
 10
5800.0
 20
9600.0
 10
7600.0
 20
9600.0
1001
FLOORFORGE
1000
floor:0
1000
preliminary
  0
HATCH
  5
111
330
17
100
AcDbEntity
  8
A-WALL
 62
7
100
AcDbHatch
 10
0.0
 20
0.0
 30
0.0
210
0.0
220
0.0
230
1.0
  2
SOLID
 70
1
 71
0
 91
1
 92
3
 72
0
 73
1
 93
7
 10
7600.0
 20
9600.0
 10
7675.0
 20
9600.0
 10
7675.0
 20
9450.0
 10
5875.0
 20
9450.0
 10
5800.0
 20
9450.0
 10
5800.0
 20
9600.0
 10
7600.0
 20
9600.0
 97
0
 75
0
 76
1
 98
0
  0
LWPOLYLINE
  5
112
330
17
100
AcDbEntity
  8
A-WALL
100
AcDbPolyline
 90
7
 70
1
 10
8350.0
 20
9600.0
 10
8425.0
 20
9600.0
 10
8425.0
 20
9450.0
 10
7600.0
 20
9450.0
 10
7525.0
 20
9450.0
 10
7525.0
 20
9600.0
 10
8350.0
 20
9600.0
1001
FLOORFORGE
1000
floor:0
1000
preliminary
  0
HATCH
  5
113
330
17
100
AcDbEntity
  8
A-WALL
 62
7
100
AcDbHatch
 10
0.0
 20
0.0
 30
0.0
210
0.0
220
0.0
230
1.0
  2
SOLID
 70
1
 71
0
 91
1
 92
3
 72
0
 73
1
 93
7
 10
8350.0
 20
9600.0
 10
8425.0
 20
9600.0
 10
8425.0
 20
9450.0
 10
7600.0
 20
9450.0
 10
7525.0
 20
9450.0
 10
7525.0
 20
9600.0
 10
8350.0
 20
9600.0
 97
0
 75
0
 76
1
 98
0
  0
LWPOLYLINE
  5
114
330
17
100
AcDbEntity
  8
A-WALL
100
AcDbPolyline
 90
7
 70
1
 10
8425.0
 20
9600.0
 10
8500.0
 20
9600.0
 10
8500.0
 20
9450.0
 10
8350.0
 20
9450.0
 10
8275.0
 20
9450.0
 10
8275.0
 20
9600.0
 10
8425.0
 20
9600.0
1001
FLOORFORGE
1000
floor:0
1000
preliminary
  0
HATCH
  5
115
330
17
100
AcDbEntity
  8
A-WALL
 62
7
100
AcDbHatch
 10
0.0
 20
0.0
 30
0.0
210
0.0
220
0.0
230
1.0
  2
SOLID
 70
1
 71
0
 91
1
 92
3
 72
0
 73
1
 93
7
 10
8425.0
 20
9600.0
 10
8500.0
 20
9600.0
 10
8500.0
 20
9450.0
 10
8350.0
 20
9450.0
 10
8275.0
 20
9450.0
 10
8275.0
 20
9600.0
 10
8425.0
 20
9600.0
 97
0
 75
0
 76
1
 98
0
  0
LWPOLYLINE
  5
116
330
17
100
AcDbEntity
  8
A-WALL
100
AcDbPolyline
 90
7
 70
1
 10
5800.0
 20
11725.0
 10
5800.0
 20
11800.0
 10
5950.0
 20
11800.0
 10
5950.0
 20
10975.0
 10
5950.0
 20
10900.0
 10
5800.0
 20
10900.0
 10
5800.0
 20
11725.0
1001
FLOORFORGE
1000
floor:0
1000
preliminary
  0
HATCH
  5
117
330
17
100
AcDbEntity
  8
A-WALL
 62
7
100
AcDbHatch
 10
0.0
 20
0.0
 30
0.0
210
0.0
220
0.0
230
1.0
  2
SOLID
 70
1
 71
0
 91
1
 92
3
 72
0
 73
1
 93
7
 10
5800.0
 20
11725.0
 10
5800.0
 20
11800.0
 10
5950.0
 20
11800.0
 10
5950.0
 20
10975.0
 10
5950.0
 20
10900.0
 10
5800.0
 20
10900.0
 10
5800.0
 20
11725.0
 97
0
 75
0
 76
1
 98
0
  0
LWPOLYLINE
  5
118
330
17
100
AcDbEntity
  8
A-WALL
100
AcDbPolyline
 90
6
 70
1
 10
8500.0
 20
11050.0
 10
8500.0
 20
10900.0
 10
7750.0
 20
10900.0
 10
7750.0
 20
11050.0
 10
8425.0
 20
11050.0
 10
8500.0
 20
11050.0
1001
FLOORFORGE
1000
floor:0
1000
preliminary
  0
HATCH
  5
119
330
17
100
AcDbEntity
  8
A-WALL
 62
7
100
AcDbHatch
 10
0.0
 20
0.0
 30
0.0
210
0.0
220
0.0
230
1.0
  2
SOLID
 70
1
 71
0
 91
1
 92
3
 72
0
 73
1
 93
6
 10
8500.0
 20
11050.0
 10
8500.0
 20
10900.0
 10
7750.0
 20
10900.0
 10
7750.0
 20
11050.0
 10
8425.0
 20
11050.0
 10
8500.0
 20
11050.0
 97
0
 75
0
 76
1
 98
0
  0
LWPOLYLINE
  5
11A
330
17
100
AcDbEntity
  8
A-WALL
100
AcDbPolyline
 90
6
 70
1
 10
5875.0
 20
10900.0
 10
5800.0
 20
10900.0
 10
5800.0
 20
11050.0
 10
6950.0
 20
11050.0
 10
6950.0
 20
10900.0
 10
5875.0
 20
10900.0
1001
FLOORFORGE
1000
floor:0
1000
preliminary
  0
HATCH
  5
11B
330
17
100
AcDbEntity
  8
A-WALL
 62
7
100
AcDbHatch
 10
0.0
 20
0.0
 30
0.0
210
0.0
220
0.0
230
1.0
  2
SOLID
 70
1
 71
0
 91
1
 92
3
 72
0
 73
1
 93
6
 10
5875.0
 20
10900.0
 10
5800.0
 20
10900.0
 10
5800.0
 20
11050.0
 10
6950.0
 20
11050.0
 10
6950.0
 20
10900.0
 10
5875.0
 20
10900.0
 97
0
 75
0
 76
1
 98
0
  0
LWPOLYLINE
  5
11C
330
17
100
AcDbEntity
  8
A-WALL
100
AcDbPolyline
 90
7
 70
1
 10
5800.0
 20
14251.0
 10
5800.0
 20
14326.0
 10
5950.0
 20
14326.0
 10
5950.0
 20
11725.0
 10
5950.0
 20
11650.0
 10
5800.0
 20
11650.0
 10
5800.0
 20
14251.0
1001
FLOORFORGE
1000
floor:0
1000
preliminary
  0
HATCH
  5
11D
330
17
100
AcDbEntity
  8
A-WALL
 62
7
100
AcDbHatch
 10
0.0
 20
0.0
 30
0.0
210
0.0
220
0.0
230
1.0
  2
SOLID
 70
1
 71
0
 91
1
 92
3
 72
0
 73
1
 93
7
 10
5800.0
 20
14251.0
 10
5800.0
 20
14326.0
 10
5950.0
 20
14326.0
 10
5950.0
 20
11725.0
 10
5950.0
 20
11650.0
 10
5800.0
 20
11650.0
 10
5800.0
 20
14251.0
 97
0
 75
0
 76
1
 98
0
  0
LWPOLYLINE
  5
11E
330
17
100
AcDbEntity
  8
A-WALL
100
AcDbPolyline
 90
6
 70
1
 10
8500.0
 20
14326.0
 10
8500.0
 20
14176.0
 10
7850.0
 20
14176.0
 10
7850.0
 20
14326.0
 10
8425.0
 20
14326.0
 10
8500.0
 20
14326.0
1001
FLOORFORGE
1000
floor:0
1000
preliminary
  0
HATCH
  5
11F
330
17
100
AcDbEntity
  8
A-WALL
 62
7
100
AcDbHatch
 10
0.0
 20
0.0
 30
0.0
210
0.0
220
0.0
230
1.0
  2
SOLID
 70
1
 71
0
 91
1
 92
3
 72
0
 73
1
 93
6
 10
8500.0
 20
14326.0
 10
8500.0
 20
14176.0
 10
7850.0
 20
14176.0
 10
7850.0
 20
14326.0
 10
8425.0
 20
14326.0
 10
8500.0
 20
14326.0
 97
0
 75
0
 76
1
 98
0
  0
LWPOLYLINE
  5
120
330
17
100
AcDbEntity
  8
A-WALL
100
AcDbPolyline
 90
6
 70
1
 10
5875.0
 20
14176.0
 10
5800.0
 20
14176.0
 10
5800.0
 20
14326.0
 10
6450.0
 20
14326.0
 10
6450.0
 20
14176.0
 10
5875.0
 20
14176.0
1001
FLOORFORGE
1000
floor:0
1000
preliminary
  0
HATCH
  5
121
330
17
100
AcDbEntity
  8
A-WALL
 62
7
100
AcDbHatch
 10
0.0
 20
0.0
 30
0.0
210
0.0
220
0.0
230
1.0
  2
SOLID
 70
1
 71
0
 91
1
 92
3
 72
0
 73
1
 93
6
 10
5875.0
 20
14176.0
 10
5800.0
 20
14176.0
 10
5800.0
 20
14326.0
 10
6450.0
 20
14326.0
 10
6450.0
 20
14176.0
 10
5875.0
 20
14176.0
 97
0
 75
0
 76
1
 98
0
  0
LWPOLYLINE
  5
122
330
17
100
AcDbEntity
  8
A-WALL
100
AcDbPolyline
 90
7
 70
1
 10
7374.0
 20
1875.0
 10
7374.0
 20
1950.0
 10
7524.0
 20
1950.0
 10
7524.0
 20
75.0
 10
7524.0
 20
0.0
 10
7374.0
 20
0.0
 10
7374.0
 20
1875.0
1001
FLOORFORGE
1000
floor:0
1000
preliminary
  0
HATCH
  5
123
330
17
100
AcDbEntity
  8
A-WALL
 62
7
100
AcDbHatch
 10
0.0
 20
0.0
 30
0.0
210
0.0
220
0.0
230
1.0
  2
SOLID
 70
1
 71
0
 91
1
 92
3
 72
0
 73
1
 93
7
 10
7374.0
 20
1875.0
 10
7374.0
 20
1950.0
 10
7524.0
 20
1950.0
 10
7524.0
 20
75.0
 10
7524.0
 20
0.0
 10
7374.0
 20
0.0
 10
7374.0
 20
1875.0
 97
0
 75
0
 76
1
 98
0
  0
LWPOLYLINE
  5
124
330
17
100
AcDbEntity
  8
A-WALL
100
AcDbPolyline
 90
7
 70
1
 10
9399.0
 20
150.0
 10
9474.0
 20
150.0
 10
9474.0
 20
0.0
 10
7449.0
 20
0.0
 10
7374.0
 20
0.0
 10
7374.0
 20
150.0
 10
9399.0
 20
150.0
1001
FLOORFORGE
1000
floor:0
1000
preliminary
  0
HATCH
  5
125
330
17
100
AcDbEntity
  8
A-WALL
 62
7
100
AcDbHatch
 10
0.0
 20
0.0
 30
0.0
210
0.0
220
0.0
230
1.0
  2
SOLID
 70
1
 71
0
 91
1
 92
3
 72
0
 73
1
 93
7
 10
9399.0
 20
150.0
 10
9474.0
 20
150.0
 10
9474.0
 20
0.0
 10
7449.0
 20
0.0
 10
7374.0
 20
0.0
 10
7374.0
 20
150.0
 10
9399.0
 20
150.0
 97
0
 75
0
 76
1
 98
0
  0
LWPOLYLINE
  5
126
330
17
100
AcDbEntity
  8
A-WALL
100
AcDbPolyline
 90
6
 70
1
 10
7374.0
 20
3600.0
 10
7524.0
 20
3600.0
 10
7524.0
 20
3450.0
 10
7374.0
 20
3450.0
 10
7374.0
 20
3525.0
 10
7374.0
 20
3600.0
1001
FLOORFORGE
1000
floor:0
1000
preliminary
  0
HATCH
  5
127
330
17
100
AcDbEntity
  8
A-WALL
 62
7
100
AcDbHatch
 10
0.0
 20
0.0
 30
0.0
210
0.0
220
0.0
230
1.0
  2
SOLID
 70
1
 71
0
 91
1
 92
3
 72
0
 73
1
 93
6
 10
7374.0
 20
3600.0
 10
7524.0
 20
3600.0
 10
7524.0
 20
3450.0
 10
7374.0
 20
3450.0
 10
7374.0
 20
3525.0
 10
7374.0
 20
3600.0
 97
0
 75
0
 76
1
 98
0
  0
LWPOLYLINE
  5
128
330
17
100
AcDbEntity
  8
A-WALL
100
AcDbPolyline
 90
6
 70
1
 10
7524.0
 20
1875.0
 10
7524.0
 20
1800.0
 10
7374.0
 20
1800.0
 10
7374.0
 20
1950.0
 10
7524.0
 20
1950.0
 10
7524.0
 20
1875.0
1001
FLOORFORGE
1000
floor:0
1000
preliminary
  0
HATCH
  5
129
330
17
100
AcDbEntity
  8
A-WALL
 62
7
100
AcDbHatch
 10
0.0
 20
0.0
 30
0.0
210
0.0
220
0.0
230
1.0
  2
SOLID
 70
1
 71
0
 91
1
 92
3
 72
0
 73
1
 93
6
 10
7524.0
 20
1875.0
 10
7524.0
 20
1800.0
 10
7374.0
 20
1800.0
 10
7374.0
 20
1950.0
 10
7524.0
 20
1950.0
 10
7524.0
 20
1875.0
 97
0
 75
0
 76
1
 98
0
  0
LWPOLYLINE
  5
12A
330
17
100
AcDbEntity
  8
A-WALL
100
AcDbPolyline
 90
6
 70
1
 10
10974.0
 20
4300.0
 10
10974.0
 20
4150.0
 10
10824.0
 20
4150.0
 10
10824.0
 20
4300.0
 10
10899.0
 20
4300.0
 10
10974.0
 20
4300.0
1001
FLOORFORGE
1000
floor:0
1000
preliminary
  0
HATCH
  5
12B
330
17
100
AcDbEntity
  8
A-WALL
 62
7
100
AcDbHatch
 10
0.0
 20
0.0
 30
0.0
210
0.0
220
0.0
230
1.0
  2
SOLID
 70
1
 71
0
 91
1
 92
3
 72
0
 73
1
 93
6
 10
10974.0
 20
4300.0
 10
10974.0
 20
4150.0
 10
10824.0
 20
4150.0
 10
10824.0
 20
4300.0
 10
10899.0
 20
4300.0
 10
10974.0
 20
4300.0
 97
0
 75
0
 76
1
 98
0
  0
LWPOLYLINE
  5
12C
330
17
100
AcDbEntity
  8
A-WALL
100
AcDbPolyline
 90
6
 70
1
 10
7449.0
 20
4150.0
 10
7374.0
 20
4150.0
 10
7374.0
 20
4300.0
 10
7524.0
 20
4300.0
 10
7524.0
 20
4150.0
 10
7449.0
 20
4150.0
1001
FLOORFORGE
1000
floor:0
1000
preliminary
  0
HATCH
  5
12D
330
17
100
AcDbEntity
  8
A-WALL
 62
7
100
AcDbHatch
 10
0.0
 20
0.0
 30
0.0
210
0.0
220
0.0
230
1.0
  2
SOLID
 70
1
 71
0
 91
1
 92
3
 72
0
 73
1
 93
6
 10
7449.0
 20
4150.0
 10
7374.0
 20
4150.0
 10
7374.0
 20
4300.0
 10
7524.0
 20
4300.0
 10
7524.0
 20
4150.0
 10
7449.0
 20
4150.0
 97
0
 75
0
 76
1
 98
0
  0
LWPOLYLINE
  5
12E
330
17
100
AcDbEntity
  8
A-WALL
100
AcDbPolyline
 90
7
 70
1
 10
8350.0
 20
8550.0
 10
8350.0
 20
8625.0
 10
8500.0
 20
8625.0
 10
8500.0
 20
8475.0
 10
8500.0
 20
8400.0
 10
8350.0
 20
8400.0
 10
8350.0
 20
8550.0
1001
FLOORFORGE
1000
floor:0
1000
preliminary
  0
HATCH
  5
12F
330
17
100
AcDbEntity
  8
A-WALL
 62
7
100
AcDbHatch
 10
0.0
 20
0.0
 30
0.0
210
0.0
220
0.0
230
1.0
  2
SOLID
 70
1
 71
0
 91
1
 92
3
 72
0
 73
1
 93
7
 10
8350.0
 20
8550.0
 10
8350.0
 20
8625.0
 10
8500.0
 20
8625.0
 10
8500.0
 20
8475.0
 10
8500.0
 20
8400.0
 10
8350.0
 20
8400.0
 10
8350.0
 20
8550.0
 97
0
 75
0
 76
1
 98
0
  0
LWPOLYLINE
  5
130
330
17
100
AcDbEntity
  8
A-WALL
100
AcDbPolyline
 90
7
 70
1
 10
8350.0
 20
9450.0
 10
8350.0
 20
9525.0
 10
8500.0
 20
9525.0
 10
8500.0
 20
8550.0
 10
8500.0
 20
8475.0
 10
8350.0
 20
8475.0
 10
8350.0
 20
9450.0
1001
FLOORFORGE
1000
floor:0
1000
preliminary
  0
HATCH
  5
131
330
17
100
AcDbEntity
  8
A-WALL
 62
7
100
AcDbHatch
 10
0.0
 20
0.0
 30
0.0
210
0.0
220
0.0
230
1.0
  2
SOLID
 70
1
 71
0
 91
1
 92
3
 72
0
 73
1
 93
7
 10
8350.0
 20
9450.0
 10
8350.0
 20
9525.0
 10
8500.0
 20
9525.0
 10
8500.0
 20
8550.0
 10
8500.0
 20
8475.0
 10
8350.0
 20
8475.0
 10
8350.0
 20
9450.0
 97
0
 75
0
 76
1
 98
0
  0
LWPOLYLINE
  5
132
330
17
100
AcDbEntity
  8
A-WALL
100
AcDbPolyline
 90
7
 70
1
 10
8350.0
 20
9525.0
 10
8350.0
 20
9600.0
 10
8500.0
 20
9600.0
 10
8500.0
 20
9450.0
 10
8500.0
 20
9375.0
 10
8350.0
 20
9375.0
 10
8350.0
 20
9525.0
1001
FLOORFORGE
1000
floor:0
1000
preliminary
  0
HATCH
  5
133
330
17
100
AcDbEntity
  8
A-WALL
 62
7
100
AcDbHatch
 10
0.0
 20
0.0
 30
0.0
210
0.0
220
0.0
230
1.0
  2
SOLID
 70
1
 71
0
 91
1
 92
3
 72
0
 73
1
 93
7
 10
8350.0
 20
9525.0
 10
8350.0
 20
9600.0
 10
8500.0
 20
9600.0
 10
8500.0
 20
9450.0
 10
8500.0
 20
9375.0
 10
8350.0
 20
9375.0
 10
8350.0
 20
9525.0
 97
0
 75
0
 76
1
 98
0
  0
LWPOLYLINE
  5
134
330
17
100
AcDbEntity
  8
A-WALL
100
AcDbPolyline
 90
6
 70
1
 10
11450.0
 20
8550.0
 10
11450.0
 20
8400.0
 10
11150.0
 20
8400.0
 10
11150.0
 20
8550.0
 10
11375.0
 20
8550.0
 10
11450.0
 20
8550.0
1001
FLOORFORGE
1000
floor:0
1000
preliminary
  0
HATCH
  5
135
330
17
100
AcDbEntity
  8
A-WALL
 62
7
100
AcDbHatch
 10
0.0
 20
0.0
 30
0.0
210
0.0
220
0.0
230
1.0
  2
SOLID
 70
1
 71
0
 91
1
 92
3
 72
0
 73
1
 93
6
 10
11450.0
 20
8550.0
 10
11450.0
 20
8400.0
 10
11150.0
 20
8400.0
 10
11150.0
 20
8550.0
 10
11375.0
 20
8550.0
 10
11450.0
 20
8550.0
 97
0
 75
0
 76
1
 98
0
  0
LWPOLYLINE
  5
136
330
17
100
AcDbEntity
  8
A-WALL
100
AcDbPolyline
 90
6
 70
1
 10
8425.0
 20
8400.0
 10
8350.0
 20
8400.0
 10
8350.0
 20
8550.0
 10
8500.0
 20
8550.0
 10
8500.0
 20
8400.0
 10
8425.0
 20
8400.0
1001
FLOORFORGE
1000
floor:0
1000
preliminary
  0
HATCH
  5
137
330
17
100
AcDbEntity
  8
A-WALL
 62
7
100
AcDbHatch
 10
0.0
 20
0.0
 30
0.0
210
0.0
220
0.0
230
1.0
  2
SOLID
 70
1
 71
0
 91
1
 92
3
 72
0
 73
1
 93
6
 10
8425.0
 20
8400.0
 10
8350.0
 20
8400.0
 10
8350.0
 20
8550.0
 10
8500.0
 20
8550.0
 10
8500.0
 20
8400.0
 10
8425.0
 20
8400.0
 97
0
 75
0
 76
1
 98
0
  0
LWPOLYLINE
  5
138
330
17
100
AcDbEntity
  8
A-WALL
100
AcDbPolyline
 90
7
 70
1
 10
8350.0
 20
10975.0
 10
8350.0
 20
11050.0
 10
8500.0
 20
11050.0
 10
8500.0
 20
9525.0
 10
8500.0
 20
9450.0
 10
8350.0
 20
9450.0
 10
8350.0
 20
10975.0
1001
FLOORFORGE
1000
floor:0
1000
preliminary
  0
HATCH
  5
139
330
17
100
AcDbEntity
  8
A-WALL
 62
7
100
AcDbHatch
 10
0.0
 20
0.0
 30
0.0
210
0.0
220
0.0
230
1.0
  2
SOLID
 70
1
 71
0
 91
1
 92
3
 72
0
 73
1
 93
7
 10
8350.0
 20
10975.0
 10
8350.0
 20
11050.0
 10
8500.0
 20
11050.0
 10
8500.0
 20
9525.0
 10
8500.0
 20
9450.0
 10
8350.0
 20
9450.0
 10
8350.0
 20
10975.0
 97
0
 75
0
 76
1
 98
0
  0
LWPOLYLINE
  5
13A
330
17
100
AcDbEntity
  8
A-WALL
100
AcDbPolyline
 90
6
 70
1
 10
8350.0
 20
12850.0
 10
8500.0
 20
12850.0
 10
8500.0
 20
12200.0
 10
8350.0
 20
12200.0
 10
8350.0
 20
12775.0
 10
8350.0
 20
12850.0
1001
FLOORFORGE
1000
floor:0
1000
preliminary
  0
HATCH
  5
13B
330
17
100
AcDbEntity
  8
A-WALL
 62
7
100
AcDbHatch
 10
0.0
 20
0.0
 30
0.0
210
0.0
220
0.0
230
1.0
  2
SOLID
 70
1
 71
0
 91
1
 92
3
 72
0
 73
1
 93
6
 10
8350.0
 20
12850.0
 10
8500.0
 20
12850.0
 10
8500.0
 20
12200.0
 10
8350.0
 20
12200.0
 10
8350.0
 20
12775.0
 10
8350.0
 20
12850.0
 97
0
 75
0
 76
1
 98
0
  0
LWPOLYLINE
  5
13C
330
17
100
AcDbEntity
  8
A-WALL
100
AcDbPolyline
 90
6
 70
1
 10
8500.0
 20
10975.0
 10
8500.0
 20
10900.0
 10
8350.0
 20
10900.0
 10
8350.0
 20
11200.0
 10
8500.0
 20
11200.0
 10
8500.0
 20
10975.0
1001
FLOORFORGE
1000
floor:0
1000
preliminary
  0
HATCH
  5
13D
330
17
100
AcDbEntity
  8
A-WALL
 62
7
100
AcDbHatch
 10
0.0
 20
0.0
 30
0.0
210
0.0
220
0.0
230
1.0
  2
SOLID
 70
1
 71
0
 91
1
 92
3
 72
0
 73
1
 93
6
 10
8500.0
 20
10975.0
 10
8500.0
 20
10900.0
 10
8350.0
 20
10900.0
 10
8350.0
 20
11200.0
 10
8500.0
 20
11200.0
 10
8500.0
 20
10975.0
 97
0
 75
0
 76
1
 98
0
  0
LWPOLYLINE
  5
13E
330
17
100
AcDbEntity
  8
A-WALL
100
AcDbPolyline
 90
7
 70
1
 10
8350.0
 20
12850.0
 10
8350.0
 20
12925.0
 10
8500.0
 20
12925.0
 10
8500.0
 20
12775.0
 10
8500.0
 20
12700.0
 10
8350.0
 20
12700.0
 10
8350.0
 20
12850.0
1001
FLOORFORGE
1000
floor:0
1000
preliminary
  0
HATCH
  5
13F
330
17
100
AcDbEntity
  8
A-WALL
 62
7
100
AcDbHatch
 10
0.0
 20
0.0
 30
0.0
210
0.0
220
0.0
230
1.0
  2
SOLID
 70
1
 71
0
 91
1
 92
3
 72
0
 73
1
 93
7
 10
8350.0
 20
12850.0
 10
8350.0
 20
12925.0
 10
8500.0
 20
12925.0
 10
8500.0
 20
12775.0
 10
8500.0
 20
12700.0
 10
8350.0
 20
12700.0
 10
8350.0
 20
12850.0
 97
0
 75
0
 76
1
 98
0
  0
LWPOLYLINE
  5
140
330
17
100
AcDbEntity
  8
A-WALL
100
AcDbPolyline
 90
6
 70
1
 10
8350.0
 20
14251.0
 10
8500.0
 20
14251.0
 10
8500.0
 20
14050.0
 10
8350.0
 20
14050.0
 10
8350.0
 20
14176.0
 10
8350.0
 20
14251.0
1001
FLOORFORGE
1000
floor:0
1000
preliminary
  0
HATCH
  5
141
330
17
100
AcDbEntity
  8
A-WALL
 62
7
100
AcDbHatch
 10
0.0
 20
0.0
 30
0.0
210
0.0
220
0.0
230
1.0
  2
SOLID
 70
1
 71
0
 91
1
 92
3
 72
0
 73
1
 93
6
 10
8350.0
 20
14251.0
 10
8500.0
 20
14251.0
 10
8500.0
 20
14050.0
 10
8350.0
 20
14050.0
 10
8350.0
 20
14176.0
 10
8350.0
 20
14251.0
 97
0
 75
0
 76
1
 98
0
  0
LWPOLYLINE
  5
142
330
17
100
AcDbEntity
  8
A-WALL
100
AcDbPolyline
 90
6
 70
1
 10
8500.0
 20
12850.0
 10
8500.0
 20
12775.0
 10
8350.0
 20
12775.0
 10
8350.0
 20
12950.0
 10
8500.0
 20
12950.0
 10
8500.0
 20
12850.0
1001
FLOORFORGE
1000
floor:0
1000
preliminary
  0
HATCH
  5
143
330
17
100
AcDbEntity
  8
A-WALL
 62
7
100
AcDbHatch
 10
0.0
 20
0.0
 30
0.0
210
0.0
220
0.0
230
1.0
  2
SOLID
 70
1
 71
0
 91
1
 92
3
 72
0
 73
1
 93
6
 10
8500.0
 20
12850.0
 10
8500.0
 20
12775.0
 10
8350.0
 20
12775.0
 10
8350.0
 20
12950.0
 10
8500.0
 20
12950.0
 10
8500.0
 20
12850.0
 97
0
 75
0
 76
1
 98
0
  0
LWPOLYLINE
  5
144
330
17
100
AcDbEntity
  8
A-WALL
100
AcDbPolyline
 90
7
 70
1
 10
8350.0
 20
14251.0
 10
8350.0
 20
14326.0
 10
8500.0
 20
14326.0
 10
8500.0
 20
14176.0
 10
8500.0
 20
14101.0
 10
8350.0
 20
14101.0
 10
8350.0
 20
14251.0
1001
FLOORFORGE
1000
floor:0
1000
preliminary
  0
HATCH
  5
145
330
17
100
AcDbEntity
  8
A-WALL
 62
7
100
AcDbHatch
 10
0.0
 20
0.0
 30
0.0
210
0.0
220
0.0
230
1.0
  2
SOLID
 70
1
 71
0
 91
1
 92
3
 72
0
 73
1
 93
7
 10
8350.0
 20
14251.0
 10
8350.0
 20
14326.0
 10
8500.0
 20
14326.0
 10
8500.0
 20
14176.0
 10
8500.0
 20
14101.0
 10
8350.0
 20
14101.0
 10
8350.0
 20
14251.0
 97
0
 75
0
 76
1
 98
0
  0
LWPOLYLINE
  5
146
330
17
100
AcDbEntity
  8
A-WALL
100
AcDbPolyline
 90
7
 70
1
 10
8500.0
 20
12850.0
 10
8575.0
 20
12850.0
 10
8575.0
 20
12700.0
 10
8425.0
 20
12700.0
 10
8350.0
 20
12700.0
 10
8350.0
 20
12850.0
 10
8500.0
 20
12850.0
1001
FLOORFORGE
1000
floor:0
1000
preliminary
  0
HATCH
  5
147
330
17
100
AcDbEntity
  8
A-WALL
 62
7
100
AcDbHatch
 10
0.0
 20
0.0
 30
0.0
210
0.0
220
0.0
230
1.0
  2
SOLID
 70
1
 71
0
 91
1
 92
3
 72
0
 73
1
 93
7
 10
8500.0
 20
12850.0
 10
8575.0
 20
12850.0
 10
8575.0
 20
12700.0
 10
8425.0
 20
12700.0
 10
8350.0
 20
12700.0
 10
8350.0
 20
12850.0
 10
8500.0
 20
12850.0
 97
0
 75
0
 76
1
 98
0
  0
LWPOLYLINE
  5
148
330
17
100
AcDbEntity
  8
A-WALL
100
AcDbPolyline
 90
6
 70
1
 10
15438.0
 20
12850.0
 10
15438.0
 20
12700.0
 10
15000.0
 20
12700.0
 10
15000.0
 20
12850.0
 10
15363.0
 20
12850.0
 10
15438.0
 20
12850.0
1001
FLOORFORGE
1000
floor:0
1000
preliminary
  0
HATCH
  5
149
330
17
100
AcDbEntity
  8
A-WALL
 62
7
100
AcDbHatch
 10
0.0
 20
0.0
 30
0.0
210
0.0
220
0.0
230
1.0
  2
SOLID
 70
1
 71
0
 91
1
 92
3
 72
0
 73
1
 93
6
 10
15438.0
 20
12850.0
 10
15438.0
 20
12700.0
 10
15000.0
 20
12700.0
 10
15000.0
 20
12850.0
 10
15363.0
 20
12850.0
 10
15438.0
 20
12850.0
 97
0
 75
0
 76
1
 98
0
  0
LWPOLYLINE
  5
14A
330
17
100
AcDbEntity
  8
A-WALL
100
AcDbPolyline
 90
6
 70
1
 10
8500.0
 20
12700.0
 10
8425.0
 20
12700.0
 10
8425.0
 20
12850.0
 10
11580.0
 20
12850.0
 10
11580.0
 20
12700.0
 10
8500.0
 20
12700.0
1001
FLOORFORGE
1000
floor:0
1000
preliminary
  0
HATCH
  5
14B
330
17
100
AcDbEntity
  8
A-WALL
 62
7
100
AcDbHatch
 10
0.0
 20
0.0
 30
0.0
210
0.0
220
0.0
230
1.0
  2
SOLID
 70
1
 71
0
 91
1
 92
3
 72
0
 73
1
 93
6
 10
8500.0
 20
12700.0
 10
8425.0
 20
12700.0
 10
8425.0
 20
12850.0
 10
11580.0
 20
12850.0
 10
11580.0
 20
12700.0
 10
8500.0
 20
12700.0
 97
0
 75
0
 76
1
 98
0
  0
LWPOLYLINE
  5
14C
330
17
100
AcDbEntity
  8
A-WALL
100
AcDbPolyline
 90
6
 70
1
 10
10974.0
 20
150.0
 10
10974.0
 20
0.0
 10
10724.0
 20
0.0
 10
10724.0
 20
150.0
 10
10899.0
 20
150.0
 10
10974.0
 20
150.0
1001
FLOORFORGE
1000
floor:0
1000
preliminary
  0
HATCH
  5
14D
330
17
100
AcDbEntity
  8
A-WALL
 62
7
100
AcDbHatch
 10
0.0
 20
0.0
 30
0.0
210
0.0
220
0.0
230
1.0
  2
SOLID
 70
1
 71
0
 91
1
 92
3
 72
0
 73
1
 93
6
 10
10974.0
 20
150.0
 10
10974.0
 20
0.0
 10
10724.0
 20
0.0
 10
10724.0
 20
150.0
 10
10899.0
 20
150.0
 10
10974.0
 20
150.0
 97
0
 75
0
 76
1
 98
0
  0
LWPOLYLINE
  5
14E
330
17
100
AcDbEntity
  8
A-WALL
100
AcDbPolyline
 90
6
 70
1
 10
9399.0
 20
0.0
 10
9324.0
 20
0.0
 10
9324.0
 20
150.0
 10
9724.0
 20
150.0
 10
9724.0
 20
0.0
 10
9399.0
 20
0.0
1001
FLOORFORGE
1000
floor:0
1000
preliminary
  0
HATCH
  5
14F
330
17
100
AcDbEntity
  8
A-WALL
 62
7
100
AcDbHatch
 10
0.0
 20
0.0
 30
0.0
210
0.0
220
0.0
230
1.0
  2
SOLID
 70
1
 71
0
 91
1
 92
3
 72
0
 73
1
 93
6
 10
9399.0
 20
0.0
 10
9324.0
 20
0.0
 10
9324.0
 20
150.0
 10
9724.0
 20
150.0
 10
9724.0
 20
0.0
 10
9399.0
 20
0.0
 97
0
 75
0
 76
1
 98
0
  0
LWPOLYLINE
  5
150
330
17
100
AcDbEntity
  8
A-WALL
100
AcDbPolyline
 90
6
 70
1
 10
10824.0
 20
4300.0
 10
10974.0
 20
4300.0
 10
10974.0
 20
1150.0
 10
10824.0
 20
1150.0
 10
10824.0
 20
4225.0
 10
10824.0
 20
4300.0
1001
FLOORFORGE
1000
floor:0
1000
preliminary
  0
HATCH
  5
151
330
17
100
AcDbEntity
  8
A-WALL
 62
7
100
AcDbHatch
 10
0.0
 20
0.0
 30
0.0
210
0.0
220
0.0
230
1.0
  2
SOLID
 70
1
 71
0
 91
1
 92
3
 72
0
 73
1
 93
6
 10
10824.0
 20
4300.0
 10
10974.0
 20
4300.0
 10
10974.0
 20
1150.0
 10
10824.0
 20
1150.0
 10
10824.0
 20
4225.0
 10
10824.0
 20
4300.0
 97
0
 75
0
 76
1
 98
0
  0
LWPOLYLINE
  5
152
330
17
100
AcDbEntity
  8
A-WALL
100
AcDbPolyline
 90
6
 70
1
 10
10974.0
 20
75.0
 10
10974.0
 20
0.0
 10
10824.0
 20
0.0
 10
10824.0
 20
250.0
 10
10974.0
 20
250.0
 10
10974.0
 20
75.0
1001
FLOORFORGE
1000
floor:0
1000
preliminary
  0
HATCH
  5
153
330
17
100
AcDbEntity
  8
A-WALL
 62
7
100
AcDbHatch
 10
0.0
 20
0.0
 30
0.0
210
0.0
220
0.0
230
1.0
  2
SOLID
 70
1
 71
0
 91
1
 92
3
 72
0
 73
1
 93
6
 10
10974.0
 20
75.0
 10
10974.0
 20
0.0
 10
10824.0
 20
0.0
 10
10824.0
 20
250.0
 10
10974.0
 20
250.0
 10
10974.0
 20
75.0
 97
0
 75
0
 76
1
 98
0
  0
LWPOLYLINE
  5
154
330
17
100
AcDbEntity
  8
A-WALL
100
AcDbPolyline
 90
6
 70
1
 10
15240.0
 20
0.0
 10
13974.0
 20
0.0
 10
13974.0
 20
150.0
 10
15165.0
 20
150.0
 10
15240.0
 20
150.0
 10
15240.0
 20
0.0
1001
FLOORFORGE
1000
floor:0
1000
preliminary
  0
HATCH
  5
155
330
17
100
AcDbEntity
  8
A-WALL
 62
7
100
AcDbHatch
 10
0.0
 20
0.0
 30
0.0
210
0.0
220
0.0
230
1.0
  2
SOLID
 70
1
 71
0
 91
1
 92
3
 72
0
 73
1
 93
6
 10
15240.0
 20
0.0
 10
13974.0
 20
0.0
 10
13974.0
 20
150.0
 10
15165.0
 20
150.0
 10
15240.0
 20
150.0
 10
15240.0
 20
0.0
 97
0
 75
0
 76
1
 98
0
  0
LWPOLYLINE
  5
156
330
17
100
AcDbEntity
  8
A-WALL
100
AcDbPolyline
 90
5
 70
1
 10
12524.0
 20
0.0
 10
12524.0
 20
150.0
 10
12774.0
 20
150.0
 10
12774.0
 20
0.0
 10
12524.0
 20
0.0
1001
FLOORFORGE
1000
floor:0
1000
preliminary
  0
HATCH
  5
157
330
17
100
AcDbEntity
  8
A-WALL
 62
7
100
AcDbHatch
 10
0.0
 20
0.0
 30
0.0
210
0.0
220
0.0
230
1.0
  2
SOLID
 70
1
 71
0
 91
1
 92
3
 72
0
 73
1
 93
5
 10
12524.0
 20
0.0
 10
12524.0
 20
150.0
 10
12774.0
 20
150.0
 10
12774.0
 20
0.0
 10
12524.0
 20
0.0
 97
0
 75
0
 76
1
 98
0
  0
LWPOLYLINE
  5
158
330
17
100
AcDbEntity
  8
A-WALL
100
AcDbPolyline
 90
6
 70
1
 10
10824.0
 20
0.0
 10
10824.0
 20
150.0
 10
11124.0
 20
150.0
 10
11124.0
 20
0.0
 10
10899.0
 20
0.0
 10
10824.0
 20
0.0
1001
FLOORFORGE
1000
floor:0
1000
preliminary
  0
HATCH
  5
159
330
17
100
AcDbEntity
  8
A-WALL
 62
7
100
AcDbHatch
 10
0.0
 20
0.0
 30
0.0
210
0.0
220
0.0
230
1.0
  2
SOLID
 70
1
 71
0
 91
1
 92
3
 72
0
 73
1
 93
6
 10
10824.0
 20
0.0
 10
10824.0
 20
150.0
 10
11124.0
 20
150.0
 10
11124.0
 20
0.0
 10
10899.0
 20
0.0
 10
10824.0
 20
0.0
 97
0
 75
0
 76
1
 98
0
  0
LWPOLYLINE
  5
15A
330
17
100
AcDbEntity
  8
A-WALL
100
AcDbPolyline
 90
7
 70
1
 10
10824.0
 20
5725.0
 10
10824.0
 20
5800.0
 10
10974.0
 20
5800.0
 10
10974.0
 20
4225.0
 10
10974.0
 20
4150.0
 10
10824.0
 20
4150.0
 10
10824.0
 20
5725.0
1001
FLOORFORGE
1000
floor:0
1000
preliminary
  0
HATCH
  5
15B
330
17
100
AcDbEntity
  8
A-WALL
 62
7
100
AcDbHatch
 10
0.0
 20
0.0
 30
0.0
210
0.0
220
0.0
230
1.0
  2
SOLID
 70
1
 71
0
 91
1
 92
3
 72
0
 73
1
 93
7
 10
10824.0
 20
5725.0
 10
10824.0
 20
5800.0
 10
10974.0
 20
5800.0
 10
10974.0
 20
4225.0
 10
10974.0
 20
4150.0
 10
10824.0
 20
4150.0
 10
10824.0
 20
5725.0
 97
0
 75
0
 76
1
 98
0
  0
LWPOLYLINE
  5
15C
330
17
100
AcDbEntity
  8
A-WALL
100
AcDbPolyline
 90
7
 70
1
 10
11375.0
 20
5800.0
 10
11450.0
 20
5800.0
 10
11450.0
 20
5650.0
 10
10899.0
 20
5650.0
 10
10824.0
 20
5650.0
 10
10824.0
 20
5800.0
 10
11375.0
 20
5800.0
1001
FLOORFORGE
1000
floor:0
1000
preliminary
  0
HATCH
  5
15D
330
17
100
AcDbEntity
  8
A-WALL
 62
7
100
AcDbHatch
 10
0.0
 20
0.0
 30
0.0
210
0.0
220
0.0
230
1.0
  2
SOLID
 70
1
 71
0
 91
1
 92
3
 72
0
 73
1
 93
7
 10
11375.0
 20
5800.0
 10
11450.0
 20
5800.0
 10
11450.0
 20
5650.0
 10
10899.0
 20
5650.0
 10
10824.0
 20
5650.0
 10
10824.0
 20
5800.0
 10
11375.0
 20
5800.0
 97
0
 75
0
 76
1
 98
0
  0
LWPOLYLINE
  5
15E
330
17
100
AcDbEntity
  8
A-WALL
100
AcDbPolyline
 90
7
 70
1
 10
11300.0
 20
5800.0
 10
11300.0
 20
5875.0
 10
11450.0
 20
5875.0
 10
11450.0
 20
5725.0
 10
11450.0
 20
5650.0
 10
11300.0
 20
5650.0
 10
11300.0
 20
5800.0
1001
FLOORFORGE
1000
floor:0
1000
preliminary
  0
HATCH
  5
15F
330
17
100
AcDbEntity
  8
A-WALL
 62
7
100
AcDbHatch
 10
0.0
 20
0.0
 30
0.0
210
0.0
220
0.0
230
1.0
  2
SOLID
 70
1
 71
0
 91
1
 92
3
 72
0
 73
1
 93
7
 10
11300.0
 20
5800.0
 10
11300.0
 20
5875.0
 10
11450.0
 20
5875.0
 10
11450.0
 20
5725.0
 10
11450.0
 20
5650.0
 10
11300.0
 20
5650.0
 10
11300.0
 20
5800.0
 97
0
 75
0
 76
1
 98
0
  0
LWPOLYLINE
  5
160
330
17
100
AcDbEntity
  8
A-WALL
100
AcDbPolyline
 90
5
 70
1
 10
11300.0
 20
8475.0
 10
11450.0
 20
8475.0
 10
11450.0
 20
8400.0
 10
11300.0
 20
8400.0
 10
11300.0
 20
8475.0
1001
FLOORFORGE
1000
floor:0
1000
preliminary
  0
HATCH
  5
161
330
17
100
AcDbEntity
  8
A-WALL
 62
7
100
AcDbHatch
 10
0.0
 20
0.0
 30
0.0
210
0.0
220
0.0
230
1.0
  2
SOLID
 70
1
 71
0
 91
1
 92
3
 72
0
 73
1
 93
5
 10
11300.0
 20
8475.0
 10
11450.0
 20
8475.0
 10
11450.0
 20
8400.0
 10
11300.0
 20
8400.0
 10
11300.0
 20
8475.0
 97
0
 75
0
 76
1
 98
0
  0
LWPOLYLINE
  5
162
330
17
100
AcDbEntity
  8
A-WALL
100
AcDbPolyline
 90
5
 70
1
 10
11450.0
 20
5725.0
 10
11300.0
 20
5725.0
 10
11300.0
 20
5800.0
 10
11450.0
 20
5800.0
 10
11450.0
 20
5725.0
1001
FLOORFORGE
1000
floor:0
1000
preliminary
  0
HATCH
  5
163
330
17
100
AcDbEntity
  8
A-WALL
 62
7
100
AcDbHatch
 10
0.0
 20
0.0
 30
0.0
210
0.0
220
0.0
230
1.0
  2
SOLID
 70
1
 71
0
 91
1
 92
3
 72
0
 73
1
 93
5
 10
11450.0
 20
5725.0
 10
11300.0
 20
5725.0
 10
11300.0
 20
5800.0
 10
11450.0
 20
5800.0
 10
11450.0
 20
5725.0
 97
0
 75
0
 76
1
 98
0
  0
LWPOLYLINE
  5
164
330
17
100
AcDbEntity
  8
A-WALL
100
AcDbPolyline
 90
7
 70
1
 10
11300.0
 20
8475.0
 10
11300.0
 20
8550.0
 10
11450.0
 20
8550.0
 10
11450.0
 20
8400.0
 10
11450.0
 20
8325.0
 10
11300.0
 20
8325.0
 10
11300.0
 20
8475.0
1001
FLOORFORGE
1000
floor:0
1000
preliminary
  0
HATCH
  5
165
330
17
100
AcDbEntity
  8
A-WALL
 62
7
100
AcDbHatch
 10
0.0
 20
0.0
 30
0.0
210
0.0
220
0.0
230
1.0
  2
SOLID
 70
1
 71
0
 91
1
 92
3
 72
0
 73
1
 93
7
 10
11300.0
 20
8475.0
 10
11300.0
 20
8550.0
 10
11450.0
 20
8550.0
 10
11450.0
 20
8400.0
 10
11450.0
 20
8325.0
 10
11300.0
 20
8325.0
 10
11300.0
 20
8475.0
 97
0
 75
0
 76
1
 98
0
  0
LWPOLYLINE
  5
166
330
17
100
AcDbEntity
  8
A-WALL
100
AcDbPolyline
 90
7
 70
1
 10
11450.0
 20
5800.0
 10
11525.0
 20
5800.0
 10
11525.0
 20
5650.0
 10
11375.0
 20
5650.0
 10
11300.0
 20
5650.0
 10
11300.0
 20
5800.0
 10
11450.0
 20
5800.0
1001
FLOORFORGE
1000
floor:0
1000
preliminary
  0
HATCH
  5
167
330
17
100
AcDbEntity
  8
A-WALL
 62
7
100
AcDbHatch
 10
0.0
 20
0.0
 30
0.0
210
0.0
220
0.0
230
1.0
  2
SOLID
 70
1
 71
0
 91
1
 92
3
 72
0
 73
1
 93
7
 10
11450.0
 20
5800.0
 10
11525.0
 20
5800.0
 10
11525.0
 20
5650.0
 10
11375.0
 20
5650.0
 10
11300.0
 20
5650.0
 10
11300.0
 20
5800.0
 10
11450.0
 20
5800.0
 97
0
 75
0
 76
1
 98
0
  0
LWPOLYLINE
  5
168
330
17
100
AcDbEntity
  8
A-WALL
100
AcDbPolyline
 90
6
 70
1
 10
15240.0
 20
5650.0
 10
15000.0
 20
5650.0
 10
15000.0
 20
5800.0
 10
15165.0
 20
5800.0
 10
15240.0
 20
5800.0
 10
15240.0
 20
5650.0
1001
FLOORFORGE
1000
floor:0
1000
preliminary
  0
HATCH
  5
169
330
17
100
AcDbEntity
  8
A-WALL
 62
7
100
AcDbHatch
 10
0.0
 20
0.0
 30
0.0
210
0.0
220
0.0
230
1.0
  2
SOLID
 70
1
 71
0
 91
1
 92
3
 72
0
 73
1
 93
6
 10
15240.0
 20
5650.0
 10
15000.0
 20
5650.0
 10
15000.0
 20
5800.0
 10
15165.0
 20
5800.0
 10
15240.0
 20
5800.0
 10
15240.0
 20
5650.0
 97
0
 75
0
 76
1
 98
0
  0
LWPOLYLINE
  5
16A
330
17
100
AcDbEntity
  8
A-WALL
100
AcDbPolyline
 90
5
 70
1
 10
13600.0
 20
5650.0
 10
13600.0
 20
5800.0
 10
14000.0
 20
5800.0
 10
14000.0
 20
5650.0
 10
13600.0
 20
5650.0
1001
FLOORFORGE
1000
floor:0
1000
preliminary
  0
HATCH
  5
16B
330
17
100
AcDbEntity
  8
A-WALL
 62
7
100
AcDbHatch
 10
0.0
 20
0.0
 30
0.0
210
0.0
220
0.0
230
1.0
  2
SOLID
 70
1
 71
0
 91
1
 92
3
 72
0
 73
1
 93
5
 10
13600.0
 20
5650.0
 10
13600.0
 20
5800.0
 10
14000.0
 20
5800.0
 10
14000.0
 20
5650.0
 10
13600.0
 20
5650.0
 97
0
 75
0
 76
1
 98
0
  0
LWPOLYLINE
  5
16C
330
17
100
AcDbEntity
  8
A-WALL
100
AcDbPolyline
 90
6
 70
1
 10
11375.0
 20
5650.0
 10
11375.0
 20
5800.0
 10
12700.0
 20
5800.0
 10
12700.0
 20
5650.0
 10
11450.0
 20
5650.0
 10
11375.0
 20
5650.0
1001
FLOORFORGE
1000
floor:0
1000
preliminary
  0
HATCH
  5
16D
330
17
100
AcDbEntity
  8
A-WALL
 62
7
100
AcDbHatch
 10
0.0
 20
0.0
 30
0.0
210
0.0
220
0.0
230
1.0
  2
SOLID
 70
1
 71
0
 91
1
 92
3
 72
0
 73
1
 93
6
 10
11375.0
 20
5650.0
 10
11375.0
 20
5800.0
 10
12700.0
 20
5800.0
 10
12700.0
 20
5650.0
 10
11450.0
 20
5650.0
 10
11375.0
 20
5650.0
 97
0
 75
0
 76
1
 98
0
  0
LWPOLYLINE
  5
16E
330
17
100
AcDbEntity
  8
A-WALL
100
AcDbPolyline
 90
7
 70
1
 10
11450.0
 20
8550.0
 10
11525.0
 20
8550.0
 10
11525.0
 20
8400.0
 10
11375.0
 20
8400.0
 10
11300.0
 20
8400.0
 10
11300.0
 20
8550.0
 10
11450.0
 20
8550.0
1001
FLOORFORGE
1000
floor:0
1000
preliminary
  0
HATCH
  5
16F
330
17
100
AcDbEntity
  8
A-WALL
 62
7
100
AcDbHatch
 10
0.0
 20
0.0
 30
0.0
210
0.0
220
0.0
230
1.0
  2
SOLID
 70
1
 71
0
 91
1
 92
3
 72
0
 73
1
 93
7
 10
11450.0
 20
8550.0
 10
11525.0
 20
8550.0
 10
11525.0
 20
8400.0
 10
11375.0
 20
8400.0
 10
11300.0
 20
8400.0
 10
11300.0
 20
8550.0
 10
11450.0
 20
8550.0
 97
0
 75
0
 76
1
 98
0
  0
LWPOLYLINE
  5
170
330
17
100
AcDbEntity
  8
A-WALL
100
AcDbPolyline
 90
6
 70
1
 10
15438.0
 20
8550.0
 10
15438.0
 20
8400.0
 10
15200.0
 20
8400.0
 10
15200.0
 20
8550.0
 10
15363.0
 20
8550.0
 10
15438.0
 20
8550.0
1001
FLOORFORGE
1000
floor:0
1000
preliminary
  0
HATCH
  5
171
330
17
100
AcDbEntity
  8
A-WALL
 62
7
100
AcDbHatch
 10
0.0
 20
0.0
 30
0.0
210
0.0
220
0.0
230
1.0
  2
SOLID
 70
1
 71
0
 91
1
 92
3
 72
0
 73
1
 93
6
 10
15438.0
 20
8550.0
 10
15438.0
 20
8400.0
 10
15200.0
 20
8400.0
 10
15200.0
 20
8550.0
 10
15363.0
 20
8550.0
 10
15438.0
 20
8550.0
 97
0
 75
0
 76
1
 98
0
  0
LWPOLYLINE
  5
172
330
17
100
AcDbEntity
  8
A-WALL
100
AcDbPolyline
 90
6
 70
1
 10
11450.0
 20
8400.0
 10
11375.0
 20
8400.0
 10
11375.0
 20
8550.0
 10
12800.0
 20
8550.0
 10
12800.0
 20
8400.0
 10
11450.0
 20
8400.0
1001
FLOORFORGE
1000
floor:0
1000
preliminary
  0
HATCH
  5
173
330
17
100
AcDbEntity
  8
A-WALL
 62
7
100
AcDbHatch
 10
0.0
 20
0.0
 30
0.0
210
0.0
220
0.0
230
1.0
  2
SOLID
 70
1
 71
0
 91
1
 92
3
 72
0
 73
1
 93
6
 10
11450.0
 20
8400.0
 10
11375.0
 20
8400.0
 10
11375.0
 20
8550.0
 10
12800.0
 20
8550.0
 10
12800.0
 20
8400.0
 10
11450.0
 20
8400.0
 97
0
 75
0
 76
1
 98
0
  0
LWPOLYLINE
  5
174
330
17
100
AcDbEntity
  8
A-WALL
100
AcDbPolyline
 90
6
 70
1
 10
15090.0
 20
5800.0
 10
15240.0
 20
5800.0
 10
15240.0
 20
3850.0
 10
15090.0
 20
3850.0
 10
15090.0
 20
5725.0
 10
15090.0
 20
5800.0
1001
FLOORFORGE
1000
floor:0
1000
preliminary
  0
HATCH
  5
175
330
17
100
AcDbEntity
  8
A-WALL
 62
7
100
AcDbHatch
 10
0.0
 20
0.0
 30
0.0
210
0.0
220
0.0
230
1.0
  2
SOLID
 70
1
 71
0
 91
1
 92
3
 72
0
 73
1
 93
6
 10
15090.0
 20
5800.0
 10
15240.0
 20
5800.0
 10
15240.0
 20
3850.0
 10
15090.0
 20
3850.0
 10
15090.0
 20
5725.0
 10
15090.0
 20
5800.0
 97
0
 75
0
 76
1
 98
0
  0
LWPOLYLINE
  5
176
330
17
100
AcDbEntity
  8
A-WALL
100
AcDbPolyline
 90
6
 70
1
 10
15240.0
 20
75.0
 10
15240.0
 20
0.0
 10
15090.0
 20
0.0
 10
15090.0
 20
850.0
 10
15240.0
 20
850.0
 10
15240.0
 20
75.0
1001
FLOORFORGE
1000
floor:0
1000
preliminary
  0
HATCH
  5
177
330
17
100
AcDbEntity
  8
A-WALL
 62
7
100
AcDbHatch
 10
0.0
 20
0.0
 30
0.0
210
0.0
220
0.0
230
1.0
  2
SOLID
 70
1
 71
0
 91
1
 92
3
 72
0
 73
1
 93
6
 10
15240.0
 20
75.0
 10
15240.0
 20
0.0
 10
15090.0
 20
0.0
 10
15090.0
 20
850.0
 10
15240.0
 20
850.0
 10
15240.0
 20
75.0
 97
0
 75
0
 76
1
 98
0
  0
LWPOLYLINE
  5
178
330
17
100
AcDbEntity
  8
A-WALL
100
AcDbPolyline
 90
6
 70
1
 10
15438.0
 20
12850.0
 10
15438.0
 20
12500.0
 10
15288.0
 20
12500.0
 10
15288.0
 20
12775.0
 10
15288.0
 20
12850.0
 10
15438.0
 20
12850.0
1001
FLOORFORGE
1000
floor:0
1000
preliminary
  0
HATCH
  5
179
330
17
100
AcDbEntity
  8
A-WALL
 62
7
100
AcDbHatch
 10
0.0
 20
0.0
 30
0.0
210
0.0
220
0.0
230
1.0
  2
SOLID
 70
1
 71
0
 91
1
 92
3
 72
0
 73
1
 93
6
 10
15438.0
 20
12850.0
 10
15438.0
 20
12500.0
 10
15288.0
 20
12500.0
 10
15288.0
 20
12775.0
 10
15288.0
 20
12850.0
 10
15438.0
 20
12850.0
 97
0
 75
0
 76
1
 98
0
  0
LWPOLYLINE
  5
17A
330
17
100
AcDbEntity
  8
A-WALL
100
AcDbPolyline
 90
5
 70
1
 10
15438.0
 20
9750.0
 10
15288.0
 20
9750.0
 10
15288.0
 20
11500.0
 10
15438.0
 20
11500.0
 10
15438.0
 20
9750.0
1001
FLOORFORGE
1000
floor:0
1000
preliminary
  0
HATCH
  5
17B
330
17
100
AcDbEntity
  8
A-WALL
 62
7
100
AcDbHatch
 10
0.0
 20
0.0
 30
0.0
210
0.0
220
0.0
230
1.0
  2
SOLID
 70
1
 71
0
 91
1
 92
3
 72
0
 73
1
 93
5
 10
15438.0
 20
9750.0
 10
15288.0
 20
9750.0
 10
15288.0
 20
11500.0
 10
15438.0
 20
11500.0
 10
15438.0
 20
9750.0
 97
0
 75
0
 76
1
 98
0
  0
LWPOLYLINE
  5
17C
330
17
100
AcDbEntity
  8
A-WALL
100
AcDbPolyline
 90
6
 70
1
 10
15438.0
 20
8400.0
 10
15288.0
 20
8400.0
 10
15288.0
 20
8750.0
 10
15438.0
 20
8750.0
 10
15438.0
 20
8475.0
 10
15438.0
 20
8400.0
1001
FLOORFORGE
1000
floor:0
1000
preliminary
  0
HATCH
  5
17D
330
17
100
AcDbEntity
  8
A-WALL
 62
7
100
AcDbHatch
 10
0.0
 20
0.0
 30
0.0
210
0.0
220
0.0
230
1.0
  2
SOLID
 70
1
 71
0
 91
1
 92
3
 72
0
 73
1
 93
6
 10
15438.0
 20
8400.0
 10
15288.0
 20
8400.0
 10
15288.0
 20
8750.0
 10
15438.0
 20
8750.0
 10
15438.0
 20
8475.0
 10
15438.0
 20
8400.0
 97
0
 75
0
 76
1
 98
0
  0
LINE
  5
17E
330
17
100
AcDbEntity
  8
A-DOOR
100
AcDbLine
 10
4300.0
 20
11800.0
 30
0.0
 11
4300.0
 21
12700.0
 31
0.0
1001
FLOORFORGE
1000
floor:0
1000
preliminary
  0
LWPOLYLINE
  5
17F
330
17
100
AcDbEntity
  8
A-DOOR
100
AcDbPolyline
 90
18
 70
0
 10
5200.0
 20
11800.0
 10
5196.160758665531
 20
11883.041523516971
 10
5184.675789715511
 20
11965.374566034914
 10
5165.643078855537
 20
12046.296691064874
 10
5139.22500646392
 20
12125.117499568438
 10
5105.646962219556
 20
12201.164520198885
 10
5065.195422156653
 20
12273.78894658962
 10
5018.215504552216
 20
12342.37117274133
 10
4965.108025498594
 20
12406.326079281902
 10
4906.326079281902
 20
12465.108025498594
 10
4842.371172741331
 20
12518.215504552216
 10
4773.7889465896205
 20
12565.195422156652
 10
4701.164520198885
 20
12605.646962219556
 10
4625.117499568438
 20
12639.22500646392
 10
4546.296691064875
 20
12665.643078855537
 10
4465.374566034913
 20
12684.675789715511
 10
4383.041523516972
 20
12696.160758665532
 10
4300.0
 20
12700.0
1001
FLOORFORGE
1000
floor:0
1000
preliminary
  0
TEXT
  5
180
330
17
100
AcDbEntity
  8
A-TAGS
100
AcDbText
 10
4750.0
 20
11340.0
 30
0.0
 40
150.0
  1
D1
 72
1
 11
4750.0
 21
11340.0
 31
0.0
100
AcDbText
 73
1
1001
FLOORFORGE
1000
floor:0
1000
preliminary
  0
LINE
  5
181
330
17
100
AcDbEntity
  8
A-DOOR
100
AcDbLine
 10
4650.0
 20
7650.0
 30
0.0
 11
4650.0
 21
8550.0
 31
0.0
1001
FLOORFORGE
1000
floor:0
1000
preliminary
  0
LWPOLYLINE
  5
182
330
17
100
AcDbEntity
  8
A-DOOR
100
AcDbPolyline
 90
18
 70
0
 10
5550.0
 20
7650.0
 10
5546.160758665531
 20
7733.041523516972
 10
5534.675789715511
 20
7815.374566034913
 10
5515.643078855537
 20
7896.296691064875
 10
5489.22500646392
 20
7975.117499568438
 10
5455.646962219556
 20
8051.164520198884
 10
5415.195422156653
 20
8123.7889465896205
 10
5368.215504552216
 20
8192.37117274133
 10
5315.108025498594
 20
8256.326079281902
 10
5256.326079281902
 20
8315.108025498594
 10
5192.371172741331
 20
8368.215504552216
 10
5123.7889465896205
 20
8415.195422156652
 10
5051.164520198885
 20
8455.646962219556
 10
4975.117499568438
 20
8489.22500646392
 10
4896.296691064875
 20
8515.643078855537
 10
4815.374566034913
 20
8534.675789715511
 10
4733.041523516972
 20
8546.160758665532
 10
4650.0
 20
8550.0
1001
FLOORFORGE
1000
floor:0
1000
preliminary
  0
TEXT
  5
183
330
17
100
AcDbEntity
  8
A-TAGS
100
AcDbText
 10
5100.0
 20
7190.0
 30
0.0
 40
150.0
  1
D1
 72
1
 11
5100.0
 21
7190.0
 31
0.0
100
AcDbText
 73
1
1001
FLOORFORGE
1000
floor:0
1000
preliminary
  0
LINE
  5
184
330
17
100
AcDbEntity
  8
A-WIND
100
AcDbLine
 10
5750.0
 20
8700.0
 30
0.0
 11
5750.0
 21
9350.0
 31
0.0
1001
FLOORFORGE
1000
floor:0
1000
preliminary
  0
LINE
  5
185
330
17
100
AcDbEntity
  8
A-WIND
100
AcDbLine
 10
5600.0
 20
8700.0
 30
0.0
 11
5600.0
 21
9350.0
 31
0.0
1001
FLOORFORGE
1000
floor:0
1000
preliminary
  0
LINE
  5
186
330
17
100
AcDbEntity
  8
A-WIND
100
AcDbLine
 10
5693.0
 20
8700.0
 30
0.0
 11
5693.0
 21
9350.0
 31
0.0
1001
FLOORFORGE
1000
floor:0
1000
preliminary
  0
LINE
  5
187
330
17
100
AcDbEntity
  8
A-WIND
100
AcDbLine
 10
5657.0
 20
8700.0
 30
0.0
 11
5657.0
 21
9350.0
 31
0.0
1001
FLOORFORGE
1000
floor:0
1000
preliminary
  0
LINE
  5
188
330
17
100
AcDbEntity
  8
A-WIND
100
AcDbLine
 10
5750.0
 20
8700.0
 30
0.0
 11
5600.0
 21
8700.0
 31
0.0
1001
FLOORFORGE
1000
floor:0
1000
preliminary
  0
LINE
  5
189
330
17
100
AcDbEntity
  8
A-WIND
100
AcDbLine
 10
5750.0
 20
9350.0
 30
0.0
 11
5600.0
 21
9350.0
 31
0.0
1001
FLOORFORGE
1000
floor:0
1000
preliminary
  0
TEXT
  5
18A
330
17
100
AcDbEntity
  8
A-TAGS
100
AcDbText
 10
6130.0
 20
8965.0
 30
0.0
 40
150.0
  1
W1
 72
1
 11
6130.0
 21
8965.0
 31
0.0
100
AcDbText
 73
1
1001
FLOORFORGE
1000
floor:0
1000
preliminary
  0
LINE
  5
18B
330
17
100
AcDbEntity
  8
A-WIND
100
AcDbLine
 10
650.0
 20
13426.0
 30
0.0
 11
3050.0
 21
13426.0
 31
0.0
1001
FLOORFORGE
1000
floor:0
1000
preliminary
  0
LINE
  5
18C
330
17
100
AcDbEntity
  8
A-WIND
100
AcDbLine
 10
650.0
 20
13276.0
 30
0.0
 11
3050.0
 21
13276.0
 31
0.0
1001
FLOORFORGE
1000
floor:0
1000
preliminary
  0
LINE
  5
18D
330
17
100
AcDbEntity
  8
A-WIND
100
AcDbLine
 10
650.0
 20
13369.0
 30
0.0
 11
3050.0
 21
13369.0
 31
0.0
1001
FLOORFORGE
1000
floor:0
1000
preliminary
  0
LINE
  5
18E
330
17
100
AcDbEntity
  8
A-WIND
100
AcDbLine
 10
650.0
 20
13333.0
 30
0.0
 11
3050.0
 21
13333.0
 31
0.0
1001
FLOORFORGE
1000
floor:0
1000
preliminary
  0
LINE
  5
18F
330
17
100
AcDbEntity
  8
A-WIND
100
AcDbLine
 10
650.0
 20
13426.0
 30
0.0
 11
650.0
 21
13276.0
 31
0.0
1001
FLOORFORGE
1000
floor:0
1000
preliminary
  0
LINE
  5
190
330
17
100
AcDbEntity
  8
A-WIND
100
AcDbLine
 10
3050.0
 20
13426.0
 30
0.0
 11
3050.0
 21
13276.0
 31
0.0
1001
FLOORFORGE
1000
floor:0
1000
preliminary
  0
TEXT
  5
191
330
17
100
AcDbEntity
  8
A-TAGS
100
AcDbText
 10
1850.0
 20
13746.0
 30
0.0
 40
150.0
  1
W2
 72
1
 11
1850.0
 21
13746.0
 31
0.0
100
AcDbText
 73
1
1001
FLOORFORGE
1000
floor:0
1000
preliminary
  0
LINE
  5
192
330
17
100
AcDbEntity
  8
A-DOOR
100
AcDbLine
 10
8350.0
 20
11200.0
 30
0.0
 11
7350.0
 21
11200.0
 31
0.0
1001
FLOORFORGE
1000
floor:0
1000
preliminary
  0
LWPOLYLINE
  5
193
330
17
100
AcDbEntity
  8
A-DOOR
100
AcDbPolyline
 90
18
 70
0
 10
8350.0
 20
12200.0
 10
8257.731640536698
 20
12195.734176295035
 10
8166.25048218343
 20
12182.973099683903
 10
8076.337009927917
 20
12161.825643172819
 10
7988.758333812847
 20
12132.472229404357
 10
7904.261644223462
 20
12095.163291355062
 10
7823.567837122644
 20
12050.217135729614
 10
7747.365363620744
 20
11998.01722728024
 10
7676.304356353443
 20
11939.008917220659
 10
7610.991082779341
 20
11873.695643646557
 10
7551.982772719761
 20
11802.634636379256
 10
7499.782864270386
 20
11726.432162877356
 10
7454.836708644938
 20
11645.738355776539
 10
7417.527770595644
 20
11561.241666187154
 10
7388.174356827181
 20
11473.662990072084
 10
7367.026900316098
 20
11383.74951781657
 10
7354.265823704965
 20
11292.268359463302
 10
7350.0
 20
11200.0
1001
FLOORFORGE
1000
floor:0
1000
preliminary
  0
TEXT
  5
194
330
17
100
AcDbEntity
  8
A-TAGS
100
AcDbText
 10
8750.0
 20
11640.0
 30
0.0
 40
150.0
  1
D2
 72
1
 11
8750.0
 21
11640.0
 31
0.0
100
AcDbText
 73
1
1001
FLOORFORGE
1000
floor:0
1000
preliminary
  0
LINE
  5
195
330
17
100
AcDbEntity
  8
A-WIND
100
AcDbLine
 10
11580.0
 20
12850.0
 30
0.0
 11
15000.0
 21
12850.0
 31
0.0
1001
FLOORFORGE
1000
floor:0
1000
preliminary
  0
LINE
  5
196
330
17
100
AcDbEntity
  8
A-WIND
100
AcDbLine
 10
11580.0
 20
12700.0
 30
0.0
 11
15000.0
 21
12700.0
 31
0.0
1001
FLOORFORGE
1000
floor:0
1000
preliminary
  0
LINE
  5
197
330
17
100
AcDbEntity
  8
A-WIND
100
AcDbLine
 10
11580.0
 20
12793.0
 30
0.0
 11
15000.0
 21
12793.0
 31
0.0
1001
FLOORFORGE
1000
floor:0
1000
preliminary
  0
LINE
  5
198
330
17
100
AcDbEntity
  8
A-WIND
100
AcDbLine
 10
11580.0
 20
12757.0
 30
0.0
 11
15000.0
 21
12757.0
 31
0.0
1001
FLOORFORGE
1000
floor:0
1000
preliminary
  0
LINE
  5
199
330
17
100
AcDbEntity
  8
A-WIND
100
AcDbLine
 10
11580.0
 20
12850.0
 30
0.0
 11
11580.0
 21
12700.0
 31
0.0
1001
FLOORFORGE
1000
floor:0
1000
preliminary
  0
LINE
  5
19A
330
17
100
AcDbEntity
  8
A-WIND
100
AcDbLine
 10
15000.0
 20
12850.0
 30
0.0
 11
15000.0
 21
12700.0
 31
0.0
1001
FLOORFORGE
1000
floor:0
1000
preliminary
  0
TEXT
  5
19B
330
17
100
AcDbEntity
  8
A-TAGS
100
AcDbText
 10
13290.0
 20
13170.0
 30
0.0
 40
150.0
  1
W3
 72
1
 11
13290.0
 21
13170.0
 31
0.0
100
AcDbText
 73
1
1001
FLOORFORGE
1000
floor:0
1000
preliminary
  0
LINE
  5
19C
330
17
100
AcDbEntity
  8
A-WIND
100
AcDbLine
 10
15438.0
 20
8750.0
 30
0.0
 11
15438.0
 21
9750.0
 31
0.0
1001
FLOORFORGE
1000
floor:0
1000
preliminary
  0
LINE
  5
19D
330
17
100
AcDbEntity
  8
A-WIND
100
AcDbLine
 10
15288.0
 20
8750.0
 30
0.0
 11
15288.0
 21
9750.0
 31
0.0
1001
FLOORFORGE
1000
floor:0
1000
preliminary
  0
LINE
  5
19E
330
17
100
AcDbEntity
  8
A-WIND
100
AcDbLine
 10
15381.0
 20
8750.0
 30
0.0
 11
15381.0
 21
9750.0
 31
0.0
1001
FLOORFORGE
1000
floor:0
1000
preliminary
  0
LINE
  5
19F
330
17
100
AcDbEntity
  8
A-WIND
100
AcDbLine
 10
15345.0
 20
8750.0
 30
0.0
 11
15345.0
 21
9750.0
 31
0.0
1001
FLOORFORGE
1000
floor:0
1000
preliminary
  0
LINE
  5
1A0
330
17
100
AcDbEntity
  8
A-WIND
100
AcDbLine
 10
15438.0
 20
8750.0
 30
0.0
 11
15288.0
 21
8750.0
 31
0.0
1001
FLOORFORGE
1000
floor:0
1000
preliminary
  0
LINE
  5
1A1
330
17
100
AcDbEntity
  8
A-WIND
100
AcDbLine
 10
15438.0
 20
9750.0
 30
0.0
 11
15288.0
 21
9750.0
 31
0.0
1001
FLOORFORGE
1000
floor:0
1000
preliminary
  0
TEXT
  5
1A2
330
17
100
AcDbEntity
  8
A-TAGS
100
AcDbText
 10
15818.0
 20
9190.0
 30
0.0
 40
150.0
  1
W4
 72
1
 11
15818.0
 21
9190.0
 31
0.0
100
AcDbText
 73
1
1001
FLOORFORGE
1000
floor:0
1000
preliminary
  0
LINE
  5
1A3
330
17
100
AcDbEntity
  8
A-WIND
100
AcDbLine
 10
15438.0
 20
11500.0
 30
0.0
 11
15438.0
 21
12500.0
 31
0.0
1001
FLOORFORGE
1000
floor:0
1000
preliminary
  0
LINE
  5
1A4
330
17
100
AcDbEntity
  8
A-WIND
100
AcDbLine
 10
15288.0
 20
11500.0
 30
0.0
 11
15288.0
 21
12500.0
 31
0.0
1001
FLOORFORGE
1000
floor:0
1000
preliminary
  0
LINE
  5
1A5
330
17
100
AcDbEntity
  8
A-WIND
100
AcDbLine
 10
15381.0
 20
11500.0
 30
0.0
 11
15381.0
 21
12500.0
 31
0.0
1001
FLOORFORGE
1000
floor:0
1000
preliminary
  0
LINE
  5
1A6
330
17
100
AcDbEntity
  8
A-WIND
100
AcDbLine
 10
15345.0
 20
11500.0
 30
0.0
 11
15345.0
 21
12500.0
 31
0.0
1001
FLOORFORGE
1000
floor:0
1000
preliminary
  0
LINE
  5
1A7
330
17
100
AcDbEntity
  8
A-WIND
100
AcDbLine
 10
15438.0
 20
11500.0
 30
0.0
 11
15288.0
 21
11500.0
 31
0.0
1001
FLOORFORGE
1000
floor:0
1000
preliminary
  0
LINE
  5
1A8
330
17
100
AcDbEntity
  8
A-WIND
100
AcDbLine
 10
15438.0
 20
12500.0
 30
0.0
 11
15288.0
 21
12500.0
 31
0.0
1001
FLOORFORGE
1000
floor:0
1000
preliminary
  0
TEXT
  5
1A9
330
17
100
AcDbEntity
  8
A-TAGS
100
AcDbText
 10
15818.0
 20
11940.0
 30
0.0
 40
150.0
  1
W5
 72
1
 11
15818.0
 21
11940.0
 31
0.0
100
AcDbText
 73
1
1001
FLOORFORGE
1000
floor:0
1000
preliminary
  0
LWPOLYLINE
  5
1AA
330
17
100
AcDbEntity
  8
A-DOOR
100
AcDbPolyline
 90
4
 70
1
 10
8500.0
 20
8481.0
 10
9865.0
 20
8481.0
 10
9865.0
 20
8513.0
 10
8500.0
 20
8513.0
1001
FLOORFORGE
1000
floor:0
1000
preliminary
  0
LWPOLYLINE
  5
1AB
330
17
100
AcDbEntity
  8
A-DOOR
100
AcDbPolyline
 90
4
 70
1
 10
9785.0
 20
8437.0
 10
11150.0
 20
8437.0
 10
11150.0
 20
8469.0
 10
9785.0
 20
8469.0
1001
FLOORFORGE
1000
floor:0
1000
preliminary
  0
LINE
  5
1AC
330
17
100
AcDbEntity
  8
A-DOOR
100
AcDbLine
 10
9575.0
 20
8240.0
 30
0.0
 11
10075.0
 21
8240.0
 31
0.0
1001
FLOORFORGE
1000
floor:0
1000
preliminary
  0
LINE
  5
1AD
330
17
100
AcDbEntity
  8
A-DOOR
100
AcDbLine
 10
10075.0
 20
8240.0
 30
0.0
 11
9995.0
 21
8300.0
 31
0.0
1001
FLOORFORGE
1000
floor:0
1000
preliminary
  0
TEXT
  5
1AE
330
17
100
AcDbEntity
  8
A-TAGS
100
AcDbText
 10
9825.0
 20
8090.0
 30
0.0
 40
150.0
  1
SD1
 72
1
 11
9825.0
 21
8090.0
 31
0.0
100
AcDbText
 73
1
1001
FLOORFORGE
1000
floor:0
1000
preliminary
  0
LWPOLYLINE
  5
1AF
330
17
100
AcDbEntity
  8
A-DOOR
100
AcDbPolyline
 90
4
 70
1
 10
12800.0
 20
8481.0
 10
14040.0
 20
8481.0
 10
14040.0
 20
8513.0
 10
12800.0
 20
8513.0
1001
FLOORFORGE
1000
floor:0
1000
preliminary
  0
LWPOLYLINE
  5
1B0
330
17
100
AcDbEntity
  8
A-DOOR
100
AcDbPolyline
 90
4
 70
1
 10
13960.0
 20
8437.0
 10
15200.0
 20
8437.0
 10
15200.0
 20
8469.0
 10
13960.0
 20
8469.0
1001
FLOORFORGE
1000
floor:0
1000
preliminary
  0
LINE
  5
1B1
330
17
100
AcDbEntity
  8
A-DOOR
100
AcDbLine
 10
13750.0
 20
8240.0
 30
0.0
 11
14250.0
 21
8240.0
 31
0.0
1001
FLOORFORGE
1000
floor:0
1000
preliminary
  0
LINE
  5
1B2
330
17
100
AcDbEntity
  8
A-DOOR
100
AcDbLine
 10
14250.0
 20
8240.0
 30
0.0
 11
14170.0
 21
8300.0
 31
0.0
1001
FLOORFORGE
1000
floor:0
1000
preliminary
  0
TEXT
  5
1B3
330
17
100
AcDbEntity
  8
A-TAGS
100
AcDbText
 10
14000.0
 20
8090.0
 30
0.0
 40
150.0
  1
SD2
 72
1
 11
14000.0
 21
8090.0
 31
0.0
100
AcDbText
 73
1
1001
FLOORFORGE
1000
floor:0
1000
preliminary
  0
LWPOLYLINE
  5
1B4
330
17
100
AcDbEntity
  8
A-DOOR
100
AcDbPolyline
 90
4
 70
1
 10
8431.0
 20
12950.0
 10
8431.0
 20
13540.0
 10
8463.0
 20
13540.0
 10
8463.0
 20
12950.0
1001
FLOORFORGE
1000
floor:0
1000
preliminary
  0
LWPOLYLINE
  5
1B5
330
17
100
AcDbEntity
  8
A-DOOR
100
AcDbPolyline
 90
4
 70
1
 10
8387.0
 20
13460.0
 10
8387.0
 20
14050.0
 10
8419.0
 20
14050.0
 10
8419.0
 20
13460.0
1001
FLOORFORGE
1000
floor:0
1000
preliminary
  0
LINE
  5
1B6
330
17
100
AcDbEntity
  8
A-DOOR
100
AcDbLine
 10
8190.0
 20
13250.0
 30
0.0
 11
8190.0
 21
13750.0
 31
0.0
1001
FLOORFORGE
1000
floor:0
1000
preliminary
  0
LINE
  5
1B7
330
17
100
AcDbEntity
  8
A-DOOR
100
AcDbLine
 10
8190.0
 20
13750.0
 30
0.0
 11
8250.0
 21
13670.0
 31
0.0
1001
FLOORFORGE
1000
floor:0
1000
preliminary
  0
TEXT
  5
1B8
330
17
100
AcDbEntity
  8
A-TAGS
100
AcDbText
 10
8100.0
 20
13440.0
 30
0.0
 40
150.0
  1
SD3
 72
1
 11
8100.0
 21
13440.0
 31
0.0
100
AcDbText
 73
1
1001
FLOORFORGE
1000
floor:0
1000
preliminary
  0
LINE
  5
1B9
330
17
100
AcDbEntity
  8
A-WIND
100
AcDbLine
 10
6200.0
 20
9600.0
 30
0.0
 11
7300.0
 21
9600.0
 31
0.0
1001
FLOORFORGE
1000
floor:0
1000
preliminary
  0
LINE
  5
1BA
330
17
100
AcDbEntity
  8
A-WIND
100
AcDbLine
 10
6200.0
 20
9450.0
 30
0.0
 11
7300.0
 21
9450.0
 31
0.0
1001
FLOORFORGE
1000
floor:0
1000
preliminary
  0
LINE
  5
1BB
330
17
100
AcDbEntity
  8
A-WIND
100
AcDbLine
 10
6200.0
 20
9543.0
 30
0.0
 11
7300.0
 21
9543.0
 31
0.0
1001
FLOORFORGE
1000
floor:0
1000
preliminary
  0
LINE
  5
1BC
330
17
100
AcDbEntity
  8
A-WIND
100
AcDbLine
 10
6200.0
 20
9507.0
 30
0.0
 11
7300.0
 21
9507.0
 31
0.0
1001
FLOORFORGE
1000
floor:0
1000
preliminary
  0
LINE
  5
1BD
330
17
100
AcDbEntity
  8
A-WIND
100
AcDbLine
 10
6200.0
 20
9600.0
 30
0.0
 11
6200.0
 21
9450.0
 31
0.0
1001
FLOORFORGE
1000
floor:0
1000
preliminary
  0
LINE
  5
1BE
330
17
100
AcDbEntity
  8
A-WIND
100
AcDbLine
 10
7300.0
 20
9600.0
 30
0.0
 11
7300.0
 21
9450.0
 31
0.0
1001
FLOORFORGE
1000
floor:0
1000
preliminary
  0
TEXT
  5
1BF
330
17
100
AcDbEntity
  8
A-TAGS
100
AcDbText
 10
6750.0
 20
9920.0
 30
0.0
 40
150.0
  1
V1
 72
1
 11
6750.0
 21
9920.0
 31
0.0
100
AcDbText
 73
1
1001
FLOORFORGE
1000
floor:0
1000
preliminary
  0
LINE
  5
1C0
330
17
100
AcDbEntity
  8
A-WIND
100
AcDbLine
 10
6450.0
 20
14326.0
 30
0.0
 11
7850.0
 21
14326.0
 31
0.0
1001
FLOORFORGE
1000
floor:0
1000
preliminary
  0
LINE
  5
1C1
330
17
100
AcDbEntity
  8
A-WIND
100
AcDbLine
 10
6450.0
 20
14176.0
 30
0.0
 11
7850.0
 21
14176.0
 31
0.0
1001
FLOORFORGE
1000
floor:0
1000
preliminary
  0
LINE
  5
1C2
330
17
100
AcDbEntity
  8
A-WIND
100
AcDbLine
 10
6450.0
 20
14269.0
 30
0.0
 11
7850.0
 21
14269.0
 31
0.0
1001
FLOORFORGE
1000
floor:0
1000
preliminary
  0
LINE
  5
1C3
330
17
100
AcDbEntity
  8
A-WIND
100
AcDbLine
 10
6450.0
 20
14233.0
 30
0.0
 11
7850.0
 21
14233.0
 31
0.0
1001
FLOORFORGE
1000
floor:0
1000
preliminary
  0
LINE
  5
1C4
330
17
100
AcDbEntity
  8
A-WIND
100
AcDbLine
 10
6450.0
 20
14326.0
 30
0.0
 11
6450.0
 21
14176.0
 31
0.0
1001
FLOORFORGE
1000
floor:0
1000
preliminary
  0
LINE
  5
1C5
330
17
100
AcDbEntity
  8
A-WIND
100
AcDbLine
 10
7850.0
 20
14326.0
 30
0.0
 11
7850.0
 21
14176.0
 31
0.0
1001
FLOORFORGE
1000
floor:0
1000
preliminary
  0
TEXT
  5
1C6
330
17
100
AcDbEntity
  8
A-TAGS
100
AcDbText
 10
7150.0
 20
14646.0
 30
0.0
 40
150.0
  1
W6
 72
1
 11
7150.0
 21
14646.0
 31
0.0
100
AcDbText
 73
1
1001
FLOORFORGE
1000
floor:0
1000
preliminary
  0
LINE
  5
1C7
330
17
100
AcDbEntity
  8
A-DOOR
100
AcDbLine
 10
7750.0
 20
10900.0
 30
0.0
 11
7750.0
 21
10100.0
 31
0.0
1001
FLOORFORGE
1000
floor:0
1000
preliminary
  0
LWPOLYLINE
  5
1C8
330
17
100
AcDbEntity
  8
A-DOOR
100
AcDbPolyline
 90
18
 70
0
 10
6950.0
 20
10900.0
 10
6953.412658963973
 20
10826.185312429358
 10
6963.621520252878
 20
10753.000385746744
 10
6980.539485461744
 20
10681.069607942334
 10
7004.0222164765155
 20
10611.006667050278
 10
7033.86936691595
 20
10543.409315378769
 10
7069.826291416309
 20
10478.854269698115
 10
7111.586218175808
 20
10417.892290896594
 10
7158.792866223473
 20
10361.043485082755
 10
7211.043485082754
 20
10308.792866223474
 10
7267.892290896595
 20
10261.58621817581
 10
7328.854269698115
 20
10219.826291416308
 10
7393.409315378769
 20
10183.86936691595
 10
7461.006667050277
 20
10154.022216476515
 10
7531.069607942334
 20
10130.539485461744
 10
7603.000385746744
 20
10113.621520252878
 10
7676.185312429358
 20
10103.412658963973
 10
7750.0
 20
10100.0
1001
FLOORFORGE
1000
floor:0
1000
preliminary
  0
TEXT
  5
1C9
330
17
100
AcDbEntity
  8
A-TAGS
100
AcDbText
 10
7350.0
 20
11240.0
 30
0.0
 40
150.0
  1
D3
 72
1
 11
7350.0
 21
11240.0
 31
0.0
100
AcDbText
 73
1
1001
FLOORFORGE
1000
floor:0
1000
preliminary
  0
LINE
  5
1CA
330
17
100
AcDbEntity
  8
A-DOOR
100
AcDbLine
 10
10974.0
 20
250.0
 30
0.0
 11
11874.0
 21
250.0
 31
0.0
1001
FLOORFORGE
1000
floor:0
1000
preliminary
  0
LWPOLYLINE
  5
1CB
330
17
100
AcDbEntity
  8
A-DOOR
100
AcDbPolyline
 90
18
 70
0
 10
10974.0
 20
1150.0
 10
11057.041523516971
 20
1146.160758665531
 10
11139.374566034914
 20
1134.6757897155117
 10
11220.296691064874
 20
1115.6430788555372
 10
11299.117499568438
 20
1089.2250064639202
 10
11375.164520198885
 20
1055.6469622195561
 10
11447.78894658962
 20
1015.1954221566527
 10
11516.37117274133
 20
968.2155045522155
 10
11580.326079281902
 20
915.1080254985932
 10
11639.108025498594
 20
856.3260792819015
 10
11692.215504552216
 20
792.3711727413307
 10
11739.195422156652
 20
723.7889465896203
 10
11779.646962219556
 20
651.1645201988845
 10
11813.22500646392
 20
575.1174995684378
 10
11839.643078855537
 20
496.2966910648745
 10
11858.675789715511
 20
415.3745660349133
 10
11870.160758665532
 20
333.0415235169718
 10
11874.0
 20
250.00000000000006
1001
FLOORFORGE
1000
floor:0
1000
preliminary
  0
TEXT
  5
1CC
330
17
100
AcDbEntity
  8
A-TAGS
100
AcDbText
 10
10574.0
 20
640.0
 30
0.0
 40
150.0
  1
D1
 72
1
 11
10574.0
 21
640.0
 31
0.0
100
AcDbText
 73
1
1001
FLOORFORGE
1000
floor:0
1000
preliminary
  0
LINE
  5
1CD
330
17
100
AcDbEntity
  8
A-DOOR
100
AcDbLine
 10
10724.0
 20
150.0
 30
0.0
 11
10724.0
 21
1150.0
 31
0.0
1001
FLOORFORGE
1000
floor:0
1000
preliminary
  0
LWPOLYLINE
  5
1CE
330
17
100
AcDbEntity
  8
A-DOOR
100
AcDbPolyline
 90
18
 70
0
 10
9724.0
 20
150.0
 10
9728.265823704965
 20
242.26835946330198
 10
9741.026900316097
 20
333.74951781657035
 10
9762.174356827181
 20
423.66299007208283
 10
9791.527770595643
 20
511.24166618715293
 10
9828.836708644938
 20
595.7383557765382
 10
9873.782864270386
 20
676.4321628773557
 10
9925.98277271976
 20
752.6346363792564
 10
9984.991082779341
 20
823.6956436465572
 10
10050.304356353443
 20
889.0089172206591
 10
10121.365363620744
 20
948.0172272802395
 10
10197.567837122644
 20
1000.2171357296141
 10
10278.261644223461
 20
1045.1632913550625
 10
10362.758333812846
 20
1082.4722294043559
 10
10450.337009927916
 20
1111.8256431728191
 10
10540.25048218343
 20
1132.9730996839016
 10
10631.731640536698
 20
1145.7341762950346
 10
10724.0
 20
1150.0
1001
FLOORFORGE
1000
floor:0
1000
preliminary
  0
TEXT
  5
1CF
330
17
100
AcDbEntity
  8
A-TAGS
100
AcDbText
 10
10224.0
 20
-310.0
 30
0.0
 40
150.0
  1
D4
 72
1
 11
10224.0
 21
-310.0
 31
0.0
100
AcDbText
 73
1
1001
FLOORFORGE
1000
floor:0
1000
preliminary
  0
LINE
  5
1D0
330
17
100
AcDbEntity
  8
A-DOOR
100
AcDbLine
 10
7524.0
 20
4300.0
 30
0.0
 11
10824.0
 21
4300.0
 31
0.0
1001
FLOORFORGE
1000
floor:0
1000
preliminary
  0
LINE
  5
1D1
330
17
100
AcDbEntity
  8
A-DOOR
100
AcDbLine
 10
7524.0
 20
4150.0
 30
0.0
 11
10824.0
 21
4150.0
 31
0.0
1001
FLOORFORGE
1000
floor:0
1000
preliminary
  0
TEXT
  5
1D2
330
17
100
AcDbEntity
  8
A-TAGS
100
AcDbText
 10
9174.0
 20
4490.0
 30
0.0
 40
150.0
  1
O1
 72
1
 11
9174.0
 21
4490.0
 31
0.0
100
AcDbText
 73
1
1001
FLOORFORGE
1000
floor:0
1000
preliminary
  0
LINE
  5
1D3
330
17
100
AcDbEntity
  8
A-DOOR
100
AcDbLine
 10
7374.0
 20
3450.0
 30
0.0
 11
7374.0
 21
4300.0
 31
0.0
1001
FLOORFORGE
1000
floor:0
1000
preliminary
  0
LINE
  5
1D4
330
17
100
AcDbEntity
  8
A-DOOR
100
AcDbLine
 10
7524.0
 20
3450.0
 30
0.0
 11
7524.0
 21
4300.0
 31
0.0
1001
FLOORFORGE
1000
floor:0
1000
preliminary
  0
TEXT
  5
1D5
330
17
100
AcDbEntity
  8
A-TAGS
100
AcDbText
 10
7124.0
 20
3815.0
 30
0.0
 40
150.0
  1
O2
 72
1
 11
7124.0
 21
3815.0
 31
0.0
100
AcDbText
 73
1
1001
FLOORFORGE
1000
floor:0
1000
preliminary
  0
LINE
  5
1D6
330
17
100
AcDbEntity
  8
A-WIND
100
AcDbLine
 10
7674.0
 20
0.0
 30
0.0
 11
9174.0
 21
0.0
 31
0.0
1001
FLOORFORGE
1000
floor:0
1000
preliminary
  0
LINE
  5
1D7
330
17
100
AcDbEntity
  8
A-WIND
100
AcDbLine
 10
7674.0
 20
150.0
 30
0.0
 11
9174.0
 21
150.0
 31
0.0
1001
FLOORFORGE
1000
floor:0
1000
preliminary
  0
LINE
  5
1D8
330
17
100
AcDbEntity
  8
A-WIND
100
AcDbLine
 10
7674.0
 20
57.0
 30
0.0
 11
9174.0
 21
57.0
 31
0.0
1001
FLOORFORGE
1000
floor:0
1000
preliminary
  0
LINE
  5
1D9
330
17
100
AcDbEntity
  8
A-WIND
100
AcDbLine
 10
7674.0
 20
93.0
 30
0.0
 11
9174.0
 21
93.0
 31
0.0
1001
FLOORFORGE
1000
floor:0
1000
preliminary
  0
LINE
  5
1DA
330
17
100
AcDbEntity
  8
A-WIND
100
AcDbLine
 10
7674.0
 20
0.0
 30
0.0
 11
7674.0
 21
150.0
 31
0.0
1001
FLOORFORGE
1000
floor:0
1000
preliminary
  0
LINE
  5
1DB
330
17
100
AcDbEntity
  8
A-WIND
100
AcDbLine
 10
9174.0
 20
0.0
 30
0.0
 11
9174.0
 21
150.0
 31
0.0
1001
FLOORFORGE
1000
floor:0
1000
preliminary
  0
TEXT
  5
1DC
330
17
100
AcDbEntity
  8
A-TAGS
100
AcDbText
 10
8424.0
 20
-440.0
 30
0.0
 40
150.0
  1
V2
 72
1
 11
8424.0
 21
-440.0
 31
0.0
100
AcDbText
 73
1
1001
FLOORFORGE
1000
floor:0
1000
preliminary
  0
LINE
  5
1DD
330
17
100
AcDbEntity
  8
A-WIND
100
AcDbLine
 10
11124.0
 20
0.0
 30
0.0
 11
12524.0
 21
0.0
 31
0.0
1001
FLOORFORGE
1000
floor:0
1000
preliminary
  0
LINE
  5
1DE
330
17
100
AcDbEntity
  8
A-WIND
100
AcDbLine
 10
11124.0
 20
150.0
 30
0.0
 11
12524.0
 21
150.0
 31
0.0
1001
FLOORFORGE
1000
floor:0
1000
preliminary
  0
LINE
  5
1DF
330
17
100
AcDbEntity
  8
A-WIND
100
AcDbLine
 10
11124.0
 20
57.0
 30
0.0
 11
12524.0
 21
57.0
 31
0.0
1001
FLOORFORGE
1000
floor:0
1000
preliminary
  0
LINE
  5
1E0
330
17
100
AcDbEntity
  8
A-WIND
100
AcDbLine
 10
11124.0
 20
93.0
 30
0.0
 11
12524.0
 21
93.0
 31
0.0
1001
FLOORFORGE
1000
floor:0
1000
preliminary
  0
LINE
  5
1E1
330
17
100
AcDbEntity
  8
A-WIND
100
AcDbLine
 10
11124.0
 20
0.0
 30
0.0
 11
11124.0
 21
150.0
 31
0.0
1001
FLOORFORGE
1000
floor:0
1000
preliminary
  0
LINE
  5
1E2
330
17
100
AcDbEntity
  8
A-WIND
100
AcDbLine
 10
12524.0
 20
0.0
 30
0.0
 11
12524.0
 21
150.0
 31
0.0
1001
FLOORFORGE
1000
floor:0
1000
preliminary
  0
TEXT
  5
1E3
330
17
100
AcDbEntity
  8
A-TAGS
100
AcDbText
 10
11824.0
 20
-440.0
 30
0.0
 40
150.0
  1
W7
 72
1
 11
11824.0
 21
-440.0
 31
0.0
100
AcDbText
 73
1
1001
FLOORFORGE
1000
floor:0
1000
preliminary
  0
LINE
  5
1E4
330
17
100
AcDbEntity
  8
A-WIND
100
AcDbLine
 10
15240.0
 20
850.0
 30
0.0
 11
15240.0
 21
3850.0
 31
0.0
1001
FLOORFORGE
1000
floor:0
1000
preliminary
  0
LINE
  5
1E5
330
17
100
AcDbEntity
  8
A-WIND
100
AcDbLine
 10
15090.0
 20
850.0
 30
0.0
 11
15090.0
 21
3850.0
 31
0.0
1001
FLOORFORGE
1000
floor:0
1000
preliminary
  0
LINE
  5
1E6
330
17
100
AcDbEntity
  8
A-WIND
100
AcDbLine
 10
15183.0
 20
850.0
 30
0.0
 11
15183.0
 21
3850.0
 31
0.0
1001
FLOORFORGE
1000
floor:0
1000
preliminary
  0
LINE
  5
1E7
330
17
100
AcDbEntity
  8
A-WIND
100
AcDbLine
 10
15147.0
 20
850.0
 30
0.0
 11
15147.0
 21
3850.0
 31
0.0
1001
FLOORFORGE
1000
floor:0
1000
preliminary
  0
LINE
  5
1E8
330
17
100
AcDbEntity
  8
A-WIND
100
AcDbLine
 10
15240.0
 20
850.0
 30
0.0
 11
15090.0
 21
850.0
 31
0.0
1001
FLOORFORGE
1000
floor:0
1000
preliminary
  0
LINE
  5
1E9
330
17
100
AcDbEntity
  8
A-WIND
100
AcDbLine
 10
15240.0
 20
3850.0
 30
0.0
 11
15090.0
 21
3850.0
 31
0.0
1001
FLOORFORGE
1000
floor:0
1000
preliminary
  0
TEXT
  5
1EA
330
17
100
AcDbEntity
  8
A-TAGS
100
AcDbText
 10
15620.0
 20
2290.0
 30
0.0
 40
150.0
  1
W8
 72
1
 11
15620.0
 21
2290.0
 31
0.0
100
AcDbText
 73
1
1001
FLOORFORGE
1000
floor:0
1000
preliminary
  0
LINE
  5
1EB
330
17
100
AcDbEntity
  8
A-DOOR
100
AcDbLine
 10
12700.0
 20
5800.0
 30
0.0
 11
12700.0
 21
6700.0
 31
0.0
1001
FLOORFORGE
1000
floor:0
1000
preliminary
  0
LWPOLYLINE
  5
1EC
330
17
100
AcDbEntity
  8
A-DOOR
100
AcDbPolyline
 90
18
 70
0
 10
13600.0
 20
5800.0
 10
13596.160758665532
 20
5883.041523516972
 10
13584.675789715511
 20
5965.374566034913
 10
13565.643078855537
 20
6046.296691064875
 10
13539.22500646392
 20
6125.117499568438
 10
13505.646962219556
 20
6201.164520198884
 10
13465.195422156652
 20
6273.7889465896205
 10
13418.215504552216
 20
6342.371172741331
 10
13365.108025498594
 20
6406.326079281902
 10
13306.326079281902
 20
6465.108025498594
 10
13242.37117274133
 20
6518.215504552216
 10
13173.78894658962
 20
6565.195422156653
 10
13101.164520198885
 20
6605.646962219556
 10
13025.117499568438
 20
6639.22500646392
 10
12946.296691064874
 20
6665.643078855537
 10
12865.374566034914
 20
6684.675789715511
 10
12783.041523516971
 20
6696.160758665531
 10
12700.0
 20
6700.0
1001
FLOORFORGE
1000
floor:0
1000
preliminary
  0
TEXT
  5
1ED
330
17
100
AcDbEntity
  8
A-TAGS
100
AcDbText
 10
13150.0
 20
5340.0
 30
0.0
 40
150.0
  1
D1
 72
1
 11
13150.0
 21
5340.0
 31
0.0
100
AcDbText
 73
1
1001
FLOORFORGE
1000
floor:0
1000
preliminary
  0
LINE
  5
1EE
330
17
100
AcDbEntity
  8
A-WIND
100
AcDbLine
 10
14000.0
 20
5800.0
 30
0.0
 11
15000.0
 21
5800.0
 31
0.0
1001
FLOORFORGE
1000
floor:0
1000
preliminary
  0
LINE
  5
1EF
330
17
100
AcDbEntity
  8
A-WIND
100
AcDbLine
 10
14000.0
 20
5650.0
 30
0.0
 11
15000.0
 21
5650.0
 31
0.0
1001
FLOORFORGE
1000
floor:0
1000
preliminary
  0
LINE
  5
1F0
330
17
100
AcDbEntity
  8
A-WIND
100
AcDbLine
 10
14000.0
 20
5743.0
 30
0.0
 11
15000.0
 21
5743.0
 31
0.0
1001
FLOORFORGE
1000
floor:0
1000
preliminary
  0
LINE
  5
1F1
330
17
100
AcDbEntity
  8
A-WIND
100
AcDbLine
 10
14000.0
 20
5707.0
 30
0.0
 11
15000.0
 21
5707.0
 31
0.0
1001
FLOORFORGE
1000
floor:0
1000
preliminary
  0
LINE
  5
1F2
330
17
100
AcDbEntity
  8
A-WIND
100
AcDbLine
 10
14000.0
 20
5800.0
 30
0.0
 11
14000.0
 21
5650.0
 31
0.0
1001
FLOORFORGE
1000
floor:0
1000
preliminary
  0
LINE
  5
1F3
330
17
100
AcDbEntity
  8
A-WIND
100
AcDbLine
 10
15000.0
 20
5800.0
 30
0.0
 11
15000.0
 21
5650.0
 31
0.0
1001
FLOORFORGE
1000
floor:0
1000
preliminary
  0
TEXT
  5
1F4
330
17
100
AcDbEntity
  8
A-TAGS
100
AcDbText
 10
14500.0
 20
6120.0
 30
0.0
 40
150.0
  1
W9
 72
1
 11
14500.0
 21
6120.0
 31
0.0
100
AcDbText
 73
1
1001
FLOORFORGE
1000
floor:0
1000
preliminary
  0
LINE
  5
1F5
330
17
100
AcDbEntity
  8
A-DOOR
100
AcDbLine
 10
12774.0
 20
150.0
 30
0.0
 11
12774.0
 21
1350.0
 31
0.0
1001
FLOORFORGE
1000
floor:0
1000
preliminary
  0
LWPOLYLINE
  5
1F6
330
17
100
AcDbEntity
  8
A-DOOR
100
AcDbPolyline
 90
18
 70
0
 10
13974.0
 20
150.0
 10
13968.881011554042
 20
260.7220313559624
 10
13953.567719620682
 20
370.49942137988444
 10
13928.190771807383
 20
478.3955880864994
 10
13892.966675285226
 20
583.4899994245835
 10
13848.195949626075
 20
684.8860269318459
 10
13794.260562875537
 20
781.7185954528269
 10
13731.620672736288
 20
873.1615636551077
 10
13660.810700664792
 20
958.4347723758686
 10
13582.43477237587
 20
1036.810700664791
 10
13497.161563655107
 20
1107.6206727362874
 10
13405.718595452827
 20
1170.2605628755368
 10
13308.886026931847
 20
1224.1959496260747
 10
13207.489999424584
 20
1268.966675285227
 10
13102.3955880865
 20
1304.1907718073828
 10
12994.499421379884
 20
1329.567719620682
 10
12884.722031355963
 20
1344.8810115540414
 10
12774.0
 20
1350.0
1001
FLOORFORGE
1000
floor:0
1000
preliminary
  0
TEXT
  5
1F7
330
17
100
AcDbEntity
  8
A-TAGS
100
AcDbText
 10
13374.0
 20
-310.0
 30
0.0
 40
150.0
  1
D5
 72
1
 11
13374.0
 21
-310.0
 31
0.0
100
AcDbText
 73
1
1001
FLOORFORGE
1000
floor:0
1000
preliminary
  0
LINE
  5
1F8
330
17
100
AcDbEntity
  8
A-DOOR
100
AcDbLine
 10
7374.0
 20
1950.0
 30
0.0
 11
7374.0
 21
3450.0
 31
0.0
1001
FLOORFORGE
1000
floor:0
1000
preliminary
  0
LINE
  5
1F9
330
17
100
AcDbEntity
  8
A-DOOR
100
AcDbLine
 10
7524.0
 20
1950.0
 30
0.0
 11
7524.0
 21
3450.0
 31
0.0
1001
FLOORFORGE
1000
floor:0
1000
preliminary
  0
TEXT
  5
1FA
330
17
100
AcDbEntity
  8
A-TAGS
100
AcDbText
 10
7124.0
 20
2640.0
 30
0.0
 40
150.0
  1
O3
 72
1
 11
7124.0
 21
2640.0
 31
0.0
100
AcDbText
 73
1
1001
FLOORFORGE
1000
floor:0
1000
preliminary
  0
LINE
  5
1FB
330
17
100
AcDbEntity
  8
A-WIND
100
AcDbLine
 10
4074.0
 20
0.0
 30
0.0
 11
6674.0
 21
0.0
 31
0.0
1001
FLOORFORGE
1000
floor:0
1000
preliminary
  0
LINE
  5
1FC
330
17
100
AcDbEntity
  8
A-WIND
100
AcDbLine
 10
4074.0
 20
150.0
 30
0.0
 11
6674.0
 21
150.0
 31
0.0
1001
FLOORFORGE
1000
floor:0
1000
preliminary
  0
LINE
  5
1FD
330
17
100
AcDbEntity
  8
A-WIND
100
AcDbLine
 10
4074.0
 20
57.0
 30
0.0
 11
6674.0
 21
57.0
 31
0.0
1001
FLOORFORGE
1000
floor:0
1000
preliminary
  0
LINE
  5
1FE
330
17
100
AcDbEntity
  8
A-WIND
100
AcDbLine
 10
4074.0
 20
93.0
 30
0.0
 11
6674.0
 21
93.0
 31
0.0
1001
FLOORFORGE
1000
floor:0
1000
preliminary
  0
LINE
  5
1FF
330
17
100
AcDbEntity
  8
A-WIND
100
AcDbLine
 10
4074.0
 20
0.0
 30
0.0
 11
4074.0
 21
150.0
 31
0.0
1001
FLOORFORGE
1000
floor:0
1000
preliminary
  0
LINE
  5
200
330
17
100
AcDbEntity
  8
A-WIND
100
AcDbLine
 10
6674.0
 20
0.0
 30
0.0
 11
6674.0
 21
150.0
 31
0.0
1001
FLOORFORGE
1000
floor:0
1000
preliminary
  0
TEXT
  5
201
330
17
100
AcDbEntity
  8
A-TAGS
100
AcDbText
 10
5374.0
 20
-440.0
 30
0.0
 40
150.0
  1
W10
 72
1
 11
5374.0
 21
-440.0
 31
0.0
100
AcDbText
 73
1
1001
FLOORFORGE
1000
floor:0
1000
preliminary
  0
LINE
  5
202
330
17
100
AcDbEntity
  8
A-DOOR
100
AcDbLine
 10
5949.0
 20
3600.0
 30
0.0
 11
7374.0
 21
3600.0
 31
0.0
1001
FLOORFORGE
1000
floor:0
1000
preliminary
  0
LINE
  5
203
330
17
100
AcDbEntity
  8
A-DOOR
100
AcDbLine
 10
5949.0
 20
3450.0
 30
0.0
 11
7374.0
 21
3450.0
 31
0.0
1001
FLOORFORGE
1000
floor:0
1000
preliminary
  0
TEXT
  5
204
330
17
100
AcDbEntity
  8
A-TAGS
100
AcDbText
 10
6661.5
 20
3790.0
 30
0.0
 40
150.0
  1
O4
 72
1
 11
6661.5
 21
3790.0
 31
0.0
100
AcDbText
 73
1
1001
FLOORFORGE
1000
floor:0
1000
preliminary
  0
LINE
  5
205
330
17
100
AcDbEntity
  8
A-DOOR
100
AcDbLine
 10
3174.0
 20
450.0
 30
0.0
 11
4074.0
 21
450.0
 31
0.0
1001
FLOORFORGE
1000
floor:0
1000
preliminary
  0
LWPOLYLINE
  5
206
330
17
100
AcDbEntity
  8
A-DOOR
100
AcDbPolyline
 90
18
 70
0
 10
3174.0
 20
1350.0
 10
3257.0415235169717
 20
1346.160758665531
 10
3339.374566034913
 20
1334.6757897155117
 10
3420.2966910648747
 20
1315.6430788555372
 10
3499.117499568438
 20
1289.2250064639202
 10
3575.1645201988845
 20
1255.6469622195561
 10
3647.78894658962
 20
1215.1954221566527
 10
3716.3711727413306
 20
1168.2155045522154
 10
3780.3260792819015
 20
1115.1080254985932
 10
3839.108025498593
 20
1056.3260792819015
 10
3892.2155045522154
 20
992.3711727413307
 10
3939.195422156653
 20
923.7889465896203
 10
3979.6469622195564
 20
851.1645201988845
 10
4013.22500646392
 20
775.1174995684378
 10
4039.643078855537
 20
696.2966910648745
 10
4058.6757897155117
 20
615.3745660349133
 10
4070.160758665531
 20
533.0415235169718
 10
4074.0
 20
450.00000000000006
1001
FLOORFORGE
1000
floor:0
1000
preliminary
  0
TEXT
  5
207
330
17
100
AcDbEntity
  8
A-TAGS
100
AcDbText
 10
2774.0
 20
840.0
 30
0.0
 40
150.0
  1
D1
 72
1
 11
2774.0
 21
840.0
 31
0.0
100
AcDbText
 73
1
1001
FLOORFORGE
1000
floor:0
1000
preliminary
  0
LINE
  5
208
330
17
100
AcDbEntity
  8
A-DOOR
100
AcDbLine
 10
3174.0
 20
2400.0
 30
0.0
 11
4074.0
 21
2400.0
 31
0.0
1001
FLOORFORGE
1000
floor:0
1000
preliminary
  0
LWPOLYLINE
  5
209
330
17
100
AcDbEntity
  8
A-DOOR
100
AcDbPolyline
 90
18
 70
0
 10
3174.0
 20
3300.0
 10
3257.0415235169717
 20
3296.160758665531
 10
3339.374566034913
 20
3284.6757897155117
 10
3420.2966910648747
 20
3265.643078855537
 10
3499.117499568438
 20
3239.22500646392
 10
3575.1645201988845
 20
3205.6469622195564
 10
3647.78894658962
 20
3165.195422156653
 10
3716.3711727413306
 20
3118.2155045522154
 10
3780.3260792819015
 20
3065.108025498593
 10
3839.108025498593
 20
3006.3260792819015
 10
3892.2155045522154
 20
2942.3711727413306
 10
3939.195422156653
 20
2873.78894658962
 10
3979.6469622195564
 20
2801.1645201988845
 10
4013.22500646392
 20
2725.117499568438
 10
4039.643078855537
 20
2646.2966910648747
 10
4058.6757897155117
 20
2565.374566034913
 10
4070.160758665531
 20
2483.0415235169717
 10
4074.0
 20
2400.0
1001
FLOORFORGE
1000
floor:0
1000
preliminary
  0
TEXT
  5
20A
330
17
100
AcDbEntity
  8
A-TAGS
100
AcDbText
 10
2774.0
 20
2790.0
 30
0.0
 40
150.0
  1
D1
 72
1
 11
2774.0
 21
2790.0
 31
0.0
100
AcDbText
 73
1
1001
FLOORFORGE
1000
floor:0
1000
preliminary
  0
LINE
  5
20B
330
17
100
AcDbEntity
  8
A-DOOR
100
AcDbLine
 10
4474.0
 20
3600.0
 30
0.0
 11
4474.0
 21
7500.0
 31
0.0
1001
FLOORFORGE
1000
floor:0
1000
preliminary
  0
LINE
  5
20C
330
17
100
AcDbEntity
  8
A-DOOR
100
AcDbLine
 10
4624.0
 20
3600.0
 30
0.0
 11
4624.0
 21
7500.0
 31
0.0
1001
FLOORFORGE
1000
floor:0
1000
preliminary
  0
TEXT
  5
20D
330
17
100
AcDbEntity
  8
A-TAGS
100
AcDbText
 10
4224.0
 20
5490.0
 30
0.0
 40
150.0
  1
O5
 72
1
 11
4224.0
 21
5490.0
 31
0.0
100
AcDbText
 73
1
1001
FLOORFORGE
1000
floor:0
1000
preliminary
  0
LINE
  5
20E
330
17
100
AcDbEntity
  8
A-DOOR
100
AcDbLine
 10
11480.0
 20
5870.0
 30
0.0
 11
12706.0
 21
5870.0
 31
0.0
1001
FLOORFORGE
1000
floor:0
1000
preliminary
  0
LINE
  5
20F
330
17
100
AcDbEntity
  8
A-DOOR
100
AcDbLine
 10
11480.0
 20
7096.0
 30
0.0
 11
11560.184236436155
 21
7093.375039890528
 31
0.0
1001
FLOORFORGE
1000
floor:0
1000
preliminary
  0
LINE
  5
210
330
17
100
AcDbEntity
  8
A-DOOR
100
AcDbLine
 10
11560.184236436155
 20
7093.375039890528
 30
0.0
 11
11640.025111661784
 21
7085.511400044292
 31
0.0
1001
FLOORFORGE
1000
floor:0
1000
preliminary
  0
LINE
  5
211
330
17
100
AcDbEntity
  8
A-DOOR
100
AcDbLine
 10
11640.025111661784
 20
7085.511400044292
 30
0.0
 11
11719.180734791773
 21
7072.44275377436
 31
0.0
1001
FLOORFORGE
1000
floor:0
1000
preliminary
  0
LINE
  5
212
330
17
100
AcDbEntity
  8
A-DOOR
100
AcDbLine
 10
11719.180734791773
 20
7072.44275377436
 30
0.0
 11
11797.31214929569
 21
7054.225063030398
 31
0.0
1001
FLOORFORGE
1000
floor:0
1000
preliminary
  0
LINE
  5
213
330
17
100
AcDbEntity
  8
A-DOOR
100
AcDbLine
 10
11797.31214929569
 20
7054.225063030398
 30
0.0
 11
11874.084784461676
 21
7030.936338760999
 31
0.0
1001
FLOORFORGE
1000
floor:0
1000
preliminary
  0
LINE
  5
214
330
17
100
AcDbEntity
  8
A-DOOR
100
AcDbLine
 10
11874.084784461676
 20
7030.936338760999
 30
0.0
 11
11949.1698880796
 21
7002.676306858837
 31
0.0
1001
FLOORFORGE
1000
floor:0
1000
preliminary
  0
LINE
  5
215
330
17
100
AcDbEntity
  8
A-DOOR
100
AcDbLine
 10
11949.1698880796
 20
7002.676306858837
 30
0.0
 11
12022.245934208495
 21
6969.565981119076
 31
0.0
1001
FLOORFORGE
1000
floor:0
1000
preliminary
  0
LINE
  5
216
330
17
100
AcDbEntity
  8
A-DOOR
100
AcDbLine
 10
12022.245934208495
 20
6969.565981119076
 30
0.0
 11
12093.0
 21
6931.7471450397215
 31
0.0
1001
FLOORFORGE
1000
floor:0
1000
preliminary
  0
LINE
  5
217
330
17
100
AcDbEntity
  8
A-DOOR
100
AcDbLine
 10
12093.0
 20
6931.7471450397215
 30
0.0
 11
12161.129105682032
 21
6889.381744682921
 31
0.0
1001
FLOORFORGE
1000
floor:0
1000
preliminary
  0
LINE
  5
218
330
17
100
AcDbEntity
  8
A-DOOR
100
AcDbLine
 10
12161.129105682032
 20
6889.381744682921
 30
0.0
 11
12226.34151196469
 21
6842.651195197054
 31
0.0
1001
FLOORFORGE
1000
floor:0
1000
preliminary
  0
LINE
  5
219
330
17
100
AcDbEntity
  8
A-DOOR
100
AcDbLine
 10
12226.34151196469
 20
6842.651195197054
 30
0.0
 11
12288.357969312685
 21
6791.755603969226
 31
0.0
1001
FLOORFORGE
1000
floor:0
1000
preliminary
  0
LINE
  5
21A
330
17
100
AcDbEntity
  8
A-DOOR
100
AcDbLine
 10
12288.357969312685
 20
6791.755603969226
 30
0.0
 11
12346.912913734708
 21
6736.912913734707
 31
0.0
1001
FLOORFORGE
1000
floor:0
1000
preliminary
  0
LINE
  5
21B
330
17
100
AcDbEntity
  8
A-DOOR
100
AcDbLine
 10
12346.912913734708
 20
6736.912913734707
 30
0.0
 11
12401.755603969226
 21
6678.357969312685
 31
0.0
1001
FLOORFORGE
1000
floor:0
1000
preliminary
  0
LINE
  5
21C
330
17
100
AcDbEntity
  8
A-DOOR
100
AcDbLine
 10
12401.755603969226
 20
6678.357969312685
 30
0.0
 11
12452.651195197055
 21
6616.341511964692
 31
0.0
1001
FLOORFORGE
1000
floor:0
1000
preliminary
  0
LINE
  5
21D
330
17
100
AcDbEntity
  8
A-DOOR
100
AcDbLine
 10
12452.651195197055
 20
6616.341511964692
 30
0.0
 11
12499.38174468292
 21
6551.129105682033
 31
0.0
1001
FLOORFORGE
1000
floor:0
1000
preliminary
  0
LINE
  5
21E
330
17
100
AcDbEntity
  8
A-DOOR
100
AcDbLine
 10
12499.38174468292
 20
6551.129105682033
 30
0.0
 11
12541.747145039722
 21
6483.0
 31
0.0
1001
FLOORFORGE
1000
floor:0
1000
preliminary
  0
LINE
  5
21F
330
17
100
AcDbEntity
  8
A-DOOR
100
AcDbLine
 10
12541.747145039722
 20
6483.0
 30
0.0
 11
12579.565981119076
 21
6412.245934208496
 31
0.0
1001
FLOORFORGE
1000
floor:0
1000
preliminary
  0
LINE
  5
220
330
17
100
AcDbEntity
  8
A-DOOR
100
AcDbLine
 10
12579.565981119076
 20
6412.245934208496
 30
0.0
 11
12612.676306858837
 21
6339.1698880796
 31
0.0
1001
FLOORFORGE
1000
floor:0
1000
preliminary
  0
LINE
  5
221
330
17
100
AcDbEntity
  8
A-DOOR
100
AcDbLine
 10
12612.676306858837
 20
6339.1698880796
 30
0.0
 11
12640.936338761
 21
6264.0847844616765
 31
0.0
1001
FLOORFORGE
1000
floor:0
1000
preliminary
  0
LINE
  5
222
330
17
100
AcDbEntity
  8
A-DOOR
100
AcDbLine
 10
12640.936338761
 20
6264.0847844616765
 30
0.0
 11
12664.225063030397
 21
6187.312149295691
 31
0.0
1001
FLOORFORGE
1000
floor:0
1000
preliminary
  0
LINE
  5
223
330
17
100
AcDbEntity
  8
A-DOOR
100
AcDbLine
 10
12664.225063030397
 20
6187.312149295691
 30
0.0
 11
12682.442753774361
 21
6109.180734791773
 31
0.0
1001
FLOORFORGE
1000
floor:0
1000
preliminary
  0
LINE
  5
224
330
17
100
AcDbEntity
  8
A-DOOR
100
AcDbLine
 10
12682.442753774361
 20
6109.180734791773
 30
0.0
 11
12695.511400044292
 21
6030.025111661784
 31
0.0
1001
FLOORFORGE
1000
floor:0
1000
preliminary
  0
LINE
  5
225
330
17
100
AcDbEntity
  8
A-DOOR
100
AcDbLine
 10
12695.511400044292
 20
6030.025111661784
 30
0.0
 11
12703.375039890529
 21
5950.1842364361555
 31
0.0
1001
FLOORFORGE
1000
floor:0
1000
preliminary
  0
LINE
  5
226
330
17
100
AcDbEntity
  8
A-DOOR
100
AcDbLine
 10
12703.375039890529
 20
5950.1842364361555
 30
0.0
 11
12706.0
 21
5870.0
 31
0.0
1001
FLOORFORGE
1000
floor:0
1000
preliminary
  0
LINE
  5
227
330
17
100
AcDbEntity
  8
A-DOOR
100
AcDbLine
 10
11480.0
 20
8330.0
 30
0.0
 11
12706.0
 21
8330.0
 31
0.0
1001
FLOORFORGE
1000
floor:0
1000
preliminary
  0
LINE
  5
228
330
17
100
AcDbEntity
  8
A-DOOR
100
AcDbLine
 10
11480.0
 20
7104.0
 30
0.0
 11
11560.184236436155
 21
7106.624960109472
 31
0.0
1001
FLOORFORGE
1000
floor:0
1000
preliminary
  0
LINE
  5
229
330
17
100
AcDbEntity
  8
A-DOOR
100
AcDbLine
 10
11560.184236436155
 20
7106.624960109472
 30
0.0
 11
11640.025111661784
 21
7114.488599955708
 31
0.0
1001
FLOORFORGE
1000
floor:0
1000
preliminary
  0
LINE
  5
22A
330
17
100
AcDbEntity
  8
A-DOOR
100
AcDbLine
 10
11640.025111661784
 20
7114.488599955708
 30
0.0
 11
11719.180734791773
 21
7127.55724622564
 31
0.0
1001
FLOORFORGE
1000
floor:0
1000
preliminary
  0
LINE
  5
22B
330
17
100
AcDbEntity
  8
A-DOOR
100
AcDbLine
 10
11719.180734791773
 20
7127.55724622564
 30
0.0
 11
11797.31214929569
 21
7145.774936969602
 31
0.0
1001
FLOORFORGE
1000
floor:0
1000
preliminary
  0
LINE
  5
22C
330
17
100
AcDbEntity
  8
A-DOOR
100
AcDbLine
 10
11797.31214929569
 20
7145.774936969602
 30
0.0
 11
11874.084784461676
 21
7169.063661239001
 31
0.0
1001
FLOORFORGE
1000
floor:0
1000
preliminary
  0
LINE
  5
22D
330
17
100
AcDbEntity
  8
A-DOOR
100
AcDbLine
 10
11874.084784461676
 20
7169.063661239001
 30
0.0
 11
11949.1698880796
 21
7197.323693141163
 31
0.0
1001
FLOORFORGE
1000
floor:0
1000
preliminary
  0
LINE
  5
22E
330
17
100
AcDbEntity
  8
A-DOOR
100
AcDbLine
 10
11949.1698880796
 20
7197.323693141163
 30
0.0
 11
12022.245934208495
 21
7230.434018880924
 31
0.0
1001
FLOORFORGE
1000
floor:0
1000
preliminary
  0
LINE
  5
22F
330
17
100
AcDbEntity
  8
A-DOOR
100
AcDbLine
 10
12022.245934208495
 20
7230.434018880924
 30
0.0
 11
12093.0
 21
7268.2528549602785
 31
0.0
1001
FLOORFORGE
1000
floor:0
1000
preliminary
  0
LINE
  5
230
330
17
100
AcDbEntity
  8
A-DOOR
100
AcDbLine
 10
12093.0
 20
7268.2528549602785
 30
0.0
 11
12161.129105682032
 21
7310.618255317079
 31
0.0
1001
FLOORFORGE
1000
floor:0
1000
preliminary
  0
LINE
  5
231
330
17
100
AcDbEntity
  8
A-DOOR
100
AcDbLine
 10
12161.129105682032
 20
7310.618255317079
 30
0.0
 11
12226.34151196469
 21
7357.348804802946
 31
0.0
1001
FLOORFORGE
1000
floor:0
1000
preliminary
  0
LINE
  5
232
330
17
100
AcDbEntity
  8
A-DOOR
100
AcDbLine
 10
12226.34151196469
 20
7357.348804802946
 30
0.0
 11
12288.357969312685
 21
7408.244396030774
 31
0.0
1001
FLOORFORGE
1000
floor:0
1000
preliminary
  0
LINE
  5
233
330
17
100
AcDbEntity
  8
A-DOOR
100
AcDbLine
 10
12288.357969312685
 20
7408.244396030774
 30
0.0
 11
12346.912913734708
 21
7463.087086265293
 31
0.0
1001
FLOORFORGE
1000
floor:0
1000
preliminary
  0
LINE
  5
234
330
17
100
AcDbEntity
  8
A-DOOR
100
AcDbLine
 10
12346.912913734708
 20
7463.087086265293
 30
0.0
 11
12401.755603969226
 21
7521.642030687315
 31
0.0
1001
FLOORFORGE
1000
floor:0
1000
preliminary
  0
LINE
  5
235
330
17
100
AcDbEntity
  8
A-DOOR
100
AcDbLine
 10
12401.755603969226
 20
7521.642030687315
 30
0.0
 11
12452.651195197055
 21
7583.658488035308
 31
0.0
1001
FLOORFORGE
1000
floor:0
1000
preliminary
  0
LINE
  5
236
330
17
100
AcDbEntity
  8
A-DOOR
100
AcDbLine
 10
12452.651195197055
 20
7583.658488035308
 30
0.0
 11
12499.38174468292
 21
7648.870894317967
 31
0.0
1001
FLOORFORGE
1000
floor:0
1000
preliminary
  0
LINE
  5
237
330
17
100
AcDbEntity
  8
A-DOOR
100
AcDbLine
 10
12499.38174468292
 20
7648.870894317967
 30
0.0
 11
12541.747145039722
 21
7717.0
 31
0.0
1001
FLOORFORGE
1000
floor:0
1000
preliminary
  0
LINE
  5
238
330
17
100
AcDbEntity
  8
A-DOOR
100
AcDbLine
 10
12541.747145039722
 20
7717.0
 30
0.0
 11
12579.565981119076
 21
7787.754065791504
 31
0.0
1001
FLOORFORGE
1000
floor:0
1000
preliminary
  0
LINE
  5
239
330
17
100
AcDbEntity
  8
A-DOOR
100
AcDbLine
 10
12579.565981119076
 20
7787.754065791504
 30
0.0
 11
12612.676306858837
 21
7860.8301119204
 31
0.0
1001
FLOORFORGE
1000
floor:0
1000
preliminary
  0
LINE
  5
23A
330
17
100
AcDbEntity
  8
A-DOOR
100
AcDbLine
 10
12612.676306858837
 20
7860.8301119204
 30
0.0
 11
12640.936338761
 21
7935.9152155383235
 31
0.0
1001
FLOORFORGE
1000
floor:0
1000
preliminary
  0
LINE
  5
23B
330
17
100
AcDbEntity
  8
A-DOOR
100
AcDbLine
 10
12640.936338761
 20
7935.9152155383235
 30
0.0
 11
12664.225063030397
 21
8012.687850704309
 31
0.0
1001
FLOORFORGE
1000
floor:0
1000
preliminary
  0
LINE
  5
23C
330
17
100
AcDbEntity
  8
A-DOOR
100
AcDbLine
 10
12664.225063030397
 20
8012.687850704309
 30
0.0
 11
12682.442753774361
 21
8090.819265208227
 31
0.0
1001
FLOORFORGE
1000
floor:0
1000
preliminary
  0
LINE
  5
23D
330
17
100
AcDbEntity
  8
A-DOOR
100
AcDbLine
 10
12682.442753774361
 20
8090.819265208227
 30
0.0
 11
12695.511400044292
 21
8169.974888338216
 31
0.0
1001
FLOORFORGE
1000
floor:0
1000
preliminary
  0
LINE
  5
23E
330
17
100
AcDbEntity
  8
A-DOOR
100
AcDbLine
 10
12695.511400044292
 20
8169.974888338216
 30
0.0
 11
12703.375039890529
 21
8249.815763563844
 31
0.0
1001
FLOORFORGE
1000
floor:0
1000
preliminary
  0
LINE
  5
23F
330
17
100
AcDbEntity
  8
A-DOOR
100
AcDbLine
 10
12703.375039890529
 20
8249.815763563844
 30
0.0
 11
12706.0
 21
8330.0
 31
0.0
1001
FLOORFORGE
1000
floor:0
1000
preliminary
  0
LINE
  5
240
330
17
100
AcDbEntity
  8
A-DOOR
100
AcDbLine
 10
11270.0
 20
5870.0
 30
0.0
 11
11270.0
 21
7100.0
 31
0.0
1001
FLOORFORGE
1000
floor:0
1000
preliminary
  0
LINE
  5
241
330
17
100
AcDbEntity
  8
A-DOOR
100
AcDbLine
 10
11130.0
 20
7100.0
 30
0.0
 11
11130.0
 21
8330.0
 31
0.0
1001
FLOORFORGE
1000
floor:0
1000
preliminary
  0
LINE
  5
242
330
17
100
AcDbEntity
  8
A-DOOR
100
AcDbLine
 10
11025.0
 20
7300.0
 30
0.0
 11
11025.0
 21
6900.0
 31
0.0
1001
FLOORFORGE
1000
floor:0
1000
preliminary
  0
LINE
  5
243
330
17
100
AcDbEntity
  8
A-DOOR
100
AcDbLine
 10
11025.0
 20
6900.0
 30
0.0
 11
11075.0
 21
6980.0
 31
0.0
1001
FLOORFORGE
1000
floor:0
1000
preliminary
  0
TEXT
  5
244
330
17
100
AcDbEntity
  8
A-TAGS
100
AcDbText
 10
11050.0
 20
7040.0
 30
0.0
 40
150.0
  1
D6
 72
1
 11
11050.0
 21
7040.0
 31
0.0
100
AcDbText
 73
1
1001
FLOORFORGE
1000
floor:0
1000
preliminary
  0
LINE
  5
245
330
17
100
AcDbEntity
  8
A-DOOR
100
AcDbLine
 10
7374.0
 20
1800.0
 30
0.0
 11
9474.0
 21
1800.0
 31
0.0
1001
FLOORFORGE
1000
floor:0
1000
preliminary
  0
LINE
  5
246
330
17
100
AcDbEntity
  8
A-DOOR
100
AcDbLine
 10
7374.0
 20
1950.0
 30
0.0
 11
9474.0
 21
1950.0
 31
0.0
1001
FLOORFORGE
1000
floor:0
1000
preliminary
  0
TEXT
  5
247
330
17
100
AcDbEntity
  8
A-TAGS
100
AcDbText
 10
8424.0
 20
1490.0
 30
0.0
 40
150.0
  1
O6
 72
1
 11
8424.0
 21
1490.0
 31
0.0
100
AcDbText
 73
1
1001
FLOORFORGE
1000
floor:0
1000
preliminary
  0
LINE
  5
248
330
17
100
AcDbEntity
  8
A-DOOR
100
AcDbLine
 10
9324.0
 20
0.0
 30
0.0
 11
9324.0
 21
1950.0
 31
0.0
1001
FLOORFORGE
1000
floor:0
1000
preliminary
  0
LINE
  5
249
330
17
100
AcDbEntity
  8
A-DOOR
100
AcDbLine
 10
9474.0
 20
0.0
 30
0.0
 11
9474.0
 21
1950.0
 31
0.0
1001
FLOORFORGE
1000
floor:0
1000
preliminary
  0
TEXT
  5
24A
330
17
100
AcDbEntity
  8
A-TAGS
100
AcDbText
 10
9074.0
 20
915.0
 30
0.0
 40
150.0
  1
O7
 72
1
 11
9074.0
 21
915.0
 31
0.0
100
AcDbText
 73
1
1001
FLOORFORGE
1000
floor:0
1000
preliminary
  0
LINE
  5
24B
330
17
100
AcDbEntity
  8
A-WIND
100
AcDbLine
 10
200.0
 20
3450.0
 30
0.0
 11
1474.0
 21
3450.0
 31
0.0
1001
FLOORFORGE
1000
floor:0
1000
preliminary
  0
LINE
  5
24C
330
17
100
AcDbEntity
  8
A-WIND
100
AcDbLine
 10
200.0
 20
3600.0
 30
0.0
 11
1474.0
 21
3600.0
 31
0.0
1001
FLOORFORGE
1000
floor:0
1000
preliminary
  0
LINE
  5
24D
330
17
100
AcDbEntity
  8
A-WIND
100
AcDbLine
 10
200.0
 20
3507.0
 30
0.0
 11
1474.0
 21
3507.0
 31
0.0
1001
FLOORFORGE
1000
floor:0
1000
preliminary
  0
LINE
  5
24E
330
17
100
AcDbEntity
  8
A-WIND
100
AcDbLine
 10
200.0
 20
3543.0
 30
0.0
 11
1474.0
 21
3543.0
 31
0.0
1001
FLOORFORGE
1000
floor:0
1000
preliminary
  0
LINE
  5
24F
330
17
100
AcDbEntity
  8
A-WIND
100
AcDbLine
 10
200.0
 20
3450.0
 30
0.0
 11
200.0
 21
3600.0
 31
0.0
1001
FLOORFORGE
1000
floor:0
1000
preliminary
  0
LINE
  5
250
330
17
100
AcDbEntity
  8
A-WIND
100
AcDbLine
 10
1474.0
 20
3450.0
 30
0.0
 11
1474.0
 21
3600.0
 31
0.0
1001
FLOORFORGE
1000
floor:0
1000
preliminary
  0
TEXT
  5
251
330
17
100
AcDbEntity
  8
A-TAGS
100
AcDbText
 10
837.0
 20
3010.0
 30
0.0
 40
150.0
  1
W11
 72
1
 11
837.0
 21
3010.0
 31
0.0
100
AcDbText
 73
1
1001
FLOORFORGE
1000
floor:0
1000
preliminary
  0
LINE
  5
252
330
17
100
AcDbEntity
  8
A-STAIR
100
AcDbLine
 10
3312.0
 20
3600.0
 30
0.0
 11
3312.0
 21
4700.0
 31
0.0
1001
FLOORFORGE
1000
floor:0
1000
preliminary
  0
LINE
  5
253
330
17
100
AcDbEntity
  8
A-STAIR
100
AcDbLine
 10
3312.0
 20
4900.0
 30
0.0
 11
3312.0
 21
6000.0
 31
0.0
1001
FLOORFORGE
1000
floor:0
1000
preliminary
  0
LINE
  5
254
330
17
100
AcDbEntity
  8
A-STAIR
100
AcDbLine
 10
3062.0
 20
3600.0
 30
0.0
 11
3062.0
 21
4700.0
 31
0.0
1001
FLOORFORGE
1000
floor:0
1000
preliminary
  0
LINE
  5
255
330
17
100
AcDbEntity
  8
A-STAIR
100
AcDbLine
 10
3062.0
 20
4900.0
 30
0.0
 11
3062.0
 21
6000.0
 31
0.0
1001
FLOORFORGE
1000
floor:0
1000
preliminary
  0
LINE
  5
256
330
17
100
AcDbEntity
  8
A-STAIR
100
AcDbLine
 10
2812.0
 20
3600.0
 30
0.0
 11
2812.0
 21
4700.0
 31
0.0
1001
FLOORFORGE
1000
floor:0
1000
preliminary
  0
LINE
  5
257
330
17
100
AcDbEntity
  8
A-STAIR
100
AcDbLine
 10
2812.0
 20
4900.0
 30
0.0
 11
2812.0
 21
6000.0
 31
0.0
1001
FLOORFORGE
1000
floor:0
1000
preliminary
  0
LINE
  5
258
330
17
100
AcDbEntity
  8
A-STAIR
100
AcDbLine
 10
2562.0
 20
3600.0
 30
0.0
 11
2562.0
 21
4700.0
 31
0.0
1001
FLOORFORGE
1000
floor:0
1000
preliminary
  0
LINE
  5
259
330
17
100
AcDbEntity
  8
A-STAIR
100
AcDbLine
 10
2562.0
 20
4900.0
 30
0.0
 11
2562.0
 21
6000.0
 31
0.0
1001
FLOORFORGE
1000
floor:0
1000
preliminary
  0
LINE
  5
25A
330
17
100
AcDbEntity
  8
A-STAIR
100
AcDbLine
 10
2312.0
 20
3600.0
 30
0.0
 11
2312.0
 21
4700.0
 31
0.0
1001
FLOORFORGE
1000
floor:0
1000
preliminary
  0
LINE
  5
25B
330
17
100
AcDbEntity
  8
A-STAIR
100
AcDbLine
 10
2312.0
 20
4900.0
 30
0.0
 11
2312.0
 21
6000.0
 31
0.0
1001
FLOORFORGE
1000
floor:0
1000
preliminary
  0
LINE
  5
25C
330
17
100
AcDbEntity
  8
A-STAIR
100
AcDbLine
 10
2062.0
 20
3600.0
 30
0.0
 11
2062.0
 21
4700.0
 31
0.0
1001
FLOORFORGE
1000
floor:0
1000
preliminary
  0
LINE
  5
25D
330
17
100
AcDbEntity
  8
A-STAIR
100
AcDbLine
 10
2062.0
 20
4900.0
 30
0.0
 11
2062.0
 21
6000.0
 31
0.0
1001
FLOORFORGE
1000
floor:0
1000
preliminary
  0
LINE
  5
25E
330
17
100
AcDbEntity
  8
A-STAIR
100
AcDbLine
 10
1812.0
 20
3600.0
 30
0.0
 11
1812.0
 21
4700.0
 31
0.0
1001
FLOORFORGE
1000
floor:0
1000
preliminary
  0
LINE
  5
25F
330
17
100
AcDbEntity
  8
A-STAIR
100
AcDbLine
 10
1812.0
 20
4900.0
 30
0.0
 11
1812.0
 21
6000.0
 31
0.0
1001
FLOORFORGE
1000
floor:0
1000
preliminary
  0
LINE
  5
260
330
17
100
AcDbEntity
  8
A-STAIR
100
AcDbLine
 10
1562.0
 20
3600.0
 30
0.0
 11
1562.0
 21
4700.0
 31
0.0
1001
FLOORFORGE
1000
floor:0
1000
preliminary
  0
LINE
  5
261
330
17
100
AcDbEntity
  8
A-STAIR
100
AcDbLine
 10
1562.0
 20
4900.0
 30
0.0
 11
1562.0
 21
6000.0
 31
0.0
1001
FLOORFORGE
1000
floor:0
1000
preliminary
  0
LINE
  5
262
330
17
100
AcDbEntity
  8
A-STAIR
100
AcDbLine
 10
1312.0
 20
3600.0
 30
0.0
 11
1312.0
 21
4700.0
 31
0.0
1001
FLOORFORGE
1000
floor:0
1000
preliminary
  0
LINE
  5
263
330
17
100
AcDbEntity
  8
A-STAIR
100
AcDbLine
 10
1312.0
 20
4900.0
 30
0.0
 11
1312.0
 21
6000.0
 31
0.0
1001
FLOORFORGE
1000
floor:0
1000
preliminary
  0
LWPOLYLINE
  5
264
330
17
100
AcDbEntity
  8
A-STAIR
100
AcDbPolyline
 90
4
 70
0
 10
3312.0
 20
4150.0
 10
731.0
 20
4150.0
 10
731.0
 20
5450.0
 10
3312.0
 20
5450.0
1001
FLOORFORGE
1000
floor:0
1000
preliminary
  0
LWPOLYLINE
  5
265
330
17
100
AcDbEntity
  8
A-STAIR
100
AcDbPolyline
 90
3
 70
1
 10
3172.0
 20
5380.0
 10
3172.0
 20
5520.0
 10
3312.0
 20
5450.0
1001
FLOORFORGE
1000
floor:0
1000
preliminary
  0
HATCH
  5
266
330
17
100
AcDbEntity
  8
A-STAIR
 62
7
100
AcDbHatch
 10
0.0
 20
0.0
 30
0.0
210
0.0
220
0.0
230
1.0
  2
SOLID
 70
1
 71
0
 91
1
 92
3
 72
0
 73
1
 93
3
 10
3172.0
 20
5380.0
 10
3172.0
 20
5520.0
 10
3312.0
 20
5450.0
 97
0
 75
0
 76
1
 98
0
  0
TEXT
  5
267
330
17
100
AcDbEntity
  8
A-STAIR
100
AcDbText
 10
3572.0
 20
4150.0
 30
0.0
 40
170.0
  1
UP
 72
1
 11
3572.0
 21
4150.0
 31
0.0
100
AcDbText
 73
1
1001
FLOORFORGE
1000
floor:0
1000
preliminary
  0
TEXT
  5
268
330
17
100
AcDbEntity
  8
A-STAIR
100
AcDbText
 10
4174.0
 20
4800.0
 30
0.0
 40
140.0
  1
18R @ 175 / T 250
 72
1
 11
4174.0
 21
4800.0
 31
0.0
100
AcDbText
 73
1
1001
FLOORFORGE
1000
floor:0
1000
preliminary
  0
LWPOLYLINE
  5
269
330
17
100
AcDbEntity
  8
A-STAIR
100
AcDbPolyline
 90
4
 70
1
 10
9574.0
 20
-1250.0
 10
10874.0
 20
-1250.0
 10
10874.0
 20
-950.0
 10
9574.0
 20
-950.0
1001
FLOORFORGE
1000
floor:0
1000
preliminary
  0
LWPOLYLINE
  5
26A
330
17
100
AcDbEntity
  8
A-STAIR
100
AcDbPolyline
 90
4
 70
1
 10
9574.0
 20
-950.0
 10
10874.0
 20
-950.0
 10
10874.0
 20
-650.0
 10
9574.0
 20
-650.0
1001
FLOORFORGE
1000
floor:0
1000
preliminary
  0
LWPOLYLINE
  5
26B
330
17
100
AcDbEntity
  8
A-STAIR
100
AcDbPolyline
 90
4
 70
1
 10
9574.0
 20
-650.0
 10
10874.0
 20
-650.0
 10
10874.0
 20
0.0
 10
9574.0
 20
0.0
1001
FLOORFORGE
1000
floor:0
1000
preliminary
  0
LWPOLYLINE
  5
26C
330
17
100
AcDbEntity
  8
A-FURN
100
AcDbPolyline
 90
4
 70
1
 10
7374.000000000001
 20
3750.0
 10
7374.000000000001
 20
3300.0000000000005
 10
5949.0
 20
3300.0000000000005
 10
5949.0
 20
3750.0
1001
FLOORFORGE
1000
floor:0
1000
preliminary
  0
LWPOLYLINE
  5
26D
330
17
100
AcDbEntity
  8
A-FURN
100
AcDbPolyline
 90
4
 70
1
 10
5780.0
 20
12620.000000000002
 10
5780.0
 20
13080.000000000002
 10
5060.0
 20
13080.000000000002
 10
5060.0
 20
12620.000000000002
1001
FLOORFORGE
1000
floor:0
1000
preliminary
  0
LWPOLYLINE
  5
26E
330
17
100
AcDbEntity
  8
A-FURN
100
AcDbPolyline
 90
4
 70
1
 10
5780.0
 20
11850.000000000002
 10
5780.0
 20
12500.0
 10
5279.999999999999
 20
12500.0
 10
5279.999999999999
 20
11850.000000000002
1001
FLOORFORGE
1000
floor:0
1000
preliminary
  0
LWPOLYLINE
  5
26F
330
17
100
AcDbEntity
  8
A-FURN
100
AcDbPolyline
 90
4
 70
1
 10
2340.0
 20
8355.999999999998
 10
2340.0
 20
10255.999999999996
 10
169.99999999999997
 20
10255.999999999996
 10
169.99999999999997
 20
8355.999999999998
1001
FLOORFORGE
1000
floor:0
1000
preliminary
  0
LWPOLYLINE
  5
270
330
17
100
AcDbEntity
  8
A-FURN
100
AcDbPolyline
 90
4
 70
1
 10
4550.000000000003
 20
7650.0
 10
4550.000000000003
 20
8250.0
 10
2450.000000000002
 20
8250.0
 10
2450.000000000002
 20
7650.0
1001
FLOORFORGE
1000
floor:0
1000
preliminary
  0
LWPOLYLINE
  5
271
330
17
100
AcDbEntity
  8
A-FURN
100
AcDbPolyline
 90
4
 70
1
 10
13299.999999999998
 20
10325.0
 10
13299.999999999998
 20
11425.0
 10
11100.0
 20
11425.0
 10
11100.0
 20
10325.0
1001
FLOORFORGE
1000
floor:0
1000
preliminary
  0
LWPOLYLINE
  5
272
330
17
100
AcDbEntity
  8
A-FURN
100
AcDbPolyline
 90
4
 70
1
 10
10229.999999999998
 20
9580.000000000002
 10
10229.999999999998
 20
10120.000000000002
 10
9670.0
 20
10120.000000000002
 10
9670.0
 20
9580.000000000002
1001
FLOORFORGE
1000
floor:0
1000
preliminary
  0
LWPOLYLINE
  5
273
330
17
100
AcDbEntity
  8
A-FURN
100
AcDbPolyline
 90
4
 70
1
 10
11079.999999999998
 20
9580.000000000002
 10
11079.999999999998
 20
10120.000000000002
 10
10520.0
 20
10120.000000000002
 10
10520.0
 20
9580.000000000002
1001
FLOORFORGE
1000
floor:0
1000
preliminary
  0
LWPOLYLINE
  5
274
330
17
100
AcDbEntity
  8
A-FURN
100
AcDbPolyline
 90
4
 70
1
 10
11929.999999999998
 20
9580.000000000002
 10
11929.999999999998
 20
10120.000000000002
 10
11370.0
 20
10120.000000000002
 10
11370.0
 20
9580.000000000002
1001
FLOORFORGE
1000
floor:0
1000
preliminary
  0
LWPOLYLINE
  5
275
330
17
100
AcDbEntity
  8
A-FURN
100
AcDbPolyline
 90
4
 70
1
 10
10900.0
 20
11899.999999999998
 10
10900.0
 20
12399.999999999998
 10
10100.0
 20
12399.999999999998
 10
10100.0
 20
11899.999999999998
1001
FLOORFORGE
1000
floor:0
1000
preliminary
  0
LWPOLYLINE
  5
276
330
17
100
AcDbEntity
  8
A-FURN
100
AcDbPolyline
 90
4
 70
1
 10
9469.999999999998
 20
12280.0
 10
9469.999999999998
 20
12679.999999999998
 10
8570.0
 20
12679.999999999998
 10
8570.0
 20
12280.0
1001
FLOORFORGE
1000
floor:0
1000
preliminary
  0
LWPOLYLINE
  5
277
330
17
100
AcDbEntity
  8
A-FURN
100
AcDbPolyline
 90
4
 70
1
 10
15288.0
 20
9925.0
 10
15288.0
 20
11325.0
 10
15218.0
 20
11325.0
 10
15218.0
 20
9925.0
1001
FLOORFORGE
1000
floor:0
1000
preliminary
  0
LWPOLYLINE
  5
278
330
17
100
AcDbEntity
  8
A-FURN
100
AcDbPolyline
 90
4
 70
1
 10
7050.0
 20
11986.0
 10
7050.0
 20
14156.0
 10
5950.0
 20
14156.0
 10
5950.0
 20
11986.0
1001
FLOORFORGE
1000
floor:0
1000
preliminary
  0
LWPOLYLINE
  5
279
330
17
100
AcDbEntity
  8
A-FURN
100
AcDbPolyline
 90
4
 70
1
 10
6550.0
 20
11076.0
 10
6550.0
 20
11976.0
 10
5950.0
 20
11976.0
 10
5950.0
 20
11076.0
1001
FLOORFORGE
1000
floor:0
1000
preliminary
  0
LWPOLYLINE
  5
27A
330
17
100
AcDbEntity
  8
A-FURN
100
AcDbPolyline
 90
4
 70
1
 10
6690.0
 20
9770.0
 10
6690.0
 20
10230.0
 10
5970.0
 20
10230.0
 10
5970.0
 20
9770.0
1001
FLOORFORGE
1000
floor:0
1000
preliminary
  0
LWPOLYLINE
  5
27B
330
17
100
AcDbEntity
  8
A-FURN
100
AcDbPolyline
 90
4
 70
1
 10
8330.0
 20
9800.0
 10
8330.0
 20
10800.0
 10
7830.0
 20
10800.0
 10
7830.0
 20
9800.0
1001
FLOORFORGE
1000
floor:0
1000
preliminary
  0
LWPOLYLINE
  5
27C
330
17
100
AcDbEntity
  8
A-FURN
100
AcDbPolyline
 90
4
 70
1
 10
14774.0
 20
1724.999999999999
 10
14774.0
 20
4074.999999999999
 10
13794.0
 20
4074.999999999999
 10
13794.0
 20
1724.999999999999
1001
FLOORFORGE
1000
floor:0
1000
preliminary
  0
LWPOLYLINE
  5
27D
330
17
100
AcDbEntity
  8
A-FURN
100
AcDbPolyline
 90
4
 70
1
 10
13449.0
 20
2349.9999999999986
 10
13449.0
 20
3449.999999999999
 10
12699.0
 20
3449.999999999999
 10
12699.0
 20
2349.9999999999986
1001
FLOORFORGE
1000
floor:0
1000
preliminary
  0
LWPOLYLINE
  5
27E
330
17
100
AcDbEntity
  8
A-FURN
100
AcDbPolyline
 90
4
 70
1
 10
11424.0
 20
1949.999999999999
 10
11424.0
 20
3849.9999999999986
 10
11009.0
 20
3849.9999999999986
 10
11009.0
 20
1949.999999999999
1001
FLOORFORGE
1000
floor:0
1000
preliminary
  0
LWPOLYLINE
  5
27F
330
17
100
AcDbEntity
  8
A-FURN
100
AcDbPolyline
 90
4
 70
1
 10
14454.0
 20
1344.999999999999
 10
14454.0
 20
1704.9999999999989
 10
14094.0
 20
1704.9999999999989
 10
14094.0
 20
1344.999999999999
1001
FLOORFORGE
1000
floor:0
1000
preliminary
  0
LWPOLYLINE
  5
280
330
17
100
AcDbEntity
  8
A-FURN
100
AcDbPolyline
 90
4
 70
1
 10
7144.000000000002
 20
155.0
 10
7144.000000000002
 20
810.0
 10
4184.000000000001
 20
810.0
 10
4184.000000000001
 20
155.0
1001
FLOORFORGE
1000
floor:0
1000
preliminary
  0
LWPOLYLINE
  5
281
330
17
100
AcDbEntity
  8
A-FURN
100
AcDbPolyline
 90
4
 70
1
 10
5564.0
 20
2790.0
 10
5564.0
 20
3445.0000000000005
 10
4103.999999999999
 20
3445.0000000000005
 10
4103.999999999999
 20
2790.0
1001
FLOORFORGE
1000
floor:0
1000
preliminary
  0
LWPOLYLINE
  5
282
330
17
100
AcDbEntity
  8
A-FURN
100
AcDbPolyline
 90
4
 70
1
 10
5534.0
 20
3064.0
 10
5534.0
 20
3435.0
 10
4133.999999999999
 20
3435.0
 10
4133.999999999999
 20
3064.0
1001
FLOORFORGE
1000
floor:0
1000
preliminary
  0
LWPOLYLINE
  5
283
330
17
100
AcDbEntity
  8
A-FURN
100
AcDbPolyline
 90
4
 70
1
 10
2124.0
 20
200.00000000000006
 10
2124.0
 20
2000.0
 10
1674.0
 20
2000.0
 10
1674.0
 20
200.00000000000006
1001
FLOORFORGE
1000
floor:0
1000
preliminary
  0
LWPOLYLINE
  5
284
330
17
100
AcDbEntity
  8
A-FURN
100
AcDbPolyline
 90
4
 70
1
 10
3024.0
 20
1550.0
 10
3024.0
 20
2000.0
 10
2123.9999999999995
 20
2000.0
 10
2123.9999999999995
 20
1550.0
1001
FLOORFORGE
1000
floor:0
1000
preliminary
  0
LWPOLYLINE
  5
285
330
17
100
AcDbEntity
  8
A-FURN
100
AcDbPolyline
 90
4
 70
1
 10
7473.999999999995
 20
4429.999999999998
 10
7473.999999999995
 20
6269.999999999998
 10
5773.999999999996
 20
6269.999999999998
 10
5773.999999999996
 20
4429.999999999998
1001
FLOORFORGE
1000
floor:0
1000
preliminary
  0
LWPOLYLINE
  5
286
330
17
100
AcDbEntity
  8
A-FURN
100
AcDbPolyline
 90
4
 70
1
 10
10784.0
 20
3250.0
 10
10784.0
 20
5600.0
 10
9804.0
 20
5600.0
 10
9804.0
 20
3250.0
1001
FLOORFORGE
1000
floor:0
1000
preliminary
  0
LWPOLYLINE
  5
287
330
17
100
AcDbEntity
  8
A-FURN
100
AcDbPolyline
 90
4
 70
1
 10
9459.0
 20
3875.0
 10
9459.0
 20
4975.0
 10
8709.0
 20
4975.0
 10
8709.0
 20
3875.0
1001
FLOORFORGE
1000
floor:0
1000
preliminary
  0
LWPOLYLINE
  5
288
330
17
100
AcDbEntity
  8
A-FURN
100
AcDbPolyline
 90
4
 70
1
 10
10464.0
 20
2870.0
 10
10464.0
 20
3229.9999999999995
 10
10104.0
 20
3229.9999999999995
 10
10104.0
 20
2870.0
1001
FLOORFORGE
1000
floor:0
1000
preliminary
  0
LWPOLYLINE
  5
289
330
17
100
AcDbEntity
  8
A-FURN
100
AcDbPolyline
 90
4
 70
1
 10
9123.999999999998
 20
169.99999999999997
 10
9123.999999999998
 20
620.0
 10
7723.999999999999
 20
620.0
 10
7723.999999999999
 20
169.99999999999997
1001
FLOORFORGE
1000
floor:0
1000
preliminary
  0
LWPOLYLINE
  5
28A
330
17
100
AcDbEntity
  8
A-FURN
100
AcDbPolyline
 90
4
 70
1
 10
2699.0000000000005
 20
2170.0
 10
2699.0000000000005
 20
2689.9999999999995
 10
1999.0
 20
2689.9999999999995
 10
1999.0
 20
2170.0
1001
FLOORFORGE
1000
floor:0
1000
preliminary
  0
LWPOLYLINE
  5
28B
330
17
100
AcDbEntity
  8
A-EXT
100
AcDbPolyline
 90
4
 70
1
 10
11074.0
 20
-1488.0
 10
15674.0
 20
-1488.0
 10
15674.0
 20
0.0
 10
11074.0
 20
0.0
1001
FLOORFORGE
1000
floor:0
1000
preliminary
  0
TEXT
  5
28C
330
17
100
AcDbEntity
  8
A-EXT
100
AcDbText
 10
13374.0
 20
-1368.0
 30
0.0
 40
130.0
  1
PORCH
 72
1
 11
13374.0
 21
-1368.0
 31
0.0
100
AcDbText
 73
1
1001
FLOORFORGE
1000
floor:0
1000
preliminary
  0
TEXT
  5
28D
330
17
100
AcDbEntity
  8
A-ANNO
100
AcDbText
 10
4825.0
 20
13065.0
 30
0.0
 40
220.0
  1
MASTER ATTACHED BATHROOM
 72
1
 11
4825.0
 21
13065.0
 31
0.0
100
AcDbText
 73
1
1001
FLOORFORGE
1000
floor:0
1000
preliminary
  0
TEXT
  5
28E
330
17
100
AcDbEntity
  8
A-ANNO
100
AcDbText
 10
4825.0
 20
12785.5
 30
0.0
 40
150.0
  1
1.95 x 2.38
 72
1
 11
4825.0
 21
12785.5
 31
0.0
100
AcDbText
 73
1
1001
FLOORFORGE
1000
floor:0
1000
preliminary
  0
TEXT
  5
28F
330
17
100
AcDbEntity
  8
A-ANNO
100
AcDbText
 10
4825.0
 20
12575.5
 30
0.0
 40
150.0
  1
4.6 m2
 72
1
 11
4825.0
 21
12575.5
 31
0.0
100
AcDbText
 73
1
1001
FLOORFORGE
1000
floor:0
1000
preliminary
  0
TEXT
  5
290
330
17
100
AcDbEntity
  8
A-ANNO
100
AcDbText
 10
2369.5390625
 20
9946.6328125
 30
0.0
 40
220.0
  1
MASTER BEDROOM · SOUTHWEST
 72
1
 11
2369.5390625
 21
9946.6328125
 31
0.0
100
AcDbText
 73
1
1001
FLOORFORGE
1000
floor:0
1000
preliminary
  0
TEXT
  5
291
330
17
100
AcDbEntity
  8
A-ANNO
100
AcDbText
 10
2369.5390625
 20
9667.1328125
 30
0.0
 40
150.0
  1
5.45 x 4.00*
 72
1
 11
2369.5390625
 21
9667.1328125
 31
0.0
100
AcDbText
 73
1
1001
FLOORFORGE
1000
floor:0
1000
preliminary
  0
TEXT
  5
292
330
17
100
AcDbEntity
  8
A-ANNO
100
AcDbText
 10
2369.5390625
 20
9457.1328125
 30
0.0
 40
150.0
  1
27.6 m2
 72
1
 11
2369.5390625
 21
9457.1328125
 31
0.0
100
AcDbText
 73
1
1001
FLOORFORGE
1000
floor:0
1000
preliminary
  0
TEXT
  5
293
330
17
100
AcDbEntity
  8
A-ANNO
100
AcDbText
 10
1850.0
 20
13935.5
 30
0.0
 40
170.0
  1
REAR BEDROOM VENTILATION RECESS
 72
1
 11
1850.0
 21
13935.5
 31
0.0
100
AcDbText
 73
1
1001
FLOORFORGE
1000
floor:0
1000
preliminary
  0
TEXT
  5
294
330
17
100
AcDbEntity
  8
A-ANNO
100
AcDbText
 10
1850.0
 20
13700.5
 30
0.0
 40
130.0
  1
3.70 x 0.90
 72
1
 11
1850.0
 21
13700.5
 31
0.0
100
AcDbText
 73
1
1001
FLOORFORGE
1000
floor:0
1000
preliminary
  0
TEXT
  5
295
330
17
100
AcDbEntity
  8
A-ANNO
100
AcDbText
 10
1850.0
 20
13518.5
 30
0.0
 40
130.0
  1
3.3 m2
 72
1
 11
1850.0
 21
13518.5
 31
0.0
100
AcDbText
 73
1
1001
FLOORFORGE
1000
floor:0
1000
preliminary
  0
TEXT
  5
296
330
17
100
AcDbEntity
  8
A-ANNO
100
AcDbText
 10
11894.0
 20
10702.0
 30
0.0
 40
220.0
  1
HOME CARE ROOM
 72
1
 11
11894.0
 21
10702.0
 31
0.0
100
AcDbText
 73
1
1001
FLOORFORGE
1000
floor:0
1000
preliminary
  0
TEXT
  5
297
330
17
100
AcDbEntity
  8
A-ANNO
100
AcDbText
 10
11894.0
 20
10422.5
 30
0.0
 40
150.0
  1
6.79 x 4.15
 72
1
 11
11894.0
 21
10422.5
 31
0.0
100
AcDbText
 73
1
1001
FLOORFORGE
1000
floor:0
1000
preliminary
  0
TEXT
  5
298
330
17
100
AcDbEntity
  8
A-ANNO
100
AcDbText
 10
11894.0
 20
10212.5
 30
0.0
 40
150.0
  1
28.2 m2
 72
1
 11
11894.0
 21
10212.5
 31
0.0
100
AcDbText
 73
1
1001
FLOORFORGE
1000
floor:0
1000
preliminary
  0
TEXT
  5
299
330
17
100
AcDbEntity
  8
A-ANNO
100
AcDbText
 10
6675.0
 20
9059.5
 30
0.0
 40
170.0
  1
VENTILATION LIGHTWELL
 72
1
 11
6675.0
 21
9059.5
 31
0.0
100
AcDbText
 73
1
1001
FLOORFORGE
1000
floor:0
1000
preliminary
  0
TEXT
  5
29A
330
17
100
AcDbEntity
  8
A-ANNO
100
AcDbText
 10
6675.0
 20
8824.5
 30
0.0
 40
130.0
  1
1.85 x 0.90
 72
1
 11
6675.0
 21
8824.5
 31
0.0
100
AcDbText
 73
1
1001
FLOORFORGE
1000
floor:0
1000
preliminary
  0
TEXT
  5
29B
330
17
100
AcDbEntity
  8
A-ANNO
100
AcDbText
 10
6675.0
 20
8642.5
 30
0.0
 40
130.0
  1
1.7 m2
 72
1
 11
6675.0
 21
8642.5
 31
0.0
100
AcDbText
 73
1
1001
FLOORFORGE
1000
floor:0
1000
preliminary
  0
TEXT
  5
29C
330
17
100
AcDbEntity
  8
A-ANNO
100
AcDbText
 10
16788.0
 20
10702.0
 30
0.0
 40
220.0
  1
CARE LAWN AND REAR GARDEN PATH
 72
1
 11
16788.0
 21
10702.0
 31
0.0
100
AcDbText
 73
1
1001
FLOORFORGE
1000
floor:0
1000
preliminary
  0
TEXT
  5
29D
330
17
100
AcDbEntity
  8
A-ANNO
100
AcDbText
 10
16788.0
 20
10422.5
 30
0.0
 40
150.0
  1
2.70 x 5.78*
 72
1
 11
16788.0
 21
10422.5
 31
0.0
100
AcDbText
 73
1
1001
FLOORFORGE
1000
floor:0
1000
preliminary
  0
TEXT
  5
29E
330
17
100
AcDbEntity
  8
A-ANNO
100
AcDbText
 10
16788.0
 20
10212.5
 30
0.0
 40
150.0
  1
24.8 m2
 72
1
 11
16788.0
 21
10212.5
 31
0.0
100
AcDbText
 73
1
1001
FLOORFORGE
1000
floor:0
1000
preliminary
  0
TEXT
  5
29F
330
17
100
AcDbEntity
  8
A-ANNO
100
AcDbText
 10
7150.0
 20
12690.0
 30
0.0
 40
220.0
  1
CAREGIVER BEDROOM · REAR STRIP
 72
1
 11
7150.0
 21
12690.0
 31
0.0
100
AcDbText
 73
1
1001
FLOORFORGE
1000
floor:0
1000
preliminary
  0
TEXT
  5
2A0
330
17
100
AcDbEntity
  8
A-ANNO
100
AcDbText
 10
7150.0
 20
12410.5
 30
0.0
 40
150.0
  1
2.40 x 3.13
 72
1
 11
7150.0
 21
12410.5
 31
0.0
100
AcDbText
 73
1
1001
FLOORFORGE
1000
floor:0
1000
preliminary
  0
TEXT
  5
2A1
330
17
100
AcDbEntity
  8
A-ANNO
100
AcDbText
 10
7150.0
 20
12200.5
 30
0.0
 40
150.0
  1
7.5 m2
 72
1
 11
7150.0
 21
12200.5
 31
0.0
100
AcDbText
 73
1
1001
FLOORFORGE
1000
floor:0
1000
preliminary
  0
TEXT
  5
2A2
330
17
100
AcDbEntity
  8
A-ANNO
100
AcDbText
 10
7150.0
 20
10309.5
 30
0.0
 40
170.0
  1
CAREGIVER ATTACHED TOILET
 72
1
 11
7150.0
 21
10309.5
 31
0.0
100
AcDbText
 73
1
1001
FLOORFORGE
1000
floor:0
1000
preliminary
  0
TEXT
  5
2A3
330
17
100
AcDbEntity
  8
A-ANNO
100
AcDbText
 10
7150.0
 20
10074.5
 30
0.0
 40
130.0
  1
2.40 x 1.30
 72
1
 11
7150.0
 21
10074.5
 31
0.0
100
AcDbText
 73
1
1001
FLOORFORGE
1000
floor:0
1000
preliminary
  0
TEXT
  5
2A4
330
17
100
AcDbEntity
  8
A-ANNO
100
AcDbText
 10
7150.0
 20
9892.5
 30
0.0
 40
130.0
  1
3.1 m2
 72
1
 11
7150.0
 21
9892.5
 31
0.0
100
AcDbText
 73
1
1001
FLOORFORGE
1000
floor:0
1000
preliminary
  0
TEXT
  5
2A5
330
17
100
AcDbEntity
  8
A-ANNO
100
AcDbText
 10
7975.0
 20
9059.5
 30
0.0
 40
170.0
  1
COVERED LIGHTWELL EDGE
 72
1
 11
7975.0
 21
9059.5
 31
0.0
100
AcDbText
 73
1
1001
FLOORFORGE
1000
floor:0
1000
preliminary
  0
TEXT
  5
2A6
330
17
100
AcDbEntity
  8
A-ANNO
100
AcDbText
 10
7975.0
 20
8824.5
 30
0.0
 40
130.0
  1
0.75 x 0.90
 72
1
 11
7975.0
 21
8824.5
 31
0.0
100
AcDbText
 73
1
1001
FLOORFORGE
1000
floor:0
1000
preliminary
  0
TEXT
  5
2A7
330
17
100
AcDbEntity
  8
A-ANNO
100
AcDbText
 10
7975.0
 20
8642.5
 30
0.0
 40
130.0
  1
0.7 m2
 72
1
 11
7975.0
 21
8642.5
 31
0.0
100
AcDbText
 73
1
1001
FLOORFORGE
1000
floor:0
1000
preliminary
  0
TEXT
  5
2A8
330
17
100
AcDbEntity
  8
A-ANNO
100
AcDbText
 10
9709.15625
 20
3113.71875
 30
0.0
 40
220.0
  1
ENTRY HALL
 72
1
 11
9709.15625
 21
3113.71875
 31
0.0
100
AcDbText
 73
1
1001
FLOORFORGE
1000
floor:0
1000
preliminary
  0
TEXT
  5
2A9
330
17
100
AcDbEntity
  8
A-ANNO
100
AcDbText
 10
13032.0
 20
2977.0
 30
0.0
 40
220.0
  1
DRAWING ROOM · NORTHEAST
 72
1
 11
13032.0
 21
2977.0
 31
0.0
100
AcDbText
 73
1
1001
FLOORFORGE
1000
floor:0
1000
preliminary
  0
TEXT
  5
2AA
330
17
100
AcDbEntity
  8
A-ANNO
100
AcDbText
 10
13032.0
 20
2697.5
 30
0.0
 40
150.0
  1
4.12 x 5.50
 72
1
 11
13032.0
 21
2697.5
 31
0.0
100
AcDbText
 73
1
1001
FLOORFORGE
1000
floor:0
1000
preliminary
  0
TEXT
  5
2AB
330
17
100
AcDbEntity
  8
A-ANNO
100
AcDbText
 10
13032.0
 20
2487.5
 30
0.0
 40
150.0
  1
22.6 m2
 72
1
 11
13032.0
 21
2487.5
 31
0.0
100
AcDbText
 73
1
1001
FLOORFORGE
1000
floor:0
1000
preliminary
  0
TEXT
  5
2AC
330
17
100
AcDbEntity
  8
A-ANNO
100
AcDbText
 10
5274.0
 20
1877.0
 30
0.0
 40
220.0
  1
MODULAR KITCHEN · SOUTHEAST
 72
1
 11
5274.0
 21
1877.0
 31
0.0
100
AcDbText
 73
1
1001
FLOORFORGE
1000
floor:0
1000
preliminary
  0
TEXT
  5
2AD
330
17
100
AcDbEntity
  8
A-ANNO
100
AcDbText
 10
5274.0
 20
1597.5
 30
0.0
 40
150.0
  1
4.20 x 3.30
 72
1
 11
5274.0
 21
1597.5
 31
0.0
100
AcDbText
 73
1
1001
FLOORFORGE
1000
floor:0
1000
preliminary
  0
TEXT
  5
2AE
330
17
100
AcDbEntity
  8
A-ANNO
100
AcDbText
 10
5274.0
 20
1387.5
 30
0.0
 40
150.0
  1
13.9 m2
 72
1
 11
5274.0
 21
1387.5
 31
0.0
100
AcDbText
 73
1
1001
FLOORFORGE
1000
floor:0
1000
preliminary
  0
TEXT
  5
2AF
330
17
100
AcDbEntity
  8
A-ANNO
100
AcDbText
 10
2349.0
 20
1134.5
 30
0.0
 40
170.0
  1
KITCHEN PANTRY
 72
1
 11
2349.0
 21
1134.5
 31
0.0
100
AcDbText
 73
1
1001
FLOORFORGE
1000
floor:0
1000
preliminary
  0
TEXT
  5
2B0
330
17
100
AcDbEntity
  8
A-ANNO
100
AcDbText
 10
2349.0
 20
899.5
 30
0.0
 40
130.0
  1
1.35 x 1.85
 72
1
 11
2349.0
 21
899.5
 31
0.0
100
AcDbText
 73
1
1001
FLOORFORGE
1000
floor:0
1000
preliminary
  0
TEXT
  5
2B1
330
17
100
AcDbEntity
  8
A-ANNO
100
AcDbText
 10
2349.0
 20
717.5
 30
0.0
 40
130.0
  1
2.5 m2
 72
1
 11
2349.0
 21
717.5
 31
0.0
100
AcDbText
 73
1
1001
FLOORFORGE
1000
floor:0
1000
preliminary
  0
TEXT
  5
2B2
330
17
100
AcDbEntity
  8
A-ANNO
100
AcDbText
 10
8809.5390625
 20
6429.0546875
 30
0.0
 40
220.0
  1
LIVING AND DINING HALL
 72
1
 11
8809.5390625
 21
6429.0546875
 31
0.0
100
AcDbText
 73
1
1001
FLOORFORGE
1000
floor:0
1000
preliminary
  0
TEXT
  5
2B3
330
17
100
AcDbEntity
  8
A-ANNO
100
AcDbText
 10
8809.5390625
 20
6149.5546875
 30
0.0
 40
150.0
  1
5.07 x 4.10*
 72
1
 11
8809.5390625
 21
6149.5546875
 31
0.0
100
AcDbText
 73
1
1001
FLOORFORGE
1000
floor:0
1000
preliminary
  0
TEXT
  5
2B4
330
17
100
AcDbEntity
  8
A-ANNO
100
AcDbText
 10
8809.5390625
 20
5939.5546875
 30
0.0
 40
150.0
  1
27.6 m2
 72
1
 11
8809.5390625
 21
5939.5546875
 31
0.0
100
AcDbText
 73
1
1001
FLOORFORGE
1000
floor:0
1000
preliminary
  0
TEXT
  5
2B5
330
17
100
AcDbEntity
  8
A-ANNO
100
AcDbText
 10
8424.0
 20
1034.5
 30
0.0
 40
170.0
  1
OPEN PUJA ALCOVE
 72
1
 11
8424.0
 21
1034.5
 31
0.0
100
AcDbText
 73
1
1001
FLOORFORGE
1000
floor:0
1000
preliminary
  0
TEXT
  5
2B6
330
17
100
AcDbEntity
  8
A-ANNO
100
AcDbText
 10
8424.0
 20
799.5
 30
0.0
 40
130.0
  1
1.80 x 1.65
 72
1
 11
8424.0
 21
799.5
 31
0.0
100
AcDbText
 73
1
1001
FLOORFORGE
1000
floor:0
1000
preliminary
  0
TEXT
  5
2B7
330
17
100
AcDbEntity
  8
A-ANNO
100
AcDbText
 10
8424.0
 20
617.5
 30
0.0
 40
130.0
  1
3.0 m2
 72
1
 11
8424.0
 21
617.5
 31
0.0
100
AcDbText
 73
1
1001
FLOORFORGE
1000
floor:0
1000
preliminary
  0
TEXT
  5
2B8
330
17
100
AcDbEntity
  8
A-ANNO
100
AcDbText
 10
2312.0
 20
5627.0
 30
0.0
 40
220.0
  1
OPEN STAIRCASE · SOUTH
 72
1
 11
2312.0
 21
5627.0
 31
0.0
100
AcDbText
 73
1
1001
FLOORFORGE
1000
floor:0
1000
preliminary
  0
TEXT
  5
2B9
330
17
100
AcDbEntity
  8
A-ANNO
100
AcDbText
 10
14794.0
 20
7177.0
 30
0.0
 40
220.0
  1
CARE VERANDA · NORTH
 72
1
 11
14794.0
 21
7177.0
 31
0.0
100
AcDbText
 73
1
1001
FLOORFORGE
1000
floor:0
1000
preliminary
  0
TEXT
  5
2BA
330
17
100
AcDbEntity
  8
A-ANNO
100
AcDbText
 10
14794.0
 20
6897.5
 30
0.0
 40
150.0
  1
6.69 x 2.60
 72
1
 11
14794.0
 21
6897.5
 31
0.0
100
AcDbText
 73
1
1001
FLOORFORGE
1000
floor:0
1000
preliminary
  0
TEXT
  5
2BB
330
17
100
AcDbEntity
  8
A-ANNO
100
AcDbText
 10
14794.0
 20
6687.5
 30
0.0
 40
150.0
  1
17.4 m2
 72
1
 11
14794.0
 21
6687.5
 31
0.0
100
AcDbText
 73
1
1001
FLOORFORGE
1000
floor:0
1000
preliminary
  0
TEXT
  5
2BC
330
17
100
AcDbEntity
  8
A-ANNO
100
AcDbText
 10
2349.0
 20
2859.5
 30
0.0
 40
170.0
  1
OPEN WASH AREA
 72
1
 11
2349.0
 21
2859.5
 31
0.0
100
AcDbText
 73
1
1001
FLOORFORGE
1000
floor:0
1000
preliminary
  0
TEXT
  5
2BD
330
17
100
AcDbEntity
  8
A-ANNO
100
AcDbText
 10
2349.0
 20
2624.5
 30
0.0
 40
130.0
  1
1.35 x 1.30
 72
1
 11
2349.0
 21
2624.5
 31
0.0
100
AcDbText
 73
1
1001
FLOORFORGE
1000
floor:0
1000
preliminary
  0
TEXT
  5
2BE
330
17
100
AcDbEntity
  8
A-ANNO
100
AcDbText
 10
2349.0
 20
2442.5
 30
0.0
 40
130.0
  1
1.8 m2
 72
1
 11
2349.0
 21
2442.5
 31
0.0
100
AcDbText
 73
1
1001
FLOORFORGE
1000
floor:0
1000
preliminary
  0
DIMENSION
  5
2BF
330
17
100
AcDbEntity
  8
A-DIMS
100
AcDbDimension
280
0
  2
*D1
  3
FF-ARCH
 10
0.0
 20
-2038.0
 30
0.0
 11
2037.0
 21
-1888.0
 31
0.0
 70
32
 71
5
  1
<>
100
AcDbAlignedDimension
 13
0.0
 23
0.0
 33
0.0
 14
4074.0
 24
0.0
 34
0.0
 50
0.0
100
AcDbRotatedDimension
1001
FLOORFORGE
1000
floor:0
1000
preliminary
  0
DIMENSION
  5
2D2
330
17
100
AcDbEntity
  8
A-DIMS
100
AcDbDimension
280
0
  2
*D2
  3
FF-ARCH
 10
4074.0
 20
-2038.0
 30
0.0
 11
5374.0
 21
-1888.0
 31
0.0
 70
32
 71
5
  1
<>
100
AcDbAlignedDimension
 13
4074.0
 23
0.0
 33
0.0
 14
6674.0
 24
0.0
 34
0.0
 50
0.0
100
AcDbRotatedDimension
1001
FLOORFORGE
1000
floor:0
1000
preliminary
  0
DIMENSION
  5
2E1
330
17
100
AcDbEntity
  8
A-DIMS
100
AcDbDimension
280
0
  2
*D3
  3
FF-ARCH
 10
6674.0
 20
-2038.0
 30
0.0
 11
7174.0
 21
-1888.0
 31
0.0
 70
32
 71
5
  1
<>
100
AcDbAlignedDimension
 13
6674.0
 23
0.0
 33
0.0
 14
7674.0
 24
0.0
 34
0.0
 50
0.0
100
AcDbRotatedDimension
1001
FLOORFORGE
1000
floor:0
1000
preliminary
  0
DIMENSION
  5
2F0
330
17
100
AcDbEntity
  8
A-DIMS
100
AcDbDimension
280
0
  2
*D4
  3
FF-ARCH
 10
7674.0
 20
-2038.0
 30
0.0
 11
8424.0
 21
-1888.0
 31
0.0
 70
32
 71
5
  1
<>
100
AcDbAlignedDimension
 13
7674.0
 23
0.0
 33
0.0
 14
9174.0
 24
0.0
 34
0.0
 50
0.0
100
AcDbRotatedDimension
1001
FLOORFORGE
1000
floor:0
1000
preliminary
  0
DIMENSION
  5
2FF
330
17
100
AcDbEntity
  8
A-DIMS
100
AcDbDimension
280
0
  2
*D5
  3
FF-ARCH
 10
9174.0
 20
-2038.0
 30
0.0
 11
9449.0
 21
-1888.0
 31
0.0
 70
32
 71
5
  1
<>
100
AcDbAlignedDimension
 13
9174.0
 23
0.0
 33
0.0
 14
9724.0
 24
0.0
 34
0.0
 50
0.0
100
AcDbRotatedDimension
1001
FLOORFORGE
1000
floor:0
1000
preliminary
  0
DIMENSION
  5
30E
330
17
100
AcDbEntity
  8
A-DIMS
100
AcDbDimension
280
0
  2
*D6
  3
FF-ARCH
 10
9724.0
 20
-2038.0
 30
0.0
 11
10224.0
 21
-1888.0
 31
0.0
 70
32
 71
5
  1
<>
100
AcDbAlignedDimension
 13
9724.0
 23
0.0
 33
0.0
 14
10724.0
 24
0.0
 34
0.0
 50
0.0
100
AcDbRotatedDimension
1001
FLOORFORGE
1000
floor:0
1000
preliminary
  0
DIMENSION
  5
31D
330
17
100
AcDbEntity
  8
A-DIMS
100
AcDbDimension
280
0
  2
*D7
  3
FF-ARCH
 10
10724.0
 20
-2038.0
 30
0.0
 11
10924.0
 21
-1768.0
 31
0.0
 70
32
 71
5
  1
<>
100
AcDbAlignedDimension
 13
10724.0
 23
0.0
 33
0.0
 14
11124.0
 24
0.0
 34
0.0
 50
0.0
100
AcDbRotatedDimension
1001
FLOORFORGE
1000
floor:0
1000
preliminary
  0
DIMENSION
  5
32C
330
17
100
AcDbEntity
  8
A-DIMS
100
AcDbDimension
280
0
  2
*D8
  3
FF-ARCH
 10
11124.0
 20
-2038.0
 30
0.0
 11
11824.0
 21
-1888.0
 31
0.0
 70
32
 71
5
  1
<>
100
AcDbAlignedDimension
 13
11124.0
 23
0.0
 33
0.0
 14
12524.0
 24
0.0
 34
0.0
 50
0.0
100
AcDbRotatedDimension
1001
FLOORFORGE
1000
floor:0
1000
preliminary
  0
DIMENSION
  5
33B
330
17
100
AcDbEntity
  8
A-DIMS
100
AcDbDimension
280
0
  2
*D9
  3
FF-ARCH
 10
12524.0
 20
-2038.0
 30
0.0
 11
12649.0
 21
-1768.0
 31
0.0
 70
32
 71
5
  1
<>
100
AcDbAlignedDimension
 13
12524.0
 23
0.0
 33
0.0
 14
12774.0
 24
0.0
 34
0.0
 50
0.0
100
AcDbRotatedDimension
1001
FLOORFORGE
1000
floor:0
1000
preliminary
  0
DIMENSION
  5
34A
330
17
100
AcDbEntity
  8
A-DIMS
100
AcDbDimension
280
0
  2
*D10
  3
FF-ARCH
 10
12774.0
 20
-2038.0
 30
0.0
 11
13374.0
 21
-1888.0
 31
0.0
 70
32
 71
5
  1
<>
100
AcDbAlignedDimension
 13
12774.0
 23
0.0
 33
0.0
 14
13974.0
 24
0.0
 34
0.0
 50
0.0
100
AcDbRotatedDimension
1001
FLOORFORGE
1000
floor:0
1000
preliminary
  0
DIMENSION
  5
359
330
17
100
AcDbEntity
  8
A-DIMS
100
AcDbDimension
280
0
  2
*D11
  3
FF-ARCH
 10
13974.0
 20
-2038.0
 30
0.0
 11
16056.0
 21
-1888.0
 31
0.0
 70
32
 71
5
  1
<>
100
AcDbAlignedDimension
 13
13974.0
 23
0.0
 33
0.0
 14
18138.0
 24
0.0
 34
0.0
 50
0.0
100
AcDbRotatedDimension
1001
FLOORFORGE
1000
floor:0
1000
preliminary
  0
DIMENSION
  5
368
330
17
100
AcDbEntity
  8
A-DIMS
100
AcDbDimension
280
0
  2
*D12
  3
FF-ARCH
 10
0.0
 20
-2488.0
 30
0.0
 11
9069.0
 21
-2338.0
 31
0.0
 70
32
 71
5
  1
<>
100
AcDbAlignedDimension
 13
0.0
 23
0.0
 33
0.0
 14
18138.0
 24
0.0
 34
0.0
 50
0.0
100
AcDbRotatedDimension
1001
FLOORFORGE
1000
floor:0
1000
preliminary
  0
DIMENSION
  5
377
330
17
100
AcDbEntity
  8
A-DIMS
100
AcDbDimension
280
0
  2
*D13
  3
FF-ARCH
 10
0.0
 20
14876.0
 30
0.0
 11
3225.0
 21
15026.0
 31
0.0
 70
32
 71
5
  1
<>
100
AcDbAlignedDimension
 13
0.0
 23
14326.0
 33
0.0
 14
6450.0
 24
14326.0
 34
0.0
 50
0.0
100
AcDbRotatedDimension
1001
FLOORFORGE
1000
floor:0
1000
preliminary
  0
DIMENSION
  5
386
330
17
100
AcDbEntity
  8
A-DIMS
100
AcDbDimension
280
0
  2
*D14
  3
FF-ARCH
 10
6450.0
 20
14876.0
 30
0.0
 11
7150.0
 21
15026.0
 31
0.0
 70
32
 71
5
  1
<>
100
AcDbAlignedDimension
 13
6450.0
 23
14326.0
 33
0.0
 14
7850.0
 24
14326.0
 34
0.0
 50
0.0
100
AcDbRotatedDimension
1001
FLOORFORGE
1000
floor:0
1000
preliminary
  0
DIMENSION
  5
395
330
17
100
AcDbEntity
  8
A-DIMS
100
AcDbDimension
280
0
  2
*D15
  3
FF-ARCH
 10
7850.0
 20
14876.0
 30
0.0
 11
12994.0
 21
15026.0
 31
0.0
 70
32
 71
5
  1
<>
100
AcDbAlignedDimension
 13
7850.0
 23
14326.0
 33
0.0
 14
18138.0
 24
14326.0
 34
0.0
 50
0.0
100
AcDbRotatedDimension
1001
FLOORFORGE
1000
floor:0
1000
preliminary
  0
DIMENSION
  5
3A4
330
17
100
AcDbEntity
  8
A-DIMS
100
AcDbDimension
280
0
  2
*D16
  3
FF-ARCH
 10
0.0
 20
15326.0
 30
0.0
 11
9069.0
 21
15476.0
 31
0.0
 70
32
 71
5
  1
<>
100
AcDbAlignedDimension
 13
0.0
 23
14326.0
 33
0.0
 14
18138.0
 24
14326.0
 34
0.0
 50
0.0
100
AcDbRotatedDimension
1001
FLOORFORGE
1000
floor:0
1000
preliminary
  0
DIMENSION
  5
3B3
330
17
100
AcDbEntity
  8
A-DIMS
100
AcDbDimension
280
0
  2
*D17
  3
FF-ARCH
 10
-550.0
 20
0.0
 30
0.0
 11
-700.0
 21
7163.0
 31
0.0
 70
32
 71
5
  1
<>
100
AcDbAlignedDimension
 13
0.0
 23
0.0
 33
0.0
 14
0.0
 24
14326.0
 34
0.0
 50
90.0
100
AcDbRotatedDimension
1001
FLOORFORGE
1000
floor:0
1000
preliminary
  0
DIMENSION
  5
3C2
330
17
100
AcDbEntity
  8
A-DIMS
100
AcDbDimension
280
0
  2
*D18
  3
FF-ARCH
 10
18688.0
 20
0.0
 30
0.0
 11
18538.0
 21
7163.0
 31
0.0
 70
32
 71
5
  1
<>
100
AcDbAlignedDimension
 13
18138.0
 23
0.0
 33
0.0
 14
18138.0
 24
14326.0
 34
0.0
 50
90.0
100
AcDbRotatedDimension
1001
FLOORFORGE
1000
floor:0
1000
preliminary
  0
LINE
  5
3D1
330
17
100
AcDbEntity
  8
A-GRID
100
AcDbLine
 10
75.0
 20
-1688.0
 30
0.0
 11
75.0
 21
16126.0
 31
0.0
1001
FLOORFORGE
1000
floor:0
1000
preliminary
  0
CIRCLE
  5
3D2
330
17
100
AcDbEntity
  8
A-GRID
100
AcDbCircle
 10
75.0
 20
16426.0
 30
0.0
 40
300.0
1001
FLOORFORGE
1000
floor:0
1000
preliminary
  0
TEXT
  5
3D3
330
17
100
AcDbEntity
  8
A-GRID
100
AcDbText
 10
75.0
 20
16336.0
 30
0.0
 40
220.0
  1
A
 72
1
 11
75.0
 21
16336.0
 31
0.0
100
AcDbText
 73
1
1001
FLOORFORGE
1000
floor:0
1000
preliminary
  0
LINE
  5
3D4
330
17
100
AcDbEntity
  8
A-GRID
100
AcDbLine
 10
8425.0
 20
-1688.0
 30
0.0
 11
8425.0
 21
16126.0
 31
0.0
1001
FLOORFORGE
1000
floor:0
1000
preliminary
  0
CIRCLE
  5
3D5
330
17
100
AcDbEntity
  8
A-GRID
100
AcDbCircle
 10
8425.0
 20
16426.0
 30
0.0
 40
300.0
1001
FLOORFORGE
1000
floor:0
1000
preliminary
  0
TEXT
  5
3D6
330
17
100
AcDbEntity
  8
A-GRID
100
AcDbText
 10
8425.0
 20
16336.0
 30
0.0
 40
220.0
  1
B
 72
1
 11
8425.0
 21
16336.0
 31
0.0
100
AcDbText
 73
1
1001
FLOORFORGE
1000
floor:0
1000
preliminary
  0
LINE
  5
3D7
330
17
100
AcDbEntity
  8
A-GRID
100
AcDbLine
 10
15165.0
 20
-1688.0
 30
0.0
 11
15165.0
 21
16126.0
 31
0.0
1001
FLOORFORGE
1000
floor:0
1000
preliminary
  0
CIRCLE
  5
3D8
330
17
100
AcDbEntity
  8
A-GRID
100
AcDbCircle
 10
15165.0
 20
16426.0
 30
0.0
 40
300.0
1001
FLOORFORGE
1000
floor:0
1000
preliminary
  0
TEXT
  5
3D9
330
17
100
AcDbEntity
  8
A-GRID
100
AcDbText
 10
15165.0
 20
16336.0
 30
0.0
 40
220.0
  1
C
 72
1
 11
15165.0
 21
16336.0
 31
0.0
100
AcDbText
 73
1
1001
FLOORFORGE
1000
floor:0
1000
preliminary
  0
LINE
  5
3DA
330
17
100
AcDbEntity
  8
A-GRID
100
AcDbLine
 10
-1800.0
 20
75.0
 30
0.0
 11
18338.0
 21
75.0
 31
0.0
1001
FLOORFORGE
1000
floor:0
1000
preliminary
  0
CIRCLE
  5
3DB
330
17
100
AcDbEntity
  8
A-GRID
100
AcDbCircle
 10
-2100.0
 20
75.0
 30
0.0
 40
300.0
1001
FLOORFORGE
1000
floor:0
1000
preliminary
  0
TEXT
  5
3DC
330
17
100
AcDbEntity
  8
A-GRID
100
AcDbText
 10
-2100.0
 20
-15.0
 30
0.0
 40
220.0
  1
1
 72
1
 11
-2100.0
 21
-15.0
 31
0.0
100
AcDbText
 73
1
1001
FLOORFORGE
1000
floor:0
1000
preliminary
  0
LINE
  5
3DD
330
17
100
AcDbEntity
  8
A-GRID
100
AcDbLine
 10
-1800.0
 20
3525.0
 30
0.0
 11
18338.0
 21
3525.0
 31
0.0
1001
FLOORFORGE
1000
floor:0
1000
preliminary
  0
CIRCLE
  5
3DE
330
17
100
AcDbEntity
  8
A-GRID
100
AcDbCircle
 10
-2100.0
 20
3525.0
 30
0.0
 40
300.0
1001
FLOORFORGE
1000
floor:0
1000
preliminary
  0
TEXT
  5
3DF
330
17
100
AcDbEntity
  8
A-GRID
100
AcDbText
 10
-2100.0
 20
3435.0
 30
0.0
 40
220.0
  1
2
 72
1
 11
-2100.0
 21
3435.0
 31
0.0
100
AcDbText
 73
1
1001
FLOORFORGE
1000
floor:0
1000
preliminary
  0
LINE
  5
3E0
330
17
100
AcDbEntity
  8
A-GRID
100
AcDbLine
 10
-1800.0
 20
8475.0
 30
0.0
 11
18338.0
 21
8475.0
 31
0.0
1001
FLOORFORGE
1000
floor:0
1000
preliminary
  0
CIRCLE
  5
3E1
330
17
100
AcDbEntity
  8
A-GRID
100
AcDbCircle
 10
-2100.0
 20
8475.0
 30
0.0
 40
300.0
1001
FLOORFORGE
1000
floor:0
1000
preliminary
  0
TEXT
  5
3E2
330
17
100
AcDbEntity
  8
A-GRID
100
AcDbText
 10
-2100.0
 20
8385.0
 30
0.0
 40
220.0
  1
3
 72
1
 11
-2100.0
 21
8385.0
 31
0.0
100
AcDbText
 73
1
1001
FLOORFORGE
1000
floor:0
1000
preliminary
  0
LWPOLYLINE
  5
3E3
330
17
100
AcDbEntity
  8
A-LEVL
100
AcDbPolyline
 90
3
 70
1
 10
13580.0
 20
2190.0
 10
13800.0
 20
2190.0
 10
13690.0
 20
2000.0
1001
FLOORFORGE
1000
floor:0
1000
preliminary
  0
HATCH
  5
3E4
330
17
100
AcDbEntity
  8
A-LEVL
 62
7
100
AcDbHatch
 10
0.0
 20
0.0
 30
0.0
210
0.0
220
0.0
230
1.0
  2
SOLID
 70
1
 71
0
 91
1
 92
3
 72
0
 73
1
 93
3
 10
13580.0
 20
2190.0
 10
13800.0
 20
2190.0
 10
13690.0
 20
2000.0
 97
0
 75
0
 76
1
 98
0
  0
LINE
  5
3E5
330
17
100
AcDbEntity
  8
A-LEVL
100
AcDbLine
 10
13310.0
 20
2000.0
 30
0.0
 11
14070.0
 21
2000.0
 31
0.0
1001
FLOORFORGE
1000
floor:0
1000
preliminary
  0
TEXT
  5
3E6
330
17
100
AcDbEntity
  8
A-LEVL
100
AcDbText
 10
13860.0
 20
2060.0
 30
0.0
 40
160.0
  1
FFL +0.450
 11
13860.0
 21
2060.0
 31
0.0
100
AcDbText
1001
FLOORFORGE
1000
floor:0
1000
preliminary
  0
LINE
  5
3E7
330
17
100
AcDbEntity
  8
A-SECT
100
AcDbLine
 10
700.0
 20
-1588.0
 30
0.0
 11
700.0
 21
-3058.0
 31
0.0
1001
FLOORFORGE
1000
floor:0
1000
preliminary
  0
LINE
  5
3E8
330
17
100
AcDbEntity
  8
A-SECT
100
AcDbLine
 10
700.0
 20
-3058.0
 30
0.0
 11
700.0
 21
-3358.0
 31
0.0
1001
FLOORFORGE
1000
floor:0
1000
preliminary
  0
CIRCLE
  5
3E9
330
17
100
AcDbEntity
  8
A-SECT
100
AcDbCircle
 10
700.0
 20
-3638.0
 30
0.0
 40
280.0
1001
FLOORFORGE
1000
floor:0
1000
preliminary
  0
TEXT
  5
3EA
330
17
100
AcDbEntity
  8
A-SECT
100
AcDbText
 10
700.0
 20
-3723.0
 30
0.0
 40
220.0
  1
A
 72
1
 11
700.0
 21
-3723.0
 31
0.0
100
AcDbText
 73
1
1001
FLOORFORGE
1000
floor:0
1000
preliminary
  0
LWPOLYLINE
  5
3EB
330
17
100
AcDbEntity
  8
A-SECT
100
AcDbPolyline
 90
3
 70
1
 10
420.0
 20
-3758.0
 10
80.0
 20
-3638.0
 10
420.0
 20
-3518.0
1001
FLOORFORGE
1000
floor:0
1000
preliminary
  0
HATCH
  5
3EC
330
17
100
AcDbEntity
  8
A-SECT
 62
7
100
AcDbHatch
 10
0.0
 20
0.0
 30
0.0
210
0.0
220
0.0
230
1.0
  2
SOLID
 70
1
 71
0
 91
1
 92
3
 72
0
 73
1
 93
3
 10
420.0
 20
-3758.0
 10
80.0
 20
-3638.0
 10
420.0
 20
-3518.0
 97
0
 75
0
 76
1
 98
0
  0
LINE
  5
3ED
330
17
100
AcDbEntity
  8
A-SECT
100
AcDbLine
 10
700.0
 20
14426.0
 30
0.0
 11
700.0
 21
16496.0
 31
0.0
1001
FLOORFORGE
1000
floor:0
1000
preliminary
  0
LINE
  5
3EE
330
17
100
AcDbEntity
  8
A-SECT
100
AcDbLine
 10
700.0
 20
16496.0
 30
0.0
 11
700.0
 21
16796.0
 31
0.0
1001
FLOORFORGE
1000
floor:0
1000
preliminary
  0
CIRCLE
  5
3EF
330
17
100
AcDbEntity
  8
A-SECT
100
AcDbCircle
 10
700.0
 20
17076.0
 30
0.0
 40
280.0
1001
FLOORFORGE
1000
floor:0
1000
preliminary
  0
TEXT
  5
3F0
330
17
100
AcDbEntity
  8
A-SECT
100
AcDbText
 10
700.0
 20
16991.0
 30
0.0
 40
220.0
  1
A
 72
1
 11
700.0
 21
16991.0
 31
0.0
100
AcDbText
 73
1
1001
FLOORFORGE
1000
floor:0
1000
preliminary
  0
LWPOLYLINE
  5
3F1
330
17
100
AcDbEntity
  8
A-SECT
100
AcDbPolyline
 90
3
 70
1
 10
420.0
 20
17196.0
 10
80.0
 20
17076.0
 10
420.0
 20
16956.0
1001
FLOORFORGE
1000
floor:0
1000
preliminary
  0
HATCH
  5
3F2
330
17
100
AcDbEntity
  8
A-SECT
 62
7
100
AcDbHatch
 10
0.0
 20
0.0
 30
0.0
210
0.0
220
0.0
230
1.0
  2
SOLID
 70
1
 71
0
 91
1
 92
3
 72
0
 73
1
 93
3
 10
420.0
 20
17196.0
 10
80.0
 20
17076.0
 10
420.0
 20
16956.0
 97
0
 75
0
 76
1
 98
0
  0
CIRCLE
  5
3F3
330
17
100
AcDbEntity
  8
A-ANNO
100
AcDbCircle
 10
-3600.0
 20
15726.0
 30
0.0
 40
550.0
1001
FLOORFORGE
1000
floor:0
1000
preliminary
  0
LWPOLYLINE
  5
3F4
330
17
100
AcDbEntity
  8
A-WALL
100
AcDbPolyline
 90
3
 70
1
 10
-3094.0
 20
15726.0
 10
-3902.5
 20
15880.0
 10
-3710.0
 20
15726.0
1001
FLOORFORGE
1000
floor:0
1000
preliminary
  0
HATCH
  5
3F5
330
17
100
AcDbEntity
  8
A-WALL
 62
7
100
AcDbHatch
 10
0.0
 20
0.0
 30
0.0
210
0.0
220
0.0
230
1.0
  2
SOLID
 70
1
 71
0
 91
1
 92
3
 72
0
 73
1
 93
3
 10
-3094.0
 20
15726.0
 10
-3902.5
 20
15880.0
 10
-3710.0
 20
15726.0
 97
0
 75
0
 76
1
 98
0
  0
LWPOLYLINE
  5
3F6
330
17
100
AcDbEntity
  8
A-WALL
100
AcDbPolyline
 90
3
 70
1
 10
-3094.0
 20
15726.0
 10
-3902.5
 20
15572.0
 10
-3710.0
 20
15726.0
1001
FLOORFORGE
1000
floor:0
1000
preliminary
  0
TEXT
  5
3F7
330
17
100
AcDbEntity
  8
A-ANNO
100
AcDbText
 10
-2790.0
 20
15636.0
 30
0.0
 40
260.0
  1
N
 72
1
 11
-2790.0
 21
15636.0
 31
0.0
100
AcDbText
 73
1
1001
FLOORFORGE
1000
floor:0
1000
preliminary
  0
TEXT
  5
3F8
330
17
100
AcDbEntity
  8
A-ANNO
100
AcDbText
 10
0.0
 20
-5200.0
 30
0.0
 40
190.0
  1
PRELIMINARY - ENGINEER TO REVIEW - NOT FOR CONSTRUCTION
 11
0.0
 21
-5200.0
 31
0.0
100
AcDbText
  0
TEXT
  5
3F9
330
17
100
AcDbEntity
  8
A-ANNO
100
AcDbText
 10
0.0
 20
19126.0
 30
0.0
 40
210.0
  1
FLOOR 0 / TRUE MILLIMETRES / NO STRUCTURAL CERTIFICATION
 11
0.0
 21
19126.0
 31
0.0
100
AcDbText
  0
LWPOLYLINE
  5
401
330
17
100
AcDbEntity
  8
A-FLOR
100
AcDbPolyline
 90
4
 70
1
 10
37888.0
 20
9700.0
 10
39088.0
 20
9700.0
 10
39088.0
 20
12502.0
 10
37888.0
 20
12502.0
1001
FLOORFORGE
1000
floor:1
1000
preliminary
  0
LWPOLYLINE
  5
402
330
17
100
AcDbEntity
  8
A-FLOR
100
AcDbPolyline
 90
4
 70
1
 10
39238.0
 20
8550.0
 10
45426.0
 20
8550.0
 10
45426.0
 20
12502.0
 10
39238.0
 20
12502.0
1001
FLOORFORGE
1000
floor:1
1000
preliminary
  0
LWPOLYLINE
  5
403
330
17
100
AcDbEntity
  8
A-FLOR
100
AcDbPolyline
 90
4
 70
1
 10
30288.0
 20
8550.0
 10
35738.0
 20
8550.0
 10
35738.0
 20
11550.0
 10
30288.0
 20
11550.0
1001
FLOORFORGE
1000
floor:1
1000
preliminary
  0
LWPOLYLINE
  5
404
330
17
100
AcDbEntity
  8
A-FLOR
100
AcDbPolyline
 90
6
 70
1
 10
30138.0
 20
11700.0
 10
35738.0
 20
11700.0
 10
35738.0
 20
11800.0
 10
36088.0
 20
11800.0
 10
36088.0
 20
14326.0
 10
30138.0
 20
14326.0
1001
FLOORFORGE
1000
floor:1
1000
preliminary
  0
LWPOLYLINE
  5
405
330
17
100
AcDbEntity
  8
A-FLOR
100
AcDbPolyline
 90
4
 70
1
 10
45426.0
 20
7400.0
 10
47076.0
 20
7400.0
 10
47076.0
 20
8400.0
 10
45426.0
 20
8400.0
1001
FLOORFORGE
1000
floor:1
1000
preliminary
  0
LWPOLYLINE
  5
406
330
17
100
AcDbEntity
  8
A-FLOR
100
AcDbPolyline
 90
8
 70
1
 10
36638.0
 20
5450.0
 10
40962.0
 20
5450.0
 10
40962.0
 20
5800.0
 10
41438.0
 20
5800.0
 10
41438.0
 20
8250.0
 10
39088.0
 20
8250.0
 10
39088.0
 20
7200.0
 10
36638.0
 20
7200.0
1001
FLOORFORGE
1000
floor:1
1000
preliminary
  0
LWPOLYLINE
  5
407
330
17
100
AcDbEntity
  8
A-FLOR
100
AcDbPolyline
 90
4
 70
1
 10
38462.0
 20
1950.0
 10
40962.0
 20
1950.0
 10
40962.0
 20
4150.0
 10
38462.0
 20
4150.0
1001
FLOORFORGE
1000
floor:1
1000
preliminary
  0
LWPOLYLINE
  5
408
330
17
100
AcDbEntity
  8
A-FLOR
100
AcDbPolyline
 90
12
 70
1
 10
34762.0
 20
4300.0
 10
40962.0
 20
4300.0
 10
40962.0
 20
5300.0
 10
36488.0
 20
5300.0
 10
36488.0
 20
7350.0
 10
38938.0
 20
7350.0
 10
38938.0
 20
8400.0
 10
39088.0
 20
8400.0
 10
39088.0
 20
9550.0
 10
37888.0
 20
9550.0
 10
37888.0
 20
8400.0
 10
34762.0
 20
8400.0
1001
FLOORFORGE
1000
floor:1
1000
preliminary
  0
LWPOLYLINE
  5
409
330
17
100
AcDbEntity
  8
A-FLOR
100
AcDbPolyline
 90
4
 70
1
 10
34762.0
 20
1950.0
 10
38312.0
 20
1950.0
 10
38312.0
 20
4150.0
 10
34762.0
 20
4150.0
1001
FLOORFORGE
1000
floor:1
1000
preliminary
  0
LWPOLYLINE
  5
40A
330
17
100
AcDbEntity
  8
A-FLOR
100
AcDbPolyline
 90
4
 70
1
 10
30288.0
 20
3600.0
 10
34612.0
 20
3600.0
 10
34612.0
 20
8400.0
 10
30288.0
 20
8400.0
1001
FLOORFORGE
1000
floor:1
1000
preliminary
  0
LWPOLYLINE
  5
40B
330
17
100
AcDbEntity
  8
A-FLOR
100
AcDbPolyline
 90
4
 70
1
 10
33312.0
 20
1800.0
 10
34612.0
 20
1800.0
 10
34612.0
 20
3450.0
 10
33312.0
 20
3450.0
1001
FLOORFORGE
1000
floor:1
1000
preliminary
  0
LWPOLYLINE
  5
40C
330
17
100
AcDbEntity
  8
A-FLOR
100
AcDbPolyline
 90
6
 70
1
 10
33312.0
 20
0.0
 10
45228.0
 20
0.0
 10
45228.0
 20
5800.0
 10
41112.0
 20
5800.0
 10
41112.0
 20
1800.0
 10
33312.0
 20
1800.0
1001
FLOORFORGE
1000
floor:1
1000
preliminary
  0
LWPOLYLINE
  5
40D
330
17
100
AcDbEntity
  8
A-FLOR
100
AcDbPolyline
 90
10
 70
1
 10
41588.0
 20
5800.0
 10
48276.0
 20
5800.0
 10
48276.0
 20
14176.0
 10
45576.0
 20
14176.0
 10
45576.0
 20
8400.0
 10
47076.0
 20
8400.0
 10
47076.0
 20
7400.0
 10
45426.0
 20
7400.0
 10
45426.0
 20
8250.0
 10
41588.0
 20
8250.0
1001
FLOORFORGE
1000
floor:1
1000
preliminary
  0
LWPOLYLINE
  5
40E
330
17
100
AcDbEntity
  8
A-FLOR
100
AcDbPolyline
 90
43
 70
1
 10
30213.0
 20
3450.0
 10
30138.0
 20
3450.0
 10
30138.0
 20
3600.0
 10
30138.0
 20
8400.0
 10
30138.0
 20
8475.0
 10
30138.0
 20
8550.0
 10
30138.0
 20
11550.0
 10
30138.0
 20
11625.0
 10
30138.0
 20
11700.0
 10
30138.0
 20
14326.0
 10
36088.0
 20
14326.0
 10
36088.0
 20
11800.0
 10
35738.0
 20
11800.0
 10
35738.0
 20
11700.0
 10
35813.0
 20
11700.0
 10
35888.0
 20
11700.0
 10
35888.0
 20
11550.0
 10
35888.0
 20
8550.0
 10
37738.0
 20
8550.0
 10
37738.0
 20
9550.0
 10
37738.0
 20
9625.0
 10
37738.0
 20
9700.0
 10
37738.0
 20
12502.0
 10
37738.0
 20
12577.0
 10
37738.0
 20
12652.0
 10
37888.0
 20
12652.0
 10
39088.0
 20
12652.0
 10
39163.0
 20
12652.0
 10
39238.0
 20
12652.0
 10
45426.0
 20
12652.0
 10
45501.0
 20
12652.0
 10
45576.0
 20
12652.0
 10
45576.0
 20
14176.0
 10
48276.0
 20
14176.0
 10
48276.0
 20
5800.0
 10
45228.0
 20
5800.0
 10
45228.0
 20
0.0
 10
33312.0
 20
0.0
 10
33312.0
 20
1800.0
 10
33312.0
 20
3450.0
 10
33237.0
 20
3450.0
 10
30288.0
 20
3450.0
 10
30213.0
 20
3450.0
1001
FLOORFORGE
1000
floor:1
1000
preliminary
  0
LWPOLYLINE
  5
40F
330
17
100
AcDbEntity
  8
A-FLOR
100
AcDbPolyline
 90
14
 70
1
 10
39238.0
 20
8400.0
 10
39238.0
 20
8325.0
 10
39238.0
 20
8250.0
 10
39088.0
 20
8250.0
 10
39088.0
 20
7200.0
 10
36638.0
 20
7200.0
 10
36638.0
 20
5450.0
 10
40962.0
 20
5450.0
 10
40962.0
 20
5800.0
 10
41438.0
 20
5800.0
 10
41438.0
 20
8250.0
 10
41438.0
 20
8325.0
 10
41438.0
 20
8400.0
 10
39238.0
 20
8400.0
1001
FLOORFORGE
1000
floor:1
1000
preliminary
  0
LWPOLYLINE
  5
410
330
17
100
AcDbEntity
  8
A-FLOR
100
AcDbPolyline
 90
10
 70
1
 10
45426.0
 20
7400.0
 10
47076.0
 20
7400.0
 10
47076.0
 20
8400.0
 10
45426.0
 20
8400.0
 10
45351.0
 20
8400.0
 10
41588.0
 20
8400.0
 10
41588.0
 20
8325.0
 10
41588.0
 20
8250.0
 10
45426.0
 20
8250.0
 10
45426.0
 20
7400.0
1001
FLOORFORGE
1000
floor:1
1000
preliminary
  0
LWPOLYLINE
  5
411
330
17
100
AcDbEntity
  8
A-FLOR
100
AcDbPolyline
 90
5
 70
1
 10
30288.0
 20
6000.0
 10
30288.0
 20
3600.0
 10
33450.0
 20
3600.0
 10
33450.0
 20
6000.0
 10
30288.0
 20
6000.0
1001
FLOORFORGE
1000
floor:1
1000
preliminary
  0
LWPOLYLINE
  5
412
330
17
100
AcDbEntity
  8
A-FLOR
100
AcDbPolyline
 90
2
 70
0
 10
33450.0
 20
6000.0
 10
30288.0
 20
6000.0
1001
FLOORFORGE
1000
floor:1
1000
preliminary
  0
LWPOLYLINE
  5
413
330
17
100
AcDbEntity
  8
A-FLOR
100
AcDbPolyline
 90
6
 70
0
 10
35738.0
 20
11700.1
 10
35738.0
 20
11800.0
 10
36088.0
 20
11800.0
 10
36088.0
 20
14326.0
 10
30138.0
 20
14326.0
 10
30138.0
 20
11700.1
1001
FLOORFORGE
1000
floor:1
1000
preliminary
  0
LWPOLYLINE
  5
414
330
17
100
AcDbEntity
  8
A-FLOR
100
AcDbPolyline
 90
2
 70
0
 10
45426.0
 20
8399.9
 10
45426.0
 20
8250.1
1001
FLOORFORGE
1000
floor:1
1000
preliminary
  0
LWPOLYLINE
  5
415
330
17
100
AcDbEntity
  8
A-FLOR
100
AcDbPolyline
 90
2
 70
0
 10
36713.1
 20
5450.0
 10
40886.9
 20
5450.0
1001
FLOORFORGE
1000
floor:1
1000
preliminary
  0
LWPOLYLINE
  5
416
330
17
100
AcDbEntity
  8
A-FLOR
100
AcDbPolyline
 90
2
 70
0
 10
41437.9
 20
8250.0
 10
39238.1
 20
8250.0
1001
FLOORFORGE
1000
floor:1
1000
preliminary
  0
LWPOLYLINE
  5
417
330
17
100
AcDbEntity
  8
A-FLOR
100
AcDbPolyline
 90
3
 70
0
 10
39088.0
 20
8174.9
 10
39088.0
 20
7200.0
 10
36713.1
 20
7200.0
1001
FLOORFORGE
1000
floor:1
1000
preliminary
  0
LWPOLYLINE
  5
418
330
17
100
AcDbEntity
  8
A-FLOR
100
AcDbPolyline
 90
2
 70
0
 10
36638.0
 20
7124.9
 10
36638.0
 20
5525.1
1001
FLOORFORGE
1000
floor:1
1000
preliminary
  0
LWPOLYLINE
  5
419
330
17
100
AcDbEntity
  8
A-FLOR
100
AcDbPolyline
 90
2
 70
0
 10
33312.0
 20
3449.9
 10
33312.0
 20
1800.1
1001
FLOORFORGE
1000
floor:1
1000
preliminary
  0
LWPOLYLINE
  5
41A
330
17
100
AcDbEntity
  8
A-FLOR
100
AcDbPolyline
 90
3
 70
0
 10
33312.0
 20
0.0
 10
45228.0
 20
0.0
 10
45228.0
 20
5799.9
1001
FLOORFORGE
1000
floor:1
1000
preliminary
  0
LWPOLYLINE
  5
41B
330
17
100
AcDbEntity
  8
A-FLOR
100
AcDbPolyline
 90
2
 70
0
 10
33312.0
 20
1799.9
 10
33312.0
 20
0.0
1001
FLOORFORGE
1000
floor:1
1000
preliminary
  0
LWPOLYLINE
  5
41C
330
17
100
AcDbEntity
  8
A-FLOR
100
AcDbPolyline
 90
5
 70
0
 10
45228.1
 20
5800.0
 10
48276.0
 20
5800.0
 10
48276.0
 20
14176.0
 10
45576.0
 20
14176.0
 10
45576.0
 20
12652.1
1001
FLOORFORGE
1000
floor:1
1000
preliminary
  0
LWPOLYLINE
  5
41D
330
17
100
AcDbEntity
  8
A-FLOR
100
AcDbPolyline
 90
6
 70
0
 10
45576.1
 20
8400.0
 10
47076.0
 20
8400.0
 10
47076.0
 20
7400.0
 10
45426.0
 20
7400.0
 10
45426.0
 20
8250.0
 10
41588.1
 20
8250.0
1001
FLOORFORGE
1000
floor:1
1000
preliminary
  0
LWPOLYLINE
  5
41E
330
17
100
AcDbEntity
  8
A-WALL
100
AcDbPolyline
 90
7
 70
1
 10
30138.0
 20
8475.0
 10
30138.0
 20
8550.0
 10
30288.0
 20
8550.0
 10
30288.0
 20
3525.0
 10
30288.0
 20
3450.0
 10
30138.0
 20
3450.0
 10
30138.0
 20
8475.0
1001
FLOORFORGE
1000
floor:1
1000
preliminary
  0
HATCH
  5
41F
330
17
100
AcDbEntity
  8
A-WALL
 62
7
100
AcDbHatch
 10
0.0
 20
0.0
 30
0.0
210
0.0
220
0.0
230
1.0
  2
SOLID
 70
1
 71
0
 91
1
 92
3
 72
0
 73
1
 93
7
 10
30138.0
 20
8475.0
 10
30138.0
 20
8550.0
 10
30288.0
 20
8550.0
 10
30288.0
 20
3525.0
 10
30288.0
 20
3450.0
 10
30138.0
 20
3450.0
 10
30138.0
 20
8475.0
 97
0
 75
0
 76
1
 98
0
  0
LWPOLYLINE
  5
420
330
17
100
AcDbEntity
  8
A-WALL
100
AcDbPolyline
 90
6
 70
1
 10
33387.0
 20
3600.0
 10
33387.0
 20
3450.0
 10
31612.0
 20
3450.0
 10
31612.0
 20
3600.0
 10
33312.0
 20
3600.0
 10
33387.0
 20
3600.0
1001
FLOORFORGE
1000
floor:1
1000
preliminary
  0
HATCH
  5
421
330
17
100
AcDbEntity
  8
A-WALL
 62
7
100
AcDbHatch
 10
0.0
 20
0.0
 30
0.0
210
0.0
220
0.0
230
1.0
  2
SOLID
 70
1
 71
0
 91
1
 92
3
 72
0
 73
1
 93
6
 10
33387.0
 20
3600.0
 10
33387.0
 20
3450.0
 10
31612.0
 20
3450.0
 10
31612.0
 20
3600.0
 10
33312.0
 20
3600.0
 10
33387.0
 20
3600.0
 97
0
 75
0
 76
1
 98
0
  0
LWPOLYLINE
  5
422
330
17
100
AcDbEntity
  8
A-WALL
100
AcDbPolyline
 90
6
 70
1
 10
30213.0
 20
3450.0
 10
30138.0
 20
3450.0
 10
30138.0
 20
3600.0
 10
30338.0
 20
3600.0
 10
30338.0
 20
3450.0
 10
30213.0
 20
3450.0
1001
FLOORFORGE
1000
floor:1
1000
preliminary
  0
HATCH
  5
423
330
17
100
AcDbEntity
  8
A-WALL
 62
7
100
AcDbHatch
 10
0.0
 20
0.0
 30
0.0
210
0.0
220
0.0
230
1.0
  2
SOLID
 70
1
 71
0
 91
1
 92
3
 72
0
 73
1
 93
6
 10
30213.0
 20
3450.0
 10
30138.0
 20
3450.0
 10
30138.0
 20
3600.0
 10
30338.0
 20
3600.0
 10
30338.0
 20
3450.0
 10
30213.0
 20
3450.0
 97
0
 75
0
 76
1
 98
0
  0
LWPOLYLINE
  5
424
330
17
100
AcDbEntity
  8
A-WALL
100
AcDbPolyline
 90
7
 70
1
 10
34612.0
 20
3600.0
 10
34687.0
 20
3600.0
 10
34687.0
 20
3450.0
 10
33312.0
 20
3450.0
 10
33237.0
 20
3450.0
 10
33237.0
 20
3600.0
 10
34612.0
 20
3600.0
1001
FLOORFORGE
1000
floor:1
1000
preliminary
  0
HATCH
  5
425
330
17
100
AcDbEntity
  8
A-WALL
 62
7
100
AcDbHatch
 10
0.0
 20
0.0
 30
0.0
210
0.0
220
0.0
230
1.0
  2
SOLID
 70
1
 71
0
 91
1
 92
3
 72
0
 73
1
 93
7
 10
34612.0
 20
3600.0
 10
34687.0
 20
3600.0
 10
34687.0
 20
3450.0
 10
33312.0
 20
3450.0
 10
33237.0
 20
3450.0
 10
33237.0
 20
3600.0
 10
34612.0
 20
3600.0
 97
0
 75
0
 76
1
 98
0
  0
LWPOLYLINE
  5
426
330
17
100
AcDbEntity
  8
A-WALL
100
AcDbPolyline
 90
7
 70
1
 10
34687.0
 20
3600.0
 10
34762.0
 20
3600.0
 10
34762.0
 20
3450.0
 10
34612.0
 20
3450.0
 10
34537.0
 20
3450.0
 10
34537.0
 20
3600.0
 10
34687.0
 20
3600.0
1001
FLOORFORGE
1000
floor:1
1000
preliminary
  0
HATCH
  5
427
330
17
100
AcDbEntity
  8
A-WALL
 62
7
100
AcDbHatch
 10
0.0
 20
0.0
 30
0.0
210
0.0
220
0.0
230
1.0
  2
SOLID
 70
1
 71
0
 91
1
 92
3
 72
0
 73
1
 93
7
 10
34687.0
 20
3600.0
 10
34762.0
 20
3600.0
 10
34762.0
 20
3450.0
 10
34612.0
 20
3450.0
 10
34537.0
 20
3450.0
 10
34537.0
 20
3600.0
 10
34687.0
 20
3600.0
 97
0
 75
0
 76
1
 98
0
  0
LWPOLYLINE
  5
428
330
17
100
AcDbEntity
  8
A-WALL
100
AcDbPolyline
 90
7
 70
1
 10
30138.0
 20
11625.0
 10
30138.0
 20
11700.0
 10
30288.0
 20
11700.0
 10
30288.0
 20
8475.0
 10
30288.0
 20
8400.0
 10
30138.0
 20
8400.0
 10
30138.0
 20
11625.0
1001
FLOORFORGE
1000
floor:1
1000
preliminary
  0
HATCH
  5
429
330
17
100
AcDbEntity
  8
A-WALL
 62
7
100
AcDbHatch
 10
0.0
 20
0.0
 30
0.0
210
0.0
220
0.0
230
1.0
  2
SOLID
 70
1
 71
0
 91
1
 92
3
 72
0
 73
1
 93
7
 10
30138.0
 20
11625.0
 10
30138.0
 20
11700.0
 10
30288.0
 20
11700.0
 10
30288.0
 20
8475.0
 10
30288.0
 20
8400.0
 10
30138.0
 20
8400.0
 10
30138.0
 20
11625.0
 97
0
 75
0
 76
1
 98
0
  0
LWPOLYLINE
  5
42A
330
17
100
AcDbEntity
  8
A-WALL
100
AcDbPolyline
 90
7
 70
1
 10
34687.0
 20
8550.0
 10
34762.0
 20
8550.0
 10
34762.0
 20
8400.0
 10
30213.0
 20
8400.0
 10
30138.0
 20
8400.0
 10
30138.0
 20
8550.0
 10
34687.0
 20
8550.0
1001
FLOORFORGE
1000
floor:1
1000
preliminary
  0
HATCH
  5
42B
330
17
100
AcDbEntity
  8
A-WALL
 62
7
100
AcDbHatch
 10
0.0
 20
0.0
 30
0.0
210
0.0
220
0.0
230
1.0
  2
SOLID
 70
1
 71
0
 91
1
 92
3
 72
0
 73
1
 93
7
 10
34687.0
 20
8550.0
 10
34762.0
 20
8550.0
 10
34762.0
 20
8400.0
 10
30213.0
 20
8400.0
 10
30138.0
 20
8400.0
 10
30138.0
 20
8550.0
 10
34687.0
 20
8550.0
 97
0
 75
0
 76
1
 98
0
  0
LWPOLYLINE
  5
42C
330
17
100
AcDbEntity
  8
A-WALL
100
AcDbPolyline
 90
6
 70
1
 10
35813.0
 20
11700.0
 10
35813.0
 20
11550.0
 10
33888.0
 20
11550.0
 10
33888.0
 20
11700.0
 10
35738.0
 20
11700.0
 10
35813.0
 20
11700.0
1001
FLOORFORGE
1000
floor:1
1000
preliminary
  0
HATCH
  5
42D
330
17
100
AcDbEntity
  8
A-WALL
 62
7
100
AcDbHatch
 10
0.0
 20
0.0
 30
0.0
210
0.0
220
0.0
230
1.0
  2
SOLID
 70
1
 71
0
 91
1
 92
3
 72
0
 73
1
 93
6
 10
35813.0
 20
11700.0
 10
35813.0
 20
11550.0
 10
33888.0
 20
11550.0
 10
33888.0
 20
11700.0
 10
35738.0
 20
11700.0
 10
35813.0
 20
11700.0
 97
0
 75
0
 76
1
 98
0
  0
LWPOLYLINE
  5
42E
330
17
100
AcDbEntity
  8
A-WALL
100
AcDbPolyline
 90
6
 70
1
 10
30213.0
 20
11550.0
 10
30138.0
 20
11550.0
 10
30138.0
 20
11700.0
 10
31188.0
 20
11700.0
 10
31188.0
 20
11550.0
 10
30213.0
 20
11550.0
1001
FLOORFORGE
1000
floor:1
1000
preliminary
  0
HATCH
  5
42F
330
17
100
AcDbEntity
  8
A-WALL
 62
7
100
AcDbHatch
 10
0.0
 20
0.0
 30
0.0
210
0.0
220
0.0
230
1.0
  2
SOLID
 70
1
 71
0
 91
1
 92
3
 72
0
 73
1
 93
6
 10
30213.0
 20
11550.0
 10
30138.0
 20
11550.0
 10
30138.0
 20
11700.0
 10
31188.0
 20
11700.0
 10
31188.0
 20
11550.0
 10
30213.0
 20
11550.0
 97
0
 75
0
 76
1
 98
0
  0
LWPOLYLINE
  5
430
330
17
100
AcDbEntity
  8
A-WALL
100
AcDbPolyline
 90
7
 70
1
 10
35813.0
 20
11700.0
 10
35888.0
 20
11700.0
 10
35888.0
 20
11550.0
 10
35738.0
 20
11550.0
 10
35663.0
 20
11550.0
 10
35663.0
 20
11700.0
 10
35813.0
 20
11700.0
1001
FLOORFORGE
1000
floor:1
1000
preliminary
  0
HATCH
  5
431
330
17
100
AcDbEntity
  8
A-WALL
 62
7
100
AcDbHatch
 10
0.0
 20
0.0
 30
0.0
210
0.0
220
0.0
230
1.0
  2
SOLID
 70
1
 71
0
 91
1
 92
3
 72
0
 73
1
 93
7
 10
35813.0
 20
11700.0
 10
35888.0
 20
11700.0
 10
35888.0
 20
11550.0
 10
35738.0
 20
11550.0
 10
35663.0
 20
11550.0
 10
35663.0
 20
11700.0
 10
35813.0
 20
11700.0
 97
0
 75
0
 76
1
 98
0
  0
LWPOLYLINE
  5
432
330
17
100
AcDbEntity
  8
A-WALL
100
AcDbPolyline
 90
6
 70
1
 10
34612.0
 20
3525.0
 10
34762.0
 20
3525.0
 10
34762.0
 20
3250.0
 10
34612.0
 20
3250.0
 10
34612.0
 20
3450.0
 10
34612.0
 20
3525.0
1001
FLOORFORGE
1000
floor:1
1000
preliminary
  0
HATCH
  5
433
330
17
100
AcDbEntity
  8
A-WALL
 62
7
100
AcDbHatch
 10
0.0
 20
0.0
 30
0.0
210
0.0
220
0.0
230
1.0
  2
SOLID
 70
1
 71
0
 91
1
 92
3
 72
0
 73
1
 93
6
 10
34612.0
 20
3525.0
 10
34762.0
 20
3525.0
 10
34762.0
 20
3250.0
 10
34612.0
 20
3250.0
 10
34612.0
 20
3450.0
 10
34612.0
 20
3525.0
 97
0
 75
0
 76
1
 98
0
  0
LWPOLYLINE
  5
434
330
17
100
AcDbEntity
  8
A-WALL
100
AcDbPolyline
 90
6
 70
1
 10
34762.0
 20
1875.0
 10
34762.0
 20
1800.0
 10
34612.0
 20
1800.0
 10
34612.0
 20
2150.0
 10
34762.0
 20
2150.0
 10
34762.0
 20
1875.0
1001
FLOORFORGE
1000
floor:1
1000
preliminary
  0
HATCH
  5
435
330
17
100
AcDbEntity
  8
A-WALL
 62
7
100
AcDbHatch
 10
0.0
 20
0.0
 30
0.0
210
0.0
220
0.0
230
1.0
  2
SOLID
 70
1
 71
0
 91
1
 92
3
 72
0
 73
1
 93
6
 10
34762.0
 20
1875.0
 10
34762.0
 20
1800.0
 10
34612.0
 20
1800.0
 10
34612.0
 20
2150.0
 10
34762.0
 20
2150.0
 10
34762.0
 20
1875.0
 97
0
 75
0
 76
1
 98
0
  0
LWPOLYLINE
  5
436
330
17
100
AcDbEntity
  8
A-WALL
100
AcDbPolyline
 90
7
 70
1
 10
34612.0
 20
3525.0
 10
34612.0
 20
3600.0
 10
34762.0
 20
3600.0
 10
34762.0
 20
3450.0
 10
34762.0
 20
3375.0
 10
34612.0
 20
3375.0
 10
34612.0
 20
3525.0
1001
FLOORFORGE
1000
floor:1
1000
preliminary
  0
HATCH
  5
437
330
17
100
AcDbEntity
  8
A-WALL
 62
7
100
AcDbHatch
 10
0.0
 20
0.0
 30
0.0
210
0.0
220
0.0
230
1.0
  2
SOLID
 70
1
 71
0
 91
1
 92
3
 72
0
 73
1
 93
7
 10
34612.0
 20
3525.0
 10
34612.0
 20
3600.0
 10
34762.0
 20
3600.0
 10
34762.0
 20
3450.0
 10
34762.0
 20
3375.0
 10
34612.0
 20
3375.0
 10
34612.0
 20
3525.0
 97
0
 75
0
 76
1
 98
0
  0
LWPOLYLINE
  5
438
330
17
100
AcDbEntity
  8
A-WALL
100
AcDbPolyline
 90
6
 70
1
 10
38462.0
 20
1950.0
 10
38462.0
 20
1800.0
 10
37837.0
 20
1800.0
 10
37837.0
 20
1950.0
 10
38387.0
 20
1950.0
 10
38462.0
 20
1950.0
1001
FLOORFORGE
1000
floor:1
1000
preliminary
  0
HATCH
  5
439
330
17
100
AcDbEntity
  8
A-WALL
 62
7
100
AcDbHatch
 10
0.0
 20
0.0
 30
0.0
210
0.0
220
0.0
230
1.0
  2
SOLID
 70
1
 71
0
 91
1
 92
3
 72
0
 73
1
 93
6
 10
38462.0
 20
1950.0
 10
38462.0
 20
1800.0
 10
37837.0
 20
1800.0
 10
37837.0
 20
1950.0
 10
38387.0
 20
1950.0
 10
38462.0
 20
1950.0
 97
0
 75
0
 76
1
 98
0
  0
LWPOLYLINE
  5
43A
330
17
100
AcDbEntity
  8
A-WALL
100
AcDbPolyline
 90
6
 70
1
 10
34687.0
 20
1800.0
 10
34612.0
 20
1800.0
 10
34612.0
 20
1950.0
 10
35237.0
 20
1950.0
 10
35237.0
 20
1800.0
 10
34687.0
 20
1800.0
1001
FLOORFORGE
1000
floor:1
1000
preliminary
  0
HATCH
  5
43B
330
17
100
AcDbEntity
  8
A-WALL
 62
7
100
AcDbHatch
 10
0.0
 20
0.0
 30
0.0
210
0.0
220
0.0
230
1.0
  2
SOLID
 70
1
 71
0
 91
1
 92
3
 72
0
 73
1
 93
6
 10
34687.0
 20
1800.0
 10
34612.0
 20
1800.0
 10
34612.0
 20
1950.0
 10
35237.0
 20
1950.0
 10
35237.0
 20
1800.0
 10
34687.0
 20
1800.0
 97
0
 75
0
 76
1
 98
0
  0
LWPOLYLINE
  5
43C
330
17
100
AcDbEntity
  8
A-WALL
100
AcDbPolyline
 90
7
 70
1
 10
34612.0
 20
4225.0
 10
34612.0
 20
4300.0
 10
34762.0
 20
4300.0
 10
34762.0
 20
3525.0
 10
34762.0
 20
3450.0
 10
34612.0
 20
3450.0
 10
34612.0
 20
4225.0
1001
FLOORFORGE
1000
floor:1
1000
preliminary
  0
HATCH
  5
43D
330
17
100
AcDbEntity
  8
A-WALL
 62
7
100
AcDbHatch
 10
0.0
 20
0.0
 30
0.0
210
0.0
220
0.0
230
1.0
  2
SOLID
 70
1
 71
0
 91
1
 92
3
 72
0
 73
1
 93
7
 10
34612.0
 20
4225.0
 10
34612.0
 20
4300.0
 10
34762.0
 20
4300.0
 10
34762.0
 20
3525.0
 10
34762.0
 20
3450.0
 10
34612.0
 20
3450.0
 10
34612.0
 20
4225.0
 97
0
 75
0
 76
1
 98
0
  0
LWPOLYLINE
  5
43E
330
17
100
AcDbEntity
  8
A-WALL
100
AcDbPolyline
 90
6
 70
1
 10
34612.0
 20
8550.0
 10
34762.0
 20
8550.0
 10
34762.0
 20
8400.0
 10
34612.0
 20
8400.0
 10
34612.0
 20
8475.0
 10
34612.0
 20
8550.0
1001
FLOORFORGE
1000
floor:1
1000
preliminary
  0
HATCH
  5
43F
330
17
100
AcDbEntity
  8
A-WALL
 62
7
100
AcDbHatch
 10
0.0
 20
0.0
 30
0.0
210
0.0
220
0.0
230
1.0
  2
SOLID
 70
1
 71
0
 91
1
 92
3
 72
0
 73
1
 93
6
 10
34612.0
 20
8550.0
 10
34762.0
 20
8550.0
 10
34762.0
 20
8400.0
 10
34612.0
 20
8400.0
 10
34612.0
 20
8475.0
 10
34612.0
 20
8550.0
 97
0
 75
0
 76
1
 98
0
  0
LWPOLYLINE
  5
440
330
17
100
AcDbEntity
  8
A-WALL
100
AcDbPolyline
 90
6
 70
1
 10
34762.0
 20
4225.0
 10
34762.0
 20
4150.0
 10
34612.0
 20
4150.0
 10
34612.0
 20
4300.0
 10
34762.0
 20
4300.0
 10
34762.0
 20
4225.0
1001
FLOORFORGE
1000
floor:1
1000
preliminary
  0
HATCH
  5
441
330
17
100
AcDbEntity
  8
A-WALL
 62
7
100
AcDbHatch
 10
0.0
 20
0.0
 30
0.0
210
0.0
220
0.0
230
1.0
  2
SOLID
 70
1
 71
0
 91
1
 92
3
 72
0
 73
1
 93
6
 10
34762.0
 20
4225.0
 10
34762.0
 20
4150.0
 10
34612.0
 20
4150.0
 10
34612.0
 20
4300.0
 10
34762.0
 20
4300.0
 10
34762.0
 20
4225.0
 97
0
 75
0
 76
1
 98
0
  0
LWPOLYLINE
  5
442
330
17
100
AcDbEntity
  8
A-WALL
100
AcDbPolyline
 90
7
 70
1
 10
38387.0
 20
4300.0
 10
38462.0
 20
4300.0
 10
38462.0
 20
4150.0
 10
34687.0
 20
4150.0
 10
34612.0
 20
4150.0
 10
34612.0
 20
4300.0
 10
38387.0
 20
4300.0
1001
FLOORFORGE
1000
floor:1
1000
preliminary
  0
HATCH
  5
443
330
17
100
AcDbEntity
  8
A-WALL
 62
7
100
AcDbHatch
 10
0.0
 20
0.0
 30
0.0
210
0.0
220
0.0
230
1.0
  2
SOLID
 70
1
 71
0
 91
1
 92
3
 72
0
 73
1
 93
7
 10
38387.0
 20
4300.0
 10
38462.0
 20
4300.0
 10
38462.0
 20
4150.0
 10
34687.0
 20
4150.0
 10
34612.0
 20
4150.0
 10
34612.0
 20
4300.0
 10
38387.0
 20
4300.0
 97
0
 75
0
 76
1
 98
0
  0
LWPOLYLINE
  5
444
330
17
100
AcDbEntity
  8
A-WALL
100
AcDbPolyline
 90
6
 70
1
 10
35888.0
 20
8550.0
 10
35888.0
 20
8400.0
 10
35688.0
 20
8400.0
 10
35688.0
 20
8550.0
 10
35813.0
 20
8550.0
 10
35888.0
 20
8550.0
1001
FLOORFORGE
1000
floor:1
1000
preliminary
  0
HATCH
  5
445
330
17
100
AcDbEntity
  8
A-WALL
 62
7
100
AcDbHatch
 10
0.0
 20
0.0
 30
0.0
210
0.0
220
0.0
230
1.0
  2
SOLID
 70
1
 71
0
 91
1
 92
3
 72
0
 73
1
 93
6
 10
35888.0
 20
8550.0
 10
35888.0
 20
8400.0
 10
35688.0
 20
8400.0
 10
35688.0
 20
8550.0
 10
35813.0
 20
8550.0
 10
35888.0
 20
8550.0
 97
0
 75
0
 76
1
 98
0
  0
LWPOLYLINE
  5
446
330
17
100
AcDbEntity
  8
A-WALL
100
AcDbPolyline
 90
6
 70
1
 10
34687.0
 20
8400.0
 10
34612.0
 20
8400.0
 10
34612.0
 20
8550.0
 10
34788.0
 20
8550.0
 10
34788.0
 20
8400.0
 10
34687.0
 20
8400.0
1001
FLOORFORGE
1000
floor:1
1000
preliminary
  0
HATCH
  5
447
330
17
100
AcDbEntity
  8
A-WALL
 62
7
100
AcDbHatch
 10
0.0
 20
0.0
 30
0.0
210
0.0
220
0.0
230
1.0
  2
SOLID
 70
1
 71
0
 91
1
 92
3
 72
0
 73
1
 93
6
 10
34687.0
 20
8400.0
 10
34612.0
 20
8400.0
 10
34612.0
 20
8550.0
 10
34788.0
 20
8550.0
 10
34788.0
 20
8400.0
 10
34687.0
 20
8400.0
 97
0
 75
0
 76
1
 98
0
  0
LWPOLYLINE
  5
448
330
17
100
AcDbEntity
  8
A-WALL
100
AcDbPolyline
 90
7
 70
1
 10
35738.0
 20
11625.0
 10
35738.0
 20
11700.0
 10
35888.0
 20
11700.0
 10
35888.0
 20
8475.0
 10
35888.0
 20
8400.0
 10
35738.0
 20
8400.0
 10
35738.0
 20
11625.0
1001
FLOORFORGE
1000
floor:1
1000
preliminary
  0
HATCH
  5
449
330
17
100
AcDbEntity
  8
A-WALL
 62
7
100
AcDbHatch
 10
0.0
 20
0.0
 30
0.0
210
0.0
220
0.0
230
1.0
  2
SOLID
 70
1
 71
0
 91
1
 92
3
 72
0
 73
1
 93
7
 10
35738.0
 20
11625.0
 10
35738.0
 20
11700.0
 10
35888.0
 20
11700.0
 10
35888.0
 20
8475.0
 10
35888.0
 20
8400.0
 10
35738.0
 20
8400.0
 10
35738.0
 20
11625.0
 97
0
 75
0
 76
1
 98
0
  0
LWPOLYLINE
  5
44A
330
17
100
AcDbEntity
  8
A-WALL
100
AcDbPolyline
 90
7
 70
1
 10
37813.0
 20
8550.0
 10
37888.0
 20
8550.0
 10
37888.0
 20
8400.0
 10
35813.0
 20
8400.0
 10
35738.0
 20
8400.0
 10
35738.0
 20
8550.0
 10
37813.0
 20
8550.0
1001
FLOORFORGE
1000
floor:1
1000
preliminary
  0
HATCH
  5
44B
330
17
100
AcDbEntity
  8
A-WALL
 62
7
100
AcDbHatch
 10
0.0
 20
0.0
 30
0.0
210
0.0
220
0.0
230
1.0
  2
SOLID
 70
1
 71
0
 91
1
 92
3
 72
0
 73
1
 93
7
 10
37813.0
 20
8550.0
 10
37888.0
 20
8550.0
 10
37888.0
 20
8400.0
 10
35813.0
 20
8400.0
 10
35738.0
 20
8400.0
 10
35738.0
 20
8550.0
 10
37813.0
 20
8550.0
 97
0
 75
0
 76
1
 98
0
  0
LWPOLYLINE
  5
44C
330
17
100
AcDbEntity
  8
A-WALL
100
AcDbPolyline
 90
7
 70
1
 10
36488.0
 20
5450.0
 10
36488.0
 20
5525.0
 10
36638.0
 20
5525.0
 10
36638.0
 20
5375.0
 10
36638.0
 20
5300.0
 10
36488.0
 20
5300.0
 10
36488.0
 20
5450.0
1001
FLOORFORGE
1000
floor:1
1000
preliminary
  0
HATCH
  5
44D
330
17
100
AcDbEntity
  8
A-WALL
 62
7
100
AcDbHatch
 10
0.0
 20
0.0
 30
0.0
210
0.0
220
0.0
230
1.0
  2
SOLID
 70
1
 71
0
 91
1
 92
3
 72
0
 73
1
 93
7
 10
36488.0
 20
5450.0
 10
36488.0
 20
5525.0
 10
36638.0
 20
5525.0
 10
36638.0
 20
5375.0
 10
36638.0
 20
5300.0
 10
36488.0
 20
5300.0
 10
36488.0
 20
5450.0
 97
0
 75
0
 76
1
 98
0
  0
LWPOLYLINE
  5
44E
330
17
100
AcDbEntity
  8
A-WALL
100
AcDbPolyline
 90
7
 70
1
 10
36488.0
 20
7275.0
 10
36488.0
 20
7350.0
 10
36638.0
 20
7350.0
 10
36638.0
 20
7200.0
 10
36638.0
 20
7125.0
 10
36488.0
 20
7125.0
 10
36488.0
 20
7275.0
1001
FLOORFORGE
1000
floor:1
1000
preliminary
  0
HATCH
  5
44F
330
17
100
AcDbEntity
  8
A-WALL
 62
7
100
AcDbHatch
 10
0.0
 20
0.0
 30
0.0
210
0.0
220
0.0
230
1.0
  2
SOLID
 70
1
 71
0
 91
1
 92
3
 72
0
 73
1
 93
7
 10
36488.0
 20
7275.0
 10
36488.0
 20
7350.0
 10
36638.0
 20
7350.0
 10
36638.0
 20
7200.0
 10
36638.0
 20
7125.0
 10
36488.0
 20
7125.0
 10
36488.0
 20
7275.0
 97
0
 75
0
 76
1
 98
0
  0
LWPOLYLINE
  5
450
330
17
100
AcDbEntity
  8
A-WALL
100
AcDbPolyline
 90
7
 70
1
 10
36638.0
 20
5450.0
 10
36713.0
 20
5450.0
 10
36713.0
 20
5300.0
 10
36563.0
 20
5300.0
 10
36488.0
 20
5300.0
 10
36488.0
 20
5450.0
 10
36638.0
 20
5450.0
1001
FLOORFORGE
1000
floor:1
1000
preliminary
  0
HATCH
  5
451
330
17
100
AcDbEntity
  8
A-WALL
 62
7
100
AcDbHatch
 10
0.0
 20
0.0
 30
0.0
210
0.0
220
0.0
230
1.0
  2
SOLID
 70
1
 71
0
 91
1
 92
3
 72
0
 73
1
 93
7
 10
36638.0
 20
5450.0
 10
36713.0
 20
5450.0
 10
36713.0
 20
5300.0
 10
36563.0
 20
5300.0
 10
36488.0
 20
5300.0
 10
36488.0
 20
5450.0
 10
36638.0
 20
5450.0
 97
0
 75
0
 76
1
 98
0
  0
LWPOLYLINE
  5
452
330
17
100
AcDbEntity
  8
A-WALL
100
AcDbPolyline
 90
7
 70
1
 10
41037.0
 20
5450.0
 10
41112.0
 20
5450.0
 10
41112.0
 20
5300.0
 10
40962.0
 20
5300.0
 10
40887.0
 20
5300.0
 10
40887.0
 20
5450.0
 10
41037.0
 20
5450.0
1001
FLOORFORGE
1000
floor:1
1000
preliminary
  0
HATCH
  5
453
330
17
100
AcDbEntity
  8
A-WALL
 62
7
100
AcDbHatch
 10
0.0
 20
0.0
 30
0.0
210
0.0
220
0.0
230
1.0
  2
SOLID
 70
1
 71
0
 91
1
 92
3
 72
0
 73
1
 93
7
 10
41037.0
 20
5450.0
 10
41112.0
 20
5450.0
 10
41112.0
 20
5300.0
 10
40962.0
 20
5300.0
 10
40887.0
 20
5300.0
 10
40887.0
 20
5450.0
 10
41037.0
 20
5450.0
 97
0
 75
0
 76
1
 98
0
  0
LWPOLYLINE
  5
454
330
17
100
AcDbEntity
  8
A-WALL
100
AcDbPolyline
 90
7
 70
1
 10
36638.0
 20
7350.0
 10
36713.0
 20
7350.0
 10
36713.0
 20
7200.0
 10
36563.0
 20
7200.0
 10
36488.0
 20
7200.0
 10
36488.0
 20
7350.0
 10
36638.0
 20
7350.0
1001
FLOORFORGE
1000
floor:1
1000
preliminary
  0
HATCH
  5
455
330
17
100
AcDbEntity
  8
A-WALL
 62
7
100
AcDbHatch
 10
0.0
 20
0.0
 30
0.0
210
0.0
220
0.0
230
1.0
  2
SOLID
 70
1
 71
0
 91
1
 92
3
 72
0
 73
1
 93
7
 10
36638.0
 20
7350.0
 10
36713.0
 20
7350.0
 10
36713.0
 20
7200.0
 10
36563.0
 20
7200.0
 10
36488.0
 20
7200.0
 10
36488.0
 20
7350.0
 10
36638.0
 20
7350.0
 97
0
 75
0
 76
1
 98
0
  0
LWPOLYLINE
  5
456
330
17
100
AcDbEntity
  8
A-WALL
100
AcDbPolyline
 90
7
 70
1
 10
37738.0
 20
9625.0
 10
37738.0
 20
9700.0
 10
37888.0
 20
9700.0
 10
37888.0
 20
8475.0
 10
37888.0
 20
8400.0
 10
37738.0
 20
8400.0
 10
37738.0
 20
9625.0
1001
FLOORFORGE
1000
floor:1
1000
preliminary
  0
HATCH
  5
457
330
17
100
AcDbEntity
  8
A-WALL
 62
7
100
AcDbHatch
 10
0.0
 20
0.0
 30
0.0
210
0.0
220
0.0
230
1.0
  2
SOLID
 70
1
 71
0
 91
1
 92
3
 72
0
 73
1
 93
7
 10
37738.0
 20
9625.0
 10
37738.0
 20
9700.0
 10
37888.0
 20
9700.0
 10
37888.0
 20
8475.0
 10
37888.0
 20
8400.0
 10
37738.0
 20
8400.0
 10
37738.0
 20
9625.0
 97
0
 75
0
 76
1
 98
0
  0
LWPOLYLINE
  5
458
330
17
100
AcDbEntity
  8
A-WALL
100
AcDbPolyline
 90
7
 70
1
 10
37738.0
 20
12577.0
 10
37738.0
 20
12652.0
 10
37888.0
 20
12652.0
 10
37888.0
 20
9625.0
 10
37888.0
 20
9550.0
 10
37738.0
 20
9550.0
 10
37738.0
 20
12577.0
1001
FLOORFORGE
1000
floor:1
1000
preliminary
  0
HATCH
  5
459
330
17
100
AcDbEntity
  8
A-WALL
 62
7
100
AcDbHatch
 10
0.0
 20
0.0
 30
0.0
210
0.0
220
0.0
230
1.0
  2
SOLID
 70
1
 71
0
 91
1
 92
3
 72
0
 73
1
 93
7
 10
37738.0
 20
12577.0
 10
37738.0
 20
12652.0
 10
37888.0
 20
12652.0
 10
37888.0
 20
9625.0
 10
37888.0
 20
9550.0
 10
37738.0
 20
9550.0
 10
37738.0
 20
12577.0
 97
0
 75
0
 76
1
 98
0
  0
LWPOLYLINE
  5
45A
330
17
100
AcDbEntity
  8
A-WALL
100
AcDbPolyline
 90
6
 70
1
 10
39238.0
 20
9700.0
 10
39238.0
 20
9550.0
 10
38888.0
 20
9550.0
 10
38888.0
 20
9700.0
 10
39163.0
 20
9700.0
 10
39238.0
 20
9700.0
1001
FLOORFORGE
1000
floor:1
1000
preliminary
  0
HATCH
  5
45B
330
17
100
AcDbEntity
  8
A-WALL
 62
7
100
AcDbHatch
 10
0.0
 20
0.0
 30
0.0
210
0.0
220
0.0
230
1.0
  2
SOLID
 70
1
 71
0
 91
1
 92
3
 72
0
 73
1
 93
6
 10
39238.0
 20
9700.0
 10
39238.0
 20
9550.0
 10
38888.0
 20
9550.0
 10
38888.0
 20
9700.0
 10
39163.0
 20
9700.0
 10
39238.0
 20
9700.0
 97
0
 75
0
 76
1
 98
0
  0
LWPOLYLINE
  5
45C
330
17
100
AcDbEntity
  8
A-WALL
100
AcDbPolyline
 90
6
 70
1
 10
37813.0
 20
9550.0
 10
37738.0
 20
9550.0
 10
37738.0
 20
9700.0
 10
37988.0
 20
9700.0
 10
37988.0
 20
9550.0
 10
37813.0
 20
9550.0
1001
FLOORFORGE
1000
floor:1
1000
preliminary
  0
HATCH
  5
45D
330
17
100
AcDbEntity
  8
A-WALL
 62
7
100
AcDbHatch
 10
0.0
 20
0.0
 30
0.0
210
0.0
220
0.0
230
1.0
  2
SOLID
 70
1
 71
0
 91
1
 92
3
 72
0
 73
1
 93
6
 10
37813.0
 20
9550.0
 10
37738.0
 20
9550.0
 10
37738.0
 20
9700.0
 10
37988.0
 20
9700.0
 10
37988.0
 20
9550.0
 10
37813.0
 20
9550.0
 97
0
 75
0
 76
1
 98
0
  0
LWPOLYLINE
  5
45E
330
17
100
AcDbEntity
  8
A-WALL
100
AcDbPolyline
 90
7
 70
1
 10
39163.0
 20
12652.0
 10
39238.0
 20
12652.0
 10
39238.0
 20
12502.0
 10
37813.0
 20
12502.0
 10
37738.0
 20
12502.0
 10
37738.0
 20
12652.0
 10
39163.0
 20
12652.0
1001
FLOORFORGE
1000
floor:1
1000
preliminary
  0
HATCH
  5
45F
330
17
100
AcDbEntity
  8
A-WALL
 62
7
100
AcDbHatch
 10
0.0
 20
0.0
 30
0.0
210
0.0
220
0.0
230
1.0
  2
SOLID
 70
1
 71
0
 91
1
 92
3
 72
0
 73
1
 93
7
 10
39163.0
 20
12652.0
 10
39238.0
 20
12652.0
 10
39238.0
 20
12502.0
 10
37813.0
 20
12502.0
 10
37738.0
 20
12502.0
 10
37738.0
 20
12652.0
 10
39163.0
 20
12652.0
 97
0
 75
0
 76
1
 98
0
  0
LWPOLYLINE
  5
460
330
17
100
AcDbEntity
  8
A-WALL
100
AcDbPolyline
 90
6
 70
1
 10
38312.0
 20
4300.0
 10
38462.0
 20
4300.0
 10
38462.0
 20
3650.0
 10
38312.0
 20
3650.0
 10
38312.0
 20
4225.0
 10
38312.0
 20
4300.0
1001
FLOORFORGE
1000
floor:1
1000
preliminary
  0
HATCH
  5
461
330
17
100
AcDbEntity
  8
A-WALL
 62
7
100
AcDbHatch
 10
0.0
 20
0.0
 30
0.0
210
0.0
220
0.0
230
1.0
  2
SOLID
 70
1
 71
0
 91
1
 92
3
 72
0
 73
1
 93
6
 10
38312.0
 20
4300.0
 10
38462.0
 20
4300.0
 10
38462.0
 20
3650.0
 10
38312.0
 20
3650.0
 10
38312.0
 20
4225.0
 10
38312.0
 20
4300.0
 97
0
 75
0
 76
1
 98
0
  0
LWPOLYLINE
  5
462
330
17
100
AcDbEntity
  8
A-WALL
100
AcDbPolyline
 90
6
 70
1
 10
38462.0
 20
1875.0
 10
38462.0
 20
1800.0
 10
38312.0
 20
1800.0
 10
38312.0
 20
2650.0
 10
38462.0
 20
2650.0
 10
38462.0
 20
1875.0
1001
FLOORFORGE
1000
floor:1
1000
preliminary
  0
HATCH
  5
463
330
17
100
AcDbEntity
  8
A-WALL
 62
7
100
AcDbHatch
 10
0.0
 20
0.0
 30
0.0
210
0.0
220
0.0
230
1.0
  2
SOLID
 70
1
 71
0
 91
1
 92
3
 72
0
 73
1
 93
6
 10
38462.0
 20
1875.0
 10
38462.0
 20
1800.0
 10
38312.0
 20
1800.0
 10
38312.0
 20
2650.0
 10
38462.0
 20
2650.0
 10
38462.0
 20
1875.0
 97
0
 75
0
 76
1
 98
0
  0
LWPOLYLINE
  5
464
330
17
100
AcDbEntity
  8
A-WALL
100
AcDbPolyline
 90
6
 70
1
 10
41112.0
 20
1950.0
 10
41112.0
 20
1800.0
 10
40812.0
 20
1800.0
 10
40812.0
 20
1950.0
 10
41037.0
 20
1950.0
 10
41112.0
 20
1950.0
1001
FLOORFORGE
1000
floor:1
1000
preliminary
  0
HATCH
  5
465
330
17
100
AcDbEntity
  8
A-WALL
 62
7
100
AcDbHatch
 10
0.0
 20
0.0
 30
0.0
210
0.0
220
0.0
230
1.0
  2
SOLID
 70
1
 71
0
 91
1
 92
3
 72
0
 73
1
 93
6
 10
41112.0
 20
1950.0
 10
41112.0
 20
1800.0
 10
40812.0
 20
1800.0
 10
40812.0
 20
1950.0
 10
41037.0
 20
1950.0
 10
41112.0
 20
1950.0
 97
0
 75
0
 76
1
 98
0
  0
LWPOLYLINE
  5
466
330
17
100
AcDbEntity
  8
A-WALL
100
AcDbPolyline
 90
6
 70
1
 10
38387.0
 20
1800.0
 10
38312.0
 20
1800.0
 10
38312.0
 20
1950.0
 10
38612.0
 20
1950.0
 10
38612.0
 20
1800.0
 10
38387.0
 20
1800.0
1001
FLOORFORGE
1000
floor:1
1000
preliminary
  0
HATCH
  5
467
330
17
100
AcDbEntity
  8
A-WALL
 62
7
100
AcDbHatch
 10
0.0
 20
0.0
 30
0.0
210
0.0
220
0.0
230
1.0
  2
SOLID
 70
1
 71
0
 91
1
 92
3
 72
0
 73
1
 93
6
 10
38387.0
 20
1800.0
 10
38312.0
 20
1800.0
 10
38312.0
 20
1950.0
 10
38612.0
 20
1950.0
 10
38612.0
 20
1800.0
 10
38387.0
 20
1800.0
 97
0
 75
0
 76
1
 98
0
  0
LWPOLYLINE
  5
468
330
17
100
AcDbEntity
  8
A-WALL
100
AcDbPolyline
 90
6
 70
1
 10
41112.0
 20
4300.0
 10
41112.0
 20
4150.0
 10
40612.0
 20
4150.0
 10
40612.0
 20
4300.0
 10
41037.0
 20
4300.0
 10
41112.0
 20
4300.0
1001
FLOORFORGE
1000
floor:1
1000
preliminary
  0
HATCH
  5
469
330
17
100
AcDbEntity
  8
A-WALL
 62
7
100
AcDbHatch
 10
0.0
 20
0.0
 30
0.0
210
0.0
220
0.0
230
1.0
  2
SOLID
 70
1
 71
0
 91
1
 92
3
 72
0
 73
1
 93
6
 10
41112.0
 20
4300.0
 10
41112.0
 20
4150.0
 10
40612.0
 20
4150.0
 10
40612.0
 20
4300.0
 10
41037.0
 20
4300.0
 10
41112.0
 20
4300.0
 97
0
 75
0
 76
1
 98
0
  0
LWPOLYLINE
  5
46A
330
17
100
AcDbEntity
  8
A-WALL
100
AcDbPolyline
 90
6
 70
1
 10
38387.0
 20
4150.0
 10
38312.0
 20
4150.0
 10
38312.0
 20
4300.0
 10
38612.0
 20
4300.0
 10
38612.0
 20
4150.0
 10
38387.0
 20
4150.0
1001
FLOORFORGE
1000
floor:1
1000
preliminary
  0
HATCH
  5
46B
330
17
100
AcDbEntity
  8
A-WALL
 62
7
100
AcDbHatch
 10
0.0
 20
0.0
 30
0.0
210
0.0
220
0.0
230
1.0
  2
SOLID
 70
1
 71
0
 91
1
 92
3
 72
0
 73
1
 93
6
 10
38387.0
 20
4150.0
 10
38312.0
 20
4150.0
 10
38312.0
 20
4300.0
 10
38612.0
 20
4300.0
 10
38612.0
 20
4150.0
 10
38387.0
 20
4150.0
 97
0
 75
0
 76
1
 98
0
  0
LWPOLYLINE
  5
46C
330
17
100
AcDbEntity
  8
A-WALL
100
AcDbPolyline
 90
7
 70
1
 10
38938.0
 20
8325.0
 10
38938.0
 20
8400.0
 10
39088.0
 20
8400.0
 10
39088.0
 20
8250.0
 10
39088.0
 20
8175.0
 10
38938.0
 20
8175.0
 10
38938.0
 20
8325.0
1001
FLOORFORGE
1000
floor:1
1000
preliminary
  0
HATCH
  5
46D
330
17
100
AcDbEntity
  8
A-WALL
 62
7
100
AcDbHatch
 10
0.0
 20
0.0
 30
0.0
210
0.0
220
0.0
230
1.0
  2
SOLID
 70
1
 71
0
 91
1
 92
3
 72
0
 73
1
 93
7
 10
38938.0
 20
8325.0
 10
38938.0
 20
8400.0
 10
39088.0
 20
8400.0
 10
39088.0
 20
8250.0
 10
39088.0
 20
8175.0
 10
38938.0
 20
8175.0
 10
38938.0
 20
8325.0
 97
0
 75
0
 76
1
 98
0
  0
LWPOLYLINE
  5
46E
330
17
100
AcDbEntity
  8
A-WALL
100
AcDbPolyline
 90
7
 70
1
 10
39088.0
 20
8400.0
 10
39163.0
 20
8400.0
 10
39163.0
 20
8250.0
 10
39013.0
 20
8250.0
 10
38938.0
 20
8250.0
 10
38938.0
 20
8400.0
 10
39088.0
 20
8400.0
1001
FLOORFORGE
1000
floor:1
1000
preliminary
  0
HATCH
  5
46F
330
17
100
AcDbEntity
  8
A-WALL
 62
7
100
AcDbHatch
 10
0.0
 20
0.0
 30
0.0
210
0.0
220
0.0
230
1.0
  2
SOLID
 70
1
 71
0
 91
1
 92
3
 72
0
 73
1
 93
7
 10
39088.0
 20
8400.0
 10
39163.0
 20
8400.0
 10
39163.0
 20
8250.0
 10
39013.0
 20
8250.0
 10
38938.0
 20
8250.0
 10
38938.0
 20
8400.0
 10
39088.0
 20
8400.0
 97
0
 75
0
 76
1
 98
0
  0
LWPOLYLINE
  5
470
330
17
100
AcDbEntity
  8
A-WALL
100
AcDbPolyline
 90
7
 70
1
 10
39088.0
 20
8475.0
 10
39088.0
 20
8550.0
 10
39238.0
 20
8550.0
 10
39238.0
 20
8325.0
 10
39238.0
 20
8250.0
 10
39088.0
 20
8250.0
 10
39088.0
 20
8475.0
1001
FLOORFORGE
1000
floor:1
1000
preliminary
  0
HATCH
  5
471
330
17
100
AcDbEntity
  8
A-WALL
 62
7
100
AcDbHatch
 10
0.0
 20
0.0
 30
0.0
210
0.0
220
0.0
230
1.0
  2
SOLID
 70
1
 71
0
 91
1
 92
3
 72
0
 73
1
 93
7
 10
39088.0
 20
8475.0
 10
39088.0
 20
8550.0
 10
39238.0
 20
8550.0
 10
39238.0
 20
8325.0
 10
39238.0
 20
8250.0
 10
39088.0
 20
8250.0
 10
39088.0
 20
8475.0
 97
0
 75
0
 76
1
 98
0
  0
LWPOLYLINE
  5
472
330
17
100
AcDbEntity
  8
A-WALL
100
AcDbPolyline
 90
6
 70
1
 10
39088.0
 20
9700.0
 10
39238.0
 20
9700.0
 10
39238.0
 20
9550.0
 10
39088.0
 20
9550.0
 10
39088.0
 20
9625.0
 10
39088.0
 20
9700.0
1001
FLOORFORGE
1000
floor:1
1000
preliminary
  0
HATCH
  5
473
330
17
100
AcDbEntity
  8
A-WALL
 62
7
100
AcDbHatch
 10
0.0
 20
0.0
 30
0.0
210
0.0
220
0.0
230
1.0
  2
SOLID
 70
1
 71
0
 91
1
 92
3
 72
0
 73
1
 93
6
 10
39088.0
 20
9700.0
 10
39238.0
 20
9700.0
 10
39238.0
 20
9550.0
 10
39088.0
 20
9550.0
 10
39088.0
 20
9625.0
 10
39088.0
 20
9700.0
 97
0
 75
0
 76
1
 98
0
  0
LWPOLYLINE
  5
474
330
17
100
AcDbEntity
  8
A-WALL
100
AcDbPolyline
 90
6
 70
1
 10
39238.0
 20
8475.0
 10
39238.0
 20
8400.0
 10
39088.0
 20
8400.0
 10
39088.0
 20
8650.0
 10
39238.0
 20
8650.0
 10
39238.0
 20
8475.0
1001
FLOORFORGE
1000
floor:1
1000
preliminary
  0
HATCH
  5
475
330
17
100
AcDbEntity
  8
A-WALL
 62
7
100
AcDbHatch
 10
0.0
 20
0.0
 30
0.0
210
0.0
220
0.0
230
1.0
  2
SOLID
 70
1
 71
0
 91
1
 92
3
 72
0
 73
1
 93
6
 10
39238.0
 20
8475.0
 10
39238.0
 20
8400.0
 10
39088.0
 20
8400.0
 10
39088.0
 20
8650.0
 10
39238.0
 20
8650.0
 10
39238.0
 20
8475.0
 97
0
 75
0
 76
1
 98
0
  0
LWPOLYLINE
  5
476
330
17
100
AcDbEntity
  8
A-WALL
100
AcDbPolyline
 90
7
 70
1
 10
45426.0
 20
8550.0
 10
45501.0
 20
8550.0
 10
45501.0
 20
8400.0
 10
39163.0
 20
8400.0
 10
39088.0
 20
8400.0
 10
39088.0
 20
8550.0
 10
45426.0
 20
8550.0
1001
FLOORFORGE
1000
floor:1
1000
preliminary
  0
HATCH
  5
477
330
17
100
AcDbEntity
  8
A-WALL
 62
7
100
AcDbHatch
 10
0.0
 20
0.0
 30
0.0
210
0.0
220
0.0
230
1.0
  2
SOLID
 70
1
 71
0
 91
1
 92
3
 72
0
 73
1
 93
7
 10
45426.0
 20
8550.0
 10
45501.0
 20
8550.0
 10
45501.0
 20
8400.0
 10
39163.0
 20
8400.0
 10
39088.0
 20
8400.0
 10
39088.0
 20
8550.0
 10
45426.0
 20
8550.0
 97
0
 75
0
 76
1
 98
0
  0
LWPOLYLINE
  5
478
330
17
100
AcDbEntity
  8
A-WALL
100
AcDbPolyline
 90
7
 70
1
 10
39088.0
 20
12577.0
 10
39088.0
 20
12652.0
 10
39238.0
 20
12652.0
 10
39238.0
 20
9625.0
 10
39238.0
 20
9550.0
 10
39088.0
 20
9550.0
 10
39088.0
 20
12577.0
1001
FLOORFORGE
1000
floor:1
1000
preliminary
  0
HATCH
  5
479
330
17
100
AcDbEntity
  8
A-WALL
 62
7
100
AcDbHatch
 10
0.0
 20
0.0
 30
0.0
210
0.0
220
0.0
230
1.0
  2
SOLID
 70
1
 71
0
 91
1
 92
3
 72
0
 73
1
 93
7
 10
39088.0
 20
12577.0
 10
39088.0
 20
12652.0
 10
39238.0
 20
12652.0
 10
39238.0
 20
9625.0
 10
39238.0
 20
9550.0
 10
39088.0
 20
9550.0
 10
39088.0
 20
12577.0
 97
0
 75
0
 76
1
 98
0
  0
LWPOLYLINE
  5
47A
330
17
100
AcDbEntity
  8
A-WALL
100
AcDbPolyline
 90
7
 70
1
 10
45501.0
 20
12652.0
 10
45576.0
 20
12652.0
 10
45576.0
 20
12502.0
 10
39163.0
 20
12502.0
 10
39088.0
 20
12502.0
 10
39088.0
 20
12652.0
 10
45501.0
 20
12652.0
1001
FLOORFORGE
1000
floor:1
1000
preliminary
  0
HATCH
  5
47B
330
17
100
AcDbEntity
  8
A-WALL
 62
7
100
AcDbHatch
 10
0.0
 20
0.0
 30
0.0
210
0.0
220
0.0
230
1.0
  2
SOLID
 70
1
 71
0
 91
1
 92
3
 72
0
 73
1
 93
7
 10
45501.0
 20
12652.0
 10
45576.0
 20
12652.0
 10
45576.0
 20
12502.0
 10
39163.0
 20
12502.0
 10
39088.0
 20
12502.0
 10
39088.0
 20
12652.0
 10
45501.0
 20
12652.0
 97
0
 75
0
 76
1
 98
0
  0
LWPOLYLINE
  5
47C
330
17
100
AcDbEntity
  8
A-WALL
100
AcDbPolyline
 90
6
 70
1
 10
40962.0
 20
4300.0
 10
41112.0
 20
4300.0
 10
41112.0
 20
4000.0
 10
40962.0
 20
4000.0
 10
40962.0
 20
4225.0
 10
40962.0
 20
4300.0
1001
FLOORFORGE
1000
floor:1
1000
preliminary
  0
HATCH
  5
47D
330
17
100
AcDbEntity
  8
A-WALL
 62
7
100
AcDbHatch
 10
0.0
 20
0.0
 30
0.0
210
0.0
220
0.0
230
1.0
  2
SOLID
 70
1
 71
0
 91
1
 92
3
 72
0
 73
1
 93
6
 10
40962.0
 20
4300.0
 10
41112.0
 20
4300.0
 10
41112.0
 20
4000.0
 10
40962.0
 20
4000.0
 10
40962.0
 20
4225.0
 10
40962.0
 20
4300.0
 97
0
 75
0
 76
1
 98
0
  0
LWPOLYLINE
  5
47E
330
17
100
AcDbEntity
  8
A-WALL
100
AcDbPolyline
 90
6
 70
1
 10
41112.0
 20
1875.0
 10
41112.0
 20
1800.0
 10
40962.0
 20
1800.0
 10
40962.0
 20
2200.0
 10
41112.0
 20
2200.0
 10
41112.0
 20
1875.0
1001
FLOORFORGE
1000
floor:1
1000
preliminary
  0
HATCH
  5
47F
330
17
100
AcDbEntity
  8
A-WALL
 62
7
100
AcDbHatch
 10
0.0
 20
0.0
 30
0.0
210
0.0
220
0.0
230
1.0
  2
SOLID
 70
1
 71
0
 91
1
 92
3
 72
0
 73
1
 93
6
 10
41112.0
 20
1875.0
 10
41112.0
 20
1800.0
 10
40962.0
 20
1800.0
 10
40962.0
 20
2200.0
 10
41112.0
 20
2200.0
 10
41112.0
 20
1875.0
 97
0
 75
0
 76
1
 98
0
  0
LWPOLYLINE
  5
480
330
17
100
AcDbEntity
  8
A-WALL
100
AcDbPolyline
 90
6
 70
1
 10
40962.0
 20
5450.0
 10
41112.0
 20
5450.0
 10
41112.0
 20
5200.0
 10
40962.0
 20
5200.0
 10
40962.0
 20
5375.0
 10
40962.0
 20
5450.0
1001
FLOORFORGE
1000
floor:1
1000
preliminary
  0
HATCH
  5
481
330
17
100
AcDbEntity
  8
A-WALL
 62
7
100
AcDbHatch
 10
0.0
 20
0.0
 30
0.0
210
0.0
220
0.0
230
1.0
  2
SOLID
 70
1
 71
0
 91
1
 92
3
 72
0
 73
1
 93
6
 10
40962.0
 20
5450.0
 10
41112.0
 20
5450.0
 10
41112.0
 20
5200.0
 10
40962.0
 20
5200.0
 10
40962.0
 20
5375.0
 10
40962.0
 20
5450.0
 97
0
 75
0
 76
1
 98
0
  0
LWPOLYLINE
  5
482
330
17
100
AcDbEntity
  8
A-WALL
100
AcDbPolyline
 90
6
 70
1
 10
41112.0
 20
4225.0
 10
41112.0
 20
4150.0
 10
40962.0
 20
4150.0
 10
40962.0
 20
4400.0
 10
41112.0
 20
4400.0
 10
41112.0
 20
4225.0
1001
FLOORFORGE
1000
floor:1
1000
preliminary
  0
HATCH
  5
483
330
17
100
AcDbEntity
  8
A-WALL
 62
7
100
AcDbHatch
 10
0.0
 20
0.0
 30
0.0
210
0.0
220
0.0
230
1.0
  2
SOLID
 70
1
 71
0
 91
1
 92
3
 72
0
 73
1
 93
6
 10
41112.0
 20
4225.0
 10
41112.0
 20
4150.0
 10
40962.0
 20
4150.0
 10
40962.0
 20
4400.0
 10
41112.0
 20
4400.0
 10
41112.0
 20
4225.0
 97
0
 75
0
 76
1
 98
0
  0
LWPOLYLINE
  5
484
330
17
100
AcDbEntity
  8
A-WALL
100
AcDbPolyline
 90
7
 70
1
 10
40962.0
 20
5450.0
 10
40962.0
 20
5525.0
 10
41112.0
 20
5525.0
 10
41112.0
 20
5375.0
 10
41112.0
 20
5300.0
 10
40962.0
 20
5300.0
 10
40962.0
 20
5450.0
1001
FLOORFORGE
1000
floor:1
1000
preliminary
  0
HATCH
  5
485
330
17
100
AcDbEntity
  8
A-WALL
 62
7
100
AcDbHatch
 10
0.0
 20
0.0
 30
0.0
210
0.0
220
0.0
230
1.0
  2
SOLID
 70
1
 71
0
 91
1
 92
3
 72
0
 73
1
 93
7
 10
40962.0
 20
5450.0
 10
40962.0
 20
5525.0
 10
41112.0
 20
5525.0
 10
41112.0
 20
5375.0
 10
41112.0
 20
5300.0
 10
40962.0
 20
5300.0
 10
40962.0
 20
5450.0
 97
0
 75
0
 76
1
 98
0
  0
LWPOLYLINE
  5
486
330
17
100
AcDbEntity
  8
A-WALL
100
AcDbPolyline
 90
7
 70
1
 10
40962.0
 20
5725.0
 10
40962.0
 20
5800.0
 10
41112.0
 20
5800.0
 10
41112.0
 20
5450.0
 10
41112.0
 20
5375.0
 10
40962.0
 20
5375.0
 10
40962.0
 20
5725.0
1001
FLOORFORGE
1000
floor:1
1000
preliminary
  0
HATCH
  5
487
330
17
100
AcDbEntity
  8
A-WALL
 62
7
100
AcDbHatch
 10
0.0
 20
0.0
 30
0.0
210
0.0
220
0.0
230
1.0
  2
SOLID
 70
1
 71
0
 91
1
 92
3
 72
0
 73
1
 93
7
 10
40962.0
 20
5725.0
 10
40962.0
 20
5800.0
 10
41112.0
 20
5800.0
 10
41112.0
 20
5450.0
 10
41112.0
 20
5375.0
 10
40962.0
 20
5375.0
 10
40962.0
 20
5725.0
 97
0
 75
0
 76
1
 98
0
  0
LWPOLYLINE
  5
488
330
17
100
AcDbEntity
  8
A-WALL
100
AcDbPolyline
 90
7
 70
1
 10
41112.0
 20
5800.0
 10
41187.0
 20
5800.0
 10
41187.0
 20
5650.0
 10
41037.0
 20
5650.0
 10
40962.0
 20
5650.0
 10
40962.0
 20
5800.0
 10
41112.0
 20
5800.0
1001
FLOORFORGE
1000
floor:1
1000
preliminary
  0
HATCH
  5
489
330
17
100
AcDbEntity
  8
A-WALL
 62
7
100
AcDbHatch
 10
0.0
 20
0.0
 30
0.0
210
0.0
220
0.0
230
1.0
  2
SOLID
 70
1
 71
0
 91
1
 92
3
 72
0
 73
1
 93
7
 10
41112.0
 20
5800.0
 10
41187.0
 20
5800.0
 10
41187.0
 20
5650.0
 10
41037.0
 20
5650.0
 10
40962.0
 20
5650.0
 10
40962.0
 20
5800.0
 10
41112.0
 20
5800.0
 97
0
 75
0
 76
1
 98
0
  0
LWPOLYLINE
  5
48A
330
17
100
AcDbEntity
  8
A-WALL
100
AcDbPolyline
 90
7
 70
1
 10
41438.0
 20
5800.0
 10
41513.0
 20
5800.0
 10
41513.0
 20
5650.0
 10
41112.0
 20
5650.0
 10
41037.0
 20
5650.0
 10
41037.0
 20
5800.0
 10
41438.0
 20
5800.0
1001
FLOORFORGE
1000
floor:1
1000
preliminary
  0
HATCH
  5
48B
330
17
100
AcDbEntity
  8
A-WALL
 62
7
100
AcDbHatch
 10
0.0
 20
0.0
 30
0.0
210
0.0
220
0.0
230
1.0
  2
SOLID
 70
1
 71
0
 91
1
 92
3
 72
0
 73
1
 93
7
 10
41438.0
 20
5800.0
 10
41513.0
 20
5800.0
 10
41513.0
 20
5650.0
 10
41112.0
 20
5650.0
 10
41037.0
 20
5650.0
 10
41037.0
 20
5800.0
 10
41438.0
 20
5800.0
 97
0
 75
0
 76
1
 98
0
  0
LWPOLYLINE
  5
48C
330
17
100
AcDbEntity
  8
A-WALL
100
AcDbPolyline
 90
7
 70
1
 10
41513.0
 20
5800.0
 10
41588.0
 20
5800.0
 10
41588.0
 20
5650.0
 10
41438.0
 20
5650.0
 10
41363.0
 20
5650.0
 10
41363.0
 20
5800.0
 10
41513.0
 20
5800.0
1001
FLOORFORGE
1000
floor:1
1000
preliminary
  0
HATCH
  5
48D
330
17
100
AcDbEntity
  8
A-WALL
 62
7
100
AcDbHatch
 10
0.0
 20
0.0
 30
0.0
210
0.0
220
0.0
230
1.0
  2
SOLID
 70
1
 71
0
 91
1
 92
3
 72
0
 73
1
 93
7
 10
41513.0
 20
5800.0
 10
41588.0
 20
5800.0
 10
41588.0
 20
5650.0
 10
41438.0
 20
5650.0
 10
41363.0
 20
5650.0
 10
41363.0
 20
5800.0
 10
41513.0
 20
5800.0
 97
0
 75
0
 76
1
 98
0
  0
LWPOLYLINE
  5
48E
330
17
100
AcDbEntity
  8
A-WALL
100
AcDbPolyline
 90
7
 70
1
 10
41438.0
 20
5800.0
 10
41438.0
 20
5875.0
 10
41588.0
 20
5875.0
 10
41588.0
 20
5725.0
 10
41588.0
 20
5650.0
 10
41438.0
 20
5650.0
 10
41438.0
 20
5800.0
1001
FLOORFORGE
1000
floor:1
1000
preliminary
  0
HATCH
  5
48F
330
17
100
AcDbEntity
  8
A-WALL
 62
7
100
AcDbHatch
 10
0.0
 20
0.0
 30
0.0
210
0.0
220
0.0
230
1.0
  2
SOLID
 70
1
 71
0
 91
1
 92
3
 72
0
 73
1
 93
7
 10
41438.0
 20
5800.0
 10
41438.0
 20
5875.0
 10
41588.0
 20
5875.0
 10
41588.0
 20
5725.0
 10
41588.0
 20
5650.0
 10
41438.0
 20
5650.0
 10
41438.0
 20
5800.0
 97
0
 75
0
 76
1
 98
0
  0
LWPOLYLINE
  5
490
330
17
100
AcDbEntity
  8
A-WALL
100
AcDbPolyline
 90
6
 70
1
 10
41438.0
 20
8325.0
 10
41588.0
 20
8325.0
 10
41588.0
 20
8200.0
 10
41438.0
 20
8200.0
 10
41438.0
 20
8250.0
 10
41438.0
 20
8325.0
1001
FLOORFORGE
1000
floor:1
1000
preliminary
  0
HATCH
  5
491
330
17
100
AcDbEntity
  8
A-WALL
 62
7
100
AcDbHatch
 10
0.0
 20
0.0
 30
0.0
210
0.0
220
0.0
230
1.0
  2
SOLID
 70
1
 71
0
 91
1
 92
3
 72
0
 73
1
 93
6
 10
41438.0
 20
8325.0
 10
41588.0
 20
8325.0
 10
41588.0
 20
8200.0
 10
41438.0
 20
8200.0
 10
41438.0
 20
8250.0
 10
41438.0
 20
8325.0
 97
0
 75
0
 76
1
 98
0
  0
LWPOLYLINE
  5
492
330
17
100
AcDbEntity
  8
A-WALL
100
AcDbPolyline
 90
6
 70
1
 10
41588.0
 20
5800.0
 10
41588.0
 20
5725.0
 10
41438.0
 20
5725.0
 10
41438.0
 20
5950.0
 10
41588.0
 20
5950.0
 10
41588.0
 20
5800.0
1001
FLOORFORGE
1000
floor:1
1000
preliminary
  0
HATCH
  5
493
330
17
100
AcDbEntity
  8
A-WALL
 62
7
100
AcDbHatch
 10
0.0
 20
0.0
 30
0.0
210
0.0
220
0.0
230
1.0
  2
SOLID
 70
1
 71
0
 91
1
 92
3
 72
0
 73
1
 93
6
 10
41588.0
 20
5800.0
 10
41588.0
 20
5725.0
 10
41438.0
 20
5725.0
 10
41438.0
 20
5950.0
 10
41588.0
 20
5950.0
 10
41588.0
 20
5800.0
 97
0
 75
0
 76
1
 98
0
  0
LWPOLYLINE
  5
494
330
17
100
AcDbEntity
  8
A-WALL
100
AcDbPolyline
 90
7
 70
1
 10
41438.0
 20
8325.0
 10
41438.0
 20
8400.0
 10
41588.0
 20
8400.0
 10
41588.0
 20
8250.0
 10
41588.0
 20
8175.0
 10
41438.0
 20
8175.0
 10
41438.0
 20
8325.0
1001
FLOORFORGE
1000
floor:1
1000
preliminary
  0
HATCH
  5
495
330
17
100
AcDbEntity
  8
A-WALL
 62
7
100
AcDbHatch
 10
0.0
 20
0.0
 30
0.0
210
0.0
220
0.0
230
1.0
  2
SOLID
 70
1
 71
0
 91
1
 92
3
 72
0
 73
1
 93
7
 10
41438.0
 20
8325.0
 10
41438.0
 20
8400.0
 10
41588.0
 20
8400.0
 10
41588.0
 20
8250.0
 10
41588.0
 20
8175.0
 10
41438.0
 20
8175.0
 10
41438.0
 20
8325.0
 97
0
 75
0
 76
1
 98
0
  0
LWPOLYLINE
  5
496
330
17
100
AcDbEntity
  8
A-WALL
100
AcDbPolyline
 90
6
 70
1
 10
45426.0
 20
12652.0
 10
45576.0
 20
12652.0
 10
45576.0
 20
11400.0
 10
45426.0
 20
11400.0
 10
45426.0
 20
12577.0
 10
45426.0
 20
12652.0
1001
FLOORFORGE
1000
floor:1
1000
preliminary
  0
HATCH
  5
497
330
17
100
AcDbEntity
  8
A-WALL
 62
7
100
AcDbHatch
 10
0.0
 20
0.0
 30
0.0
210
0.0
220
0.0
230
1.0
  2
SOLID
 70
1
 71
0
 91
1
 92
3
 72
0
 73
1
 93
6
 10
45426.0
 20
12652.0
 10
45576.0
 20
12652.0
 10
45576.0
 20
11400.0
 10
45426.0
 20
11400.0
 10
45426.0
 20
12577.0
 10
45426.0
 20
12652.0
 97
0
 75
0
 76
1
 98
0
  0
LWPOLYLINE
  5
498
330
17
100
AcDbEntity
  8
A-WALL
100
AcDbPolyline
 90
6
 70
1
 10
45576.0
 20
8475.0
 10
45576.0
 20
8400.0
 10
45426.0
 20
8400.0
 10
45426.0
 20
9000.0
 10
45576.0
 20
9000.0
 10
45576.0
 20
8475.0
1001
FLOORFORGE
1000
floor:1
1000
preliminary
  0
HATCH
  5
499
330
17
100
AcDbEntity
  8
A-WALL
 62
7
100
AcDbHatch
 10
0.0
 20
0.0
 30
0.0
210
0.0
220
0.0
230
1.0
  2
SOLID
 70
1
 71
0
 91
1
 92
3
 72
0
 73
1
 93
6
 10
45576.0
 20
8475.0
 10
45576.0
 20
8400.0
 10
45426.0
 20
8400.0
 10
45426.0
 20
9000.0
 10
45576.0
 20
9000.0
 10
45576.0
 20
8475.0
 97
0
 75
0
 76
1
 98
0
  0
LINE
  5
49A
330
17
100
AcDbEntity
  8
A-WIND
100
AcDbLine
 10
41588.0
 20
5950.0
 30
0.0
 11
41588.0
 21
8200.0
 31
0.0
1001
FLOORFORGE
1000
floor:1
1000
preliminary
  0
LINE
  5
49B
330
17
100
AcDbEntity
  8
A-WIND
100
AcDbLine
 10
41438.0
 20
5950.0
 30
0.0
 11
41438.0
 21
8200.0
 31
0.0
1001
FLOORFORGE
1000
floor:1
1000
preliminary
  0
LINE
  5
49C
330
17
100
AcDbEntity
  8
A-WIND
100
AcDbLine
 10
41531.0
 20
5950.0
 30
0.0
 11
41531.0
 21
8200.0
 31
0.0
1001
FLOORFORGE
1000
floor:1
1000
preliminary
  0
LINE
  5
49D
330
17
100
AcDbEntity
  8
A-WIND
100
AcDbLine
 10
41495.0
 20
5950.0
 30
0.0
 11
41495.0
 21
8200.0
 31
0.0
1001
FLOORFORGE
1000
floor:1
1000
preliminary
  0
LINE
  5
49E
330
17
100
AcDbEntity
  8
A-WIND
100
AcDbLine
 10
41588.0
 20
5950.0
 30
0.0
 11
41438.0
 21
5950.0
 31
0.0
1001
FLOORFORGE
1000
floor:1
1000
preliminary
  0
LINE
  5
49F
330
17
100
AcDbEntity
  8
A-WIND
100
AcDbLine
 10
41588.0
 20
8200.0
 30
0.0
 11
41438.0
 21
8200.0
 31
0.0
1001
FLOORFORGE
1000
floor:1
1000
preliminary
  0
TEXT
  5
4A0
330
17
100
AcDbEntity
  8
A-TAGS
100
AcDbText
 10
41968.0
 20
7015.0
 30
0.0
 40
150.0
  1
W12
 72
1
 11
41968.0
 21
7015.0
 31
0.0
100
AcDbText
 73
1
1001
FLOORFORGE
1000
floor:1
1000
preliminary
  0
LINE
  5
4A1
330
17
100
AcDbEntity
  8
A-DOOR
100
AcDbLine
 10
37988.0
 20
9700.0
 30
0.0
 11
37988.0
 21
10600.0
 31
0.0
1001
FLOORFORGE
1000
floor:1
1000
preliminary
  0
LWPOLYLINE
  5
4A2
330
17
100
AcDbEntity
  8
A-DOOR
100
AcDbPolyline
 90
18
 70
0
 10
38888.0
 20
9700.0
 10
38884.16075866553
 20
9783.041523516971
 10
38872.67578971551
 20
9865.374566034914
 10
38853.64307885554
 20
9946.296691064874
 10
38827.22500646392
 20
10025.117499568438
 10
38793.64696221956
 20
10101.164520198885
 10
38753.195422156656
 20
10173.78894658962
 10
38706.215504552216
 20
10242.37117274133
 10
38653.10802549859
 20
10306.326079281902
 10
38594.326079281906
 20
10365.108025498594
 10
38530.37117274133
 20
10418.215504552216
 10
38461.78894658962
 20
10465.195422156652
 10
38389.16452019889
 20
10505.646962219556
 10
38313.11749956844
 20
10539.22500646392
 10
38234.296691064876
 20
10565.643078855537
 10
38153.374566034916
 20
10584.675789715511
 10
38071.04152351697
 20
10596.160758665532
 10
37988.0
 20
10600.0
1001
FLOORFORGE
1000
floor:1
1000
preliminary
  0
TEXT
  5
4A3
330
17
100
AcDbEntity
  8
A-TAGS
100
AcDbText
 10
38438.0
 20
9240.0
 30
0.0
 40
150.0
  1
D1
 72
1
 11
38438.0
 21
9240.0
 31
0.0
100
AcDbText
 73
1
1001
FLOORFORGE
1000
floor:1
1000
preliminary
  0
LINE
  5
4A4
330
17
100
AcDbEntity
  8
A-DOOR
100
AcDbLine
 10
39238.0
 20
8650.0
 30
0.0
 11
40138.0
 21
8650.0
 31
0.0
1001
FLOORFORGE
1000
floor:1
1000
preliminary
  0
LWPOLYLINE
  5
4A5
330
17
100
AcDbEntity
  8
A-DOOR
100
AcDbPolyline
 90
18
 70
0
 10
39238.0
 20
9550.0
 10
39321.04152351697
 20
9546.160758665532
 10
39403.374566034916
 20
9534.675789715511
 10
39484.296691064876
 20
9515.643078855537
 10
39563.11749956844
 20
9489.22500646392
 10
39639.16452019889
 20
9455.646962219556
 10
39711.78894658962
 20
9415.195422156652
 10
39780.37117274133
 20
9368.215504552216
 10
39844.326079281906
 20
9315.108025498594
 10
39903.10802549859
 20
9256.326079281902
 10
39956.215504552216
 20
9192.37117274133
 10
40003.195422156656
 20
9123.78894658962
 10
40043.64696221956
 20
9051.164520198885
 10
40077.22500646392
 20
8975.117499568438
 10
40103.64307885554
 20
8896.296691064874
 10
40122.67578971551
 20
8815.374566034914
 10
40134.16075866553
 20
8733.041523516971
 10
40138.0
 20
8650.0
1001
FLOORFORGE
1000
floor:1
1000
preliminary
  0
TEXT
  5
4A6
330
17
100
AcDbEntity
  8
A-TAGS
100
AcDbText
 10
38838.0
 20
9040.0
 30
0.0
 40
150.0
  1
D1
 72
1
 11
38838.0
 21
9040.0
 31
0.0
100
AcDbText
 73
1
1001
FLOORFORGE
1000
floor:1
1000
preliminary
  0
LWPOLYLINE
  5
4A7
330
17
100
AcDbEntity
  8
A-DOOR
100
AcDbPolyline
 90
4
 70
1
 10
45495.0
 20
9000.0
 10
45495.0
 20
10240.0
 10
45463.0
 20
10240.0
 10
45463.0
 20
9000.0
1001
FLOORFORGE
1000
floor:1
1000
preliminary
  0
LWPOLYLINE
  5
4A8
330
17
100
AcDbEntity
  8
A-DOOR
100
AcDbPolyline
 90
4
 70
1
 10
45539.0
 20
10160.0
 10
45539.0
 20
11400.0
 10
45507.0
 20
11400.0
 10
45507.0
 20
10160.0
1001
FLOORFORGE
1000
floor:1
1000
preliminary
  0
LINE
  5
4A9
330
17
100
AcDbEntity
  8
A-DOOR
100
AcDbLine
 10
45736.0
 20
9950.0
 30
0.0
 11
45736.0
 21
10450.0
 31
0.0
1001
FLOORFORGE
1000
floor:1
1000
preliminary
  0
LINE
  5
4AA
330
17
100
AcDbEntity
  8
A-DOOR
100
AcDbLine
 10
45736.0
 20
10450.0
 30
0.0
 11
45676.0
 21
10370.0
 31
0.0
1001
FLOORFORGE
1000
floor:1
1000
preliminary
  0
TEXT
  5
4AB
330
17
100
AcDbEntity
  8
A-TAGS
100
AcDbText
 10
45826.0
 20
10140.0
 30
0.0
 40
150.0
  1
SD4
 72
1
 11
45826.0
 21
10140.0
 31
0.0
100
AcDbText
 73
1
1001
FLOORFORGE
1000
floor:1
1000
preliminary
  0
LINE
  5
4AC
330
17
100
AcDbEntity
  8
A-DOOR
100
AcDbLine
 10
34788.0
 20
8550.0
 30
0.0
 11
34788.0
 21
9450.0
 31
0.0
1001
FLOORFORGE
1000
floor:1
1000
preliminary
  0
LWPOLYLINE
  5
4AD
330
17
100
AcDbEntity
  8
A-DOOR
100
AcDbPolyline
 90
18
 70
0
 10
35688.0
 20
8550.0
 10
35684.16075866553
 20
8633.041523516971
 10
35672.67578971551
 20
8715.374566034914
 10
35653.64307885554
 20
8796.296691064874
 10
35627.22500646392
 20
8875.117499568438
 10
35593.64696221956
 20
8951.164520198885
 10
35553.195422156656
 20
9023.78894658962
 10
35506.215504552216
 20
9092.37117274133
 10
35453.10802549859
 20
9156.326079281902
 10
35394.326079281906
 20
9215.108025498594
 10
35330.37117274133
 20
9268.215504552216
 10
35261.78894658962
 20
9315.195422156652
 10
35189.16452019889
 20
9355.646962219556
 10
35113.11749956844
 20
9389.22500646392
 10
35034.296691064876
 20
9415.643078855537
 10
34953.374566034916
 20
9434.675789715511
 10
34871.04152351697
 20
9446.160758665532
 10
34788.0
 20
9450.0
1001
FLOORFORGE
1000
floor:1
1000
preliminary
  0
TEXT
  5
4AE
330
17
100
AcDbEntity
  8
A-TAGS
100
AcDbText
 10
35238.0
 20
8090.0
 30
0.0
 40
150.0
  1
D1
 72
1
 11
35238.0
 21
8090.0
 31
0.0
100
AcDbText
 73
1
1001
FLOORFORGE
1000
floor:1
1000
preliminary
  0
LWPOLYLINE
  5
4AF
330
17
100
AcDbEntity
  8
A-DOOR
100
AcDbPolyline
 90
4
 70
1
 10
31188.0
 20
11619.0
 10
32578.0
 20
11619.0
 10
32578.0
 20
11587.0
 10
31188.0
 20
11587.0
1001
FLOORFORGE
1000
floor:1
1000
preliminary
  0
LWPOLYLINE
  5
4B0
330
17
100
AcDbEntity
  8
A-DOOR
100
AcDbPolyline
 90
4
 70
1
 10
32498.0
 20
11663.0
 10
33888.0
 20
11663.0
 10
33888.0
 20
11631.0
 10
32498.0
 20
11631.0
1001
FLOORFORGE
1000
floor:1
1000
preliminary
  0
LINE
  5
4B1
330
17
100
AcDbEntity
  8
A-DOOR
100
AcDbLine
 10
32288.0
 20
11860.0
 30
0.0
 11
32788.0
 21
11860.0
 31
0.0
1001
FLOORFORGE
1000
floor:1
1000
preliminary
  0
LINE
  5
4B2
330
17
100
AcDbEntity
  8
A-DOOR
100
AcDbLine
 10
32788.0
 20
11860.0
 30
0.0
 11
32708.0
 21
11800.0
 31
0.0
1001
FLOORFORGE
1000
floor:1
1000
preliminary
  0
TEXT
  5
4B3
330
17
100
AcDbEntity
  8
A-TAGS
100
AcDbText
 10
32538.0
 20
11890.0
 30
0.0
 40
150.0
  1
SD5
 72
1
 11
32538.0
 21
11890.0
 31
0.0
100
AcDbText
 73
1
1001
FLOORFORGE
1000
floor:1
1000
preliminary
  0
LINE
  5
4B4
330
17
100
AcDbEntity
  8
A-WIND
100
AcDbLine
 10
38612.0
 20
1800.0
 30
0.0
 11
40812.0
 21
1800.0
 31
0.0
1001
FLOORFORGE
1000
floor:1
1000
preliminary
  0
LINE
  5
4B5
330
17
100
AcDbEntity
  8
A-WIND
100
AcDbLine
 10
38612.0
 20
1950.0
 30
0.0
 11
40812.0
 21
1950.0
 31
0.0
1001
FLOORFORGE
1000
floor:1
1000
preliminary
  0
LINE
  5
4B6
330
17
100
AcDbEntity
  8
A-WIND
100
AcDbLine
 10
38612.0
 20
1857.0
 30
0.0
 11
40812.0
 21
1857.0
 31
0.0
1001
FLOORFORGE
1000
floor:1
1000
preliminary
  0
LINE
  5
4B7
330
17
100
AcDbEntity
  8
A-WIND
100
AcDbLine
 10
38612.0
 20
1893.0
 30
0.0
 11
40812.0
 21
1893.0
 31
0.0
1001
FLOORFORGE
1000
floor:1
1000
preliminary
  0
LINE
  5
4B8
330
17
100
AcDbEntity
  8
A-WIND
100
AcDbLine
 10
38612.0
 20
1800.0
 30
0.0
 11
38612.0
 21
1950.0
 31
0.0
1001
FLOORFORGE
1000
floor:1
1000
preliminary
  0
LINE
  5
4B9
330
17
100
AcDbEntity
  8
A-WIND
100
AcDbLine
 10
40812.0
 20
1800.0
 30
0.0
 11
40812.0
 21
1950.0
 31
0.0
1001
FLOORFORGE
1000
floor:1
1000
preliminary
  0
TEXT
  5
4BA
330
17
100
AcDbEntity
  8
A-TAGS
100
AcDbText
 10
39712.0
 20
1360.0
 30
0.0
 40
150.0
  1
W13
 72
1
 11
39712.0
 21
1360.0
 31
0.0
100
AcDbText
 73
1
1001
FLOORFORGE
1000
floor:1
1000
preliminary
  0
LINE
  5
4BB
330
17
100
AcDbEntity
  8
A-DOOR
100
AcDbLine
 10
38612.0
 20
4300.0
 30
0.0
 11
40612.0
 21
4300.0
 31
0.0
1001
FLOORFORGE
1000
floor:1
1000
preliminary
  0
LINE
  5
4BC
330
17
100
AcDbEntity
  8
A-DOOR
100
AcDbLine
 10
38612.0
 20
4150.0
 30
0.0
 11
40612.0
 21
4150.0
 31
0.0
1001
FLOORFORGE
1000
floor:1
1000
preliminary
  0
TEXT
  5
4BD
330
17
100
AcDbEntity
  8
A-TAGS
100
AcDbText
 10
39612.0
 20
4490.0
 30
0.0
 40
150.0
  1
O8
 72
1
 11
39612.0
 21
4490.0
 31
0.0
100
AcDbText
 73
1
1001
FLOORFORGE
1000
floor:1
1000
preliminary
  0
LWPOLYLINE
  5
4BE
330
17
100
AcDbEntity
  8
A-DOOR
100
AcDbPolyline
 90
4
 70
1
 10
41031.0
 20
2200.0
 10
41031.0
 20
3140.0
 10
40999.0
 20
3140.0
 10
40999.0
 20
2200.0
1001
FLOORFORGE
1000
floor:1
1000
preliminary
  0
LWPOLYLINE
  5
4BF
330
17
100
AcDbEntity
  8
A-DOOR
100
AcDbPolyline
 90
4
 70
1
 10
41075.0
 20
3060.0
 10
41075.0
 20
4000.0
 10
41043.0
 20
4000.0
 10
41043.0
 20
3060.0
1001
FLOORFORGE
1000
floor:1
1000
preliminary
  0
LINE
  5
4C0
330
17
100
AcDbEntity
  8
A-DOOR
100
AcDbLine
 10
41272.0
 20
2850.0
 30
0.0
 11
41272.0
 21
3350.0
 31
0.0
1001
FLOORFORGE
1000
floor:1
1000
preliminary
  0
LINE
  5
4C1
330
17
100
AcDbEntity
  8
A-DOOR
100
AcDbLine
 10
41272.0
 20
3350.0
 30
0.0
 11
41212.0
 21
3270.0
 31
0.0
1001
FLOORFORGE
1000
floor:1
1000
preliminary
  0
TEXT
  5
4C2
330
17
100
AcDbEntity
  8
A-TAGS
100
AcDbText
 10
41362.0
 20
3040.0
 30
0.0
 40
150.0
  1
SD6
 72
1
 11
41362.0
 21
3040.0
 31
0.0
100
AcDbText
 73
1
1001
FLOORFORGE
1000
floor:1
1000
preliminary
  0
LWPOLYLINE
  5
4C3
330
17
100
AcDbEntity
  8
A-DOOR
100
AcDbPolyline
 90
4
 70
1
 10
41031.0
 20
4400.0
 10
41031.0
 20
4840.0
 10
40999.0
 20
4840.0
 10
40999.0
 20
4400.0
1001
FLOORFORGE
1000
floor:1
1000
preliminary
  0
LWPOLYLINE
  5
4C4
330
17
100
AcDbEntity
  8
A-DOOR
100
AcDbPolyline
 90
4
 70
1
 10
41075.0
 20
4760.0
 10
41075.0
 20
5200.0
 10
41043.0
 20
5200.0
 10
41043.0
 20
4760.0
1001
FLOORFORGE
1000
floor:1
1000
preliminary
  0
LINE
  5
4C5
330
17
100
AcDbEntity
  8
A-DOOR
100
AcDbLine
 10
41272.0
 20
4550.0
 30
0.0
 11
41272.0
 21
5050.0
 31
0.0
1001
FLOORFORGE
1000
floor:1
1000
preliminary
  0
LINE
  5
4C6
330
17
100
AcDbEntity
  8
A-DOOR
100
AcDbLine
 10
41272.0
 20
5050.0
 30
0.0
 11
41212.0
 21
4970.0
 31
0.0
1001
FLOORFORGE
1000
floor:1
1000
preliminary
  0
TEXT
  5
4C7
330
17
100
AcDbEntity
  8
A-TAGS
100
AcDbText
 10
41362.0
 20
4740.0
 30
0.0
 40
150.0
  1
SD7
 72
1
 11
41362.0
 21
4740.0
 31
0.0
100
AcDbText
 73
1
1001
FLOORFORGE
1000
floor:1
1000
preliminary
  0
LINE
  5
4C8
330
17
100
AcDbEntity
  8
A-WIND
100
AcDbLine
 10
35237.0
 20
1800.0
 30
0.0
 11
37837.0
 21
1800.0
 31
0.0
1001
FLOORFORGE
1000
floor:1
1000
preliminary
  0
LINE
  5
4C9
330
17
100
AcDbEntity
  8
A-WIND
100
AcDbLine
 10
35237.0
 20
1950.0
 30
0.0
 11
37837.0
 21
1950.0
 31
0.0
1001
FLOORFORGE
1000
floor:1
1000
preliminary
  0
LINE
  5
4CA
330
17
100
AcDbEntity
  8
A-WIND
100
AcDbLine
 10
35237.0
 20
1857.0
 30
0.0
 11
37837.0
 21
1857.0
 31
0.0
1001
FLOORFORGE
1000
floor:1
1000
preliminary
  0
LINE
  5
4CB
330
17
100
AcDbEntity
  8
A-WIND
100
AcDbLine
 10
35237.0
 20
1893.0
 30
0.0
 11
37837.0
 21
1893.0
 31
0.0
1001
FLOORFORGE
1000
floor:1
1000
preliminary
  0
LINE
  5
4CC
330
17
100
AcDbEntity
  8
A-WIND
100
AcDbLine
 10
35237.0
 20
1800.0
 30
0.0
 11
35237.0
 21
1950.0
 31
0.0
1001
FLOORFORGE
1000
floor:1
1000
preliminary
  0
LINE
  5
4CD
330
17
100
AcDbEntity
  8
A-WIND
100
AcDbLine
 10
37837.0
 20
1800.0
 30
0.0
 11
37837.0
 21
1950.0
 31
0.0
1001
FLOORFORGE
1000
floor:1
1000
preliminary
  0
TEXT
  5
4CE
330
17
100
AcDbEntity
  8
A-TAGS
100
AcDbText
 10
36537.0
 20
1360.0
 30
0.0
 40
150.0
  1
W14
 72
1
 11
36537.0
 21
1360.0
 31
0.0
100
AcDbText
 73
1
1001
FLOORFORGE
1000
floor:1
1000
preliminary
  0
LINE
  5
4CF
330
17
100
AcDbEntity
  8
A-DOOR
100
AcDbLine
 10
38312.0
 20
2650.0
 30
0.0
 11
37312.0
 21
2650.0
 31
0.0
1001
FLOORFORGE
1000
floor:1
1000
preliminary
  0
LWPOLYLINE
  5
4D0
330
17
100
AcDbEntity
  8
A-DOOR
100
AcDbPolyline
 90
18
 70
0
 10
38312.0
 20
3650.0
 10
38219.7316405367
 20
3645.7341762950346
 10
38128.25048218343
 20
3632.9730996839016
 10
38038.33700992792
 20
3611.825643172819
 10
37950.758333812846
 20
3582.472229404356
 10
37866.261644223465
 20
3545.1632913550625
 10
37785.567837122646
 20
3500.2171357296143
 10
37709.365363620745
 20
3448.0172272802392
 10
37638.304356353445
 20
3389.008917220659
 10
37572.99108277934
 20
3323.695643646557
 10
37513.98277271976
 20
3252.6346363792563
 10
37461.78286427038
 20
3176.432162877356
 10
37416.836708644936
 20
3095.7383557765384
 10
37379.52777059565
 20
3011.241666187153
 10
37350.17435682718
 20
2923.6629900720827
 10
37329.0269003161
 20
2833.7495178165705
 10
37316.26582370496
 20
2742.268359463302
 10
37312.0
 20
2650.0
1001
FLOORFORGE
1000
floor:1
1000
preliminary
  0
TEXT
  5
4D1
330
17
100
AcDbEntity
  8
A-TAGS
100
AcDbText
 10
38712.0
 20
3090.0
 30
0.0
 40
150.0
  1
D2
 72
1
 11
38712.0
 21
3090.0
 31
0.0
100
AcDbText
 73
1
1001
FLOORFORGE
1000
floor:1
1000
preliminary
  0
LINE
  5
4D2
330
17
100
AcDbEntity
  8
A-WIND
100
AcDbLine
 10
34612.0
 20
2150.0
 30
0.0
 11
34612.0
 21
3250.0
 31
0.0
1001
FLOORFORGE
1000
floor:1
1000
preliminary
  0
LINE
  5
4D3
330
17
100
AcDbEntity
  8
A-WIND
100
AcDbLine
 10
34762.0
 20
2150.0
 30
0.0
 11
34762.0
 21
3250.0
 31
0.0
1001
FLOORFORGE
1000
floor:1
1000
preliminary
  0
LINE
  5
4D4
330
17
100
AcDbEntity
  8
A-WIND
100
AcDbLine
 10
34669.0
 20
2150.0
 30
0.0
 11
34669.0
 21
3250.0
 31
0.0
1001
FLOORFORGE
1000
floor:1
1000
preliminary
  0
LINE
  5
4D5
330
17
100
AcDbEntity
  8
A-WIND
100
AcDbLine
 10
34705.0
 20
2150.0
 30
0.0
 11
34705.0
 21
3250.0
 31
0.0
1001
FLOORFORGE
1000
floor:1
1000
preliminary
  0
LINE
  5
4D6
330
17
100
AcDbEntity
  8
A-WIND
100
AcDbLine
 10
34612.0
 20
2150.0
 30
0.0
 11
34762.0
 21
2150.0
 31
0.0
1001
FLOORFORGE
1000
floor:1
1000
preliminary
  0
LINE
  5
4D7
330
17
100
AcDbEntity
  8
A-WIND
100
AcDbLine
 10
34612.0
 20
3250.0
 30
0.0
 11
34762.0
 21
3250.0
 31
0.0
1001
FLOORFORGE
1000
floor:1
1000
preliminary
  0
TEXT
  5
4D8
330
17
100
AcDbEntity
  8
A-TAGS
100
AcDbText
 10
34232.0
 20
2640.0
 30
0.0
 40
150.0
  1
W15
 72
1
 11
34232.0
 21
2640.0
 31
0.0
100
AcDbText
 73
1
1001
FLOORFORGE
1000
floor:1
1000
preliminary
  0
LINE
  5
4D9
330
17
100
AcDbEntity
  8
A-DOOR
100
AcDbLine
 10
34612.0
 20
4300.0
 30
0.0
 11
34612.0
 21
8400.0
 31
0.0
1001
FLOORFORGE
1000
floor:1
1000
preliminary
  0
LINE
  5
4DA
330
17
100
AcDbEntity
  8
A-DOOR
100
AcDbLine
 10
34762.0
 20
4300.0
 30
0.0
 11
34762.0
 21
8400.0
 31
0.0
1001
FLOORFORGE
1000
floor:1
1000
preliminary
  0
TEXT
  5
4DB
330
17
100
AcDbEntity
  8
A-TAGS
100
AcDbText
 10
34362.0
 20
6290.0
 30
0.0
 40
150.0
  1
O9
 72
1
 11
34362.0
 21
6290.0
 31
0.0
100
AcDbText
 73
1
1001
FLOORFORGE
1000
floor:1
1000
preliminary
  0
LINE
  5
4DC
330
17
100
AcDbEntity
  8
A-WIND
100
AcDbLine
 10
30338.0
 20
3450.0
 30
0.0
 11
31612.0
 21
3450.0
 31
0.0
1001
FLOORFORGE
1000
floor:1
1000
preliminary
  0
LINE
  5
4DD
330
17
100
AcDbEntity
  8
A-WIND
100
AcDbLine
 10
30338.0
 20
3600.0
 30
0.0
 11
31612.0
 21
3600.0
 31
0.0
1001
FLOORFORGE
1000
floor:1
1000
preliminary
  0
LINE
  5
4DE
330
17
100
AcDbEntity
  8
A-WIND
100
AcDbLine
 10
30338.0
 20
3507.0
 30
0.0
 11
31612.0
 21
3507.0
 31
0.0
1001
FLOORFORGE
1000
floor:1
1000
preliminary
  0
LINE
  5
4DF
330
17
100
AcDbEntity
  8
A-WIND
100
AcDbLine
 10
30338.0
 20
3543.0
 30
0.0
 11
31612.0
 21
3543.0
 31
0.0
1001
FLOORFORGE
1000
floor:1
1000
preliminary
  0
LINE
  5
4E0
330
17
100
AcDbEntity
  8
A-WIND
100
AcDbLine
 10
30338.0
 20
3450.0
 30
0.0
 11
30338.0
 21
3600.0
 31
0.0
1001
FLOORFORGE
1000
floor:1
1000
preliminary
  0
LINE
  5
4E1
330
17
100
AcDbEntity
  8
A-WIND
100
AcDbLine
 10
31612.0
 20
3450.0
 30
0.0
 11
31612.0
 21
3600.0
 31
0.0
1001
FLOORFORGE
1000
floor:1
1000
preliminary
  0
TEXT
  5
4E2
330
17
100
AcDbEntity
  8
A-TAGS
100
AcDbText
 10
30975.0
 20
3010.0
 30
0.0
 40
150.0
  1
W11
 72
1
 11
30975.0
 21
3010.0
 31
0.0
100
AcDbText
 73
1
1001
FLOORFORGE
1000
floor:1
1000
preliminary
  0
LINE
  5
4E3
330
17
100
AcDbEntity
  8
A-STAIR
100
AcDbLine
 10
33450.0
 20
3600.0
 30
0.0
 11
33450.0
 21
4700.0
 31
0.0
1001
FLOORFORGE
1000
floor:1
1000
preliminary
  0
LINE
  5
4E4
330
17
100
AcDbEntity
  8
A-STAIR
100
AcDbLine
 10
33450.0
 20
4900.0
 30
0.0
 11
33450.0
 21
6000.0
 31
0.0
1001
FLOORFORGE
1000
floor:1
1000
preliminary
  0
LINE
  5
4E5
330
17
100
AcDbEntity
  8
A-STAIR
100
AcDbLine
 10
33200.0
 20
3600.0
 30
0.0
 11
33200.0
 21
4700.0
 31
0.0
1001
FLOORFORGE
1000
floor:1
1000
preliminary
  0
LINE
  5
4E6
330
17
100
AcDbEntity
  8
A-STAIR
100
AcDbLine
 10
33200.0
 20
4900.0
 30
0.0
 11
33200.0
 21
6000.0
 31
0.0
1001
FLOORFORGE
1000
floor:1
1000
preliminary
  0
LINE
  5
4E7
330
17
100
AcDbEntity
  8
A-STAIR
100
AcDbLine
 10
32950.0
 20
3600.0
 30
0.0
 11
32950.0
 21
4700.0
 31
0.0
1001
FLOORFORGE
1000
floor:1
1000
preliminary
  0
LINE
  5
4E8
330
17
100
AcDbEntity
  8
A-STAIR
100
AcDbLine
 10
32950.0
 20
4900.0
 30
0.0
 11
32950.0
 21
6000.0
 31
0.0
1001
FLOORFORGE
1000
floor:1
1000
preliminary
  0
LINE
  5
4E9
330
17
100
AcDbEntity
  8
A-STAIR
100
AcDbLine
 10
32700.0
 20
3600.0
 30
0.0
 11
32700.0
 21
4700.0
 31
0.0
1001
FLOORFORGE
1000
floor:1
1000
preliminary
  0
LINE
  5
4EA
330
17
100
AcDbEntity
  8
A-STAIR
100
AcDbLine
 10
32700.0
 20
4900.0
 30
0.0
 11
32700.0
 21
6000.0
 31
0.0
1001
FLOORFORGE
1000
floor:1
1000
preliminary
  0
LINE
  5
4EB
330
17
100
AcDbEntity
  8
A-STAIR
100
AcDbLine
 10
32450.0
 20
3600.0
 30
0.0
 11
32450.0
 21
4700.0
 31
0.0
1001
FLOORFORGE
1000
floor:1
1000
preliminary
  0
LINE
  5
4EC
330
17
100
AcDbEntity
  8
A-STAIR
100
AcDbLine
 10
32450.0
 20
4900.0
 30
0.0
 11
32450.0
 21
6000.0
 31
0.0
1001
FLOORFORGE
1000
floor:1
1000
preliminary
  0
LINE
  5
4ED
330
17
100
AcDbEntity
  8
A-STAIR
100
AcDbLine
 10
32200.0
 20
3600.0
 30
0.0
 11
32200.0
 21
4700.0
 31
0.0
1001
FLOORFORGE
1000
floor:1
1000
preliminary
  0
LINE
  5
4EE
330
17
100
AcDbEntity
  8
A-STAIR
100
AcDbLine
 10
32200.0
 20
4900.0
 30
0.0
 11
32200.0
 21
6000.0
 31
0.0
1001
FLOORFORGE
1000
floor:1
1000
preliminary
  0
LINE
  5
4EF
330
17
100
AcDbEntity
  8
A-STAIR
100
AcDbLine
 10
31950.0
 20
3600.0
 30
0.0
 11
31950.0
 21
4700.0
 31
0.0
1001
FLOORFORGE
1000
floor:1
1000
preliminary
  0
LINE
  5
4F0
330
17
100
AcDbEntity
  8
A-STAIR
100
AcDbLine
 10
31950.0
 20
4900.0
 30
0.0
 11
31950.0
 21
6000.0
 31
0.0
1001
FLOORFORGE
1000
floor:1
1000
preliminary
  0
LINE
  5
4F1
330
17
100
AcDbEntity
  8
A-STAIR
100
AcDbLine
 10
31700.0
 20
3600.0
 30
0.0
 11
31700.0
 21
4700.0
 31
0.0
1001
FLOORFORGE
1000
floor:1
1000
preliminary
  0
LINE
  5
4F2
330
17
100
AcDbEntity
  8
A-STAIR
100
AcDbLine
 10
31700.0
 20
4900.0
 30
0.0
 11
31700.0
 21
6000.0
 31
0.0
1001
FLOORFORGE
1000
floor:1
1000
preliminary
  0
LINE
  5
4F3
330
17
100
AcDbEntity
  8
A-STAIR
100
AcDbLine
 10
31450.0
 20
3600.0
 30
0.0
 11
31450.0
 21
4700.0
 31
0.0
1001
FLOORFORGE
1000
floor:1
1000
preliminary
  0
LINE
  5
4F4
330
17
100
AcDbEntity
  8
A-STAIR
100
AcDbLine
 10
31450.0
 20
4900.0
 30
0.0
 11
31450.0
 21
6000.0
 31
0.0
1001
FLOORFORGE
1000
floor:1
1000
preliminary
  0
LWPOLYLINE
  5
4F5
330
17
100
AcDbEntity
  8
A-STAIR
100
AcDbPolyline
 90
4
 70
0
 10
33450.0
 20
4150.0
 10
30869.0
 20
4150.0
 10
30869.0
 20
5450.0
 10
33450.0
 20
5450.0
1001
FLOORFORGE
1000
floor:1
1000
preliminary
  0
LWPOLYLINE
  5
4F6
330
17
100
AcDbEntity
  8
A-STAIR
100
AcDbPolyline
 90
3
 70
1
 10
33310.0
 20
5380.0
 10
33310.0
 20
5520.0
 10
33450.0
 20
5450.0
1001
FLOORFORGE
1000
floor:1
1000
preliminary
  0
HATCH
  5
4F7
330
17
100
AcDbEntity
  8
A-STAIR
 62
7
100
AcDbHatch
 10
0.0
 20
0.0
 30
0.0
210
0.0
220
0.0
230
1.0
  2
SOLID
 70
1
 71
0
 91
1
 92
3
 72
0
 73
1
 93
3
 10
33310.0
 20
5380.0
 10
33310.0
 20
5520.0
 10
33450.0
 20
5450.0
 97
0
 75
0
 76
1
 98
0
  0
TEXT
  5
4F8
330
17
100
AcDbEntity
  8
A-STAIR
100
AcDbText
 10
33710.0
 20
4150.0
 30
0.0
 40
170.0
  1
UP TO ROOF
 72
1
 11
33710.0
 21
4150.0
 31
0.0
100
AcDbText
 73
1
1001
FLOORFORGE
1000
floor:1
1000
preliminary
  0
TEXT
  5
4F9
330
17
100
AcDbEntity
  8
A-STAIR
100
AcDbText
 10
34312.0
 20
4800.0
 30
0.0
 40
140.0
  1
18R @ 175 / T 250
 72
1
 11
34312.0
 21
4800.0
 31
0.0
100
AcDbText
 73
1
1001
FLOORFORGE
1000
floor:1
1000
preliminary
  0
LWPOLYLINE
  5
4FA
330
17
100
AcDbEntity
  8
A-FURN
100
AcDbPolyline
 90
4
 70
1
 10
39068.0
 20
11020.0
 10
39068.0
 20
11480.0
 10
38348.0
 20
11480.0
 10
38348.0
 20
11020.0
1001
FLOORFORGE
1000
floor:1
1000
preliminary
  0
LWPOLYLINE
  5
4FB
330
17
100
AcDbEntity
  8
A-FURN
100
AcDbPolyline
 90
4
 70
1
 10
39068.0
 20
10399.999999999998
 10
39068.0
 20
10899.999999999998
 10
38668.0
 20
10899.999999999998
 10
38668.0
 20
10399.999999999998
1001
FLOORFORGE
1000
floor:1
1000
preliminary
  0
LWPOLYLINE
  5
4FC
330
17
100
AcDbEntity
  8
A-FURN
100
AcDbPolyline
 90
4
 70
1
 10
42806.0
 20
10312.000000000002
 10
42806.0
 20
12482.000000000002
 10
40906.0
 20
12482.000000000002
 10
40906.0
 20
10312.000000000002
1001
FLOORFORGE
1000
floor:1
1000
preliminary
  0
LWPOLYLINE
  5
4FD
330
17
100
AcDbEntity
  8
A-FURN
100
AcDbPolyline
 90
4
 70
1
 10
42638.0
 20
8550.0
 10
42638.0
 20
9150.0
 10
40238.0
 20
9150.0
 10
40238.0
 20
8550.0
1001
FLOORFORGE
1000
floor:1
1000
preliminary
  0
LWPOLYLINE
  5
4FE
330
17
100
AcDbEntity
  8
A-FURN
100
AcDbPolyline
 90
4
 70
1
 10
32508.0
 20
8570.0
 10
32508.0
 20
10740.0
 10
30808.0
 20
10740.0
 10
30808.0
 20
8570.0
1001
FLOORFORGE
1000
floor:1
1000
preliminary
  0
LWPOLYLINE
  5
4FF
330
17
100
AcDbEntity
  8
A-FURN
100
AcDbPolyline
 90
4
 70
1
 10
35738.0
 20
9450.000000000002
 10
35738.0
 20
11550.000000000002
 10
35138.0
 20
11550.000000000002
 10
35138.0
 20
9450.000000000002
1001
FLOORFORGE
1000
floor:1
1000
preliminary
  0
LWPOLYLINE
  5
500
330
17
100
AcDbEntity
  8
A-FURN
100
AcDbPolyline
 90
4
 70
1
 10
37312.0
 20
2900.0000000000005
 10
37312.0
 20
4130.000000000001
 10
35712.0
 20
4130.000000000001
 10
35712.0
 20
2900.0000000000005
1001
FLOORFORGE
1000
floor:1
1000
preliminary
  0
LWPOLYLINE
  5
501
330
17
100
AcDbEntity
  8
A-FURN
100
AcDbPolyline
 90
4
 70
1
 10
44288.0
 20
2060.0
 10
44963.0
 20
2060.0
 10
44963.0
 20
3940.0
 10
44288.0
 20
3940.0
1001
FLOORFORGE
1000
floor:1
1000
preliminary
  0
TEXT
  5
502
330
17
100
AcDbEntity
  8
A-ANNO
100
AcDbText
 10
38488.0
 20
11160.5
 30
0.0
 40
170.0
  1
SHARED UPPER BATHROOM
 72
1
 11
38488.0
 21
11160.5
 31
0.0
100
AcDbText
 73
1
1001
FLOORFORGE
1000
floor:1
1000
preliminary
  0
TEXT
  5
503
330
17
100
AcDbEntity
  8
A-ANNO
100
AcDbText
 10
38488.0
 20
10925.5
 30
0.0
 40
130.0
  1
1.20 x 2.80
 72
1
 11
38488.0
 21
10925.5
 31
0.0
100
AcDbText
 73
1
1001
FLOORFORGE
1000
floor:1
1000
preliminary
  0
TEXT
  5
504
330
17
100
AcDbEntity
  8
A-ANNO
100
AcDbText
 10
38488.0
 20
10743.5
 30
0.0
 40
130.0
  1
3.4 m2
 72
1
 11
38488.0
 21
10743.5
 31
0.0
100
AcDbText
 73
1
1001
FLOORFORGE
1000
floor:1
1000
preliminary
  0
TEXT
  5
505
330
17
100
AcDbEntity
  8
A-ANNO
100
AcDbText
 10
42332.0
 20
10603.0
 30
0.0
 40
220.0
  1
MASTER SUITE · TERRACE ACCESS
 72
1
 11
42332.0
 21
10603.0
 31
0.0
100
AcDbText
 73
1
1001
FLOORFORGE
1000
floor:1
1000
preliminary
  0
TEXT
  5
506
330
17
100
AcDbEntity
  8
A-ANNO
100
AcDbText
 10
42332.0
 20
10323.5
 30
0.0
 40
150.0
  1
6.19 x 3.95
 72
1
 11
42332.0
 21
10323.5
 31
0.0
100
AcDbText
 73
1
1001
FLOORFORGE
1000
floor:1
1000
preliminary
  0
TEXT
  5
507
330
17
100
AcDbEntity
  8
A-ANNO
100
AcDbText
 10
42332.0
 20
10113.5
 30
0.0
 40
150.0
  1
24.5 m2
 72
1
 11
42332.0
 21
10113.5
 31
0.0
100
AcDbText
 73
1
1001
FLOORFORGE
1000
floor:1
1000
preliminary
  0
TEXT
  5
508
330
17
100
AcDbEntity
  8
A-ANNO
100
AcDbText
 10
33013.0
 20
10127.0
 30
0.0
 40
220.0
  1
BEDROOM 2 · PRIVATE BALCONY
 72
1
 11
33013.0
 21
10127.0
 31
0.0
100
AcDbText
 73
1
1001
FLOORFORGE
1000
floor:1
1000
preliminary
  0
TEXT
  5
509
330
17
100
AcDbEntity
  8
A-ANNO
100
AcDbText
 10
33013.0
 20
9847.5
 30
0.0
 40
150.0
  1
5.45 x 3.00
 72
1
 11
33013.0
 21
9847.5
 31
0.0
100
AcDbText
 73
1
1001
FLOORFORGE
1000
floor:1
1000
preliminary
  0
TEXT
  5
50A
330
17
100
AcDbEntity
  8
A-ANNO
100
AcDbText
 10
33013.0
 20
9637.5
 30
0.0
 40
150.0
  1
16.4 m2
 72
1
 11
33013.0
 21
9637.5
 31
0.0
100
AcDbText
 73
1
1001
FLOORFORGE
1000
floor:1
1000
preliminary
  0
TEXT
  5
50B
330
17
100
AcDbEntity
  8
A-ANNO
100
AcDbText
 10
33113.0
 20
13090.0
 30
0.0
 40
220.0
  1
BEDROOM 2 · PRIVATE REAR BALCONY
 72
1
 11
33113.0
 21
13090.0
 31
0.0
100
AcDbText
 73
1
1001
FLOORFORGE
1000
floor:1
1000
preliminary
  0
TEXT
  5
50C
330
17
100
AcDbEntity
  8
A-ANNO
100
AcDbText
 10
33113.0
 20
12810.5
 30
0.0
 40
150.0
  1
5.95 x 2.53*
 72
1
 11
33113.0
 21
12810.5
 31
0.0
100
AcDbText
 73
1
1001
FLOORFORGE
1000
floor:1
1000
preliminary
  0
TEXT
  5
50D
330
17
100
AcDbEntity
  8
A-ANNO
100
AcDbText
 10
33113.0
 20
12600.5
 30
0.0
 40
150.0
  1
15.6 m2
 72
1
 11
33113.0
 21
12600.5
 31
0.0
100
AcDbText
 73
1
1001
FLOORFORGE
1000
floor:1
1000
preliminary
  0
TEXT
  5
50E
330
17
100
AcDbEntity
  8
A-ANNO
100
AcDbText
 10
46251.0
 20
7959.5
 30
0.0
 40
170.0
  1
OPEN SKY ABOVE VERANDA GARDEN
 72
1
 11
46251.0
 21
7959.5
 31
0.0
100
AcDbText
 73
1
1001
FLOORFORGE
1000
floor:1
1000
preliminary
  0
TEXT
  5
50F
330
17
100
AcDbEntity
  8
A-ANNO
100
AcDbText
 10
46251.0
 20
7724.5
 30
0.0
 40
130.0
  1
1.65 x 1.00
 72
1
 11
46251.0
 21
7724.5
 31
0.0
100
AcDbText
 73
1
1001
FLOORFORGE
1000
floor:1
1000
preliminary
  0
TEXT
  5
510
330
17
100
AcDbEntity
  8
A-ANNO
100
AcDbText
 10
46251.0
 20
7542.5
 30
0.0
 40
130.0
  1
1.6 m2
 72
1
 11
46251.0
 21
7542.5
 31
0.0
100
AcDbText
 73
1
1001
FLOORFORGE
1000
floor:1
1000
preliminary
  0
TEXT
  5
511
330
17
100
AcDbEntity
  8
A-ANNO
100
AcDbText
 10
40223.9375
 20
6847.3125
 30
0.0
 40
220.0
  1
DOUBLE-HEIGHT LIVING · OPEN BELOW
 72
1
 11
40223.9375
 21
6847.3125
 31
0.0
100
AcDbText
 73
1
1001
FLOORFORGE
1000
floor:1
1000
preliminary
  0
TEXT
  5
512
330
17
100
AcDbEntity
  8
A-ANNO
100
AcDbText
 10
40223.9375
 20
6567.8125
 30
0.0
 40
150.0
  1
4.32 x 1.75*
 72
1
 11
40223.9375
 21
6567.8125
 31
0.0
100
AcDbText
 73
1
1001
FLOORFORGE
1000
floor:1
1000
preliminary
  0
TEXT
  5
513
330
17
100
AcDbEntity
  8
A-ANNO
100
AcDbText
 10
40223.9375
 20
6357.8125
 30
0.0
 40
150.0
  1
10.7 m2
 72
1
 11
40223.9375
 21
6357.8125
 31
0.0
100
AcDbText
 73
1
1001
FLOORFORGE
1000
floor:1
1000
preliminary
  0
TEXT
  5
514
330
17
100
AcDbEntity
  8
A-ANNO
100
AcDbText
 10
39712.0
 20
3127.0
 30
0.0
 40
220.0
  1
UPPER ARRIVAL LOBBY
 72
1
 11
39712.0
 21
3127.0
 31
0.0
100
AcDbText
 73
1
1001
FLOORFORGE
1000
floor:1
1000
preliminary
  0
TEXT
  5
515
330
17
100
AcDbEntity
  8
A-ANNO
100
AcDbText
 10
35627.8203125
 20
7589.3046875
 30
0.0
 40
220.0
  1
OVERLOOKING LIVING LOBBY
 72
1
 11
35627.8203125
 21
7589.3046875
 31
0.0
100
AcDbText
 73
1
1001
FLOORFORGE
1000
floor:1
1000
preliminary
  0
TEXT
  5
516
330
17
100
AcDbEntity
  8
A-ANNO
100
AcDbText
 10
36537.0
 20
3127.0
 30
0.0
 40
220.0
  1
STUDIO AND OFFICE · SOUTHEAST
 72
1
 11
36537.0
 21
3127.0
 31
0.0
100
AcDbText
 73
1
1001
FLOORFORGE
1000
floor:1
1000
preliminary
  0
TEXT
  5
517
330
17
100
AcDbEntity
  8
A-ANNO
100
AcDbText
 10
36537.0
 20
2847.5
 30
0.0
 40
150.0
  1
3.55 x 2.20
 72
1
 11
36537.0
 21
2847.5
 31
0.0
100
AcDbText
 73
1
1001
FLOORFORGE
1000
floor:1
1000
preliminary
  0
TEXT
  5
518
330
17
100
AcDbEntity
  8
A-ANNO
100
AcDbText
 10
36537.0
 20
2637.5
 30
0.0
 40
150.0
  1
7.8 m2
 72
1
 11
36537.0
 21
2637.5
 31
0.0
100
AcDbText
 73
1
1001
FLOORFORGE
1000
floor:1
1000
preliminary
  0
TEXT
  5
519
330
17
100
AcDbEntity
  8
A-ANNO
100
AcDbText
 10
32450.0
 20
6077.0
 30
0.0
 40
220.0
  1
OPEN STAIRCASE · ROOF ACCESS
 72
1
 11
32450.0
 21
6077.0
 31
0.0
100
AcDbText
 73
1
1001
FLOORFORGE
1000
floor:1
1000
preliminary
  0
TEXT
  5
51A
330
17
100
AcDbEntity
  8
A-ANNO
100
AcDbText
 10
33962.0
 20
2684.5
 30
0.0
 40
170.0
  1
STUDIO TERRACE RETURN
 72
1
 11
33962.0
 21
2684.5
 31
0.0
100
AcDbText
 73
1
1001
FLOORFORGE
1000
floor:1
1000
preliminary
  0
TEXT
  5
51B
330
17
100
AcDbEntity
  8
A-ANNO
100
AcDbText
 10
33962.0
 20
2449.5
 30
0.0
 40
130.0
  1
1.30 x 1.65
 72
1
 11
33962.0
 21
2449.5
 31
0.0
100
AcDbText
 73
1
1001
FLOORFORGE
1000
floor:1
1000
preliminary
  0
TEXT
  5
51C
330
17
100
AcDbEntity
  8
A-ANNO
100
AcDbText
 10
33962.0
 20
2267.5
 30
0.0
 40
130.0
  1
2.1 m2
 72
1
 11
33962.0
 21
2267.5
 31
0.0
100
AcDbText
 73
1
1001
FLOORFORGE
1000
floor:1
1000
preliminary
  0
TEXT
  5
51D
330
17
100
AcDbEntity
  8
A-ANNO
100
AcDbText
 10
43168.30078125
 20
3267.91796875
 30
0.0
 40
220.0
  1
L-SHAPED OPEN TERRACE · EAST AND NORTH
 72
1
 11
43168.30078125
 21
3267.91796875
 31
0.0
100
AcDbText
 73
1
1001
FLOORFORGE
1000
floor:1
1000
preliminary
  0
TEXT
  5
51E
330
17
100
AcDbEntity
  8
A-ANNO
100
AcDbText
 10
43168.30078125
 20
2988.41796875
 30
0.0
 40
150.0
  1
4.12 x 5.80*
 72
1
 11
43168.30078125
 21
2988.41796875
 31
0.0
100
AcDbText
 73
1
1001
FLOORFORGE
1000
floor:1
1000
preliminary
  0
TEXT
  5
51F
330
17
100
AcDbEntity
  8
A-ANNO
100
AcDbText
 10
43168.30078125
 20
2778.41796875
 30
0.0
 40
150.0
  1
37.9 m2
 72
1
 11
43168.30078125
 21
2778.41796875
 31
0.0
100
AcDbText
 73
1
1001
FLOORFORGE
1000
floor:1
1000
preliminary
  0
TEXT
  5
520
330
17
100
AcDbEntity
  8
A-ANNO
100
AcDbText
 10
46926.0
 20
11365.0
 30
0.0
 40
220.0
  1
NORTH TERRACE AROUND DAYLIGHT GARDEN
 72
1
 11
46926.0
 21
11365.0
 31
0.0
100
AcDbText
 73
1
1001
FLOORFORGE
1000
floor:1
1000
preliminary
  0
TEXT
  5
521
330
17
100
AcDbEntity
  8
A-ANNO
100
AcDbText
 10
46926.0
 20
11085.5
 30
0.0
 40
150.0
  1
2.70 x 5.78*
 72
1
 11
46926.0
 21
11085.5
 31
0.0
100
AcDbText
 73
1
1001
FLOORFORGE
1000
floor:1
1000
preliminary
  0
TEXT
  5
522
330
17
100
AcDbEntity
  8
A-ANNO
100
AcDbText
 10
46926.0
 20
10875.5
 30
0.0
 40
150.0
  1
30.8 m2
 72
1
 11
46926.0
 21
10875.5
 31
0.0
100
AcDbText
 73
1
1001
FLOORFORGE
1000
floor:1
1000
preliminary
  0
DIMENSION
  5
523
330
17
100
AcDbEntity
  8
A-DIMS
100
AcDbDimension
280
0
  2
*D19
  3
FF-ARCH
 10
30138.0
 20
-550.0
 30
0.0
 11
39207.0
 21
-400.0
 31
0.0
 70
32
 71
5
  1
<>
100
AcDbAlignedDimension
 13
30138.0
 23
0.0
 33
0.0
 14
48276.0
 24
0.0
 34
0.0
 50
0.0
100
AcDbRotatedDimension
1001
FLOORFORGE
1000
floor:1
1000
preliminary
  0
DIMENSION
  5
532
330
17
100
AcDbEntity
  8
A-DIMS
100
AcDbDimension
280
0
  2
*D20
  3
FF-ARCH
 10
30138.0
 20
14876.0
 30
0.0
 11
39207.0
 21
15026.0
 31
0.0
 70
32
 71
5
  1
<>
100
AcDbAlignedDimension
 13
30138.0
 23
14326.0
 33
0.0
 14
48276.0
 24
14326.0
 34
0.0
 50
0.0
100
AcDbRotatedDimension
1001
FLOORFORGE
1000
floor:1
1000
preliminary
  0
DIMENSION
  5
541
330
17
100
AcDbEntity
  8
A-DIMS
100
AcDbDimension
280
0
  2
*D21
  3
FF-ARCH
 10
29588.0
 20
0.0
 30
0.0
 11
29438.0
 21
7163.0
 31
0.0
 70
32
 71
5
  1
<>
100
AcDbAlignedDimension
 13
30138.0
 23
0.0
 33
0.0
 14
30138.0
 24
14326.0
 34
0.0
 50
90.0
100
AcDbRotatedDimension
1001
FLOORFORGE
1000
floor:1
1000
preliminary
  0
DIMENSION
  5
550
330
17
100
AcDbEntity
  8
A-DIMS
100
AcDbDimension
280
0
  2
*D22
  3
FF-ARCH
 10
48826.0
 20
0.0
 30
0.0
 11
48676.0
 21
7163.0
 31
0.0
 70
32
 71
5
  1
<>
100
AcDbAlignedDimension
 13
48276.0
 23
0.0
 33
0.0
 14
48276.0
 24
14326.0
 34
0.0
 50
90.0
100
AcDbRotatedDimension
1001
FLOORFORGE
1000
floor:1
1000
preliminary
  0
LINE
  5
55F
330
17
100
AcDbEntity
  8
A-GRID
100
AcDbLine
 10
30213.0
 20
-200.0
 30
0.0
 11
30213.0
 21
16126.0
 31
0.0
1001
FLOORFORGE
1000
floor:1
1000
preliminary
  0
CIRCLE
  5
560
330
17
100
AcDbEntity
  8
A-GRID
100
AcDbCircle
 10
30213.0
 20
16426.0
 30
0.0
 40
300.0
1001
FLOORFORGE
1000
floor:1
1000
preliminary
  0
TEXT
  5
561
330
17
100
AcDbEntity
  8
A-GRID
100
AcDbText
 10
30213.0
 20
16336.0
 30
0.0
 40
220.0
  1
A
 72
1
 11
30213.0
 21
16336.0
 31
0.0
100
AcDbText
 73
1
1001
FLOORFORGE
1000
floor:1
1000
preliminary
  0
LINE
  5
562
330
17
100
AcDbEntity
  8
A-GRID
100
AcDbLine
 10
34687.0
 20
-200.0
 30
0.0
 11
34687.0
 21
16126.0
 31
0.0
1001
FLOORFORGE
1000
floor:1
1000
preliminary
  0
CIRCLE
  5
563
330
17
100
AcDbEntity
  8
A-GRID
100
AcDbCircle
 10
34687.0
 20
16426.0
 30
0.0
 40
300.0
1001
FLOORFORGE
1000
floor:1
1000
preliminary
  0
TEXT
  5
564
330
17
100
AcDbEntity
  8
A-GRID
100
AcDbText
 10
34687.0
 20
16336.0
 30
0.0
 40
220.0
  1
B
 72
1
 11
34687.0
 21
16336.0
 31
0.0
100
AcDbText
 73
1
1001
FLOORFORGE
1000
floor:1
1000
preliminary
  0
LINE
  5
565
330
17
100
AcDbEntity
  8
A-GRID
100
AcDbLine
 10
45501.0
 20
-200.0
 30
0.0
 11
45501.0
 21
16126.0
 31
0.0
1001
FLOORFORGE
1000
floor:1
1000
preliminary
  0
CIRCLE
  5
566
330
17
100
AcDbEntity
  8
A-GRID
100
AcDbCircle
 10
45501.0
 20
16426.0
 30
0.0
 40
300.0
1001
FLOORFORGE
1000
floor:1
1000
preliminary
  0
TEXT
  5
567
330
17
100
AcDbEntity
  8
A-GRID
100
AcDbText
 10
45501.0
 20
16336.0
 30
0.0
 40
220.0
  1
C
 72
1
 11
45501.0
 21
16336.0
 31
0.0
100
AcDbText
 73
1
1001
FLOORFORGE
1000
floor:1
1000
preliminary
  0
LINE
  5
568
330
17
100
AcDbEntity
  8
A-GRID
100
AcDbLine
 10
28338.0
 20
8475.0
 30
0.0
 11
48476.0
 21
8475.0
 31
0.0
1001
FLOORFORGE
1000
floor:1
1000
preliminary
  0
CIRCLE
  5
569
330
17
100
AcDbEntity
  8
A-GRID
100
AcDbCircle
 10
28038.0
 20
8475.0
 30
0.0
 40
300.0
1001
FLOORFORGE
1000
floor:1
1000
preliminary
  0
TEXT
  5
56A
330
17
100
AcDbEntity
  8
A-GRID
100
AcDbText
 10
28038.0
 20
8385.0
 30
0.0
 40
220.0
  1
1
 72
1
 11
28038.0
 21
8385.0
 31
0.0
100
AcDbText
 73
1
1001
FLOORFORGE
1000
floor:1
1000
preliminary
  0
LINE
  5
56B
330
17
100
AcDbEntity
  8
A-GRID
100
AcDbLine
 10
28338.0
 20
12577.0
 30
0.0
 11
48476.0
 21
12577.0
 31
0.0
1001
FLOORFORGE
1000
floor:1
1000
preliminary
  0
CIRCLE
  5
56C
330
17
100
AcDbEntity
  8
A-GRID
100
AcDbCircle
 10
28038.0
 20
12577.0
 30
0.0
 40
300.0
1001
FLOORFORGE
1000
floor:1
1000
preliminary
  0
TEXT
  5
56D
330
17
100
AcDbEntity
  8
A-GRID
100
AcDbText
 10
28038.0
 20
12487.0
 30
0.0
 40
220.0
  1
2
 72
1
 11
28038.0
 21
12487.0
 31
0.0
100
AcDbText
 73
1
1001
FLOORFORGE
1000
floor:1
1000
preliminary
  0
LWPOLYLINE
  5
56E
330
17
100
AcDbEntity
  8
A-LEVL
100
AcDbPolyline
 90
3
 70
1
 10
37578.0
 20
10391.0
 10
37798.0
 20
10391.0
 10
37688.0
 20
10201.0
1001
FLOORFORGE
1000
floor:1
1000
preliminary
  0
HATCH
  5
56F
330
17
100
AcDbEntity
  8
A-LEVL
 62
7
100
AcDbHatch
 10
0.0
 20
0.0
 30
0.0
210
0.0
220
0.0
230
1.0
  2
SOLID
 70
1
 71
0
 91
1
 92
3
 72
0
 73
1
 93
3
 10
37578.0
 20
10391.0
 10
37798.0
 20
10391.0
 10
37688.0
 20
10201.0
 97
0
 75
0
 76
1
 98
0
  0
LINE
  5
570
330
17
100
AcDbEntity
  8
A-LEVL
100
AcDbLine
 10
37308.0
 20
10201.0
 30
0.0
 11
38068.0
 21
10201.0
 31
0.0
1001
FLOORFORGE
1000
floor:1
1000
preliminary
  0
TEXT
  5
571
330
17
100
AcDbEntity
  8
A-LEVL
100
AcDbText
 10
37858.0
 20
10261.0
 30
0.0
 40
160.0
  1
FFL +3.600
 11
37858.0
 21
10261.0
 31
0.0
100
AcDbText
1001
FLOORFORGE
1000
floor:1
1000
preliminary
  0
LINE
  5
572
330
17
100
AcDbEntity
  8
A-SECT
100
AcDbLine
 10
30838.0
 20
-100.0
 30
0.0
 11
30838.0
 21
-1570.0
 31
0.0
1001
FLOORFORGE
1000
floor:1
1000
preliminary
  0
LINE
  5
573
330
17
100
AcDbEntity
  8
A-SECT
100
AcDbLine
 10
30838.0
 20
-1570.0
 30
0.0
 11
30838.0
 21
-1870.0
 31
0.0
1001
FLOORFORGE
1000
floor:1
1000
preliminary
  0
CIRCLE
  5
574
330
17
100
AcDbEntity
  8
A-SECT
100
AcDbCircle
 10
30838.0
 20
-2150.0
 30
0.0
 40
280.0
1001
FLOORFORGE
1000
floor:1
1000
preliminary
  0
TEXT
  5
575
330
17
100
AcDbEntity
  8
A-SECT
100
AcDbText
 10
30838.0
 20
-2235.0
 30
0.0
 40
220.0
  1
A
 72
1
 11
30838.0
 21
-2235.0
 31
0.0
100
AcDbText
 73
1
1001
FLOORFORGE
1000
floor:1
1000
preliminary
  0
LWPOLYLINE
  5
576
330
17
100
AcDbEntity
  8
A-SECT
100
AcDbPolyline
 90
3
 70
1
 10
30558.0
 20
-2270.0
 10
30218.0
 20
-2150.0
 10
30558.0
 20
-2030.0
1001
FLOORFORGE
1000
floor:1
1000
preliminary
  0
HATCH
  5
577
330
17
100
AcDbEntity
  8
A-SECT
 62
7
100
AcDbHatch
 10
0.0
 20
0.0
 30
0.0
210
0.0
220
0.0
230
1.0
  2
SOLID
 70
1
 71
0
 91
1
 92
3
 72
0
 73
1
 93
3
 10
30558.0
 20
-2270.0
 10
30218.0
 20
-2150.0
 10
30558.0
 20
-2030.0
 97
0
 75
0
 76
1
 98
0
  0
LINE
  5
578
330
17
100
AcDbEntity
  8
A-SECT
100
AcDbLine
 10
30838.0
 20
14426.0
 30
0.0
 11
30838.0
 21
16496.0
 31
0.0
1001
FLOORFORGE
1000
floor:1
1000
preliminary
  0
LINE
  5
579
330
17
100
AcDbEntity
  8
A-SECT
100
AcDbLine
 10
30838.0
 20
16496.0
 30
0.0
 11
30838.0
 21
16796.0
 31
0.0
1001
FLOORFORGE
1000
floor:1
1000
preliminary
  0
CIRCLE
  5
57A
330
17
100
AcDbEntity
  8
A-SECT
100
AcDbCircle
 10
30838.0
 20
17076.0
 30
0.0
 40
280.0
1001
FLOORFORGE
1000
floor:1
1000
preliminary
  0
TEXT
  5
57B
330
17
100
AcDbEntity
  8
A-SECT
100
AcDbText
 10
30838.0
 20
16991.0
 30
0.0
 40
220.0
  1
A
 72
1
 11
30838.0
 21
16991.0
 31
0.0
100
AcDbText
 73
1
1001
FLOORFORGE
1000
floor:1
1000
preliminary
  0
LWPOLYLINE
  5
57C
330
17
100
AcDbEntity
  8
A-SECT
100
AcDbPolyline
 90
3
 70
1
 10
30558.0
 20
17196.0
 10
30218.0
 20
17076.0
 10
30558.0
 20
16956.0
1001
FLOORFORGE
1000
floor:1
1000
preliminary
  0
HATCH
  5
57D
330
17
100
AcDbEntity
  8
A-SECT
 62
7
100
AcDbHatch
 10
0.0
 20
0.0
 30
0.0
210
0.0
220
0.0
230
1.0
  2
SOLID
 70
1
 71
0
 91
1
 92
3
 72
0
 73
1
 93
3
 10
30558.0
 20
17196.0
 10
30218.0
 20
17076.0
 10
30558.0
 20
16956.0
 97
0
 75
0
 76
1
 98
0
  0
CIRCLE
  5
57E
330
17
100
AcDbEntity
  8
A-ANNO
100
AcDbCircle
 10
26538.0
 20
15726.0
 30
0.0
 40
550.0
1001
FLOORFORGE
1000
floor:1
1000
preliminary
  0
LWPOLYLINE
  5
57F
330
17
100
AcDbEntity
  8
A-WALL
100
AcDbPolyline
 90
3
 70
1
 10
27044.0
 20
15726.0
 10
26235.5
 20
15880.0
 10
26428.0
 20
15726.0
1001
FLOORFORGE
1000
floor:1
1000
preliminary
  0
HATCH
  5
580
330
17
100
AcDbEntity
  8
A-WALL
 62
7
100
AcDbHatch
 10
0.0
 20
0.0
 30
0.0
210
0.0
220
0.0
230
1.0
  2
SOLID
 70
1
 71
0
 91
1
 92
3
 72
0
 73
1
 93
3
 10
27044.0
 20
15726.0
 10
26235.5
 20
15880.0
 10
26428.0
 20
15726.0
 97
0
 75
0
 76
1
 98
0
  0
LWPOLYLINE
  5
581
330
17
100
AcDbEntity
  8
A-WALL
100
AcDbPolyline
 90
3
 70
1
 10
27044.0
 20
15726.0
 10
26235.5
 20
15572.0
 10
26428.0
 20
15726.0
1001
FLOORFORGE
1000
floor:1
1000
preliminary
  0
TEXT
  5
582
330
17
100
AcDbEntity
  8
A-ANNO
100
AcDbText
 10
27348.0
 20
15636.0
 30
0.0
 40
260.0
  1
N
 72
1
 11
27348.0
 21
15636.0
 31
0.0
100
AcDbText
 73
1
1001
FLOORFORGE
1000
floor:1
1000
preliminary
  0
TEXT
  5
583
330
17
100
AcDbEntity
  8
A-ANNO
100
AcDbText
 10
30138.0
 20
-5200.0
 30
0.0
 40
190.0
  1
PRELIMINARY - ENGINEER TO REVIEW - NOT FOR CONSTRUCTION
 11
30138.0
 21
-5200.0
 31
0.0
100
AcDbText
  0
TEXT
  5
584
330
17
100
AcDbEntity
  8
A-ANNO
100
AcDbText
 10
30138.0
 20
19126.0
 30
0.0
 40
210.0
  1
FLOOR 1 / TRUE MILLIMETRES / NO STRUCTURAL CERTIFICATION
 11
30138.0
 21
19126.0
 31
0.0
100
AcDbText
  0
LWPOLYLINE
  5
58C
330
17
100
AcDbEntity
  8
A-FLOR
100
AcDbPolyline
 90
4
 70
1
 10
64750.0
 20
6000.0
 10
63588.0
 20
6000.0
 10
63588.0
 20
3600.0
 10
64750.0
 20
3600.0
1001
FLOORFORGE
1000
floor:2
1000
preliminary
  0
LWPOLYLINE
  5
58D
330
17
100
AcDbEntity
  8
A-FLOR
100
AcDbPolyline
 90
39
 70
1
 10
60276.0
 20
8400.0
 10
60276.0
 20
8475.0
 10
60276.0
 20
8550.0
 10
60276.0
 20
11550.0
 10
60276.0
 20
11625.0
 10
60276.0
 20
11700.0
 10
65876.0
 20
11700.0
 10
65951.0
 20
11700.0
 10
66026.0
 20
11700.0
 10
66026.0
 20
11550.0
 10
66026.0
 20
8550.0
 10
67876.0
 20
8550.0
 10
67876.0
 20
9550.0
 10
67876.0
 20
9625.0
 10
67876.0
 20
9700.0
 10
67876.0
 20
12502.0
 10
67876.0
 20
12577.0
 10
67876.0
 20
12652.0
 10
68026.0
 20
12652.0
 10
69226.0
 20
12652.0
 10
69301.0
 20
12652.0
 10
69376.0
 20
12652.0
 10
75564.0
 20
12652.0
 10
75639.0
 20
12652.0
 10
75714.0
 20
12652.0
 10
75714.0
 20
8400.0
 10
75564.0
 20
8400.0
 10
75489.0
 20
8400.0
 10
71726.0
 20
8400.0
 10
71726.0
 20
8325.0
 10
71726.0
 20
8250.0
 10
71726.0
 20
5800.0
 10
71250.0
 20
5800.0
 10
71250.0
 20
1800.0
 10
64750.0
 20
1800.0
 10
64750.0
 20
3450.0
 10
64900.0
 20
3450.0
 10
64900.0
 20
6150.0
 10
60276.0
 20
6150.0
1001
FLOORFORGE
1000
floor:2
1000
preliminary
  0
LWPOLYLINE
  5
58E
330
17
100
AcDbEntity
  8
A-FLOR
100
AcDbPolyline
 90
43
 70
1
 10
60276.0
 20
8400.0
 10
60276.0
 20
8475.0
 10
60276.0
 20
8550.0
 10
60276.0
 20
11550.0
 10
60276.0
 20
11625.0
 10
60276.0
 20
11700.0
 10
65876.0
 20
11700.0
 10
65951.0
 20
11700.0
 10
66026.0
 20
11700.0
 10
66026.0
 20
11550.0
 10
66026.0
 20
8550.0
 10
67876.0
 20
8550.0
 10
67876.0
 20
9550.0
 10
67876.0
 20
9625.0
 10
67876.0
 20
9700.0
 10
67876.0
 20
12502.0
 10
67876.0
 20
12577.0
 10
67876.0
 20
12652.0
 10
68026.0
 20
12652.0
 10
69226.0
 20
12652.0
 10
69301.0
 20
12652.0
 10
69376.0
 20
12652.0
 10
75564.0
 20
12652.0
 10
75639.0
 20
12652.0
 10
75714.0
 20
12652.0
 10
75714.0
 20
8400.0
 10
75564.0
 20
8400.0
 10
75489.0
 20
8400.0
 10
71726.0
 20
8400.0
 10
71726.0
 20
8325.0
 10
71726.0
 20
8250.0
 10
71726.0
 20
5800.0
 10
71250.0
 20
5800.0
 10
71250.0
 20
1800.0
 10
64750.0
 20
1800.0
 10
64750.0
 20
3450.0
 10
63450.0
 20
3450.0
 10
63375.0
 20
3450.0
 10
60426.0
 20
3450.0
 10
60351.0
 20
3450.0
 10
60276.0
 20
3450.0
 10
60276.0
 20
3600.0
 10
60276.0
 20
8400.0
1001
FLOORFORGE
1000
floor:2
1000
preliminary
  0
LWPOLYLINE
  5
58F
330
17
100
AcDbEntity
  8
A-FLOR
100
AcDbPolyline
 90
7
 70
1
 10
71576.0
 20
8250.0
 10
71576.0
 20
8325.0
 10
71576.0
 20
8400.0
 10
69376.0
 20
8400.0
 10
69376.0
 20
8325.0
 10
69376.0
 20
8250.0
 10
71576.0
 20
8250.0
1001
FLOORFORGE
1000
floor:2
1000
preliminary
  0
LWPOLYLINE
  5
590
330
17
100
AcDbEntity
  8
A-FLOR
100
AcDbPolyline
 90
5
 70
1
 10
60426.0
 20
6000.0
 10
60426.0
 20
3600.0
 10
63588.0
 20
3600.0
 10
63588.0
 20
6000.0
 10
60426.0
 20
6000.0
1001
FLOORFORGE
1000
floor:2
1000
preliminary
  0
LWPOLYLINE
  5
591
330
17
100
AcDbEntity
  8
A-FLOR
100
AcDbPolyline
 90
37
 70
0
 10
60276.0
 20
6151.0
 10
60276.0
 20
8400.0
 10
60276.0
 20
8475.0
 10
60276.0
 20
8550.0
 10
60276.0
 20
11550.0
 10
60276.0
 20
11625.0
 10
60276.0
 20
11700.0
 10
65876.0
 20
11700.0
 10
65951.0
 20
11700.0
 10
66026.0
 20
11700.0
 10
66026.0
 20
11550.0
 10
66026.0
 20
8550.0
 10
67876.0
 20
8550.0
 10
67876.0
 20
9550.0
 10
67876.0
 20
9625.0
 10
67876.0
 20
9700.0
 10
67876.0
 20
12502.0
 10
67876.0
 20
12577.0
 10
67876.0
 20
12652.0
 10
68026.0
 20
12652.0
 10
69226.0
 20
12652.0
 10
69301.0
 20
12652.0
 10
69376.0
 20
12652.0
 10
75564.0
 20
12652.0
 10
75639.0
 20
12652.0
 10
75714.0
 20
12652.0
 10
75714.0
 20
8400.0
 10
75564.0
 20
8400.0
 10
75489.0
 20
8400.0
 10
71726.0
 20
8400.0
 10
71726.0
 20
8325.0
 10
71726.0
 20
8250.0
 10
71726.0
 20
5800.0
 10
71250.0
 20
5800.0
 10
71250.0
 20
1800.0
 10
64750.0
 20
1800.0
 10
64750.0
 20
3449.0
1001
FLOORFORGE
1000
floor:2
1000
preliminary
  0
LWPOLYLINE
  5
592
330
17
100
AcDbEntity
  8
A-FLOR
100
AcDbPolyline
 90
7
 70
0
 10
69376.0
 20
8250.0
 10
71576.0
 20
8250.0
 10
71576.0
 20
8325.0
 10
71576.0
 20
8400.0
 10
69376.0
 20
8400.0
 10
69376.0
 20
8325.0
 10
69376.0
 20
8250.0
1001
FLOORFORGE
1000
floor:2
1000
preliminary
  0
LWPOLYLINE
  5
593
330
17
100
AcDbEntity
  8
A-WALL
100
AcDbPolyline
 90
5
 70
1
 10
64750.0
 20
6075.0
 10
64900.0
 20
6075.0
 10
64900.0
 20
3525.0
 10
64750.0
 20
3525.0
 10
64750.0
 20
6075.0
1001
FLOORFORGE
1000
floor:2
1000
preliminary
  0
HATCH
  5
594
330
17
100
AcDbEntity
  8
A-WALL
 62
7
100
AcDbHatch
 10
0.0
 20
0.0
 30
0.0
210
0.0
220
0.0
230
1.0
  2
SOLID
 70
1
 71
0
 91
1
 92
3
 72
0
 73
1
 93
5
 10
64750.0
 20
6075.0
 10
64900.0
 20
6075.0
 10
64900.0
 20
3525.0
 10
64750.0
 20
3525.0
 10
64750.0
 20
6075.0
 97
0
 75
0
 76
1
 98
0
  0
LWPOLYLINE
  5
595
330
17
100
AcDbEntity
  8
A-WALL
100
AcDbPolyline
 90
5
 70
1
 10
60351.0
 20
6150.0
 10
63719.0
 20
6150.0
 10
63719.0
 20
6000.0
 10
60351.0
 20
6000.0
 10
60351.0
 20
6150.0
1001
FLOORFORGE
1000
floor:2
1000
preliminary
  0
HATCH
  5
596
330
17
100
AcDbEntity
  8
A-WALL
 62
7
100
AcDbHatch
 10
0.0
 20
0.0
 30
0.0
210
0.0
220
0.0
230
1.0
  2
SOLID
 70
1
 71
0
 91
1
 92
3
 72
0
 73
1
 93
5
 10
60351.0
 20
6150.0
 10
63719.0
 20
6150.0
 10
63719.0
 20
6000.0
 10
60351.0
 20
6000.0
 10
60351.0
 20
6150.0
 97
0
 75
0
 76
1
 98
0
  0
LWPOLYLINE
  5
597
330
17
100
AcDbEntity
  8
A-WALL
100
AcDbPolyline
 90
5
 70
1
 10
64825.0
 20
6150.0
 10
64825.0
 20
6000.0
 10
64619.0
 20
6000.0
 10
64619.0
 20
6150.0
 10
64825.0
 20
6150.0
1001
FLOORFORGE
1000
floor:2
1000
preliminary
  0
HATCH
  5
598
330
17
100
AcDbEntity
  8
A-WALL
 62
7
100
AcDbHatch
 10
0.0
 20
0.0
 30
0.0
210
0.0
220
0.0
230
1.0
  2
SOLID
 70
1
 71
0
 91
1
 92
3
 72
0
 73
1
 93
5
 10
64825.0
 20
6150.0
 10
64825.0
 20
6000.0
 10
64619.0
 20
6000.0
 10
64619.0
 20
6150.0
 10
64825.0
 20
6150.0
 97
0
 75
0
 76
1
 98
0
  0
LWPOLYLINE
  5
599
330
17
100
AcDbEntity
  8
A-WALL
100
AcDbPolyline
 90
5
 70
1
 10
60276.0
 20
6075.0
 10
60426.0
 20
6075.0
 10
60426.0
 20
3525.0
 10
60276.0
 20
3525.0
 10
60276.0
 20
6075.0
1001
FLOORFORGE
1000
floor:2
1000
preliminary
  0
HATCH
  5
59A
330
17
100
AcDbEntity
  8
A-WALL
 62
7
100
AcDbHatch
 10
0.0
 20
0.0
 30
0.0
210
0.0
220
0.0
230
1.0
  2
SOLID
 70
1
 71
0
 91
1
 92
3
 72
0
 73
1
 93
5
 10
60276.0
 20
6075.0
 10
60426.0
 20
6075.0
 10
60426.0
 20
3525.0
 10
60276.0
 20
3525.0
 10
60276.0
 20
6075.0
 97
0
 75
0
 76
1
 98
0
  0
LWPOLYLINE
  5
59B
330
17
100
AcDbEntity
  8
A-WALL
100
AcDbPolyline
 90
5
 70
1
 10
60351.0
 20
3450.0
 10
60351.0
 20
3600.0
 10
64825.0
 20
3600.0
 10
64825.0
 20
3450.0
 10
60351.0
 20
3450.0
1001
FLOORFORGE
1000
floor:2
1000
preliminary
  0
HATCH
  5
59C
330
17
100
AcDbEntity
  8
A-WALL
 62
7
100
AcDbHatch
 10
0.0
 20
0.0
 30
0.0
210
0.0
220
0.0
230
1.0
  2
SOLID
 70
1
 71
0
 91
1
 92
3
 72
0
 73
1
 93
5
 10
60351.0
 20
3450.0
 10
60351.0
 20
3600.0
 10
64825.0
 20
3600.0
 10
64825.0
 20
3450.0
 10
60351.0
 20
3450.0
 97
0
 75
0
 76
1
 98
0
  0
LINE
  5
59D
330
17
100
AcDbEntity
  8
A-DOOR
100
AcDbLine
 10
63719.0
 20
6150.0
 30
0.0
 11
63719.0
 21
7050.0
 31
0.0
1001
FLOORFORGE
1000
floor:2
1000
preliminary
  0
LWPOLYLINE
  5
59E
330
17
100
AcDbEntity
  8
A-DOOR
100
AcDbPolyline
 90
18
 70
0
 10
64619.0
 20
6150.0
 10
64615.16075866553
 20
6233.041523516972
 10
64603.67578971551
 20
6315.374566034913
 10
64584.64307885554
 20
6396.296691064875
 10
64558.22500646392
 20
6475.117499568438
 10
64524.64696221956
 20
6551.164520198884
 10
64484.195422156656
 20
6623.7889465896205
 10
64437.215504552216
 20
6692.371172741331
 10
64384.10802549859
 20
6756.326079281902
 10
64325.3260792819
 20
6815.108025498594
 10
64261.37117274133
 20
6868.215504552216
 10
64192.78894658962
 20
6915.195422156653
 10
64120.16452019889
 20
6955.646962219556
 10
64044.11749956844
 20
6989.22500646392
 10
63965.296691064876
 20
7015.643078855537
 10
63884.374566034916
 20
7034.675789715511
 10
63802.04152351697
 20
7046.160758665531
 10
63719.0
 20
7050.0
1001
FLOORFORGE
1000
floor:2
1000
preliminary
  0
TEXT
  5
59F
330
17
100
AcDbEntity
  8
A-TAGS
100
AcDbText
 10
64169.0
 20
5690.0
 30
0.0
 40
150.0
  1
D7
 72
1
 11
64169.0
 21
5690.0
 31
0.0
100
AcDbText
 73
1
1001
FLOORFORGE
1000
floor:2
1000
preliminary
  0
TEXT
  5
5A0
330
17
100
AcDbEntity
  8
A-ANNO
100
AcDbText
 10
64169.0
 20
4859.5
 30
0.0
 40
170.0
  1
ROOF STAIR LANDING
 72
1
 11
64169.0
 21
4859.5
 31
0.0
100
AcDbText
 73
1
1001
FLOORFORGE
1000
floor:2
1000
preliminary
  0
TEXT
  5
5A1
330
17
100
AcDbEntity
  8
A-ANNO
100
AcDbText
 10
68074.14990234375
 20
5135.80029296875
 30
0.0
 40
220.0
  1
ROOF TERRACE
 72
1
 11
68074.14990234375
 21
5135.80029296875
 31
0.0
100
AcDbText
 73
1
1001
FLOORFORGE
1000
floor:2
1000
preliminary
  0
TEXT
  5
5A2
330
17
100
AcDbEntity
  8
A-ANNO
100
AcDbText
 10
68074.14990234375
 20
4856.30029296875
 30
0.0
 40
150.0
  1
6.35 x 6.45*
 72
1
 11
68074.14990234375
 21
4856.30029296875
 31
0.0
100
AcDbText
 73
1
1001
FLOORFORGE
1000
floor:2
1000
preliminary
  0
TEXT
  5
5A3
330
17
100
AcDbEntity
  8
A-ANNO
100
AcDbText
 10
68074.14990234375
 20
4646.30029296875
 30
0.0
 40
150.0
  1
106.0 m2
 72
1
 11
68074.14990234375
 21
4646.30029296875
 31
0.0
100
AcDbText
 73
1
1001
FLOORFORGE
1000
floor:2
1000
preliminary
  0
DIMENSION
  5
5A4
330
17
100
AcDbEntity
  8
A-DIMS
100
AcDbDimension
280
0
  2
*D23
  3
FF-ARCH
 10
60276.0
 20
-550.0
 30
0.0
 11
69345.0
 21
-400.0
 31
0.0
 70
32
 71
5
  1
<>
100
AcDbAlignedDimension
 13
60276.0
 23
0.0
 33
0.0
 14
78414.0
 24
0.0
 34
0.0
 50
0.0
100
AcDbRotatedDimension
1001
FLOORFORGE
1000
floor:2
1000
preliminary
  0
DIMENSION
  5
5B3
330
17
100
AcDbEntity
  8
A-DIMS
100
AcDbDimension
280
0
  2
*D24
  3
FF-ARCH
 10
60276.0
 20
14876.0
 30
0.0
 11
69345.0
 21
15026.0
 31
0.0
 70
32
 71
5
  1
<>
100
AcDbAlignedDimension
 13
60276.0
 23
14326.0
 33
0.0
 14
78414.0
 24
14326.0
 34
0.0
 50
0.0
100
AcDbRotatedDimension
1001
FLOORFORGE
1000
floor:2
1000
preliminary
  0
DIMENSION
  5
5C2
330
17
100
AcDbEntity
  8
A-DIMS
100
AcDbDimension
280
0
  2
*D25
  3
FF-ARCH
 10
59726.0
 20
0.0
 30
0.0
 11
59576.0
 21
7163.0
 31
0.0
 70
32
 71
5
  1
<>
100
AcDbAlignedDimension
 13
60276.0
 23
0.0
 33
0.0
 14
60276.0
 24
14326.0
 34
0.0
 50
90.0
100
AcDbRotatedDimension
1001
FLOORFORGE
1000
floor:2
1000
preliminary
  0
DIMENSION
  5
5D1
330
17
100
AcDbEntity
  8
A-DIMS
100
AcDbDimension
280
0
  2
*D26
  3
FF-ARCH
 10
78964.0
 20
0.0
 30
0.0
 11
78814.0
 21
7163.0
 31
0.0
 70
32
 71
5
  1
<>
100
AcDbAlignedDimension
 13
78414.0
 23
0.0
 33
0.0
 14
78414.0
 24
14326.0
 34
0.0
 50
90.0
100
AcDbRotatedDimension
1001
FLOORFORGE
1000
floor:2
1000
preliminary
  0
LINE
  5
5E0
330
17
100
AcDbEntity
  8
A-GRID
100
AcDbLine
 10
60351.0
 20
-200.0
 30
0.0
 11
60351.0
 21
16126.0
 31
0.0
1001
FLOORFORGE
1000
floor:2
1000
preliminary
  0
CIRCLE
  5
5E1
330
17
100
AcDbEntity
  8
A-GRID
100
AcDbCircle
 10
60351.0
 20
16426.0
 30
0.0
 40
300.0
1001
FLOORFORGE
1000
floor:2
1000
preliminary
  0
TEXT
  5
5E2
330
17
100
AcDbEntity
  8
A-GRID
100
AcDbText
 10
60351.0
 20
16336.0
 30
0.0
 40
220.0
  1
A
 72
1
 11
60351.0
 21
16336.0
 31
0.0
100
AcDbText
 73
1
1001
FLOORFORGE
1000
floor:2
1000
preliminary
  0
LWPOLYLINE
  5
5E3
330
17
100
AcDbEntity
  8
A-LEVL
100
AcDbPolyline
 90
3
 70
1
 10
63240.0
 20
4240.0
 10
63460.0
 20
4240.0
 10
63350.0
 20
4050.0
1001
FLOORFORGE
1000
floor:2
1000
preliminary
  0
HATCH
  5
5E4
330
17
100
AcDbEntity
  8
A-LEVL
 62
7
100
AcDbHatch
 10
0.0
 20
0.0
 30
0.0
210
0.0
220
0.0
230
1.0
  2
SOLID
 70
1
 71
0
 91
1
 92
3
 72
0
 73
1
 93
3
 10
63240.0
 20
4240.0
 10
63460.0
 20
4240.0
 10
63350.0
 20
4050.0
 97
0
 75
0
 76
1
 98
0
  0
LINE
  5
5E5
330
17
100
AcDbEntity
  8
A-LEVL
100
AcDbLine
 10
62970.0
 20
4050.0
 30
0.0
 11
63730.0
 21
4050.0
 31
0.0
1001
FLOORFORGE
1000
floor:2
1000
preliminary
  0
TEXT
  5
5E6
330
17
100
AcDbEntity
  8
A-LEVL
100
AcDbText
 10
63520.0
 20
4110.0
 30
0.0
 40
160.0
  1
FFL +6.750
 11
63520.0
 21
4110.0
 31
0.0
100
AcDbText
1001
FLOORFORGE
1000
floor:2
1000
preliminary
  0
LINE
  5
5E7
330
17
100
AcDbEntity
  8
A-SECT
100
AcDbLine
 10
60976.0
 20
-100.0
 30
0.0
 11
60976.0
 21
-1570.0
 31
0.0
1001
FLOORFORGE
1000
floor:2
1000
preliminary
  0
LINE
  5
5E8
330
17
100
AcDbEntity
  8
A-SECT
100
AcDbLine
 10
60976.0
 20
-1570.0
 30
0.0
 11
60976.0
 21
-1870.0
 31
0.0
1001
FLOORFORGE
1000
floor:2
1000
preliminary
  0
CIRCLE
  5
5E9
330
17
100
AcDbEntity
  8
A-SECT
100
AcDbCircle
 10
60976.0
 20
-2150.0
 30
0.0
 40
280.0
1001
FLOORFORGE
1000
floor:2
1000
preliminary
  0
TEXT
  5
5EA
330
17
100
AcDbEntity
  8
A-SECT
100
AcDbText
 10
60976.0
 20
-2235.0
 30
0.0
 40
220.0
  1
A
 72
1
 11
60976.0
 21
-2235.0
 31
0.0
100
AcDbText
 73
1
1001
FLOORFORGE
1000
floor:2
1000
preliminary
  0
LWPOLYLINE
  5
5EB
330
17
100
AcDbEntity
  8
A-SECT
100
AcDbPolyline
 90
3
 70
1
 10
60696.0
 20
-2270.0
 10
60356.0
 20
-2150.0
 10
60696.0
 20
-2030.0
1001
FLOORFORGE
1000
floor:2
1000
preliminary
  0
HATCH
  5
5EC
330
17
100
AcDbEntity
  8
A-SECT
 62
7
100
AcDbHatch
 10
0.0
 20
0.0
 30
0.0
210
0.0
220
0.0
230
1.0
  2
SOLID
 70
1
 71
0
 91
1
 92
3
 72
0
 73
1
 93
3
 10
60696.0
 20
-2270.0
 10
60356.0
 20
-2150.0
 10
60696.0
 20
-2030.0
 97
0
 75
0
 76
1
 98
0
  0
LINE
  5
5ED
330
17
100
AcDbEntity
  8
A-SECT
100
AcDbLine
 10
60976.0
 20
14426.0
 30
0.0
 11
60976.0
 21
16496.0
 31
0.0
1001
FLOORFORGE
1000
floor:2
1000
preliminary
  0
LINE
  5
5EE
330
17
100
AcDbEntity
  8
A-SECT
100
AcDbLine
 10
60976.0
 20
16496.0
 30
0.0
 11
60976.0
 21
16796.0
 31
0.0
1001
FLOORFORGE
1000
floor:2
1000
preliminary
  0
CIRCLE
  5
5EF
330
17
100
AcDbEntity
  8
A-SECT
100
AcDbCircle
 10
60976.0
 20
17076.0
 30
0.0
 40
280.0
1001
FLOORFORGE
1000
floor:2
1000
preliminary
  0
TEXT
  5
5F0
330
17
100
AcDbEntity
  8
A-SECT
100
AcDbText
 10
60976.0
 20
16991.0
 30
0.0
 40
220.0
  1
A
 72
1
 11
60976.0
 21
16991.0
 31
0.0
100
AcDbText
 73
1
1001
FLOORFORGE
1000
floor:2
1000
preliminary
  0
LWPOLYLINE
  5
5F1
330
17
100
AcDbEntity
  8
A-SECT
100
AcDbPolyline
 90
3
 70
1
 10
60696.0
 20
17196.0
 10
60356.0
 20
17076.0
 10
60696.0
 20
16956.0
1001
FLOORFORGE
1000
floor:2
1000
preliminary
  0
HATCH
  5
5F2
330
17
100
AcDbEntity
  8
A-SECT
 62
7
100
AcDbHatch
 10
0.0
 20
0.0
 30
0.0
210
0.0
220
0.0
230
1.0
  2
SOLID
 70
1
 71
0
 91
1
 92
3
 72
0
 73
1
 93
3
 10
60696.0
 20
17196.0
 10
60356.0
 20
17076.0
 10
60696.0
 20
16956.0
 97
0
 75
0
 76
1
 98
0
  0
CIRCLE
  5
5F3
330
17
100
AcDbEntity
  8
A-ANNO
100
AcDbCircle
 10
56676.0
 20
15726.0
 30
0.0
 40
550.0
1001
FLOORFORGE
1000
floor:2
1000
preliminary
  0
LWPOLYLINE
  5
5F4
330
17
100
AcDbEntity
  8
A-WALL
100
AcDbPolyline
 90
3
 70
1
 10
57182.0
 20
15726.0
 10
56373.5
 20
15880.0
 10
56566.0
 20
15726.0
1001
FLOORFORGE
1000
floor:2
1000
preliminary
  0
HATCH
  5
5F5
330
17
100
AcDbEntity
  8
A-WALL
 62
7
100
AcDbHatch
 10
0.0
 20
0.0
 30
0.0
210
0.0
220
0.0
230
1.0
  2
SOLID
 70
1
 71
0
 91
1
 92
3
 72
0
 73
1
 93
3
 10
57182.0
 20
15726.0
 10
56373.5
 20
15880.0
 10
56566.0
 20
15726.0
 97
0
 75
0
 76
1
 98
0
  0
LWPOLYLINE
  5
5F6
330
17
100
AcDbEntity
  8
A-WALL
100
AcDbPolyline
 90
3
 70
1
 10
57182.0
 20
15726.0
 10
56373.5
 20
15572.0
 10
56566.0
 20
15726.0
1001
FLOORFORGE
1000
floor:2
1000
preliminary
  0
TEXT
  5
5F7
330
17
100
AcDbEntity
  8
A-ANNO
100
AcDbText
 10
57486.0
 20
15636.0
 30
0.0
 40
260.0
  1
N
 72
1
 11
57486.0
 21
15636.0
 31
0.0
100
AcDbText
 73
1
1001
FLOORFORGE
1000
floor:2
1000
preliminary
  0
TEXT
  5
5F8
330
17
100
AcDbEntity
  8
A-ANNO
100
AcDbText
 10
60276.0
 20
-5200.0
 30
0.0
 40
190.0
  1
PRELIMINARY - ENGINEER TO REVIEW - NOT FOR CONSTRUCTION
 11
60276.0
 21
-5200.0
 31
0.0
100
AcDbText
  0
TEXT
  5
5F9
330
17
100
AcDbEntity
  8
A-ANNO
100
AcDbText
 10
60276.0
 20
19126.0
 30
0.0
 40
210.0
  1
FLOOR 2 / TRUE MILLIMETRES / NO STRUCTURAL CERTIFICATION
 11
60276.0
 21
19126.0
 31
0.0
100
AcDbText
  0
ENDSEC
  0
SECTION
  2
OBJECTS
  0
DICTIONARY
  5
A
330
0
100
AcDbDictionary
281
1
  3
ACAD_COLOR
350
B
  3
ACAD_GROUP
350
C
  3
ACAD_LAYOUT
350
D
  3
ACAD_MATERIAL
350
E
  3
ACAD_MLEADERSTYLE
350
F
  3
ACAD_MLINESTYLE
350
10
  3
ACAD_PLOTSETTINGS
350
11
  3
ACAD_PLOTSTYLENAME
350
12
  3
ACAD_SCALELIST
350
14
  3
ACAD_TABLESTYLE
350
15
  3
ACAD_VISUALSTYLE
350
16
  3
EZDXF_META
350
2D
  0
DICTIONARY
  5
B
330
A
100
AcDbDictionary
281
1
  0
DICTIONARY
  5
C
330
A
100
AcDbDictionary
281
1
  0
DICTIONARY
  5
D
330
A
100
AcDbDictionary
281
1
  3
Model
350
1A
  3
Layout1
350
1E
  3
GROUND
350
3FD
  3
FLOOR-1
350
588
  3
FLOOR-2
350
5FD
  0
DICTIONARY
  5
E
330
A
100
AcDbDictionary
281
1
  3
ByBlock
350
1F
  3
ByLayer
350
20
  3
Global
350
21
  0
DICTIONARY
  5
F
330
A
100
AcDbDictionary
281
1
  3
Standard
350
2C
  0
DICTIONARY
  5
10
330
A
100
AcDbDictionary
281
1
  3
Standard
350
22
  0
DICTIONARY
  5
11
330
A
100
AcDbDictionary
281
1
  0
ACDBDICTIONARYWDFLT
  5
12
330
A
100
AcDbDictionary
281
1
  3
Normal
350
13
100
AcDbDictionaryWithDefault
340
13
  0
ACDBPLACEHOLDER
  5
13
330
12
  0
DICTIONARY
  5
14
330
A
100
AcDbDictionary
281
1
  0
DICTIONARY
  5
15
330
A
100
AcDbDictionary
281
1
  0
DICTIONARY
  5
16
330
A
100
AcDbDictionary
281
1
  3
2dWireframe
350
5A
  3
Basic
350
5B
  3
Brighten
350
5C
  3
ColorChange
350
5D
  3
Conceptual
350
5E
  3
Dim
350
5F
  3
EdgeColorOff
350
60
  3
Facepattern
350
61
  3
Flat
350
62
  3
FlatWithEdges
350
63
  3
Gouraud
350
64
  3
GouraudWithEdges
350
65
  3
Hidden
350
66
  3
JitterOff
350
67
  3
Linepattern
350
68
  3
Modeling
350
69
  3
OverhangOff
350
6A
  3
Realistic
350
6B
  3
Shaded
350
6C
  3
Shaded with edges
350
6D
  3
Shades of Gray
350
6E
  3
Sketchy
350
6F
  3
Thicken
350
70
  3
Wireframe
350
71
  3
X-Ray
350
72
  0
LAYOUT
  5
1A
330
D
100
AcDbPlotSettings
  1

  4
A3
  6

 40
7.5
 41
20.0
 42
7.5
 43
20.0
 44
420.0
 45
297.0
 46
0.0
 47
0.0
 48
0.0
 49
0.0
140
0.0
141
0.0
142
1.0
143
1.0
 70
1024
 72
1
 73
0
 74
5
  7

 75
16
 76
0
 77
2
 78
300
147
1.0
148
0.0
149
0.0
100
AcDbLayout
  1
Model
 70
1
 71
0
 10
0.0
 20
0.0
 11
420.0
 21
297.0
 12
0.0
 22
0.0
 32
0.0
 14
1e+20
 24
1e+20
 34
1e+20
 15
-1e+20
 25
-1e+20
 35
-1e+20
146
0.0
 13
0.0
 23
0.0
 33
0.0
 16
1.0
 26
0.0
 36
0.0
 17
0.0
 27
1.0
 37
0.0
 76
1
330
17
  0
LAYOUT
  5
1E
330
D
100
AcDbPlotSettings
  1

  4
A3
  6

 40
7.5
 41
20.0
 42
7.5
 43
20.0
 44
420.0
 45
297.0
 46
0.0
 47
0.0
 48
0.0
 49
0.0
140
0.0
141
0.0
142
1.0
143
1.0
 70
0
 72
1
 73
0
 74
5
  7

 75
16
 76
0
 77
2
 78
300
147
1.0
148
0.0
149
0.0
100
AcDbLayout
  1
Layout1
 70
1
 71
1
 10
0.0
 20
0.0
 11
420.0
 21
297.0
 12
0.0
 22
0.0
 32
0.0
 14
1e+20
 24
1e+20
 34
1e+20
 15
-1e+20
 25
-1e+20
 35
-1e+20
146
0.0
 13
0.0
 23
0.0
 33
0.0
 16
1.0
 26
0.0
 36
0.0
 17
0.0
 27
1.0
 37
0.0
 76
1
330
1B
  0
MATERIAL
  5
1F
102
{ACAD_REACTORS
330
E
102
}
330
E
100
AcDbMaterial
  1
ByBlock
  2

 70
0
 40
1.0
 71
1
 41
1.0
 91
-1023410177
 42
1.0
 72
1
  3

 73
1
 74
1
 75
1
 44
0.5
 73
0
 45
1.0
 46
1.0
 77
1
  4

 78
1
 79
1
170
1
 48
1.0
171
1
  6

172
1
173
1
174
1
140
1.0
141
1.0
175
1
  7

176
1
177
1
178
1
143
1.0
179
1
  8

270
1
271
1
272
1
145
1.0
146
1.0
273
1
  9

274
1
275
1
276
1
 42
1.0
 72
1
  3

 73
1
 74
1
 75
1
 94
63
  0
MATERIAL
  5
20
102
{ACAD_REACTORS
330
E
102
}
330
E
100
AcDbMaterial
  1
ByLayer
  2

 70
0
 40
1.0
 71
1
 41
1.0
 91
-1023410177
 42
1.0
 72
1
  3

 73
1
 74
1
 75
1
 44
0.5
 73
0
 45
1.0
 46
1.0
 77
1
  4

 78
1
 79
1
170
1
 48
1.0
171
1
  6

172
1
173
1
174
1
140
1.0
141
1.0
175
1
  7

176
1
177
1
178
1
143
1.0
179
1
  8

270
1
271
1
272
1
145
1.0
146
1.0
273
1
  9

274
1
275
1
276
1
 42
1.0
 72
1
  3

 73
1
 74
1
 75
1
 94
63
  0
MATERIAL
  5
21
102
{ACAD_REACTORS
330
E
102
}
330
E
100
AcDbMaterial
  1
Global
  2

 70
0
 40
1.0
 71
1
 41
1.0
 91
-1023410177
 42
1.0
 72
1
  3

 73
1
 74
1
 75
1
 44
0.5
 73
0
 45
1.0
 46
1.0
 77
1
  4

 78
1
 79
1
170
1
 48
1.0
171
1
  6

172
1
173
1
174
1
140
1.0
141
1.0
175
1
  7

176
1
177
1
178
1
143
1.0
179
1
  8

270
1
271
1
272
1
145
1.0
146
1.0
273
1
  9

274
1
275
1
276
1
 42
1.0
 72
1
  3

 73
1
 74
1
 75
1
 94
63
  0
MLINESTYLE
  5
22
102
{ACAD_REACTORS
330
10
102
}
330
10
100
AcDbMlineStyle
  2
Standard
 70
0
  3

 62
256
 51
90.0
 52
90.0
 71
2
 49
0.5
 62
256
  6
BYLAYER
 49
-0.5
 62
256
  6
BYLAYER
  0
MLEADERSTYLE
  5
2C
102
{ACAD_REACTORS
330
F
102
}
330
F
100
AcDbMLeaderStyle
179
2
170
2
171
1
172
0
 90
2
 40
0.0
 41
0.0
173
1
 91
-1056964608
 92
-2
290
1
 42
2.0
291
1
 43
8.0
  3
Standard
 44
4.0
300

342
29
174
1
175
1
176
0
178
1
 93
-1056964608
 45
4.0
292
0
297
0
 46
4.0
 94
-1056964608
 47
1.0
 49
1.0
140
1.0
294
1
141
0.0
177
0
142
1.0
295
0
296
0
143
3.75
271
0
272
9
273
9
  0
DICTIONARY
  5
2D
330
A
100
AcDbDictionary
280
1
281
1
  3
CREATED_BY_EZDXF
350
2E
  3
PLAN_HASH
350
8A
  3
WRITTEN_BY_EZDXF
350
603
  0
DICTIONARYVAR
  5
2E
330
2D
100
DictionaryVariables
280
0
  1
ezdxf 1.4.4 / FloorForge deterministic export
  0
VISUALSTYLE
  5
5A
102
{ACAD_REACTORS
330
16
102
}
330
16
100
AcDbVisualStyle
  2
2dWireframe
 70
4
177
3
291
0
 70
58
 90
2
176
1
 90
2
176
1
 90
0
176
1
 90
0
176
1
 40
0.6
176
1
 40
30.0
176
1
 62
7
420
16777215
176
1
 90
1
176
1
 90
4
176
1
 62
7
176
1
 62
257
176
1
 90
1
176
1
 90
1
176
1
 40
1.0
176
1
 90
8
176
1
 62
7
176
1
 40
1.0
176
1
 90
1
176
1
 90
6
176
1
 90
2
176
1
 62
7
176
1
 90
5
176
1
 90
0
176
1
 90
0
176
1
290
0
176
1
 90
1
176
1
 40
0.0
176
1
 90
0
176
1
290
1
176
1
290
1
176
1
290
0
176
1
290
0
176
1
290
0
176
1
290
0
176
1
290
0
176
1
290
0
176
1
290
0
176
1
 90
50
176
1
 40
0.0
176
1
 40
1.0
176
1
 90
0
176
1
 62
18
420
0
176
1
 90
50
176
1
 90
3
176
1
 62
5
420
255
176
1
290
0
176
1
 90
50
176
1
 90
50
176
1
 90
50
176
1
290
0
176
1
 90
50
176
1
 62
256
176
0
 40
1.0
176
0
 90
2
176
1
  1
strokes_ogs.tif
176
1
290
0
176
1
 40
1.0
176
1
 40
1.0
176
1
  0
VISUALSTYLE
  5
5B
102
{ACAD_REACTORS
330
16
102
}
330
16
100
AcDbVisualStyle
  2
Basic
 70
7
177
3
291
1
 70
58
 90
2
176
1
 90
2
176
1
 90
0
176
1
 90
1
176
1
 40
0.6
176
1
 40
30.0
176
1
 62
7
420
16777215
176
1
 90
1
176
1
 90
4
176
1
 62
7
176
1
 62
257
176
1
 90
1
176
1
 90
1
176
1
 40
1.0
176
1
 90
8
176
1
 62
7
176
1
 40
1.0
176
1
 90
1
176
1
 90
6
176
1
 90
2
176
1
 62
7
176
1
 90
5
176
1
 90
0
176
1
 90
0
176
1
290
0
176
1
 90
1
176
1
 40
0.0
176
1
 90
0
176
1
290
0
176
1
290
1
176
1
290
1
176
1
290
0
176
1
290
0
176
1
290
0
176
1
290
0
176
1
290
0
176
1
290
0
176
1
 90
50
176
1
 40
0.0
176
1
 40
1.0
176
1
 90
0
176
1
 62
18
420
0
176
1
 90
50
176
1
 90
3
176
1
 62
5
420
255
176
1
290
0
176
1
 90
50
176
1
 90
50
176
1
 90
50
176
1
290
0
176
1
 90
50
176
1
 62
256
176
0
 40
1.0
176
0
 90
2
176
1
  1
strokes_ogs.tif
176
1
290
0
176
1
 40
1.0
176
1
 40
1.0
176
1
  0
VISUALSTYLE
  5
5C
102
{ACAD_REACTORS
330
16
102
}
330
16
100
AcDbVisualStyle
  2
Brighten
 70
12
177
3
291
1
 70
58
 90
2
176
1
 90
2
176
1
 90
0
176
1
 90
2
176
1
 40
0.6
176
1
 40
30.0
176
1
 62
7
420
16777215
176
1
 90
1
176
1
 90
4
176
1
 62
7
176
1
 62
257
176
1
 90
1
176
1
 90
1
176
1
 40
1.0
176
1
 90
8
176
1
 62
7
176
1
 40
1.0
176
1
 90
1
176
1
 90
6
176
1
 90
2
176
1
 62
7
176
1
 90
5
176
1
 90
0
176
1
 90
0
176
1
290
0
176
1
 90
1
176
1
 40
0.0
176
1
 90
0
176
1
290
0
176
1
290
1
176
1
290
1
176
1
290
0
176
1
290
0
176
1
290
0
176
1
290
0
176
1
290
0
176
1
290
0
176
1
 90
50
176
1
 40
0.0
176
1
 40
1.0
176
1
 90
0
176
1
 62
18
420
0
176
1
 90
50
176
1
 90
3
176
1
 62
5
420
255
176
1
290
0
176
1
 90
50
176
1
 90
50
176
1
 90
50
176
1
290
0
176
1
 90
50
176
1
 62
256
176
0
 40
1.0
176
0
 90
2
176
1
  1
strokes_ogs.tif
176
1
290
0
176
1
 40
1.0
176
1
 40
1.0
176
1
  0
VISUALSTYLE
  5
5D
102
{ACAD_REACTORS
330
16
102
}
330
16
100
AcDbVisualStyle
  2
ColorChange
 70
16
177
3
291
1
 70
58
 90
2
176
1
 90
2
176
1
 90
0
176
1
 90
2
176
1
 40
0.6
176
1
 40
30.0
176
1
 62
7
420
16777215
176
1
 90
1
176
1
 90
4
176
1
 62
7
176
1
 62
257
176
1
 90
1
176
1
 90
1
176
1
 40
1.0
176
1
 90
8
176
1
 62
7
176
1
 40
1.0
176
1
 90
1
176
1
 90
6
176
1
 90
2
176
1
 62
7
176
1
 90
5
176
1
 90
0
176
1
 90
0
176
1
290
0
176
1
 90
1
176
1
 40
0.0
176
1
 90
0
176
1
290
0
176
1
290
1
176
1
290
1
176
1
290
0
176
1
290
0
176
1
290
0
176
1
290
0
176
1
290
0
176
1
290
0
176
1
 90
50
176
1
 40
0.0
176
1
 40
1.0
176
1
 90
0
176
1
 62
18
420
0
176
1
 90
50
176
1
 90
3
176
1
 62
5
420
255
176
1
290
0
176
1
 90
50
176
1
 90
50
176
1
 90
50
176
1
290
0
176
1
 90
50
176
1
 62
256
176
0
 40
1.0
176
0
 90
2
176
1
  1
strokes_ogs.tif
176
1
290
0
176
1
 40
1.0
176
1
 40
1.0
176
1
  0
VISUALSTYLE
  5
5E
102
{ACAD_REACTORS
330
16
102
}
330
16
100
AcDbVisualStyle
  2
Conceptual
 70
9
177
3
291
0
 70
58
 90
2
176
1
 90
2
176
1
 90
0
176
1
 90
3
176
1
 40
0.6
176
1
 40
30.0
176
1
 62
7
420
16777215
176
1
 90
1
176
1
 90
4
176
1
 62
7
176
1
 62
257
176
1
 90
1
176
1
 90
1
176
1
 40
1.0
176
1
 90
8
176
1
 62
7
176
1
 40
1.0
176
1
 90
1
176
1
 90
6
176
1
 90
2
176
1
 62
7
176
1
 90
5
176
1
 90
0
176
1
 90
0
176
1
290
0
176
1
 90
1
176
1
 40
0.0
176
1
 90
0
176
1
290
0
176
1
290
1
176
1
290
1
176
1
290
0
176
1
290
0
176
1
290
0
176
1
290
0
176
1
290
0
176
1
290
0
176
1
 90
50
176
1
 40
0.0
176
1
 40
1.0
176
1
 90
0
176
1
 62
18
420
0
176
1
 90
50
176
1
 90
3
176
1
 62
5
420
255
176
1
290
0
176
1
 90
50
176
1
 90
50
176
1
 90
50
176
1
290
0
176
1
 90
50
176
1
 62
256
176
0
 40
1.0
176
0
 90
2
176
1
  1
strokes_ogs.tif
176
1
290
0
176
1
 40
1.0
176
1
 40
1.0
176
1
  0
VISUALSTYLE
  5
5F
102
{ACAD_REACTORS
330
16
102
}
330
16
100
AcDbVisualStyle
  2
Dim
 70
11
177
3
291
1
 70
58
 90
2
176
1
 90
2
176
1
 90
0
176
1
 90
2
176
1
 40
0.6
176
1
 40
30.0
176
1
 62
7
420
16777215
176
1
 90
1
176
1
 90
4
176
1
 62
7
176
1
 62
257
176
1
 90
1
176
1
 90
1
176
1
 40
1.0
176
1
 90
8
176
1
 62
7
176
1
 40
1.0
176
1
 90
1
176
1
 90
6
176
1
 90
2
176
1
 62
7
176
1
 90
5
176
1
 90
0
176
1
 90
0
176
1
290
0
176
1
 90
1
176
1
 40
0.0
176
1
 90
0
176
1
290
0
176
1
290
1
176
1
290
1
176
1
290
0
176
1
290
0
176
1
290
0
176
1
290
0
176
1
290
0
176
1
290
0
176
1
 90
50
176
1
 40
0.0
176
1
 40
1.0
176
1
 90
0
176
1
 62
18
420
0
176
1
 90
50
176
1
 90
3
176
1
 62
5
420
255
176
1
290
0
176
1
 90
50
176
1
 90
50
176
1
 90
50
176
1
290
0
176
1
 90
50
176
1
 62
256
176
0
 40
1.0
176
0
 90
2
176
1
  1
strokes_ogs.tif
176
1
290
0
176
1
 40
1.0
176
1
 40
1.0
176
1
  0
VISUALSTYLE
  5
60
102
{ACAD_REACTORS
330
16
102
}
330
16
100
AcDbVisualStyle
  2
EdgeColorOff
 70
22
177
3
291
1
 70
58
 90
2
176
1
 90
2
176
1
 90
0
176
1
 90
2
176
1
 40
0.6
176
1
 40
30.0
176
1
 62
7
420
16777215
176
1
 90
1
176
1
 90
4
176
1
 62
7
176
1
 62
257
176
1
 90
1
176
1
 90
1
176
1
 40
1.0
176
1
 90
8
176
1
 62
7
176
1
 40
1.0
176
1
 90
1
176
1
 90
6
176
1
 90
2
176
1
 62
7
176
1
 90
5
176
1
 90
0
176
1
 90
0
176
1
290
0
176
1
 90
1
176
1
 40
0.0
176
1
 90
0
176
1
290
0
176
1
290
1
176
1
290
1
176
1
290
0
176
1
290
0
176
1
290
0
176
1
290
0
176
1
290
0
176
1
290
0
176
1
 90
50
176
1
 40
0.0
176
1
 40
1.0
176
1
 90
0
176
1
 62
18
420
0
176
1
 90
50
176
1
 90
3
176
1
 62
5
420
255
176
1
290
0
176
1
 90
50
176
1
 90
50
176
1
 90
50
176
1
290
0
176
1
 90
50
176
1
 62
256
176
0
 40
1.0
176
0
 90
2
176
1
  1
strokes_ogs.tif
176
1
290
0
176
1
 40
1.0
176
1
 40
1.0
176
1
  0
VISUALSTYLE
  5
61
102
{ACAD_REACTORS
330
16
102
}
330
16
100
AcDbVisualStyle
  2
Facepattern
 70
15
177
3
291
1
 70
58
 90
2
176
1
 90
2
176
1
 90
0
176
1
 90
2
176
1
 40
0.6
176
1
 40
30.0
176
1
 62
7
420
16777215
176
1
 90
1
176
1
 90
4
176
1
 62
7
176
1
 62
257
176
1
 90
1
176
1
 90
1
176
1
 40
1.0
176
1
 90
8
176
1
 62
7
176
1
 40
1.0
176
1
 90
1
176
1
 90
6
176
1
 90
2
176
1
 62
7
176
1
 90
5
176
1
 90
0
176
1
 90
0
176
1
290
0
176
1
 90
1
176
1
 40
0.0
176
1
 90
0
176
1
290
0
176
1
290
1
176
1
290
1
176
1
290
0
176
1
290
0
176
1
290
0
176
1
290
0
176
1
290
0
176
1
290
0
176
1
 90
50
176
1
 40
0.0
176
1
 40
1.0
176
1
 90
0
176
1
 62
18
420
0
176
1
 90
50
176
1
 90
3
176
1
 62
5
420
255
176
1
290
0
176
1
 90
50
176
1
 90
50
176
1
 90
50
176
1
290
0
176
1
 90
50
176
1
 62
256
176
0
 40
1.0
176
0
 90
2
176
1
  1
strokes_ogs.tif
176
1
290
0
176
1
 40
1.0
176
1
 40
1.0
176
1
  0
VISUALSTYLE
  5
62
102
{ACAD_REACTORS
330
16
102
}
330
16
100
AcDbVisualStyle
  2
Flat
 70
0
177
3
291
1
 70
58
 90
2
176
1
 90
2
176
1
 90
0
176
1
 90
2
176
1
 40
0.6
176
1
 40
30.0
176
1
 62
7
420
16777215
176
1
 90
1
176
1
 90
4
176
1
 62
7
176
1
 62
257
176
1
 90
1
176
1
 90
1
176
1
 40
1.0
176
1
 90
8
176
1
 62
7
176
1
 40
1.0
176
1
 90
1
176
1
 90
6
176
1
 90
2
176
1
 62
7
176
1
 90
5
176
1
 90
0
176
1
 90
0
176
1
290
0
176
1
 90
1
176
1
 40
0.0
176
1
 90
0
176
1
290
0
176
1
290
1
176
1
290
1
176
1
290
0
176
1
290
0
176
1
290
0
176
1
290
0
176
1
290
0
176
1
290
0
176
1
 90
50
176
1
 40
0.0
176
1
 40
1.0
176
1
 90
0
176
1
 62
18
420
0
176
1
 90
50
176
1
 90
3
176
1
 62
5
420
255
176
1
290
0
176
1
 90
50
176
1
 90
50
176
1
 90
50
176
1
290
0
176
1
 90
50
176
1
 62
256
176
0
 40
1.0
176
0
 90
2
176
1
  1
strokes_ogs.tif
176
1
290
0
176
1
 40
1.0
176
1
 40
1.0
176
1
  0
VISUALSTYLE
  5
63
102
{ACAD_REACTORS
330
16
102
}
330
16
100
AcDbVisualStyle
  2
FlatWithEdges
 70
1
177
3
291
1
 70
58
 90
2
176
1
 90
2
176
1
 90
0
176
1
 90
2
176
1
 40
0.6
176
1
 40
30.0
176
1
 62
7
420
16777215
176
1
 90
1
176
1
 90
4
176
1
 62
7
176
1
 62
257
176
1
 90
1
176
1
 90
1
176
1
 40
1.0
176
1
 90
8
176
1
 62
7
176
1
 40
1.0
176
1
 90
1
176
1
 90
6
176
1
 90
2
176
1
 62
7
176
1
 90
5
176
1
 90
0
176
1
 90
0
176
1
290
0
176
1
 90
1
176
1
 40
0.0
176
1
 90
0
176
1
290
0
176
1
290
1
176
1
290
1
176
1
290
0
176
1
290
0
176
1
290
0
176
1
290
0
176
1
290
0
176
1
290
0
176
1
 90
50
176
1
 40
0.0
176
1
 40
1.0
176
1
 90
0
176
1
 62
18
420
0
176
1
 90
50
176
1
 90
3
176
1
 62
5
420
255
176
1
290
0
176
1
 90
50
176
1
 90
50
176
1
 90
50
176
1
290
0
176
1
 90
50
176
1
 62
256
176
0
 40
1.0
176
0
 90
2
176
1
  1
strokes_ogs.tif
176
1
290
0
176
1
 40
1.0
176
1
 40
1.0
176
1
  0
VISUALSTYLE
  5
64
102
{ACAD_REACTORS
330
16
102
}
330
16
100
AcDbVisualStyle
  2
Gouraud
 70
2
177
3
291
1
 70
58
 90
2
176
1
 90
2
176
1
 90
0
176
1
 90
2
176
1
 40
0.6
176
1
 40
30.0
176
1
 62
7
420
16777215
176
1
 90
1
176
1
 90
4
176
1
 62
7
176
1
 62
257
176
1
 90
1
176
1
 90
1
176
1
 40
1.0
176
1
 90
8
176
1
 62
7
176
1
 40
1.0
176
1
 90
1
176
1
 90
6
176
1
 90
2
176
1
 62
7
176
1
 90
5
176
1
 90
0
176
1
 90
0
176
1
290
0
176
1
 90
1
176
1
 40
0.0
176
1
 90
0
176
1
290
0
176
1
290
1
176
1
290
1
176
1
290
0
176
1
290
0
176
1
290
0
176
1
290
0
176
1
290
0
176
1
290
0
176
1
 90
50
176
1
 40
0.0
176
1
 40
1.0
176
1
 90
0
176
1
 62
18
420
0
176
1
 90
50
176
1
 90
3
176
1
 62
5
420
255
176
1
290
0
176
1
 90
50
176
1
 90
50
176
1
 90
50
176
1
290
0
176
1
 90
50
176
1
 62
256
176
0
 40
1.0
176
0
 90
2
176
1
  1
strokes_ogs.tif
176
1
290
0
176
1
 40
1.0
176
1
 40
1.0
176
1
  0
VISUALSTYLE
  5
65
102
{ACAD_REACTORS
330
16
102
}
330
16
100
AcDbVisualStyle
  2
GouraudWithEdges
 70
3
177
3
291
1
 70
58
 90
2
176
1
 90
2
176
1
 90
0
176
1
 90
2
176
1
 40
0.6
176
1
 40
30.0
176
1
 62
7
420
16777215
176
1
 90
1
176
1
 90
4
176
1
 62
7
176
1
 62
257
176
1
 90
1
176
1
 90
1
176
1
 40
1.0
176
1
 90
8
176
1
 62
7
176
1
 40
1.0
176
1
 90
1
176
1
 90
6
176
1
 90
2
176
1
 62
7
176
1
 90
5
176
1
 90
0
176
1
 90
0
176
1
290
0
176
1
 90
1
176
1
 40
0.0
176
1
 90
0
176
1
290
0
176
1
290
1
176
1
290
1
176
1
290
0
176
1
290
0
176
1
290
0
176
1
290
0
176
1
290
0
176
1
290
0
176
1
 90
50
176
1
 40
0.0
176
1
 40
1.0
176
1
 90
0
176
1
 62
18
420
0
176
1
 90
50
176
1
 90
3
176
1
 62
5
420
255
176
1
290
0
176
1
 90
50
176
1
 90
50
176
1
 90
50
176
1
290
0
176
1
 90
50
176
1
 62
256
176
0
 40
1.0
176
0
 90
2
176
1
  1
strokes_ogs.tif
176
1
290
0
176
1
 40
1.0
176
1
 40
1.0
176
1
  0
VISUALSTYLE
  5
66
102
{ACAD_REACTORS
330
16
102
}
330
16
100
AcDbVisualStyle
  2
Hidden
 70
6
177
3
291
0
 70
58
 90
2
176
1
 90
2
176
1
 90
0
176
1
 90
1
176
1
 40
0.6
176
1
 40
30.0
176
1
 62
7
420
16777215
176
1
 90
1
176
1
 90
4
176
1
 62
7
176
1
 62
257
176
1
 90
1
176
1
 90
1
176
1
 40
1.0
176
1
 90
8
176
1
 62
7
176
1
 40
1.0
176
1
 90
1
176
1
 90
6
176
1
 90
2
176
1
 62
7
176
1
 90
5
176
1
 90
0
176
1
 90
0
176
1
290
0
176
1
 90
1
176
1
 40
0.0
176
1
 90
0
176
1
290
0
176
1
290
1
176
1
290
1
176
1
290
0
176
1
290
0
176
1
290
0
176
1
290
0
176
1
290
0
176
1
290
0
176
1
 90
50
176
1
 40
0.0
176
1
 40
1.0
176
1
 90
0
176
1
 62
18
420
0
176
1
 90
50
176
1
 90
3
176
1
 62
5
420
255
176
1
290
0
176
1
 90
50
176
1
 90
50
176
1
 90
50
176
1
290
0
176
1
 90
50
176
1
 62
256
176
0
 40
1.0
176
0
 90
2
176
1
  1
strokes_ogs.tif
176
1
290
0
176
1
 40
1.0
176
1
 40
1.0
176
1
  0
VISUALSTYLE
  5
67
102
{ACAD_REACTORS
330
16
102
}
330
16
100
AcDbVisualStyle
  2
JitterOff
 70
20
177
3
291
1
 70
58
 90
2
176
1
 90
2
176
1
 90
0
176
1
 90
2
176
1
 40
0.6
176
1
 40
30.0
176
1
 62
7
420
16777215
176
1
 90
1
176
1
 90
4
176
1
 62
7
176
1
 62
257
176
1
 90
1
176
1
 90
1
176
1
 40
1.0
176
1
 90
8
176
1
 62
7
176
1
 40
1.0
176
1
 90
1
176
1
 90
6
176
1
 90
2
176
1
 62
7
176
1
 90
5
176
1
 90
0
176
1
 90
0
176
1
290
0
176
1
 90
1
176
1
 40
0.0
176
1
 90
0
176
1
290
0
176
1
290
1
176
1
290
1
176
1
290
0
176
1
290
0
176
1
290
0
176
1
290
0
176
1
290
0
176
1
290
0
176
1
 90
50
176
1
 40
0.0
176
1
 40
1.0
176
1
 90
0
176
1
 62
18
420
0
176
1
 90
50
176
1
 90
3
176
1
 62
5
420
255
176
1
290
0
176
1
 90
50
176
1
 90
50
176
1
 90
50
176
1
290
0
176
1
 90
50
176
1
 62
256
176
0
 40
1.0
176
0
 90
2
176
1
  1
strokes_ogs.tif
176
1
290
0
176
1
 40
1.0
176
1
 40
1.0
176
1
  0
VISUALSTYLE
  5
68
102
{ACAD_REACTORS
330
16
102
}
330
16
100
AcDbVisualStyle
  2
Linepattern
 70
14
177
3
291
1
 70
58
 90
2
176
1
 90
2
176
1
 90
0
176
1
 90
2
176
1
 40
0.6
176
1
 40
30.0
176
1
 62
7
420
16777215
176
1
 90
1
176
1
 90
4
176
1
 62
7
176
1
 62
257
176
1
 90
1
176
1
 90
1
176
1
 40
1.0
176
1
 90
8
176
1
 62
7
176
1
 40
1.0
176
1
 90
1
176
1
 90
6
176
1
 90
2
176
1
 62
7
176
1
 90
5
176
1
 90
0
176
1
 90
0
176
1
290
0
176
1
 90
1
176
1
 40
0.0
176
1
 90
0
176
1
290
0
176
1
290
1
176
1
290
1
176
1
290
0
176
1
290
0
176
1
290
0
176
1
290
0
176
1
290
0
176
1
290
0
176
1
 90
50
176
1
 40
0.0
176
1
 40
1.0
176
1
 90
0
176
1
 62
18
420
0
176
1
 90
50
176
1
 90
3
176
1
 62
5
420
255
176
1
290
0
176
1
 90
50
176
1
 90
50
176
1
 90
50
176
1
290
0
176
1
 90
50
176
1
 62
256
176
0
 40
1.0
176
0
 90
2
176
1
  1
strokes_ogs.tif
176
1
290
0
176
1
 40
1.0
176
1
 40
1.0
176
1
  0
VISUALSTYLE
  5
69
102
{ACAD_REACTORS
330
16
102
}
330
16
100
AcDbVisualStyle
  2
Modeling
 70
10
177
3
291
0
 70
58
 90
2
176
1
 90
2
176
1
 90
0
176
1
 90
2
176
1
 40
0.6
176
1
 40
30.0
176
1
 62
7
420
16777215
176
1
 90
1
176
1
 90
4
176
1
 62
7
176
1
 62
257
176
1
 90
1
176
1
 90
1
176
1
 40
1.0
176
1
 90
8
176
1
 62
7
176
1
 40
1.0
176
1
 90
1
176
1
 90
6
176
1
 90
2
176
1
 62
7
176
1
 90
5
176
1
 90
0
176
1
 90
0
176
1
290
0
176
1
 90
1
176
1
 40
0.0
176
1
 90
0
176
1
290
0
176
1
290
1
176
1
290
1
176
1
290
0
176
1
290
0
176
1
290
0
176
1
290
0
176
1
290
0
176
1
290
0
176
1
 90
50
176
1
 40
0.0
176
1
 40
1.0
176
1
 90
0
176
1
 62
18
420
0
176
1
 90
50
176
1
 90
3
176
1
 62
5
420
255
176
1
290
0
176
1
 90
50
176
1
 90
50
176
1
 90
50
176
1
290
0
176
1
 90
50
176
1
 62
256
176
0
 40
1.0
176
0
 90
2
176
1
  1
strokes_ogs.tif
176
1
290
0
176
1
 40
1.0
176
1
 40
1.0
176
1
  0
VISUALSTYLE
  5
6A
102
{ACAD_REACTORS
330
16
102
}
330
16
100
AcDbVisualStyle
  2
OverhangOff
 70
21
177
3
291
1
 70
58
 90
2
176
1
 90
2
176
1
 90
0
176
1
 90
2
176
1
 40
0.6
176
1
 40
30.0
176
1
 62
7
420
16777215
176
1
 90
1
176
1
 90
4
176
1
 62
7
176
1
 62
257
176
1
 90
1
176
1
 90
1
176
1
 40
1.0
176
1
 90
8
176
1
 62
7
176
1
 40
1.0
176
1
 90
1
176
1
 90
6
176
1
 90
2
176
1
 62
7
176
1
 90
5
176
1
 90
0
176
1
 90
0
176
1
290
0
176
1
 90
1
176
1
 40
0.0
176
1
 90
0
176
1
290
0
176
1
290
1
176
1
290
1
176
1
290
0
176
1
290
0
176
1
290
0
176
1
290
0
176
1
290
0
176
1
290
0
176
1
 90
50
176
1
 40
0.0
176
1
 40
1.0
176
1
 90
0
176
1
 62
18
420
0
176
1
 90
50
176
1
 90
3
176
1
 62
5
420
255
176
1
290
0
176
1
 90
50
176
1
 90
50
176
1
 90
50
176
1
290
0
176
1
 90
50
176
1
 62
256
176
0
 40
1.0
176
0
 90
2
176
1
  1
strokes_ogs.tif
176
1
290
0
176
1
 40
1.0
176
1
 40
1.0
176
1
  0
VISUALSTYLE
  5
6B
102
{ACAD_REACTORS
330
16
102
}
330
16
100
AcDbVisualStyle
  2
Realistic
 70
8
177
3
291
0
 70
58
 90
2
176
1
 90
2
176
1
 90
0
176
1
 90
2
176
1
 40
0.6
176
1
 40
30.0
176
1
 62
7
420
16777215
176
1
 90
1
176
1
 90
4
176
1
 62
7
176
1
 62
257
176
1
 90
1
176
1
 90
1
176
1
 40
1.0
176
1
 90
8
176
1
 62
7
176
1
 40
1.0
176
1
 90
1
176
1
 90
6
176
1
 90
2
176
1
 62
7
176
1
 90
5
176
1
 90
0
176
1
 90
0
176
1
290
0
176
1
 90
1
176
1
 40
0.0
176
1
 90
0
176
1
290
0
176
1
290
1
176
1
290
1
176
1
290
0
176
1
290
0
176
1
290
0
176
1
290
0
176
1
290
0
176
1
290
0
176
1
 90
50
176
1
 40
0.0
176
1
 40
1.0
176
1
 90
0
176
1
 62
18
420
0
176
1
 90
50
176
1
 90
3
176
1
 62
5
420
255
176
1
290
0
176
1
 90
50
176
1
 90
50
176
1
 90
50
176
1
290
0
176
1
 90
50
176
1
 62
256
176
0
 40
1.0
176
0
 90
2
176
1
  1
strokes_ogs.tif
176
1
290
0
176
1
 40
1.0
176
1
 40
1.0
176
1
  0
VISUALSTYLE
  5
6C
102
{ACAD_REACTORS
330
16
102
}
330
16
100
AcDbVisualStyle
  2
Shaded
 70
27
177
3
291
0
 70
58
 90
2
176
1
 90
2
176
1
 90
0
176
1
 90
2
176
1
 40
0.6
176
1
 40
30.0
176
1
 62
7
420
16777215
176
1
 90
1
176
1
 90
4
176
1
 62
7
176
1
 62
257
176
1
 90
1
176
1
 90
1
176
1
 40
1.0
176
1
 90
8
176
1
 62
7
176
1
 40
1.0
176
1
 90
1
176
1
 90
6
176
1
 90
2
176
1
 62
7
176
1
 90
5
176
1
 90
0
176
1
 90
0
176
1
290
0
176
1
 90
1
176
1
 40
0.0
176
1
 90
0
176
1
290
0
176
1
290
1
176
1
290
1
176
1
290
0
176
1
290
0
176
1
290
0
176
1
290
0
176
1
290
0
176
1
290
0
176
1
 90
50
176
1
 40
0.0
176
1
 40
1.0
176
1
 90
0
176
1
 62
18
420
0
176
1
 90
50
176
1
 90
3
176
1
 62
5
420
255
176
1
290
0
176
1
 90
50
176
1
 90
50
176
1
 90
50
176
1
290
0
176
1
 90
50
176
1
 62
256
176
0
 40
1.0
176
0
 90
2
176
1
  1
strokes_ogs.tif
176
1
290
0
176
1
 40
1.0
176
1
 40
1.0
176
1
  0
VISUALSTYLE
  5
6D
102
{ACAD_REACTORS
330
16
102
}
330
16
100
AcDbVisualStyle
  2
Shaded with edges
 70
26
177
3
291
0
 70
58
 90
2
176
1
 90
2
176
1
 90
0
176
1
 90
2
176
1
 40
0.6
176
1
 40
30.0
176
1
 62
7
420
16777215
176
1
 90
1
176
1
 90
4
176
1
 62
7
176
1
 62
257
176
1
 90
1
176
1
 90
1
176
1
 40
1.0
176
1
 90
8
176
1
 62
7
176
1
 40
1.0
176
1
 90
1
176
1
 90
6
176
1
 90
2
176
1
 62
7
176
1
 90
5
176
1
 90
0
176
1
 90
0
176
1
290
0
176
1
 90
1
176
1
 40
0.0
176
1
 90
0
176
1
290
0
176
1
290
1
176
1
290
1
176
1
290
0
176
1
290
0
176
1
290
0
176
1
290
0
176
1
290
0
176
1
290
0
176
1
 90
50
176
1
 40
0.0
176
1
 40
1.0
176
1
 90
0
176
1
 62
18
420
0
176
1
 90
50
176
1
 90
3
176
1
 62
5
420
255
176
1
290
0
176
1
 90
50
176
1
 90
50
176
1
 90
50
176
1
290
0
176
1
 90
50
176
1
 62
256
176
0
 40
1.0
176
0
 90
2
176
1
  1
strokes_ogs.tif
176
1
290
0
176
1
 40
1.0
176
1
 40
1.0
176
1
  0
VISUALSTYLE
  5
6E
102
{ACAD_REACTORS
330
16
102
}
330
16
100
AcDbVisualStyle
  2
Shades of Gray
 70
23
177
3
291
0
 70
58
 90
2
176
1
 90
2
176
1
 90
0
176
1
 90
2
176
1
 40
0.6
176
1
 40
30.0
176
1
 62
7
420
16777215
176
1
 90
1
176
1
 90
4
176
1
 62
7
176
1
 62
257
176
1
 90
1
176
1
 90
1
176
1
 40
1.0
176
1
 90
8
176
1
 62
7
176
1
 40
1.0
176
1
 90
1
176
1
 90
6
176
1
 90
2
176
1
 62
7
176
1
 90
5
176
1
 90
0
176
1
 90
0
176
1
290
0
176
1
 90
1
176
1
 40
0.0
176
1
 90
0
176
1
290
0
176
1
290
1
176
1
290
1
176
1
290
0
176
1
290
0
176
1
290
0
176
1
290
0
176
1
290
0
176
1
290
0
176
1
 90
50
176
1
 40
0.0
176
1
 40
1.0
176
1
 90
0
176
1
 62
18
420
0
176
1
 90
50
176
1
 90
3
176
1
 62
5
420
255
176
1
290
0
176
1
 90
50
176
1
 90
50
176
1
 90
50
176
1
290
0
176
1
 90
50
176
1
 62
256
176
0
 40
1.0
176
0
 90
2
176
1
  1
strokes_ogs.tif
176
1
290
0
176
1
 40
1.0
176
1
 40
1.0
176
1
  0
VISUALSTYLE
  5
6F
102
{ACAD_REACTORS
330
16
102
}
330
16
100
AcDbVisualStyle
  2
Sketchy
 70
24
177
3
291
0
 70
58
 90
2
176
1
 90
2
176
1
 90
0
176
1
 90
1
176
1
 40
0.6
176
1
 40
30.0
176
1
 62
7
420
16777215
176
1
 90
1
176
1
 90
4
176
1
 62
7
176
1
 62
257
176
1
 90
1
176
1
 90
1
176
1
 40
1.0
176
1
 90
8
176
1
 62
7
176
1
 40
1.0
176
1
 90
1
176
1
 90
6
176
1
 90
2
176
1
 62
7
176
1
 90
5
176
1
 90
0
176
1
 90
0
176
1
290
0
176
1
 90
1
176
1
 40
0.0
176
1
 90
0
176
1
290
0
176
1
290
1
176
1
290
1
176
1
290
0
176
1
290
0
176
1
290
0
176
1
290
0
176
1
290
0
176
1
290
0
176
1
 90
50
176
1
 40
0.0
176
1
 40
1.0
176
1
 90
0
176
1
 62
18
420
0
176
1
 90
50
176
1
 90
3
176
1
 62
5
420
255
176
1
290
0
176
1
 90
50
176
1
 90
50
176
1
 90
50
176
1
290
0
176
1
 90
50
176
1
 62
256
176
0
 40
1.0
176
0
 90
2
176
1
  1
strokes_ogs.tif
176
1
290
0
176
1
 40
1.0
176
1
 40
1.0
176
1
  0
VISUALSTYLE
  5
70
102
{ACAD_REACTORS
330
16
102
}
330
16
100
AcDbVisualStyle
  2
Thicken
 70
13
177
3
291
1
 70
58
 90
2
176
1
 90
2
176
1
 90
0
176
1
 90
2
176
1
 40
0.6
176
1
 40
30.0
176
1
 62
7
420
16777215
176
1
 90
1
176
1
 90
4
176
1
 62
7
176
1
 62
257
176
1
 90
1
176
1
 90
1
176
1
 40
1.0
176
1
 90
8
176
1
 62
7
176
1
 40
1.0
176
1
 90
1
176
1
 90
6
176
1
 90
2
176
1
 62
7
176
1
 90
5
176
1
 90
0
176
1
 90
0
176
1
290
0
176
1
 90
1
176
1
 40
0.0
176
1
 90
0
176
1
290
0
176
1
290
1
176
1
290
1
176
1
290
0
176
1
290
0
176
1
290
0
176
1
290
0
176
1
290
0
176
1
290
0
176
1
 90
50
176
1
 40
0.0
176
1
 40
1.0
176
1
 90
0
176
1
 62
18
420
0
176
1
 90
50
176
1
 90
3
176
1
 62
5
420
255
176
1
290
0
176
1
 90
50
176
1
 90
50
176
1
 90
50
176
1
290
0
176
1
 90
50
176
1
 62
256
176
0
 40
1.0
176
0
 90
2
176
1
  1
strokes_ogs.tif
176
1
290
0
176
1
 40
1.0
176
1
 40
1.0
176
1
  0
VISUALSTYLE
  5
71
102
{ACAD_REACTORS
330
16
102
}
330
16
100
AcDbVisualStyle
  2
Wireframe
 70
5
177
3
291
0
 70
58
 90
2
176
1
 90
2
176
1
 90
0
176
1
 90
0
176
1
 40
0.6
176
1
 40
30.0
176
1
 62
7
420
16777215
176
1
 90
1
176
1
 90
4
176
1
 62
7
176
1
 62
257
176
1
 90
1
176
1
 90
1
176
1
 40
1.0
176
1
 90
8
176
1
 62
7
176
1
 40
1.0
176
1
 90
1
176
1
 90
6
176
1
 90
2
176
1
 62
7
176
1
 90
5
176
1
 90
0
176
1
 90
0
176
1
290
0
176
1
 90
1
176
1
 40
0.0
176
1
 90
0
176
1
290
0
176
1
290
1
176
1
290
1
176
1
290
0
176
1
290
0
176
1
290
0
176
1
290
0
176
1
290
0
176
1
290
0
176
1
 90
50
176
1
 40
0.0
176
1
 40
1.0
176
1
 90
0
176
1
 62
18
420
0
176
1
 90
50
176
1
 90
3
176
1
 62
5
420
255
176
1
290
0
176
1
 90
50
176
1
 90
50
176
1
 90
50
176
1
290
0
176
1
 90
50
176
1
 62
256
176
0
 40
1.0
176
0
 90
2
176
1
  1
strokes_ogs.tif
176
1
290
0
176
1
 40
1.0
176
1
 40
1.0
176
1
  0
VISUALSTYLE
  5
72
102
{ACAD_REACTORS
330
16
102
}
330
16
100
AcDbVisualStyle
  2
X-Ray
 70
25
177
3
291
0
 70
58
 90
2
176
1
 90
2
176
1
 90
0
176
1
 90
2
176
1
 40
0.5
176
1
 40
30.0
176
1
 62
7
420
16777215
176
1
 90
1
176
1
 90
4
176
1
 62
7
176
1
 62
257
176
1
 90
1
176
1
 90
1
176
1
 40
1.0
176
1
 90
8
176
1
 62
7
176
1
 40
1.0
176
1
 90
1
176
1
 90
6
176
1
 90
2
176
1
 62
7
176
1
 90
5
176
1
 90
0
176
1
 90
0
176
1
290
0
176
1
 90
1
176
1
 40
0.0
176
1
 90
0
176
1
290
0
176
1
290
1
176
1
290
1
176
1
290
0
176
1
290
0
176
1
290
0
176
1
290
0
176
1
290
0
176
1
290
0
176
1
 90
50
176
1
 40
0.0
176
1
 40
1.0
176
1
 90
0
176
1
 62
18
420
0
176
1
 90
50
176
1
 90
3
176
1
 62
5
420
255
176
1
290
0
176
1
 90
50
176
1
 90
50
176
1
 90
50
176
1
290
0
176
1
 90
50
176
1
 62
256
176
0
 40
1.0
176
0
 90
2
176
1
  1
strokes_ogs.tif
176
1
290
0
176
1
 40
1.0
176
1
 40
1.0
176
1
  0
DICTIONARYVAR
  5
8A
330
2D
100
DictionaryVariables
280
0
  1
b447dd74f3862d062b22a216d8b3eea2c9c9dbbb768e92212f795c4564651b09
  0
LAYOUT
  5
3FD
330
D
100
AcDbPlotSettings
  1

  2
DWG to PDF.pc3
  4
ezdxf_(420.00_x_297.00_MM)
  6

 40
10.0
 41
10.0
 42
10.0
 43
10.0
 44
420.0
 45
297.0
 46
0.0
 47
0.0
 48
0.0
 49
0.0
140
0.0
141
0.0
142
1.0
143
1.0
 70
672
 72
1
 73
0
 74
5
  7

 75
16
 76
0
 77
2
 78
300
147
1.0
148
0.0
149
0.0
100
AcDbLayout
  1
GROUND
 70
1
 71
3
 10
-10.0
 20
-10.0
 11
410.0
 21
287.0
 12
0.0
 22
0.0
 32
0.0
 14
1e+20
 24
1e+20
 34
1e+20
 15
-1e+20
 25
-1e+20
 35
-1e+20
146
0.0
 13
0.0
 23
0.0
 33
0.0
 16
1.0
 26
0.0
 36
0.0
 17
0.0
 27
1.0
 37
0.0
 76
1
330
3FA
331
3FE
  0
LAYOUT
  5
588
330
D
100
AcDbPlotSettings
  1

  2
DWG to PDF.pc3
  4
ezdxf_(420.00_x_297.00_MM)
  6

 40
10.0
 41
10.0
 42
10.0
 43
10.0
 44
420.0
 45
297.0
 46
0.0
 47
0.0
 48
0.0
 49
0.0
140
0.0
141
0.0
142
1.0
143
1.0
 70
672
 72
1
 73
0
 74
5
  7

 75
16
 76
0
 77
2
 78
300
147
1.0
148
0.0
149
0.0
100
AcDbLayout
  1
FLOOR-1
 70
1
 71
4
 10
-10.0
 20
-10.0
 11
410.0
 21
287.0
 12
0.0
 22
0.0
 32
0.0
 14
1e+20
 24
1e+20
 34
1e+20
 15
-1e+20
 25
-1e+20
 35
-1e+20
146
0.0
 13
0.0
 23
0.0
 33
0.0
 16
1.0
 26
0.0
 36
0.0
 17
0.0
 27
1.0
 37
0.0
 76
1
330
585
331
589
  0
LAYOUT
  5
5FD
330
D
100
AcDbPlotSettings
  1

  2
DWG to PDF.pc3
  4
ezdxf_(420.00_x_297.00_MM)
  6

 40
10.0
 41
10.0
 42
10.0
 43
10.0
 44
420.0
 45
297.0
 46
0.0
 47
0.0
 48
0.0
 49
0.0
140
0.0
141
0.0
142
1.0
143
1.0
 70
672
 72
1
 73
0
 74
5
  7

 75
16
 76
0
 77
2
 78
300
147
1.0
148
0.0
149
0.0
100
AcDbLayout
  1
FLOOR-2
 70
1
 71
5
 10
-10.0
 20
-10.0
 11
410.0
 21
287.0
 12
0.0
 22
0.0
 32
0.0
 14
1e+20
 24
1e+20
 34
1e+20
 15
-1e+20
 25
-1e+20
 35
-1e+20
146
0.0
 13
0.0
 23
0.0
 33
0.0
 16
1.0
 26
0.0
 36
0.0
 17
0.0
 27
1.0
 37
0.0
 76
1
330
5FA
331
5FE
  0
DICTIONARYVAR
  5
603
330
2D
100
DictionaryVariables
280
0
  1
0.0 @ 2000-01-01T00:00:00.000000+00:00
  0
ENDSEC
  0
EOF
