  0
SECTION
  2
HEADER
  9
$ACADVER
  1
AC1032
  9
$ACADMAINTVER
 90
4
  9
$DWGCODEPAGE
  3
ANSI_1252
  9
$LASTSAVEDBY
  1
ezdxf
  9
$REQUIREDVERSIONS
160
0
  9
$INSBASE
 10
0.0
 20
0.0
 30
0.0
  9
$EXTMIN
 10
1e+20
 20
1e+20
 30
1e+20
  9
$EXTMAX
 10
-1e+20
 20
-1e+20
 30
-1e+20
  9
$LIMMIN
 10
0.0
 20
0.0
  9
$LIMMAX
 10
420.0
 20
297.0
  9
$ORTHOMODE
 70
0
  9
$REGENMODE
 70
1
  9
$FILLMODE
 70
1
  9
$QTEXTMODE
 70
0
  9
$MIRRTEXT
 70
1
  9
$LTSCALE
 40
1.0
  9
$ATTMODE
 70
1
  9
$TEXTSIZE
 40
2.5
  9
$TRACEWID
 40
1.0
  9
$TEXTSTYLE
  7
OpenSans
  9
$CLAYER
  8
0
  9
$CELTYPE
  6
ByLayer
  9
$CECOLOR
 62
256
  9
$CELTSCALE
 40
1.0
  9
$DISPSILH
 70
0
  9
$DIMSCALE
 40
1.0
  9
$DIMASZ
 40
0.175
  9
$DIMEXO
 40
0.125
  9
$DIMDLI
 40
3.75
  9
$DIMRND
 40
0.0
  9
$DIMDLE
 40
0.0
  9
$DIMEXE
 40
0.375
  9
$DIMTP
 40
0.0
  9
$DIMTM
 40
0.0
  9
$DIMTXT
 40
0.25
  9
$DIMCEN
 40
2.5
  9
$DIMTSZ
 40
0.0
  9
$DIMTOL
 70
0
  9
$DIMLIM
 70
0
  9
$DIMTIH
 70
0
  9
$DIMTOH
 70
0
  9
$DIMSE1
 70
0
  9
$DIMSE2
 70
0
  9
$DIMTAD
 70
1
  9
$DIMZIN
 70
12
  9
$DIMBLK
  1
ARCHTICK
  9
$DIMASO
 70
1
  9
$DIMSHO
 70
1
  9
$DIMPOST
  1

  9
$DIMAPOST
  1

  9
$DIMALT
 70
0
  9
$DIMALTD
 70
3
  9
$DIMALTF
 40
0.03937007874
  9
$DIMLFAC
 40
100.0
  9
$DIMTOFL
 70
1
  9
$DIMTVP
 40
0.0
  9
$DIMTIX
 70
0
  9
$DIMSOXD
 70
0
  9
$DIMSAH
 70
0
  9
$DIMBLK1
  1

  9
$DIMBLK2
  1

  9
$DIMSTYLE
  2
EZDXF
  9
$DIMCLRD
 70
0
  9
$DIMCLRE
 70
0
  9
$DIMCLRT
 70
0
  9
$DIMTFAC
 40
0.5
  9
$DIMGAP
 40
0.1
  9
$DIMJUST
 70
0
  9
$DIMSD1
 70
0
  9
$DIMSD2
 70
0
  9
$DIMTOLJ
 70
0
  9
$DIMTZIN
 70
8
  9
$DIMALTZ
 70
0
  9
$DIMALTTZ
 70
0
  9
$DIMUPT
 70
1
  9
$DIMDEC
 70
2
  9
$DIMTDEC
 70
2
  9
$DIMALTU
 70
2
  9
$DIMALTTD
 70
3
  9
$DIMTXSTY
  7
OpenSansCondensed-Light
  9
$DIMAUNIT
 70
0
  9
$DIMADEC
 70
2
  9
$DIMALTRND
 40
0.0
  9
$DIMAZIN
 70
3
  9
$DIMDSEP
 70
46
  9
$DIMATFIT
 70
3
  9
$DIMFRAC
 70
0
  9
$DIMLDRBLK
  1

  9
$DIMLUNIT
 70
2
  9
$DIMLWD
 70
-2
  9
$DIMLWE
 70
-2
  9
$DIMTMOVE
 70
2
  9
$DIMFXL
 40
1.0
  9
$DIMFXLON
 70
0
  9
$DIMJOGANG
 40
0.785398163397
  9
$DIMTFILL
 70
0
  9
$DIMTFILLCLR
 70
0
  9
$DIMARCSYM
 70
0
  9
$DIMLTYPE
  6

  9
$DIMLTEX1
  6

  9
$DIMLTEX2
  6

  9
$DIMTXTDIRECTION
 70
0
  9
$LUNITS
 70
2
  9
$LUPREC
 70
4
  9
$SKETCHINC
 40
1.0
  9
$FILLETRAD
 40
10.0
  9
$AUNITS
 70
0
  9
$AUPREC
 70
2
  9
$MENU
  1
.
  9
$ELEVATION
 40
0.0
  9
$PELEVATION
 40
0.0
  9
$THICKNESS
 40
0.0
  9
$LIMCHECK
 70
0
  9
$CHAMFERA
 40
0.0
  9
$CHAMFERB
 40
0.0
  9
$CHAMFERC
 40
0.0
  9
$CHAMFERD
 40
0.0
  9
$SKPOLY
 70
0
  9
$TDCREATE
 40
2451545.0
  9
$TDUCREATE
 40
2451545.0
  9
$TDUPDATE
 40
2451545.0
  9
$TDUUPDATE
 40
2451545.0
  9
$TDINDWG
 40
0.0
  9
$TDUSRTIMER
 40
0.0
  9
$USRTIMER
 70
1
  9
$ANGBASE
 50
0.0
  9
$ANGDIR
 70
0
  9
$PDMODE
 70
0
  9
$PDSIZE
 40
0.0
  9
$PLINEWID
 40
0.0
  9
$SPLFRAME
 70
0
  9
$SPLINETYPE
 70
6
  9
$SPLINESEGS
 70
8
  9
$HANDSEED
  5
979
  9
$SURFTAB1
 70
6
  9
$SURFTAB2
 70
6
  9
$SURFTYPE
 70
6
  9
$SURFU
 70
6
  9
$SURFV
 70
6
  9
$UCSBASE
  2

  9
$UCSNAME
  2

  9
$UCSORG
 10
0.0
 20
0.0
 30
0.0
  9
$UCSXDIR
 10
1.0
 20
0.0
 30
0.0
  9
$UCSYDIR
 10
0.0
 20
1.0
 30
0.0
  9
$UCSORTHOREF
  2

  9
$UCSORTHOVIEW
 70
0
  9
$UCSORGTOP
 10
0.0
 20
0.0
 30
0.0
  9
$UCSORGBOTTOM
 10
0.0
 20
0.0
 30
0.0
  9
$UCSORGLEFT
 10
0.0
 20
0.0
 30
0.0
  9
$UCSORGRIGHT
 10
0.0
 20
0.0
 30
0.0
  9
$UCSORGFRONT
 10
0.0
 20
0.0
 30
0.0
  9
$UCSORGBACK
 10
0.0
 20
0.0
 30
0.0
  9
$PUCSBASE
  2

  9
$PUCSNAME
  2

  9
$PUCSORG
 10
0.0
 20
0.0
 30
0.0
  9
$PUCSXDIR
 10
1.0
 20
0.0
 30
0.0
  9
$PUCSYDIR
 10
0.0
 20
1.0
 30
0.0
  9
$PUCSORTHOREF
  2

  9
$PUCSORTHOVIEW
 70
0
  9
$PUCSORGTOP
 10
0.0
 20
0.0
 30
0.0
  9
$PUCSORGBOTTOM
 10
0.0
 20
0.0
 30
0.0
  9
$PUCSORGLEFT
 10
0.0
 20
0.0
 30
0.0
  9
$PUCSORGRIGHT
 10
0.0
 20
0.0
 30
0.0
  9
$PUCSORGFRONT
 10
0.0
 20
0.0
 30
0.0
  9
$PUCSORGBACK
 10
0.0
 20
0.0
 30
0.0
  9
$USERI1
 70
0
  9
$USERI2
 70
0
  9
$USERI3
 70
0
  9
$USERI4
 70
0
  9
$USERI5
 70
0
  9
$USERR1
 40
0.0
  9
$USERR2
 40
0.0
  9
$USERR3
 40
0.0
  9
$USERR4
 40
0.0
  9
$USERR5
 40
0.0
  9
$WORLDVIEW
 70
1
  9
$SHADEDGE
 70
3
  9
$SHADEDIF
 70
70
  9
$TILEMODE
 70
1
  9
$MAXACTVP
 70
64
  9
$PINSBASE
 10
0.0
 20
0.0
 30
0.0
  9
$PLIMCHECK
 70
0
  9
$PEXTMIN
 10
1e+20
 20
1e+20
 30
1e+20
  9
$PEXTMAX
 10
-1e+20
 20
-1e+20
 30
-1e+20
  9
$PLIMMIN
 10
0.0
 20
0.0
  9
$PLIMMAX
 10
420.0
 20
297.0
  9
$UNITMODE
 70
0
  9
$VISRETAIN
 70
1
  9
$PLINEGEN
 70
0
  9
$PSLTSCALE
 70
1
  9
$TREEDEPTH
 70
3020
  9
$CMLSTYLE
  2
Standard
  9
$CMLJUST
 70
0
  9
$CMLSCALE
 40
20.0
  9
$PROXYGRAPHICS
 70
1
  9
$MEASUREMENT
 70
1
  9
$CELWEIGHT
370
-1
  9
$ENDCAPS
280
0
  9
$JOINSTYLE
280
0
  9
$LWDISPLAY
290
0
  9
$INSUNITS
 70
4
  9
$HYPERLINKBASE
  1

  9
$STYLESHEET
  1

  9
$XEDIT
290
1
  9
$CEPSNTYPE
380
0
  9
$PSTYLEMODE
290
1
  9
$FINGERPRINTGUID
  2
{567E1620-D2FA-5CBF-AF6C-0F3C9364A893}
  9
$VERSIONGUID
  2
{39E17384-D403-5EEF-9360-DC9E970C3C15}
  9
$EXTNAMES
290
1
  9
$PSVPSCALE
 40
0.0
  9
$OLESTARTUP
290
0
  9
$SORTENTS
280
127
  9
$INDEXCTL
280
0
  9
$HIDETEXT
280
1
  9
$XCLIPFRAME
280
1
  9
$HALOGAP
280
0
  9
$OBSCOLOR
 70
257
  9
$OBSLTYPE
280
0
  9
$INTERSECTIONDISPLAY
280
0
  9
$INTERSECTIONCOLOR
 70
257
  9
$DIMASSOC
280
2
  9
$PROJECTNAME
  1

  9
$CAMERADISPLAY
290
0
  9
$LENSLENGTH
 40
50.0
  9
$CAMERAHEIGHT
 40
0.0
  9
$STEPSPERSEC
 40
24.0
  9
$STEPSIZE
 40
100.0
  9
$3DDWFPREC
 40
2.0
  9
$PSOLWIDTH
 40
0.005
  9
$PSOLHEIGHT
 40
0.08
  9
$LOFTANG1
 40
1.570796326795
  9
$LOFTANG2
 40
1.570796326795
  9
$LOFTMAG1
 40
0.0
  9
$LOFTMAG2
 40
0.0
  9
$LOFTPARAM
 70
7
  9
$LOFTNORMALS
280
1
  9
$LATITUDE
 40
37.795
  9
$LONGITUDE
 40
-122.394
  9
$NORTHDIRECTION
 40
0.0
  9
$TIMEZONE
 70
-8000
  9
$LIGHTGLYPHDISPLAY
280
1
  9
$TILEMODELIGHTSYNCH
280
1
  9
$CMATERIAL
347
20
  9
$SOLIDHIST
280
0
  9
$SHOWHIST
280
1
  9
$DWFFRAME
280
2
  9
$DGNFRAME
280
2
  9
$REALWORLDSCALE
290
1
  9
$INTERFERECOLOR
 62
256
  9
$CSHADOW
280
0
  9
$SHADOWPLANELOCATION
 40
0.0
  0
ENDSEC
  0
SECTION
  2
CLASSES
  0
CLASS
  1
ACDBDICTIONARYWDFLT
  2
AcDbDictionaryWithDefault
  3
ObjectDBX Classes
 90
0
 91
0
280
0
281
0
  0
CLASS
  1
SUN
  2
AcDbSun
  3
SCENEOE
 90
1153
 91
0
280
0
281
0
  0
CLASS
  1
VISUALSTYLE
  2
AcDbVisualStyle
  3
ObjectDBX Classes
 90
4095
 91
0
280
0
281
0
  0
CLASS
  1
MATERIAL
  2
AcDbMaterial
  3
ObjectDBX Classes
 90
1153
 91
0
280
0
281
0
  0
CLASS
  1
SCALE
  2
AcDbScale
  3
ObjectDBX Classes
 90
1153
 91
0
280
0
281
0
  0
CLASS
  1
TABLESTYLE
  2
AcDbTableStyle
  3
ObjectDBX Classes
 90
4095
 91
0
280
0
281
0
  0
CLASS
  1
MLEADERSTYLE
  2
AcDbMLeaderStyle
  3
ACDB_MLEADERSTYLE_CLASS
 90
4095
 91
0
280
0
281
0
  0
CLASS
  1
DICTIONARYVAR
  2
AcDbDictionaryVar
  3
ObjectDBX Classes
 90
0
 91
0
280
0
281
0
  0
CLASS
  1
CELLSTYLEMAP
  2
AcDbCellStyleMap
  3
ObjectDBX Classes
 90
1152
 91
0
280
0
281
0
  0
CLASS
  1
MENTALRAYRENDERSETTINGS
  2
AcDbMentalRayRenderSettings
  3
SCENEOE
 90
1024
 91
0
280
0
281
0
  0
CLASS
  1
ACDBDETAILVIEWSTYLE
  2
AcDbDetailViewStyle
  3
ObjectDBX Classes
 90
1025
 91
0
280
0
281
0
  0
CLASS
  1
ACDBSECTIONVIEWSTYLE
  2
AcDbSectionViewStyle
  3
ObjectDBX Classes
 90
1025
 91
0
280
0
281
0
  0
CLASS
  1
RASTERVARIABLES
  2
AcDbRasterVariables
  3
ISM
 90
0
 91
0
280
0
281
0
  0
CLASS
  1
LAYOUT
  2
AcDbLayout
  3
ObjectDBX Classes
 90
0
 91
0
280
0
281
0
  0
CLASS
  1
ACDBPLACEHOLDER
  2
AcDbPlaceHolder
  3
ObjectDBX Classes
 90
0
 91
0
280
0
281
0
  0
ENDSEC
  0
SECTION
  2
TABLES
  0
TABLE
  2
VPORT
  5
8
330
0
100
AcDbSymbolTable
 70
1
  0
VPORT
  5
23
330
8
100
AcDbSymbolTableRecord
100
AcDbViewportTableRecord
  2
*Active
 70
0
 10
0.0
 20
0.0
 11
1.0
 21
1.0
 12
0.0
 22
0.0
 13
0.0
 23
0.0
 14
0.5
 24
0.5
 15
0.5
 25
0.5
 16
0.0
 26
0.0
 36
1.0
 17
0.0
 27
0.0
 37
0.0
 40
1000.0
 41
1.34
 42
50.0
 43
0.0
 44
0.0
 50
0.0
 51
0.0
 71
0
 72
1000
 73
1
 74
3
 75
0
 76
0
 77
0
 78
0
281
0
 65
0
146
0.0
  0
ENDTAB
  0
TABLE
  2
LTYPE
  5
2
330
0
100
AcDbSymbolTable
 70
21
  0
LTYPE
  5
24
330
2
100
AcDbSymbolTableRecord
100
AcDbLinetypeTableRecord
  2
ByBlock
 70
0
  3

 72
65
 73
0
 40
0.0
  0
LTYPE
  5
25
330
2
100
AcDbSymbolTableRecord
100
AcDbLinetypeTableRecord
  2
ByLayer
 70
0
  3

 72
65
 73
0
 40
0.0
  0
LTYPE
  5
26
330
2
100
AcDbSymbolTableRecord
100
AcDbLinetypeTableRecord
  2
Continuous
 70
0
  3

 72
65
 73
0
 40
0.0
  0
LTYPE
  5
2F
330
2
100
AcDbSymbolTableRecord
100
AcDbLinetypeTableRecord
  2
CENTER
 70
0
  3
Center ____ _ ____ _ ____ _ ____ _ ____ _ ____
 72
65
 73
4
 40
5.08
 49
3.175
 74
0
 49
-0.635
 74
0
 49
0.635
 74
0
 49
-0.635
 74
0
  0
LTYPE
  5
30
330
2
100
AcDbSymbolTableRecord
100
AcDbLinetypeTableRecord
  2
CENTERX2
 70
0
  3
Center (2x) ________  __  ________  __  ________
 72
65
 73
4
 40
8.89
 49
6.35
 74
0
 49
-0.635
 74
0
 49
1.27
 74
0
 49
-0.635
 74
0
  0
LTYPE
  5
31
330
2
100
AcDbSymbolTableRecord
100
AcDbLinetypeTableRecord
  2
CENTER2
 70
0
  3
Center (.5x) ____ _ ____ _ ____ _ ____ _ ____
 72
65
 73
4
 40
2.54
 49
1.587
 74
0
 49
-0.318
 74
0
 49
0.318
 74
0
 49
-0.318
 74
0
  0
LTYPE
  5
32
330
2
100
AcDbSymbolTableRecord
100
AcDbLinetypeTableRecord
  2
DASHED
 70
0
  3
Dashed __ __ __ __ __ __ __ __ __ __ __ __ __ _
 72
65
 73
2
 40
1.524
 49
1.27
 74
0
 49
-0.254
 74
0
  0
LTYPE
  5
33
330
2
100
AcDbSymbolTableRecord
100
AcDbLinetypeTableRecord
  2
DASHEDX2
 70
0
  3
Dashed (2x) ____  ____  ____  ____  ____  ____
 72
65
 73
2
 40
3.048
 49
2.54
 74
0
 49
-0.508
 74
0
  0
LTYPE
  5
34
330
2
100
AcDbSymbolTableRecord
100
AcDbLinetypeTableRecord
  2
DASHED2
 70
0
  3
Dashed (.5x) _ _ _ _ _ _ _ _ _ _ _ _ _ _
 72
65
 73
2
 40
0.762
 49
0.635
 74
0
 49
-0.127
 74
0
  0
LTYPE
  5
35
330
2
100
AcDbSymbolTableRecord
100
AcDbLinetypeTableRecord
  2
PHANTOM
 70
0
  3
Phantom ______  __  __  ______  __  __  ______
 72
65
 73
6
 40
6.35
 49
3.175
 74
0
 49
-0.635
 74
0
 49
0.635
 74
0
 49
-0.635
 74
0
 49
0.635
 74
0
 49
-0.635
 74
0
  0
LTYPE
  5
36
330
2
100
AcDbSymbolTableRecord
100
AcDbLinetypeTableRecord
  2
PHANTOMX2
 70
0
  3
Phantom (2x)____________    ____    ____    ____________
 72
65
 73
6
 40
10.795
 49
6.35
 74
0
 49
-0.635
 74
0
 49
1.27
 74
0
 49
-0.635
 74
0
 49
1.27
 74
0
 49
-0.635
 74
0
  0
LTYPE
  5
37
330
2
100
AcDbSymbolTableRecord
100
AcDbLinetypeTableRecord
  2
PHANTOM2
 70
0
  3
Phantom (.5x) ___ _ _ ___ _ _ ___ _ _ ___ _ _ ___
 72
65
 73
6
 40
3.175
 49
1.587
 74
0
 49
-0.318
 74
0
 49
0.318
 74
0
 49
-0.318
 74
0
 49
0.318
 74
0
 49
-0.318
 74
0
  0
LTYPE
  5
38
330
2
100
AcDbSymbolTableRecord
100
AcDbLinetypeTableRecord
  2
DASHDOT
 70
0
  3
Dash dot __ . __ . __ . __ . __ . __ . __ . __
 72
65
 73
4
 40
3.556
 49
2.54
 74
0
 49
-0.508
 74
0
 49
0.0
 74
0
 49
-0.508
 74
0
  0
LTYPE
  5
39
330
2
100
AcDbSymbolTableRecord
100
AcDbLinetypeTableRecord
  2
DASHDOTX2
 70
0
  3
Dash dot (2x) ____  .  ____  .  ____  .  ____
 72
65
 73
4
 40
6.096
 49
5.08
 74
0
 49
-0.508
 74
0
 49
0.0
 74
0
 49
-0.508
 74
0
  0
LTYPE
  5
3A
330
2
100
AcDbSymbolTableRecord
100
AcDbLinetypeTableRecord
  2
DASHDOT2
 70
0
  3
Dash dot (.5x) _ . _ . _ . _ . _ . _ . _ . _
 72
65
 73
4
 40
1.778
 49
1.27
 74
0
 49
-0.254
 74
0
 49
0.0
 74
0
 49
-0.254
 74
0
  0
LTYPE
  5
3B
330
2
100
AcDbSymbolTableRecord
100
AcDbLinetypeTableRecord
  2
DOT
 70
0
  3
Dot .  .  .  .  .  .  .  .  .  .  .  .  .  .  .  .
 72
65
 73
2
 40
0.508
 49
0.0
 74
0
 49
-0.508
 74
0
  0
LTYPE
  5
3C
330
2
100
AcDbSymbolTableRecord
100
AcDbLinetypeTableRecord
  2
DOTX2
 70
0
  3
Dot (2x) .    .    .    .    .    .    .    . 
 72
65
 73
2
 40
1.016
 49
0.0
 74
0
 49
-1.016
 74
0
  0
LTYPE
  5
3D
330
2
100
AcDbSymbolTableRecord
100
AcDbLinetypeTableRecord
  2
DOT2
 70
0
  3
Dot (.5) . . . . . . . . . . . . . . . . . . . 
 72
65
 73
2
 40
0.254
 49
0.0
 74
0
 49
-0.254
 74
0
  0
LTYPE
  5
3E
330
2
100
AcDbSymbolTableRecord
100
AcDbLinetypeTableRecord
  2
DIVIDE
 70
0
  3
Divide __ . . __ . . __ . . __ . . __ . . __
 72
65
 73
6
 40
4.064
 49
2.54
 74
0
 49
-0.508
 74
0
 49
0.0
 74
0
 49
-0.508
 74
0
 49
0.0
 74
0
 49
-0.508
 74
0
  0
LTYPE
  5
3F
330
2
100
AcDbSymbolTableRecord
100
AcDbLinetypeTableRecord
  2
DIVIDEX2
 70
0
  3
Divide (2x) ____  . .  ____  . .  ____  . .  ____
 72
65
 73
6
 40
6.604
 49
5.08
 74
0
 49
-0.508
 74
0
 49
0.0
 74
0
 49
-0.508
 74
0
 49
0.0
 74
0
 49
-0.508
 74
0
  0
LTYPE
  5
40
330
2
100
AcDbSymbolTableRecord
100
AcDbLinetypeTableRecord
  2
DIVIDE2
 70
0
  3
Divide(.5x) _ . _ . _ . _ . _ . _ . _ . _
 72
65
 73
6
 40
2.032
 49
1.27
 74
0
 49
-0.254
 74
0
 49
0.0
 74
0
 49
-0.254
 74
0
 49
0.0
 74
0
 49
-0.254
 74
0
  0
ENDTAB
  0
TABLE
  2
LAYER
  5
1
330
0
100
AcDbSymbolTable
 70
19
  0
LAYER
  5
27
330
1
100
AcDbSymbolTableRecord
100
AcDbLayerTableRecord
  2
0
 70
0
 62
7
  6
Continuous
370
-3
390
13
347
21
  0
LAYER
  5
28
330
1
100
AcDbSymbolTableRecord
100
AcDbLayerTableRecord
  2
Defpoints
 70
0
 62
7
  6
Continuous
290
0
370
-3
390
13
347
21
  0
LAYER
  5
8B
330
1
100
AcDbSymbolTableRecord
100
AcDbLayerTableRecord
  2
A-WALL
 70
0
 62
7
  6
Continuous
370
35
390
13
347
21
  0
LAYER
  5
8C
330
1
100
AcDbSymbolTableRecord
100
AcDbLayerTableRecord
  2
A-WIND
 70
0
 62
4
  6
Continuous
370
18
390
13
347
21
  0
LAYER
  5
8D
330
1
100
AcDbSymbolTableRecord
100
AcDbLayerTableRecord
  2
A-DOOR
 70
0
 62
3
  6
Continuous
370
18
390
13
347
21
  0
LAYER
  5
8E
330
1
100
AcDbSymbolTableRecord
100
AcDbLayerTableRecord
  2
A-FLOR
 70
0
 62
8
  6
Continuous
370
13
390
13
347
21
  0
LAYER
  5
8F
330
1
100
AcDbSymbolTableRecord
100
AcDbLayerTableRecord
  2
A-FURN
 70
0
 62
8
  6
Continuous
370
13
390
13
347
21
  0
LAYER
  5
90
330
1
100
AcDbSymbolTableRecord
100
AcDbLayerTableRecord
  2
A-ANNO
 70
0
 62
7
  6
Continuous
370
18
390
13
347
21
  0
LAYER
  5
91
330
1
100
AcDbSymbolTableRecord
100
AcDbLayerTableRecord
  2
A-DIMS
 70
0
 62
7
  6
Continuous
370
13
390
13
347
21
  0
LAYER
  5
92
330
1
100
AcDbSymbolTableRecord
100
AcDbLayerTableRecord
  2
A-STAIR
 70
0
 62
7
  6
Continuous
370
18
390
13
347
21
  0
LAYER
  5
93
330
1
100
AcDbSymbolTableRecord
100
AcDbLayerTableRecord
  2
A-SITE
 70
0
 62
8
  6
Continuous
370
18
390
13
347
21
  0
LAYER
  5
94
330
1
100
AcDbSymbolTableRecord
100
AcDbLayerTableRecord
  2
A-TAGS
 70
0
 62
1
  6
Continuous
370
13
390
13
347
21
  0
LAYER
  5
95
330
1
100
AcDbSymbolTableRecord
100
AcDbLayerTableRecord
  2
A-GRID
 70
0
 62
8
  6
Continuous
370
13
390
13
347
21
  0
LAYER
  5
96
330
1
100
AcDbSymbolTableRecord
100
AcDbLayerTableRecord
  2
A-LEVL
 70
0
 62
7
  6
Continuous
370
13
390
13
347
21
  0
LAYER
  5
97
330
1
100
AcDbSymbolTableRecord
100
AcDbLayerTableRecord
  2
A-SECT
 70
0
 62
1
  6
Continuous
370
35
390
13
347
21
  0
LAYER
  5
98
330
1
100
AcDbSymbolTableRecord
100
AcDbLayerTableRecord
  2
A-EXT
 70
0
 62
30
  6
Continuous
370
18
390
13
347
21
  0
LAYER
  5
99
330
1
100
AcDbSymbolTableRecord
100
AcDbLayerTableRecord
  2
A-GATE
 70
0
 62
30
  6
Continuous
370
18
390
13
347
21
  0
LAYER
  5
9A
330
1
100
AcDbSymbolTableRecord
100
AcDbLayerTableRecord
  2
A-LAND
 70
0
 62
3
  6
Continuous
370
13
390
13
347
21
  0
LAYER
  5
9B
330
1
100
AcDbSymbolTableRecord
100
AcDbLayerTableRecord
  2
S-GRID
 70
0
 62
8
  6
Continuous
370
13
390
13
347
21
  0
ENDTAB
  0
TABLE
  2
STYLE
  5
5
330
0
100
AcDbSymbolTable
 70
26
  0
STYLE
  5
29
330
5
100
AcDbSymbolTableRecord
100
AcDbTextStyleTableRecord
  2
Standard
 70
0
 40
0.0
 41
1.0
 50
0.0
 71
0
 42
2.5
  3
txt
  4

  0
STYLE
  5
41
330
5
100
AcDbSymbolTableRecord
100
AcDbTextStyleTableRecord
  2
OpenSans-Light
 70
0
 40
0.0
 41
1.0
 50
0.0
 71
0
 42
2.5
  3
OpenSans-Light.ttf
  4

  0
STYLE
  5
42
330
5
100
AcDbSymbolTableRecord
100
AcDbTextStyleTableRecord
  2
OpenSans-Light-Italic
 70
0
 40
0.0
 41
1.0
 50
0.0
 71
0
 42
2.5
  3
OpenSans-LightItalic.ttf
  4

  0
STYLE
  5
43
330
5
100
AcDbSymbolTableRecord
100
AcDbTextStyleTableRecord
  2
OpenSans
 70
0
 40
0.0
 41
1.0
 50
0.0
 71
0
 42
2.5
  3
OpenSans-Regular.ttf
  4

  0
STYLE
  5
44
330
5
100
AcDbSymbolTableRecord
100
AcDbTextStyleTableRecord
  2
OpenSans-Italic
 70
0
 40
0.0
 41
1.0
 50
0.0
 71
0
 42
2.5
  3
OpenSans-Italic.ttf
  4

  0
STYLE
  5
45
330
5
100
AcDbSymbolTableRecord
100
AcDbTextStyleTableRecord
  2
OpenSans-SemiBold
 70
0
 40
0.0
 41
1.0
 50
0.0
 71
0
 42
2.5
  3
OpenSans-SemiBold.ttf
  4

  0
STYLE
  5
46
330
5
100
AcDbSymbolTableRecord
100
AcDbTextStyleTableRecord
  2
OpenSans-SemiBoldItalic
 70
0
 40
0.0
 41
1.0
 50
0.0
 71
0
 42
2.5
  3
OpenSans-SemiBoldItalic.ttf
  4

  0
STYLE
  5
47
330
5
100
AcDbSymbolTableRecord
100
AcDbTextStyleTableRecord
  2
OpenSans-Bold
 70
0
 40
0.0
 41
1.0
 50
0.0
 71
0
 42
2.5
  3
OpenSans-Bold.ttf
  4

  0
STYLE
  5
48
330
5
100
AcDbSymbolTableRecord
100
AcDbTextStyleTableRecord
  2
OpenSans-BoldItalic
 70
0
 40
0.0
 41
1.0
 50
0.0
 71
0
 42
2.5
  3
OpenSans-BoldItalic.ttf
  4

  0
STYLE
  5
49
330
5
100
AcDbSymbolTableRecord
100
AcDbTextStyleTableRecord
  2
OpenSans-ExtraBold
 70
0
 40
0.0
 41
1.0
 50
0.0
 71
0
 42
2.5
  3
OpenSans-ExtraBold.ttf
  4

  0
STYLE
  5
4A
330
5
100
AcDbSymbolTableRecord
100
AcDbTextStyleTableRecord
  2
OpenSans-ExtraBoldItalic
 70
0
 40
0.0
 41
1.0
 50
0.0
 71
0
 42
2.5
  3
OpenSans-ExtraBoldItalic.ttf
  4

  0
STYLE
  5
4B
330
5
100
AcDbSymbolTableRecord
100
AcDbTextStyleTableRecord
  2
OpenSansCondensed-Bold
 70
0
 40
0.0
 41
1.0
 50
0.0
 71
0
 42
2.5
  3
OpenSansCondensed-Bold.ttf
  4

  0
STYLE
  5
4C
330
5
100
AcDbSymbolTableRecord
100
AcDbTextStyleTableRecord
  2
OpenSansCondensed-Light
 70
0
 40
0.0
 41
1.0
 50
0.0
 71
0
 42
2.5
  3
OpenSansCondensed-Light.ttf
  4

  0
STYLE
  5
4D
330
5
100
AcDbSymbolTableRecord
100
AcDbTextStyleTableRecord
  2
OpenSansCondensed-Italic
 70
0
 40
0.0
 41
1.0
 50
0.0
 71
0
 42
2.5
  3
OpenSansCondensed-LightItalic.ttf
  4

  0
STYLE
  5
4E
330
5
100
AcDbSymbolTableRecord
100
AcDbTextStyleTableRecord
  2
LiberationSans
 70
0
 40
0.0
 41
1.0
 50
0.0
 71
0
 42
2.5
  3
LiberationSans-Regular.ttf
  4

  0
STYLE
  5
4F
330
5
100
AcDbSymbolTableRecord
100
AcDbTextStyleTableRecord
  2
LiberationSans-Bold
 70
0
 40
0.0
 41
1.0
 50
0.0
 71
0
 42
2.5
  3
LiberationSans-Bold.ttf
  4

  0
STYLE
  5
50
330
5
100
AcDbSymbolTableRecord
100
AcDbTextStyleTableRecord
  2
LiberationSans-BoldItalic
 70
0
 40
0.0
 41
1.0
 50
0.0
 71
0
 42
2.5
  3
LiberationSans-BoldItalic.ttf
  4

  0
STYLE
  5
51
330
5
100
AcDbSymbolTableRecord
100
AcDbTextStyleTableRecord
  2
LiberationSans-Italic
 70
0
 40
0.0
 41
1.0
 50
0.0
 71
0
 42
2.5
  3
LiberationSans-Italic.ttf
  4

  0
STYLE
  5
52
330
5
100
AcDbSymbolTableRecord
100
AcDbTextStyleTableRecord
  2
LiberationSerif
 70
0
 40
0.0
 41
1.0
 50
0.0
 71
0
 42
2.5
  3
LiberationSerif-Regular.ttf
  4

  0
STYLE
  5
53
330
5
100
AcDbSymbolTableRecord
100
AcDbTextStyleTableRecord
  2
LiberationSerif-Bold
 70
0
 40
0.0
 41
1.0
 50
0.0
 71
0
 42
2.5
  3
LiberationSerif-Bold.ttf
  4

  0
STYLE
  5
54
330
5
100
AcDbSymbolTableRecord
100
AcDbTextStyleTableRecord
  2
LiberationSerif-BoldItalic
 70
0
 40
0.0
 41
1.0
 50
0.0
 71
0
 42
2.5
  3
LiberationSerif-BoldItalic.ttf
  4

  0
STYLE
  5
55
330
5
100
AcDbSymbolTableRecord
100
AcDbTextStyleTableRecord
  2
LiberationSerif-Italic
 70
0
 40
0.0
 41
1.0
 50
0.0
 71
0
 42
2.5
  3
LiberationSerif-Italic.ttf
  4

  0
STYLE
  5
56
330
5
100
AcDbSymbolTableRecord
100
AcDbTextStyleTableRecord
  2
LiberationMono
 70
0
 40
0.0
 41
1.0
 50
0.0
 71
0
 42
2.5
  3
LiberationMono-Regular.ttf
  4

  0
STYLE
  5
57
330
5
100
AcDbSymbolTableRecord
100
AcDbTextStyleTableRecord
  2
LiberationMono-Bold
 70
0
 40
0.0
 41
1.0
 50
0.0
 71
0
 42
2.5
  3
LiberationMono-Bold.ttf
  4

  0
STYLE
  5
58
330
5
100
AcDbSymbolTableRecord
100
AcDbTextStyleTableRecord
  2
LiberationMono-BoldItalic
 70
0
 40
0.0
 41
1.0
 50
0.0
 71
0
 42
2.5
  3
LiberationMono-BoldItalic.ttf
  4

  0
STYLE
  5
59
330
5
100
AcDbSymbolTableRecord
100
AcDbTextStyleTableRecord
  2
LiberationMono-Italic
 70
0
 40
0.0
 41
1.0
 50
0.0
 71
0
 42
2.5
  3
LiberationMono-Italic.ttf
  4

  0
ENDTAB
  0
TABLE
  2
VIEW
  5
7
330
0
100
AcDbSymbolTable
 70
0
  0
ENDTAB
  0
TABLE
  2
UCS
  5
6
330
0
100
AcDbSymbolTable
 70
0
  0
ENDTAB
  0
TABLE
  2
APPID
  5
3
330
0
100
AcDbSymbolTable
 70
4
  0
APPID
  5
2A
330
3
100
AcDbSymbolTableRecord
100
AcDbRegAppTableRecord
  2
ACAD
 70
0
  0
APPID
  5
9D
330
3
100
AcDbSymbolTableRecord
100
AcDbRegAppTableRecord
  2
FLOORFORGE
 70
0
  0
APPID
  5
976
330
3
100
AcDbSymbolTableRecord
100
AcDbRegAppTableRecord
  2
HATCHBACKGROUNDCOLOR
 70
0
  0
APPID
  5
977
330
3
100
AcDbSymbolTableRecord
100
AcDbRegAppTableRecord
  2
EZDXF
 70
0
  0
ENDTAB
  0
TABLE
  2
DIMSTYLE
  5
4
330
0
100
AcDbSymbolTable
 70
13
100
AcDbDimStyleTable
  0
DIMSTYLE
105
2B
330
4
100
AcDbSymbolTableRecord
100
AcDbDimStyleTableRecord
  2
Standard
 70
0
 40
1.0
 41
2.5
 42
0.625
 43
3.75
 44
1.25
 45
0.0
 46
0.0
 47
0.0
 48
0.0
 49
2.5
140
2.5
141
2.5
142
0.0
143
0.03937007874
144
1.0
145
0.0
146
1.0
147
0.625
148
0.0
 69
0
 70
0
 71
0
 72
0
 73
0
 74
0
 75
0
 76
0
 77
1
 78
8
 79
3
170
0
171
3
172
1
173
0
174
0
175
0
176
0
177
0
178
0
179
2
271
2
272
2
273
2
274
3
275
0
276
0
277
2
278
44
279
0
280
0
281
0
282
0
283
0
284
8
285
0
286
0
288
0
289
3
290
0
371
-2
372
-2
  0
DIMSTYLE
105
73
330
4
100
AcDbSymbolTableRecord
100
AcDbDimStyleTableRecord
  2
EZDXF
 70
0
 40
1.0
 41
0.175
 42
0.125
 43
3.75
 44
0.375
 45
0.0
 46
0.0
 47
0.0
 48
0.0
 49
2.5
140
0.25
141
2.5
142
0.0
143
0.03937007874
144
100.0
145
0.0
146
0.5
147
0.1
148
0.0
 69
0
 70
0
 71
0
 72
0
 73
0
 74
0
 75
0
 76
0
 77
1
 78
12
 79
3
170
0
171
3
172
1
173
0
174
0
175
0
176
0
177
0
178
0
179
2
271
2
272
2
273
2
274
3
275
0
276
0
277
2
278
46
279
2
280
0
281
0
282
0
283
0
284
8
285
0
286
0
288
1
289
3
290
0
340
4C
342
74
371
-2
372
-2
  0
DIMSTYLE
105
7C
330
4
100
AcDbSymbolTableRecord
100
AcDbDimStyleTableRecord
  2
EZ_M_100_H25_CM
 70
0
 40
1.0
 41
0.25
 42
0.125
 43
3.75
 44
0.375
 45
0.0
 46
0.0
 47
0.0
 48
0.0
 49
2.5
140
0.25
141
2.5
142
0.125
143
0.03937007874
144
100.0
145
0.0
146
0.5
147
0.1
148
0.0
 69
0
 70
0
 71
0
 72
0
 73
0
 74
0
 75
0
 76
0
 77
1
 78
12
 79
3
170
0
171
3
172
1
173
0
174
0
175
0
176
0
177
0
178
0
179
2
271
2
272
2
273
2
274
3
275
0
276
0
277
2
278
46
279
2
280
0
281
0
282
0
283
0
284
8
285
0
286
0
288
1
289
3
290
0
340
4C
371
-2
372
-2
  0
DIMSTYLE
105
7D
330
4
100
AcDbSymbolTableRecord
100
AcDbDimStyleTableRecord
  2
EZ_M_50_H25_CM
 70
0
 40
1.0
 41
0.125
 42
0.0625
 43
3.75
 44
0.1875
 45
0.0
 46
0.0
 47
0.0
 48
0.0
 49
2.5
140
0.125
141
2.5
142
0.0625
143
0.03937007874
144
100.0
145
0.0
146
0.5
147
0.05
148
0.0
 69
0
 70
0
 71
0
 72
0
 73
0
 74
0
 75
0
 76
0
 77
1
 78
12
 79
3
170
0
171
3
172
1
173
0
174
0
175
0
176
0
177
0
178
0
179
2
271
2
272
2
273
2
274
3
275
0
276
0
277
2
278
46
279
2
280
0
281
0
282
0
283
0
284
8
285
0
286
0
288
1
289
3
290
0
340
4C
371
-2
372
-2
  0
DIMSTYLE
105
7E
330
4
100
AcDbSymbolTableRecord
100
AcDbDimStyleTableRecord
  2
EZ_M_25_H25_CM
 70
0
 40
1.0
 41
0.0625
 42
0.03125
 43
3.75
 44
0.09375
 45
0.0
 46
0.0
 47
0.0
 48
0.0
 49
2.5
140
0.0625
141
2.5
142
0.03125
143
0.03937007874
144
100.0
145
0.0
146
0.5
147
0.025
148
0.0
 69
0
 70
0
 71
0
 72
0
 73
0
 74
0
 75
0
 76
0
 77
1
 78
12
 79
3
170
0
171
3
172
1
173
0
174
0
175
0
176
0
177
0
178
0
179
2
271
2
272
2
273
2
274
3
275
0
276
0
277
2
278
46
279
2
280
0
281
0
282
0
283
0
284
8
285
0
286
0
288
1
289
3
290
0
340
4C
371
-2
372
-2
  0
DIMSTYLE
105
7F
330
4
100
AcDbSymbolTableRecord
100
AcDbDimStyleTableRecord
  2
EZ_M_20_H25_CM
 70
0
 40
1.0
 41
0.05
 42
0.025
 43
3.75
 44
0.07500000000000001
 45
0.0
 46
0.0
 47
0.0
 48
0.0
 49
2.5
140
0.05
141
2.5
142
0.025
143
0.03937007874
144
100.0
145
0.0
146
0.5
147
0.020000000000000004
148
0.0
 69
0
 70
0
 71
0
 72
0
 73
0
 74
0
 75
0
 76
0
 77
1
 78
12
 79
3
170
0
171
3
172
1
173
0
174
0
175
0
176
0
177
0
178
0
179
2
271
2
272
2
273
2
274
3
275
0
276
0
277
2
278
46
279
2
280
0
281
0
282
0
283
0
284
8
285
0
286
0
288
1
289
3
290
0
340
4C
371
-2
372
-2
  0
DIMSTYLE
105
80
330
4
100
AcDbSymbolTableRecord
100
AcDbDimStyleTableRecord
  2
EZ_M_10_H25_CM
 70
0
 40
1.0
 41
0.025
 42
0.0125
 43
3.75
 44
0.037500000000000006
 45
0.0
 46
0.0
 47
0.0
 48
0.0
 49
2.5
140
0.025
141
2.5
142
0.0125
143
0.03937007874
144
100.0
145
0.0
146
0.5
147
0.010000000000000002
148
0.0
 69
0
 70
0
 71
0
 72
0
 73
0
 74
0
 75
0
 76
0
 77
1
 78
12
 79
3
170
0
171
3
172
1
173
0
174
0
175
0
176
0
177
0
178
0
179
2
271
2
272
2
273
2
274
3
275
0
276
0
277
2
278
46
279
2
280
0
281
0
282
0
283
0
284
8
285
0
286
0
288
1
289
3
290
0
340
4C
371
-2
372
-2
  0
DIMSTYLE
105
81
330
4
100
AcDbSymbolTableRecord
100
AcDbDimStyleTableRecord
  2
EZ_M_5_H25_CM
 70
0
 40
1.0
 41
0.0125
 42
0.00625
 43
3.75
 44
0.018750000000000003
 45
0.0
 46
0.0
 47
0.0
 48
0.0
 49
2.5
140
0.0125
141
2.5
142
0.00625
143
0.03937007874
144
100.0
145
0.0
146
0.5
147
0.005000000000000001
148
0.0
 69
0
 70
0
 71
0
 72
0
 73
0
 74
0
 75
0
 76
0
 77
1
 78
12
 79
3
170
0
171
3
172
1
173
0
174
0
175
0
176
0
177
0
178
0
179
2
271
2
272
2
273
2
274
3
275
0
276
0
277
2
278
46
279
2
280
0
281
0
282
0
283
0
284
8
285
0
286
0
288
1
289
3
290
0
340
4C
371
-2
372
-2
  0
DIMSTYLE
105
82
330
4
100
AcDbSymbolTableRecord
100
AcDbDimStyleTableRecord
  2
EZ_M_1_H25_CM
 70
0
 40
1.0
 41
0.0025
 42
0.00125
 43
3.75
 44
0.00375
 45
0.0
 46
0.0
 47
0.0
 48
0.0
 49
2.5
140
0.0025
141
2.5
142
0.00125
143
0.03937007874
144
100.0
145
0.0
146
0.5
147
0.001
148
0.0
 69
0
 70
0
 71
0
 72
0
 73
0
 74
0
 75
0
 76
0
 77
1
 78
12
 79
3
170
0
171
3
172
1
173
0
174
0
175
0
176
0
177
0
178
0
179
2
271
2
272
2
273
2
274
3
275
0
276
0
277
2
278
46
279
2
280
0
281
0
282
0
283
0
284
8
285
0
286
0
288
1
289
3
290
0
340
4C
371
-2
372
-2
  0
DIMSTYLE
105
83
330
4
100
AcDbSymbolTableRecord
100
AcDbDimStyleTableRecord
  2
EZ_RADIUS
 70
0
 40
1.0
 41
0.25
 42
0.125
 43
3.75
 44
0.375
 45
0.0
 46
0.0
 47
0.0
 48
0.0
 49
2.5
140
0.25
141
0.0
142
0.0
143
0.03937007874
144
100.0
145
0.0
146
0.5
147
0.1
148
0.0
 69
0
 70
0
 71
0
 72
0
 73
0
 74
0
 75
0
 76
0
 77
1
 78
12
 79
3
170
0
171
3
172
0
173
0
174
0
175
0
176
0
177
0
178
0
179
2
271
2
272
2
273
2
274
3
275
0
276
0
277
2
278
46
279
1
280
0
281
0
282
0
283
0
284
8
285
0
286
0
288
1
289
3
290
0
340
4C
342
84
371
-2
372
-2
  0
DIMSTYLE
105
88
330
4
100
AcDbSymbolTableRecord
100
AcDbDimStyleTableRecord
  2
EZ_RADIUS_INSIDE
 70
0
 40
1.0
 41
0.25
 42
0.125
 43
3.75
 44
0.375
 45
0.0
 46
0.0
 47
0.0
 48
0.0
 49
2.5
140
0.25
141
0.0
142
0.0
143
0.03937007874
144
100.0
145
0.0
146
0.5
147
0.1
148
0.0
 69
0
 70
0
 71
0
 72
0
 73
0
 74
0
 75
0
 76
0
 77
0
 78
12
 79
3
170
0
171
3
172
0
173
0
174
1
175
0
176
0
177
0
178
0
179
2
271
2
272
2
273
2
274
3
275
0
276
0
277
2
278
46
279
0
280
0
281
0
282
0
283
0
284
8
285
0
286
0
288
1
289
0
290
0
340
4C
342
84
371
-2
372
-2
  0
DIMSTYLE
105
89
330
4
100
AcDbSymbolTableRecord
100
AcDbDimStyleTableRecord
  2
EZ_CURVED
 70
0
 40
1.0
 41
0.25
 42
0.125
 43
3.75
 44
0.375
 45
0.0
 46
0.0
 47
0.0
 48
0.0
 49
2.5
140
0.25
141
2.5
142
0.0
143
0.03937007874
144
100.0
145
0.0
146
0.5
147
0.1
148
0.0
 69
0
 70
0
 71
0
 72
0
 73
0
 74
0
 75
0
 76
0
 77
1
 78
12
 79
2
 90
2
170
0
171
3
172
1
173
0
174
0
175
0
176
0
177
0
178
0
179
2
271
2
272
2
273
2
274
3
275
0
276
0
277
2
278
46
279
2
280
0
281
0
282
0
283
0
284
8
285
0
286
0
288
1
289
3
290
0
340
4C
371
-2
372
-2
  0
DIMSTYLE
105
9C
330
4
100
AcDbSymbolTableRecord
100
AcDbDimStyleTableRecord
  2
FF-ARCH
 70
0
 40
1.0
 41
90.0
 42
120.0
 43
3.75
 44
120.0
 45
0.0
 46
0.0
 47
0.0
 48
0.0
 49
2.5
140
180.0
141
2.5
142
60.0
143
0.03937007874
144
1.0
145
0.0
146
1.0
147
60.0
148
0.0
 69
0
 70
0
 71
0
 72
0
 73
0
 74
0
 75
0
 76
0
 77
1
 78
8
 79
3
170
0
171
3
172
1
173
0
174
0
175
0
176
0
177
0
178
0
179
2
271
0
272
2
273
2
274
3
275
0
276
0
277
2
278
44
279
0
280
0
281
0
282
0
283
0
284
8
285
0
286
0
288
0
289
3
290
0
371
-2
372
-2
  0
ENDTAB
  0
TABLE
  2
BLOCK_RECORD
  5
9
330
0
100
AcDbSymbolTable
 70
107
  0
BLOCK_RECORD
  5
17
330
9
100
AcDbSymbolTableRecord
100
AcDbBlockTableRecord
  2
*Model_Space
340
1A
 70
0
280
1
281
0
  0
BLOCK_RECORD
  5
1B
330
9
100
AcDbSymbolTableRecord
100
AcDbBlockTableRecord
  2
*Paper_Space
340
1E
 70
0
280
1
281
0
  0
BLOCK_RECORD
  5
74
330
9
100
AcDbSymbolTableRecord
100
AcDbBlockTableRecord
  2
_ARCHTICK
340
0
 70
0
280
1
281
0
  0
BLOCK_RECORD
  5
78
330
9
100
AcDbSymbolTableRecord
100
AcDbBlockTableRecord
  2
_CLOSEDFILLED
340
0
 70
0
280
1
281
0
  0
BLOCK_RECORD
  5
84
330
9
100
AcDbSymbolTableRecord
100
AcDbBlockTableRecord
  2
_CLOSEDBLANK
340
0
 70
0
280
1
281
0
  0
BLOCK_RECORD
  5
1F5
330
9
100
AcDbSymbolTableRecord
100
AcDbBlockTableRecord
  2
*D1
340
0
 70
0
280
1
281
0
  0
BLOCK_RECORD
  5
1FA
330
9
100
AcDbSymbolTableRecord
100
AcDbBlockTableRecord
  2
_OBLIQUE
340
0
 70
0
280
1
281
0
  0
BLOCK_RECORD
  5
208
330
9
100
AcDbSymbolTableRecord
100
AcDbBlockTableRecord
  2
*D2
340
0
 70
0
280
1
281
0
  0
BLOCK_RECORD
  5
217
330
9
100
AcDbSymbolTableRecord
100
AcDbBlockTableRecord
  2
*D3
340
0
 70
0
280
1
281
0
  0
BLOCK_RECORD
  5
226
330
9
100
AcDbSymbolTableRecord
100
AcDbBlockTableRecord
  2
*D4
340
0
 70
0
280
1
281
0
  0
BLOCK_RECORD
  5
235
330
9
100
AcDbSymbolTableRecord
100
AcDbBlockTableRecord
  2
*D5
340
0
 70
0
280
1
281
0
  0
BLOCK_RECORD
  5
244
330
9
100
AcDbSymbolTableRecord
100
AcDbBlockTableRecord
  2
*D6
340
0
 70
0
280
1
281
0
  0
BLOCK_RECORD
  5
253
330
9
100
AcDbSymbolTableRecord
100
AcDbBlockTableRecord
  2
*D7
340
0
 70
0
280
1
281
0
  0
BLOCK_RECORD
  5
262
330
9
100
AcDbSymbolTableRecord
100
AcDbBlockTableRecord
  2
*D8
340
0
 70
0
280
1
281
0
  0
BLOCK_RECORD
  5
271
330
9
100
AcDbSymbolTableRecord
100
AcDbBlockTableRecord
  2
*D9
340
0
 70
0
280
1
281
0
  0
BLOCK_RECORD
  5
280
330
9
100
AcDbSymbolTableRecord
100
AcDbBlockTableRecord
  2
*D10
340
0
 70
0
280
1
281
0
  0
BLOCK_RECORD
  5
28F
330
9
100
AcDbSymbolTableRecord
100
AcDbBlockTableRecord
  2
*D11
340
0
 70
0
280
1
281
0
  0
BLOCK_RECORD
  5
29E
330
9
100
AcDbSymbolTableRecord
100
AcDbBlockTableRecord
  2
*D12
340
0
 70
0
280
1
281
0
  0
BLOCK_RECORD
  5
2AD
330
9
100
AcDbSymbolTableRecord
100
AcDbBlockTableRecord
  2
*D13
340
0
 70
0
280
1
281
0
  0
BLOCK_RECORD
  5
2BC
330
9
100
AcDbSymbolTableRecord
100
AcDbBlockTableRecord
  2
*D14
340
0
 70
0
280
1
281
0
  0
BLOCK_RECORD
  5
2CB
330
9
100
AcDbSymbolTableRecord
100
AcDbBlockTableRecord
  2
*D15
340
0
 70
0
280
1
281
0
  0
BLOCK_RECORD
  5
2DA
330
9
100
AcDbSymbolTableRecord
100
AcDbBlockTableRecord
  2
*D16
340
0
 70
0
280
1
281
0
  0
BLOCK_RECORD
  5
2E9
330
9
100
AcDbSymbolTableRecord
100
AcDbBlockTableRecord
  2
*D17
340
0
 70
0
280
1
281
0
  0
BLOCK_RECORD
  5
2F8
330
9
100
AcDbSymbolTableRecord
100
AcDbBlockTableRecord
  2
*D18
340
0
 70
0
280
1
281
0
  0
BLOCK_RECORD
  5
307
330
9
100
AcDbSymbolTableRecord
100
AcDbBlockTableRecord
  2
*D19
340
0
 70
0
280
1
281
0
  0
BLOCK_RECORD
  5
316
330
9
100
AcDbSymbolTableRecord
100
AcDbBlockTableRecord
  2
*D20
340
0
 70
0
280
1
281
0
  0
BLOCK_RECORD
  5
325
330
9
100
AcDbSymbolTableRecord
100
AcDbBlockTableRecord
  2
*D21
340
0
 70
0
280
1
281
0
  0
BLOCK_RECORD
  5
334
330
9
100
AcDbSymbolTableRecord
100
AcDbBlockTableRecord
  2
*D22
340
0
 70
0
280
1
281
0
  0
BLOCK_RECORD
  5
343
330
9
100
AcDbSymbolTableRecord
100
AcDbBlockTableRecord
  2
*D23
340
0
 70
0
280
1
281
0
  0
BLOCK_RECORD
  5
352
330
9
100
AcDbSymbolTableRecord
100
AcDbBlockTableRecord
  2
*D24
340
0
 70
0
280
1
281
0
  0
BLOCK_RECORD
  5
361
330
9
100
AcDbSymbolTableRecord
100
AcDbBlockTableRecord
  2
*D25
340
0
 70
0
280
1
281
0
  0
BLOCK_RECORD
  5
370
330
9
100
AcDbSymbolTableRecord
100
AcDbBlockTableRecord
  2
*D26
340
0
 70
0
280
1
281
0
  0
BLOCK_RECORD
  5
37F
330
9
100
AcDbSymbolTableRecord
100
AcDbBlockTableRecord
  2
*D27
340
0
 70
0
280
1
281
0
  0
BLOCK_RECORD
  5
38E
330
9
100
AcDbSymbolTableRecord
100
AcDbBlockTableRecord
  2
*D28
340
0
 70
0
280
1
281
0
  0
BLOCK_RECORD
  5
39D
330
9
100
AcDbSymbolTableRecord
100
AcDbBlockTableRecord
  2
*D29
340
0
 70
0
280
1
281
0
  0
BLOCK_RECORD
  5
3AC
330
9
100
AcDbSymbolTableRecord
100
AcDbBlockTableRecord
  2
*D30
340
0
 70
0
280
1
281
0
  0
BLOCK_RECORD
  5
3BB
330
9
100
AcDbSymbolTableRecord
100
AcDbBlockTableRecord
  2
*D31
340
0
 70
0
280
1
281
0
  0
BLOCK_RECORD
  5
3CA
330
9
100
AcDbSymbolTableRecord
100
AcDbBlockTableRecord
  2
*D32
340
0
 70
0
280
1
281
0
  0
BLOCK_RECORD
  5
3D9
330
9
100
AcDbSymbolTableRecord
100
AcDbBlockTableRecord
  2
*D33
340
0
 70
0
280
1
281
0
  0
BLOCK_RECORD
  5
3E8
330
9
100
AcDbSymbolTableRecord
100
AcDbBlockTableRecord
  2
*D34
340
0
 70
0
280
1
281
0
  0
BLOCK_RECORD
  5
3F7
330
9
100
AcDbSymbolTableRecord
100
AcDbBlockTableRecord
  2
*D35
340
0
 70
0
280
1
281
0
  0
BLOCK_RECORD
  5
406
330
9
100
AcDbSymbolTableRecord
100
AcDbBlockTableRecord
  2
*D36
340
0
 70
0
280
1
281
0
  0
BLOCK_RECORD
  5
415
330
9
100
AcDbSymbolTableRecord
100
AcDbBlockTableRecord
  2
*D37
340
0
 70
0
280
1
281
0
  0
BLOCK_RECORD
  5
424
330
9
100
AcDbSymbolTableRecord
100
AcDbBlockTableRecord
  2
*D38
340
0
 70
0
280
1
281
0
  0
BLOCK_RECORD
  5
433
330
9
100
AcDbSymbolTableRecord
100
AcDbBlockTableRecord
  2
*D39
340
0
 70
0
280
1
281
0
  0
BLOCK_RECORD
  5
442
330
9
100
AcDbSymbolTableRecord
100
AcDbBlockTableRecord
  2
*D40
340
0
 70
0
280
1
281
0
  0
BLOCK_RECORD
  5
451
330
9
100
AcDbSymbolTableRecord
100
AcDbBlockTableRecord
  2
*D41
340
0
 70
0
280
1
281
0
  0
BLOCK_RECORD
  5
460
330
9
100
AcDbSymbolTableRecord
100
AcDbBlockTableRecord
  2
*D42
340
0
 70
0
280
1
281
0
  0
BLOCK_RECORD
  5
46F
330
9
100
AcDbSymbolTableRecord
100
AcDbBlockTableRecord
  2
*D43
340
0
 70
0
280
1
281
0
  0
BLOCK_RECORD
  5
47E
330
9
100
AcDbSymbolTableRecord
100
AcDbBlockTableRecord
  2
*D44
340
0
 70
0
280
1
281
0
  0
BLOCK_RECORD
  5
48D
330
9
100
AcDbSymbolTableRecord
100
AcDbBlockTableRecord
  2
*D45
340
0
 70
0
280
1
281
0
  0
BLOCK_RECORD
  5
49C
330
9
100
AcDbSymbolTableRecord
100
AcDbBlockTableRecord
  2
*D46
340
0
 70
0
280
1
281
0
  0
BLOCK_RECORD
  5
4AB
330
9
100
AcDbSymbolTableRecord
100
AcDbBlockTableRecord
  2
*D47
340
0
 70
0
280
1
281
0
  0
BLOCK_RECORD
  5
4BA
330
9
100
AcDbSymbolTableRecord
100
AcDbBlockTableRecord
  2
*D48
340
0
 70
0
280
1
281
0
  0
BLOCK_RECORD
  5
4C9
330
9
100
AcDbSymbolTableRecord
100
AcDbBlockTableRecord
  2
*D49
340
0
 70
0
280
1
281
0
  0
BLOCK_RECORD
  5
4D8
330
9
100
AcDbSymbolTableRecord
100
AcDbBlockTableRecord
  2
*D50
340
0
 70
0
280
1
281
0
  0
BLOCK_RECORD
  5
515
330
9
100
AcDbSymbolTableRecord
100
AcDbBlockTableRecord
  2
*Paper_Space0
340
518
 70
0
280
1
281
0
  0
BLOCK_RECORD
  5
637
330
9
100
AcDbSymbolTableRecord
100
AcDbBlockTableRecord
  2
*D51
340
0
 70
0
280
1
281
0
  0
BLOCK_RECORD
  5
646
330
9
100
AcDbSymbolTableRecord
100
AcDbBlockTableRecord
  2
*D52
340
0
 70
0
280
1
281
0
  0
BLOCK_RECORD
  5
655
330
9
100
AcDbSymbolTableRecord
100
AcDbBlockTableRecord
  2
*D53
340
0
 70
0
280
1
281
0
  0
BLOCK_RECORD
  5
664
330
9
100
AcDbSymbolTableRecord
100
AcDbBlockTableRecord
  2
*D54
340
0
 70
0
280
1
281
0
  0
BLOCK_RECORD
  5
673
330
9
100
AcDbSymbolTableRecord
100
AcDbBlockTableRecord
  2
*D55
340
0
 70
0
280
1
281
0
  0
BLOCK_RECORD
  5
682
330
9
100
AcDbSymbolTableRecord
100
AcDbBlockTableRecord
  2
*D56
340
0
 70
0
280
1
281
0
  0
BLOCK_RECORD
  5
691
330
9
100
AcDbSymbolTableRecord
100
AcDbBlockTableRecord
  2
*D57
340
0
 70
0
280
1
281
0
  0
BLOCK_RECORD
  5
6A0
330
9
100
AcDbSymbolTableRecord
100
AcDbBlockTableRecord
  2
*D58
340
0
 70
0
280
1
281
0
  0
BLOCK_RECORD
  5
6AF
330
9
100
AcDbSymbolTableRecord
100
AcDbBlockTableRecord
  2
*D59
340
0
 70
0
280
1
281
0
  0
BLOCK_RECORD
  5
6BE
330
9
100
AcDbSymbolTableRecord
100
AcDbBlockTableRecord
  2
*D60
340
0
 70
0
280
1
281
0
  0
BLOCK_RECORD
  5
6CD
330
9
100
AcDbSymbolTableRecord
100
AcDbBlockTableRecord
  2
*D61
340
0
 70
0
280
1
281
0
  0
BLOCK_RECORD
  5
6DC
330
9
100
AcDbSymbolTableRecord
100
AcDbBlockTableRecord
  2
*D62
340
0
 70
0
280
1
281
0
  0
BLOCK_RECORD
  5
6EB
330
9
100
AcDbSymbolTableRecord
100
AcDbBlockTableRecord
  2
*D63
340
0
 70
0
280
1
281
0
  0
BLOCK_RECORD
  5
6FA
330
9
100
AcDbSymbolTableRecord
100
AcDbBlockTableRecord
  2
*D64
340
0
 70
0
280
1
281
0
  0
BLOCK_RECORD
  5
709
330
9
100
AcDbSymbolTableRecord
100
AcDbBlockTableRecord
  2
*D65
340
0
 70
0
280
1
281
0
  0
BLOCK_RECORD
  5
718
330
9
100
AcDbSymbolTableRecord
100
AcDbBlockTableRecord
  2
*D66
340
0
 70
0
280
1
281
0
  0
BLOCK_RECORD
  5
727
330
9
100
AcDbSymbolTableRecord
100
AcDbBlockTableRecord
  2
*D67
340
0
 70
0
280
1
281
0
  0
BLOCK_RECORD
  5
736
330
9
100
AcDbSymbolTableRecord
100
AcDbBlockTableRecord
  2
*D68
340
0
 70
0
280
1
281
0
  0
BLOCK_RECORD
  5
745
330
9
100
AcDbSymbolTableRecord
100
AcDbBlockTableRecord
  2
*D69
340
0
 70
0
280
1
281
0
  0
BLOCK_RECORD
  5
754
330
9
100
AcDbSymbolTableRecord
100
AcDbBlockTableRecord
  2
*D70
340
0
 70
0
280
1
281
0
  0
BLOCK_RECORD
  5
763
330
9
100
AcDbSymbolTableRecord
100
AcDbBlockTableRecord
  2
*D71
340
0
 70
0
280
1
281
0
  0
BLOCK_RECORD
  5
772
330
9
100
AcDbSymbolTableRecord
100
AcDbBlockTableRecord
  2
*D72
340
0
 70
0
280
1
281
0
  0
BLOCK_RECORD
  5
781
330
9
100
AcDbSymbolTableRecord
100
AcDbBlockTableRecord
  2
*D73
340
0
 70
0
280
1
281
0
  0
BLOCK_RECORD
  5
790
330
9
100
AcDbSymbolTableRecord
100
AcDbBlockTableRecord
  2
*D74
340
0
 70
0
280
1
281
0
  0
BLOCK_RECORD
  5
79F
330
9
100
AcDbSymbolTableRecord
100
AcDbBlockTableRecord
  2
*D75
340
0
 70
0
280
1
281
0
  0
BLOCK_RECORD
  5
7AE
330
9
100
AcDbSymbolTableRecord
100
AcDbBlockTableRecord
  2
*D76
340
0
 70
0
280
1
281
0
  0
BLOCK_RECORD
  5
7BD
330
9
100
AcDbSymbolTableRecord
100
AcDbBlockTableRecord
  2
*D77
340
0
 70
0
280
1
281
0
  0
BLOCK_RECORD
  5
7CC
330
9
100
AcDbSymbolTableRecord
100
AcDbBlockTableRecord
  2
*D78
340
0
 70
0
280
1
281
0
  0
BLOCK_RECORD
  5
7DB
330
9
100
AcDbSymbolTableRecord
100
AcDbBlockTableRecord
  2
*D79
340
0
 70
0
280
1
281
0
  0
BLOCK_RECORD
  5
7EA
330
9
100
AcDbSymbolTableRecord
100
AcDbBlockTableRecord
  2
*D80
340
0
 70
0
280
1
281
0
  0
BLOCK_RECORD
  5
7F9
330
9
100
AcDbSymbolTableRecord
100
AcDbBlockTableRecord
  2
*D81
340
0
 70
0
280
1
281
0
  0
BLOCK_RECORD
  5
808
330
9
100
AcDbSymbolTableRecord
100
AcDbBlockTableRecord
  2
*D82
340
0
 70
0
280
1
281
0
  0
BLOCK_RECORD
  5
817
330
9
100
AcDbSymbolTableRecord
100
AcDbBlockTableRecord
  2
*D83
340
0
 70
0
280
1
281
0
  0
BLOCK_RECORD
  5
826
330
9
100
AcDbSymbolTableRecord
100
AcDbBlockTableRecord
  2
*D84
340
0
 70
0
280
1
281
0
  0
BLOCK_RECORD
  5
835
330
9
100
AcDbSymbolTableRecord
100
AcDbBlockTableRecord
  2
*D85
340
0
 70
0
280
1
281
0
  0
BLOCK_RECORD
  5
844
330
9
100
AcDbSymbolTableRecord
100
AcDbBlockTableRecord
  2
*D86
340
0
 70
0
280
1
281
0
  0
BLOCK_RECORD
  5
853
330
9
100
AcDbSymbolTableRecord
100
AcDbBlockTableRecord
  2
*D87
340
0
 70
0
280
1
281
0
  0
BLOCK_RECORD
  5
862
330
9
100
AcDbSymbolTableRecord
100
AcDbBlockTableRecord
  2
*D88
340
0
 70
0
280
1
281
0
  0
BLOCK_RECORD
  5
871
330
9
100
AcDbSymbolTableRecord
100
AcDbBlockTableRecord
  2
*D89
340
0
 70
0
280
1
281
0
  0
BLOCK_RECORD
  5
880
330
9
100
AcDbSymbolTableRecord
100
AcDbBlockTableRecord
  2
*D90
340
0
 70
0
280
1
281
0
  0
BLOCK_RECORD
  5
88F
330
9
100
AcDbSymbolTableRecord
100
AcDbBlockTableRecord
  2
*D91
340
0
 70
0
280
1
281
0
  0
BLOCK_RECORD
  5
89E
330
9
100
AcDbSymbolTableRecord
100
AcDbBlockTableRecord
  2
*D92
340
0
 70
0
280
1
281
0
  0
BLOCK_RECORD
  5
8AD
330
9
100
AcDbSymbolTableRecord
100
AcDbBlockTableRecord
  2
*D93
340
0
 70
0
280
1
281
0
  0
BLOCK_RECORD
  5
8BC
330
9
100
AcDbSymbolTableRecord
100
AcDbBlockTableRecord
  2
*D94
340
0
 70
0
280
1
281
0
  0
BLOCK_RECORD
  5
8FC
330
9
100
AcDbSymbolTableRecord
100
AcDbBlockTableRecord
  2
*Paper_Space1
340
8FF
 70
0
280
1
281
0
  0
BLOCK_RECORD
  5
91A
330
9
100
AcDbSymbolTableRecord
100
AcDbBlockTableRecord
  2
*D95
340
0
 70
0
280
1
281
0
  0
BLOCK_RECORD
  5
929
330
9
100
AcDbSymbolTableRecord
100
AcDbBlockTableRecord
  2
*D96
340
0
 70
0
280
1
281
0
  0
BLOCK_RECORD
  5
938
330
9
100
AcDbSymbolTableRecord
100
AcDbBlockTableRecord
  2
*D97
340
0
 70
0
280
1
281
0
  0
BLOCK_RECORD
  5
947
330
9
100
AcDbSymbolTableRecord
100
AcDbBlockTableRecord
  2
*D98
340
0
 70
0
280
1
281
0
  0
BLOCK_RECORD
  5
96F
330
9
100
AcDbSymbolTableRecord
100
AcDbBlockTableRecord
  2
*Paper_Space2
340
972
 70
0
280
1
281
0
  0
ENDTAB
  0
ENDSEC
  0
SECTION
  2
BLOCKS
  0
BLOCK
  5
18
330
17
100
AcDbEntity
  8
0
100
AcDbBlockBegin
  2
*Model_Space
 70
0
 10
0.0
 20
0.0
 30
0.0
  3
*Model_Space
  1

  0
ENDBLK
  5
19
330
17
100
AcDbEntity
  8
0
100
AcDbBlockEnd
  0
BLOCK
  5
1C
330
1B
100
AcDbEntity
  8
0
100
AcDbBlockBegin
  2
*Paper_Space
 70
0
 10
0.0
 20
0.0
 30
0.0
  3
*Paper_Space
  1

  0
ENDBLK
  5
1D
330
1B
100
AcDbEntity
  8
0
100
AcDbBlockEnd
  0
BLOCK
  5
75
330
74
100
AcDbEntity
  8
0
100
AcDbBlockBegin
  2
_ARCHTICK
 70
0
 10
0.0
 20
0.0
 30
0.0
  3
_ARCHTICK
  1

  0
LWPOLYLINE
  5
77
330
74
100
AcDbEntity
  8
0
  6
BYBLOCK
 62
0
100
AcDbPolyline
 90
2
 70
0
 43
0.15
 10
-0.5
 20
-0.5
 10
0.5
 20
0.5
  0
ENDBLK
  5
76
330
74
100
AcDbEntity
  8
0
100
AcDbBlockEnd
  0
BLOCK
  5
79
330
78
100
AcDbEntity
  8
0
100
AcDbBlockBegin
  2
_CLOSEDFILLED
 70
0
 10
0.0
 20
0.0
 30
0.0
  3
_CLOSEDFILLED
  1

  0
SOLID
  5
7B
330
78
100
AcDbEntity
  8
0
  6
BYBLOCK
 62
0
100
AcDbTrace
 10
-1.0
 20
0.16439898372402537
 30
0.0
 11
0.0
 21
0.0
 31
0.0
 12
-1.0
 22
-0.16439898372402537
 32
0.0
 13
-1.0
 23
-0.16439898372402537
 33
0.0
  0
ENDBLK
  5
7A
330
78
100
AcDbEntity
  8
0
100
AcDbBlockEnd
  0
BLOCK
  5
85
330
84
100
AcDbEntity
  8
0
100
AcDbBlockBegin
  2
_CLOSEDBLANK
 70
0
 10
0.0
 20
0.0
 30
0.0
  3
_CLOSEDBLANK
  1

  0
LWPOLYLINE
  5
87
330
84
100
AcDbEntity
  8
0
  6
BYBLOCK
 62
0
100
AcDbPolyline
 90
3
 70
1
 10
-1.0
 20
0.16439898372402537
 10
0.0
 20
0.0
 10
-1.0
 20
-0.16439898372402537
  0
ENDBLK
  5
86
330
84
100
AcDbEntity
  8
0
100
AcDbBlockEnd
  0
BLOCK
  5
1F6
330
1F5
100
AcDbEntity
  8
0
100
AcDbBlockBegin
  2
*D1
 70
1
 10
0.0
 20
0.0
 30
0.0
  3
*D1
  1

  0
LINE
  5
1F8
330
1F5
100
AcDbEntity
  8
0
100
AcDbLine
 10
0.0
 20
-120.0
 30
0.0
 11
0.0
 21
-2770.0
 31
0.0
  0
LINE
  5
1F9
330
1F5
100
AcDbEntity
  8
0
100
AcDbLine
 10
800.0
 20
-120.0
 30
0.0
 11
800.0
 21
-2770.0
 31
0.0
  0
INSERT
  5
1FE
330
1F5
100
AcDbEntity
  8
A-DIMS
100
AcDbBlockReference
  2
_OBLIQUE
 10
0.0
 20
-2650.0
 30
0.0
 41
120.0
 42
120.0
  0
INSERT
  5
200
330
1F5
100
AcDbEntity
  8
A-DIMS
100
AcDbBlockReference
  2
_OBLIQUE
 10
800.0
 20
-2650.0
 30
0.0
 41
120.0
 42
120.0
  0
LINE
  5
202
330
1F5
100
AcDbEntity
  8
0
100
AcDbLine
 10
0.0
 20
-2650.0
 30
0.0
 11
800.0
 21
-2650.0
 31
0.0
  0
MTEXT
  5
203
330
1F5
100
AcDbEntity
  8
A-DIMS
100
AcDbMText
 10
400.0
 20
-2500.0
 30
0.0
 40
180.0
 71
5
  1
800
  7
OpenSansCondensed-Light
  0
POINT
  5
204
330
1F5
100
AcDbEntity
  8
Defpoints
100
AcDbPoint
 10
0.0
 20
-2650.0
 30
0.0
  0
POINT
  5
205
330
1F5
100
AcDbEntity
  8
Defpoints
100
AcDbPoint
 10
0.0
 20
0.0
 30
0.0
  0
POINT
  5
206
330
1F5
100
AcDbEntity
  8
Defpoints
100
AcDbPoint
 10
800.0
 20
0.0
 30
0.0
  0
ENDBLK
  5
1F7
330
1F5
100
AcDbEntity
  8
0
100
AcDbBlockEnd
  0
BLOCK
  5
1FB
330
1FA
100
AcDbEntity
  8
0
100
AcDbBlockBegin
  2
_OBLIQUE
 70
0
 10
0.0
 20
0.0
 30
0.0
  3
_OBLIQUE
  1

  0
LINE
  5
1FD
330
1FA
100
AcDbEntity
  8
0
  6
BYBLOCK
 62
0
100
AcDbLine
 10
-0.5
 20
-0.5
 30
0.0
 11
0.5
 21
0.5
 31
0.0
  0
ENDBLK
  5
1FC
330
1FA
100
AcDbEntity
  8
0
100
AcDbBlockEnd
  0
BLOCK
  5
209
330
208
100
AcDbEntity
  8
0
100
AcDbBlockBegin
  2
*D2
 70
1
 10
0.0
 20
0.0
 30
0.0
  3
*D2
  1

  0
LINE
  5
20B
330
208
100
AcDbEntity
  8
0
100
AcDbLine
 10
800.0
 20
-120.0
 30
0.0
 11
800.0
 21
-2770.0
 31
0.0
  0
LINE
  5
20C
330
208
100
AcDbEntity
  8
0
100
AcDbLine
 10
6200.0
 20
-120.0
 30
0.0
 11
6200.0
 21
-2770.0
 31
0.0
  0
INSERT
  5
20D
330
208
100
AcDbEntity
  8
A-DIMS
100
AcDbBlockReference
  2
_OBLIQUE
 10
800.0
 20
-2650.0
 30
0.0
 41
120.0
 42
120.0
  0
INSERT
  5
20F
330
208
100
AcDbEntity
  8
A-DIMS
100
AcDbBlockReference
  2
_OBLIQUE
 10
6200.0
 20
-2650.0
 30
0.0
 41
120.0
 42
120.0
  0
LINE
  5
211
330
208
100
AcDbEntity
  8
0
100
AcDbLine
 10
800.0
 20
-2650.0
 30
0.0
 11
6200.0
 21
-2650.0
 31
0.0
  0
MTEXT
  5
212
330
208
100
AcDbEntity
  8
A-DIMS
100
AcDbMText
 10
3500.0
 20
-2500.0
 30
0.0
 40
180.0
 71
5
  1
5400
  7
OpenSansCondensed-Light
  0
POINT
  5
213
330
208
100
AcDbEntity
  8
Defpoints
100
AcDbPoint
 10
800.0
 20
-2650.0
 30
0.0
  0
POINT
  5
214
330
208
100
AcDbEntity
  8
Defpoints
100
AcDbPoint
 10
800.0
 20
0.0
 30
0.0
  0
POINT
  5
215
330
208
100
AcDbEntity
  8
Defpoints
100
AcDbPoint
 10
6200.0
 20
0.0
 30
0.0
  0
ENDBLK
  5
20A
330
208
100
AcDbEntity
  8
0
100
AcDbBlockEnd
  0
BLOCK
  5
218
330
217
100
AcDbEntity
  8
0
100
AcDbBlockBegin
  2
*D3
 70
1
 10
0.0
 20
0.0
 30
0.0
  3
*D3
  1

  0
LINE
  5
21A
330
217
100
AcDbEntity
  8
0
100
AcDbLine
 10
6200.0
 20
-120.0
 30
0.0
 11
6200.0
 21
-2770.0
 31
0.0
  0
LINE
  5
21B
330
217
100
AcDbEntity
  8
0
100
AcDbLine
 10
7000.0
 20
-120.0
 30
0.0
 11
7000.0
 21
-2770.0
 31
0.0
  0
INSERT
  5
21C
330
217
100
AcDbEntity
  8
A-DIMS
100
AcDbBlockReference
  2
_OBLIQUE
 10
6200.0
 20
-2650.0
 30
0.0
 41
120.0
 42
120.0
  0
INSERT
  5
21E
330
217
100
AcDbEntity
  8
A-DIMS
100
AcDbBlockReference
  2
_OBLIQUE
 10
7000.0
 20
-2650.0
 30
0.0
 41
120.0
 42
120.0
  0
LINE
  5
220
330
217
100
AcDbEntity
  8
0
100
AcDbLine
 10
6200.0
 20
-2650.0
 30
0.0
 11
7000.0
 21
-2650.0
 31
0.0
  0
MTEXT
  5
221
330
217
100
AcDbEntity
  8
A-DIMS
100
AcDbMText
 10
6600.0
 20
-2500.0
 30
0.0
 40
180.0
 71
5
  1
800
  7
OpenSansCondensed-Light
  0
POINT
  5
222
330
217
100
AcDbEntity
  8
Defpoints
100
AcDbPoint
 10
6200.0
 20
-2650.0
 30
0.0
  0
POINT
  5
223
330
217
100
AcDbEntity
  8
Defpoints
100
AcDbPoint
 10
6200.0
 20
0.0
 30
0.0
  0
POINT
  5
224
330
217
100
AcDbEntity
  8
Defpoints
100
AcDbPoint
 10
7000.0
 20
0.0
 30
0.0
  0
ENDBLK
  5
219
330
217
100
AcDbEntity
  8
0
100
AcDbBlockEnd
  0
BLOCK
  5
227
330
226
100
AcDbEntity
  8
0
100
AcDbBlockBegin
  2
*D4
 70
1
 10
0.0
 20
0.0
 30
0.0
  3
*D4
  1

  0
LINE
  5
229
330
226
100
AcDbEntity
  8
0
100
AcDbLine
 10
7000.0
 20
-120.0
 30
0.0
 11
7000.0
 21
-2770.0
 31
0.0
  0
LINE
  5
22A
330
226
100
AcDbEntity
  8
0
100
AcDbLine
 10
8200.0
 20
-120.0
 30
0.0
 11
8200.0
 21
-2770.0
 31
0.0
  0
INSERT
  5
22B
330
226
100
AcDbEntity
  8
A-DIMS
100
AcDbBlockReference
  2
_OBLIQUE
 10
7000.0
 20
-2650.0
 30
0.0
 41
120.0
 42
120.0
  0
INSERT
  5
22D
330
226
100
AcDbEntity
  8
A-DIMS
100
AcDbBlockReference
  2
_OBLIQUE
 10
8200.0
 20
-2650.0
 30
0.0
 41
120.0
 42
120.0
  0
LINE
  5
22F
330
226
100
AcDbEntity
  8
0
100
AcDbLine
 10
7000.0
 20
-2650.0
 30
0.0
 11
8200.0
 21
-2650.0
 31
0.0
  0
MTEXT
  5
230
330
226
100
AcDbEntity
  8
A-DIMS
100
AcDbMText
 10
7600.0
 20
-2500.0
 30
0.0
 40
180.0
 71
5
  1
1200
  7
OpenSansCondensed-Light
  0
POINT
  5
231
330
226
100
AcDbEntity
  8
Defpoints
100
AcDbPoint
 10
7000.0
 20
-2650.0
 30
0.0
  0
POINT
  5
232
330
226
100
AcDbEntity
  8
Defpoints
100
AcDbPoint
 10
7000.0
 20
0.0
 30
0.0
  0
POINT
  5
233
330
226
100
AcDbEntity
  8
Defpoints
100
AcDbPoint
 10
8200.0
 20
0.0
 30
0.0
  0
ENDBLK
  5
228
330
226
100
AcDbEntity
  8
0
100
AcDbBlockEnd
  0
BLOCK
  5
236
330
235
100
AcDbEntity
  8
0
100
AcDbBlockBegin
  2
*D5
 70
1
 10
0.0
 20
0.0
 30
0.0
  3
*D5
  1

  0
LINE
  5
238
330
235
100
AcDbEntity
  8
0
100
AcDbLine
 10
8200.0
 20
-120.0
 30
0.0
 11
8200.0
 21
-2770.0
 31
0.0
  0
LINE
  5
239
330
235
100
AcDbEntity
  8
0
100
AcDbLine
 10
11400.0
 20
-120.0
 30
0.0
 11
11400.0
 21
-2770.0
 31
0.0
  0
INSERT
  5
23A
330
235
100
AcDbEntity
  8
A-DIMS
100
AcDbBlockReference
  2
_OBLIQUE
 10
8200.0
 20
-2650.0
 30
0.0
 41
120.0
 42
120.0
  0
INSERT
  5
23C
330
235
100
AcDbEntity
  8
A-DIMS
100
AcDbBlockReference
  2
_OBLIQUE
 10
11400.0
 20
-2650.0
 30
0.0
 41
120.0
 42
120.0
  0
LINE
  5
23E
330
235
100
AcDbEntity
  8
0
100
AcDbLine
 10
8200.0
 20
-2650.0
 30
0.0
 11
11400.0
 21
-2650.0
 31
0.0
  0
MTEXT
  5
23F
330
235
100
AcDbEntity
  8
A-DIMS
100
AcDbMText
 10
9800.0
 20
-2500.0
 30
0.0
 40
180.0
 71
5
  1
3200
  7
OpenSansCondensed-Light
  0
POINT
  5
240
330
235
100
AcDbEntity
  8
Defpoints
100
AcDbPoint
 10
8200.0
 20
-2650.0
 30
0.0
  0
POINT
  5
241
330
235
100
AcDbEntity
  8
Defpoints
100
AcDbPoint
 10
8200.0
 20
0.0
 30
0.0
  0
POINT
  5
242
330
235
100
AcDbEntity
  8
Defpoints
100
AcDbPoint
 10
11400.0
 20
0.0
 30
0.0
  0
ENDBLK
  5
237
330
235
100
AcDbEntity
  8
0
100
AcDbBlockEnd
  0
BLOCK
  5
245
330
244
100
AcDbEntity
  8
0
100
AcDbBlockBegin
  2
*D6
 70
1
 10
0.0
 20
0.0
 30
0.0
  3
*D6
  1

  0
LINE
  5
247
330
244
100
AcDbEntity
  8
0
100
AcDbLine
 10
0.0
 20
-120.0
 30
0.0
 11
0.0
 21
-3220.0
 31
0.0
  0
LINE
  5
248
330
244
100
AcDbEntity
  8
0
100
AcDbLine
 10
11400.0
 20
-120.0
 30
0.0
 11
11400.0
 21
-3220.0
 31
0.0
  0
INSERT
  5
249
330
244
100
AcDbEntity
  8
A-DIMS
100
AcDbBlockReference
  2
_OBLIQUE
 10
0.0
 20
-3100.0
 30
0.0
 41
120.0
 42
120.0
  0
INSERT
  5
24B
330
244
100
AcDbEntity
  8
A-DIMS
100
AcDbBlockReference
  2
_OBLIQUE
 10
11400.0
 20
-3100.0
 30
0.0
 41
120.0
 42
120.0
  0
LINE
  5
24D
330
244
100
AcDbEntity
  8
0
100
AcDbLine
 10
0.0
 20
-3100.0
 30
0.0
 11
11400.0
 21
-3100.0
 31
0.0
  0
MTEXT
  5
24E
330
244
100
AcDbEntity
  8
A-DIMS
100
AcDbMText
 10
5700.0
 20
-2950.0
 30
0.0
 40
180.0
 71
5
  1
11400
  7
OpenSansCondensed-Light
  0
POINT
  5
24F
330
244
100
AcDbEntity
  8
Defpoints
100
AcDbPoint
 10
0.0
 20
-3100.0
 30
0.0
  0
POINT
  5
250
330
244
100
AcDbEntity
  8
Defpoints
100
AcDbPoint
 10
0.0
 20
0.0
 30
0.0
  0
POINT
  5
251
330
244
100
AcDbEntity
  8
Defpoints
100
AcDbPoint
 10
11400.0
 20
0.0
 30
0.0
  0
ENDBLK
  5
246
330
244
100
AcDbEntity
  8
0
100
AcDbBlockEnd
  0
BLOCK
  5
254
330
253
100
AcDbEntity
  8
0
100
AcDbBlockBegin
  2
*D7
 70
1
 10
0.0
 20
0.0
 30
0.0
  3
*D7
  1

  0
LINE
  5
256
330
253
100
AcDbEntity
  8
0
100
AcDbLine
 10
0.0
 20
13470.0
 30
0.0
 11
0.0
 21
14020.0
 31
0.0
  0
LINE
  5
257
330
253
100
AcDbEntity
  8
0
100
AcDbLine
 10
750.0
 20
13470.0
 30
0.0
 11
750.0
 21
14020.0
 31
0.0
  0
INSERT
  5
258
330
253
100
AcDbEntity
  8
A-DIMS
100
AcDbBlockReference
  2
_OBLIQUE
 10
0.0
 20
13900.0
 30
0.0
 41
120.0
 42
120.0
  0
INSERT
  5
25A
330
253
100
AcDbEntity
  8
A-DIMS
100
AcDbBlockReference
  2
_OBLIQUE
 10
750.0
 20
13900.0
 30
0.0
 41
120.0
 42
120.0
  0
LINE
  5
25C
330
253
100
AcDbEntity
  8
0
100
AcDbLine
 10
0.0
 20
13900.0
 30
0.0
 11
750.0
 21
13900.0
 31
0.0
  0
MTEXT
  5
25D
330
253
100
AcDbEntity
  8
A-DIMS
100
AcDbMText
 10
375.0
 20
14050.0
 30
0.0
 40
180.0
 71
5
  1
750
  7
OpenSansCondensed-Light
  0
POINT
  5
25E
330
253
100
AcDbEntity
  8
Defpoints
100
AcDbPoint
 10
0.0
 20
13900.0
 30
0.0
  0
POINT
  5
25F
330
253
100
AcDbEntity
  8
Defpoints
100
AcDbPoint
 10
0.0
 20
13350.0
 30
0.0
  0
POINT
  5
260
330
253
100
AcDbEntity
  8
Defpoints
100
AcDbPoint
 10
750.0
 20
13350.0
 30
0.0
  0
ENDBLK
  5
255
330
253
100
AcDbEntity
  8
0
100
AcDbBlockEnd
  0
BLOCK
  5
263
330
262
100
AcDbEntity
  8
0
100
AcDbBlockBegin
  2
*D8
 70
1
 10
0.0
 20
0.0
 30
0.0
  3
*D8
  1

  0
LINE
  5
265
330
262
100
AcDbEntity
  8
0
100
AcDbLine
 10
750.0
 20
13470.0
 30
0.0
 11
750.0
 21
14020.0
 31
0.0
  0
LINE
  5
266
330
262
100
AcDbEntity
  8
0
100
AcDbLine
 10
1650.0
 20
13470.0
 30
0.0
 11
1650.0
 21
14020.0
 31
0.0
  0
INSERT
  5
267
330
262
100
AcDbEntity
  8
A-DIMS
100
AcDbBlockReference
  2
_OBLIQUE
 10
750.0
 20
13900.0
 30
0.0
 41
120.0
 42
120.0
  0
INSERT
  5
269
330
262
100
AcDbEntity
  8
A-DIMS
100
AcDbBlockReference
  2
_OBLIQUE
 10
1650.0
 20
13900.0
 30
0.0
 41
120.0
 42
120.0
  0
LINE
  5
26B
330
262
100
AcDbEntity
  8
0
100
AcDbLine
 10
750.0
 20
13900.0
 30
0.0
 11
1650.0
 21
13900.0
 31
0.0
  0
MTEXT
  5
26C
330
262
100
AcDbEntity
  8
A-DIMS
100
AcDbMText
 10
1200.0
 20
14050.0
 30
0.0
 40
180.0
 71
5
  1
900
  7
OpenSansCondensed-Light
  0
POINT
  5
26D
330
262
100
AcDbEntity
  8
Defpoints
100
AcDbPoint
 10
750.0
 20
13900.0
 30
0.0
  0
POINT
  5
26E
330
262
100
AcDbEntity
  8
Defpoints
100
AcDbPoint
 10
750.0
 20
13350.0
 30
0.0
  0
POINT
  5
26F
330
262
100
AcDbEntity
  8
Defpoints
100
AcDbPoint
 10
1650.0
 20
13350.0
 30
0.0
  0
ENDBLK
  5
264
330
262
100
AcDbEntity
  8
0
100
AcDbBlockEnd
  0
BLOCK
  5
272
330
271
100
AcDbEntity
  8
0
100
AcDbBlockBegin
  2
*D9
 70
1
 10
0.0
 20
0.0
 30
0.0
  3
*D9
  1

  0
LINE
  5
274
330
271
100
AcDbEntity
  8
0
100
AcDbLine
 10
1650.0
 20
13470.0
 30
0.0
 11
1650.0
 21
14020.0
 31
0.0
  0
LINE
  5
275
330
271
100
AcDbEntity
  8
0
100
AcDbLine
 10
3150.0
 20
13470.0
 30
0.0
 11
3150.0
 21
14020.0
 31
0.0
  0
INSERT
  5
276
330
271
100
AcDbEntity
  8
A-DIMS
100
AcDbBlockReference
  2
_OBLIQUE
 10
1650.0
 20
13900.0
 30
0.0
 41
120.0
 42
120.0
  0
INSERT
  5
278
330
271
100
AcDbEntity
  8
A-DIMS
100
AcDbBlockReference
  2
_OBLIQUE
 10
3150.0
 20
13900.0
 30
0.0
 41
120.0
 42
120.0
  0
LINE
  5
27A
330
271
100
AcDbEntity
  8
0
100
AcDbLine
 10
1650.0
 20
13900.0
 30
0.0
 11
3150.0
 21
13900.0
 31
0.0
  0
MTEXT
  5
27B
330
271
100
AcDbEntity
  8
A-DIMS
100
AcDbMText
 10
2400.0
 20
14050.0
 30
0.0
 40
180.0
 71
5
  1
1500
  7
OpenSansCondensed-Light
  0
POINT
  5
27C
330
271
100
AcDbEntity
  8
Defpoints
100
AcDbPoint
 10
1650.0
 20
13900.0
 30
0.0
  0
POINT
  5
27D
330
271
100
AcDbEntity
  8
Defpoints
100
AcDbPoint
 10
1650.0
 20
13350.0
 30
0.0
  0
POINT
  5
27E
330
271
100
AcDbEntity
  8
Defpoints
100
AcDbPoint
 10
3150.0
 20
13350.0
 30
0.0
  0
ENDBLK
  5
273
330
271
100
AcDbEntity
  8
0
100
AcDbBlockEnd
  0
BLOCK
  5
281
330
280
100
AcDbEntity
  8
0
100
AcDbBlockBegin
  2
*D10
 70
1
 10
0.0
 20
0.0
 30
0.0
  3
*D10
  1

  0
LINE
  5
283
330
280
100
AcDbEntity
  8
0
100
AcDbLine
 10
3150.0
 20
13470.0
 30
0.0
 11
3150.0
 21
14020.0
 31
0.0
  0
LINE
  5
284
330
280
100
AcDbEntity
  8
0
100
AcDbLine
 10
5550.0
 20
13470.0
 30
0.0
 11
5550.0
 21
14020.0
 31
0.0
  0
INSERT
  5
285
330
280
100
AcDbEntity
  8
A-DIMS
100
AcDbBlockReference
  2
_OBLIQUE
 10
3150.0
 20
13900.0
 30
0.0
 41
120.0
 42
120.0
  0
INSERT
  5
287
330
280
100
AcDbEntity
  8
A-DIMS
100
AcDbBlockReference
  2
_OBLIQUE
 10
5550.0
 20
13900.0
 30
0.0
 41
120.0
 42
120.0
  0
LINE
  5
289
330
280
100
AcDbEntity
  8
0
100
AcDbLine
 10
3150.0
 20
13900.0
 30
0.0
 11
5550.0
 21
13900.0
 31
0.0
  0
MTEXT
  5
28A
330
280
100
AcDbEntity
  8
A-DIMS
100
AcDbMText
 10
4350.0
 20
14050.0
 30
0.0
 40
180.0
 71
5
  1
2400
  7
OpenSansCondensed-Light
  0
POINT
  5
28B
330
280
100
AcDbEntity
  8
Defpoints
100
AcDbPoint
 10
3150.0
 20
13900.0
 30
0.0
  0
POINT
  5
28C
330
280
100
AcDbEntity
  8
Defpoints
100
AcDbPoint
 10
3150.0
 20
13350.0
 30
0.0
  0
POINT
  5
28D
330
280
100
AcDbEntity
  8
Defpoints
100
AcDbPoint
 10
5550.0
 20
13350.0
 30
0.0
  0
ENDBLK
  5
282
330
280
100
AcDbEntity
  8
0
100
AcDbBlockEnd
  0
BLOCK
  5
290
330
28F
100
AcDbEntity
  8
0
100
AcDbBlockBegin
  2
*D11
 70
1
 10
0.0
 20
0.0
 30
0.0
  3
*D11
  1

  0
LINE
  5
292
330
28F
100
AcDbEntity
  8
0
100
AcDbLine
 10
5550.0
 20
13470.0
 30
0.0
 11
5550.0
 21
14020.0
 31
0.0
  0
LINE
  5
293
330
28F
100
AcDbEntity
  8
0
100
AcDbLine
 10
6750.0
 20
13470.0
 30
0.0
 11
6750.0
 21
14020.0
 31
0.0
  0
INSERT
  5
294
330
28F
100
AcDbEntity
  8
A-DIMS
100
AcDbBlockReference
  2
_OBLIQUE
 10
5550.0
 20
13900.0
 30
0.0
 41
120.0
 42
120.0
  0
INSERT
  5
296
330
28F
100
AcDbEntity
  8
A-DIMS
100
AcDbBlockReference
  2
_OBLIQUE
 10
6750.0
 20
13900.0
 30
0.0
 41
120.0
 42
120.0
  0
LINE
  5
298
330
28F
100
AcDbEntity
  8
0
100
AcDbLine
 10
5550.0
 20
13900.0
 30
0.0
 11
6750.0
 21
13900.0
 31
0.0
  0
MTEXT
  5
299
330
28F
100
AcDbEntity
  8
A-DIMS
100
AcDbMText
 10
6150.0
 20
14050.0
 30
0.0
 40
180.0
 71
5
  1
1200
  7
OpenSansCondensed-Light
  0
POINT
  5
29A
330
28F
100
AcDbEntity
  8
Defpoints
100
AcDbPoint
 10
5550.0
 20
13900.0
 30
0.0
  0
POINT
  5
29B
330
28F
100
AcDbEntity
  8
Defpoints
100
AcDbPoint
 10
5550.0
 20
13350.0
 30
0.0
  0
POINT
  5
29C
330
28F
100
AcDbEntity
  8
Defpoints
100
AcDbPoint
 10
6750.0
 20
13350.0
 30
0.0
  0
ENDBLK
  5
291
330
28F
100
AcDbEntity
  8
0
100
AcDbBlockEnd
  0
BLOCK
  5
29F
330
29E
100
AcDbEntity
  8
0
100
AcDbBlockBegin
  2
*D12
 70
1
 10
0.0
 20
0.0
 30
0.0
  3
*D12
  1

  0
LINE
  5
2A1
330
29E
100
AcDbEntity
  8
0
100
AcDbLine
 10
6750.0
 20
13470.0
 30
0.0
 11
6750.0
 21
14020.0
 31
0.0
  0
LINE
  5
2A2
330
29E
100
AcDbEntity
  8
0
100
AcDbLine
 10
7350.0
 20
13470.0
 30
0.0
 11
7350.0
 21
14020.0
 31
0.0
  0
INSERT
  5
2A3
330
29E
100
AcDbEntity
  8
A-DIMS
100
AcDbBlockReference
  2
_OBLIQUE
 10
6750.0
 20
13900.0
 30
0.0
 41
120.0
 42
120.0
  0
INSERT
  5
2A5
330
29E
100
AcDbEntity
  8
A-DIMS
100
AcDbBlockReference
  2
_OBLIQUE
 10
7350.0
 20
13900.0
 30
0.0
 41
120.0
 42
120.0
  0
LINE
  5
2A7
330
29E
100
AcDbEntity
  8
0
100
AcDbLine
 10
6750.0
 20
13900.0
 30
0.0
 11
7350.0
 21
13900.0
 31
0.0
  0
MTEXT
  5
2A8
330
29E
100
AcDbEntity
  8
A-DIMS
100
AcDbMText
 10
7050.0
 20
14050.0
 30
0.0
 40
180.0
 71
5
  1
600
  7
OpenSansCondensed-Light
  0
POINT
  5
2A9
330
29E
100
AcDbEntity
  8
Defpoints
100
AcDbPoint
 10
6750.0
 20
13900.0
 30
0.0
  0
POINT
  5
2AA
330
29E
100
AcDbEntity
  8
Defpoints
100
AcDbPoint
 10
6750.0
 20
13350.0
 30
0.0
  0
POINT
  5
2AB
330
29E
100
AcDbEntity
  8
Defpoints
100
AcDbPoint
 10
7350.0
 20
13350.0
 30
0.0
  0
ENDBLK
  5
2A0
330
29E
100
AcDbEntity
  8
0
100
AcDbBlockEnd
  0
BLOCK
  5
2AE
330
2AD
100
AcDbEntity
  8
0
100
AcDbBlockBegin
  2
*D13
 70
1
 10
0.0
 20
0.0
 30
0.0
  3
*D13
  1

  0
LINE
  5
2B0
330
2AD
100
AcDbEntity
  8
0
100
AcDbLine
 10
7350.0
 20
13470.0
 30
0.0
 11
7350.0
 21
14020.0
 31
0.0
  0
LINE
  5
2B1
330
2AD
100
AcDbEntity
  8
0
100
AcDbLine
 10
8700.0
 20
13470.0
 30
0.0
 11
8700.0
 21
14020.0
 31
0.0
  0
INSERT
  5
2B2
330
2AD
100
AcDbEntity
  8
A-DIMS
100
AcDbBlockReference
  2
_OBLIQUE
 10
7350.0
 20
13900.0
 30
0.0
 41
120.0
 42
120.0
  0
INSERT
  5
2B4
330
2AD
100
AcDbEntity
  8
A-DIMS
100
AcDbBlockReference
  2
_OBLIQUE
 10
8700.0
 20
13900.0
 30
0.0
 41
120.0
 42
120.0
  0
LINE
  5
2B6
330
2AD
100
AcDbEntity
  8
0
100
AcDbLine
 10
7350.0
 20
13900.0
 30
0.0
 11
8700.0
 21
13900.0
 31
0.0
  0
MTEXT
  5
2B7
330
2AD
100
AcDbEntity
  8
A-DIMS
100
AcDbMText
 10
8025.0
 20
14050.0
 30
0.0
 40
180.0
 71
5
  1
1350
  7
OpenSansCondensed-Light
  0
POINT
  5
2B8
330
2AD
100
AcDbEntity
  8
Defpoints
100
AcDbPoint
 10
7350.0
 20
13900.0
 30
0.0
  0
POINT
  5
2B9
330
2AD
100
AcDbEntity
  8
Defpoints
100
AcDbPoint
 10
7350.0
 20
13350.0
 30
0.0
  0
POINT
  5
2BA
330
2AD
100
AcDbEntity
  8
Defpoints
100
AcDbPoint
 10
8700.0
 20
13350.0
 30
0.0
  0
ENDBLK
  5
2AF
330
2AD
100
AcDbEntity
  8
0
100
AcDbBlockEnd
  0
BLOCK
  5
2BD
330
2BC
100
AcDbEntity
  8
0
100
AcDbBlockBegin
  2
*D14
 70
1
 10
0.0
 20
0.0
 30
0.0
  3
*D14
  1

  0
LINE
  5
2BF
330
2BC
100
AcDbEntity
  8
0
100
AcDbLine
 10
8700.0
 20
13470.0
 30
0.0
 11
8700.0
 21
14020.0
 31
0.0
  0
LINE
  5
2C0
330
2BC
100
AcDbEntity
  8
0
100
AcDbLine
 10
10500.0
 20
13470.0
 30
0.0
 11
10500.0
 21
14020.0
 31
0.0
  0
INSERT
  5
2C1
330
2BC
100
AcDbEntity
  8
A-DIMS
100
AcDbBlockReference
  2
_OBLIQUE
 10
8700.0
 20
13900.0
 30
0.0
 41
120.0
 42
120.0
  0
INSERT
  5
2C3
330
2BC
100
AcDbEntity
  8
A-DIMS
100
AcDbBlockReference
  2
_OBLIQUE
 10
10500.0
 20
13900.0
 30
0.0
 41
120.0
 42
120.0
  0
LINE
  5
2C5
330
2BC
100
AcDbEntity
  8
0
100
AcDbLine
 10
8700.0
 20
13900.0
 30
0.0
 11
10500.0
 21
13900.0
 31
0.0
  0
MTEXT
  5
2C6
330
2BC
100
AcDbEntity
  8
A-DIMS
100
AcDbMText
 10
9600.0
 20
14050.0
 30
0.0
 40
180.0
 71
5
  1
1800
  7
OpenSansCondensed-Light
  0
POINT
  5
2C7
330
2BC
100
AcDbEntity
  8
Defpoints
100
AcDbPoint
 10
8700.0
 20
13900.0
 30
0.0
  0
POINT
  5
2C8
330
2BC
100
AcDbEntity
  8
Defpoints
100
AcDbPoint
 10
8700.0
 20
13350.0
 30
0.0
  0
POINT
  5
2C9
330
2BC
100
AcDbEntity
  8
Defpoints
100
AcDbPoint
 10
10500.0
 20
13350.0
 30
0.0
  0
ENDBLK
  5
2BE
330
2BC
100
AcDbEntity
  8
0
100
AcDbBlockEnd
  0
BLOCK
  5
2CC
330
2CB
100
AcDbEntity
  8
0
100
AcDbBlockBegin
  2
*D15
 70
1
 10
0.0
 20
0.0
 30
0.0
  3
*D15
  1

  0
LINE
  5
2CE
330
2CB
100
AcDbEntity
  8
0
100
AcDbLine
 10
10500.0
 20
13470.0
 30
0.0
 11
10500.0
 21
14020.0
 31
0.0
  0
LINE
  5
2CF
330
2CB
100
AcDbEntity
  8
0
100
AcDbLine
 10
11400.0
 20
13470.0
 30
0.0
 11
11400.0
 21
14020.0
 31
0.0
  0
INSERT
  5
2D0
330
2CB
100
AcDbEntity
  8
A-DIMS
100
AcDbBlockReference
  2
_OBLIQUE
 10
10500.0
 20
13900.0
 30
0.0
 41
120.0
 42
120.0
  0
INSERT
  5
2D2
330
2CB
100
AcDbEntity
  8
A-DIMS
100
AcDbBlockReference
  2
_OBLIQUE
 10
11400.0
 20
13900.0
 30
0.0
 41
120.0
 42
120.0
  0
LINE
  5
2D4
330
2CB
100
AcDbEntity
  8
0
100
AcDbLine
 10
10500.0
 20
13900.0
 30
0.0
 11
11400.0
 21
13900.0
 31
0.0
  0
MTEXT
  5
2D5
330
2CB
100
AcDbEntity
  8
A-DIMS
100
AcDbMText
 10
10950.0
 20
14050.0
 30
0.0
 40
180.0
 71
5
  1
900
  7
OpenSansCondensed-Light
  0
POINT
  5
2D6
330
2CB
100
AcDbEntity
  8
Defpoints
100
AcDbPoint
 10
10500.0
 20
13900.0
 30
0.0
  0
POINT
  5
2D7
330
2CB
100
AcDbEntity
  8
Defpoints
100
AcDbPoint
 10
10500.0
 20
13350.0
 30
0.0
  0
POINT
  5
2D8
330
2CB
100
AcDbEntity
  8
Defpoints
100
AcDbPoint
 10
11400.0
 20
13350.0
 30
0.0
  0
ENDBLK
  5
2CD
330
2CB
100
AcDbEntity
  8
0
100
AcDbBlockEnd
  0
BLOCK
  5
2DB
330
2DA
100
AcDbEntity
  8
0
100
AcDbBlockBegin
  2
*D16
 70
1
 10
0.0
 20
0.0
 30
0.0
  3
*D16
  1

  0
LINE
  5
2DD
330
2DA
100
AcDbEntity
  8
0
100
AcDbLine
 10
0.0
 20
13470.0
 30
0.0
 11
0.0
 21
14470.0
 31
0.0
  0
LINE
  5
2DE
330
2DA
100
AcDbEntity
  8
0
100
AcDbLine
 10
2400.0
 20
13470.0
 30
0.0
 11
2400.0
 21
14470.0
 31
0.0
  0
INSERT
  5
2DF
330
2DA
100
AcDbEntity
  8
A-DIMS
100
AcDbBlockReference
  2
_OBLIQUE
 10
0.0
 20
14350.0
 30
0.0
 41
120.0
 42
120.0
  0
INSERT
  5
2E1
330
2DA
100
AcDbEntity
  8
A-DIMS
100
AcDbBlockReference
  2
_OBLIQUE
 10
2400.0
 20
14350.0
 30
0.0
 41
120.0
 42
120.0
  0
LINE
  5
2E3
330
2DA
100
AcDbEntity
  8
0
100
AcDbLine
 10
0.0
 20
14350.0
 30
0.0
 11
2400.0
 21
14350.0
 31
0.0
  0
MTEXT
  5
2E4
330
2DA
100
AcDbEntity
  8
A-DIMS
100
AcDbMText
 10
1200.0
 20
14500.0
 30
0.0
 40
180.0
 71
5
  1
2400
  7
OpenSansCondensed-Light
  0
POINT
  5
2E5
330
2DA
100
AcDbEntity
  8
Defpoints
100
AcDbPoint
 10
0.0
 20
14350.0
 30
0.0
  0
POINT
  5
2E6
330
2DA
100
AcDbEntity
  8
Defpoints
100
AcDbPoint
 10
0.0
 20
13350.0
 30
0.0
  0
POINT
  5
2E7
330
2DA
100
AcDbEntity
  8
Defpoints
100
AcDbPoint
 10
2400.0
 20
13350.0
 30
0.0
  0
ENDBLK
  5
2DC
330
2DA
100
AcDbEntity
  8
0
100
AcDbBlockEnd
  0
BLOCK
  5
2EA
330
2E9
100
AcDbEntity
  8
0
100
AcDbBlockBegin
  2
*D17
 70
1
 10
0.0
 20
0.0
 30
0.0
  3
*D17
  1

  0
LINE
  5
2EC
330
2E9
100
AcDbEntity
  8
0
100
AcDbLine
 10
2400.0
 20
13470.0
 30
0.0
 11
2400.0
 21
14470.0
 31
0.0
  0
LINE
  5
2ED
330
2E9
100
AcDbEntity
  8
0
100
AcDbLine
 10
6300.0
 20
13470.0
 30
0.0
 11
6300.0
 21
14470.0
 31
0.0
  0
INSERT
  5
2EE
330
2E9
100
AcDbEntity
  8
A-DIMS
100
AcDbBlockReference
  2
_OBLIQUE
 10
2400.0
 20
14350.0
 30
0.0
 41
120.0
 42
120.0
  0
INSERT
  5
2F0
330
2E9
100
AcDbEntity
  8
A-DIMS
100
AcDbBlockReference
  2
_OBLIQUE
 10
6300.0
 20
14350.0
 30
0.0
 41
120.0
 42
120.0
  0
LINE
  5
2F2
330
2E9
100
AcDbEntity
  8
0
100
AcDbLine
 10
2400.0
 20
14350.0
 30
0.0
 11
6300.0
 21
14350.0
 31
0.0
  0
MTEXT
  5
2F3
330
2E9
100
AcDbEntity
  8
A-DIMS
100
AcDbMText
 10
4350.0
 20
14500.0
 30
0.0
 40
180.0
 71
5
  1
3900
  7
OpenSansCondensed-Light
  0
POINT
  5
2F4
330
2E9
100
AcDbEntity
  8
Defpoints
100
AcDbPoint
 10
2400.0
 20
14350.0
 30
0.0
  0
POINT
  5
2F5
330
2E9
100
AcDbEntity
  8
Defpoints
100
AcDbPoint
 10
2400.0
 20
13350.0
 30
0.0
  0
POINT
  5
2F6
330
2E9
100
AcDbEntity
  8
Defpoints
100
AcDbPoint
 10
6300.0
 20
13350.0
 30
0.0
  0
ENDBLK
  5
2EB
330
2E9
100
AcDbEntity
  8
0
100
AcDbBlockEnd
  0
BLOCK
  5
2F9
330
2F8
100
AcDbEntity
  8
0
100
AcDbBlockBegin
  2
*D18
 70
1
 10
0.0
 20
0.0
 30
0.0
  3
*D18
  1

  0
LINE
  5
2FB
330
2F8
100
AcDbEntity
  8
0
100
AcDbLine
 10
6300.0
 20
13470.0
 30
0.0
 11
6300.0
 21
14470.0
 31
0.0
  0
LINE
  5
2FC
330
2F8
100
AcDbEntity
  8
0
100
AcDbLine
 10
7800.0
 20
13470.0
 30
0.0
 11
7800.0
 21
14470.0
 31
0.0
  0
INSERT
  5
2FD
330
2F8
100
AcDbEntity
  8
A-DIMS
100
AcDbBlockReference
  2
_OBLIQUE
 10
6300.0
 20
14350.0
 30
0.0
 41
120.0
 42
120.0
  0
INSERT
  5
2FF
330
2F8
100
AcDbEntity
  8
A-DIMS
100
AcDbBlockReference
  2
_OBLIQUE
 10
7800.0
 20
14350.0
 30
0.0
 41
120.0
 42
120.0
  0
LINE
  5
301
330
2F8
100
AcDbEntity
  8
0
100
AcDbLine
 10
6300.0
 20
14350.0
 30
0.0
 11
7800.0
 21
14350.0
 31
0.0
  0
MTEXT
  5
302
330
2F8
100
AcDbEntity
  8
A-DIMS
100
AcDbMText
 10
7050.0
 20
14500.0
 30
0.0
 40
180.0
 71
5
  1
1500
  7
OpenSansCondensed-Light
  0
POINT
  5
303
330
2F8
100
AcDbEntity
  8
Defpoints
100
AcDbPoint
 10
6300.0
 20
14350.0
 30
0.0
  0
POINT
  5
304
330
2F8
100
AcDbEntity
  8
Defpoints
100
AcDbPoint
 10
6300.0
 20
13350.0
 30
0.0
  0
POINT
  5
305
330
2F8
100
AcDbEntity
  8
Defpoints
100
AcDbPoint
 10
7800.0
 20
13350.0
 30
0.0
  0
ENDBLK
  5
2FA
330
2F8
100
AcDbEntity
  8
0
100
AcDbBlockEnd
  0
BLOCK
  5
308
330
307
100
AcDbEntity
  8
0
100
AcDbBlockBegin
  2
*D19
 70
1
 10
0.0
 20
0.0
 30
0.0
  3
*D19
  1

  0
LINE
  5
30A
330
307
100
AcDbEntity
  8
0
100
AcDbLine
 10
7800.0
 20
13470.0
 30
0.0
 11
7800.0
 21
14470.0
 31
0.0
  0
LINE
  5
30B
330
307
100
AcDbEntity
  8
0
100
AcDbLine
 10
11400.0
 20
13470.0
 30
0.0
 11
11400.0
 21
14470.0
 31
0.0
  0
INSERT
  5
30C
330
307
100
AcDbEntity
  8
A-DIMS
100
AcDbBlockReference
  2
_OBLIQUE
 10
7800.0
 20
14350.0
 30
0.0
 41
120.0
 42
120.0
  0
INSERT
  5
30E
330
307
100
AcDbEntity
  8
A-DIMS
100
AcDbBlockReference
  2
_OBLIQUE
 10
11400.0
 20
14350.0
 30
0.0
 41
120.0
 42
120.0
  0
LINE
  5
310
330
307
100
AcDbEntity
  8
0
100
AcDbLine
 10
7800.0
 20
14350.0
 30
0.0
 11
11400.0
 21
14350.0
 31
0.0
  0
MTEXT
  5
311
330
307
100
AcDbEntity
  8
A-DIMS
100
AcDbMText
 10
9600.0
 20
14500.0
 30
0.0
 40
180.0
 71
5
  1
3600
  7
OpenSansCondensed-Light
  0
POINT
  5
312
330
307
100
AcDbEntity
  8
Defpoints
100
AcDbPoint
 10
7800.0
 20
14350.0
 30
0.0
  0
POINT
  5
313
330
307
100
AcDbEntity
  8
Defpoints
100
AcDbPoint
 10
7800.0
 20
13350.0
 30
0.0
  0
POINT
  5
314
330
307
100
AcDbEntity
  8
Defpoints
100
AcDbPoint
 10
11400.0
 20
13350.0
 30
0.0
  0
ENDBLK
  5
309
330
307
100
AcDbEntity
  8
0
100
AcDbBlockEnd
  0
BLOCK
  5
317
330
316
100
AcDbEntity
  8
0
100
AcDbBlockBegin
  2
*D20
 70
1
 10
0.0
 20
0.0
 30
0.0
  3
*D20
  1

  0
LINE
  5
319
330
316
100
AcDbEntity
  8
0
100
AcDbLine
 10
0.0
 20
13470.0
 30
0.0
 11
0.0
 21
14920.0
 31
0.0
  0
LINE
  5
31A
330
316
100
AcDbEntity
  8
0
100
AcDbLine
 10
11400.0
 20
13470.0
 30
0.0
 11
11400.0
 21
14920.0
 31
0.0
  0
INSERT
  5
31B
330
316
100
AcDbEntity
  8
A-DIMS
100
AcDbBlockReference
  2
_OBLIQUE
 10
0.0
 20
14800.0
 30
0.0
 41
120.0
 42
120.0
  0
INSERT
  5
31D
330
316
100
AcDbEntity
  8
A-DIMS
100
AcDbBlockReference
  2
_OBLIQUE
 10
11400.0
 20
14800.0
 30
0.0
 41
120.0
 42
120.0
  0
LINE
  5
31F
330
316
100
AcDbEntity
  8
0
100
AcDbLine
 10
0.0
 20
14800.0
 30
0.0
 11
11400.0
 21
14800.0
 31
0.0
  0
MTEXT
  5
320
330
316
100
AcDbEntity
  8
A-DIMS
100
AcDbMText
 10
5700.0
 20
14950.0
 30
0.0
 40
180.0
 71
5
  1
11400
  7
OpenSansCondensed-Light
  0
POINT
  5
321
330
316
100
AcDbEntity
  8
Defpoints
100
AcDbPoint
 10
0.0
 20
14800.0
 30
0.0
  0
POINT
  5
322
330
316
100
AcDbEntity
  8
Defpoints
100
AcDbPoint
 10
0.0
 20
13350.0
 30
0.0
  0
POINT
  5
323
330
316
100
AcDbEntity
  8
Defpoints
100
AcDbPoint
 10
11400.0
 20
13350.0
 30
0.0
  0
ENDBLK
  5
318
330
316
100
AcDbEntity
  8
0
100
AcDbBlockEnd
  0
BLOCK
  5
326
330
325
100
AcDbEntity
  8
0
100
AcDbBlockBegin
  2
*D21
 70
1
 10
0.0
 20
0.0
 30
0.0
  3
*D21
  1

  0
LINE
  5
328
330
325
100
AcDbEntity
  8
0
100
AcDbLine
 10
-120.0
 20
0.0
 30
0.0
 11
-670.0
 21
0.0
 31
0.0
  0
LINE
  5
329
330
325
100
AcDbEntity
  8
0
100
AcDbLine
 10
-120.0
 20
425.0
 30
0.0
 11
-670.0
 21
425.0
 31
0.0
  0
INSERT
  5
32A
330
325
100
AcDbEntity
  8
A-DIMS
100
AcDbBlockReference
  2
_OBLIQUE
 10
-550.0
 20
0.0
 30
0.0
 41
120.0
 42
120.0
 50
90.0
  0
INSERT
  5
32C
330
325
100
AcDbEntity
  8
A-DIMS
100
AcDbBlockReference
  2
_OBLIQUE
 10
-550.0
 20
425.0
 30
0.0
 41
120.0
 42
120.0
 50
90.0
  0
LINE
  5
32E
330
325
100
AcDbEntity
  8
0
100
AcDbLine
 10
-550.0
 20
0.0
 30
0.0
 11
-550.0
 21
425.0
 31
0.0
  0
MTEXT
  5
32F
330
325
100
AcDbEntity
  8
A-DIMS
100
AcDbMText
 10
-820.0
 20
212.5
 30
0.0
 40
180.0
 71
5
  1
425
  7
OpenSansCondensed-Light
 50
90.0
  0
POINT
  5
330
330
325
100
AcDbEntity
  8
Defpoints
100
AcDbPoint
 10
-550.0
 20
0.0
 30
0.0
  0
POINT
  5
331
330
325
100
AcDbEntity
  8
Defpoints
100
AcDbPoint
 10
0.0
 20
0.0
 30
0.0
  0
POINT
  5
332
330
325
100
AcDbEntity
  8
Defpoints
100
AcDbPoint
 10
0.0
 20
425.0
 30
0.0
  0
ENDBLK
  5
327
330
325
100
AcDbEntity
  8
0
100
AcDbBlockEnd
  0
BLOCK
  5
335
330
334
100
AcDbEntity
  8
0
100
AcDbBlockBegin
  2
*D22
 70
1
 10
0.0
 20
0.0
 30
0.0
  3
*D22
  1

  0
LINE
  5
337
330
334
100
AcDbEntity
  8
0
100
AcDbLine
 10
-120.0
 20
425.0
 30
0.0
 11
-670.0
 21
425.0
 31
0.0
  0
LINE
  5
338
330
334
100
AcDbEntity
  8
0
100
AcDbLine
 10
-120.0
 20
4025.0
 30
0.0
 11
-670.0
 21
4025.0
 31
0.0
  0
INSERT
  5
339
330
334
100
AcDbEntity
  8
A-DIMS
100
AcDbBlockReference
  2
_OBLIQUE
 10
-550.0
 20
425.0
 30
0.0
 41
120.0
 42
120.0
 50
90.0
  0
INSERT
  5
33B
330
334
100
AcDbEntity
  8
A-DIMS
100
AcDbBlockReference
  2
_OBLIQUE
 10
-550.0
 20
4025.0
 30
0.0
 41
120.0
 42
120.0
 50
90.0
  0
LINE
  5
33D
330
334
100
AcDbEntity
  8
0
100
AcDbLine
 10
-550.0
 20
425.0
 30
0.0
 11
-550.0
 21
4025.0
 31
0.0
  0
MTEXT
  5
33E
330
334
100
AcDbEntity
  8
A-DIMS
100
AcDbMText
 10
-700.0
 20
2225.0
 30
0.0
 40
180.0
 71
5
  1
3600
  7
OpenSansCondensed-Light
 50
90.0
  0
POINT
  5
33F
330
334
100
AcDbEntity
  8
Defpoints
100
AcDbPoint
 10
-550.0
 20
425.0
 30
0.0
  0
POINT
  5
340
330
334
100
AcDbEntity
  8
Defpoints
100
AcDbPoint
 10
0.0
 20
425.0
 30
0.0
  0
POINT
  5
341
330
334
100
AcDbEntity
  8
Defpoints
100
AcDbPoint
 10
0.0
 20
4025.0
 30
0.0
  0
ENDBLK
  5
336
330
334
100
AcDbEntity
  8
0
100
AcDbBlockEnd
  0
BLOCK
  5
344
330
343
100
AcDbEntity
  8
0
100
AcDbBlockBegin
  2
*D23
 70
1
 10
0.0
 20
0.0
 30
0.0
  3
*D23
  1

  0
LINE
  5
346
330
343
100
AcDbEntity
  8
0
100
AcDbLine
 10
-120.0
 20
4025.0
 30
0.0
 11
-670.0
 21
4025.0
 31
0.0
  0
LINE
  5
347
330
343
100
AcDbEntity
  8
0
100
AcDbLine
 10
-120.0
 20
6925.0
 30
0.0
 11
-670.0
 21
6925.0
 31
0.0
  0
INSERT
  5
348
330
343
100
AcDbEntity
  8
A-DIMS
100
AcDbBlockReference
  2
_OBLIQUE
 10
-550.0
 20
4025.0
 30
0.0
 41
120.0
 42
120.0
 50
90.0
  0
INSERT
  5
34A
330
343
100
AcDbEntity
  8
A-DIMS
100
AcDbBlockReference
  2
_OBLIQUE
 10
-550.0
 20
6925.0
 30
0.0
 41
120.0
 42
120.0
 50
90.0
  0
LINE
  5
34C
330
343
100
AcDbEntity
  8
0
100
AcDbLine
 10
-550.0
 20
4025.0
 30
0.0
 11
-550.0
 21
6925.0
 31
0.0
  0
MTEXT
  5
34D
330
343
100
AcDbEntity
  8
A-DIMS
100
AcDbMText
 10
-700.0
 20
5475.0
 30
0.0
 40
180.0
 71
5
  1
2900
  7
OpenSansCondensed-Light
 50
90.0
  0
POINT
  5
34E
330
343
100
AcDbEntity
  8
Defpoints
100
AcDbPoint
 10
-550.0
 20
4025.0
 30
0.0
  0
POINT
  5
34F
330
343
100
AcDbEntity
  8
Defpoints
100
AcDbPoint
 10
0.0
 20
4025.0
 30
0.0
  0
POINT
  5
350
330
343
100
AcDbEntity
  8
Defpoints
100
AcDbPoint
 10
0.0
 20
6925.0
 30
0.0
  0
ENDBLK
  5
345
330
343
100
AcDbEntity
  8
0
100
AcDbBlockEnd
  0
BLOCK
  5
353
330
352
100
AcDbEntity
  8
0
100
AcDbBlockBegin
  2
*D24
 70
1
 10
0.0
 20
0.0
 30
0.0
  3
*D24
  1

  0
LINE
  5
355
330
352
100
AcDbEntity
  8
0
100
AcDbLine
 10
-120.0
 20
6925.0
 30
0.0
 11
-670.0
 21
6925.0
 31
0.0
  0
LINE
  5
356
330
352
100
AcDbEntity
  8
0
100
AcDbLine
 10
-120.0
 20
7525.0
 30
0.0
 11
-670.0
 21
7525.0
 31
0.0
  0
INSERT
  5
357
330
352
100
AcDbEntity
  8
A-DIMS
100
AcDbBlockReference
  2
_OBLIQUE
 10
-550.0
 20
6925.0
 30
0.0
 41
120.0
 42
120.0
 50
90.0
  0
INSERT
  5
359
330
352
100
AcDbEntity
  8
A-DIMS
100
AcDbBlockReference
  2
_OBLIQUE
 10
-550.0
 20
7525.0
 30
0.0
 41
120.0
 42
120.0
 50
90.0
  0
LINE
  5
35B
330
352
100
AcDbEntity
  8
0
100
AcDbLine
 10
-550.0
 20
6925.0
 30
0.0
 11
-550.0
 21
7525.0
 31
0.0
  0
MTEXT
  5
35C
330
352
100
AcDbEntity
  8
A-DIMS
100
AcDbMText
 10
-700.0
 20
7225.0
 30
0.0
 40
180.0
 71
5
  1
600
  7
OpenSansCondensed-Light
 50
90.0
  0
POINT
  5
35D
330
352
100
AcDbEntity
  8
Defpoints
100
AcDbPoint
 10
-550.0
 20
6925.0
 30
0.0
  0
POINT
  5
35E
330
352
100
AcDbEntity
  8
Defpoints
100
AcDbPoint
 10
0.0
 20
6925.0
 30
0.0
  0
POINT
  5
35F
330
352
100
AcDbEntity
  8
Defpoints
100
AcDbPoint
 10
0.0
 20
7525.0
 30
0.0
  0
ENDBLK
  5
354
330
352
100
AcDbEntity
  8
0
100
AcDbBlockEnd
  0
BLOCK
  5
362
330
361
100
AcDbEntity
  8
0
100
AcDbBlockBegin
  2
*D25
 70
1
 10
0.0
 20
0.0
 30
0.0
  3
*D25
  1

  0
LINE
  5
364
330
361
100
AcDbEntity
  8
0
100
AcDbLine
 10
-120.0
 20
7525.0
 30
0.0
 11
-670.0
 21
7525.0
 31
0.0
  0
LINE
  5
365
330
361
100
AcDbEntity
  8
0
100
AcDbLine
 10
-120.0
 20
9075.0
 30
0.0
 11
-670.0
 21
9075.0
 31
0.0
  0
INSERT
  5
366
330
361
100
AcDbEntity
  8
A-DIMS
100
AcDbBlockReference
  2
_OBLIQUE
 10
-550.0
 20
7525.0
 30
0.0
 41
120.0
 42
120.0
 50
90.0
  0
INSERT
  5
368
330
361
100
AcDbEntity
  8
A-DIMS
100
AcDbBlockReference
  2
_OBLIQUE
 10
-550.0
 20
9075.0
 30
0.0
 41
120.0
 42
120.0
 50
90.0
  0
LINE
  5
36A
330
361
100
AcDbEntity
  8
0
100
AcDbLine
 10
-550.0
 20
7525.0
 30
0.0
 11
-550.0
 21
9075.0
 31
0.0
  0
MTEXT
  5
36B
330
361
100
AcDbEntity
  8
A-DIMS
100
AcDbMText
 10
-700.0
 20
8300.0
 30
0.0
 40
180.0
 71
5
  1
1550
  7
OpenSansCondensed-Light
 50
90.0
  0
POINT
  5
36C
330
361
100
AcDbEntity
  8
Defpoints
100
AcDbPoint
 10
-550.0
 20
7525.0
 30
0.0
  0
POINT
  5
36D
330
361
100
AcDbEntity
  8
Defpoints
100
AcDbPoint
 10
0.0
 20
7525.0
 30
0.0
  0
POINT
  5
36E
330
361
100
AcDbEntity
  8
Defpoints
100
AcDbPoint
 10
0.0
 20
9075.0
 30
0.0
  0
ENDBLK
  5
363
330
361
100
AcDbEntity
  8
0
100
AcDbBlockEnd
  0
BLOCK
  5
371
330
370
100
AcDbEntity
  8
0
100
AcDbBlockBegin
  2
*D26
 70
1
 10
0.0
 20
0.0
 30
0.0
  3
*D26
  1

  0
LINE
  5
373
330
370
100
AcDbEntity
  8
0
100
AcDbLine
 10
-120.0
 20
9075.0
 30
0.0
 11
-670.0
 21
9075.0
 31
0.0
  0
LINE
  5
374
330
370
100
AcDbEntity
  8
0
100
AcDbLine
 10
-120.0
 20
10125.0
 30
0.0
 11
-670.0
 21
10125.0
 31
0.0
  0
INSERT
  5
375
330
370
100
AcDbEntity
  8
A-DIMS
100
AcDbBlockReference
  2
_OBLIQUE
 10
-550.0
 20
9075.0
 30
0.0
 41
120.0
 42
120.0
 50
90.0
  0
INSERT
  5
377
330
370
100
AcDbEntity
  8
A-DIMS
100
AcDbBlockReference
  2
_OBLIQUE
 10
-550.0
 20
10125.0
 30
0.0
 41
120.0
 42
120.0
 50
90.0
  0
LINE
  5
379
330
370
100
AcDbEntity
  8
0
100
AcDbLine
 10
-550.0
 20
9075.0
 30
0.0
 11
-550.0
 21
10125.0
 31
0.0
  0
MTEXT
  5
37A
330
370
100
AcDbEntity
  8
A-DIMS
100
AcDbMText
 10
-700.0
 20
9600.0
 30
0.0
 40
180.0
 71
5
  1
1050
  7
OpenSansCondensed-Light
 50
90.0
  0
POINT
  5
37B
330
370
100
AcDbEntity
  8
Defpoints
100
AcDbPoint
 10
-550.0
 20
9075.0
 30
0.0
  0
POINT
  5
37C
330
370
100
AcDbEntity
  8
Defpoints
100
AcDbPoint
 10
0.0
 20
9075.0
 30
0.0
  0
POINT
  5
37D
330
370
100
AcDbEntity
  8
Defpoints
100
AcDbPoint
 10
0.0
 20
10125.0
 30
0.0
  0
ENDBLK
  5
372
330
370
100
AcDbEntity
  8
0
100
AcDbBlockEnd
  0
BLOCK
  5
380
330
37F
100
AcDbEntity
  8
0
100
AcDbBlockBegin
  2
*D27
 70
1
 10
0.0
 20
0.0
 30
0.0
  3
*D27
  1

  0
LINE
  5
382
330
37F
100
AcDbEntity
  8
0
100
AcDbLine
 10
-120.0
 20
10125.0
 30
0.0
 11
-670.0
 21
10125.0
 31
0.0
  0
LINE
  5
383
330
37F
100
AcDbEntity
  8
0
100
AcDbLine
 10
-120.0
 20
11575.0
 30
0.0
 11
-670.0
 21
11575.0
 31
0.0
  0
INSERT
  5
384
330
37F
100
AcDbEntity
  8
A-DIMS
100
AcDbBlockReference
  2
_OBLIQUE
 10
-550.0
 20
10125.0
 30
0.0
 41
120.0
 42
120.0
 50
90.0
  0
INSERT
  5
386
330
37F
100
AcDbEntity
  8
A-DIMS
100
AcDbBlockReference
  2
_OBLIQUE
 10
-550.0
 20
11575.0
 30
0.0
 41
120.0
 42
120.0
 50
90.0
  0
LINE
  5
388
330
37F
100
AcDbEntity
  8
0
100
AcDbLine
 10
-550.0
 20
10125.0
 30
0.0
 11
-550.0
 21
11575.0
 31
0.0
  0
MTEXT
  5
389
330
37F
100
AcDbEntity
  8
A-DIMS
100
AcDbMText
 10
-700.0
 20
10850.0
 30
0.0
 40
180.0
 71
5
  1
1450
  7
OpenSansCondensed-Light
 50
90.0
  0
POINT
  5
38A
330
37F
100
AcDbEntity
  8
Defpoints
100
AcDbPoint
 10
-550.0
 20
10125.0
 30
0.0
  0
POINT
  5
38B
330
37F
100
AcDbEntity
  8
Defpoints
100
AcDbPoint
 10
0.0
 20
10125.0
 30
0.0
  0
POINT
  5
38C
330
37F
100
AcDbEntity
  8
Defpoints
100
AcDbPoint
 10
0.0
 20
11575.0
 30
0.0
  0
ENDBLK
  5
381
330
37F
100
AcDbEntity
  8
0
100
AcDbBlockEnd
  0
BLOCK
  5
38F
330
38E
100
AcDbEntity
  8
0
100
AcDbBlockBegin
  2
*D28
 70
1
 10
0.0
 20
0.0
 30
0.0
  3
*D28
  1

  0
LINE
  5
391
330
38E
100
AcDbEntity
  8
0
100
AcDbLine
 10
-120.0
 20
11575.0
 30
0.0
 11
-670.0
 21
11575.0
 31
0.0
  0
LINE
  5
392
330
38E
100
AcDbEntity
  8
0
100
AcDbLine
 10
-120.0
 20
12475.0
 30
0.0
 11
-670.0
 21
12475.0
 31
0.0
  0
INSERT
  5
393
330
38E
100
AcDbEntity
  8
A-DIMS
100
AcDbBlockReference
  2
_OBLIQUE
 10
-550.0
 20
11575.0
 30
0.0
 41
120.0
 42
120.0
 50
90.0
  0
INSERT
  5
395
330
38E
100
AcDbEntity
  8
A-DIMS
100
AcDbBlockReference
  2
_OBLIQUE
 10
-550.0
 20
12475.0
 30
0.0
 41
120.0
 42
120.0
 50
90.0
  0
LINE
  5
397
330
38E
100
AcDbEntity
  8
0
100
AcDbLine
 10
-550.0
 20
11575.0
 30
0.0
 11
-550.0
 21
12475.0
 31
0.0
  0
MTEXT
  5
398
330
38E
100
AcDbEntity
  8
A-DIMS
100
AcDbMText
 10
-700.0
 20
12025.0
 30
0.0
 40
180.0
 71
5
  1
900
  7
OpenSansCondensed-Light
 50
90.0
  0
POINT
  5
399
330
38E
100
AcDbEntity
  8
Defpoints
100
AcDbPoint
 10
-550.0
 20
11575.0
 30
0.0
  0
POINT
  5
39A
330
38E
100
AcDbEntity
  8
Defpoints
100
AcDbPoint
 10
0.0
 20
11575.0
 30
0.0
  0
POINT
  5
39B
330
38E
100
AcDbEntity
  8
Defpoints
100
AcDbPoint
 10
0.0
 20
12475.0
 30
0.0
  0
ENDBLK
  5
390
330
38E
100
AcDbEntity
  8
0
100
AcDbBlockEnd
  0
BLOCK
  5
39E
330
39D
100
AcDbEntity
  8
0
100
AcDbBlockBegin
  2
*D29
 70
1
 10
0.0
 20
0.0
 30
0.0
  3
*D29
  1

  0
LINE
  5
3A0
330
39D
100
AcDbEntity
  8
0
100
AcDbLine
 10
-120.0
 20
12475.0
 30
0.0
 11
-670.0
 21
12475.0
 31
0.0
  0
LINE
  5
3A1
330
39D
100
AcDbEntity
  8
0
100
AcDbLine
 10
-120.0
 20
13350.0
 30
0.0
 11
-670.0
 21
13350.0
 31
0.0
  0
INSERT
  5
3A2
330
39D
100
AcDbEntity
  8
A-DIMS
100
AcDbBlockReference
  2
_OBLIQUE
 10
-550.0
 20
12475.0
 30
0.0
 41
120.0
 42
120.0
 50
90.0
  0
INSERT
  5
3A4
330
39D
100
AcDbEntity
  8
A-DIMS
100
AcDbBlockReference
  2
_OBLIQUE
 10
-550.0
 20
13350.0
 30
0.0
 41
120.0
 42
120.0
 50
90.0
  0
LINE
  5
3A6
330
39D
100
AcDbEntity
  8
0
100
AcDbLine
 10
-550.0
 20
12475.0
 30
0.0
 11
-550.0
 21
13350.0
 31
0.0
  0
MTEXT
  5
3A7
330
39D
100
AcDbEntity
  8
A-DIMS
100
AcDbMText
 10
-700.0
 20
12912.5
 30
0.0
 40
180.0
 71
5
  1
875
  7
OpenSansCondensed-Light
 50
90.0
  0
POINT
  5
3A8
330
39D
100
AcDbEntity
  8
Defpoints
100
AcDbPoint
 10
-550.0
 20
12475.0
 30
0.0
  0
POINT
  5
3A9
330
39D
100
AcDbEntity
  8
Defpoints
100
AcDbPoint
 10
0.0
 20
12475.0
 30
0.0
  0
POINT
  5
3AA
330
39D
100
AcDbEntity
  8
Defpoints
100
AcDbPoint
 10
0.0
 20
13350.0
 30
0.0
  0
ENDBLK
  5
39F
330
39D
100
AcDbEntity
  8
0
100
AcDbBlockEnd
  0
BLOCK
  5
3AD
330
3AC
100
AcDbEntity
  8
0
100
AcDbBlockBegin
  2
*D30
 70
1
 10
0.0
 20
0.0
 30
0.0
  3
*D30
  1

  0
LINE
  5
3AF
330
3AC
100
AcDbEntity
  8
0
100
AcDbLine
 10
-120.0
 20
0.0
 30
0.0
 11
-1120.0
 21
0.0
 31
0.0
  0
LINE
  5
3B0
330
3AC
100
AcDbEntity
  8
0
100
AcDbLine
 10
-120.0
 20
4450.0
 30
0.0
 11
-1120.0
 21
4450.0
 31
0.0
  0
INSERT
  5
3B1
330
3AC
100
AcDbEntity
  8
A-DIMS
100
AcDbBlockReference
  2
_OBLIQUE
 10
-1000.0
 20
0.0
 30
0.0
 41
120.0
 42
120.0
 50
90.0
  0
INSERT
  5
3B3
330
3AC
100
AcDbEntity
  8
A-DIMS
100
AcDbBlockReference
  2
_OBLIQUE
 10
-1000.0
 20
4450.0
 30
0.0
 41
120.0
 42
120.0
 50
90.0
  0
LINE
  5
3B5
330
3AC
100
AcDbEntity
  8
0
100
AcDbLine
 10
-1000.0
 20
0.0
 30
0.0
 11
-1000.0
 21
4450.0
 31
0.0
  0
MTEXT
  5
3B6
330
3AC
100
AcDbEntity
  8
A-DIMS
100
AcDbMText
 10
-1150.0
 20
2225.0
 30
0.0
 40
180.0
 71
5
  1
4450
  7
OpenSansCondensed-Light
 50
90.0
  0
POINT
  5
3B7
330
3AC
100
AcDbEntity
  8
Defpoints
100
AcDbPoint
 10
-1000.0
 20
0.0
 30
0.0
  0
POINT
  5
3B8
330
3AC
100
AcDbEntity
  8
Defpoints
100
AcDbPoint
 10
0.0
 20
0.0
 30
0.0
  0
POINT
  5
3B9
330
3AC
100
AcDbEntity
  8
Defpoints
100
AcDbPoint
 10
0.0
 20
4450.0
 30
0.0
  0
ENDBLK
  5
3AE
330
3AC
100
AcDbEntity
  8
0
100
AcDbBlockEnd
  0
BLOCK
  5
3BC
330
3BB
100
AcDbEntity
  8
0
100
AcDbBlockBegin
  2
*D31
 70
1
 10
0.0
 20
0.0
 30
0.0
  3
*D31
  1

  0
LINE
  5
3BE
330
3BB
100
AcDbEntity
  8
0
100
AcDbLine
 10
-120.0
 20
4450.0
 30
0.0
 11
-1120.0
 21
4450.0
 31
0.0
  0
LINE
  5
3BF
330
3BB
100
AcDbEntity
  8
0
100
AcDbLine
 10
-120.0
 20
5950.0
 30
0.0
 11
-1120.0
 21
5950.0
 31
0.0
  0
INSERT
  5
3C0
330
3BB
100
AcDbEntity
  8
A-DIMS
100
AcDbBlockReference
  2
_OBLIQUE
 10
-1000.0
 20
4450.0
 30
0.0
 41
120.0
 42
120.0
 50
90.0
  0
INSERT
  5
3C2
330
3BB
100
AcDbEntity
  8
A-DIMS
100
AcDbBlockReference
  2
_OBLIQUE
 10
-1000.0
 20
5950.0
 30
0.0
 41
120.0
 42
120.0
 50
90.0
  0
LINE
  5
3C4
330
3BB
100
AcDbEntity
  8
0
100
AcDbLine
 10
-1000.0
 20
4450.0
 30
0.0
 11
-1000.0
 21
5950.0
 31
0.0
  0
MTEXT
  5
3C5
330
3BB
100
AcDbEntity
  8
A-DIMS
100
AcDbMText
 10
-1150.0
 20
5200.0
 30
0.0
 40
180.0
 71
5
  1
1500
  7
OpenSansCondensed-Light
 50
90.0
  0
POINT
  5
3C6
330
3BB
100
AcDbEntity
  8
Defpoints
100
AcDbPoint
 10
-1000.0
 20
4450.0
 30
0.0
  0
POINT
  5
3C7
330
3BB
100
AcDbEntity
  8
Defpoints
100
AcDbPoint
 10
0.0
 20
4450.0
 30
0.0
  0
POINT
  5
3C8
330
3BB
100
AcDbEntity
  8
Defpoints
100
AcDbPoint
 10
0.0
 20
5950.0
 30
0.0
  0
ENDBLK
  5
3BD
330
3BB
100
AcDbEntity
  8
0
100
AcDbBlockEnd
  0
BLOCK
  5
3CB
330
3CA
100
AcDbEntity
  8
0
100
AcDbBlockBegin
  2
*D32
 70
1
 10
0.0
 20
0.0
 30
0.0
  3
*D32
  1

  0
LINE
  5
3CD
330
3CA
100
AcDbEntity
  8
0
100
AcDbLine
 10
-120.0
 20
5950.0
 30
0.0
 11
-1120.0
 21
5950.0
 31
0.0
  0
LINE
  5
3CE
330
3CA
100
AcDbEntity
  8
0
100
AcDbLine
 10
-120.0
 20
8500.0
 30
0.0
 11
-1120.0
 21
8500.0
 31
0.0
  0
INSERT
  5
3CF
330
3CA
100
AcDbEntity
  8
A-DIMS
100
AcDbBlockReference
  2
_OBLIQUE
 10
-1000.0
 20
5950.0
 30
0.0
 41
120.0
 42
120.0
 50
90.0
  0
INSERT
  5
3D1
330
3CA
100
AcDbEntity
  8
A-DIMS
100
AcDbBlockReference
  2
_OBLIQUE
 10
-1000.0
 20
8500.0
 30
0.0
 41
120.0
 42
120.0
 50
90.0
  0
LINE
  5
3D3
330
3CA
100
AcDbEntity
  8
0
100
AcDbLine
 10
-1000.0
 20
5950.0
 30
0.0
 11
-1000.0
 21
8500.0
 31
0.0
  0
MTEXT
  5
3D4
330
3CA
100
AcDbEntity
  8
A-DIMS
100
AcDbMText
 10
-1150.0
 20
7225.0
 30
0.0
 40
180.0
 71
5
  1
2550
  7
OpenSansCondensed-Light
 50
90.0
  0
POINT
  5
3D5
330
3CA
100
AcDbEntity
  8
Defpoints
100
AcDbPoint
 10
-1000.0
 20
5950.0
 30
0.0
  0
POINT
  5
3D6
330
3CA
100
AcDbEntity
  8
Defpoints
100
AcDbPoint
 10
0.0
 20
5950.0
 30
0.0
  0
POINT
  5
3D7
330
3CA
100
AcDbEntity
  8
Defpoints
100
AcDbPoint
 10
0.0
 20
8500.0
 30
0.0
  0
ENDBLK
  5
3CC
330
3CA
100
AcDbEntity
  8
0
100
AcDbBlockEnd
  0
BLOCK
  5
3DA
330
3D9
100
AcDbEntity
  8
0
100
AcDbBlockBegin
  2
*D33
 70
1
 10
0.0
 20
0.0
 30
0.0
  3
*D33
  1

  0
LINE
  5
3DC
330
3D9
100
AcDbEntity
  8
0
100
AcDbLine
 10
-120.0
 20
8500.0
 30
0.0
 11
-1120.0
 21
8500.0
 31
0.0
  0
LINE
  5
3DD
330
3D9
100
AcDbEntity
  8
0
100
AcDbLine
 10
-120.0
 20
10700.0
 30
0.0
 11
-1120.0
 21
10700.0
 31
0.0
  0
INSERT
  5
3DE
330
3D9
100
AcDbEntity
  8
A-DIMS
100
AcDbBlockReference
  2
_OBLIQUE
 10
-1000.0
 20
8500.0
 30
0.0
 41
120.0
 42
120.0
 50
90.0
  0
INSERT
  5
3E0
330
3D9
100
AcDbEntity
  8
A-DIMS
100
AcDbBlockReference
  2
_OBLIQUE
 10
-1000.0
 20
10700.0
 30
0.0
 41
120.0
 42
120.0
 50
90.0
  0
LINE
  5
3E2
330
3D9
100
AcDbEntity
  8
0
100
AcDbLine
 10
-1000.0
 20
8500.0
 30
0.0
 11
-1000.0
 21
10700.0
 31
0.0
  0
MTEXT
  5
3E3
330
3D9
100
AcDbEntity
  8
A-DIMS
100
AcDbMText
 10
-1150.0
 20
9600.0
 30
0.0
 40
180.0
 71
5
  1
2200
  7
OpenSansCondensed-Light
 50
90.0
  0
POINT
  5
3E4
330
3D9
100
AcDbEntity
  8
Defpoints
100
AcDbPoint
 10
-1000.0
 20
8500.0
 30
0.0
  0
POINT
  5
3E5
330
3D9
100
AcDbEntity
  8
Defpoints
100
AcDbPoint
 10
0.0
 20
8500.0
 30
0.0
  0
POINT
  5
3E6
330
3D9
100
AcDbEntity
  8
Defpoints
100
AcDbPoint
 10
0.0
 20
10700.0
 30
0.0
  0
ENDBLK
  5
3DB
330
3D9
100
AcDbEntity
  8
0
100
AcDbBlockEnd
  0
BLOCK
  5
3E9
330
3E8
100
AcDbEntity
  8
0
100
AcDbBlockBegin
  2
*D34
 70
1
 10
0.0
 20
0.0
 30
0.0
  3
*D34
  1

  0
LINE
  5
3EB
330
3E8
100
AcDbEntity
  8
0
100
AcDbLine
 10
-120.0
 20
10700.0
 30
0.0
 11
-1120.0
 21
10700.0
 31
0.0
  0
LINE
  5
3EC
330
3E8
100
AcDbEntity
  8
0
100
AcDbLine
 10
-120.0
 20
13350.0
 30
0.0
 11
-1120.0
 21
13350.0
 31
0.0
  0
INSERT
  5
3ED
330
3E8
100
AcDbEntity
  8
A-DIMS
100
AcDbBlockReference
  2
_OBLIQUE
 10
-1000.0
 20
10700.0
 30
0.0
 41
120.0
 42
120.0
 50
90.0
  0
INSERT
  5
3EF
330
3E8
100
AcDbEntity
  8
A-DIMS
100
AcDbBlockReference
  2
_OBLIQUE
 10
-1000.0
 20
13350.0
 30
0.0
 41
120.0
 42
120.0
 50
90.0
  0
LINE
  5
3F1
330
3E8
100
AcDbEntity
  8
0
100
AcDbLine
 10
-1000.0
 20
10700.0
 30
0.0
 11
-1000.0
 21
13350.0
 31
0.0
  0
MTEXT
  5
3F2
330
3E8
100
AcDbEntity
  8
A-DIMS
100
AcDbMText
 10
-1150.0
 20
12025.0
 30
0.0
 40
180.0
 71
5
  1
2650
  7
OpenSansCondensed-Light
 50
90.0
  0
POINT
  5
3F3
330
3E8
100
AcDbEntity
  8
Defpoints
100
AcDbPoint
 10
-1000.0
 20
10700.0
 30
0.0
  0
POINT
  5
3F4
330
3E8
100
AcDbEntity
  8
Defpoints
100
AcDbPoint
 10
0.0
 20
10700.0
 30
0.0
  0
POINT
  5
3F5
330
3E8
100
AcDbEntity
  8
Defpoints
100
AcDbPoint
 10
0.0
 20
13350.0
 30
0.0
  0
ENDBLK
  5
3EA
330
3E8
100
AcDbEntity
  8
0
100
AcDbBlockEnd
  0
BLOCK
  5
3F8
330
3F7
100
AcDbEntity
  8
0
100
AcDbBlockBegin
  2
*D35
 70
1
 10
0.0
 20
0.0
 30
0.0
  3
*D35
  1

  0
LINE
  5
3FA
330
3F7
100
AcDbEntity
  8
0
100
AcDbLine
 10
-119.99999999999999
 20
0.0
 30
0.0
 11
-1570.0
 21
0.0
 31
0.0
  0
LINE
  5
3FB
330
3F7
100
AcDbEntity
  8
0
100
AcDbLine
 10
-119.99999999999999
 20
13350.0
 30
0.0
 11
-1570.0
 21
13350.0
 31
0.0
  0
INSERT
  5
3FC
330
3F7
100
AcDbEntity
  8
A-DIMS
100
AcDbBlockReference
  2
_OBLIQUE
 10
-1450.0
 20
0.0
 30
0.0
 41
120.0
 42
120.0
 50
90.0
  0
INSERT
  5
3FE
330
3F7
100
AcDbEntity
  8
A-DIMS
100
AcDbBlockReference
  2
_OBLIQUE
 10
-1450.0
 20
13350.0
 30
0.0
 41
120.0
 42
120.0
 50
90.0
  0
LINE
  5
400
330
3F7
100
AcDbEntity
  8
0
100
AcDbLine
 10
-1450.0
 20
0.0
 30
0.0
 11
-1450.0
 21
13350.0
 31
0.0
  0
MTEXT
  5
401
330
3F7
100
AcDbEntity
  8
A-DIMS
100
AcDbMText
 10
-1600.0
 20
6675.0
 30
0.0
 40
180.0
 71
5
  1
13350
  7
OpenSansCondensed-Light
 50
90.0
  0
POINT
  5
402
330
3F7
100
AcDbEntity
  8
Defpoints
100
AcDbPoint
 10
-1450.0
 20
0.0
 30
0.0
  0
POINT
  5
403
330
3F7
100
AcDbEntity
  8
Defpoints
100
AcDbPoint
 10
0.0
 20
0.0
 30
0.0
  0
POINT
  5
404
330
3F7
100
AcDbEntity
  8
Defpoints
100
AcDbPoint
 10
0.0
 20
13350.0
 30
0.0
  0
ENDBLK
  5
3F9
330
3F7
100
AcDbEntity
  8
0
100
AcDbBlockEnd
  0
BLOCK
  5
407
330
406
100
AcDbEntity
  8
0
100
AcDbBlockBegin
  2
*D36
 70
1
 10
0.0
 20
0.0
 30
0.0
  3
*D36
  1

  0
LINE
  5
409
330
406
100
AcDbEntity
  8
0
100
AcDbLine
 10
11520.0
 20
0.0
 30
0.0
 11
12070.0
 21
0.0
 31
0.0
  0
LINE
  5
40A
330
406
100
AcDbEntity
  8
0
100
AcDbLine
 10
11520.0
 20
5100.0
 30
0.0
 11
12070.0
 21
5100.0
 31
0.0
  0
INSERT
  5
40B
330
406
100
AcDbEntity
  8
A-DIMS
100
AcDbBlockReference
  2
_OBLIQUE
 10
11950.0
 20
0.0
 30
0.0
 41
120.0
 42
120.0
 50
90.0
  0
INSERT
  5
40D
330
406
100
AcDbEntity
  8
A-DIMS
100
AcDbBlockReference
  2
_OBLIQUE
 10
11950.0
 20
5100.0
 30
0.0
 41
120.0
 42
120.0
 50
90.0
  0
LINE
  5
40F
330
406
100
AcDbEntity
  8
0
100
AcDbLine
 10
11950.0
 20
0.0
 30
0.0
 11
11950.0
 21
5100.0
 31
0.0
  0
MTEXT
  5
410
330
406
100
AcDbEntity
  8
A-DIMS
100
AcDbMText
 10
11800.0
 20
2550.0
 30
0.0
 40
180.0
 71
5
  1
5100
  7
OpenSansCondensed-Light
 50
90.0
  0
POINT
  5
411
330
406
100
AcDbEntity
  8
Defpoints
100
AcDbPoint
 10
11950.0
 20
0.0
 30
0.0
  0
POINT
  5
412
330
406
100
AcDbEntity
  8
Defpoints
100
AcDbPoint
 10
11400.0
 20
0.0
 30
0.0
  0
POINT
  5
413
330
406
100
AcDbEntity
  8
Defpoints
100
AcDbPoint
 10
11400.0
 20
5100.0
 30
0.0
  0
ENDBLK
  5
408
330
406
100
AcDbEntity
  8
0
100
AcDbBlockEnd
  0
BLOCK
  5
416
330
415
100
AcDbEntity
  8
0
100
AcDbBlockBegin
  2
*D37
 70
1
 10
0.0
 20
0.0
 30
0.0
  3
*D37
  1

  0
LINE
  5
418
330
415
100
AcDbEntity
  8
0
100
AcDbLine
 10
11520.0
 20
5100.0
 30
0.0
 11
12070.0
 21
5100.0
 31
0.0
  0
LINE
  5
419
330
415
100
AcDbEntity
  8
0
100
AcDbLine
 10
11520.0
 20
6600.0
 30
0.0
 11
12070.0
 21
6600.0
 31
0.0
  0
INSERT
  5
41A
330
415
100
AcDbEntity
  8
A-DIMS
100
AcDbBlockReference
  2
_OBLIQUE
 10
11950.0
 20
5100.0
 30
0.0
 41
120.0
 42
120.0
 50
90.0
  0
INSERT
  5
41C
330
415
100
AcDbEntity
  8
A-DIMS
100
AcDbBlockReference
  2
_OBLIQUE
 10
11950.0
 20
6600.0
 30
0.0
 41
120.0
 42
120.0
 50
90.0
  0
LINE
  5
41E
330
415
100
AcDbEntity
  8
0
100
AcDbLine
 10
11950.0
 20
5100.0
 30
0.0
 11
11950.0
 21
6600.0
 31
0.0
  0
MTEXT
  5
41F
330
415
100
AcDbEntity
  8
A-DIMS
100
AcDbMText
 10
11800.0
 20
5850.0
 30
0.0
 40
180.0
 71
5
  1
1500
  7
OpenSansCondensed-Light
 50
90.0
  0
POINT
  5
420
330
415
100
AcDbEntity
  8
Defpoints
100
AcDbPoint
 10
11950.0
 20
5100.0
 30
0.0
  0
POINT
  5
421
330
415
100
AcDbEntity
  8
Defpoints
100
AcDbPoint
 10
11400.0
 20
5100.0
 30
0.0
  0
POINT
  5
422
330
415
100
AcDbEntity
  8
Defpoints
100
AcDbPoint
 10
11400.0
 20
6600.0
 30
0.0
  0
ENDBLK
  5
417
330
415
100
AcDbEntity
  8
0
100
AcDbBlockEnd
  0
BLOCK
  5
425
330
424
100
AcDbEntity
  8
0
100
AcDbBlockBegin
  2
*D38
 70
1
 10
0.0
 20
0.0
 30
0.0
  3
*D38
  1

  0
LINE
  5
427
330
424
100
AcDbEntity
  8
0
100
AcDbLine
 10
11520.0
 20
6600.0
 30
0.0
 11
12070.0
 21
6600.0
 31
0.0
  0
LINE
  5
428
330
424
100
AcDbEntity
  8
0
100
AcDbLine
 10
11520.0
 20
7575.0
 30
0.0
 11
12070.0
 21
7575.0
 31
0.0
  0
INSERT
  5
429
330
424
100
AcDbEntity
  8
A-DIMS
100
AcDbBlockReference
  2
_OBLIQUE
 10
11950.0
 20
6600.0
 30
0.0
 41
120.0
 42
120.0
 50
90.0
  0
INSERT
  5
42B
330
424
100
AcDbEntity
  8
A-DIMS
100
AcDbBlockReference
  2
_OBLIQUE
 10
11950.0
 20
7575.0
 30
0.0
 41
120.0
 42
120.0
 50
90.0
  0
LINE
  5
42D
330
424
100
AcDbEntity
  8
0
100
AcDbLine
 10
11950.0
 20
6600.0
 30
0.0
 11
11950.0
 21
7575.0
 31
0.0
  0
MTEXT
  5
42E
330
424
100
AcDbEntity
  8
A-DIMS
100
AcDbMText
 10
11800.0
 20
7087.5
 30
0.0
 40
180.0
 71
5
  1
975
  7
OpenSansCondensed-Light
 50
90.0
  0
POINT
  5
42F
330
424
100
AcDbEntity
  8
Defpoints
100
AcDbPoint
 10
11950.0
 20
6600.0
 30
0.0
  0
POINT
  5
430
330
424
100
AcDbEntity
  8
Defpoints
100
AcDbPoint
 10
11400.0
 20
6600.0
 30
0.0
  0
POINT
  5
431
330
424
100
AcDbEntity
  8
Defpoints
100
AcDbPoint
 10
11400.0
 20
7575.0
 30
0.0
  0
ENDBLK
  5
426
330
424
100
AcDbEntity
  8
0
100
AcDbBlockEnd
  0
BLOCK
  5
434
330
433
100
AcDbEntity
  8
0
100
AcDbBlockBegin
  2
*D39
 70
1
 10
0.0
 20
0.0
 30
0.0
  3
*D39
  1

  0
LINE
  5
436
330
433
100
AcDbEntity
  8
0
100
AcDbLine
 10
11520.0
 20
7575.0
 30
0.0
 11
12070.0
 21
7575.0
 31
0.0
  0
LINE
  5
437
330
433
100
AcDbEntity
  8
0
100
AcDbLine
 10
11520.0
 20
8175.0
 30
0.0
 11
12070.0
 21
8175.0
 31
0.0
  0
INSERT
  5
438
330
433
100
AcDbEntity
  8
A-DIMS
100
AcDbBlockReference
  2
_OBLIQUE
 10
11950.0
 20
7575.0
 30
0.0
 41
120.0
 42
120.0
 50
90.0
  0
INSERT
  5
43A
330
433
100
AcDbEntity
  8
A-DIMS
100
AcDbBlockReference
  2
_OBLIQUE
 10
11950.0
 20
8175.0
 30
0.0
 41
120.0
 42
120.0
 50
90.0
  0
LINE
  5
43C
330
433
100
AcDbEntity
  8
0
100
AcDbLine
 10
11950.0
 20
7575.0
 30
0.0
 11
11950.0
 21
8175.0
 31
0.0
  0
MTEXT
  5
43D
330
433
100
AcDbEntity
  8
A-DIMS
100
AcDbMText
 10
11800.0
 20
7875.0
 30
0.0
 40
180.0
 71
5
  1
600
  7
OpenSansCondensed-Light
 50
90.0
  0
POINT
  5
43E
330
433
100
AcDbEntity
  8
Defpoints
100
AcDbPoint
 10
11950.0
 20
7575.0
 30
0.0
  0
POINT
  5
43F
330
433
100
AcDbEntity
  8
Defpoints
100
AcDbPoint
 10
11400.0
 20
7575.0
 30
0.0
  0
POINT
  5
440
330
433
100
AcDbEntity
  8
Defpoints
100
AcDbPoint
 10
11400.0
 20
8175.0
 30
0.0
  0
ENDBLK
  5
435
330
433
100
AcDbEntity
  8
0
100
AcDbBlockEnd
  0
BLOCK
  5
443
330
442
100
AcDbEntity
  8
0
100
AcDbBlockBegin
  2
*D40
 70
1
 10
0.0
 20
0.0
 30
0.0
  3
*D40
  1

  0
LINE
  5
445
330
442
100
AcDbEntity
  8
0
100
AcDbLine
 10
11520.0
 20
8175.0
 30
0.0
 11
12070.0
 21
8175.0
 31
0.0
  0
LINE
  5
446
330
442
100
AcDbEntity
  8
0
100
AcDbLine
 10
11520.0
 20
8875.0
 30
0.0
 11
12070.0
 21
8875.0
 31
0.0
  0
INSERT
  5
447
330
442
100
AcDbEntity
  8
A-DIMS
100
AcDbBlockReference
  2
_OBLIQUE
 10
11950.0
 20
8175.0
 30
0.0
 41
120.0
 42
120.0
 50
90.0
  0
INSERT
  5
449
330
442
100
AcDbEntity
  8
A-DIMS
100
AcDbBlockReference
  2
_OBLIQUE
 10
11950.0
 20
8875.0
 30
0.0
 41
120.0
 42
120.0
 50
90.0
  0
LINE
  5
44B
330
442
100
AcDbEntity
  8
0
100
AcDbLine
 10
11950.0
 20
8175.0
 30
0.0
 11
11950.0
 21
8875.0
 31
0.0
  0
MTEXT
  5
44C
330
442
100
AcDbEntity
  8
A-DIMS
100
AcDbMText
 10
11800.0
 20
8525.0
 30
0.0
 40
180.0
 71
5
  1
700
  7
OpenSansCondensed-Light
 50
90.0
  0
POINT
  5
44D
330
442
100
AcDbEntity
  8
Defpoints
100
AcDbPoint
 10
11950.0
 20
8175.0
 30
0.0
  0
POINT
  5
44E
330
442
100
AcDbEntity
  8
Defpoints
100
AcDbPoint
 10
11400.0
 20
8175.0
 30
0.0
  0
POINT
  5
44F
330
442
100
AcDbEntity
  8
Defpoints
100
AcDbPoint
 10
11400.0
 20
8875.0
 30
0.0
  0
ENDBLK
  5
444
330
442
100
AcDbEntity
  8
0
100
AcDbBlockEnd
  0
BLOCK
  5
452
330
451
100
AcDbEntity
  8
0
100
AcDbBlockBegin
  2
*D41
 70
1
 10
0.0
 20
0.0
 30
0.0
  3
*D41
  1

  0
LINE
  5
454
330
451
100
AcDbEntity
  8
0
100
AcDbLine
 10
11520.0
 20
8875.0
 30
0.0
 11
12070.0
 21
8875.0
 31
0.0
  0
LINE
  5
455
330
451
100
AcDbEntity
  8
0
100
AcDbLine
 10
11520.0
 20
9625.0
 30
0.0
 11
12070.0
 21
9625.0
 31
0.0
  0
INSERT
  5
456
330
451
100
AcDbEntity
  8
A-DIMS
100
AcDbBlockReference
  2
_OBLIQUE
 10
11950.0
 20
8875.0
 30
0.0
 41
120.0
 42
120.0
 50
90.0
  0
INSERT
  5
458
330
451
100
AcDbEntity
  8
A-DIMS
100
AcDbBlockReference
  2
_OBLIQUE
 10
11950.0
 20
9625.0
 30
0.0
 41
120.0
 42
120.0
 50
90.0
  0
LINE
  5
45A
330
451
100
AcDbEntity
  8
0
100
AcDbLine
 10
11950.0
 20
8875.0
 30
0.0
 11
11950.0
 21
9625.0
 31
0.0
  0
MTEXT
  5
45B
330
451
100
AcDbEntity
  8
A-DIMS
100
AcDbMText
 10
11800.0
 20
9250.0
 30
0.0
 40
180.0
 71
5
  1
750
  7
OpenSansCondensed-Light
 50
90.0
  0
POINT
  5
45C
330
451
100
AcDbEntity
  8
Defpoints
100
AcDbPoint
 10
11950.0
 20
8875.0
 30
0.0
  0
POINT
  5
45D
330
451
100
AcDbEntity
  8
Defpoints
100
AcDbPoint
 10
11400.0
 20
8875.0
 30
0.0
  0
POINT
  5
45E
330
451
100
AcDbEntity
  8
Defpoints
100
AcDbPoint
 10
11400.0
 20
9625.0
 30
0.0
  0
ENDBLK
  5
453
330
451
100
AcDbEntity
  8
0
100
AcDbBlockEnd
  0
BLOCK
  5
461
330
460
100
AcDbEntity
  8
0
100
AcDbBlockBegin
  2
*D42
 70
1
 10
0.0
 20
0.0
 30
0.0
  3
*D42
  1

  0
LINE
  5
463
330
460
100
AcDbEntity
  8
0
100
AcDbLine
 10
11520.0
 20
9625.0
 30
0.0
 11
12070.0
 21
9625.0
 31
0.0
  0
LINE
  5
464
330
460
100
AcDbEntity
  8
0
100
AcDbLine
 10
11520.0
 20
10775.0
 30
0.0
 11
12070.0
 21
10775.0
 31
0.0
  0
INSERT
  5
465
330
460
100
AcDbEntity
  8
A-DIMS
100
AcDbBlockReference
  2
_OBLIQUE
 10
11950.0
 20
9625.0
 30
0.0
 41
120.0
 42
120.0
 50
90.0
  0
INSERT
  5
467
330
460
100
AcDbEntity
  8
A-DIMS
100
AcDbBlockReference
  2
_OBLIQUE
 10
11950.0
 20
10775.0
 30
0.0
 41
120.0
 42
120.0
 50
90.0
  0
LINE
  5
469
330
460
100
AcDbEntity
  8
0
100
AcDbLine
 10
11950.0
 20
9625.0
 30
0.0
 11
11950.0
 21
10775.0
 31
0.0
  0
MTEXT
  5
46A
330
460
100
AcDbEntity
  8
A-DIMS
100
AcDbMText
 10
11800.0
 20
10200.0
 30
0.0
 40
180.0
 71
5
  1
1150
  7
OpenSansCondensed-Light
 50
90.0
  0
POINT
  5
46B
330
460
100
AcDbEntity
  8
Defpoints
100
AcDbPoint
 10
11950.0
 20
9625.0
 30
0.0
  0
POINT
  5
46C
330
460
100
AcDbEntity
  8
Defpoints
100
AcDbPoint
 10
11400.0
 20
9625.0
 30
0.0
  0
POINT
  5
46D
330
460
100
AcDbEntity
  8
Defpoints
100
AcDbPoint
 10
11400.0
 20
10775.0
 30
0.0
  0
ENDBLK
  5
462
330
460
100
AcDbEntity
  8
0
100
AcDbBlockEnd
  0
BLOCK
  5
470
330
46F
100
AcDbEntity
  8
0
100
AcDbBlockBegin
  2
*D43
 70
1
 10
0.0
 20
0.0
 30
0.0
  3
*D43
  1

  0
LINE
  5
472
330
46F
100
AcDbEntity
  8
0
100
AcDbLine
 10
11520.0
 20
10775.0
 30
0.0
 11
12070.0
 21
10775.0
 31
0.0
  0
LINE
  5
473
330
46F
100
AcDbEntity
  8
0
100
AcDbLine
 10
11520.0
 20
12575.0
 30
0.0
 11
12070.0
 21
12575.0
 31
0.0
  0
INSERT
  5
474
330
46F
100
AcDbEntity
  8
A-DIMS
100
AcDbBlockReference
  2
_OBLIQUE
 10
11950.0
 20
10775.0
 30
0.0
 41
120.0
 42
120.0
 50
90.0
  0
INSERT
  5
476
330
46F
100
AcDbEntity
  8
A-DIMS
100
AcDbBlockReference
  2
_OBLIQUE
 10
11950.0
 20
12575.0
 30
0.0
 41
120.0
 42
120.0
 50
90.0
  0
LINE
  5
478
330
46F
100
AcDbEntity
  8
0
100
AcDbLine
 10
11950.0
 20
10775.0
 30
0.0
 11
11950.0
 21
12575.0
 31
0.0
  0
MTEXT
  5
479
330
46F
100
AcDbEntity
  8
A-DIMS
100
AcDbMText
 10
11800.0
 20
11675.0
 30
0.0
 40
180.0
 71
5
  1
1800
  7
OpenSansCondensed-Light
 50
90.0
  0
POINT
  5
47A
330
46F
100
AcDbEntity
  8
Defpoints
100
AcDbPoint
 10
11950.0
 20
10775.0
 30
0.0
  0
POINT
  5
47B
330
46F
100
AcDbEntity
  8
Defpoints
100
AcDbPoint
 10
11400.0
 20
10775.0
 30
0.0
  0
POINT
  5
47C
330
46F
100
AcDbEntity
  8
Defpoints
100
AcDbPoint
 10
11400.0
 20
12575.0
 30
0.0
  0
ENDBLK
  5
471
330
46F
100
AcDbEntity
  8
0
100
AcDbBlockEnd
  0
BLOCK
  5
47F
330
47E
100
AcDbEntity
  8
0
100
AcDbBlockBegin
  2
*D44
 70
1
 10
0.0
 20
0.0
 30
0.0
  3
*D44
  1

  0
LINE
  5
481
330
47E
100
AcDbEntity
  8
0
100
AcDbLine
 10
11520.0
 20
12575.0
 30
0.0
 11
12070.0
 21
12575.0
 31
0.0
  0
LINE
  5
482
330
47E
100
AcDbEntity
  8
0
100
AcDbLine
 10
11520.0
 20
13350.0
 30
0.0
 11
12070.0
 21
13350.0
 31
0.0
  0
INSERT
  5
483
330
47E
100
AcDbEntity
  8
A-DIMS
100
AcDbBlockReference
  2
_OBLIQUE
 10
11950.0
 20
12575.0
 30
0.0
 41
120.0
 42
120.0
 50
90.0
  0
INSERT
  5
485
330
47E
100
AcDbEntity
  8
A-DIMS
100
AcDbBlockReference
  2
_OBLIQUE
 10
11950.0
 20
13350.0
 30
0.0
 41
120.0
 42
120.0
 50
90.0
  0
LINE
  5
487
330
47E
100
AcDbEntity
  8
0
100
AcDbLine
 10
11950.0
 20
12575.0
 30
0.0
 11
11950.0
 21
13350.0
 31
0.0
  0
MTEXT
  5
488
330
47E
100
AcDbEntity
  8
A-DIMS
100
AcDbMText
 10
11800.0
 20
12962.5
 30
0.0
 40
180.0
 71
5
  1
775
  7
OpenSansCondensed-Light
 50
90.0
  0
POINT
  5
489
330
47E
100
AcDbEntity
  8
Defpoints
100
AcDbPoint
 10
11950.0
 20
12575.0
 30
0.0
  0
POINT
  5
48A
330
47E
100
AcDbEntity
  8
Defpoints
100
AcDbPoint
 10
11400.0
 20
12575.0
 30
0.0
  0
POINT
  5
48B
330
47E
100
AcDbEntity
  8
Defpoints
100
AcDbPoint
 10
11400.0
 20
13350.0
 30
0.0
  0
ENDBLK
  5
480
330
47E
100
AcDbEntity
  8
0
100
AcDbBlockEnd
  0
BLOCK
  5
48E
330
48D
100
AcDbEntity
  8
0
100
AcDbBlockBegin
  2
*D45
 70
1
 10
0.0
 20
0.0
 30
0.0
  3
*D45
  1

  0
LINE
  5
490
330
48D
100
AcDbEntity
  8
0
100
AcDbLine
 10
11520.0
 20
0.0
 30
0.0
 11
12520.0
 21
0.0
 31
0.0
  0
LINE
  5
491
330
48D
100
AcDbEntity
  8
0
100
AcDbLine
 10
11520.0
 20
4450.0
 30
0.0
 11
12520.0
 21
4450.0
 31
0.0
  0
INSERT
  5
492
330
48D
100
AcDbEntity
  8
A-DIMS
100
AcDbBlockReference
  2
_OBLIQUE
 10
12400.0
 20
0.0
 30
0.0
 41
120.0
 42
120.0
 50
90.0
  0
INSERT
  5
494
330
48D
100
AcDbEntity
  8
A-DIMS
100
AcDbBlockReference
  2
_OBLIQUE
 10
12400.0
 20
4450.0
 30
0.0
 41
120.0
 42
120.0
 50
90.0
  0
LINE
  5
496
330
48D
100
AcDbEntity
  8
0
100
AcDbLine
 10
12400.0
 20
0.0
 30
0.0
 11
12400.0
 21
4450.0
 31
0.0
  0
MTEXT
  5
497
330
48D
100
AcDbEntity
  8
A-DIMS
100
AcDbMText
 10
12250.0
 20
2225.0
 30
0.0
 40
180.0
 71
5
  1
4450
  7
OpenSansCondensed-Light
 50
90.0
  0
POINT
  5
498
330
48D
100
AcDbEntity
  8
Defpoints
100
AcDbPoint
 10
12400.0
 20
0.0
 30
0.0
  0
POINT
  5
499
330
48D
100
AcDbEntity
  8
Defpoints
100
AcDbPoint
 10
11400.0
 20
0.0
 30
0.0
  0
POINT
  5
49A
330
48D
100
AcDbEntity
  8
Defpoints
100
AcDbPoint
 10
11400.0
 20
4450.0
 30
0.0
  0
ENDBLK
  5
48F
330
48D
100
AcDbEntity
  8
0
100
AcDbBlockEnd
  0
BLOCK
  5
49D
330
49C
100
AcDbEntity
  8
0
100
AcDbBlockBegin
  2
*D46
 70
1
 10
0.0
 20
0.0
 30
0.0
  3
*D46
  1

  0
LINE
  5
49F
330
49C
100
AcDbEntity
  8
0
100
AcDbLine
 10
11520.0
 20
4450.0
 30
0.0
 11
12520.0
 21
4450.0
 31
0.0
  0
LINE
  5
4A0
330
49C
100
AcDbEntity
  8
0
100
AcDbLine
 10
11520.0
 20
7250.0
 30
0.0
 11
12520.0
 21
7250.0
 31
0.0
  0
INSERT
  5
4A1
330
49C
100
AcDbEntity
  8
A-DIMS
100
AcDbBlockReference
  2
_OBLIQUE
 10
12400.0
 20
4450.0
 30
0.0
 41
120.0
 42
120.0
 50
90.0
  0
INSERT
  5
4A3
330
49C
100
AcDbEntity
  8
A-DIMS
100
AcDbBlockReference
  2
_OBLIQUE
 10
12400.0
 20
7250.0
 30
0.0
 41
120.0
 42
120.0
 50
90.0
  0
LINE
  5
4A5
330
49C
100
AcDbEntity
  8
0
100
AcDbLine
 10
12400.0
 20
4450.0
 30
0.0
 11
12400.0
 21
7250.0
 31
0.0
  0
MTEXT
  5
4A6
330
49C
100
AcDbEntity
  8
A-DIMS
100
AcDbMText
 10
12250.0
 20
5850.0
 30
0.0
 40
180.0
 71
5
  1
2800
  7
OpenSansCondensed-Light
 50
90.0
  0
POINT
  5
4A7
330
49C
100
AcDbEntity
  8
Defpoints
100
AcDbPoint
 10
12400.0
 20
4450.0
 30
0.0
  0
POINT
  5
4A8
330
49C
100
AcDbEntity
  8
Defpoints
100
AcDbPoint
 10
11400.0
 20
4450.0
 30
0.0
  0
POINT
  5
4A9
330
49C
100
AcDbEntity
  8
Defpoints
100
AcDbPoint
 10
11400.0
 20
7250.0
 30
0.0
  0
ENDBLK
  5
49E
330
49C
100
AcDbEntity
  8
0
100
AcDbBlockEnd
  0
BLOCK
  5
4AC
330
4AB
100
AcDbEntity
  8
0
100
AcDbBlockBegin
  2
*D47
 70
1
 10
0.0
 20
0.0
 30
0.0
  3
*D47
  1

  0
LINE
  5
4AE
330
4AB
100
AcDbEntity
  8
0
100
AcDbLine
 10
11520.0
 20
7250.0
 30
0.0
 11
12520.0
 21
7250.0
 31
0.0
  0
LINE
  5
4AF
330
4AB
100
AcDbEntity
  8
0
100
AcDbLine
 10
11520.0
 20
8500.0
 30
0.0
 11
12520.0
 21
8500.0
 31
0.0
  0
INSERT
  5
4B0
330
4AB
100
AcDbEntity
  8
A-DIMS
100
AcDbBlockReference
  2
_OBLIQUE
 10
12400.0
 20
7250.0
 30
0.0
 41
120.0
 42
120.0
 50
90.0
  0
INSERT
  5
4B2
330
4AB
100
AcDbEntity
  8
A-DIMS
100
AcDbBlockReference
  2
_OBLIQUE
 10
12400.0
 20
8500.0
 30
0.0
 41
120.0
 42
120.0
 50
90.0
  0
LINE
  5
4B4
330
4AB
100
AcDbEntity
  8
0
100
AcDbLine
 10
12400.0
 20
7250.0
 30
0.0
 11
12400.0
 21
8500.0
 31
0.0
  0
MTEXT
  5
4B5
330
4AB
100
AcDbEntity
  8
A-DIMS
100
AcDbMText
 10
12250.0
 20
7875.0
 30
0.0
 40
180.0
 71
5
  1
1250
  7
OpenSansCondensed-Light
 50
90.0
  0
POINT
  5
4B6
330
4AB
100
AcDbEntity
  8
Defpoints
100
AcDbPoint
 10
12400.0
 20
7250.0
 30
0.0
  0
POINT
  5
4B7
330
4AB
100
AcDbEntity
  8
Defpoints
100
AcDbPoint
 10
11400.0
 20
7250.0
 30
0.0
  0
POINT
  5
4B8
330
4AB
100
AcDbEntity
  8
Defpoints
100
AcDbPoint
 10
11400.0
 20
8500.0
 30
0.0
  0
ENDBLK
  5
4AD
330
4AB
100
AcDbEntity
  8
0
100
AcDbBlockEnd
  0
BLOCK
  5
4BB
330
4BA
100
AcDbEntity
  8
0
100
AcDbBlockBegin
  2
*D48
 70
1
 10
0.0
 20
0.0
 30
0.0
  3
*D48
  1

  0
LINE
  5
4BD
330
4BA
100
AcDbEntity
  8
0
100
AcDbLine
 10
11520.0
 20
8500.0
 30
0.0
 11
12520.0
 21
8500.0
 31
0.0
  0
LINE
  5
4BE
330
4BA
100
AcDbEntity
  8
0
100
AcDbLine
 10
11520.0
 20
10000.0
 30
0.0
 11
12520.0
 21
10000.0
 31
0.0
  0
INSERT
  5
4BF
330
4BA
100
AcDbEntity
  8
A-DIMS
100
AcDbBlockReference
  2
_OBLIQUE
 10
12400.0
 20
8500.0
 30
0.0
 41
120.0
 42
120.0
 50
90.0
  0
INSERT
  5
4C1
330
4BA
100
AcDbEntity
  8
A-DIMS
100
AcDbBlockReference
  2
_OBLIQUE
 10
12400.0
 20
10000.0
 30
0.0
 41
120.0
 42
120.0
 50
90.0
  0
LINE
  5
4C3
330
4BA
100
AcDbEntity
  8
0
100
AcDbLine
 10
12400.0
 20
8500.0
 30
0.0
 11
12400.0
 21
10000.0
 31
0.0
  0
MTEXT
  5
4C4
330
4BA
100
AcDbEntity
  8
A-DIMS
100
AcDbMText
 10
12250.0
 20
9250.0
 30
0.0
 40
180.0
 71
5
  1
1500
  7
OpenSansCondensed-Light
 50
90.0
  0
POINT
  5
4C5
330
4BA
100
AcDbEntity
  8
Defpoints
100
AcDbPoint
 10
12400.0
 20
8500.0
 30
0.0
  0
POINT
  5
4C6
330
4BA
100
AcDbEntity
  8
Defpoints
100
AcDbPoint
 10
11400.0
 20
8500.0
 30
0.0
  0
POINT
  5
4C7
330
4BA
100
AcDbEntity
  8
Defpoints
100
AcDbPoint
 10
11400.0
 20
10000.0
 30
0.0
  0
ENDBLK
  5
4BC
330
4BA
100
AcDbEntity
  8
0
100
AcDbBlockEnd
  0
BLOCK
  5
4CA
330
4C9
100
AcDbEntity
  8
0
100
AcDbBlockBegin
  2
*D49
 70
1
 10
0.0
 20
0.0
 30
0.0
  3
*D49
  1

  0
LINE
  5
4CC
330
4C9
100
AcDbEntity
  8
0
100
AcDbLine
 10
11520.0
 20
10000.0
 30
0.0
 11
12520.0
 21
10000.0
 31
0.0
  0
LINE
  5
4CD
330
4C9
100
AcDbEntity
  8
0
100
AcDbLine
 10
11520.0
 20
13350.0
 30
0.0
 11
12520.0
 21
13350.0
 31
0.0
  0
INSERT
  5
4CE
330
4C9
100
AcDbEntity
  8
A-DIMS
100
AcDbBlockReference
  2
_OBLIQUE
 10
12400.0
 20
10000.0
 30
0.0
 41
120.0
 42
120.0
 50
90.0
  0
INSERT
  5
4D0
330
4C9
100
AcDbEntity
  8
A-DIMS
100
AcDbBlockReference
  2
_OBLIQUE
 10
12400.0
 20
13350.0
 30
0.0
 41
120.0
 42
120.0
 50
90.0
  0
LINE
  5
4D2
330
4C9
100
AcDbEntity
  8
0
100
AcDbLine
 10
12400.0
 20
10000.0
 30
0.0
 11
12400.0
 21
13350.0
 31
0.0
  0
MTEXT
  5
4D3
330
4C9
100
AcDbEntity
  8
A-DIMS
100
AcDbMText
 10
12250.0
 20
11675.0
 30
0.0
 40
180.0
 71
5
  1
3350
  7
OpenSansCondensed-Light
 50
90.0
  0
POINT
  5
4D4
330
4C9
100
AcDbEntity
  8
Defpoints
100
AcDbPoint
 10
12400.0
 20
10000.0
 30
0.0
  0
POINT
  5
4D5
330
4C9
100
AcDbEntity
  8
Defpoints
100
AcDbPoint
 10
11400.0
 20
10000.0
 30
0.0
  0
POINT
  5
4D6
330
4C9
100
AcDbEntity
  8
Defpoints
100
AcDbPoint
 10
11400.0
 20
13350.0
 30
0.0
  0
ENDBLK
  5
4CB
330
4C9
100
AcDbEntity
  8
0
100
AcDbBlockEnd
  0
BLOCK
  5
4D9
330
4D8
100
AcDbEntity
  8
0
100
AcDbBlockBegin
  2
*D50
 70
1
 10
0.0
 20
0.0
 30
0.0
  3
*D50
  1

  0
LINE
  5
4DB
330
4D8
100
AcDbEntity
  8
0
100
AcDbLine
 10
11520.0
 20
0.0
 30
0.0
 11
12970.0
 21
0.0
 31
0.0
  0
LINE
  5
4DC
330
4D8
100
AcDbEntity
  8
0
100
AcDbLine
 10
11520.0
 20
13350.0
 30
0.0
 11
12970.0
 21
13350.0
 31
0.0
  0
INSERT
  5
4DD
330
4D8
100
AcDbEntity
  8
A-DIMS
100
AcDbBlockReference
  2
_OBLIQUE
 10
12850.0
 20
0.0
 30
0.0
 41
120.0
 42
120.0
 50
90.0
  0
INSERT
  5
4DF
330
4D8
100
AcDbEntity
  8
A-DIMS
100
AcDbBlockReference
  2
_OBLIQUE
 10
12850.0
 20
13350.0
 30
0.0
 41
120.0
 42
120.0
 50
90.0
  0
LINE
  5
4E1
330
4D8
100
AcDbEntity
  8
0
100
AcDbLine
 10
12850.0
 20
0.0
 30
0.0
 11
12850.0
 21
13350.0
 31
0.0
  0
MTEXT
  5
4E2
330
4D8
100
AcDbEntity
  8
A-DIMS
100
AcDbMText
 10
12700.0
 20
6675.0
 30
0.0
 40
180.0
 71
5
  1
13350
  7
OpenSansCondensed-Light
 50
90.0
  0
POINT
  5
4E3
330
4D8
100
AcDbEntity
  8
Defpoints
100
AcDbPoint
 10
12850.0
 20
0.0
 30
0.0
  0
POINT
  5
4E4
330
4D8
100
AcDbEntity
  8
Defpoints
100
AcDbPoint
 10
11400.0
 20
0.0
 30
0.0
  0
POINT
  5
4E5
330
4D8
100
AcDbEntity
  8
Defpoints
100
AcDbPoint
 10
11400.0
 20
13350.0
 30
0.0
  0
ENDBLK
  5
4DA
330
4D8
100
AcDbEntity
  8
0
100
AcDbBlockEnd
  0
BLOCK
  5
516
330
515
100
AcDbEntity
  8
0
100
AcDbBlockBegin
  2
*Paper_Space0
 70
0
 10
0.0
 20
0.0
 30
0.0
  3
*Paper_Space0
  1

  0
VIEWPORT
  5
519
330
515
100
AcDbEntity
 67
1
  8
VIEWPORTS
100
AcDbViewport
 10
200.0
 20
138.5
 30
0.0
 40
462.00000000000006
 41
326.70000000000005
 68
1
 69
1
 12
200.0
 22
138.5
 13
0.0
 23
0.0
 14
10.0
 24
10.0
 15
10.0
 25
10.0
 16
0.0
 26
0.0
 36
1.0
 17
0.0
 27
0.0
 37
0.0
 42
50.0
 43
0.0
 44
0.0
 45
326.70000000000005
 50
0.0
 51
0.0
 72
100
 90
557088
  1

281
0
 71
0
 74
0
110
0.0
120
0.0
130
0.0
111
1.0
121
0.0
131
0.0
112
0.0
122
1.0
132
0.0
 79
0
146
0.0
282
0
  0
VIEWPORT
  5
51A
330
515
100
AcDbEntity
 67
1
  8
VIEWPORTS
100
AcDbViewport
 10
140.0
 20
145.0
 30
0.0
 40
240.0
 41
230.0
 68
2
 69
3
 12
5700.0
 22
6675.0
 13
0.0
 23
0.0
 14
10.0
 24
10.0
 15
10.0
 25
10.0
 16
0.0
 26
0.0
 36
1.0
 17
0.0
 27
0.0
 37
0.0
 42
50.0
 43
0.0
 44
0.0
 45
22350.0
 50
0.0
 51
0.0
 72
100
 90
0
  1

281
0
 71
0
 74
0
110
0.0
120
0.0
130
0.0
111
1.0
121
0.0
131
0.0
112
0.0
122
1.0
132
0.0
 79
0
146
0.0
282
0
  0
TEXT
  5
51B
330
515
100
AcDbEntity
 67
1
  8
0
100
AcDbText
 10
268.0
 20
255.0
 30
0.0
 40
4.0
  1
FLOORFORGE / PRELIMINARY
 11
268.0
 21
255.0
 31
0.0
100
AcDbText
  0
ENDBLK
  5
517
330
515
100
AcDbEntity
  8
0
100
AcDbBlockEnd
  0
BLOCK
  5
638
330
637
100
AcDbEntity
  8
0
100
AcDbBlockBegin
  2
*D51
 70
1
 10
0.0
 20
0.0
 30
0.0
  3
*D51
  1

  0
LINE
  5
63A
330
637
100
AcDbEntity
  8
0
100
AcDbLine
 10
23400.0
 20
-120.0
 30
0.0
 11
23400.0
 21
-2770.0
 31
0.0
  0
LINE
  5
63B
330
637
100
AcDbEntity
  8
0
100
AcDbLine
 10
28975.0
 20
-120.0
 30
0.0
 11
28975.0
 21
-2770.0
 31
0.0
  0
INSERT
  5
63C
330
637
100
AcDbEntity
  8
A-DIMS
100
AcDbBlockReference
  2
_OBLIQUE
 10
23400.0
 20
-2650.0
 30
0.0
 41
120.0
 42
120.0
  0
INSERT
  5
63E
330
637
100
AcDbEntity
  8
A-DIMS
100
AcDbBlockReference
  2
_OBLIQUE
 10
28975.0
 20
-2650.0
 30
0.0
 41
120.0
 42
120.0
  0
LINE
  5
640
330
637
100
AcDbEntity
  8
0
100
AcDbLine
 10
23400.0
 20
-2650.0
 30
0.0
 11
28975.0
 21
-2650.0
 31
0.0
  0
MTEXT
  5
641
330
637
100
AcDbEntity
  8
A-DIMS
100
AcDbMText
 10
26187.5
 20
-2500.0
 30
0.0
 40
180.0
 71
5
  1
5575
  7
OpenSansCondensed-Light
  0
POINT
  5
642
330
637
100
AcDbEntity
  8
Defpoints
100
AcDbPoint
 10
23400.0
 20
-2650.0
 30
0.0
  0
POINT
  5
643
330
637
100
AcDbEntity
  8
Defpoints
100
AcDbPoint
 10
23400.0
 20
0.0
 30
0.0
  0
POINT
  5
644
330
637
100
AcDbEntity
  8
Defpoints
100
AcDbPoint
 10
28975.0
 20
0.0
 30
0.0
  0
ENDBLK
  5
639
330
637
100
AcDbEntity
  8
0
100
AcDbBlockEnd
  0
BLOCK
  5
647
330
646
100
AcDbEntity
  8
0
100
AcDbBlockBegin
  2
*D52
 70
1
 10
0.0
 20
0.0
 30
0.0
  3
*D52
  1

  0
LINE
  5
649
330
646
100
AcDbEntity
  8
0
100
AcDbLine
 10
28975.0
 20
-120.0
 30
0.0
 11
28975.0
 21
-2770.0
 31
0.0
  0
LINE
  5
64A
330
646
100
AcDbEntity
  8
0
100
AcDbLine
 10
31975.0
 20
-120.0
 30
0.0
 11
31975.0
 21
-2770.0
 31
0.0
  0
INSERT
  5
64B
330
646
100
AcDbEntity
  8
A-DIMS
100
AcDbBlockReference
  2
_OBLIQUE
 10
28975.0
 20
-2650.0
 30
0.0
 41
120.0
 42
120.0
  0
INSERT
  5
64D
330
646
100
AcDbEntity
  8
A-DIMS
100
AcDbBlockReference
  2
_OBLIQUE
 10
31975.0
 20
-2650.0
 30
0.0
 41
120.0
 42
120.0
  0
LINE
  5
64F
330
646
100
AcDbEntity
  8
0
100
AcDbLine
 10
28975.0
 20
-2650.0
 30
0.0
 11
31975.0
 21
-2650.0
 31
0.0
  0
MTEXT
  5
650
330
646
100
AcDbEntity
  8
A-DIMS
100
AcDbMText
 10
30475.0
 20
-2500.0
 30
0.0
 40
180.0
 71
5
  1
3000
  7
OpenSansCondensed-Light
  0
POINT
  5
651
330
646
100
AcDbEntity
  8
Defpoints
100
AcDbPoint
 10
28975.0
 20
-2650.0
 30
0.0
  0
POINT
  5
652
330
646
100
AcDbEntity
  8
Defpoints
100
AcDbPoint
 10
28975.0
 20
0.0
 30
0.0
  0
POINT
  5
653
330
646
100
AcDbEntity
  8
Defpoints
100
AcDbPoint
 10
31975.0
 20
0.0
 30
0.0
  0
ENDBLK
  5
648
330
646
100
AcDbEntity
  8
0
100
AcDbBlockEnd
  0
BLOCK
  5
656
330
655
100
AcDbEntity
  8
0
100
AcDbBlockBegin
  2
*D53
 70
1
 10
0.0
 20
0.0
 30
0.0
  3
*D53
  1

  0
LINE
  5
658
330
655
100
AcDbEntity
  8
0
100
AcDbLine
 10
31975.0
 20
-120.0
 30
0.0
 11
31975.0
 21
-2770.0
 31
0.0
  0
LINE
  5
659
330
655
100
AcDbEntity
  8
0
100
AcDbLine
 10
34800.0
 20
-120.0
 30
0.0
 11
34800.0
 21
-2770.0
 31
0.0
  0
INSERT
  5
65A
330
655
100
AcDbEntity
  8
A-DIMS
100
AcDbBlockReference
  2
_OBLIQUE
 10
31975.0
 20
-2650.0
 30
0.0
 41
120.0
 42
120.0
  0
INSERT
  5
65C
330
655
100
AcDbEntity
  8
A-DIMS
100
AcDbBlockReference
  2
_OBLIQUE
 10
34800.0
 20
-2650.0
 30
0.0
 41
120.0
 42
120.0
  0
LINE
  5
65E
330
655
100
AcDbEntity
  8
0
100
AcDbLine
 10
31975.0
 20
-2650.0
 30
0.0
 11
34800.0
 21
-2650.0
 31
0.0
  0
MTEXT
  5
65F
330
655
100
AcDbEntity
  8
A-DIMS
100
AcDbMText
 10
33387.5
 20
-2500.0
 30
0.0
 40
180.0
 71
5
  1
2825
  7
OpenSansCondensed-Light
  0
POINT
  5
660
330
655
100
AcDbEntity
  8
Defpoints
100
AcDbPoint
 10
31975.0
 20
-2650.0
 30
0.0
  0
POINT
  5
661
330
655
100
AcDbEntity
  8
Defpoints
100
AcDbPoint
 10
31975.0
 20
0.0
 30
0.0
  0
POINT
  5
662
330
655
100
AcDbEntity
  8
Defpoints
100
AcDbPoint
 10
34800.0
 20
0.0
 30
0.0
  0
ENDBLK
  5
657
330
655
100
AcDbEntity
  8
0
100
AcDbBlockEnd
  0
BLOCK
  5
665
330
664
100
AcDbEntity
  8
0
100
AcDbBlockBegin
  2
*D54
 70
1
 10
0.0
 20
0.0
 30
0.0
  3
*D54
  1

  0
LINE
  5
667
330
664
100
AcDbEntity
  8
0
100
AcDbLine
 10
23400.0
 20
-120.0
 30
0.0
 11
23400.0
 21
-3220.0
 31
0.0
  0
LINE
  5
668
330
664
100
AcDbEntity
  8
0
100
AcDbLine
 10
28650.0
 20
-120.0
 30
0.0
 11
28650.0
 21
-3220.0
 31
0.0
  0
INSERT
  5
669
330
664
100
AcDbEntity
  8
A-DIMS
100
AcDbBlockReference
  2
_OBLIQUE
 10
23400.0
 20
-3100.0
 30
0.0
 41
120.0
 42
120.0
  0
INSERT
  5
66B
330
664
100
AcDbEntity
  8
A-DIMS
100
AcDbBlockReference
  2
_OBLIQUE
 10
28650.0
 20
-3100.0
 30
0.0
 41
120.0
 42
120.0
  0
LINE
  5
66D
330
664
100
AcDbEntity
  8
0
100
AcDbLine
 10
23400.0
 20
-3100.0
 30
0.0
 11
28650.0
 21
-3100.0
 31
0.0
  0
MTEXT
  5
66E
330
664
100
AcDbEntity
  8
A-DIMS
100
AcDbMText
 10
26025.0
 20
-2950.0
 30
0.0
 40
180.0
 71
5
  1
5250
  7
OpenSansCondensed-Light
  0
POINT
  5
66F
330
664
100
AcDbEntity
  8
Defpoints
100
AcDbPoint
 10
23400.0
 20
-3100.0
 30
0.0
  0
POINT
  5
670
330
664
100
AcDbEntity
  8
Defpoints
100
AcDbPoint
 10
23400.0
 20
0.0
 30
0.0
  0
POINT
  5
671
330
664
100
AcDbEntity
  8
Defpoints
100
AcDbPoint
 10
28650.0
 20
0.0
 30
0.0
  0
ENDBLK
  5
666
330
664
100
AcDbEntity
  8
0
100
AcDbBlockEnd
  0
BLOCK
  5
674
330
673
100
AcDbEntity
  8
0
100
AcDbBlockBegin
  2
*D55
 70
1
 10
0.0
 20
0.0
 30
0.0
  3
*D55
  1

  0
LINE
  5
676
330
673
100
AcDbEntity
  8
0
100
AcDbLine
 10
28650.0
 20
-120.0
 30
0.0
 11
28650.0
 21
-3220.0
 31
0.0
  0
LINE
  5
677
330
673
100
AcDbEntity
  8
0
100
AcDbLine
 10
34800.0
 20
-120.0
 30
0.0
 11
34800.0
 21
-3220.0
 31
0.0
  0
INSERT
  5
678
330
673
100
AcDbEntity
  8
A-DIMS
100
AcDbBlockReference
  2
_OBLIQUE
 10
28650.0
 20
-3100.0
 30
0.0
 41
120.0
 42
120.0
  0
INSERT
  5
67A
330
673
100
AcDbEntity
  8
A-DIMS
100
AcDbBlockReference
  2
_OBLIQUE
 10
34800.0
 20
-3100.0
 30
0.0
 41
120.0
 42
120.0
  0
LINE
  5
67C
330
673
100
AcDbEntity
  8
0
100
AcDbLine
 10
28650.0
 20
-3100.0
 30
0.0
 11
34800.0
 21
-3100.0
 31
0.0
  0
MTEXT
  5
67D
330
673
100
AcDbEntity
  8
A-DIMS
100
AcDbMText
 10
31725.0
 20
-2950.0
 30
0.0
 40
180.0
 71
5
  1
6150
  7
OpenSansCondensed-Light
  0
POINT
  5
67E
330
673
100
AcDbEntity
  8
Defpoints
100
AcDbPoint
 10
28650.0
 20
-3100.0
 30
0.0
  0
POINT
  5
67F
330
673
100
AcDbEntity
  8
Defpoints
100
AcDbPoint
 10
28650.0
 20
0.0
 30
0.0
  0
POINT
  5
680
330
673
100
AcDbEntity
  8
Defpoints
100
AcDbPoint
 10
34800.0
 20
0.0
 30
0.0
  0
ENDBLK
  5
675
330
673
100
AcDbEntity
  8
0
100
AcDbBlockEnd
  0
BLOCK
  5
683
330
682
100
AcDbEntity
  8
0
100
AcDbBlockBegin
  2
*D56
 70
1
 10
0.0
 20
0.0
 30
0.0
  3
*D56
  1

  0
LINE
  5
685
330
682
100
AcDbEntity
  8
0
100
AcDbLine
 10
23400.0
 20
-120.0
 30
0.0
 11
23400.0
 21
-3670.0
 31
0.0
  0
LINE
  5
686
330
682
100
AcDbEntity
  8
0
100
AcDbLine
 10
34800.0
 20
-120.0
 30
0.0
 11
34800.0
 21
-3670.0
 31
0.0
  0
INSERT
  5
687
330
682
100
AcDbEntity
  8
A-DIMS
100
AcDbBlockReference
  2
_OBLIQUE
 10
23400.0
 20
-3550.0
 30
0.0
 41
120.0
 42
120.0
  0
INSERT
  5
689
330
682
100
AcDbEntity
  8
A-DIMS
100
AcDbBlockReference
  2
_OBLIQUE
 10
34800.0
 20
-3550.0
 30
0.0
 41
120.0
 42
120.0
  0
LINE
  5
68B
330
682
100
AcDbEntity
  8
0
100
AcDbLine
 10
23400.0
 20
-3550.0
 30
0.0
 11
34800.0
 21
-3550.0
 31
0.0
  0
MTEXT
  5
68C
330
682
100
AcDbEntity
  8
A-DIMS
100
AcDbMText
 10
29100.0
 20
-3400.0
 30
0.0
 40
180.0
 71
5
  1
11400
  7
OpenSansCondensed-Light
  0
POINT
  5
68D
330
682
100
AcDbEntity
  8
Defpoints
100
AcDbPoint
 10
23400.0
 20
-3550.0
 30
0.0
  0
POINT
  5
68E
330
682
100
AcDbEntity
  8
Defpoints
100
AcDbPoint
 10
23400.0
 20
0.0
 30
0.0
  0
POINT
  5
68F
330
682
100
AcDbEntity
  8
Defpoints
100
AcDbPoint
 10
34800.0
 20
0.0
 30
0.0
  0
ENDBLK
  5
684
330
682
100
AcDbEntity
  8
0
100
AcDbBlockEnd
  0
BLOCK
  5
692
330
691
100
AcDbEntity
  8
0
100
AcDbBlockBegin
  2
*D57
 70
1
 10
0.0
 20
0.0
 30
0.0
  3
*D57
  1

  0
LINE
  5
694
330
691
100
AcDbEntity
  8
0
100
AcDbLine
 10
23400.0
 20
13470.0
 30
0.0
 11
23400.0
 21
14020.0
 31
0.0
  0
LINE
  5
695
330
691
100
AcDbEntity
  8
0
100
AcDbLine
 10
24000.0
 20
13470.0
 30
0.0
 11
24000.0
 21
14020.0
 31
0.0
  0
INSERT
  5
696
330
691
100
AcDbEntity
  8
A-DIMS
100
AcDbBlockReference
  2
_OBLIQUE
 10
23400.0
 20
13900.0
 30
0.0
 41
120.0
 42
120.0
  0
INSERT
  5
698
330
691
100
AcDbEntity
  8
A-DIMS
100
AcDbBlockReference
  2
_OBLIQUE
 10
24000.0
 20
13900.0
 30
0.0
 41
120.0
 42
120.0
  0
LINE
  5
69A
330
691
100
AcDbEntity
  8
0
100
AcDbLine
 10
23400.0
 20
13900.0
 30
0.0
 11
24000.0
 21
13900.0
 31
0.0
  0
MTEXT
  5
69B
330
691
100
AcDbEntity
  8
A-DIMS
100
AcDbMText
 10
23700.0
 20
14050.0
 30
0.0
 40
180.0
 71
5
  1
600
  7
OpenSansCondensed-Light
  0
POINT
  5
69C
330
691
100
AcDbEntity
  8
Defpoints
100
AcDbPoint
 10
23400.0
 20
13900.0
 30
0.0
  0
POINT
  5
69D
330
691
100
AcDbEntity
  8
Defpoints
100
AcDbPoint
 10
23400.0
 20
13350.0
 30
0.0
  0
POINT
  5
69E
330
691
100
AcDbEntity
  8
Defpoints
100
AcDbPoint
 10
24000.0
 20
13350.0
 30
0.0
  0
ENDBLK
  5
693
330
691
100
AcDbEntity
  8
0
100
AcDbBlockEnd
  0
BLOCK
  5
6A1
330
6A0
100
AcDbEntity
  8
0
100
AcDbBlockBegin
  2
*D58
 70
1
 10
0.0
 20
0.0
 30
0.0
  3
*D58
  1

  0
LINE
  5
6A3
330
6A0
100
AcDbEntity
  8
0
100
AcDbLine
 10
24000.0
 20
13470.0
 30
0.0
 11
24000.0
 21
14020.0
 31
0.0
  0
LINE
  5
6A4
330
6A0
100
AcDbEntity
  8
0
100
AcDbLine
 10
25200.0
 20
13470.0
 30
0.0
 11
25200.0
 21
14020.0
 31
0.0
  0
INSERT
  5
6A5
330
6A0
100
AcDbEntity
  8
A-DIMS
100
AcDbBlockReference
  2
_OBLIQUE
 10
24000.0
 20
13900.0
 30
0.0
 41
120.0
 42
120.0
  0
INSERT
  5
6A7
330
6A0
100
AcDbEntity
  8
A-DIMS
100
AcDbBlockReference
  2
_OBLIQUE
 10
25200.0
 20
13900.0
 30
0.0
 41
120.0
 42
120.0
  0
LINE
  5
6A9
330
6A0
100
AcDbEntity
  8
0
100
AcDbLine
 10
24000.0
 20
13900.0
 30
0.0
 11
25200.0
 21
13900.0
 31
0.0
  0
MTEXT
  5
6AA
330
6A0
100
AcDbEntity
  8
A-DIMS
100
AcDbMText
 10
24600.0
 20
14050.0
 30
0.0
 40
180.0
 71
5
  1
1200
  7
OpenSansCondensed-Light
  0
POINT
  5
6AB
330
6A0
100
AcDbEntity
  8
Defpoints
100
AcDbPoint
 10
24000.0
 20
13900.0
 30
0.0
  0
POINT
  5
6AC
330
6A0
100
AcDbEntity
  8
Defpoints
100
AcDbPoint
 10
24000.0
 20
13350.0
 30
0.0
  0
POINT
  5
6AD
330
6A0
100
AcDbEntity
  8
Defpoints
100
AcDbPoint
 10
25200.0
 20
13350.0
 30
0.0
  0
ENDBLK
  5
6A2
330
6A0
100
AcDbEntity
  8
0
100
AcDbBlockEnd
  0
BLOCK
  5
6B0
330
6AF
100
AcDbEntity
  8
0
100
AcDbBlockBegin
  2
*D59
 70
1
 10
0.0
 20
0.0
 30
0.0
  3
*D59
  1

  0
LINE
  5
6B2
330
6AF
100
AcDbEntity
  8
0
100
AcDbLine
 10
25200.0
 20
13470.0
 30
0.0
 11
25200.0
 21
14020.0
 31
0.0
  0
LINE
  5
6B3
330
6AF
100
AcDbEntity
  8
0
100
AcDbLine
 10
26400.0
 20
13470.0
 30
0.0
 11
26400.0
 21
14020.0
 31
0.0
  0
INSERT
  5
6B4
330
6AF
100
AcDbEntity
  8
A-DIMS
100
AcDbBlockReference
  2
_OBLIQUE
 10
25200.0
 20
13900.0
 30
0.0
 41
120.0
 42
120.0
  0
INSERT
  5
6B6
330
6AF
100
AcDbEntity
  8
A-DIMS
100
AcDbBlockReference
  2
_OBLIQUE
 10
26400.0
 20
13900.0
 30
0.0
 41
120.0
 42
120.0
  0
LINE
  5
6B8
330
6AF
100
AcDbEntity
  8
0
100
AcDbLine
 10
25200.0
 20
13900.0
 30
0.0
 11
26400.0
 21
13900.0
 31
0.0
  0
MTEXT
  5
6B9
330
6AF
100
AcDbEntity
  8
A-DIMS
100
AcDbMText
 10
25800.0
 20
14050.0
 30
0.0
 40
180.0
 71
5
  1
1200
  7
OpenSansCondensed-Light
  0
POINT
  5
6BA
330
6AF
100
AcDbEntity
  8
Defpoints
100
AcDbPoint
 10
25200.0
 20
13900.0
 30
0.0
  0
POINT
  5
6BB
330
6AF
100
AcDbEntity
  8
Defpoints
100
AcDbPoint
 10
25200.0
 20
13350.0
 30
0.0
  0
POINT
  5
6BC
330
6AF
100
AcDbEntity
  8
Defpoints
100
AcDbPoint
 10
26400.0
 20
13350.0
 30
0.0
  0
ENDBLK
  5
6B1
330
6AF
100
AcDbEntity
  8
0
100
AcDbBlockEnd
  0
BLOCK
  5
6BF
330
6BE
100
AcDbEntity
  8
0
100
AcDbBlockBegin
  2
*D60
 70
1
 10
0.0
 20
0.0
 30
0.0
  3
*D60
  1

  0
LINE
  5
6C1
330
6BE
100
AcDbEntity
  8
0
100
AcDbLine
 10
26400.0
 20
13470.0
 30
0.0
 11
26400.0
 21
14020.0
 31
0.0
  0
LINE
  5
6C2
330
6BE
100
AcDbEntity
  8
0
100
AcDbLine
 10
27300.0
 20
13470.0
 30
0.0
 11
27300.0
 21
14020.0
 31
0.0
  0
INSERT
  5
6C3
330
6BE
100
AcDbEntity
  8
A-DIMS
100
AcDbBlockReference
  2
_OBLIQUE
 10
26400.0
 20
13900.0
 30
0.0
 41
120.0
 42
120.0
  0
INSERT
  5
6C5
330
6BE
100
AcDbEntity
  8
A-DIMS
100
AcDbBlockReference
  2
_OBLIQUE
 10
27300.0
 20
13900.0
 30
0.0
 41
120.0
 42
120.0
  0
LINE
  5
6C7
330
6BE
100
AcDbEntity
  8
0
100
AcDbLine
 10
26400.0
 20
13900.0
 30
0.0
 11
27300.0
 21
13900.0
 31
0.0
  0
MTEXT
  5
6C8
330
6BE
100
AcDbEntity
  8
A-DIMS
100
AcDbMText
 10
26850.0
 20
14050.0
 30
0.0
 40
180.0
 71
5
  1
900
  7
OpenSansCondensed-Light
  0
POINT
  5
6C9
330
6BE
100
AcDbEntity
  8
Defpoints
100
AcDbPoint
 10
26400.0
 20
13900.0
 30
0.0
  0
POINT
  5
6CA
330
6BE
100
AcDbEntity
  8
Defpoints
100
AcDbPoint
 10
26400.0
 20
13350.0
 30
0.0
  0
POINT
  5
6CB
330
6BE
100
AcDbEntity
  8
Defpoints
100
AcDbPoint
 10
27300.0
 20
13350.0
 30
0.0
  0
ENDBLK
  5
6C0
330
6BE
100
AcDbEntity
  8
0
100
AcDbBlockEnd
  0
BLOCK
  5
6CE
330
6CD
100
AcDbEntity
  8
0
100
AcDbBlockBegin
  2
*D61
 70
1
 10
0.0
 20
0.0
 30
0.0
  3
*D61
  1

  0
LINE
  5
6D0
330
6CD
100
AcDbEntity
  8
0
100
AcDbLine
 10
27300.0
 20
13470.0
 30
0.0
 11
27300.0
 21
14020.0
 31
0.0
  0
LINE
  5
6D1
330
6CD
100
AcDbEntity
  8
0
100
AcDbLine
 10
28950.0
 20
13470.0
 30
0.0
 11
28950.0
 21
14020.0
 31
0.0
  0
INSERT
  5
6D2
330
6CD
100
AcDbEntity
  8
A-DIMS
100
AcDbBlockReference
  2
_OBLIQUE
 10
27300.0
 20
13900.0
 30
0.0
 41
120.0
 42
120.0
  0
INSERT
  5
6D4
330
6CD
100
AcDbEntity
  8
A-DIMS
100
AcDbBlockReference
  2
_OBLIQUE
 10
28950.0
 20
13900.0
 30
0.0
 41
120.0
 42
120.0
  0
LINE
  5
6D6
330
6CD
100
AcDbEntity
  8
0
100
AcDbLine
 10
27300.0
 20
13900.0
 30
0.0
 11
28950.0
 21
13900.0
 31
0.0
  0
MTEXT
  5
6D7
330
6CD
100
AcDbEntity
  8
A-DIMS
100
AcDbMText
 10
28125.0
 20
14050.0
 30
0.0
 40
180.0
 71
5
  1
1650
  7
OpenSansCondensed-Light
  0
POINT
  5
6D8
330
6CD
100
AcDbEntity
  8
Defpoints
100
AcDbPoint
 10
27300.0
 20
13900.0
 30
0.0
  0
POINT
  5
6D9
330
6CD
100
AcDbEntity
  8
Defpoints
100
AcDbPoint
 10
27300.0
 20
13350.0
 30
0.0
  0
POINT
  5
6DA
330
6CD
100
AcDbEntity
  8
Defpoints
100
AcDbPoint
 10
28950.0
 20
13350.0
 30
0.0
  0
ENDBLK
  5
6CF
330
6CD
100
AcDbEntity
  8
0
100
AcDbBlockEnd
  0
BLOCK
  5
6DD
330
6DC
100
AcDbEntity
  8
0
100
AcDbBlockBegin
  2
*D62
 70
1
 10
0.0
 20
0.0
 30
0.0
  3
*D62
  1

  0
LINE
  5
6DF
330
6DC
100
AcDbEntity
  8
0
100
AcDbLine
 10
28950.0
 20
13470.0
 30
0.0
 11
28950.0
 21
14020.0
 31
0.0
  0
LINE
  5
6E0
330
6DC
100
AcDbEntity
  8
0
100
AcDbLine
 10
31650.0
 20
13470.0
 30
0.0
 11
31650.0
 21
14020.0
 31
0.0
  0
INSERT
  5
6E1
330
6DC
100
AcDbEntity
  8
A-DIMS
100
AcDbBlockReference
  2
_OBLIQUE
 10
28950.0
 20
13900.0
 30
0.0
 41
120.0
 42
120.0
  0
INSERT
  5
6E3
330
6DC
100
AcDbEntity
  8
A-DIMS
100
AcDbBlockReference
  2
_OBLIQUE
 10
31650.0
 20
13900.0
 30
0.0
 41
120.0
 42
120.0
  0
LINE
  5
6E5
330
6DC
100
AcDbEntity
  8
0
100
AcDbLine
 10
28950.0
 20
13900.0
 30
0.0
 11
31650.0
 21
13900.0
 31
0.0
  0
MTEXT
  5
6E6
330
6DC
100
AcDbEntity
  8
A-DIMS
100
AcDbMText
 10
30300.0
 20
14050.0
 30
0.0
 40
180.0
 71
5
  1
2700
  7
OpenSansCondensed-Light
  0
POINT
  5
6E7
330
6DC
100
AcDbEntity
  8
Defpoints
100
AcDbPoint
 10
28950.0
 20
13900.0
 30
0.0
  0
POINT
  5
6E8
330
6DC
100
AcDbEntity
  8
Defpoints
100
AcDbPoint
 10
28950.0
 20
13350.0
 30
0.0
  0
POINT
  5
6E9
330
6DC
100
AcDbEntity
  8
Defpoints
100
AcDbPoint
 10
31650.0
 20
13350.0
 30
0.0
  0
ENDBLK
  5
6DE
330
6DC
100
AcDbEntity
  8
0
100
AcDbBlockEnd
  0
BLOCK
  5
6EC
330
6EB
100
AcDbEntity
  8
0
100
AcDbBlockBegin
  2
*D63
 70
1
 10
0.0
 20
0.0
 30
0.0
  3
*D63
  1

  0
LINE
  5
6EE
330
6EB
100
AcDbEntity
  8
0
100
AcDbLine
 10
31650.0
 20
13470.0
 30
0.0
 11
31650.0
 21
14020.0
 31
0.0
  0
LINE
  5
6EF
330
6EB
100
AcDbEntity
  8
0
100
AcDbLine
 10
33300.0
 20
13470.0
 30
0.0
 11
33300.0
 21
14020.0
 31
0.0
  0
INSERT
  5
6F0
330
6EB
100
AcDbEntity
  8
A-DIMS
100
AcDbBlockReference
  2
_OBLIQUE
 10
31650.0
 20
13900.0
 30
0.0
 41
120.0
 42
120.0
  0
INSERT
  5
6F2
330
6EB
100
AcDbEntity
  8
A-DIMS
100
AcDbBlockReference
  2
_OBLIQUE
 10
33300.0
 20
13900.0
 30
0.0
 41
120.0
 42
120.0
  0
LINE
  5
6F4
330
6EB
100
AcDbEntity
  8
0
100
AcDbLine
 10
31650.0
 20
13900.0
 30
0.0
 11
33300.0
 21
13900.0
 31
0.0
  0
MTEXT
  5
6F5
330
6EB
100
AcDbEntity
  8
A-DIMS
100
AcDbMText
 10
32475.0
 20
14050.0
 30
0.0
 40
180.0
 71
5
  1
1650
  7
OpenSansCondensed-Light
  0
POINT
  5
6F6
330
6EB
100
AcDbEntity
  8
Defpoints
100
AcDbPoint
 10
31650.0
 20
13900.0
 30
0.0
  0
POINT
  5
6F7
330
6EB
100
AcDbEntity
  8
Defpoints
100
AcDbPoint
 10
31650.0
 20
13350.0
 30
0.0
  0
POINT
  5
6F8
330
6EB
100
AcDbEntity
  8
Defpoints
100
AcDbPoint
 10
33300.0
 20
13350.0
 30
0.0
  0
ENDBLK
  5
6ED
330
6EB
100
AcDbEntity
  8
0
100
AcDbBlockEnd
  0
BLOCK
  5
6FB
330
6FA
100
AcDbEntity
  8
0
100
AcDbBlockBegin
  2
*D64
 70
1
 10
0.0
 20
0.0
 30
0.0
  3
*D64
  1

  0
LINE
  5
6FD
330
6FA
100
AcDbEntity
  8
0
100
AcDbLine
 10
33300.0
 20
13470.0
 30
0.0
 11
33300.0
 21
14020.0
 31
0.0
  0
LINE
  5
6FE
330
6FA
100
AcDbEntity
  8
0
100
AcDbLine
 10
34200.0
 20
13470.0
 30
0.0
 11
34200.0
 21
14020.0
 31
0.0
  0
INSERT
  5
6FF
330
6FA
100
AcDbEntity
  8
A-DIMS
100
AcDbBlockReference
  2
_OBLIQUE
 10
33300.0
 20
13900.0
 30
0.0
 41
120.0
 42
120.0
  0
INSERT
  5
701
330
6FA
100
AcDbEntity
  8
A-DIMS
100
AcDbBlockReference
  2
_OBLIQUE
 10
34200.0
 20
13900.0
 30
0.0
 41
120.0
 42
120.0
  0
LINE
  5
703
330
6FA
100
AcDbEntity
  8
0
100
AcDbLine
 10
33300.0
 20
13900.0
 30
0.0
 11
34200.0
 21
13900.0
 31
0.0
  0
MTEXT
  5
704
330
6FA
100
AcDbEntity
  8
A-DIMS
100
AcDbMText
 10
33750.0
 20
14050.0
 30
0.0
 40
180.0
 71
5
  1
900
  7
OpenSansCondensed-Light
  0
POINT
  5
705
330
6FA
100
AcDbEntity
  8
Defpoints
100
AcDbPoint
 10
33300.0
 20
13900.0
 30
0.0
  0
POINT
  5
706
330
6FA
100
AcDbEntity
  8
Defpoints
100
AcDbPoint
 10
33300.0
 20
13350.0
 30
0.0
  0
POINT
  5
707
330
6FA
100
AcDbEntity
  8
Defpoints
100
AcDbPoint
 10
34200.0
 20
13350.0
 30
0.0
  0
ENDBLK
  5
6FC
330
6FA
100
AcDbEntity
  8
0
100
AcDbBlockEnd
  0
BLOCK
  5
70A
330
709
100
AcDbEntity
  8
0
100
AcDbBlockBegin
  2
*D65
 70
1
 10
0.0
 20
0.0
 30
0.0
  3
*D65
  1

  0
LINE
  5
70C
330
709
100
AcDbEntity
  8
0
100
AcDbLine
 10
34200.0
 20
13470.0
 30
0.0
 11
34200.0
 21
14020.0
 31
0.0
  0
LINE
  5
70D
330
709
100
AcDbEntity
  8
0
100
AcDbLine
 10
34800.0
 20
13470.0
 30
0.0
 11
34800.0
 21
14020.0
 31
0.0
  0
INSERT
  5
70E
330
709
100
AcDbEntity
  8
A-DIMS
100
AcDbBlockReference
  2
_OBLIQUE
 10
34200.0
 20
13900.0
 30
0.0
 41
120.0
 42
120.0
  0
INSERT
  5
710
330
709
100
AcDbEntity
  8
A-DIMS
100
AcDbBlockReference
  2
_OBLIQUE
 10
34800.0
 20
13900.0
 30
0.0
 41
120.0
 42
120.0
  0
LINE
  5
712
330
709
100
AcDbEntity
  8
0
100
AcDbLine
 10
34200.0
 20
13900.0
 30
0.0
 11
34800.0
 21
13900.0
 31
0.0
  0
MTEXT
  5
713
330
709
100
AcDbEntity
  8
A-DIMS
100
AcDbMText
 10
34500.0
 20
14050.0
 30
0.0
 40
180.0
 71
5
  1
600
  7
OpenSansCondensed-Light
  0
POINT
  5
714
330
709
100
AcDbEntity
  8
Defpoints
100
AcDbPoint
 10
34200.0
 20
13900.0
 30
0.0
  0
POINT
  5
715
330
709
100
AcDbEntity
  8
Defpoints
100
AcDbPoint
 10
34200.0
 20
13350.0
 30
0.0
  0
POINT
  5
716
330
709
100
AcDbEntity
  8
Defpoints
100
AcDbPoint
 10
34800.0
 20
13350.0
 30
0.0
  0
ENDBLK
  5
70B
330
709
100
AcDbEntity
  8
0
100
AcDbBlockEnd
  0
BLOCK
  5
719
330
718
100
AcDbEntity
  8
0
100
AcDbBlockBegin
  2
*D66
 70
1
 10
0.0
 20
0.0
 30
0.0
  3
*D66
  1

  0
LINE
  5
71B
330
718
100
AcDbEntity
  8
0
100
AcDbLine
 10
23400.0
 20
13470.0
 30
0.0
 11
23400.0
 21
14470.0
 31
0.0
  0
LINE
  5
71C
330
718
100
AcDbEntity
  8
0
100
AcDbLine
 10
25800.0
 20
13470.0
 30
0.0
 11
25800.0
 21
14470.0
 31
0.0
  0
INSERT
  5
71D
330
718
100
AcDbEntity
  8
A-DIMS
100
AcDbBlockReference
  2
_OBLIQUE
 10
23400.0
 20
14350.0
 30
0.0
 41
120.0
 42
120.0
  0
INSERT
  5
71F
330
718
100
AcDbEntity
  8
A-DIMS
100
AcDbBlockReference
  2
_OBLIQUE
 10
25800.0
 20
14350.0
 30
0.0
 41
120.0
 42
120.0
  0
LINE
  5
721
330
718
100
AcDbEntity
  8
0
100
AcDbLine
 10
23400.0
 20
14350.0
 30
0.0
 11
25800.0
 21
14350.0
 31
0.0
  0
MTEXT
  5
722
330
718
100
AcDbEntity
  8
A-DIMS
100
AcDbMText
 10
24600.0
 20
14500.0
 30
0.0
 40
180.0
 71
5
  1
2400
  7
OpenSansCondensed-Light
  0
POINT
  5
723
330
718
100
AcDbEntity
  8
Defpoints
100
AcDbPoint
 10
23400.0
 20
14350.0
 30
0.0
  0
POINT
  5
724
330
718
100
AcDbEntity
  8
Defpoints
100
AcDbPoint
 10
23400.0
 20
13350.0
 30
0.0
  0
POINT
  5
725
330
718
100
AcDbEntity
  8
Defpoints
100
AcDbPoint
 10
25800.0
 20
13350.0
 30
0.0
  0
ENDBLK
  5
71A
330
718
100
AcDbEntity
  8
0
100
AcDbBlockEnd
  0
BLOCK
  5
728
330
727
100
AcDbEntity
  8
0
100
AcDbBlockBegin
  2
*D67
 70
1
 10
0.0
 20
0.0
 30
0.0
  3
*D67
  1

  0
LINE
  5
72A
330
727
100
AcDbEntity
  8
0
100
AcDbLine
 10
25800.0
 20
13470.0
 30
0.0
 11
25800.0
 21
14470.0
 31
0.0
  0
LINE
  5
72B
330
727
100
AcDbEntity
  8
0
100
AcDbLine
 10
27900.0
 20
13470.0
 30
0.0
 11
27900.0
 21
14470.0
 31
0.0
  0
INSERT
  5
72C
330
727
100
AcDbEntity
  8
A-DIMS
100
AcDbBlockReference
  2
_OBLIQUE
 10
25800.0
 20
14350.0
 30
0.0
 41
120.0
 42
120.0
  0
INSERT
  5
72E
330
727
100
AcDbEntity
  8
A-DIMS
100
AcDbBlockReference
  2
_OBLIQUE
 10
27900.0
 20
14350.0
 30
0.0
 41
120.0
 42
120.0
  0
LINE
  5
730
330
727
100
AcDbEntity
  8
0
100
AcDbLine
 10
25800.0
 20
14350.0
 30
0.0
 11
27900.0
 21
14350.0
 31
0.0
  0
MTEXT
  5
731
330
727
100
AcDbEntity
  8
A-DIMS
100
AcDbMText
 10
26850.0
 20
14500.0
 30
0.0
 40
180.0
 71
5
  1
2100
  7
OpenSansCondensed-Light
  0
POINT
  5
732
330
727
100
AcDbEntity
  8
Defpoints
100
AcDbPoint
 10
25800.0
 20
14350.0
 30
0.0
  0
POINT
  5
733
330
727
100
AcDbEntity
  8
Defpoints
100
AcDbPoint
 10
25800.0
 20
13350.0
 30
0.0
  0
POINT
  5
734
330
727
100
AcDbEntity
  8
Defpoints
100
AcDbPoint
 10
27900.0
 20
13350.0
 30
0.0
  0
ENDBLK
  5
729
330
727
100
AcDbEntity
  8
0
100
AcDbBlockEnd
  0
BLOCK
  5
737
330
736
100
AcDbEntity
  8
0
100
AcDbBlockBegin
  2
*D68
 70
1
 10
0.0
 20
0.0
 30
0.0
  3
*D68
  1

  0
LINE
  5
739
330
736
100
AcDbEntity
  8
0
100
AcDbLine
 10
27900.0
 20
13470.0
 30
0.0
 11
27900.0
 21
14470.0
 31
0.0
  0
LINE
  5
73A
330
736
100
AcDbEntity
  8
0
100
AcDbLine
 10
32700.0
 20
13470.0
 30
0.0
 11
32700.0
 21
14470.0
 31
0.0
  0
INSERT
  5
73B
330
736
100
AcDbEntity
  8
A-DIMS
100
AcDbBlockReference
  2
_OBLIQUE
 10
27900.0
 20
14350.0
 30
0.0
 41
120.0
 42
120.0
  0
INSERT
  5
73D
330
736
100
AcDbEntity
  8
A-DIMS
100
AcDbBlockReference
  2
_OBLIQUE
 10
32700.0
 20
14350.0
 30
0.0
 41
120.0
 42
120.0
  0
LINE
  5
73F
330
736
100
AcDbEntity
  8
0
100
AcDbLine
 10
27900.0
 20
14350.0
 30
0.0
 11
32700.0
 21
14350.0
 31
0.0
  0
MTEXT
  5
740
330
736
100
AcDbEntity
  8
A-DIMS
100
AcDbMText
 10
30300.0
 20
14500.0
 30
0.0
 40
180.0
 71
5
  1
4800
  7
OpenSansCondensed-Light
  0
POINT
  5
741
330
736
100
AcDbEntity
  8
Defpoints
100
AcDbPoint
 10
27900.0
 20
14350.0
 30
0.0
  0
POINT
  5
742
330
736
100
AcDbEntity
  8
Defpoints
100
AcDbPoint
 10
27900.0
 20
13350.0
 30
0.0
  0
POINT
  5
743
330
736
100
AcDbEntity
  8
Defpoints
100
AcDbPoint
 10
32700.0
 20
13350.0
 30
0.0
  0
ENDBLK
  5
738
330
736
100
AcDbEntity
  8
0
100
AcDbBlockEnd
  0
BLOCK
  5
746
330
745
100
AcDbEntity
  8
0
100
AcDbBlockBegin
  2
*D69
 70
1
 10
0.0
 20
0.0
 30
0.0
  3
*D69
  1

  0
LINE
  5
748
330
745
100
AcDbEntity
  8
0
100
AcDbLine
 10
32700.0
 20
13470.0
 30
0.0
 11
32700.0
 21
14470.0
 31
0.0
  0
LINE
  5
749
330
745
100
AcDbEntity
  8
0
100
AcDbLine
 10
34800.0
 20
13470.0
 30
0.0
 11
34800.0
 21
14470.0
 31
0.0
  0
INSERT
  5
74A
330
745
100
AcDbEntity
  8
A-DIMS
100
AcDbBlockReference
  2
_OBLIQUE
 10
32700.0
 20
14350.0
 30
0.0
 41
120.0
 42
120.0
  0
INSERT
  5
74C
330
745
100
AcDbEntity
  8
A-DIMS
100
AcDbBlockReference
  2
_OBLIQUE
 10
34800.0
 20
14350.0
 30
0.0
 41
120.0
 42
120.0
  0
LINE
  5
74E
330
745
100
AcDbEntity
  8
0
100
AcDbLine
 10
32700.0
 20
14350.0
 30
0.0
 11
34800.0
 21
14350.0
 31
0.0
  0
MTEXT
  5
74F
330
745
100
AcDbEntity
  8
A-DIMS
100
AcDbMText
 10
33750.0
 20
14500.0
 30
0.0
 40
180.0
 71
5
  1
2100
  7
OpenSansCondensed-Light
  0
POINT
  5
750
330
745
100
AcDbEntity
  8
Defpoints
100
AcDbPoint
 10
32700.0
 20
14350.0
 30
0.0
  0
POINT
  5
751
330
745
100
AcDbEntity
  8
Defpoints
100
AcDbPoint
 10
32700.0
 20
13350.0
 30
0.0
  0
POINT
  5
752
330
745
100
AcDbEntity
  8
Defpoints
100
AcDbPoint
 10
34800.0
 20
13350.0
 30
0.0
  0
ENDBLK
  5
747
330
745
100
AcDbEntity
  8
0
100
AcDbBlockEnd
  0
BLOCK
  5
755
330
754
100
AcDbEntity
  8
0
100
AcDbBlockBegin
  2
*D70
 70
1
 10
0.0
 20
0.0
 30
0.0
  3
*D70
  1

  0
LINE
  5
757
330
754
100
AcDbEntity
  8
0
100
AcDbLine
 10
23400.0
 20
13470.0
 30
0.0
 11
23400.0
 21
14920.0
 31
0.0
  0
LINE
  5
758
330
754
100
AcDbEntity
  8
0
100
AcDbLine
 10
34800.0
 20
13470.0
 30
0.0
 11
34800.0
 21
14920.0
 31
0.0
  0
INSERT
  5
759
330
754
100
AcDbEntity
  8
A-DIMS
100
AcDbBlockReference
  2
_OBLIQUE
 10
23400.0
 20
14800.0
 30
0.0
 41
120.0
 42
120.0
  0
INSERT
  5
75B
330
754
100
AcDbEntity
  8
A-DIMS
100
AcDbBlockReference
  2
_OBLIQUE
 10
34800.0
 20
14800.0
 30
0.0
 41
120.0
 42
120.0
  0
LINE
  5
75D
330
754
100
AcDbEntity
  8
0
100
AcDbLine
 10
23400.0
 20
14800.0
 30
0.0
 11
34800.0
 21
14800.0
 31
0.0
  0
MTEXT
  5
75E
330
754
100
AcDbEntity
  8
A-DIMS
100
AcDbMText
 10
29100.0
 20
14950.0
 30
0.0
 40
180.0
 71
5
  1
11400
  7
OpenSansCondensed-Light
  0
POINT
  5
75F
330
754
100
AcDbEntity
  8
Defpoints
100
AcDbPoint
 10
23400.0
 20
14800.0
 30
0.0
  0
POINT
  5
760
330
754
100
AcDbEntity
  8
Defpoints
100
AcDbPoint
 10
23400.0
 20
13350.0
 30
0.0
  0
POINT
  5
761
330
754
100
AcDbEntity
  8
Defpoints
100
AcDbPoint
 10
34800.0
 20
13350.0
 30
0.0
  0
ENDBLK
  5
756
330
754
100
AcDbEntity
  8
0
100
AcDbBlockEnd
  0
BLOCK
  5
764
330
763
100
AcDbEntity
  8
0
100
AcDbBlockBegin
  2
*D71
 70
1
 10
0.0
 20
0.0
 30
0.0
  3
*D71
  1

  0
LINE
  5
766
330
763
100
AcDbEntity
  8
0
100
AcDbLine
 10
23280.0
 20
0.0
 30
0.0
 11
22730.0
 21
0.0
 31
0.0
  0
LINE
  5
767
330
763
100
AcDbEntity
  8
0
100
AcDbLine
 10
23280.0
 20
1950.0
 30
0.0
 11
22730.0
 21
1950.0
 31
0.0
  0
INSERT
  5
768
330
763
100
AcDbEntity
  8
A-DIMS
100
AcDbBlockReference
  2
_OBLIQUE
 10
22850.0
 20
0.0
 30
0.0
 41
120.0
 42
120.0
 50
90.0
  0
INSERT
  5
76A
330
763
100
AcDbEntity
  8
A-DIMS
100
AcDbBlockReference
  2
_OBLIQUE
 10
22850.0
 20
1950.0
 30
0.0
 41
120.0
 42
120.0
 50
90.0
  0
LINE
  5
76C
330
763
100
AcDbEntity
  8
0
100
AcDbLine
 10
22850.0
 20
0.0
 30
0.0
 11
22850.0
 21
1950.0
 31
0.0
  0
MTEXT
  5
76D
330
763
100
AcDbEntity
  8
A-DIMS
100
AcDbMText
 10
22700.0
 20
975.0
 30
0.0
 40
180.0
 71
5
  1
1950
  7
OpenSansCondensed-Light
 50
90.0
  0
POINT
  5
76E
330
763
100
AcDbEntity
  8
Defpoints
100
AcDbPoint
 10
22850.0
 20
0.0
 30
0.0
  0
POINT
  5
76F
330
763
100
AcDbEntity
  8
Defpoints
100
AcDbPoint
 10
23400.0
 20
0.0
 30
0.0
  0
POINT
  5
770
330
763
100
AcDbEntity
  8
Defpoints
100
AcDbPoint
 10
23400.0
 20
1950.0
 30
0.0
  0
ENDBLK
  5
765
330
763
100
AcDbEntity
  8
0
100
AcDbBlockEnd
  0
BLOCK
  5
773
330
772
100
AcDbEntity
  8
0
100
AcDbBlockBegin
  2
*D72
 70
1
 10
0.0
 20
0.0
 30
0.0
  3
*D72
  1

  0
LINE
  5
775
330
772
100
AcDbEntity
  8
0
100
AcDbLine
 10
23280.0
 20
1950.0
 30
0.0
 11
22730.0
 21
1950.0
 31
0.0
  0
LINE
  5
776
330
772
100
AcDbEntity
  8
0
100
AcDbLine
 10
23280.0
 20
4050.0
 30
0.0
 11
22730.0
 21
4050.0
 31
0.0
  0
INSERT
  5
777
330
772
100
AcDbEntity
  8
A-DIMS
100
AcDbBlockReference
  2
_OBLIQUE
 10
22850.0
 20
1950.0
 30
0.0
 41
120.0
 42
120.0
 50
90.0
  0
INSERT
  5
779
330
772
100
AcDbEntity
  8
A-DIMS
100
AcDbBlockReference
  2
_OBLIQUE
 10
22850.0
 20
4050.0
 30
0.0
 41
120.0
 42
120.0
 50
90.0
  0
LINE
  5
77B
330
772
100
AcDbEntity
  8
0
100
AcDbLine
 10
22850.0
 20
1950.0
 30
0.0
 11
22850.0
 21
4050.0
 31
0.0
  0
MTEXT
  5
77C
330
772
100
AcDbEntity
  8
A-DIMS
100
AcDbMText
 10
22700.0
 20
3000.0
 30
0.0
 40
180.0
 71
5
  1
2100
  7
OpenSansCondensed-Light
 50
90.0
  0
POINT
  5
77D
330
772
100
AcDbEntity
  8
Defpoints
100
AcDbPoint
 10
22850.0
 20
1950.0
 30
0.0
  0
POINT
  5
77E
330
772
100
AcDbEntity
  8
Defpoints
100
AcDbPoint
 10
23400.0
 20
1950.0
 30
0.0
  0
POINT
  5
77F
330
772
100
AcDbEntity
  8
Defpoints
100
AcDbPoint
 10
23400.0
 20
4050.0
 30
0.0
  0
ENDBLK
  5
774
330
772
100
AcDbEntity
  8
0
100
AcDbBlockEnd
  0
BLOCK
  5
782
330
781
100
AcDbEntity
  8
0
100
AcDbBlockBegin
  2
*D73
 70
1
 10
0.0
 20
0.0
 30
0.0
  3
*D73
  1

  0
LINE
  5
784
330
781
100
AcDbEntity
  8
0
100
AcDbLine
 10
23280.0
 20
4050.0
 30
0.0
 11
22730.0
 21
4050.0
 31
0.0
  0
LINE
  5
785
330
781
100
AcDbEntity
  8
0
100
AcDbLine
 10
23280.0
 20
6200.0
 30
0.0
 11
22730.0
 21
6200.0
 31
0.0
  0
INSERT
  5
786
330
781
100
AcDbEntity
  8
A-DIMS
100
AcDbBlockReference
  2
_OBLIQUE
 10
22850.0
 20
4050.0
 30
0.0
 41
120.0
 42
120.0
 50
90.0
  0
INSERT
  5
788
330
781
100
AcDbEntity
  8
A-DIMS
100
AcDbBlockReference
  2
_OBLIQUE
 10
22850.0
 20
6200.0
 30
0.0
 41
120.0
 42
120.0
 50
90.0
  0
LINE
  5
78A
330
781
100
AcDbEntity
  8
0
100
AcDbLine
 10
22850.0
 20
4050.0
 30
0.0
 11
22850.0
 21
6200.0
 31
0.0
  0
MTEXT
  5
78B
330
781
100
AcDbEntity
  8
A-DIMS
100
AcDbMText
 10
22700.0
 20
5125.0
 30
0.0
 40
180.0
 71
5
  1
2150
  7
OpenSansCondensed-Light
 50
90.0
  0
POINT
  5
78C
330
781
100
AcDbEntity
  8
Defpoints
100
AcDbPoint
 10
22850.0
 20
4050.0
 30
0.0
  0
POINT
  5
78D
330
781
100
AcDbEntity
  8
Defpoints
100
AcDbPoint
 10
23400.0
 20
4050.0
 30
0.0
  0
POINT
  5
78E
330
781
100
AcDbEntity
  8
Defpoints
100
AcDbPoint
 10
23400.0
 20
6200.0
 30
0.0
  0
ENDBLK
  5
783
330
781
100
AcDbEntity
  8
0
100
AcDbBlockEnd
  0
BLOCK
  5
791
330
790
100
AcDbEntity
  8
0
100
AcDbBlockBegin
  2
*D74
 70
1
 10
0.0
 20
0.0
 30
0.0
  3
*D74
  1

  0
LINE
  5
793
330
790
100
AcDbEntity
  8
0
100
AcDbLine
 10
23280.0
 20
6200.0
 30
0.0
 11
22730.0
 21
6200.0
 31
0.0
  0
LINE
  5
794
330
790
100
AcDbEntity
  8
0
100
AcDbLine
 10
23280.0
 20
8900.0
 30
0.0
 11
22730.0
 21
8900.0
 31
0.0
  0
INSERT
  5
795
330
790
100
AcDbEntity
  8
A-DIMS
100
AcDbBlockReference
  2
_OBLIQUE
 10
22850.0
 20
6200.0
 30
0.0
 41
120.0
 42
120.0
 50
90.0
  0
INSERT
  5
797
330
790
100
AcDbEntity
  8
A-DIMS
100
AcDbBlockReference
  2
_OBLIQUE
 10
22850.0
 20
8900.0
 30
0.0
 41
120.0
 42
120.0
 50
90.0
  0
LINE
  5
799
330
790
100
AcDbEntity
  8
0
100
AcDbLine
 10
22850.0
 20
6200.0
 30
0.0
 11
22850.0
 21
8900.0
 31
0.0
  0
MTEXT
  5
79A
330
790
100
AcDbEntity
  8
A-DIMS
100
AcDbMText
 10
22700.0
 20
7550.0
 30
0.0
 40
180.0
 71
5
  1
2700
  7
OpenSansCondensed-Light
 50
90.0
  0
POINT
  5
79B
330
790
100
AcDbEntity
  8
Defpoints
100
AcDbPoint
 10
22850.0
 20
6200.0
 30
0.0
  0
POINT
  5
79C
330
790
100
AcDbEntity
  8
Defpoints
100
AcDbPoint
 10
23400.0
 20
6200.0
 30
0.0
  0
POINT
  5
79D
330
790
100
AcDbEntity
  8
Defpoints
100
AcDbPoint
 10
23400.0
 20
8900.0
 30
0.0
  0
ENDBLK
  5
792
330
790
100
AcDbEntity
  8
0
100
AcDbBlockEnd
  0
BLOCK
  5
7A0
330
79F
100
AcDbEntity
  8
0
100
AcDbBlockBegin
  2
*D75
 70
1
 10
0.0
 20
0.0
 30
0.0
  3
*D75
  1

  0
LINE
  5
7A2
330
79F
100
AcDbEntity
  8
0
100
AcDbLine
 10
23280.0
 20
8900.0
 30
0.0
 11
22730.0
 21
8900.0
 31
0.0
  0
LINE
  5
7A3
330
79F
100
AcDbEntity
  8
0
100
AcDbLine
 10
23280.0
 20
11325.0
 30
0.0
 11
22730.0
 21
11325.0
 31
0.0
  0
INSERT
  5
7A4
330
79F
100
AcDbEntity
  8
A-DIMS
100
AcDbBlockReference
  2
_OBLIQUE
 10
22850.0
 20
8900.0
 30
0.0
 41
120.0
 42
120.0
 50
90.0
  0
INSERT
  5
7A6
330
79F
100
AcDbEntity
  8
A-DIMS
100
AcDbBlockReference
  2
_OBLIQUE
 10
22850.0
 20
11325.0
 30
0.0
 41
120.0
 42
120.0
 50
90.0
  0
LINE
  5
7A8
330
79F
100
AcDbEntity
  8
0
100
AcDbLine
 10
22850.0
 20
8900.0
 30
0.0
 11
22850.0
 21
11325.0
 31
0.0
  0
MTEXT
  5
7A9
330
79F
100
AcDbEntity
  8
A-DIMS
100
AcDbMText
 10
22700.0
 20
10112.5
 30
0.0
 40
180.0
 71
5
  1
2425
  7
OpenSansCondensed-Light
 50
90.0
  0
POINT
  5
7AA
330
79F
100
AcDbEntity
  8
Defpoints
100
AcDbPoint
 10
22850.0
 20
8900.0
 30
0.0
  0
POINT
  5
7AB
330
79F
100
AcDbEntity
  8
Defpoints
100
AcDbPoint
 10
23400.0
 20
8900.0
 30
0.0
  0
POINT
  5
7AC
330
79F
100
AcDbEntity
  8
Defpoints
100
AcDbPoint
 10
23400.0
 20
11325.0
 30
0.0
  0
ENDBLK
  5
7A1
330
79F
100
AcDbEntity
  8
0
100
AcDbBlockEnd
  0
BLOCK
  5
7AF
330
7AE
100
AcDbEntity
  8
0
100
AcDbBlockBegin
  2
*D76
 70
1
 10
0.0
 20
0.0
 30
0.0
  3
*D76
  1

  0
LINE
  5
7B1
330
7AE
100
AcDbEntity
  8
0
100
AcDbLine
 10
23280.0
 20
11325.0
 30
0.0
 11
22730.0
 21
11325.0
 31
0.0
  0
LINE
  5
7B2
330
7AE
100
AcDbEntity
  8
0
100
AcDbLine
 10
23280.0
 20
12675.0
 30
0.0
 11
22730.0
 21
12675.0
 31
0.0
  0
INSERT
  5
7B3
330
7AE
100
AcDbEntity
  8
A-DIMS
100
AcDbBlockReference
  2
_OBLIQUE
 10
22850.0
 20
11325.0
 30
0.0
 41
120.0
 42
120.0
 50
90.0
  0
INSERT
  5
7B5
330
7AE
100
AcDbEntity
  8
A-DIMS
100
AcDbBlockReference
  2
_OBLIQUE
 10
22850.0
 20
12675.0
 30
0.0
 41
120.0
 42
120.0
 50
90.0
  0
LINE
  5
7B7
330
7AE
100
AcDbEntity
  8
0
100
AcDbLine
 10
22850.0
 20
11325.0
 30
0.0
 11
22850.0
 21
12675.0
 31
0.0
  0
MTEXT
  5
7B8
330
7AE
100
AcDbEntity
  8
A-DIMS
100
AcDbMText
 10
22700.0
 20
12000.0
 30
0.0
 40
180.0
 71
5
  1
1350
  7
OpenSansCondensed-Light
 50
90.0
  0
POINT
  5
7B9
330
7AE
100
AcDbEntity
  8
Defpoints
100
AcDbPoint
 10
22850.0
 20
11325.0
 30
0.0
  0
POINT
  5
7BA
330
7AE
100
AcDbEntity
  8
Defpoints
100
AcDbPoint
 10
23400.0
 20
11325.0
 30
0.0
  0
POINT
  5
7BB
330
7AE
100
AcDbEntity
  8
Defpoints
100
AcDbPoint
 10
23400.0
 20
12675.0
 30
0.0
  0
ENDBLK
  5
7B0
330
7AE
100
AcDbEntity
  8
0
100
AcDbBlockEnd
  0
BLOCK
  5
7BE
330
7BD
100
AcDbEntity
  8
0
100
AcDbBlockBegin
  2
*D77
 70
1
 10
0.0
 20
0.0
 30
0.0
  3
*D77
  1

  0
LINE
  5
7C0
330
7BD
100
AcDbEntity
  8
0
100
AcDbLine
 10
23280.0
 20
12675.0
 30
0.0
 11
22730.0
 21
12675.0
 31
0.0
  0
LINE
  5
7C1
330
7BD
100
AcDbEntity
  8
0
100
AcDbLine
 10
23280.0
 20
13350.0
 30
0.0
 11
22730.0
 21
13350.0
 31
0.0
  0
INSERT
  5
7C2
330
7BD
100
AcDbEntity
  8
A-DIMS
100
AcDbBlockReference
  2
_OBLIQUE
 10
22850.0
 20
12675.0
 30
0.0
 41
120.0
 42
120.0
 50
90.0
  0
INSERT
  5
7C4
330
7BD
100
AcDbEntity
  8
A-DIMS
100
AcDbBlockReference
  2
_OBLIQUE
 10
22850.0
 20
13350.0
 30
0.0
 41
120.0
 42
120.0
 50
90.0
  0
LINE
  5
7C6
330
7BD
100
AcDbEntity
  8
0
100
AcDbLine
 10
22850.0
 20
12675.0
 30
0.0
 11
22850.0
 21
13350.0
 31
0.0
  0
MTEXT
  5
7C7
330
7BD
100
AcDbEntity
  8
A-DIMS
100
AcDbMText
 10
22700.0
 20
13012.5
 30
0.0
 40
180.0
 71
5
  1
675
  7
OpenSansCondensed-Light
 50
90.0
  0
POINT
  5
7C8
330
7BD
100
AcDbEntity
  8
Defpoints
100
AcDbPoint
 10
22850.0
 20
12675.0
 30
0.0
  0
POINT
  5
7C9
330
7BD
100
AcDbEntity
  8
Defpoints
100
AcDbPoint
 10
23400.0
 20
12675.0
 30
0.0
  0
POINT
  5
7CA
330
7BD
100
AcDbEntity
  8
Defpoints
100
AcDbPoint
 10
23400.0
 20
13350.0
 30
0.0
  0
ENDBLK
  5
7BF
330
7BD
100
AcDbEntity
  8
0
100
AcDbBlockEnd
  0
BLOCK
  5
7CD
330
7CC
100
AcDbEntity
  8
0
100
AcDbBlockBegin
  2
*D78
 70
1
 10
0.0
 20
0.0
 30
0.0
  3
*D78
  1

  0
LINE
  5
7CF
330
7CC
100
AcDbEntity
  8
0
100
AcDbLine
 10
23280.0
 20
0.0
 30
0.0
 11
22280.0
 21
0.0
 31
0.0
  0
LINE
  5
7D0
330
7CC
100
AcDbEntity
  8
0
100
AcDbLine
 10
23280.0
 20
1550.0
 30
0.0
 11
22280.0
 21
1550.0
 31
0.0
  0
INSERT
  5
7D1
330
7CC
100
AcDbEntity
  8
A-DIMS
100
AcDbBlockReference
  2
_OBLIQUE
 10
22400.0
 20
0.0
 30
0.0
 41
120.0
 42
120.0
 50
90.0
  0
INSERT
  5
7D3
330
7CC
100
AcDbEntity
  8
A-DIMS
100
AcDbBlockReference
  2
_OBLIQUE
 10
22400.0
 20
1550.0
 30
0.0
 41
120.0
 42
120.0
 50
90.0
  0
LINE
  5
7D5
330
7CC
100
AcDbEntity
  8
0
100
AcDbLine
 10
22400.0
 20
0.0
 30
0.0
 11
22400.0
 21
1550.0
 31
0.0
  0
MTEXT
  5
7D6
330
7CC
100
AcDbEntity
  8
A-DIMS
100
AcDbMText
 10
22250.0
 20
775.0
 30
0.0
 40
180.0
 71
5
  1
1550
  7
OpenSansCondensed-Light
 50
90.0
  0
POINT
  5
7D7
330
7CC
100
AcDbEntity
  8
Defpoints
100
AcDbPoint
 10
22400.0
 20
0.0
 30
0.0
  0
POINT
  5
7D8
330
7CC
100
AcDbEntity
  8
Defpoints
100
AcDbPoint
 10
23400.0
 20
0.0
 30
0.0
  0
POINT
  5
7D9
330
7CC
100
AcDbEntity
  8
Defpoints
100
AcDbPoint
 10
23400.0
 20
1550.0
 30
0.0
  0
ENDBLK
  5
7CE
330
7CC
100
AcDbEntity
  8
0
100
AcDbBlockEnd
  0
BLOCK
  5
7DC
330
7DB
100
AcDbEntity
  8
0
100
AcDbBlockBegin
  2
*D79
 70
1
 10
0.0
 20
0.0
 30
0.0
  3
*D79
  1

  0
LINE
  5
7DE
330
7DB
100
AcDbEntity
  8
0
100
AcDbLine
 10
23280.0
 20
1550.0
 30
0.0
 11
22280.0
 21
1550.0
 31
0.0
  0
LINE
  5
7DF
330
7DB
100
AcDbEntity
  8
0
100
AcDbLine
 10
23280.0
 20
4450.0
 30
0.0
 11
22280.0
 21
4450.0
 31
0.0
  0
INSERT
  5
7E0
330
7DB
100
AcDbEntity
  8
A-DIMS
100
AcDbBlockReference
  2
_OBLIQUE
 10
22400.0
 20
1550.0
 30
0.0
 41
120.0
 42
120.0
 50
90.0
  0
INSERT
  5
7E2
330
7DB
100
AcDbEntity
  8
A-DIMS
100
AcDbBlockReference
  2
_OBLIQUE
 10
22400.0
 20
4450.0
 30
0.0
 41
120.0
 42
120.0
 50
90.0
  0
LINE
  5
7E4
330
7DB
100
AcDbEntity
  8
0
100
AcDbLine
 10
22400.0
 20
1550.0
 30
0.0
 11
22400.0
 21
4450.0
 31
0.0
  0
MTEXT
  5
7E5
330
7DB
100
AcDbEntity
  8
A-DIMS
100
AcDbMText
 10
22250.0
 20
3000.0
 30
0.0
 40
180.0
 71
5
  1
2900
  7
OpenSansCondensed-Light
 50
90.0
  0
POINT
  5
7E6
330
7DB
100
AcDbEntity
  8
Defpoints
100
AcDbPoint
 10
22400.0
 20
1550.0
 30
0.0
  0
POINT
  5
7E7
330
7DB
100
AcDbEntity
  8
Defpoints
100
AcDbPoint
 10
23400.0
 20
1550.0
 30
0.0
  0
POINT
  5
7E8
330
7DB
100
AcDbEntity
  8
Defpoints
100
AcDbPoint
 10
23400.0
 20
4450.0
 30
0.0
  0
ENDBLK
  5
7DD
330
7DB
100
AcDbEntity
  8
0
100
AcDbBlockEnd
  0
BLOCK
  5
7EB
330
7EA
100
AcDbEntity
  8
0
100
AcDbBlockBegin
  2
*D80
 70
1
 10
0.0
 20
0.0
 30
0.0
  3
*D80
  1

  0
LINE
  5
7ED
330
7EA
100
AcDbEntity
  8
0
100
AcDbLine
 10
23280.0
 20
4450.0
 30
0.0
 11
22280.0
 21
4450.0
 31
0.0
  0
LINE
  5
7EE
330
7EA
100
AcDbEntity
  8
0
100
AcDbLine
 10
23280.0
 20
10650.0
 30
0.0
 11
22280.0
 21
10650.0
 31
0.0
  0
INSERT
  5
7EF
330
7EA
100
AcDbEntity
  8
A-DIMS
100
AcDbBlockReference
  2
_OBLIQUE
 10
22400.0
 20
4450.0
 30
0.0
 41
120.0
 42
120.0
 50
90.0
  0
INSERT
  5
7F1
330
7EA
100
AcDbEntity
  8
A-DIMS
100
AcDbBlockReference
  2
_OBLIQUE
 10
22400.0
 20
10650.0
 30
0.0
 41
120.0
 42
120.0
 50
90.0
  0
LINE
  5
7F3
330
7EA
100
AcDbEntity
  8
0
100
AcDbLine
 10
22400.0
 20
4450.0
 30
0.0
 11
22400.0
 21
10650.0
 31
0.0
  0
MTEXT
  5
7F4
330
7EA
100
AcDbEntity
  8
A-DIMS
100
AcDbMText
 10
22250.0
 20
7550.0
 30
0.0
 40
180.0
 71
5
  1
6200
  7
OpenSansCondensed-Light
 50
90.0
  0
POINT
  5
7F5
330
7EA
100
AcDbEntity
  8
Defpoints
100
AcDbPoint
 10
22400.0
 20
4450.0
 30
0.0
  0
POINT
  5
7F6
330
7EA
100
AcDbEntity
  8
Defpoints
100
AcDbPoint
 10
23400.0
 20
4450.0
 30
0.0
  0
POINT
  5
7F7
330
7EA
100
AcDbEntity
  8
Defpoints
100
AcDbPoint
 10
23400.0
 20
10650.0
 30
0.0
  0
ENDBLK
  5
7EC
330
7EA
100
AcDbEntity
  8
0
100
AcDbBlockEnd
  0
BLOCK
  5
7FA
330
7F9
100
AcDbEntity
  8
0
100
AcDbBlockBegin
  2
*D81
 70
1
 10
0.0
 20
0.0
 30
0.0
  3
*D81
  1

  0
LINE
  5
7FC
330
7F9
100
AcDbEntity
  8
0
100
AcDbLine
 10
23280.0
 20
10650.0
 30
0.0
 11
22280.0
 21
10650.0
 31
0.0
  0
LINE
  5
7FD
330
7F9
100
AcDbEntity
  8
0
100
AcDbLine
 10
23280.0
 20
13350.0
 30
0.0
 11
22280.0
 21
13350.0
 31
0.0
  0
INSERT
  5
7FE
330
7F9
100
AcDbEntity
  8
A-DIMS
100
AcDbBlockReference
  2
_OBLIQUE
 10
22400.0
 20
10650.0
 30
0.0
 41
120.0
 42
120.0
 50
90.0
  0
INSERT
  5
800
330
7F9
100
AcDbEntity
  8
A-DIMS
100
AcDbBlockReference
  2
_OBLIQUE
 10
22400.0
 20
13350.0
 30
0.0
 41
120.0
 42
120.0
 50
90.0
  0
LINE
  5
802
330
7F9
100
AcDbEntity
  8
0
100
AcDbLine
 10
22400.0
 20
10650.0
 30
0.0
 11
22400.0
 21
13350.0
 31
0.0
  0
MTEXT
  5
803
330
7F9
100
AcDbEntity
  8
A-DIMS
100
AcDbMText
 10
22250.0
 20
12000.0
 30
0.0
 40
180.0
 71
5
  1
2700
  7
OpenSansCondensed-Light
 50
90.0
  0
POINT
  5
804
330
7F9
100
AcDbEntity
  8
Defpoints
100
AcDbPoint
 10
22400.0
 20
10650.0
 30
0.0
  0
POINT
  5
805
330
7F9
100
AcDbEntity
  8
Defpoints
100
AcDbPoint
 10
23400.0
 20
10650.0
 30
0.0
  0
POINT
  5
806
330
7F9
100
AcDbEntity
  8
Defpoints
100
AcDbPoint
 10
23400.0
 20
13350.0
 30
0.0
  0
ENDBLK
  5
7FB
330
7F9
100
AcDbEntity
  8
0
100
AcDbBlockEnd
  0
BLOCK
  5
809
330
808
100
AcDbEntity
  8
0
100
AcDbBlockBegin
  2
*D82
 70
1
 10
0.0
 20
0.0
 30
0.0
  3
*D82
  1

  0
LINE
  5
80B
330
808
100
AcDbEntity
  8
0
100
AcDbLine
 10
23280.0
 20
0.0
 30
0.0
 11
21830.0
 21
0.0
 31
0.0
  0
LINE
  5
80C
330
808
100
AcDbEntity
  8
0
100
AcDbLine
 10
23280.0
 20
13350.0
 30
0.0
 11
21830.0
 21
13350.0
 31
0.0
  0
INSERT
  5
80D
330
808
100
AcDbEntity
  8
A-DIMS
100
AcDbBlockReference
  2
_OBLIQUE
 10
21950.0
 20
0.0
 30
0.0
 41
120.0
 42
120.0
 50
90.0
  0
INSERT
  5
80F
330
808
100
AcDbEntity
  8
A-DIMS
100
AcDbBlockReference
  2
_OBLIQUE
 10
21950.0
 20
13350.0
 30
0.0
 41
120.0
 42
120.0
 50
90.0
  0
LINE
  5
811
330
808
100
AcDbEntity
  8
0
100
AcDbLine
 10
21950.0
 20
0.0
 30
0.0
 11
21950.0
 21
13350.0
 31
0.0
  0
MTEXT
  5
812
330
808
100
AcDbEntity
  8
A-DIMS
100
AcDbMText
 10
21800.0
 20
6675.0
 30
0.0
 40
180.0
 71
5
  1
13350
  7
OpenSansCondensed-Light
 50
90.0
  0
POINT
  5
813
330
808
100
AcDbEntity
  8
Defpoints
100
AcDbPoint
 10
21950.0
 20
0.0
 30
0.0
  0
POINT
  5
814
330
808
100
AcDbEntity
  8
Defpoints
100
AcDbPoint
 10
23400.0
 20
0.0
 30
0.0
  0
POINT
  5
815
330
808
100
AcDbEntity
  8
Defpoints
100
AcDbPoint
 10
23400.0
 20
13350.0
 30
0.0
  0
ENDBLK
  5
80A
330
808
100
AcDbEntity
  8
0
100
AcDbBlockEnd
  0
BLOCK
  5
818
330
817
100
AcDbEntity
  8
0
100
AcDbBlockBegin
  2
*D83
 70
1
 10
0.0
 20
0.0
 30
0.0
  3
*D83
  1

  0
LINE
  5
81A
330
817
100
AcDbEntity
  8
0
100
AcDbLine
 10
34920.0
 20
0.0
 30
0.0
 11
35470.0
 21
0.0
 31
0.0
  0
LINE
  5
81B
330
817
100
AcDbEntity
  8
0
100
AcDbLine
 10
34920.0
 20
5225.0
 30
0.0
 11
35470.0
 21
5225.0
 31
0.0
  0
INSERT
  5
81C
330
817
100
AcDbEntity
  8
A-DIMS
100
AcDbBlockReference
  2
_OBLIQUE
 10
35350.0
 20
0.0
 30
0.0
 41
120.0
 42
120.0
 50
90.0
  0
INSERT
  5
81E
330
817
100
AcDbEntity
  8
A-DIMS
100
AcDbBlockReference
  2
_OBLIQUE
 10
35350.0
 20
5225.0
 30
0.0
 41
120.0
 42
120.0
 50
90.0
  0
LINE
  5
820
330
817
100
AcDbEntity
  8
0
100
AcDbLine
 10
35350.0
 20
0.0
 30
0.0
 11
35350.0
 21
5225.0
 31
0.0
  0
MTEXT
  5
821
330
817
100
AcDbEntity
  8
A-DIMS
100
AcDbMText
 10
35200.0
 20
2612.5
 30
0.0
 40
180.0
 71
5
  1
5225
  7
OpenSansCondensed-Light
 50
90.0
  0
POINT
  5
822
330
817
100
AcDbEntity
  8
Defpoints
100
AcDbPoint
 10
35350.0
 20
0.0
 30
0.0
  0
POINT
  5
823
330
817
100
AcDbEntity
  8
Defpoints
100
AcDbPoint
 10
34800.0
 20
0.0
 30
0.0
  0
POINT
  5
824
330
817
100
AcDbEntity
  8
Defpoints
100
AcDbPoint
 10
34800.0
 20
5225.0
 30
0.0
  0
ENDBLK
  5
819
330
817
100
AcDbEntity
  8
0
100
AcDbBlockEnd
  0
BLOCK
  5
827
330
826
100
AcDbEntity
  8
0
100
AcDbBlockBegin
  2
*D84
 70
1
 10
0.0
 20
0.0
 30
0.0
  3
*D84
  1

  0
LINE
  5
829
330
826
100
AcDbEntity
  8
0
100
AcDbLine
 10
34920.0
 20
5225.0
 30
0.0
 11
35470.0
 21
5225.0
 31
0.0
  0
LINE
  5
82A
330
826
100
AcDbEntity
  8
0
100
AcDbLine
 10
34920.0
 20
7025.0
 30
0.0
 11
35470.0
 21
7025.0
 31
0.0
  0
INSERT
  5
82B
330
826
100
AcDbEntity
  8
A-DIMS
100
AcDbBlockReference
  2
_OBLIQUE
 10
35350.0
 20
5225.0
 30
0.0
 41
120.0
 42
120.0
 50
90.0
  0
INSERT
  5
82D
330
826
100
AcDbEntity
  8
A-DIMS
100
AcDbBlockReference
  2
_OBLIQUE
 10
35350.0
 20
7025.0
 30
0.0
 41
120.0
 42
120.0
 50
90.0
  0
LINE
  5
82F
330
826
100
AcDbEntity
  8
0
100
AcDbLine
 10
35350.0
 20
5225.0
 30
0.0
 11
35350.0
 21
7025.0
 31
0.0
  0
MTEXT
  5
830
330
826
100
AcDbEntity
  8
A-DIMS
100
AcDbMText
 10
35200.0
 20
6125.0
 30
0.0
 40
180.0
 71
5
  1
1800
  7
OpenSansCondensed-Light
 50
90.0
  0
POINT
  5
831
330
826
100
AcDbEntity
  8
Defpoints
100
AcDbPoint
 10
35350.0
 20
5225.0
 30
0.0
  0
POINT
  5
832
330
826
100
AcDbEntity
  8
Defpoints
100
AcDbPoint
 10
34800.0
 20
5225.0
 30
0.0
  0
POINT
  5
833
330
826
100
AcDbEntity
  8
Defpoints
100
AcDbPoint
 10
34800.0
 20
7025.0
 30
0.0
  0
ENDBLK
  5
828
330
826
100
AcDbEntity
  8
0
100
AcDbBlockEnd
  0
BLOCK
  5
836
330
835
100
AcDbEntity
  8
0
100
AcDbBlockBegin
  2
*D85
 70
1
 10
0.0
 20
0.0
 30
0.0
  3
*D85
  1

  0
LINE
  5
838
330
835
100
AcDbEntity
  8
0
100
AcDbLine
 10
34920.0
 20
7025.0
 30
0.0
 11
35470.0
 21
7025.0
 31
0.0
  0
LINE
  5
839
330
835
100
AcDbEntity
  8
0
100
AcDbLine
 10
34920.0
 20
8450.0
 30
0.0
 11
35470.0
 21
8450.0
 31
0.0
  0
INSERT
  5
83A
330
835
100
AcDbEntity
  8
A-DIMS
100
AcDbBlockReference
  2
_OBLIQUE
 10
35350.0
 20
7025.0
 30
0.0
 41
120.0
 42
120.0
 50
90.0
  0
INSERT
  5
83C
330
835
100
AcDbEntity
  8
A-DIMS
100
AcDbBlockReference
  2
_OBLIQUE
 10
35350.0
 20
8450.0
 30
0.0
 41
120.0
 42
120.0
 50
90.0
  0
LINE
  5
83E
330
835
100
AcDbEntity
  8
0
100
AcDbLine
 10
35350.0
 20
7025.0
 30
0.0
 11
35350.0
 21
8450.0
 31
0.0
  0
MTEXT
  5
83F
330
835
100
AcDbEntity
  8
A-DIMS
100
AcDbMText
 10
35200.0
 20
7737.5
 30
0.0
 40
180.0
 71
5
  1
1425
  7
OpenSansCondensed-Light
 50
90.0
  0
POINT
  5
840
330
835
100
AcDbEntity
  8
Defpoints
100
AcDbPoint
 10
35350.0
 20
7025.0
 30
0.0
  0
POINT
  5
841
330
835
100
AcDbEntity
  8
Defpoints
100
AcDbPoint
 10
34800.0
 20
7025.0
 30
0.0
  0
POINT
  5
842
330
835
100
AcDbEntity
  8
Defpoints
100
AcDbPoint
 10
34800.0
 20
8450.0
 30
0.0
  0
ENDBLK
  5
837
330
835
100
AcDbEntity
  8
0
100
AcDbBlockEnd
  0
BLOCK
  5
845
330
844
100
AcDbEntity
  8
0
100
AcDbBlockBegin
  2
*D86
 70
1
 10
0.0
 20
0.0
 30
0.0
  3
*D86
  1

  0
LINE
  5
847
330
844
100
AcDbEntity
  8
0
100
AcDbLine
 10
34920.0
 20
8450.0
 30
0.0
 11
35470.0
 21
8450.0
 31
0.0
  0
LINE
  5
848
330
844
100
AcDbEntity
  8
0
100
AcDbLine
 10
34920.0
 20
9650.0
 30
0.0
 11
35470.0
 21
9650.0
 31
0.0
  0
INSERT
  5
849
330
844
100
AcDbEntity
  8
A-DIMS
100
AcDbBlockReference
  2
_OBLIQUE
 10
35350.0
 20
8450.0
 30
0.0
 41
120.0
 42
120.0
 50
90.0
  0
INSERT
  5
84B
330
844
100
AcDbEntity
  8
A-DIMS
100
AcDbBlockReference
  2
_OBLIQUE
 10
35350.0
 20
9650.0
 30
0.0
 41
120.0
 42
120.0
 50
90.0
  0
LINE
  5
84D
330
844
100
AcDbEntity
  8
0
100
AcDbLine
 10
35350.0
 20
8450.0
 30
0.0
 11
35350.0
 21
9650.0
 31
0.0
  0
MTEXT
  5
84E
330
844
100
AcDbEntity
  8
A-DIMS
100
AcDbMText
 10
35200.0
 20
9050.0
 30
0.0
 40
180.0
 71
5
  1
1200
  7
OpenSansCondensed-Light
 50
90.0
  0
POINT
  5
84F
330
844
100
AcDbEntity
  8
Defpoints
100
AcDbPoint
 10
35350.0
 20
8450.0
 30
0.0
  0
POINT
  5
850
330
844
100
AcDbEntity
  8
Defpoints
100
AcDbPoint
 10
34800.0
 20
8450.0
 30
0.0
  0
POINT
  5
851
330
844
100
AcDbEntity
  8
Defpoints
100
AcDbPoint
 10
34800.0
 20
9650.0
 30
0.0
  0
ENDBLK
  5
846
330
844
100
AcDbEntity
  8
0
100
AcDbBlockEnd
  0
BLOCK
  5
854
330
853
100
AcDbEntity
  8
0
100
AcDbBlockBegin
  2
*D87
 70
1
 10
0.0
 20
0.0
 30
0.0
  3
*D87
  1

  0
LINE
  5
856
330
853
100
AcDbEntity
  8
0
100
AcDbLine
 10
34920.0
 20
9650.0
 30
0.0
 11
35470.0
 21
9650.0
 31
0.0
  0
LINE
  5
857
330
853
100
AcDbEntity
  8
0
100
AcDbLine
 10
34920.0
 20
11375.0
 30
0.0
 11
35470.0
 21
11375.0
 31
0.0
  0
INSERT
  5
858
330
853
100
AcDbEntity
  8
A-DIMS
100
AcDbBlockReference
  2
_OBLIQUE
 10
35350.0
 20
9650.0
 30
0.0
 41
120.0
 42
120.0
 50
90.0
  0
INSERT
  5
85A
330
853
100
AcDbEntity
  8
A-DIMS
100
AcDbBlockReference
  2
_OBLIQUE
 10
35350.0
 20
11375.0
 30
0.0
 41
120.0
 42
120.0
 50
90.0
  0
LINE
  5
85C
330
853
100
AcDbEntity
  8
0
100
AcDbLine
 10
35350.0
 20
9650.0
 30
0.0
 11
35350.0
 21
11375.0
 31
0.0
  0
MTEXT
  5
85D
330
853
100
AcDbEntity
  8
A-DIMS
100
AcDbMText
 10
35200.0
 20
10512.5
 30
0.0
 40
180.0
 71
5
  1
1725
  7
OpenSansCondensed-Light
 50
90.0
  0
POINT
  5
85E
330
853
100
AcDbEntity
  8
Defpoints
100
AcDbPoint
 10
35350.0
 20
9650.0
 30
0.0
  0
POINT
  5
85F
330
853
100
AcDbEntity
  8
Defpoints
100
AcDbPoint
 10
34800.0
 20
9650.0
 30
0.0
  0
POINT
  5
860
330
853
100
AcDbEntity
  8
Defpoints
100
AcDbPoint
 10
34800.0
 20
11375.0
 30
0.0
  0
ENDBLK
  5
855
330
853
100
AcDbEntity
  8
0
100
AcDbBlockEnd
  0
BLOCK
  5
863
330
862
100
AcDbEntity
  8
0
100
AcDbBlockBegin
  2
*D88
 70
1
 10
0.0
 20
0.0
 30
0.0
  3
*D88
  1

  0
LINE
  5
865
330
862
100
AcDbEntity
  8
0
100
AcDbLine
 10
34920.0
 20
11375.0
 30
0.0
 11
35470.0
 21
11375.0
 31
0.0
  0
LINE
  5
866
330
862
100
AcDbEntity
  8
0
100
AcDbLine
 10
34920.0
 20
12275.0
 30
0.0
 11
35470.0
 21
12275.0
 31
0.0
  0
INSERT
  5
867
330
862
100
AcDbEntity
  8
A-DIMS
100
AcDbBlockReference
  2
_OBLIQUE
 10
35350.0
 20
11375.0
 30
0.0
 41
120.0
 42
120.0
 50
90.0
  0
INSERT
  5
869
330
862
100
AcDbEntity
  8
A-DIMS
100
AcDbBlockReference
  2
_OBLIQUE
 10
35350.0
 20
12275.0
 30
0.0
 41
120.0
 42
120.0
 50
90.0
  0
LINE
  5
86B
330
862
100
AcDbEntity
  8
0
100
AcDbLine
 10
35350.0
 20
11375.0
 30
0.0
 11
35350.0
 21
12275.0
 31
0.0
  0
MTEXT
  5
86C
330
862
100
AcDbEntity
  8
A-DIMS
100
AcDbMText
 10
35200.0
 20
11825.0
 30
0.0
 40
180.0
 71
5
  1
900
  7
OpenSansCondensed-Light
 50
90.0
  0
POINT
  5
86D
330
862
100
AcDbEntity
  8
Defpoints
100
AcDbPoint
 10
35350.0
 20
11375.0
 30
0.0
  0
POINT
  5
86E
330
862
100
AcDbEntity
  8
Defpoints
100
AcDbPoint
 10
34800.0
 20
11375.0
 30
0.0
  0
POINT
  5
86F
330
862
100
AcDbEntity
  8
Defpoints
100
AcDbPoint
 10
34800.0
 20
12275.0
 30
0.0
  0
ENDBLK
  5
864
330
862
100
AcDbEntity
  8
0
100
AcDbBlockEnd
  0
BLOCK
  5
872
330
871
100
AcDbEntity
  8
0
100
AcDbBlockBegin
  2
*D89
 70
1
 10
0.0
 20
0.0
 30
0.0
  3
*D89
  1

  0
LINE
  5
874
330
871
100
AcDbEntity
  8
0
100
AcDbLine
 10
34920.0
 20
12275.0
 30
0.0
 11
35470.0
 21
12275.0
 31
0.0
  0
LINE
  5
875
330
871
100
AcDbEntity
  8
0
100
AcDbLine
 10
34920.0
 20
13350.0
 30
0.0
 11
35470.0
 21
13350.0
 31
0.0
  0
INSERT
  5
876
330
871
100
AcDbEntity
  8
A-DIMS
100
AcDbBlockReference
  2
_OBLIQUE
 10
35350.0
 20
12275.0
 30
0.0
 41
120.0
 42
120.0
 50
90.0
  0
INSERT
  5
878
330
871
100
AcDbEntity
  8
A-DIMS
100
AcDbBlockReference
  2
_OBLIQUE
 10
35350.0
 20
13350.0
 30
0.0
 41
120.0
 42
120.0
 50
90.0
  0
LINE
  5
87A
330
871
100
AcDbEntity
  8
0
100
AcDbLine
 10
35350.0
 20
12275.0
 30
0.0
 11
35350.0
 21
13350.0
 31
0.0
  0
MTEXT
  5
87B
330
871
100
AcDbEntity
  8
A-DIMS
100
AcDbMText
 10
35200.0
 20
12812.5
 30
0.0
 40
180.0
 71
5
  1
1075
  7
OpenSansCondensed-Light
 50
90.0
  0
POINT
  5
87C
330
871
100
AcDbEntity
  8
Defpoints
100
AcDbPoint
 10
35350.0
 20
12275.0
 30
0.0
  0
POINT
  5
87D
330
871
100
AcDbEntity
  8
Defpoints
100
AcDbPoint
 10
34800.0
 20
12275.0
 30
0.0
  0
POINT
  5
87E
330
871
100
AcDbEntity
  8
Defpoints
100
AcDbPoint
 10
34800.0
 20
13350.0
 30
0.0
  0
ENDBLK
  5
873
330
871
100
AcDbEntity
  8
0
100
AcDbBlockEnd
  0
BLOCK
  5
881
330
880
100
AcDbEntity
  8
0
100
AcDbBlockBegin
  2
*D90
 70
1
 10
0.0
 20
0.0
 30
0.0
  3
*D90
  1

  0
LINE
  5
883
330
880
100
AcDbEntity
  8
0
100
AcDbLine
 10
34920.0
 20
0.0
 30
0.0
 11
35920.0
 21
0.0
 31
0.0
  0
LINE
  5
884
330
880
100
AcDbEntity
  8
0
100
AcDbLine
 10
34920.0
 20
4450.0
 30
0.0
 11
35920.0
 21
4450.0
 31
0.0
  0
INSERT
  5
885
330
880
100
AcDbEntity
  8
A-DIMS
100
AcDbBlockReference
  2
_OBLIQUE
 10
35800.0
 20
0.0
 30
0.0
 41
120.0
 42
120.0
 50
90.0
  0
INSERT
  5
887
330
880
100
AcDbEntity
  8
A-DIMS
100
AcDbBlockReference
  2
_OBLIQUE
 10
35800.0
 20
4450.0
 30
0.0
 41
120.0
 42
120.0
 50
90.0
  0
LINE
  5
889
330
880
100
AcDbEntity
  8
0
100
AcDbLine
 10
35800.0
 20
0.0
 30
0.0
 11
35800.0
 21
4450.0
 31
0.0
  0
MTEXT
  5
88A
330
880
100
AcDbEntity
  8
A-DIMS
100
AcDbMText
 10
35650.0
 20
2225.0
 30
0.0
 40
180.0
 71
5
  1
4450
  7
OpenSansCondensed-Light
 50
90.0
  0
POINT
  5
88B
330
880
100
AcDbEntity
  8
Defpoints
100
AcDbPoint
 10
35800.0
 20
0.0
 30
0.0
  0
POINT
  5
88C
330
880
100
AcDbEntity
  8
Defpoints
100
AcDbPoint
 10
34800.0
 20
0.0
 30
0.0
  0
POINT
  5
88D
330
880
100
AcDbEntity
  8
Defpoints
100
AcDbPoint
 10
34800.0
 20
4450.0
 30
0.0
  0
ENDBLK
  5
882
330
880
100
AcDbEntity
  8
0
100
AcDbBlockEnd
  0
BLOCK
  5
890
330
88F
100
AcDbEntity
  8
0
100
AcDbBlockBegin
  2
*D91
 70
1
 10
0.0
 20
0.0
 30
0.0
  3
*D91
  1

  0
LINE
  5
892
330
88F
100
AcDbEntity
  8
0
100
AcDbLine
 10
34920.0
 20
4450.0
 30
0.0
 11
35920.0
 21
4450.0
 31
0.0
  0
LINE
  5
893
330
88F
100
AcDbEntity
  8
0
100
AcDbLine
 10
34920.0
 20
7800.0
 30
0.0
 11
35920.0
 21
7800.0
 31
0.0
  0
INSERT
  5
894
330
88F
100
AcDbEntity
  8
A-DIMS
100
AcDbBlockReference
  2
_OBLIQUE
 10
35800.0
 20
4450.0
 30
0.0
 41
120.0
 42
120.0
 50
90.0
  0
INSERT
  5
896
330
88F
100
AcDbEntity
  8
A-DIMS
100
AcDbBlockReference
  2
_OBLIQUE
 10
35800.0
 20
7800.0
 30
0.0
 41
120.0
 42
120.0
 50
90.0
  0
LINE
  5
898
330
88F
100
AcDbEntity
  8
0
100
AcDbLine
 10
35800.0
 20
4450.0
 30
0.0
 11
35800.0
 21
7800.0
 31
0.0
  0
MTEXT
  5
899
330
88F
100
AcDbEntity
  8
A-DIMS
100
AcDbMText
 10
35650.0
 20
6125.0
 30
0.0
 40
180.0
 71
5
  1
3350
  7
OpenSansCondensed-Light
 50
90.0
  0
POINT
  5
89A
330
88F
100
AcDbEntity
  8
Defpoints
100
AcDbPoint
 10
35800.0
 20
4450.0
 30
0.0
  0
POINT
  5
89B
330
88F
100
AcDbEntity
  8
Defpoints
100
AcDbPoint
 10
34800.0
 20
4450.0
 30
0.0
  0
POINT
  5
89C
330
88F
100
AcDbEntity
  8
Defpoints
100
AcDbPoint
 10
34800.0
 20
7800.0
 30
0.0
  0
ENDBLK
  5
891
330
88F
100
AcDbEntity
  8
0
100
AcDbBlockEnd
  0
BLOCK
  5
89F
330
89E
100
AcDbEntity
  8
0
100
AcDbBlockBegin
  2
*D92
 70
1
 10
0.0
 20
0.0
 30
0.0
  3
*D92
  1

  0
LINE
  5
8A1
330
89E
100
AcDbEntity
  8
0
100
AcDbLine
 10
34920.0
 20
7800.0
 30
0.0
 11
35920.0
 21
7800.0
 31
0.0
  0
LINE
  5
8A2
330
89E
100
AcDbEntity
  8
0
100
AcDbLine
 10
34920.0
 20
10300.0
 30
0.0
 11
35920.0
 21
10300.0
 31
0.0
  0
INSERT
  5
8A3
330
89E
100
AcDbEntity
  8
A-DIMS
100
AcDbBlockReference
  2
_OBLIQUE
 10
35800.0
 20
7800.0
 30
0.0
 41
120.0
 42
120.0
 50
90.0
  0
INSERT
  5
8A5
330
89E
100
AcDbEntity
  8
A-DIMS
100
AcDbBlockReference
  2
_OBLIQUE
 10
35800.0
 20
10300.0
 30
0.0
 41
120.0
 42
120.0
 50
90.0
  0
LINE
  5
8A7
330
89E
100
AcDbEntity
  8
0
100
AcDbLine
 10
35800.0
 20
7800.0
 30
0.0
 11
35800.0
 21
10300.0
 31
0.0
  0
MTEXT
  5
8A8
330
89E
100
AcDbEntity
  8
A-DIMS
100
AcDbMText
 10
35650.0
 20
9050.0
 30
0.0
 40
180.0
 71
5
  1
2500
  7
OpenSansCondensed-Light
 50
90.0
  0
POINT
  5
8A9
330
89E
100
AcDbEntity
  8
Defpoints
100
AcDbPoint
 10
35800.0
 20
7800.0
 30
0.0
  0
POINT
  5
8AA
330
89E
100
AcDbEntity
  8
Defpoints
100
AcDbPoint
 10
34800.0
 20
7800.0
 30
0.0
  0
POINT
  5
8AB
330
89E
100
AcDbEntity
  8
Defpoints
100
AcDbPoint
 10
34800.0
 20
10300.0
 30
0.0
  0
ENDBLK
  5
8A0
330
89E
100
AcDbEntity
  8
0
100
AcDbBlockEnd
  0
BLOCK
  5
8AE
330
8AD
100
AcDbEntity
  8
0
100
AcDbBlockBegin
  2
*D93
 70
1
 10
0.0
 20
0.0
 30
0.0
  3
*D93
  1

  0
LINE
  5
8B0
330
8AD
100
AcDbEntity
  8
0
100
AcDbLine
 10
34920.0
 20
10300.0
 30
0.0
 11
35920.0
 21
10300.0
 31
0.0
  0
LINE
  5
8B1
330
8AD
100
AcDbEntity
  8
0
100
AcDbLine
 10
34920.0
 20
13350.0
 30
0.0
 11
35920.0
 21
13350.0
 31
0.0
  0
INSERT
  5
8B2
330
8AD
100
AcDbEntity
  8
A-DIMS
100
AcDbBlockReference
  2
_OBLIQUE
 10
35800.0
 20
10300.0
 30
0.0
 41
120.0
 42
120.0
 50
90.0
  0
INSERT
  5
8B4
330
8AD
100
AcDbEntity
  8
A-DIMS
100
AcDbBlockReference
  2
_OBLIQUE
 10
35800.0
 20
13350.0
 30
0.0
 41
120.0
 42
120.0
 50
90.0
  0
LINE
  5
8B6
330
8AD
100
AcDbEntity
  8
0
100
AcDbLine
 10
35800.0
 20
10300.0
 30
0.0
 11
35800.0
 21
13350.0
 31
0.0
  0
MTEXT
  5
8B7
330
8AD
100
AcDbEntity
  8
A-DIMS
100
AcDbMText
 10
35650.0
 20
11825.0
 30
0.0
 40
180.0
 71
5
  1
3050
  7
OpenSansCondensed-Light
 50
90.0
  0
POINT
  5
8B8
330
8AD
100
AcDbEntity
  8
Defpoints
100
AcDbPoint
 10
35800.0
 20
10300.0
 30
0.0
  0
POINT
  5
8B9
330
8AD
100
AcDbEntity
  8
Defpoints
100
AcDbPoint
 10
34800.0
 20
10300.0
 30
0.0
  0
POINT
  5
8BA
330
8AD
100
AcDbEntity
  8
Defpoints
100
AcDbPoint
 10
34800.0
 20
13350.0
 30
0.0
  0
ENDBLK
  5
8AF
330
8AD
100
AcDbEntity
  8
0
100
AcDbBlockEnd
  0
BLOCK
  5
8BD
330
8BC
100
AcDbEntity
  8
0
100
AcDbBlockBegin
  2
*D94
 70
1
 10
0.0
 20
0.0
 30
0.0
  3
*D94
  1

  0
LINE
  5
8BF
330
8BC
100
AcDbEntity
  8
0
100
AcDbLine
 10
34920.0
 20
0.0
 30
0.0
 11
36370.0
 21
0.0
 31
0.0
  0
LINE
  5
8C0
330
8BC
100
AcDbEntity
  8
0
100
AcDbLine
 10
34920.0
 20
13350.0
 30
0.0
 11
36370.0
 21
13350.0
 31
0.0
  0
INSERT
  5
8C1
330
8BC
100
AcDbEntity
  8
A-DIMS
100
AcDbBlockReference
  2
_OBLIQUE
 10
36250.0
 20
0.0
 30
0.0
 41
120.0
 42
120.0
 50
90.0
  0
INSERT
  5
8C3
330
8BC
100
AcDbEntity
  8
A-DIMS
100
AcDbBlockReference
  2
_OBLIQUE
 10
36250.0
 20
13350.0
 30
0.0
 41
120.0
 42
120.0
 50
90.0
  0
LINE
  5
8C5
330
8BC
100
AcDbEntity
  8
0
100
AcDbLine
 10
36250.0
 20
0.0
 30
0.0
 11
36250.0
 21
13350.0
 31
0.0
  0
MTEXT
  5
8C6
330
8BC
100
AcDbEntity
  8
A-DIMS
100
AcDbMText
 10
36100.0
 20
6675.0
 30
0.0
 40
180.0
 71
5
  1
13350
  7
OpenSansCondensed-Light
 50
90.0
  0
POINT
  5
8C7
330
8BC
100
AcDbEntity
  8
Defpoints
100
AcDbPoint
 10
36250.0
 20
0.0
 30
0.0
  0
POINT
  5
8C8
330
8BC
100
AcDbEntity
  8
Defpoints
100
AcDbPoint
 10
34800.0
 20
0.0
 30
0.0
  0
POINT
  5
8C9
330
8BC
100
AcDbEntity
  8
Defpoints
100
AcDbPoint
 10
34800.0
 20
13350.0
 30
0.0
  0
ENDBLK
  5
8BE
330
8BC
100
AcDbEntity
  8
0
100
AcDbBlockEnd
  0
BLOCK
  5
8FD
330
8FC
100
AcDbEntity
  8
0
100
AcDbBlockBegin
  2
*Paper_Space1
 70
0
 10
0.0
 20
0.0
 30
0.0
  3
*Paper_Space1
  1

  0
VIEWPORT
  5
900
330
8FC
100
AcDbEntity
 67
1
  8
VIEWPORTS
100
AcDbViewport
 10
200.0
 20
138.5
 30
0.0
 40
462.00000000000006
 41
326.70000000000005
 68
1
 69
1
 12
200.0
 22
138.5
 13
0.0
 23
0.0
 14
10.0
 24
10.0
 15
10.0
 25
10.0
 16
0.0
 26
0.0
 36
1.0
 17
0.0
 27
0.0
 37
0.0
 42
50.0
 43
0.0
 44
0.0
 45
326.70000000000005
 50
0.0
 51
0.0
 72
100
 90
557088
  1

281
0
 71
0
 74
0
110
0.0
120
0.0
130
0.0
111
1.0
121
0.0
131
0.0
112
0.0
122
1.0
132
0.0
 79
0
146
0.0
282
0
  0
VIEWPORT
  5
901
330
8FC
100
AcDbEntity
 67
1
  8
VIEWPORTS
100
AcDbViewport
 10
140.0
 20
145.0
 30
0.0
 40
240.0
 41
230.0
 68
2
 69
3
 12
29100.0
 22
6675.0
 13
0.0
 23
0.0
 14
10.0
 24
10.0
 15
10.0
 25
10.0
 16
0.0
 26
0.0
 36
1.0
 17
0.0
 27
0.0
 37
0.0
 42
50.0
 43
0.0
 44
0.0
 45
22350.0
 50
0.0
 51
0.0
 72
100
 90
0
  1

281
0
 71
0
 74
0
110
0.0
120
0.0
130
0.0
111
1.0
121
0.0
131
0.0
112
0.0
122
1.0
132
0.0
 79
0
146
0.0
282
0
  0
TEXT
  5
902
330
8FC
100
AcDbEntity
 67
1
  8
0
100
AcDbText
 10
268.0
 20
255.0
 30
0.0
 40
4.0
  1
FLOORFORGE / PRELIMINARY
 11
268.0
 21
255.0
 31
0.0
100
AcDbText
  0
ENDBLK
  5
8FE
330
8FC
100
AcDbEntity
  8
0
100
AcDbBlockEnd
  0
BLOCK
  5
91B
330
91A
100
AcDbEntity
  8
0
100
AcDbBlockBegin
  2
*D95
 70
1
 10
0.0
 20
0.0
 30
0.0
  3
*D95
  1

  0
LINE
  5
91D
330
91A
100
AcDbEntity
  8
0
100
AcDbLine
 10
46800.0
 20
-120.0
 30
0.0
 11
46800.0
 21
-670.0
 31
0.0
  0
LINE
  5
91E
330
91A
100
AcDbEntity
  8
0
100
AcDbLine
 10
58200.0
 20
-120.0
 30
0.0
 11
58200.0
 21
-670.0
 31
0.0
  0
INSERT
  5
91F
330
91A
100
AcDbEntity
  8
A-DIMS
100
AcDbBlockReference
  2
_OBLIQUE
 10
46800.0
 20
-550.0
 30
0.0
 41
120.0
 42
120.0
  0
INSERT
  5
921
330
91A
100
AcDbEntity
  8
A-DIMS
100
AcDbBlockReference
  2
_OBLIQUE
 10
58200.0
 20
-550.0
 30
0.0
 41
120.0
 42
120.0
  0
LINE
  5
923
330
91A
100
AcDbEntity
  8
0
100
AcDbLine
 10
46800.0
 20
-550.0
 30
0.0
 11
58200.0
 21
-550.0
 31
0.0
  0
MTEXT
  5
924
330
91A
100
AcDbEntity
  8
A-DIMS
100
AcDbMText
 10
52500.0
 20
-400.0
 30
0.0
 40
180.0
 71
5
  1
11400
  7
OpenSansCondensed-Light
  0
POINT
  5
925
330
91A
100
AcDbEntity
  8
Defpoints
100
AcDbPoint
 10
46800.0
 20
-550.0
 30
0.0
  0
POINT
  5
926
330
91A
100
AcDbEntity
  8
Defpoints
100
AcDbPoint
 10
46800.0
 20
0.0
 30
0.0
  0
POINT
  5
927
330
91A
100
AcDbEntity
  8
Defpoints
100
AcDbPoint
 10
58200.0
 20
0.0
 30
0.0
  0
ENDBLK
  5
91C
330
91A
100
AcDbEntity
  8
0
100
AcDbBlockEnd
  0
BLOCK
  5
92A
330
929
100
AcDbEntity
  8
0
100
AcDbBlockBegin
  2
*D96
 70
1
 10
0.0
 20
0.0
 30
0.0
  3
*D96
  1

  0
LINE
  5
92C
330
929
100
AcDbEntity
  8
0
100
AcDbLine
 10
46800.0
 20
13470.0
 30
0.0
 11
46800.0
 21
14020.0
 31
0.0
  0
LINE
  5
92D
330
929
100
AcDbEntity
  8
0
100
AcDbLine
 10
58200.0
 20
13470.0
 30
0.0
 11
58200.0
 21
14020.0
 31
0.0
  0
INSERT
  5
92E
330
929
100
AcDbEntity
  8
A-DIMS
100
AcDbBlockReference
  2
_OBLIQUE
 10
46800.0
 20
13900.0
 30
0.0
 41
120.0
 42
120.0
  0
INSERT
  5
930
330
929
100
AcDbEntity
  8
A-DIMS
100
AcDbBlockReference
  2
_OBLIQUE
 10
58200.0
 20
13900.0
 30
0.0
 41
120.0
 42
120.0
  0
LINE
  5
932
330
929
100
AcDbEntity
  8
0
100
AcDbLine
 10
46800.0
 20
13900.0
 30
0.0
 11
58200.0
 21
13900.0
 31
0.0
  0
MTEXT
  5
933
330
929
100
AcDbEntity
  8
A-DIMS
100
AcDbMText
 10
52500.0
 20
14050.0
 30
0.0
 40
180.0
 71
5
  1
11400
  7
OpenSansCondensed-Light
  0
POINT
  5
934
330
929
100
AcDbEntity
  8
Defpoints
100
AcDbPoint
 10
46800.0
 20
13900.0
 30
0.0
  0
POINT
  5
935
330
929
100
AcDbEntity
  8
Defpoints
100
AcDbPoint
 10
46800.0
 20
13350.0
 30
0.0
  0
POINT
  5
936
330
929
100
AcDbEntity
  8
Defpoints
100
AcDbPoint
 10
58200.0
 20
13350.0
 30
0.0
  0
ENDBLK
  5
92B
330
929
100
AcDbEntity
  8
0
100
AcDbBlockEnd
  0
BLOCK
  5
939
330
938
100
AcDbEntity
  8
0
100
AcDbBlockBegin
  2
*D97
 70
1
 10
0.0
 20
0.0
 30
0.0
  3
*D97
  1

  0
LINE
  5
93B
330
938
100
AcDbEntity
  8
0
100
AcDbLine
 10
46680.0
 20
0.0
 30
0.0
 11
46130.0
 21
0.0
 31
0.0
  0
LINE
  5
93C
330
938
100
AcDbEntity
  8
0
100
AcDbLine
 10
46680.0
 20
13350.0
 30
0.0
 11
46130.0
 21
13350.0
 31
0.0
  0
INSERT
  5
93D
330
938
100
AcDbEntity
  8
A-DIMS
100
AcDbBlockReference
  2
_OBLIQUE
 10
46250.0
 20
0.0
 30
0.0
 41
120.0
 42
120.0
 50
90.0
  0
INSERT
  5
93F
330
938
100
AcDbEntity
  8
A-DIMS
100
AcDbBlockReference
  2
_OBLIQUE
 10
46250.0
 20
13350.0
 30
0.0
 41
120.0
 42
120.0
 50
90.0
  0
LINE
  5
941
330
938
100
AcDbEntity
  8
0
100
AcDbLine
 10
46250.0
 20
0.0
 30
0.0
 11
46250.0
 21
13350.0
 31
0.0
  0
MTEXT
  5
942
330
938
100
AcDbEntity
  8
A-DIMS
100
AcDbMText
 10
46100.0
 20
6675.0
 30
0.0
 40
180.0
 71
5
  1
13350
  7
OpenSansCondensed-Light
 50
90.0
  0
POINT
  5
943
330
938
100
AcDbEntity
  8
Defpoints
100
AcDbPoint
 10
46250.0
 20
0.0
 30
0.0
  0
POINT
  5
944
330
938
100
AcDbEntity
  8
Defpoints
100
AcDbPoint
 10
46800.0
 20
0.0
 30
0.0
  0
POINT
  5
945
330
938
100
AcDbEntity
  8
Defpoints
100
AcDbPoint
 10
46800.0
 20
13350.0
 30
0.0
  0
ENDBLK
  5
93A
330
938
100
AcDbEntity
  8
0
100
AcDbBlockEnd
  0
BLOCK
  5
948
330
947
100
AcDbEntity
  8
0
100
AcDbBlockBegin
  2
*D98
 70
1
 10
0.0
 20
0.0
 30
0.0
  3
*D98
  1

  0
LINE
  5
94A
330
947
100
AcDbEntity
  8
0
100
AcDbLine
 10
58320.0
 20
0.0
 30
0.0
 11
58870.0
 21
0.0
 31
0.0
  0
LINE
  5
94B
330
947
100
AcDbEntity
  8
0
100
AcDbLine
 10
58320.0
 20
13350.0
 30
0.0
 11
58870.0
 21
13350.0
 31
0.0
  0
INSERT
  5
94C
330
947
100
AcDbEntity
  8
A-DIMS
100
AcDbBlockReference
  2
_OBLIQUE
 10
58750.0
 20
0.0
 30
0.0
 41
120.0
 42
120.0
 50
90.0
  0
INSERT
  5
94E
330
947
100
AcDbEntity
  8
A-DIMS
100
AcDbBlockReference
  2
_OBLIQUE
 10
58750.0
 20
13350.0
 30
0.0
 41
120.0
 42
120.0
 50
90.0
  0
LINE
  5
950
330
947
100
AcDbEntity
  8
0
100
AcDbLine
 10
58750.0
 20
0.0
 30
0.0
 11
58750.0
 21
13350.0
 31
0.0
  0
MTEXT
  5
951
330
947
100
AcDbEntity
  8
A-DIMS
100
AcDbMText
 10
58600.0
 20
6675.0
 30
0.0
 40
180.0
 71
5
  1
13350
  7
OpenSansCondensed-Light
 50
90.0
  0
POINT
  5
952
330
947
100
AcDbEntity
  8
Defpoints
100
AcDbPoint
 10
58750.0
 20
0.0
 30
0.0
  0
POINT
  5
953
330
947
100
AcDbEntity
  8
Defpoints
100
AcDbPoint
 10
58200.0
 20
0.0
 30
0.0
  0
POINT
  5
954
330
947
100
AcDbEntity
  8
Defpoints
100
AcDbPoint
 10
58200.0
 20
13350.0
 30
0.0
  0
ENDBLK
  5
949
330
947
100
AcDbEntity
  8
0
100
AcDbBlockEnd
  0
BLOCK
  5
970
330
96F
100
AcDbEntity
  8
0
100
AcDbBlockBegin
  2
*Paper_Space2
 70
0
 10
0.0
 20
0.0
 30
0.0
  3
*Paper_Space2
  1

  0
VIEWPORT
  5
973
330
96F
100
AcDbEntity
 67
1
  8
VIEWPORTS
100
AcDbViewport
 10
200.0
 20
138.5
 30
0.0
 40
462.00000000000006
 41
326.70000000000005
 68
1
 69
1
 12
200.0
 22
138.5
 13
0.0
 23
0.0
 14
10.0
 24
10.0
 15
10.0
 25
10.0
 16
0.0
 26
0.0
 36
1.0
 17
0.0
 27
0.0
 37
0.0
 42
50.0
 43
0.0
 44
0.0
 45
326.70000000000005
 50
0.0
 51
0.0
 72
100
 90
557088
  1

281
0
 71
0
 74
0
110
0.0
120
0.0
130
0.0
111
1.0
121
0.0
131
0.0
112
0.0
122
1.0
132
0.0
 79
0
146
0.0
282
0
  0
VIEWPORT
  5
974
330
96F
100
AcDbEntity
 67
1
  8
VIEWPORTS
100
AcDbViewport
 10
140.0
 20
145.0
 30
0.0
 40
240.0
 41
230.0
 68
2
 69
3
 12
52500.0
 22
6675.0
 13
0.0
 23
0.0
 14
10.0
 24
10.0
 15
10.0
 25
10.0
 16
0.0
 26
0.0
 36
1.0
 17
0.0
 27
0.0
 37
0.0
 42
50.0
 43
0.0
 44
0.0
 45
22350.0
 50
0.0
 51
0.0
 72
100
 90
0
  1

281
0
 71
0
 74
0
110
0.0
120
0.0
130
0.0
111
1.0
121
0.0
131
0.0
112
0.0
122
1.0
132
0.0
 79
0
146
0.0
282
0
  0
TEXT
  5
975
330
96F
100
AcDbEntity
 67
1
  8
0
100
AcDbText
 10
268.0
 20
255.0
 30
0.0
 40
4.0
  1
FLOORFORGE / PRELIMINARY
 11
268.0
 21
255.0
 31
0.0
100
AcDbText
  0
ENDBLK
  5
971
330
96F
100
AcDbEntity
  8
0
100
AcDbBlockEnd
  0
ENDSEC
  0
SECTION
  2
ENTITIES
  0
LWPOLYLINE
  5
9E
330
17
100
AcDbEntity
  8
A-FLOR
100
AcDbPolyline
 90
7
 70
1
 10
8900.0
 20
4375.0
 10
8975.0
 20
4375.0
 10
11170.0
 20
4375.0
 10
11170.0
 20
4220.0
 10
11170.0
 20
230.0
 10
9130.0
 20
230.0
 10
8900.0
 20
230.0
1001
FLOORFORGE
1000
floor:0
1000
preliminary
  0
LWPOLYLINE
  5
9F
330
17
100
AcDbEntity
  8
A-FLOR
100
AcDbPolyline
 90
14
 70
1
 10
7725.0
 20
4450.0
 10
7725.0
 20
4375.0
 10
7800.0
 20
4375.0
 10
7875.0
 20
4375.0
 10
8825.0
 20
4375.0
 10
8900.0
 20
4375.0
 10
8900.0
 20
230.0
 10
8670.0
 20
230.0
 10
230.0
 20
230.0
 10
230.0
 20
4220.0
 10
230.0
 20
4375.0
 10
2925.0
 20
4375.0
 10
3075.0
 20
4375.0
 10
3075.0
 20
4450.0
1001
FLOORFORGE
1000
floor:0
1000
preliminary
  0
LWPOLYLINE
  5
A0
330
17
100
AcDbEntity
  8
A-FLOR
100
AcDbPolyline
 90
9
 70
1
 10
8900.0
 20
4525.0
 10
8825.0
 20
4525.0
 10
7875.0
 20
4525.0
 10
7875.0
 20
7175.0
 10
11170.0
 20
7175.0
 10
11170.0
 20
7020.0
 10
11170.0
 20
4680.0
 10
11170.0
 20
4525.0
 10
8975.0
 20
4525.0
1001
FLOORFORGE
1000
floor:0
1000
preliminary
  0
LWPOLYLINE
  5
A1
330
17
100
AcDbEntity
  8
A-FLOR
100
AcDbPolyline
 90
6
 70
1
 10
7875.0
 20
7325.0
 10
7875.0
 20
8425.0
 10
11170.0
 20
8425.0
 10
11170.0
 20
8270.0
 10
11170.0
 20
7480.0
 10
11170.0
 20
7325.0
1001
FLOORFORGE
1000
floor:0
1000
preliminary
  0
LWPOLYLINE
  5
A2
330
17
100
AcDbEntity
  8
A-FLOR
100
AcDbPolyline
 90
16
 70
1
 10
7725.0
 20
8500.0
 10
7725.0
 20
8425.0
 10
7725.0
 20
7325.0
 10
7725.0
 20
7250.0
 10
7725.0
 20
7175.0
 10
7725.0
 20
4525.0
 10
7725.0
 20
4450.0
 10
3075.0
 20
4450.0
 10
3075.0
 20
4525.0
 10
3075.0
 20
5875.0
 10
3075.0
 20
5950.0
 10
3075.0
 20
6025.0
 10
3075.0
 20
8425.0
 10
6225.0
 20
8425.0
 10
6375.0
 20
8425.0
 10
6375.0
 20
8500.0
1001
FLOORFORGE
1000
floor:0
1000
preliminary
  0
LWPOLYLINE
  5
A3
330
17
100
AcDbEntity
  8
A-FLOR
100
AcDbPolyline
 90
6
 70
1
 10
230.0
 20
4680.0
 10
230.0
 20
5720.0
 10
230.0
 20
5875.0
 10
2925.0
 20
5875.0
 10
2925.0
 20
4525.0
 10
230.0
 20
4525.0
1001
FLOORFORGE
1000
floor:0
1000
preliminary
  0
LWPOLYLINE
  5
A4
330
17
100
AcDbEntity
  8
A-FLOR
100
AcDbPolyline
 90
9
 70
1
 10
2400.0
 20
8425.0
 10
2475.0
 20
8425.0
 10
2925.0
 20
8425.0
 10
2925.0
 20
6025.0
 10
230.0
 20
6025.0
 10
230.0
 20
6180.0
 10
230.0
 20
8270.0
 10
230.0
 20
8425.0
 10
2325.0
 20
8425.0
1001
FLOORFORGE
1000
floor:0
1000
preliminary
  0
LWPOLYLINE
  5
A5
330
17
100
AcDbEntity
  8
A-FLOR
100
AcDbPolyline
 90
9
 70
1
 10
6375.0
 20
8500.0
 10
6375.0
 20
8575.0
 10
6375.0
 20
11175.0
 10
7725.0
 20
11175.0
 10
7725.0
 20
10075.0
 10
7725.0
 20
10000.0
 10
7725.0
 20
9925.0
 10
7725.0
 20
8575.0
 10
7725.0
 20
8500.0
1001
FLOORFORGE
1000
floor:0
1000
preliminary
  0
LWPOLYLINE
  5
A6
330
17
100
AcDbEntity
  8
A-FLOR
100
AcDbPolyline
 90
6
 70
1
 10
6375.0
 20
13120.0
 10
6530.0
 20
13120.0
 10
7570.0
 20
13120.0
 10
7725.0
 20
13120.0
 10
7725.0
 20
11325.0
 10
6375.0
 20
11325.0
1001
FLOORFORGE
1000
floor:0
1000
preliminary
  0
LWPOLYLINE
  5
A7
330
17
100
AcDbEntity
  8
A-FLOR
100
AcDbPolyline
 90
6
 70
1
 10
11170.0
 20
8730.0
 10
11170.0
 20
8575.0
 10
7875.0
 20
8575.0
 10
7875.0
 20
9925.0
 10
11170.0
 20
9925.0
 10
11170.0
 20
9770.0
1001
FLOORFORGE
1000
floor:0
1000
preliminary
  0
LWPOLYLINE
  5
A8
330
17
100
AcDbEntity
  8
A-FLOR
100
AcDbPolyline
 90
9
 70
1
 10
7875.0
 20
11175.0
 10
7875.0
 20
11250.0
 10
7875.0
 20
11325.0
 10
7875.0
 20
13120.0
 10
8030.0
 20
13120.0
 10
11170.0
 20
13120.0
 10
11170.0
 20
10230.0
 10
11170.0
 20
10075.0
 10
7875.0
 20
10075.0
1001
FLOORFORGE
1000
floor:0
1000
preliminary
  0
LWPOLYLINE
  5
A9
330
17
100
AcDbEntity
  8
A-FLOR
100
AcDbPolyline
 90
15
 70
1
 10
2630.0
 20
13120.0
 10
6070.0
 20
13120.0
 10
6225.0
 20
13120.0
 10
6225.0
 20
11325.0
 10
6225.0
 20
11250.0
 10
6225.0
 20
11175.0
 10
6225.0
 20
8575.0
 10
3075.0
 20
8575.0
 10
3000.0
 20
8575.0
 10
2925.0
 20
8575.0
 10
2475.0
 20
8575.0
 10
2475.0
 20
10625.0
 10
2475.0
 20
10700.0
 10
2475.0
 20
10775.0
 10
2475.0
 20
13120.0
1001
FLOORFORGE
1000
floor:0
1000
preliminary
  0
LWPOLYLINE
  5
AA
330
17
100
AcDbEntity
  8
A-FLOR
100
AcDbPolyline
 90
6
 70
1
 10
2325.0
 20
10775.0
 10
230.0
 20
10775.0
 10
230.0
 20
10930.0
 10
230.0
 20
13120.0
 10
2170.0
 20
13120.0
 10
2325.0
 20
13120.0
1001
FLOORFORGE
1000
floor:0
1000
preliminary
  0
LWPOLYLINE
  5
AB
330
17
100
AcDbEntity
  8
A-FLOR
100
AcDbPolyline
 90
6
 70
1
 10
230.0
 20
8575.0
 10
230.0
 20
8730.0
 10
230.0
 20
10470.0
 10
230.0
 20
10625.0
 10
2325.0
 20
10625.0
 10
2325.0
 20
8575.0
1001
FLOORFORGE
1000
floor:0
1000
preliminary
  0
LWPOLYLINE
  5
AC
330
17
100
AcDbEntity
  8
A-FLOR
100
AcDbPolyline
 90
5
 70
1
 10
11400.0
 20
0.0
 10
11400.0
 20
13350.0
 10
0.0
 20
13350.0
 10
0.0
 20
0.0
 10
11400.0
 20
0.0
1001
FLOORFORGE
1000
floor:0
1000
preliminary
  0
LWPOLYLINE
  5
AD
330
17
100
AcDbEntity
  8
A-WALL
100
AcDbPolyline
 90
5
 70
1
 10
230.0
 20
4025.0
 10
0.0
 20
4025.0
 10
0.0
 20
4680.0
 10
230.0
 20
4680.0
 10
230.0
 20
4025.0
1001
FLOORFORGE
1000
floor:0
1000
preliminary
  0
HATCH
  5
AE
330
17
100
AcDbEntity
  8
A-WALL
 62
7
100
AcDbHatch
 10
0.0
 20
0.0
 30
0.0
210
0.0
220
0.0
230
1.0
  2
SOLID
 70
1
 71
0
 91
1
 92
3
 72
0
 73
1
 93
5
 10
230.0
 20
4025.0
 10
0.0
 20
4025.0
 10
0.0
 20
4680.0
 10
230.0
 20
4680.0
 10
230.0
 20
4025.0
 97
0
 75
0
 76
1
 98
0
  0
LWPOLYLINE
  5
AF
330
17
100
AcDbEntity
  8
A-WALL
100
AcDbPolyline
 90
5
 70
1
 10
230.0
 20
0.0
 10
0.0
 20
0.0
 10
0.0
 20
425.0
 10
230.0
 20
425.0
 10
230.0
 20
0.0
1001
FLOORFORGE
1000
floor:0
1000
preliminary
  0
HATCH
  5
B0
330
17
100
AcDbEntity
  8
A-WALL
 62
7
100
AcDbHatch
 10
0.0
 20
0.0
 30
0.0
210
0.0
220
0.0
230
1.0
  2
SOLID
 70
1
 71
0
 91
1
 92
3
 72
0
 73
1
 93
5
 10
230.0
 20
0.0
 10
0.0
 20
0.0
 10
0.0
 20
425.0
 10
230.0
 20
425.0
 10
230.0
 20
0.0
 97
0
 75
0
 76
1
 98
0
  0
LWPOLYLINE
  5
B1
330
17
100
AcDbEntity
  8
A-WALL
100
AcDbPolyline
 90
6
 70
1
 10
8200.0
 20
0.0
 10
8200.0
 20
230.0
 10
8900.0
 20
230.0
 10
9130.0
 20
230.0
 10
9130.0
 20
0.0
 10
8200.0
 20
0.0
1001
FLOORFORGE
1000
floor:0
1000
preliminary
  0
HATCH
  5
B2
330
17
100
AcDbEntity
  8
A-WALL
 62
7
100
AcDbHatch
 10
0.0
 20
0.0
 30
0.0
210
0.0
220
0.0
230
1.0
  2
SOLID
 70
1
 71
0
 91
1
 92
3
 72
0
 73
1
 93
6
 10
8200.0
 20
0.0
 10
8200.0
 20
230.0
 10
8900.0
 20
230.0
 10
9130.0
 20
230.0
 10
9130.0
 20
0.0
 10
8200.0
 20
0.0
 97
0
 75
0
 76
1
 98
0
  0
LWPOLYLINE
  5
B3
330
17
100
AcDbEntity
  8
A-WALL
100
AcDbPolyline
 90
5
 70
1
 10
0.0
 20
230.0
 10
800.0
 20
230.0
 10
800.0
 20
0.0
 10
0.0
 20
0.0
 10
0.0
 20
230.0
1001
FLOORFORGE
1000
floor:0
1000
preliminary
  0
HATCH
  5
B4
330
17
100
AcDbEntity
  8
A-WALL
 62
7
100
AcDbHatch
 10
0.0
 20
0.0
 30
0.0
210
0.0
220
0.0
230
1.0
  2
SOLID
 70
1
 71
0
 91
1
 92
3
 72
0
 73
1
 93
5
 10
0.0
 20
230.0
 10
800.0
 20
230.0
 10
800.0
 20
0.0
 10
0.0
 20
0.0
 10
0.0
 20
230.0
 97
0
 75
0
 76
1
 98
0
  0
LWPOLYLINE
  5
B5
330
17
100
AcDbEntity
  8
A-WALL
100
AcDbPolyline
 90
5
 70
1
 10
7000.0
 20
230.0
 10
7000.0
 20
0.0
 10
6200.0
 20
0.0
 10
6200.0
 20
230.0
 10
7000.0
 20
230.0
1001
FLOORFORGE
1000
floor:0
1000
preliminary
  0
HATCH
  5
B6
330
17
100
AcDbEntity
  8
A-WALL
 62
7
100
AcDbHatch
 10
0.0
 20
0.0
 30
0.0
210
0.0
220
0.0
230
1.0
  2
SOLID
 70
1
 71
0
 91
1
 92
3
 72
0
 73
1
 93
5
 10
7000.0
 20
230.0
 10
7000.0
 20
0.0
 10
6200.0
 20
0.0
 10
6200.0
 20
230.0
 10
7000.0
 20
230.0
 97
0
 75
0
 76
1
 98
0
  0
LWPOLYLINE
  5
B7
330
17
100
AcDbEntity
  8
A-WALL
100
AcDbPolyline
 90
6
 70
1
 10
230.0
 20
6180.0
 10
230.0
 20
4450.0
 10
230.0
 20
4220.0
 10
0.0
 20
4220.0
 10
0.0
 20
6180.0
 10
230.0
 20
6180.0
1001
FLOORFORGE
1000
floor:0
1000
preliminary
  0
HATCH
  5
B8
330
17
100
AcDbEntity
  8
A-WALL
 62
7
100
AcDbHatch
 10
0.0
 20
0.0
 30
0.0
210
0.0
220
0.0
230
1.0
  2
SOLID
 70
1
 71
0
 91
1
 92
3
 72
0
 73
1
 93
6
 10
230.0
 20
6180.0
 10
230.0
 20
4450.0
 10
230.0
 20
4220.0
 10
0.0
 20
4220.0
 10
0.0
 20
6180.0
 10
230.0
 20
6180.0
 97
0
 75
0
 76
1
 98
0
  0
LWPOLYLINE
  5
B9
330
17
100
AcDbEntity
  8
A-WALL
100
AcDbPolyline
 90
6
 70
1
 10
3075.0
 20
4525.0
 10
3075.0
 20
4375.0
 10
0.0
 20
4375.0
 10
0.0
 20
4525.0
 10
3000.0
 20
4525.0
 10
3075.0
 20
4525.0
1001
FLOORFORGE
1000
floor:0
1000
preliminary
  0
HATCH
  5
BA
330
17
100
AcDbEntity
  8
A-WALL
 62
7
100
AcDbHatch
 10
0.0
 20
0.0
 30
0.0
210
0.0
220
0.0
230
1.0
  2
SOLID
 70
1
 71
0
 91
1
 92
3
 72
0
 73
1
 93
6
 10
3075.0
 20
4525.0
 10
3075.0
 20
4375.0
 10
0.0
 20
4375.0
 10
0.0
 20
4525.0
 10
3000.0
 20
4525.0
 10
3075.0
 20
4525.0
 97
0
 75
0
 76
1
 98
0
  0
LWPOLYLINE
  5
BB
330
17
100
AcDbEntity
  8
A-WALL
100
AcDbPolyline
 90
6
 70
1
 10
230.0
 20
8730.0
 10
230.0
 20
5950.0
 10
230.0
 20
5720.0
 10
0.0
 20
5720.0
 10
0.0
 20
8730.0
 10
230.0
 20
8730.0
1001
FLOORFORGE
1000
floor:0
1000
preliminary
  0
HATCH
  5
BC
330
17
100
AcDbEntity
  8
A-WALL
 62
7
100
AcDbHatch
 10
0.0
 20
0.0
 30
0.0
210
0.0
220
0.0
230
1.0
  2
SOLID
 70
1
 71
0
 91
1
 92
3
 72
0
 73
1
 93
6
 10
230.0
 20
8730.0
 10
230.0
 20
5950.0
 10
230.0
 20
5720.0
 10
0.0
 20
5720.0
 10
0.0
 20
8730.0
 10
230.0
 20
8730.0
 97
0
 75
0
 76
1
 98
0
  0
LWPOLYLINE
  5
BD
330
17
100
AcDbEntity
  8
A-WALL
100
AcDbPolyline
 90
6
 70
1
 10
3075.0
 20
6025.0
 10
3075.0
 20
5875.0
 10
0.0
 20
5875.0
 10
0.0
 20
6025.0
 10
3000.0
 20
6025.0
 10
3075.0
 20
6025.0
1001
FLOORFORGE
1000
floor:0
1000
preliminary
  0
HATCH
  5
BE
330
17
100
AcDbEntity
  8
A-WALL
 62
7
100
AcDbHatch
 10
0.0
 20
0.0
 30
0.0
210
0.0
220
0.0
230
1.0
  2
SOLID
 70
1
 71
0
 91
1
 92
3
 72
0
 73
1
 93
6
 10
3075.0
 20
6025.0
 10
3075.0
 20
5875.0
 10
0.0
 20
5875.0
 10
0.0
 20
6025.0
 10
3000.0
 20
6025.0
 10
3075.0
 20
6025.0
 97
0
 75
0
 76
1
 98
0
  0
LWPOLYLINE
  5
BF
330
17
100
AcDbEntity
  8
A-WALL
100
AcDbPolyline
 90
6
 70
1
 10
230.0
 20
10930.0
 10
230.0
 20
8500.0
 10
230.0
 20
8270.0
 10
0.0
 20
8270.0
 10
0.0
 20
10930.0
 10
230.0
 20
10930.0
1001
FLOORFORGE
1000
floor:0
1000
preliminary
  0
HATCH
  5
C0
330
17
100
AcDbEntity
  8
A-WALL
 62
7
100
AcDbHatch
 10
0.0
 20
0.0
 30
0.0
210
0.0
220
0.0
230
1.0
  2
SOLID
 70
1
 71
0
 91
1
 92
3
 72
0
 73
1
 93
6
 10
230.0
 20
10930.0
 10
230.0
 20
8500.0
 10
230.0
 20
8270.0
 10
0.0
 20
8270.0
 10
0.0
 20
10930.0
 10
230.0
 20
10930.0
 97
0
 75
0
 76
1
 98
0
  0
LWPOLYLINE
  5
C1
330
17
100
AcDbEntity
  8
A-WALL
100
AcDbPolyline
 90
6
 70
1
 10
2475.0
 20
8575.0
 10
2475.0
 20
8425.0
 10
0.0
 20
8425.0
 10
0.0
 20
8575.0
 10
2400.0
 20
8575.0
 10
2475.0
 20
8575.0
1001
FLOORFORGE
1000
floor:0
1000
preliminary
  0
HATCH
  5
C2
330
17
100
AcDbEntity
  8
A-WALL
 62
7
100
AcDbHatch
 10
0.0
 20
0.0
 30
0.0
210
0.0
220
0.0
230
1.0
  2
SOLID
 70
1
 71
0
 91
1
 92
3
 72
0
 73
1
 93
6
 10
2475.0
 20
8575.0
 10
2475.0
 20
8425.0
 10
0.0
 20
8425.0
 10
0.0
 20
8575.0
 10
2400.0
 20
8575.0
 10
2475.0
 20
8575.0
 97
0
 75
0
 76
1
 98
0
  0
LWPOLYLINE
  5
C3
330
17
100
AcDbEntity
  8
A-WALL
100
AcDbPolyline
 90
6
 70
1
 10
230.0
 20
10470.0
 10
0.0
 20
10470.0
 10
0.0
 20
11575.0
 10
230.0
 20
11575.0
 10
230.0
 20
10700.0
 10
230.0
 20
10470.0
1001
FLOORFORGE
1000
floor:0
1000
preliminary
  0
HATCH
  5
C4
330
17
100
AcDbEntity
  8
A-WALL
 62
7
100
AcDbHatch
 10
0.0
 20
0.0
 30
0.0
210
0.0
220
0.0
230
1.0
  2
SOLID
 70
1
 71
0
 91
1
 92
3
 72
0
 73
1
 93
6
 10
230.0
 20
10470.0
 10
0.0
 20
10470.0
 10
0.0
 20
11575.0
 10
230.0
 20
11575.0
 10
230.0
 20
10700.0
 10
230.0
 20
10470.0
 97
0
 75
0
 76
1
 98
0
  0
LWPOLYLINE
  5
C5
330
17
100
AcDbEntity
  8
A-WALL
100
AcDbPolyline
 90
5
 70
1
 10
0.0
 20
13350.0
 10
230.0
 20
13350.0
 10
230.0
 20
12475.0
 10
0.0
 20
12475.0
 10
0.0
 20
13350.0
1001
FLOORFORGE
1000
floor:0
1000
preliminary
  0
HATCH
  5
C6
330
17
100
AcDbEntity
  8
A-WALL
 62
7
100
AcDbHatch
 10
0.0
 20
0.0
 30
0.0
210
0.0
220
0.0
230
1.0
  2
SOLID
 70
1
 71
0
 91
1
 92
3
 72
0
 73
1
 93
5
 10
0.0
 20
13350.0
 10
230.0
 20
13350.0
 10
230.0
 20
12475.0
 10
0.0
 20
12475.0
 10
0.0
 20
13350.0
 97
0
 75
0
 76
1
 98
0
  0
LWPOLYLINE
  5
C7
330
17
100
AcDbEntity
  8
A-WALL
100
AcDbPolyline
 90
6
 70
1
 10
2475.0
 20
10775.0
 10
2475.0
 20
10625.0
 10
0.0
 20
10625.0
 10
0.0
 20
10775.0
 10
2400.0
 20
10775.0
 10
2475.0
 20
10775.0
1001
FLOORFORGE
1000
floor:0
1000
preliminary
  0
HATCH
  5
C8
330
17
100
AcDbEntity
  8
A-WALL
 62
7
100
AcDbHatch
 10
0.0
 20
0.0
 30
0.0
210
0.0
220
0.0
230
1.0
  2
SOLID
 70
1
 71
0
 91
1
 92
3
 72
0
 73
1
 93
6
 10
2475.0
 20
10775.0
 10
2475.0
 20
10625.0
 10
0.0
 20
10625.0
 10
0.0
 20
10775.0
 10
2400.0
 20
10775.0
 10
2475.0
 20
10775.0
 97
0
 75
0
 76
1
 98
0
  0
LWPOLYLINE
  5
C9
330
17
100
AcDbEntity
  8
A-WALL
100
AcDbPolyline
 90
5
 70
1
 10
1650.0
 20
13120.0
 10
1650.0
 20
13350.0
 10
2630.0
 20
13350.0
 10
2630.0
 20
13120.0
 10
1650.0
 20
13120.0
1001
FLOORFORGE
1000
floor:0
1000
preliminary
  0
HATCH
  5
CA
330
17
100
AcDbEntity
  8
A-WALL
 62
7
100
AcDbHatch
 10
0.0
 20
0.0
 30
0.0
210
0.0
220
0.0
230
1.0
  2
SOLID
 70
1
 71
0
 91
1
 92
3
 72
0
 73
1
 93
5
 10
1650.0
 20
13120.0
 10
1650.0
 20
13350.0
 10
2630.0
 20
13350.0
 10
2630.0
 20
13120.0
 10
1650.0
 20
13120.0
 97
0
 75
0
 76
1
 98
0
  0
LWPOLYLINE
  5
CB
330
17
100
AcDbEntity
  8
A-WALL
100
AcDbPolyline
 90
5
 70
1
 10
0.0
 20
13120.0
 10
0.0
 20
13350.0
 10
750.0
 20
13350.0
 10
750.0
 20
13120.0
 10
0.0
 20
13120.0
1001
FLOORFORGE
1000
floor:0
1000
preliminary
  0
HATCH
  5
CC
330
17
100
AcDbEntity
  8
A-WALL
 62
7
100
AcDbHatch
 10
0.0
 20
0.0
 30
0.0
210
0.0
220
0.0
230
1.0
  2
SOLID
 70
1
 71
0
 91
1
 92
3
 72
0
 73
1
 93
5
 10
0.0
 20
13120.0
 10
0.0
 20
13350.0
 10
750.0
 20
13350.0
 10
750.0
 20
13120.0
 10
0.0
 20
13120.0
 97
0
 75
0
 76
1
 98
0
  0
LWPOLYLINE
  5
CD
330
17
100
AcDbEntity
  8
A-WALL
100
AcDbPolyline
 90
6
 70
1
 10
2475.0
 20
10775.0
 10
2475.0
 20
9975.0
 10
2325.0
 20
9975.0
 10
2325.0
 20
10700.0
 10
2325.0
 20
10775.0
 10
2475.0
 20
10775.0
1001
FLOORFORGE
1000
floor:0
1000
preliminary
  0
HATCH
  5
CE
330
17
100
AcDbEntity
  8
A-WALL
 62
7
100
AcDbHatch
 10
0.0
 20
0.0
 30
0.0
210
0.0
220
0.0
230
1.0
  2
SOLID
 70
1
 71
0
 91
1
 92
3
 72
0
 73
1
 93
6
 10
2475.0
 20
10775.0
 10
2475.0
 20
9975.0
 10
2325.0
 20
9975.0
 10
2325.0
 20
10700.0
 10
2325.0
 20
10775.0
 10
2475.0
 20
10775.0
 97
0
 75
0
 76
1
 98
0
  0
LWPOLYLINE
  5
CF
330
17
100
AcDbEntity
  8
A-WALL
100
AcDbPolyline
 90
6
 70
1
 10
2475.0
 20
8500.0
 10
2475.0
 20
8425.0
 10
2325.0
 20
8425.0
 10
2325.0
 20
9225.0
 10
2475.0
 20
9225.0
 10
2475.0
 20
8500.0
1001
FLOORFORGE
1000
floor:0
1000
preliminary
  0
HATCH
  5
D0
330
17
100
AcDbEntity
  8
A-WALL
 62
7
100
AcDbHatch
 10
0.0
 20
0.0
 30
0.0
210
0.0
220
0.0
230
1.0
  2
SOLID
 70
1
 71
0
 91
1
 92
3
 72
0
 73
1
 93
6
 10
2475.0
 20
8500.0
 10
2475.0
 20
8425.0
 10
2325.0
 20
8425.0
 10
2325.0
 20
9225.0
 10
2475.0
 20
9225.0
 10
2475.0
 20
8500.0
 97
0
 75
0
 76
1
 98
0
  0
LWPOLYLINE
  5
D1
330
17
100
AcDbEntity
  8
A-WALL
100
AcDbPolyline
 90
7
 70
1
 10
3075.0
 20
8575.0
 10
3075.0
 20
8425.0
 10
2400.0
 20
8425.0
 10
2325.0
 20
8425.0
 10
2325.0
 20
8575.0
 10
3000.0
 20
8575.0
 10
3075.0
 20
8575.0
1001
FLOORFORGE
1000
floor:0
1000
preliminary
  0
HATCH
  5
D2
330
17
100
AcDbEntity
  8
A-WALL
 62
7
100
AcDbHatch
 10
0.0
 20
0.0
 30
0.0
210
0.0
220
0.0
230
1.0
  2
SOLID
 70
1
 71
0
 91
1
 92
3
 72
0
 73
1
 93
7
 10
3075.0
 20
8575.0
 10
3075.0
 20
8425.0
 10
2400.0
 20
8425.0
 10
2325.0
 20
8425.0
 10
2325.0
 20
8575.0
 10
3000.0
 20
8575.0
 10
3075.0
 20
8575.0
 97
0
 75
0
 76
1
 98
0
  0
LWPOLYLINE
  5
D3
330
17
100
AcDbEntity
  8
A-WALL
100
AcDbPolyline
 90
6
 70
1
 10
2475.0
 20
10625.0
 10
2325.0
 20
10625.0
 10
2325.0
 20
11575.0
 10
2475.0
 20
11575.0
 10
2475.0
 20
10700.0
 10
2475.0
 20
10625.0
1001
FLOORFORGE
1000
floor:0
1000
preliminary
  0
HATCH
  5
D4
330
17
100
AcDbEntity
  8
A-WALL
 62
7
100
AcDbHatch
 10
0.0
 20
0.0
 30
0.0
210
0.0
220
0.0
230
1.0
  2
SOLID
 70
1
 71
0
 91
1
 92
3
 72
0
 73
1
 93
6
 10
2475.0
 20
10625.0
 10
2325.0
 20
10625.0
 10
2325.0
 20
11575.0
 10
2475.0
 20
11575.0
 10
2475.0
 20
10700.0
 10
2475.0
 20
10625.0
 97
0
 75
0
 76
1
 98
0
  0
LWPOLYLINE
  5
D5
330
17
100
AcDbEntity
  8
A-WALL
100
AcDbPolyline
 90
5
 70
1
 10
2325.0
 20
13350.0
 10
2475.0
 20
13350.0
 10
2475.0
 20
12475.0
 10
2325.0
 20
12475.0
 10
2325.0
 20
13350.0
1001
FLOORFORGE
1000
floor:0
1000
preliminary
  0
HATCH
  5
D6
330
17
100
AcDbEntity
  8
A-WALL
 62
7
100
AcDbHatch
 10
0.0
 20
0.0
 30
0.0
210
0.0
220
0.0
230
1.0
  2
SOLID
 70
1
 71
0
 91
1
 92
3
 72
0
 73
1
 93
5
 10
2325.0
 20
13350.0
 10
2475.0
 20
13350.0
 10
2475.0
 20
12475.0
 10
2325.0
 20
12475.0
 10
2325.0
 20
13350.0
 97
0
 75
0
 76
1
 98
0
  0
LWPOLYLINE
  5
D7
330
17
100
AcDbEntity
  8
A-WALL
100
AcDbPolyline
 90
5
 70
1
 10
5550.0
 20
13120.0
 10
5550.0
 20
13350.0
 10
6530.0
 20
13350.0
 10
6530.0
 20
13120.0
 10
5550.0
 20
13120.0
1001
FLOORFORGE
1000
floor:0
1000
preliminary
  0
HATCH
  5
D8
330
17
100
AcDbEntity
  8
A-WALL
 62
7
100
AcDbHatch
 10
0.0
 20
0.0
 30
0.0
210
0.0
220
0.0
230
1.0
  2
SOLID
 70
1
 71
0
 91
1
 92
3
 72
0
 73
1
 93
5
 10
5550.0
 20
13120.0
 10
5550.0
 20
13350.0
 10
6530.0
 20
13350.0
 10
6530.0
 20
13120.0
 10
5550.0
 20
13120.0
 97
0
 75
0
 76
1
 98
0
  0
LWPOLYLINE
  5
D9
330
17
100
AcDbEntity
  8
A-WALL
100
AcDbPolyline
 90
6
 70
1
 10
2400.0
 20
13120.0
 10
2170.0
 20
13120.0
 10
2170.0
 20
13350.0
 10
3150.0
 20
13350.0
 10
3150.0
 20
13120.0
 10
2400.0
 20
13120.0
1001
FLOORFORGE
1000
floor:0
1000
preliminary
  0
HATCH
  5
DA
330
17
100
AcDbEntity
  8
A-WALL
 62
7
100
AcDbHatch
 10
0.0
 20
0.0
 30
0.0
210
0.0
220
0.0
230
1.0
  2
SOLID
 70
1
 71
0
 91
1
 92
3
 72
0
 73
1
 93
6
 10
2400.0
 20
13120.0
 10
2170.0
 20
13120.0
 10
2170.0
 20
13350.0
 10
3150.0
 20
13350.0
 10
3150.0
 20
13120.0
 10
2400.0
 20
13120.0
 97
0
 75
0
 76
1
 98
0
  0
LWPOLYLINE
  5
DB
330
17
100
AcDbEntity
  8
A-WALL
100
AcDbPolyline
 90
6
 70
1
 10
3075.0
 20
6025.0
 10
3075.0
 20
5650.0
 10
2925.0
 20
5650.0
 10
2925.0
 20
5950.0
 10
2925.0
 20
6025.0
 10
3075.0
 20
6025.0
1001
FLOORFORGE
1000
floor:0
1000
preliminary
  0
HATCH
  5
DC
330
17
100
AcDbEntity
  8
A-WALL
 62
7
100
AcDbHatch
 10
0.0
 20
0.0
 30
0.0
210
0.0
220
0.0
230
1.0
  2
SOLID
 70
1
 71
0
 91
1
 92
3
 72
0
 73
1
 93
6
 10
3075.0
 20
6025.0
 10
3075.0
 20
5650.0
 10
2925.0
 20
5650.0
 10
2925.0
 20
5950.0
 10
2925.0
 20
6025.0
 10
3075.0
 20
6025.0
 97
0
 75
0
 76
1
 98
0
  0
LWPOLYLINE
  5
DD
330
17
100
AcDbEntity
  8
A-WALL
100
AcDbPolyline
 90
6
 70
1
 10
3075.0
 20
4450.0
 10
3075.0
 20
4375.0
 10
2925.0
 20
4375.0
 10
2925.0
 20
4750.0
 10
3075.0
 20
4750.0
 10
3075.0
 20
4450.0
1001
FLOORFORGE
1000
floor:0
1000
preliminary
  0
HATCH
  5
DE
330
17
100
AcDbEntity
  8
A-WALL
 62
7
100
AcDbHatch
 10
0.0
 20
0.0
 30
0.0
210
0.0
220
0.0
230
1.0
  2
SOLID
 70
1
 71
0
 91
1
 92
3
 72
0
 73
1
 93
6
 10
3075.0
 20
4450.0
 10
3075.0
 20
4375.0
 10
2925.0
 20
4375.0
 10
2925.0
 20
4750.0
 10
3075.0
 20
4750.0
 10
3075.0
 20
4450.0
 97
0
 75
0
 76
1
 98
0
  0
LWPOLYLINE
  5
DF
330
17
100
AcDbEntity
  8
A-WALL
100
AcDbPolyline
 90
6
 70
1
 10
3075.0
 20
8575.0
 10
3075.0
 20
7600.0
 10
2925.0
 20
7600.0
 10
2925.0
 20
8500.0
 10
2925.0
 20
8575.0
 10
3075.0
 20
8575.0
1001
FLOORFORGE
1000
floor:0
1000
preliminary
  0
HATCH
  5
E0
330
17
100
AcDbEntity
  8
A-WALL
 62
7
100
AcDbHatch
 10
0.0
 20
0.0
 30
0.0
210
0.0
220
0.0
230
1.0
  2
SOLID
 70
1
 71
0
 91
1
 92
3
 72
0
 73
1
 93
6
 10
3075.0
 20
8575.0
 10
3075.0
 20
7600.0
 10
2925.0
 20
7600.0
 10
2925.0
 20
8500.0
 10
2925.0
 20
8575.0
 10
3075.0
 20
8575.0
 97
0
 75
0
 76
1
 98
0
  0
LWPOLYLINE
  5
E1
330
17
100
AcDbEntity
  8
A-WALL
100
AcDbPolyline
 90
6
 70
1
 10
3075.0
 20
5950.0
 10
3075.0
 20
5875.0
 10
2925.0
 20
5875.0
 10
2925.0
 20
6850.0
 10
3075.0
 20
6850.0
 10
3075.0
 20
5950.0
1001
FLOORFORGE
1000
floor:0
1000
preliminary
  0
HATCH
  5
E2
330
17
100
AcDbEntity
  8
A-WALL
 62
7
100
AcDbHatch
 10
0.0
 20
0.0
 30
0.0
210
0.0
220
0.0
230
1.0
  2
SOLID
 70
1
 71
0
 91
1
 92
3
 72
0
 73
1
 93
6
 10
3075.0
 20
5950.0
 10
3075.0
 20
5875.0
 10
2925.0
 20
5875.0
 10
2925.0
 20
6850.0
 10
3075.0
 20
6850.0
 10
3075.0
 20
5950.0
 97
0
 75
0
 76
1
 98
0
  0
LWPOLYLINE
  5
E3
330
17
100
AcDbEntity
  8
A-WALL
100
AcDbPolyline
 90
7
 70
1
 10
6375.0
 20
8575.0
 10
6375.0
 20
8425.0
 10
3000.0
 20
8425.0
 10
2925.0
 20
8425.0
 10
2925.0
 20
8575.0
 10
6300.0
 20
8575.0
 10
6375.0
 20
8575.0
1001
FLOORFORGE
1000
floor:0
1000
preliminary
  0
HATCH
  5
E4
330
17
100
AcDbEntity
  8
A-WALL
 62
7
100
AcDbHatch
 10
0.0
 20
0.0
 30
0.0
210
0.0
220
0.0
230
1.0
  2
SOLID
 70
1
 71
0
 91
1
 92
3
 72
0
 73
1
 93
7
 10
6375.0
 20
8575.0
 10
6375.0
 20
8425.0
 10
3000.0
 20
8425.0
 10
2925.0
 20
8425.0
 10
2925.0
 20
8575.0
 10
6300.0
 20
8575.0
 10
6375.0
 20
8575.0
 97
0
 75
0
 76
1
 98
0
  0
LWPOLYLINE
  5
E5
330
17
100
AcDbEntity
  8
A-WALL
100
AcDbPolyline
 90
6
 70
1
 10
6375.0
 20
11325.0
 10
6375.0
 20
9550.0
 10
6225.0
 20
9550.0
 10
6225.0
 20
11250.0
 10
6225.0
 20
11325.0
 10
6375.0
 20
11325.0
1001
FLOORFORGE
1000
floor:0
1000
preliminary
  0
HATCH
  5
E6
330
17
100
AcDbEntity
  8
A-WALL
 62
7
100
AcDbHatch
 10
0.0
 20
0.0
 30
0.0
210
0.0
220
0.0
230
1.0
  2
SOLID
 70
1
 71
0
 91
1
 92
3
 72
0
 73
1
 93
6
 10
6375.0
 20
11325.0
 10
6375.0
 20
9550.0
 10
6225.0
 20
9550.0
 10
6225.0
 20
11250.0
 10
6225.0
 20
11325.0
 10
6375.0
 20
11325.0
 97
0
 75
0
 76
1
 98
0
  0
LWPOLYLINE
  5
E7
330
17
100
AcDbEntity
  8
A-WALL
100
AcDbPolyline
 90
6
 70
1
 10
6375.0
 20
8500.0
 10
6375.0
 20
8425.0
 10
6225.0
 20
8425.0
 10
6225.0
 20
8650.0
 10
6375.0
 20
8650.0
 10
6375.0
 20
8500.0
1001
FLOORFORGE
1000
floor:0
1000
preliminary
  0
HATCH
  5
E8
330
17
100
AcDbEntity
  8
A-WALL
 62
7
100
AcDbHatch
 10
0.0
 20
0.0
 30
0.0
210
0.0
220
0.0
230
1.0
  2
SOLID
 70
1
 71
0
 91
1
 92
3
 72
0
 73
1
 93
6
 10
6375.0
 20
8500.0
 10
6375.0
 20
8425.0
 10
6225.0
 20
8425.0
 10
6225.0
 20
8650.0
 10
6375.0
 20
8650.0
 10
6375.0
 20
8500.0
 97
0
 75
0
 76
1
 98
0
  0
LWPOLYLINE
  5
E9
330
17
100
AcDbEntity
  8
A-WALL
100
AcDbPolyline
 90
6
 70
1
 10
6375.0
 20
11250.0
 10
6375.0
 20
11175.0
 10
6225.0
 20
11175.0
 10
6225.0
 20
13350.0
 10
6375.0
 20
13350.0
 10
6375.0
 20
11250.0
1001
FLOORFORGE
1000
floor:0
1000
preliminary
  0
HATCH
  5
EA
330
17
100
AcDbEntity
  8
A-WALL
 62
7
100
AcDbHatch
 10
0.0
 20
0.0
 30
0.0
210
0.0
220
0.0
230
1.0
  2
SOLID
 70
1
 71
0
 91
1
 92
3
 72
0
 73
1
 93
6
 10
6375.0
 20
11250.0
 10
6375.0
 20
11175.0
 10
6225.0
 20
11175.0
 10
6225.0
 20
13350.0
 10
6375.0
 20
13350.0
 10
6375.0
 20
11250.0
 97
0
 75
0
 76
1
 98
0
  0
LWPOLYLINE
  5
EB
330
17
100
AcDbEntity
  8
A-WALL
100
AcDbPolyline
 90
6
 70
1
 10
7875.0
 20
11175.0
 10
7425.0
 20
11175.0
 10
7425.0
 20
11325.0
 10
7800.0
 20
11325.0
 10
7875.0
 20
11325.0
 10
7875.0
 20
11175.0
1001
FLOORFORGE
1000
floor:0
1000
preliminary
  0
HATCH
  5
EC
330
17
100
AcDbEntity
  8
A-WALL
 62
7
100
AcDbHatch
 10
0.0
 20
0.0
 30
0.0
210
0.0
220
0.0
230
1.0
  2
SOLID
 70
1
 71
0
 91
1
 92
3
 72
0
 73
1
 93
6
 10
7875.0
 20
11175.0
 10
7425.0
 20
11175.0
 10
7425.0
 20
11325.0
 10
7800.0
 20
11325.0
 10
7875.0
 20
11325.0
 10
7875.0
 20
11175.0
 97
0
 75
0
 76
1
 98
0
  0
LWPOLYLINE
  5
ED
330
17
100
AcDbEntity
  8
A-WALL
100
AcDbPolyline
 90
6
 70
1
 10
6300.0
 20
11175.0
 10
6225.0
 20
11175.0
 10
6225.0
 20
11325.0
 10
6675.0
 20
11325.0
 10
6675.0
 20
11175.0
 10
6300.0
 20
11175.0
1001
FLOORFORGE
1000
floor:0
1000
preliminary
  0
HATCH
  5
EE
330
17
100
AcDbEntity
  8
A-WALL
 62
7
100
AcDbHatch
 10
0.0
 20
0.0
 30
0.0
210
0.0
220
0.0
230
1.0
  2
SOLID
 70
1
 71
0
 91
1
 92
3
 72
0
 73
1
 93
6
 10
6300.0
 20
11175.0
 10
6225.0
 20
11175.0
 10
6225.0
 20
11325.0
 10
6675.0
 20
11325.0
 10
6675.0
 20
11175.0
 10
6300.0
 20
11175.0
 97
0
 75
0
 76
1
 98
0
  0
LWPOLYLINE
  5
EF
330
17
100
AcDbEntity
  8
A-WALL
100
AcDbPolyline
 90
6
 70
1
 10
8030.0
 20
13120.0
 10
6300.0
 20
13120.0
 10
6070.0
 20
13120.0
 10
6070.0
 20
13350.0
 10
8030.0
 20
13350.0
 10
8030.0
 20
13120.0
1001
FLOORFORGE
1000
floor:0
1000
preliminary
  0
HATCH
  5
F0
330
17
100
AcDbEntity
  8
A-WALL
 62
7
100
AcDbHatch
 10
0.0
 20
0.0
 30
0.0
210
0.0
220
0.0
230
1.0
  2
SOLID
 70
1
 71
0
 91
1
 92
3
 72
0
 73
1
 93
6
 10
8030.0
 20
13120.0
 10
6300.0
 20
13120.0
 10
6070.0
 20
13120.0
 10
6070.0
 20
13350.0
 10
8030.0
 20
13350.0
 10
8030.0
 20
13120.0
 97
0
 75
0
 76
1
 98
0
  0
LWPOLYLINE
  5
F1
330
17
100
AcDbEntity
  8
A-WALL
100
AcDbPolyline
 90
6
 70
1
 10
7875.0
 20
7325.0
 10
7875.0
 20
6850.0
 10
7725.0
 20
6850.0
 10
7725.0
 20
7250.0
 10
7725.0
 20
7325.0
 10
7875.0
 20
7325.0
1001
FLOORFORGE
1000
floor:0
1000
preliminary
  0
HATCH
  5
F2
330
17
100
AcDbEntity
  8
A-WALL
 62
7
100
AcDbHatch
 10
0.0
 20
0.0
 30
0.0
210
0.0
220
0.0
230
1.0
  2
SOLID
 70
1
 71
0
 91
1
 92
3
 72
0
 73
1
 93
6
 10
7875.0
 20
7325.0
 10
7875.0
 20
6850.0
 10
7725.0
 20
6850.0
 10
7725.0
 20
7250.0
 10
7725.0
 20
7325.0
 10
7875.0
 20
7325.0
 97
0
 75
0
 76
1
 98
0
  0
LWPOLYLINE
  5
F3
330
17
100
AcDbEntity
  8
A-WALL
100
AcDbPolyline
 90
6
 70
1
 10
7875.0
 20
4450.0
 10
7875.0
 20
4375.0
 10
7725.0
 20
4375.0
 10
7725.0
 20
5350.0
 10
7875.0
 20
5350.0
 10
7875.0
 20
4450.0
1001
FLOORFORGE
1000
floor:0
1000
preliminary
  0
HATCH
  5
F4
330
17
100
AcDbEntity
  8
A-WALL
 62
7
100
AcDbHatch
 10
0.0
 20
0.0
 30
0.0
210
0.0
220
0.0
230
1.0
  2
SOLID
 70
1
 71
0
 91
1
 92
3
 72
0
 73
1
 93
6
 10
7875.0
 20
4450.0
 10
7875.0
 20
4375.0
 10
7725.0
 20
4375.0
 10
7725.0
 20
5350.0
 10
7875.0
 20
5350.0
 10
7875.0
 20
4450.0
 97
0
 75
0
 76
1
 98
0
  0
LWPOLYLINE
  5
F5
330
17
100
AcDbEntity
  8
A-WALL
100
AcDbPolyline
 90
7
 70
1
 10
8975.0
 20
4525.0
 10
8975.0
 20
4375.0
 10
7800.0
 20
4375.0
 10
7725.0
 20
4375.0
 10
7725.0
 20
4525.0
 10
8900.0
 20
4525.0
 10
8975.0
 20
4525.0
1001
FLOORFORGE
1000
floor:0
1000
preliminary
  0
HATCH
  5
F6
330
17
100
AcDbEntity
  8
A-WALL
 62
7
100
AcDbHatch
 10
0.0
 20
0.0
 30
0.0
210
0.0
220
0.0
230
1.0
  2
SOLID
 70
1
 71
0
 91
1
 92
3
 72
0
 73
1
 93
7
 10
8975.0
 20
4525.0
 10
8975.0
 20
4375.0
 10
7800.0
 20
4375.0
 10
7725.0
 20
4375.0
 10
7725.0
 20
4525.0
 10
8900.0
 20
4525.0
 10
8975.0
 20
4525.0
 97
0
 75
0
 76
1
 98
0
  0
LWPOLYLINE
  5
F7
330
17
100
AcDbEntity
  8
A-WALL
100
AcDbPolyline
 90
7
 70
1
 10
7725.0
 20
8575.0
 10
7875.0
 20
8575.0
 10
7875.0
 20
7250.0
 10
7875.0
 20
7175.0
 10
7725.0
 20
7175.0
 10
7725.0
 20
8500.0
 10
7725.0
 20
8575.0
1001
FLOORFORGE
1000
floor:0
1000
preliminary
  0
HATCH
  5
F8
330
17
100
AcDbEntity
  8
A-WALL
 62
7
100
AcDbHatch
 10
0.0
 20
0.0
 30
0.0
210
0.0
220
0.0
230
1.0
  2
SOLID
 70
1
 71
0
 91
1
 92
3
 72
0
 73
1
 93
7
 10
7725.0
 20
8575.0
 10
7875.0
 20
8575.0
 10
7875.0
 20
7250.0
 10
7875.0
 20
7175.0
 10
7725.0
 20
7175.0
 10
7725.0
 20
8500.0
 10
7725.0
 20
8575.0
 97
0
 75
0
 76
1
 98
0
  0
LWPOLYLINE
  5
F9
330
17
100
AcDbEntity
  8
A-WALL
100
AcDbPolyline
 90
6
 70
1
 10
7725.0
 20
7175.0
 10
7725.0
 20
7325.0
 10
7950.0
 20
7325.0
 10
7950.0
 20
7175.0
 10
7800.0
 20
7175.0
 10
7725.0
 20
7175.0
1001
FLOORFORGE
1000
floor:0
1000
preliminary
  0
HATCH
  5
FA
330
17
100
AcDbEntity
  8
A-WALL
 62
7
100
AcDbHatch
 10
0.0
 20
0.0
 30
0.0
210
0.0
220
0.0
230
1.0
  2
SOLID
 70
1
 71
0
 91
1
 92
3
 72
0
 73
1
 93
6
 10
7725.0
 20
7175.0
 10
7725.0
 20
7325.0
 10
7950.0
 20
7325.0
 10
7950.0
 20
7175.0
 10
7800.0
 20
7175.0
 10
7725.0
 20
7175.0
 97
0
 75
0
 76
1
 98
0
  0
LWPOLYLINE
  5
FB
330
17
100
AcDbEntity
  8
A-WALL
100
AcDbPolyline
 90
5
 70
1
 10
11400.0
 20
7325.0
 10
11400.0
 20
7175.0
 10
8700.0
 20
7175.0
 10
8700.0
 20
7325.0
 10
11400.0
 20
7325.0
1001
FLOORFORGE
1000
floor:0
1000
preliminary
  0
HATCH
  5
FC
330
17
100
AcDbEntity
  8
A-WALL
 62
7
100
AcDbHatch
 10
0.0
 20
0.0
 30
0.0
210
0.0
220
0.0
230
1.0
  2
SOLID
 70
1
 71
0
 91
1
 92
3
 72
0
 73
1
 93
5
 10
11400.0
 20
7325.0
 10
11400.0
 20
7175.0
 10
8700.0
 20
7175.0
 10
8700.0
 20
7325.0
 10
11400.0
 20
7325.0
 97
0
 75
0
 76
1
 98
0
  0
LWPOLYLINE
  5
FD
330
17
100
AcDbEntity
  8
A-WALL
100
AcDbPolyline
 90
6
 70
1
 10
7875.0
 20
10075.0
 10
7875.0
 20
9400.0
 10
7725.0
 20
9400.0
 10
7725.0
 20
10000.0
 10
7725.0
 20
10075.0
 10
7875.0
 20
10075.0
1001
FLOORFORGE
1000
floor:0
1000
preliminary
  0
HATCH
  5
FE
330
17
100
AcDbEntity
  8
A-WALL
 62
7
100
AcDbHatch
 10
0.0
 20
0.0
 30
0.0
210
0.0
220
0.0
230
1.0
  2
SOLID
 70
1
 71
0
 91
1
 92
3
 72
0
 73
1
 93
6
 10
7875.0
 20
10075.0
 10
7875.0
 20
9400.0
 10
7725.0
 20
9400.0
 10
7725.0
 20
10000.0
 10
7725.0
 20
10075.0
 10
7875.0
 20
10075.0
 97
0
 75
0
 76
1
 98
0
  0
LWPOLYLINE
  5
FF
330
17
100
AcDbEntity
  8
A-WALL
100
AcDbPolyline
 90
6
 70
1
 10
7875.0
 20
8500.0
 10
7875.0
 20
8425.0
 10
7725.0
 20
8425.0
 10
7725.0
 20
8650.0
 10
7875.0
 20
8650.0
 10
7875.0
 20
8500.0
1001
FLOORFORGE
1000
floor:0
1000
preliminary
  0
HATCH
  5
100
330
17
100
AcDbEntity
  8
A-WALL
 62
7
100
AcDbHatch
 10
0.0
 20
0.0
 30
0.0
210
0.0
220
0.0
230
1.0
  2
SOLID
 70
1
 71
0
 91
1
 92
3
 72
0
 73
1
 93
6
 10
7875.0
 20
8500.0
 10
7875.0
 20
8425.0
 10
7725.0
 20
8425.0
 10
7725.0
 20
8650.0
 10
7875.0
 20
8650.0
 10
7875.0
 20
8500.0
 97
0
 75
0
 76
1
 98
0
  0
LWPOLYLINE
  5
101
330
17
100
AcDbEntity
  8
A-WALL
100
AcDbPolyline
 90
6
 70
1
 10
7800.0
 20
8425.0
 10
7725.0
 20
8425.0
 10
7725.0
 20
8575.0
 10
11400.0
 20
8575.0
 10
11400.0
 20
8425.0
 10
7800.0
 20
8425.0
1001
FLOORFORGE
1000
floor:0
1000
preliminary
  0
HATCH
  5
102
330
17
100
AcDbEntity
  8
A-WALL
 62
7
100
AcDbHatch
 10
0.0
 20
0.0
 30
0.0
210
0.0
220
0.0
230
1.0
  2
SOLID
 70
1
 71
0
 91
1
 92
3
 72
0
 73
1
 93
6
 10
7800.0
 20
8425.0
 10
7725.0
 20
8425.0
 10
7725.0
 20
8575.0
 10
11400.0
 20
8575.0
 10
11400.0
 20
8425.0
 10
7800.0
 20
8425.0
 97
0
 75
0
 76
1
 98
0
  0
LWPOLYLINE
  5
103
330
17
100
AcDbEntity
  8
A-WALL
100
AcDbPolyline
 90
6
 70
1
 10
7875.0
 20
11325.0
 10
7875.0
 20
11050.0
 10
7725.0
 20
11050.0
 10
7725.0
 20
11250.0
 10
7725.0
 20
11325.0
 10
7875.0
 20
11325.0
1001
FLOORFORGE
1000
floor:0
1000
preliminary
  0
HATCH
  5
104
330
17
100
AcDbEntity
  8
A-WALL
 62
7
100
AcDbHatch
 10
0.0
 20
0.0
 30
0.0
210
0.0
220
0.0
230
1.0
  2
SOLID
 70
1
 71
0
 91
1
 92
3
 72
0
 73
1
 93
6
 10
7875.0
 20
11325.0
 10
7875.0
 20
11050.0
 10
7725.0
 20
11050.0
 10
7725.0
 20
11250.0
 10
7725.0
 20
11325.0
 10
7875.0
 20
11325.0
 97
0
 75
0
 76
1
 98
0
  0
LWPOLYLINE
  5
105
330
17
100
AcDbEntity
  8
A-WALL
100
AcDbPolyline
 90
6
 70
1
 10
7875.0
 20
10000.0
 10
7875.0
 20
9925.0
 10
7725.0
 20
9925.0
 10
7725.0
 20
10150.0
 10
7875.0
 20
10150.0
 10
7875.0
 20
10000.0
1001
FLOORFORGE
1000
floor:0
1000
preliminary
  0
HATCH
  5
106
330
17
100
AcDbEntity
  8
A-WALL
 62
7
100
AcDbHatch
 10
0.0
 20
0.0
 30
0.0
210
0.0
220
0.0
230
1.0
  2
SOLID
 70
1
 71
0
 91
1
 92
3
 72
0
 73
1
 93
6
 10
7875.0
 20
10000.0
 10
7875.0
 20
9925.0
 10
7725.0
 20
9925.0
 10
7725.0
 20
10150.0
 10
7875.0
 20
10150.0
 10
7875.0
 20
10000.0
 97
0
 75
0
 76
1
 98
0
  0
LWPOLYLINE
  5
107
330
17
100
AcDbEntity
  8
A-WALL
100
AcDbPolyline
 90
6
 70
1
 10
7800.0
 20
9925.0
 10
7725.0
 20
9925.0
 10
7725.0
 20
10075.0
 10
11400.0
 20
10075.0
 10
11400.0
 20
9925.0
 10
7800.0
 20
9925.0
1001
FLOORFORGE
1000
floor:0
1000
preliminary
  0
HATCH
  5
108
330
17
100
AcDbEntity
  8
A-WALL
 62
7
100
AcDbHatch
 10
0.0
 20
0.0
 30
0.0
210
0.0
220
0.0
230
1.0
  2
SOLID
 70
1
 71
0
 91
1
 92
3
 72
0
 73
1
 93
6
 10
7800.0
 20
9925.0
 10
7725.0
 20
9925.0
 10
7725.0
 20
10075.0
 10
11400.0
 20
10075.0
 10
11400.0
 20
9925.0
 10
7800.0
 20
9925.0
 97
0
 75
0
 76
1
 98
0
  0
LWPOLYLINE
  5
109
330
17
100
AcDbEntity
  8
A-WALL
100
AcDbPolyline
 90
6
 70
1
 10
7875.0
 20
11250.0
 10
7875.0
 20
11175.0
 10
7725.0
 20
11175.0
 10
7725.0
 20
13350.0
 10
7875.0
 20
13350.0
 10
7875.0
 20
11250.0
1001
FLOORFORGE
1000
floor:0
1000
preliminary
  0
HATCH
  5
10A
330
17
100
AcDbEntity
  8
A-WALL
 62
7
100
AcDbHatch
 10
0.0
 20
0.0
 30
0.0
210
0.0
220
0.0
230
1.0
  2
SOLID
 70
1
 71
0
 91
1
 92
3
 72
0
 73
1
 93
6
 10
7875.0
 20
11250.0
 10
7875.0
 20
11175.0
 10
7725.0
 20
11175.0
 10
7725.0
 20
13350.0
 10
7875.0
 20
13350.0
 10
7875.0
 20
11250.0
 97
0
 75
0
 76
1
 98
0
  0
LWPOLYLINE
  5
10B
330
17
100
AcDbEntity
  8
A-WALL
100
AcDbPolyline
 90
6
 70
1
 10
7570.0
 20
13120.0
 10
7570.0
 20
13350.0
 10
8700.0
 20
13350.0
 10
8700.0
 20
13120.0
 10
7800.0
 20
13120.0
 10
7570.0
 20
13120.0
1001
FLOORFORGE
1000
floor:0
1000
preliminary
  0
HATCH
  5
10C
330
17
100
AcDbEntity
  8
A-WALL
 62
7
100
AcDbHatch
 10
0.0
 20
0.0
 30
0.0
210
0.0
220
0.0
230
1.0
  2
SOLID
 70
1
 71
0
 91
1
 92
3
 72
0
 73
1
 93
6
 10
7570.0
 20
13120.0
 10
7570.0
 20
13350.0
 10
8700.0
 20
13350.0
 10
8700.0
 20
13120.0
 10
7800.0
 20
13120.0
 10
7570.0
 20
13120.0
 97
0
 75
0
 76
1
 98
0
  0
LWPOLYLINE
  5
10D
330
17
100
AcDbEntity
  8
A-WALL
100
AcDbPolyline
 90
5
 70
1
 10
11400.0
 20
13350.0
 10
11400.0
 20
13120.0
 10
10500.0
 20
13120.0
 10
10500.0
 20
13350.0
 10
11400.0
 20
13350.0
1001
FLOORFORGE
1000
floor:0
1000
preliminary
  0
HATCH
  5
10E
330
17
100
AcDbEntity
  8
A-WALL
 62
7
100
AcDbHatch
 10
0.0
 20
0.0
 30
0.0
210
0.0
220
0.0
230
1.0
  2
SOLID
 70
1
 71
0
 91
1
 92
3
 72
0
 73
1
 93
5
 10
11400.0
 20
13350.0
 10
11400.0
 20
13120.0
 10
10500.0
 20
13120.0
 10
10500.0
 20
13350.0
 10
11400.0
 20
13350.0
 97
0
 75
0
 76
1
 98
0
  0
LWPOLYLINE
  5
10F
330
17
100
AcDbEntity
  8
A-WALL
100
AcDbPolyline
 90
5
 70
1
 10
8670.0
 20
230.0
 10
11400.0
 20
230.0
 10
11400.0
 20
0.0
 10
8670.0
 20
0.0
 10
8670.0
 20
230.0
1001
FLOORFORGE
1000
floor:0
1000
preliminary
  0
HATCH
  5
110
330
17
100
AcDbEntity
  8
A-WALL
 62
7
100
AcDbHatch
 10
0.0
 20
0.0
 30
0.0
210
0.0
220
0.0
230
1.0
  2
SOLID
 70
1
 71
0
 91
1
 92
3
 72
0
 73
1
 93
5
 10
8670.0
 20
230.0
 10
11400.0
 20
230.0
 10
11400.0
 20
0.0
 10
8670.0
 20
0.0
 10
8670.0
 20
230.0
 97
0
 75
0
 76
1
 98
0
  0
LWPOLYLINE
  5
111
330
17
100
AcDbEntity
  8
A-WALL
100
AcDbPolyline
 90
6
 70
1
 10
8900.0
 20
4375.0
 10
8825.0
 20
4375.0
 10
8825.0
 20
4525.0
 10
11400.0
 20
4525.0
 10
11400.0
 20
4375.0
 10
8900.0
 20
4375.0
1001
FLOORFORGE
1000
floor:0
1000
preliminary
  0
HATCH
  5
112
330
17
100
AcDbEntity
  8
A-WALL
 62
7
100
AcDbHatch
 10
0.0
 20
0.0
 30
0.0
210
0.0
220
0.0
230
1.0
  2
SOLID
 70
1
 71
0
 91
1
 92
3
 72
0
 73
1
 93
6
 10
8900.0
 20
4375.0
 10
8825.0
 20
4375.0
 10
8825.0
 20
4525.0
 10
11400.0
 20
4525.0
 10
11400.0
 20
4375.0
 10
8900.0
 20
4375.0
 97
0
 75
0
 76
1
 98
0
  0
LWPOLYLINE
  5
113
330
17
100
AcDbEntity
  8
A-WALL
100
AcDbPolyline
 90
6
 70
1
 10
11170.0
 20
4680.0
 10
11400.0
 20
4680.0
 10
11400.0
 20
0.0
 10
11170.0
 20
0.0
 10
11170.0
 20
4450.0
 10
11170.0
 20
4680.0
1001
FLOORFORGE
1000
floor:0
1000
preliminary
  0
HATCH
  5
114
330
17
100
AcDbEntity
  8
A-WALL
 62
7
100
AcDbHatch
 10
0.0
 20
0.0
 30
0.0
210
0.0
220
0.0
230
1.0
  2
SOLID
 70
1
 71
0
 91
1
 92
3
 72
0
 73
1
 93
6
 10
11170.0
 20
4680.0
 10
11400.0
 20
4680.0
 10
11400.0
 20
0.0
 10
11170.0
 20
0.0
 10
11170.0
 20
4450.0
 10
11170.0
 20
4680.0
 97
0
 75
0
 76
1
 98
0
  0
LWPOLYLINE
  5
115
330
17
100
AcDbEntity
  8
A-WALL
100
AcDbPolyline
 90
6
 70
1
 10
11400.0
 20
7480.0
 10
11400.0
 20
6600.0
 10
11170.0
 20
6600.0
 10
11170.0
 20
7250.0
 10
11170.0
 20
7480.0
 10
11400.0
 20
7480.0
1001
FLOORFORGE
1000
floor:0
1000
preliminary
  0
HATCH
  5
116
330
17
100
AcDbEntity
  8
A-WALL
 62
7
100
AcDbHatch
 10
0.0
 20
0.0
 30
0.0
210
0.0
220
0.0
230
1.0
  2
SOLID
 70
1
 71
0
 91
1
 92
3
 72
0
 73
1
 93
6
 10
11400.0
 20
7480.0
 10
11400.0
 20
6600.0
 10
11170.0
 20
6600.0
 10
11170.0
 20
7250.0
 10
11170.0
 20
7480.0
 10
11400.0
 20
7480.0
 97
0
 75
0
 76
1
 98
0
  0
LWPOLYLINE
  5
117
330
17
100
AcDbEntity
  8
A-WALL
100
AcDbPolyline
 90
5
 70
1
 10
11400.0
 20
4220.0
 10
11170.0
 20
4220.0
 10
11170.0
 20
5100.0
 10
11400.0
 20
5100.0
 10
11400.0
 20
4220.0
1001
FLOORFORGE
1000
floor:0
1000
preliminary
  0
HATCH
  5
118
330
17
100
AcDbEntity
  8
A-WALL
 62
7
100
AcDbHatch
 10
0.0
 20
0.0
 30
0.0
210
0.0
220
0.0
230
1.0
  2
SOLID
 70
1
 71
0
 91
1
 92
3
 72
0
 73
1
 93
5
 10
11400.0
 20
4220.0
 10
11170.0
 20
4220.0
 10
11170.0
 20
5100.0
 10
11400.0
 20
5100.0
 10
11400.0
 20
4220.0
 97
0
 75
0
 76
1
 98
0
  0
LWPOLYLINE
  5
119
330
17
100
AcDbEntity
  8
A-WALL
100
AcDbPolyline
 90
6
 70
1
 10
11400.0
 20
8730.0
 10
11400.0
 20
8175.0
 10
11170.0
 20
8175.0
 10
11170.0
 20
8500.0
 10
11170.0
 20
8730.0
 10
11400.0
 20
8730.0
1001
FLOORFORGE
1000
floor:0
1000
preliminary
  0
HATCH
  5
11A
330
17
100
AcDbEntity
  8
A-WALL
 62
7
100
AcDbHatch
 10
0.0
 20
0.0
 30
0.0
210
0.0
220
0.0
230
1.0
  2
SOLID
 70
1
 71
0
 91
1
 92
3
 72
0
 73
1
 93
6
 10
11400.0
 20
8730.0
 10
11400.0
 20
8175.0
 10
11170.0
 20
8175.0
 10
11170.0
 20
8500.0
 10
11170.0
 20
8730.0
 10
11400.0
 20
8730.0
 97
0
 75
0
 76
1
 98
0
  0
LWPOLYLINE
  5
11B
330
17
100
AcDbEntity
  8
A-WALL
100
AcDbPolyline
 90
5
 70
1
 10
11400.0
 20
7020.0
 10
11170.0
 20
7020.0
 10
11170.0
 20
7575.0
 10
11400.0
 20
7575.0
 10
11400.0
 20
7020.0
1001
FLOORFORGE
1000
floor:0
1000
preliminary
  0
HATCH
  5
11C
330
17
100
AcDbEntity
  8
A-WALL
 62
7
100
AcDbHatch
 10
0.0
 20
0.0
 30
0.0
210
0.0
220
0.0
230
1.0
  2
SOLID
 70
1
 71
0
 91
1
 92
3
 72
0
 73
1
 93
5
 10
11400.0
 20
7020.0
 10
11170.0
 20
7020.0
 10
11170.0
 20
7575.0
 10
11400.0
 20
7575.0
 10
11400.0
 20
7020.0
 97
0
 75
0
 76
1
 98
0
  0
LWPOLYLINE
  5
11D
330
17
100
AcDbEntity
  8
A-WALL
100
AcDbPolyline
 90
6
 70
1
 10
11170.0
 20
10230.0
 10
11400.0
 20
10230.0
 10
11400.0
 20
8270.0
 10
11170.0
 20
8270.0
 10
11170.0
 20
10000.0
 10
11170.0
 20
10230.0
1001
FLOORFORGE
1000
floor:0
1000
preliminary
  0
HATCH
  5
11E
330
17
100
AcDbEntity
  8
A-WALL
 62
7
100
AcDbHatch
 10
0.0
 20
0.0
 30
0.0
210
0.0
220
0.0
230
1.0
  2
SOLID
 70
1
 71
0
 91
1
 92
3
 72
0
 73
1
 93
6
 10
11170.0
 20
10230.0
 10
11400.0
 20
10230.0
 10
11400.0
 20
8270.0
 10
11170.0
 20
8270.0
 10
11170.0
 20
10000.0
 10
11170.0
 20
10230.0
 97
0
 75
0
 76
1
 98
0
  0
LWPOLYLINE
  5
11F
330
17
100
AcDbEntity
  8
A-WALL
100
AcDbPolyline
 90
5
 70
1
 10
11170.0
 20
10775.0
 10
11400.0
 20
10775.0
 10
11400.0
 20
9770.0
 10
11170.0
 20
9770.0
 10
11170.0
 20
10775.0
1001
FLOORFORGE
1000
floor:0
1000
preliminary
  0
HATCH
  5
120
330
17
100
AcDbEntity
  8
A-WALL
 62
7
100
AcDbHatch
 10
0.0
 20
0.0
 30
0.0
210
0.0
220
0.0
230
1.0
  2
SOLID
 70
1
 71
0
 91
1
 92
3
 72
0
 73
1
 93
5
 10
11170.0
 20
10775.0
 10
11400.0
 20
10775.0
 10
11400.0
 20
9770.0
 10
11170.0
 20
9770.0
 10
11170.0
 20
10775.0
 97
0
 75
0
 76
1
 98
0
  0
LWPOLYLINE
  5
121
330
17
100
AcDbEntity
  8
A-WALL
100
AcDbPolyline
 90
5
 70
1
 10
11170.0
 20
13350.0
 10
11400.0
 20
13350.0
 10
11400.0
 20
12575.0
 10
11170.0
 20
12575.0
 10
11170.0
 20
13350.0
1001
FLOORFORGE
1000
floor:0
1000
preliminary
  0
HATCH
  5
122
330
17
100
AcDbEntity
  8
A-WALL
 62
7
100
AcDbHatch
 10
0.0
 20
0.0
 30
0.0
210
0.0
220
0.0
230
1.0
  2
SOLID
 70
1
 71
0
 91
1
 92
3
 72
0
 73
1
 93
5
 10
11170.0
 20
13350.0
 10
11400.0
 20
13350.0
 10
11400.0
 20
12575.0
 10
11170.0
 20
12575.0
 10
11170.0
 20
13350.0
 97
0
 75
0
 76
1
 98
0
  0
LINE
  5
123
330
17
100
AcDbEntity
  8
A-DOOR
100
AcDbLine
 10
2325.0
 20
9225.0
 30
0.0
 11
1575.0
 21
9225.0
 31
0.0
1001
FLOORFORGE
1000
floor:0
1000
preliminary
  0
LWPOLYLINE
  5
124
330
17
100
AcDbEntity
  8
A-DOOR
100
AcDbPolyline
 90
18
 70
0
 10
2325.0
 20
9975.0
 10
2255.7987304025237
 20
9971.800632221275
 10
2187.187861637572
 20
9962.229824762926
 10
2119.7527574459377
 20
9946.369232379615
 10
2054.0687503596355
 20
9924.354172053267
 10
1990.6962331675963
 20
9896.372468516296
 10
1930.1758778419833
 20
9862.662851797211
 10
1873.0240227155577
 20
9823.51292046018
 10
1819.7282672650822
 20
9779.256687915495
 10
1770.7433120845058
 20
9730.271732734918
 10
1726.4870795398203
 20
9676.975977284443
 10
1687.3371482027894
 20
9619.824122158017
 10
1653.6275314837033
 20
9559.303766832403
 10
1625.645827946733
 20
9495.931249640365
 10
1603.6307676203858
 20
9430.247242554062
 10
1587.7701752370735
 20
9362.812138362428
 10
1578.199367778724
 20
9294.201269597477
 10
1575.0
 20
9225.0
1001
FLOORFORGE
1000
floor:0
1000
preliminary
  0
TEXT
  5
125
330
17
100
AcDbEntity
  8
A-TAGS
100
AcDbText
 10
2725.0
 20
9540.0
 30
0.0
 40
150.0
  1
D1
 72
1
 11
2725.0
 21
9540.0
 31
0.0
100
AcDbText
 73
1
1001
FLOORFORGE
1000
floor:0
1000
preliminary
  0
LINE
  5
126
330
17
100
AcDbEntity
  8
A-DOOR
100
AcDbLine
 10
6225.0
 20
8650.0
 30
0.0
 11
5325.0
 21
8650.0
 31
0.0
1001
FLOORFORGE
1000
floor:0
1000
preliminary
  0
LWPOLYLINE
  5
127
330
17
100
AcDbEntity
  8
A-DOOR
100
AcDbPolyline
 90
18
 70
0
 10
6225.0
 20
9550.0
 10
6141.958476483028
 20
9546.160758665532
 10
6059.625433965087
 20
9534.675789715511
 10
5978.703308935125
 20
9515.643078855537
 10
5899.882500431562
 20
9489.22500646392
 10
5823.835479801116
 20
9455.646962219556
 10
5751.2110534103795
 20
9415.195422156652
 10
5682.628827258669
 20
9368.215504552216
 10
5618.673920718098
 20
9315.108025498594
 10
5559.891974501406
 20
9256.326079281902
 10
5506.784495447784
 20
9192.37117274133
 10
5459.804577843347
 20
9123.78894658962
 10
5419.353037780444
 20
9051.164520198885
 10
5385.77499353608
 20
8975.117499568438
 10
5359.356921144463
 20
8896.296691064874
 10
5340.324210284489
 20
8815.374566034914
 10
5328.839241334469
 20
8733.041523516971
 10
5325.0
 20
8650.0
1001
FLOORFORGE
1000
floor:0
1000
preliminary
  0
TEXT
  5
128
330
17
100
AcDbEntity
  8
A-TAGS
100
AcDbText
 10
6625.0
 20
9040.0
 30
0.0
 40
150.0
  1
D2
 72
1
 11
6625.0
 21
9040.0
 31
0.0
100
AcDbText
 73
1
1001
FLOORFORGE
1000
floor:0
1000
preliminary
  0
LINE
  5
129
330
17
100
AcDbEntity
  8
A-DOOR
100
AcDbLine
 10
7875.0
 20
8650.0
 30
0.0
 11
8625.0
 21
8650.0
 31
0.0
1001
FLOORFORGE
1000
floor:0
1000
preliminary
  0
LWPOLYLINE
  5
12A
330
17
100
AcDbEntity
  8
A-DOOR
100
AcDbPolyline
 90
18
 70
0
 10
7875.0
 20
9400.0
 10
7944.201269597476
 20
9396.800632221275
 10
8012.8121383624275
 20
9387.229824762926
 10
8080.247242554062
 20
9371.369232379615
 10
8145.9312496403645
 20
9349.354172053267
 10
8209.303766832403
 20
9321.372468516296
 10
8269.824122158017
 20
9287.662851797211
 10
8326.975977284443
 20
9248.51292046018
 10
8380.271732734918
 20
9204.256687915495
 10
8429.256687915495
 20
9155.271732734918
 10
8473.51292046018
 20
9101.975977284443
 10
8512.662851797211
 20
9044.824122158017
 10
8546.372468516296
 20
8984.303766832403
 10
8574.354172053267
 20
8920.931249640365
 10
8596.369232379615
 20
8855.247242554062
 10
8612.229824762926
 20
8787.812138362428
 10
8621.800632221275
 20
8719.201269597477
 10
8625.0
 20
8650.0
1001
FLOORFORGE
1000
floor:0
1000
preliminary
  0
TEXT
  5
12B
330
17
100
AcDbEntity
  8
A-TAGS
100
AcDbText
 10
7475.0
 20
8965.0
 30
0.0
 40
150.0
  1
D1
 72
1
 11
7475.0
 21
8965.0
 31
0.0
100
AcDbText
 73
1
1001
FLOORFORGE
1000
floor:0
1000
preliminary
  0
LINE
  5
12C
330
17
100
AcDbEntity
  8
A-DOOR
100
AcDbLine
 10
2325.0
 20
11575.0
 30
0.0
 11
2325.0
 21
12475.0
 31
0.0
1001
FLOORFORGE
1000
floor:0
1000
preliminary
  0
LINE
  5
12D
330
17
100
AcDbEntity
  8
A-DOOR
100
AcDbLine
 10
2475.0
 20
11575.0
 30
0.0
 11
2475.0
 21
12475.0
 31
0.0
1001
FLOORFORGE
1000
floor:0
1000
preliminary
  0
TEXT
  5
12E
330
17
100
AcDbEntity
  8
A-TAGS
100
AcDbText
 10
2075.0
 20
11965.0
 30
0.0
 40
150.0
  1
O1
 72
1
 11
2075.0
 21
11965.0
 31
0.0
100
AcDbText
 73
1
1001
FLOORFORGE
1000
floor:0
1000
preliminary
  0
LINE
  5
12F
330
17
100
AcDbEntity
  8
A-DOOR
100
AcDbLine
 10
7875.0
 20
5350.0
 30
0.0
 11
7875.0
 21
6850.0
 31
0.0
1001
FLOORFORGE
1000
floor:0
1000
preliminary
  0
LINE
  5
130
330
17
100
AcDbEntity
  8
A-DOOR
100
AcDbLine
 10
7725.0
 20
5350.0
 30
0.0
 11
7725.0
 21
6850.0
 31
0.0
1001
FLOORFORGE
1000
floor:0
1000
preliminary
  0
TEXT
  5
131
330
17
100
AcDbEntity
  8
A-TAGS
100
AcDbText
 10
8125.0
 20
6040.0
 30
0.0
 40
150.0
  1
O2
 72
1
 11
8125.0
 21
6040.0
 31
0.0
100
AcDbText
 73
1
1001
FLOORFORGE
1000
floor:0
1000
preliminary
  0
LINE
  5
132
330
17
100
AcDbEntity
  8
A-DOOR
100
AcDbLine
 10
6675.0
 20
11325.0
 30
0.0
 11
6675.0
 21
12075.0
 31
0.0
1001
FLOORFORGE
1000
floor:0
1000
preliminary
  0
LWPOLYLINE
  5
133
330
17
100
AcDbEntity
  8
A-DOOR
100
AcDbPolyline
 90
18
 70
0
 10
7425.0
 20
11325.0
 10
7421.800632221276
 20
11394.201269597477
 10
7412.229824762926
 20
11462.812138362428
 10
7396.369232379614
 20
11530.247242554062
 10
7374.354172053267
 20
11595.931249640365
 10
7346.372468516297
 20
11659.303766832403
 10
7312.66285179721
 20
11719.824122158017
 10
7273.51292046018
 20
11776.975977284443
 10
7229.256687915495
 20
11830.271732734918
 10
7180.271732734918
 20
11879.256687915495
 10
7126.975977284443
 20
11923.51292046018
 10
7069.8241221580165
 20
11962.662851797211
 10
7009.303766832404
 20
11996.372468516296
 10
6945.9312496403645
 20
12024.354172053267
 10
6880.247242554062
 20
12046.369232379615
 10
6812.8121383624275
 20
12062.229824762926
 10
6744.201269597476
 20
12071.800632221275
 10
6675.0
 20
12075.0
1001
FLOORFORGE
1000
floor:0
1000
preliminary
  0
TEXT
  5
134
330
17
100
AcDbEntity
  8
A-TAGS
100
AcDbText
 10
7050.0
 20
10865.0
 30
0.0
 40
150.0
  1
D1
 72
1
 11
7050.0
 21
10865.0
 31
0.0
100
AcDbText
 73
1
1001
FLOORFORGE
1000
floor:0
1000
preliminary
  0
LINE
  5
135
330
17
100
AcDbEntity
  8
A-DOOR
100
AcDbLine
 10
2925.0
 20
4750.0
 30
0.0
 11
2025.0
 21
4750.0
 31
0.0
1001
FLOORFORGE
1000
floor:0
1000
preliminary
  0
LWPOLYLINE
  5
136
330
17
100
AcDbEntity
  8
A-DOOR
100
AcDbPolyline
 90
18
 70
0
 10
2925.0
 20
5650.0
 10
2841.9584764830283
 20
5646.160758665531
 10
2759.625433965087
 20
5634.675789715511
 10
2678.7033089351253
 20
5615.643078855537
 10
2599.882500431562
 20
5589.22500646392
 10
2523.8354798011155
 20
5555.646962219556
 10
2451.21105341038
 20
5515.195422156653
 10
2382.6288272586694
 20
5468.215504552216
 10
2318.6739207180985
 20
5415.108025498594
 10
2259.891974501407
 20
5356.326079281902
 10
2206.7844954477846
 20
5292.371172741331
 10
2159.804577843347
 20
5223.7889465896205
 10
2119.3530377804436
 20
5151.164520198885
 10
2085.77499353608
 20
5075.117499568438
 10
2059.356921144463
 20
4996.296691064875
 10
2040.3242102844883
 20
4915.374566034913
 10
2028.839241334469
 20
4833.041523516972
 10
2025.0
 20
4750.0
1001
FLOORFORGE
1000
floor:0
1000
preliminary
  0
TEXT
  5
137
330
17
100
AcDbEntity
  8
A-TAGS
100
AcDbText
 10
3325.0
 20
5140.0
 30
0.0
 40
150.0
  1
D2
 72
1
 11
3325.0
 21
5140.0
 31
0.0
100
AcDbText
 73
1
1001
FLOORFORGE
1000
floor:0
1000
preliminary
  0
LINE
  5
138
330
17
100
AcDbEntity
  8
A-DOOR
100
AcDbLine
 10
2925.0
 20
6850.0
 30
0.0
 11
2175.0
 21
6850.0
 31
0.0
1001
FLOORFORGE
1000
floor:0
1000
preliminary
  0
LWPOLYLINE
  5
139
330
17
100
AcDbEntity
  8
A-DOOR
100
AcDbPolyline
 90
18
 70
0
 10
2925.0
 20
7600.0
 10
2855.7987304025237
 20
7596.800632221276
 10
2787.187861637572
 20
7587.229824762926
 10
2719.7527574459377
 20
7571.369232379614
 10
2654.0687503596355
 20
7549.354172053267
 10
2590.6962331675963
 20
7521.372468516297
 10
2530.175877841983
 20
7487.66285179721
 10
2473.0240227155577
 20
7448.51292046018
 10
2419.728267265082
 20
7404.256687915495
 10
2370.7433120845058
 20
7355.271732734918
 10
2326.48707953982
 20
7301.975977284443
 10
2287.3371482027896
 20
7244.8241221580165
 10
2253.627531483703
 20
7184.303766832404
 10
2225.6458279467333
 20
7120.9312496403645
 10
2203.630767620386
 20
7055.247242554062
 10
2187.7701752370735
 20
6987.8121383624275
 10
2178.199367778724
 20
6919.201269597476
 10
2175.0
 20
6850.0
1001
FLOORFORGE
1000
floor:0
1000
preliminary
  0
TEXT
  5
13A
330
17
100
AcDbEntity
  8
A-TAGS
100
AcDbText
 10
3325.0
 20
7165.0
 30
0.0
 40
150.0
  1
D1
 72
1
 11
3325.0
 21
7165.0
 31
0.0
100
AcDbText
 73
1
1001
FLOORFORGE
1000
floor:0
1000
preliminary
  0
LINE
  5
13B
330
17
100
AcDbEntity
  8
A-DOOR
100
AcDbLine
 10
7875.0
 20
10150.0
 30
0.0
 11
8775.0
 21
10150.0
 31
0.0
1001
FLOORFORGE
1000
floor:0
1000
preliminary
  0
LWPOLYLINE
  5
13C
330
17
100
AcDbEntity
  8
A-DOOR
100
AcDbPolyline
 90
18
 70
0
 10
7875.0
 20
11050.0
 10
7958.041523516972
 20
11046.160758665532
 10
8040.374566034913
 20
11034.675789715511
 10
8121.296691064875
 20
11015.643078855537
 10
8200.117499568438
 20
10989.22500646392
 10
8276.164520198885
 20
10955.646962219556
 10
8348.78894658962
 20
10915.195422156652
 10
8417.37117274133
 20
10868.215504552216
 10
8481.326079281902
 20
10815.108025498594
 10
8540.108025498594
 20
10756.326079281902
 10
8593.215504552216
 20
10692.37117274133
 10
8640.195422156652
 20
10623.78894658962
 10
8680.646962219556
 20
10551.164520198885
 10
8714.22500646392
 20
10475.117499568438
 10
8740.643078855537
 20
10396.296691064874
 10
8759.675789715511
 20
10315.374566034914
 10
8771.160758665532
 20
10233.041523516971
 10
8775.0
 20
10150.0
1001
FLOORFORGE
1000
floor:0
1000
preliminary
  0
TEXT
  5
13D
330
17
100
AcDbEntity
  8
A-TAGS
100
AcDbText
 10
7475.0
 20
10540.0
 30
0.0
 40
150.0
  1
D2
 72
1
 11
7475.0
 21
10540.0
 31
0.0
100
AcDbText
 73
1
1001
FLOORFORGE
1000
floor:0
1000
preliminary
  0
LINE
  5
13E
330
17
100
AcDbEntity
  8
A-DOOR
100
AcDbLine
 10
7950.0
 20
7325.0
 30
0.0
 11
7950.0
 21
8075.0
 31
0.0
1001
FLOORFORGE
1000
floor:0
1000
preliminary
  0
LWPOLYLINE
  5
13F
330
17
100
AcDbEntity
  8
A-DOOR
100
AcDbPolyline
 90
18
 70
0
 10
8700.0
 20
7325.0
 10
8696.800632221275
 20
7394.201269597476
 10
8687.229824762926
 20
7462.8121383624275
 10
8671.369232379615
 20
7530.247242554062
 10
8649.354172053267
 20
7595.9312496403645
 10
8621.372468516296
 20
7659.303766832404
 10
8587.662851797211
 20
7719.8241221580165
 10
8548.51292046018
 20
7776.975977284443
 10
8504.256687915495
 20
7830.271732734918
 10
8455.271732734918
 20
7879.256687915495
 10
8401.975977284443
 20
7923.51292046018
 10
8344.824122158017
 20
7962.66285179721
 10
8284.303766832403
 20
7996.372468516297
 10
8220.931249640365
 20
8024.354172053267
 10
8155.247242554062
 20
8046.369232379614
 10
8087.8121383624275
 20
8062.229824762926
 10
8019.201269597476
 20
8071.800632221276
 10
7950.0
 20
8075.0
1001
FLOORFORGE
1000
floor:0
1000
preliminary
  0
TEXT
  5
140
330
17
100
AcDbEntity
  8
A-TAGS
100
AcDbText
 10
8325.0
 20
6865.0
 30
0.0
 40
150.0
  1
D1
 72
1
 11
8325.0
 21
6865.0
 31
0.0
100
AcDbText
 73
1
1001
FLOORFORGE
1000
floor:0
1000
preliminary
  0
LINE
  5
141
330
17
100
AcDbEntity
  8
A-WIND
100
AcDbLine
 10
0.0
 20
425.0
 30
0.0
 11
0.0
 21
4025.0
 31
0.0
1001
FLOORFORGE
1000
floor:0
1000
preliminary
  0
LINE
  5
142
330
17
100
AcDbEntity
  8
A-WIND
100
AcDbLine
 10
230.0
 20
425.0
 30
0.0
 11
230.0
 21
4025.0
 31
0.0
1001
FLOORFORGE
1000
floor:0
1000
preliminary
  0
LINE
  5
143
330
17
100
AcDbEntity
  8
A-WIND
100
AcDbLine
 10
97.0
 20
425.0
 30
0.0
 11
97.0
 21
4025.0
 31
0.0
1001
FLOORFORGE
1000
floor:0
1000
preliminary
  0
LINE
  5
144
330
17
100
AcDbEntity
  8
A-WIND
100
AcDbLine
 10
133.0
 20
425.0
 30
0.0
 11
133.0
 21
4025.0
 31
0.0
1001
FLOORFORGE
1000
floor:0
1000
preliminary
  0
LINE
  5
145
330
17
100
AcDbEntity
  8
A-WIND
100
AcDbLine
 10
0.0
 20
425.0
 30
0.0
 11
230.0
 21
425.0
 31
0.0
1001
FLOORFORGE
1000
floor:0
1000
preliminary
  0
LINE
  5
146
330
17
100
AcDbEntity
  8
A-WIND
100
AcDbLine
 10
0.0
 20
4025.0
 30
0.0
 11
230.0
 21
4025.0
 31
0.0
1001
FLOORFORGE
1000
floor:0
1000
preliminary
  0
TEXT
  5
147
330
17
100
AcDbEntity
  8
A-TAGS
100
AcDbText
 10
-380.0
 20
2165.0
 30
0.0
 40
150.0
  1
W1
 72
1
 11
-380.0
 21
2165.0
 31
0.0
100
AcDbText
 73
1
1001
FLOORFORGE
1000
floor:0
1000
preliminary
  0
LINE
  5
148
330
17
100
AcDbEntity
  8
A-DOOR
100
AcDbLine
 10
8200.0
 20
230.0
 30
0.0
 11
8200.0
 21
1430.0
 31
0.0
1001
FLOORFORGE
1000
floor:0
1000
preliminary
  0
LWPOLYLINE
  5
149
330
17
100
AcDbEntity
  8
A-DOOR
100
AcDbPolyline
 90
18
 70
0
 10
7000.0
 20
230.0
 10
7005.118988445958
 20
340.7220313559624
 10
7020.432280379318
 20
450.49942137988444
 10
7045.809228192617
 20
558.3955880864994
 10
7081.033324714773
 20
663.4899994245835
 10
7125.804050373925
 20
764.8860269318459
 10
7179.739437124463
 20
861.7185954528269
 10
7242.379327263712
 20
953.1615636551077
 10
7313.189299335209
 20
1038.4347723758688
 10
7391.565227624132
 20
1116.810700664791
 10
7476.838436344892
 20
1187.6206727362874
 10
7568.281404547173
 20
1250.2605628755368
 10
7665.113973068154
 20
1304.1959496260747
 10
7766.510000575417
 20
1348.966675285227
 10
7871.6044119135
 20
1384.1907718073828
 10
7979.500578620115
 20
1409.567719620682
 10
8089.277968644037
 20
1424.8810115540414
 10
8200.0
 20
1430.0
1001
FLOORFORGE
1000
floor:0
1000
preliminary
  0
TEXT
  5
14A
330
17
100
AcDbEntity
  8
A-TAGS
100
AcDbText
 10
7600.0
 20
-310.0
 30
0.0
 40
150.0
  1
D3
 72
1
 11
7600.0
 21
-310.0
 31
0.0
100
AcDbText
 73
1
1001
FLOORFORGE
1000
floor:0
1000
preliminary
  0
LINE
  5
14B
330
17
100
AcDbEntity
  8
A-WIND
100
AcDbLine
 10
800.0
 20
0.0
 30
0.0
 11
6200.0
 21
0.0
 31
0.0
1001
FLOORFORGE
1000
floor:0
1000
preliminary
  0
LINE
  5
14C
330
17
100
AcDbEntity
  8
A-WIND
100
AcDbLine
 10
800.0
 20
230.0
 30
0.0
 11
6200.0
 21
230.0
 31
0.0
1001
FLOORFORGE
1000
floor:0
1000
preliminary
  0
LINE
  5
14D
330
17
100
AcDbEntity
  8
A-WIND
100
AcDbLine
 10
800.0
 20
97.0
 30
0.0
 11
6200.0
 21
97.0
 31
0.0
1001
FLOORFORGE
1000
floor:0
1000
preliminary
  0
LINE
  5
14E
330
17
100
AcDbEntity
  8
A-WIND
100
AcDbLine
 10
800.0
 20
133.0
 30
0.0
 11
6200.0
 21
133.0
 31
0.0
1001
FLOORFORGE
1000
floor:0
1000
preliminary
  0
LINE
  5
14F
330
17
100
AcDbEntity
  8
A-WIND
100
AcDbLine
 10
800.0
 20
0.0
 30
0.0
 11
800.0
 21
230.0
 31
0.0
1001
FLOORFORGE
1000
floor:0
1000
preliminary
  0
LINE
  5
150
330
17
100
AcDbEntity
  8
A-WIND
100
AcDbLine
 10
6200.0
 20
0.0
 30
0.0
 11
6200.0
 21
230.0
 31
0.0
1001
FLOORFORGE
1000
floor:0
1000
preliminary
  0
TEXT
  5
151
330
17
100
AcDbEntity
  8
A-TAGS
100
AcDbText
 10
3500.0
 20
-440.0
 30
0.0
 40
150.0
  1
W2
 72
1
 11
3500.0
 21
-440.0
 31
0.0
100
AcDbText
 73
1
1001
FLOORFORGE
1000
floor:0
1000
preliminary
  0
LINE
  5
152
330
17
100
AcDbEntity
  8
A-WIND
100
AcDbLine
 10
0.0
 20
6925.0
 30
0.0
 11
0.0
 21
7525.0
 31
0.0
1001
FLOORFORGE
1000
floor:0
1000
preliminary
  0
LINE
  5
153
330
17
100
AcDbEntity
  8
A-WIND
100
AcDbLine
 10
230.0
 20
6925.0
 30
0.0
 11
230.0
 21
7525.0
 31
0.0
1001
FLOORFORGE
1000
floor:0
1000
preliminary
  0
LINE
  5
154
330
17
100
AcDbEntity
  8
A-WIND
100
AcDbLine
 10
97.0
 20
6925.0
 30
0.0
 11
97.0
 21
7525.0
 31
0.0
1001
FLOORFORGE
1000
floor:0
1000
preliminary
  0
LINE
  5
155
330
17
100
AcDbEntity
  8
A-WIND
100
AcDbLine
 10
133.0
 20
6925.0
 30
0.0
 11
133.0
 21
7525.0
 31
0.0
1001
FLOORFORGE
1000
floor:0
1000
preliminary
  0
LINE
  5
156
330
17
100
AcDbEntity
  8
A-WIND
100
AcDbLine
 10
0.0
 20
6925.0
 30
0.0
 11
230.0
 21
6925.0
 31
0.0
1001
FLOORFORGE
1000
floor:0
1000
preliminary
  0
LINE
  5
157
330
17
100
AcDbEntity
  8
A-WIND
100
AcDbLine
 10
0.0
 20
7525.0
 30
0.0
 11
230.0
 21
7525.0
 31
0.0
1001
FLOORFORGE
1000
floor:0
1000
preliminary
  0
TEXT
  5
158
330
17
100
AcDbEntity
  8
A-TAGS
100
AcDbText
 10
-380.0
 20
7165.0
 30
0.0
 40
150.0
  1
V1
 72
1
 11
-380.0
 21
7165.0
 31
0.0
100
AcDbText
 73
1
1001
FLOORFORGE
1000
floor:0
1000
preliminary
  0
LINE
  5
159
330
17
100
AcDbEntity
  8
A-WIND
100
AcDbLine
 10
0.0
 20
9075.0
 30
0.0
 11
0.0
 21
10125.0
 31
0.0
1001
FLOORFORGE
1000
floor:0
1000
preliminary
  0
LINE
  5
15A
330
17
100
AcDbEntity
  8
A-WIND
100
AcDbLine
 10
230.0
 20
9075.0
 30
0.0
 11
230.0
 21
10125.0
 31
0.0
1001
FLOORFORGE
1000
floor:0
1000
preliminary
  0
LINE
  5
15B
330
17
100
AcDbEntity
  8
A-WIND
100
AcDbLine
 10
97.0
 20
9075.0
 30
0.0
 11
97.0
 21
10125.0
 31
0.0
1001
FLOORFORGE
1000
floor:0
1000
preliminary
  0
LINE
  5
15C
330
17
100
AcDbEntity
  8
A-WIND
100
AcDbLine
 10
133.0
 20
9075.0
 30
0.0
 11
133.0
 21
10125.0
 31
0.0
1001
FLOORFORGE
1000
floor:0
1000
preliminary
  0
LINE
  5
15D
330
17
100
AcDbEntity
  8
A-WIND
100
AcDbLine
 10
0.0
 20
9075.0
 30
0.0
 11
230.0
 21
9075.0
 31
0.0
1001
FLOORFORGE
1000
floor:0
1000
preliminary
  0
LINE
  5
15E
330
17
100
AcDbEntity
  8
A-WIND
100
AcDbLine
 10
0.0
 20
10125.0
 30
0.0
 11
230.0
 21
10125.0
 31
0.0
1001
FLOORFORGE
1000
floor:0
1000
preliminary
  0
TEXT
  5
15F
330
17
100
AcDbEntity
  8
A-TAGS
100
AcDbText
 10
-380.0
 20
9540.0
 30
0.0
 40
150.0
  1
V2
 72
1
 11
-380.0
 21
9540.0
 31
0.0
100
AcDbText
 73
1
1001
FLOORFORGE
1000
floor:0
1000
preliminary
  0
LINE
  5
160
330
17
100
AcDbEntity
  8
A-WIND
100
AcDbLine
 10
0.0
 20
11575.0
 30
0.0
 11
0.0
 21
12475.0
 31
0.0
1001
FLOORFORGE
1000
floor:0
1000
preliminary
  0
LINE
  5
161
330
17
100
AcDbEntity
  8
A-WIND
100
AcDbLine
 10
230.0
 20
11575.0
 30
0.0
 11
230.0
 21
12475.0
 31
0.0
1001
FLOORFORGE
1000
floor:0
1000
preliminary
  0
LINE
  5
162
330
17
100
AcDbEntity
  8
A-WIND
100
AcDbLine
 10
97.0
 20
11575.0
 30
0.0
 11
97.0
 21
12475.0
 31
0.0
1001
FLOORFORGE
1000
floor:0
1000
preliminary
  0
LINE
  5
163
330
17
100
AcDbEntity
  8
A-WIND
100
AcDbLine
 10
133.0
 20
11575.0
 30
0.0
 11
133.0
 21
12475.0
 31
0.0
1001
FLOORFORGE
1000
floor:0
1000
preliminary
  0
LINE
  5
164
330
17
100
AcDbEntity
  8
A-WIND
100
AcDbLine
 10
0.0
 20
11575.0
 30
0.0
 11
230.0
 21
11575.0
 31
0.0
1001
FLOORFORGE
1000
floor:0
1000
preliminary
  0
LINE
  5
165
330
17
100
AcDbEntity
  8
A-WIND
100
AcDbLine
 10
0.0
 20
12475.0
 30
0.0
 11
230.0
 21
12475.0
 31
0.0
1001
FLOORFORGE
1000
floor:0
1000
preliminary
  0
TEXT
  5
166
330
17
100
AcDbEntity
  8
A-TAGS
100
AcDbText
 10
-380.0
 20
11965.0
 30
0.0
 40
150.0
  1
W3
 72
1
 11
-380.0
 21
11965.0
 31
0.0
100
AcDbText
 73
1
1001
FLOORFORGE
1000
floor:0
1000
preliminary
  0
LINE
  5
167
330
17
100
AcDbEntity
  8
A-WIND
100
AcDbLine
 10
750.0
 20
13350.0
 30
0.0
 11
1650.0
 21
13350.0
 31
0.0
1001
FLOORFORGE
1000
floor:0
1000
preliminary
  0
LINE
  5
168
330
17
100
AcDbEntity
  8
A-WIND
100
AcDbLine
 10
750.0
 20
13120.0
 30
0.0
 11
1650.0
 21
13120.0
 31
0.0
1001
FLOORFORGE
1000
floor:0
1000
preliminary
  0
LINE
  5
169
330
17
100
AcDbEntity
  8
A-WIND
100
AcDbLine
 10
750.0
 20
13253.0
 30
0.0
 11
1650.0
 21
13253.0
 31
0.0
1001
FLOORFORGE
1000
floor:0
1000
preliminary
  0
LINE
  5
16A
330
17
100
AcDbEntity
  8
A-WIND
100
AcDbLine
 10
750.0
 20
13217.0
 30
0.0
 11
1650.0
 21
13217.0
 31
0.0
1001
FLOORFORGE
1000
floor:0
1000
preliminary
  0
LINE
  5
16B
330
17
100
AcDbEntity
  8
A-WIND
100
AcDbLine
 10
750.0
 20
13350.0
 30
0.0
 11
750.0
 21
13120.0
 31
0.0
1001
FLOORFORGE
1000
floor:0
1000
preliminary
  0
LINE
  5
16C
330
17
100
AcDbEntity
  8
A-WIND
100
AcDbLine
 10
1650.0
 20
13350.0
 30
0.0
 11
1650.0
 21
13120.0
 31
0.0
1001
FLOORFORGE
1000
floor:0
1000
preliminary
  0
TEXT
  5
16D
330
17
100
AcDbEntity
  8
A-TAGS
100
AcDbText
 10
1200.0
 20
13670.0
 30
0.0
 40
150.0
  1
W3
 72
1
 11
1200.0
 21
13670.0
 31
0.0
100
AcDbText
 73
1
1001
FLOORFORGE
1000
floor:0
1000
preliminary
  0
LINE
  5
16E
330
17
100
AcDbEntity
  8
A-WIND
100
AcDbLine
 10
3150.0
 20
13350.0
 30
0.0
 11
5550.0
 21
13350.0
 31
0.0
1001
FLOORFORGE
1000
floor:0
1000
preliminary
  0
LINE
  5
16F
330
17
100
AcDbEntity
  8
A-WIND
100
AcDbLine
 10
3150.0
 20
13120.0
 30
0.0
 11
5550.0
 21
13120.0
 31
0.0
1001
FLOORFORGE
1000
floor:0
1000
preliminary
  0
LINE
  5
170
330
17
100
AcDbEntity
  8
A-WIND
100
AcDbLine
 10
3150.0
 20
13253.0
 30
0.0
 11
5550.0
 21
13253.0
 31
0.0
1001
FLOORFORGE
1000
floor:0
1000
preliminary
  0
LINE
  5
171
330
17
100
AcDbEntity
  8
A-WIND
100
AcDbLine
 10
3150.0
 20
13217.0
 30
0.0
 11
5550.0
 21
13217.0
 31
0.0
1001
FLOORFORGE
1000
floor:0
1000
preliminary
  0
LINE
  5
172
330
17
100
AcDbEntity
  8
A-WIND
100
AcDbLine
 10
3150.0
 20
13350.0
 30
0.0
 11
3150.0
 21
13120.0
 31
0.0
1001
FLOORFORGE
1000
floor:0
1000
preliminary
  0
LINE
  5
173
330
17
100
AcDbEntity
  8
A-WIND
100
AcDbLine
 10
5550.0
 20
13350.0
 30
0.0
 11
5550.0
 21
13120.0
 31
0.0
1001
FLOORFORGE
1000
floor:0
1000
preliminary
  0
TEXT
  5
174
330
17
100
AcDbEntity
  8
A-TAGS
100
AcDbText
 10
4350.0
 20
13670.0
 30
0.0
 40
150.0
  1
W4
 72
1
 11
4350.0
 21
13670.0
 31
0.0
100
AcDbText
 73
1
1001
FLOORFORGE
1000
floor:0
1000
preliminary
  0
LINE
  5
175
330
17
100
AcDbEntity
  8
A-WIND
100
AcDbLine
 10
6750.0
 20
13350.0
 30
0.0
 11
7350.0
 21
13350.0
 31
0.0
1001
FLOORFORGE
1000
floor:0
1000
preliminary
  0
LINE
  5
176
330
17
100
AcDbEntity
  8
A-WIND
100
AcDbLine
 10
6750.0
 20
13120.0
 30
0.0
 11
7350.0
 21
13120.0
 31
0.0
1001
FLOORFORGE
1000
floor:0
1000
preliminary
  0
LINE
  5
177
330
17
100
AcDbEntity
  8
A-WIND
100
AcDbLine
 10
6750.0
 20
13253.0
 30
0.0
 11
7350.0
 21
13253.0
 31
0.0
1001
FLOORFORGE
1000
floor:0
1000
preliminary
  0
LINE
  5
178
330
17
100
AcDbEntity
  8
A-WIND
100
AcDbLine
 10
6750.0
 20
13217.0
 30
0.0
 11
7350.0
 21
13217.0
 31
0.0
1001
FLOORFORGE
1000
floor:0
1000
preliminary
  0
LINE
  5
179
330
17
100
AcDbEntity
  8
A-WIND
100
AcDbLine
 10
6750.0
 20
13350.0
 30
0.0
 11
6750.0
 21
13120.0
 31
0.0
1001
FLOORFORGE
1000
floor:0
1000
preliminary
  0
LINE
  5
17A
330
17
100
AcDbEntity
  8
A-WIND
100
AcDbLine
 10
7350.0
 20
13350.0
 30
0.0
 11
7350.0
 21
13120.0
 31
0.0
1001
FLOORFORGE
1000
floor:0
1000
preliminary
  0
TEXT
  5
17B
330
17
100
AcDbEntity
  8
A-TAGS
100
AcDbText
 10
7050.0
 20
13670.0
 30
0.0
 40
150.0
  1
V1
 72
1
 11
7050.0
 21
13670.0
 31
0.0
100
AcDbText
 73
1
1001
FLOORFORGE
1000
floor:0
1000
preliminary
  0
LINE
  5
17C
330
17
100
AcDbEntity
  8
A-WIND
100
AcDbLine
 10
8700.0
 20
13350.0
 30
0.0
 11
10500.0
 21
13350.0
 31
0.0
1001
FLOORFORGE
1000
floor:0
1000
preliminary
  0
LINE
  5
17D
330
17
100
AcDbEntity
  8
A-WIND
100
AcDbLine
 10
8700.0
 20
13120.0
 30
0.0
 11
10500.0
 21
13120.0
 31
0.0
1001
FLOORFORGE
1000
floor:0
1000
preliminary
  0
LINE
  5
17E
330
17
100
AcDbEntity
  8
A-WIND
100
AcDbLine
 10
8700.0
 20
13253.0
 30
0.0
 11
10500.0
 21
13253.0
 31
0.0
1001
FLOORFORGE
1000
floor:0
1000
preliminary
  0
LINE
  5
17F
330
17
100
AcDbEntity
  8
A-WIND
100
AcDbLine
 10
8700.0
 20
13217.0
 30
0.0
 11
10500.0
 21
13217.0
 31
0.0
1001
FLOORFORGE
1000
floor:0
1000
preliminary
  0
LINE
  5
180
330
17
100
AcDbEntity
  8
A-WIND
100
AcDbLine
 10
8700.0
 20
13350.0
 30
0.0
 11
8700.0
 21
13120.0
 31
0.0
1001
FLOORFORGE
1000
floor:0
1000
preliminary
  0
LINE
  5
181
330
17
100
AcDbEntity
  8
A-WIND
100
AcDbLine
 10
10500.0
 20
13350.0
 30
0.0
 11
10500.0
 21
13120.0
 31
0.0
1001
FLOORFORGE
1000
floor:0
1000
preliminary
  0
TEXT
  5
182
330
17
100
AcDbEntity
  8
A-TAGS
100
AcDbText
 10
9600.0
 20
13670.0
 30
0.0
 40
150.0
  1
W5
 72
1
 11
9600.0
 21
13670.0
 31
0.0
100
AcDbText
 73
1
1001
FLOORFORGE
1000
floor:0
1000
preliminary
  0
LINE
  5
183
330
17
100
AcDbEntity
  8
A-WIND
100
AcDbLine
 10
11400.0
 20
5100.0
 30
0.0
 11
11400.0
 21
6600.0
 31
0.0
1001
FLOORFORGE
1000
floor:0
1000
preliminary
  0
LINE
  5
184
330
17
100
AcDbEntity
  8
A-WIND
100
AcDbLine
 10
11170.0
 20
5100.0
 30
0.0
 11
11170.0
 21
6600.0
 31
0.0
1001
FLOORFORGE
1000
floor:0
1000
preliminary
  0
LINE
  5
185
330
17
100
AcDbEntity
  8
A-WIND
100
AcDbLine
 10
11303.0
 20
5100.0
 30
0.0
 11
11303.0
 21
6600.0
 31
0.0
1001
FLOORFORGE
1000
floor:0
1000
preliminary
  0
LINE
  5
186
330
17
100
AcDbEntity
  8
A-WIND
100
AcDbLine
 10
11267.0
 20
5100.0
 30
0.0
 11
11267.0
 21
6600.0
 31
0.0
1001
FLOORFORGE
1000
floor:0
1000
preliminary
  0
LINE
  5
187
330
17
100
AcDbEntity
  8
A-WIND
100
AcDbLine
 10
11400.0
 20
5100.0
 30
0.0
 11
11170.0
 21
5100.0
 31
0.0
1001
FLOORFORGE
1000
floor:0
1000
preliminary
  0
LINE
  5
188
330
17
100
AcDbEntity
  8
A-WIND
100
AcDbLine
 10
11400.0
 20
6600.0
 30
0.0
 11
11170.0
 21
6600.0
 31
0.0
1001
FLOORFORGE
1000
floor:0
1000
preliminary
  0
TEXT
  5
189
330
17
100
AcDbEntity
  8
A-TAGS
100
AcDbText
 10
11780.0
 20
5790.0
 30
0.0
 40
150.0
  1
W6
 72
1
 11
11780.0
 21
5790.0
 31
0.0
100
AcDbText
 73
1
1001
FLOORFORGE
1000
floor:0
1000
preliminary
  0
LINE
  5
18A
330
17
100
AcDbEntity
  8
A-WIND
100
AcDbLine
 10
11400.0
 20
7575.0
 30
0.0
 11
11400.0
 21
8175.0
 31
0.0
1001
FLOORFORGE
1000
floor:0
1000
preliminary
  0
LINE
  5
18B
330
17
100
AcDbEntity
  8
A-WIND
100
AcDbLine
 10
11170.0
 20
7575.0
 30
0.0
 11
11170.0
 21
8175.0
 31
0.0
1001
FLOORFORGE
1000
floor:0
1000
preliminary
  0
LINE
  5
18C
330
17
100
AcDbEntity
  8
A-WIND
100
AcDbLine
 10
11303.0
 20
7575.0
 30
0.0
 11
11303.0
 21
8175.0
 31
0.0
1001
FLOORFORGE
1000
floor:0
1000
preliminary
  0
LINE
  5
18D
330
17
100
AcDbEntity
  8
A-WIND
100
AcDbLine
 10
11267.0
 20
7575.0
 30
0.0
 11
11267.0
 21
8175.0
 31
0.0
1001
FLOORFORGE
1000
floor:0
1000
preliminary
  0
LINE
  5
18E
330
17
100
AcDbEntity
  8
A-WIND
100
AcDbLine
 10
11400.0
 20
7575.0
 30
0.0
 11
11170.0
 21
7575.0
 31
0.0
1001
FLOORFORGE
1000
floor:0
1000
preliminary
  0
LINE
  5
18F
330
17
100
AcDbEntity
  8
A-WIND
100
AcDbLine
 10
11400.0
 20
8175.0
 30
0.0
 11
11170.0
 21
8175.0
 31
0.0
1001
FLOORFORGE
1000
floor:0
1000
preliminary
  0
TEXT
  5
190
330
17
100
AcDbEntity
  8
A-TAGS
100
AcDbText
 10
11780.0
 20
7815.0
 30
0.0
 40
150.0
  1
W7
 72
1
 11
11780.0
 21
7815.0
 31
0.0
100
AcDbText
 73
1
1001
FLOORFORGE
1000
floor:0
1000
preliminary
  0
LINE
  5
191
330
17
100
AcDbEntity
  8
A-WIND
100
AcDbLine
 10
11400.0
 20
8875.0
 30
0.0
 11
11400.0
 21
9625.0
 31
0.0
1001
FLOORFORGE
1000
floor:0
1000
preliminary
  0
LINE
  5
192
330
17
100
AcDbEntity
  8
A-WIND
100
AcDbLine
 10
11170.0
 20
8875.0
 30
0.0
 11
11170.0
 21
9625.0
 31
0.0
1001
FLOORFORGE
1000
floor:0
1000
preliminary
  0
LINE
  5
193
330
17
100
AcDbEntity
  8
A-WIND
100
AcDbLine
 10
11303.0
 20
8875.0
 30
0.0
 11
11303.0
 21
9625.0
 31
0.0
1001
FLOORFORGE
1000
floor:0
1000
preliminary
  0
LINE
  5
194
330
17
100
AcDbEntity
  8
A-WIND
100
AcDbLine
 10
11267.0
 20
8875.0
 30
0.0
 11
11267.0
 21
9625.0
 31
0.0
1001
FLOORFORGE
1000
floor:0
1000
preliminary
  0
LINE
  5
195
330
17
100
AcDbEntity
  8
A-WIND
100
AcDbLine
 10
11400.0
 20
8875.0
 30
0.0
 11
11170.0
 21
8875.0
 31
0.0
1001
FLOORFORGE
1000
floor:0
1000
preliminary
  0
LINE
  5
196
330
17
100
AcDbEntity
  8
A-WIND
100
AcDbLine
 10
11400.0
 20
9625.0
 30
0.0
 11
11170.0
 21
9625.0
 31
0.0
1001
FLOORFORGE
1000
floor:0
1000
preliminary
  0
TEXT
  5
197
330
17
100
AcDbEntity
  8
A-TAGS
100
AcDbText
 10
11780.0
 20
9190.0
 30
0.0
 40
150.0
  1
V3
 72
1
 11
11780.0
 21
9190.0
 31
0.0
100
AcDbText
 73
1
1001
FLOORFORGE
1000
floor:0
1000
preliminary
  0
LINE
  5
198
330
17
100
AcDbEntity
  8
A-WIND
100
AcDbLine
 10
11400.0
 20
10775.0
 30
0.0
 11
11400.0
 21
12575.0
 31
0.0
1001
FLOORFORGE
1000
floor:0
1000
preliminary
  0
LINE
  5
199
330
17
100
AcDbEntity
  8
A-WIND
100
AcDbLine
 10
11170.0
 20
10775.0
 30
0.0
 11
11170.0
 21
12575.0
 31
0.0
1001
FLOORFORGE
1000
floor:0
1000
preliminary
  0
LINE
  5
19A
330
17
100
AcDbEntity
  8
A-WIND
100
AcDbLine
 10
11303.0
 20
10775.0
 30
0.0
 11
11303.0
 21
12575.0
 31
0.0
1001
FLOORFORGE
1000
floor:0
1000
preliminary
  0
LINE
  5
19B
330
17
100
AcDbEntity
  8
A-WIND
100
AcDbLine
 10
11267.0
 20
10775.0
 30
0.0
 11
11267.0
 21
12575.0
 31
0.0
1001
FLOORFORGE
1000
floor:0
1000
preliminary
  0
LINE
  5
19C
330
17
100
AcDbEntity
  8
A-WIND
100
AcDbLine
 10
11400.0
 20
10775.0
 30
0.0
 11
11170.0
 21
10775.0
 31
0.0
1001
FLOORFORGE
1000
floor:0
1000
preliminary
  0
LINE
  5
19D
330
17
100
AcDbEntity
  8
A-WIND
100
AcDbLine
 10
11400.0
 20
12575.0
 30
0.0
 11
11170.0
 21
12575.0
 31
0.0
1001
FLOORFORGE
1000
floor:0
1000
preliminary
  0
TEXT
  5
19E
330
17
100
AcDbEntity
  8
A-TAGS
100
AcDbText
 10
11780.0
 20
11615.0
 30
0.0
 40
150.0
  1
W5
 72
1
 11
11780.0
 21
11615.0
 31
0.0
100
AcDbText
 73
1
1001
FLOORFORGE
1000
floor:0
1000
preliminary
  0
LINE
  5
19F
330
17
100
AcDbEntity
  8
A-STAIR
100
AcDbLine
 10
8950.0
 20
1300.0
 30
0.0
 11
9950.0
 21
1300.0
 31
0.0
1001
FLOORFORGE
1000
floor:0
1000
preliminary
  0
LINE
  5
1A0
330
17
100
AcDbEntity
  8
A-STAIR
100
AcDbLine
 10
10150.0
 20
1300.0
 30
0.0
 11
11150.0
 21
1300.0
 31
0.0
1001
FLOORFORGE
1000
floor:0
1000
preliminary
  0
LINE
  5
1A1
330
17
100
AcDbEntity
  8
A-STAIR
100
AcDbLine
 10
8950.0
 20
1550.0
 30
0.0
 11
9950.0
 21
1550.0
 31
0.0
1001
FLOORFORGE
1000
floor:0
1000
preliminary
  0
LINE
  5
1A2
330
17
100
AcDbEntity
  8
A-STAIR
100
AcDbLine
 10
10150.0
 20
1550.0
 30
0.0
 11
11150.0
 21
1550.0
 31
0.0
1001
FLOORFORGE
1000
floor:0
1000
preliminary
  0
LINE
  5
1A3
330
17
100
AcDbEntity
  8
A-STAIR
100
AcDbLine
 10
8950.0
 20
1800.0
 30
0.0
 11
9950.0
 21
1800.0
 31
0.0
1001
FLOORFORGE
1000
floor:0
1000
preliminary
  0
LINE
  5
1A4
330
17
100
AcDbEntity
  8
A-STAIR
100
AcDbLine
 10
10150.0
 20
1800.0
 30
0.0
 11
11150.0
 21
1800.0
 31
0.0
1001
FLOORFORGE
1000
floor:0
1000
preliminary
  0
LINE
  5
1A5
330
17
100
AcDbEntity
  8
A-STAIR
100
AcDbLine
 10
8950.0
 20
2050.0
 30
0.0
 11
9950.0
 21
2050.0
 31
0.0
1001
FLOORFORGE
1000
floor:0
1000
preliminary
  0
LINE
  5
1A6
330
17
100
AcDbEntity
  8
A-STAIR
100
AcDbLine
 10
10150.0
 20
2050.0
 30
0.0
 11
11150.0
 21
2050.0
 31
0.0
1001
FLOORFORGE
1000
floor:0
1000
preliminary
  0
LINE
  5
1A7
330
17
100
AcDbEntity
  8
A-STAIR
100
AcDbLine
 10
8950.0
 20
2300.0
 30
0.0
 11
9950.0
 21
2300.0
 31
0.0
1001
FLOORFORGE
1000
floor:0
1000
preliminary
  0
LINE
  5
1A8
330
17
100
AcDbEntity
  8
A-STAIR
100
AcDbLine
 10
10150.0
 20
2300.0
 30
0.0
 11
11150.0
 21
2300.0
 31
0.0
1001
FLOORFORGE
1000
floor:0
1000
preliminary
  0
LINE
  5
1A9
330
17
100
AcDbEntity
  8
A-STAIR
100
AcDbLine
 10
8950.0
 20
2550.0
 30
0.0
 11
9950.0
 21
2550.0
 31
0.0
1001
FLOORFORGE
1000
floor:0
1000
preliminary
  0
LINE
  5
1AA
330
17
100
AcDbEntity
  8
A-STAIR
100
AcDbLine
 10
10150.0
 20
2550.0
 30
0.0
 11
11150.0
 21
2550.0
 31
0.0
1001
FLOORFORGE
1000
floor:0
1000
preliminary
  0
LINE
  5
1AB
330
17
100
AcDbEntity
  8
A-STAIR
100
AcDbLine
 10
8950.0
 20
2800.0
 30
0.0
 11
9950.0
 21
2800.0
 31
0.0
1001
FLOORFORGE
1000
floor:0
1000
preliminary
  0
LINE
  5
1AC
330
17
100
AcDbEntity
  8
A-STAIR
100
AcDbLine
 10
10150.0
 20
2800.0
 30
0.0
 11
11150.0
 21
2800.0
 31
0.0
1001
FLOORFORGE
1000
floor:0
1000
preliminary
  0
LINE
  5
1AD
330
17
100
AcDbEntity
  8
A-STAIR
100
AcDbLine
 10
8950.0
 20
3050.0
 30
0.0
 11
9950.0
 21
3050.0
 31
0.0
1001
FLOORFORGE
1000
floor:0
1000
preliminary
  0
LINE
  5
1AE
330
17
100
AcDbEntity
  8
A-STAIR
100
AcDbLine
 10
10150.0
 20
3050.0
 30
0.0
 11
11150.0
 21
3050.0
 31
0.0
1001
FLOORFORGE
1000
floor:0
1000
preliminary
  0
LINE
  5
1AF
330
17
100
AcDbEntity
  8
A-STAIR
100
AcDbLine
 10
8950.0
 20
3300.0
 30
0.0
 11
9950.0
 21
3300.0
 31
0.0
1001
FLOORFORGE
1000
floor:0
1000
preliminary
  0
LINE
  5
1B0
330
17
100
AcDbEntity
  8
A-STAIR
100
AcDbLine
 10
10150.0
 20
3300.0
 30
0.0
 11
11150.0
 21
3300.0
 31
0.0
1001
FLOORFORGE
1000
floor:0
1000
preliminary
  0
LWPOLYLINE
  5
1B1
330
17
100
AcDbEntity
  8
A-STAIR
100
AcDbPolyline
 90
4
 70
0
 10
9450.0
 20
1300.0
 10
9450.0
 20
3825.0
 10
10650.0
 20
3825.0
 10
10650.0
 20
1300.0
1001
FLOORFORGE
1000
floor:0
1000
preliminary
  0
LWPOLYLINE
  5
1B2
330
17
100
AcDbEntity
  8
A-STAIR
100
AcDbPolyline
 90
3
 70
1
 10
10580.0
 20
1440.0
 10
10720.0
 20
1440.0
 10
10650.0
 20
1300.0
1001
FLOORFORGE
1000
floor:0
1000
preliminary
  0
HATCH
  5
1B3
330
17
100
AcDbEntity
  8
A-STAIR
 62
7
100
AcDbHatch
 10
0.0
 20
0.0
 30
0.0
210
0.0
220
0.0
230
1.0
  2
SOLID
 70
1
 71
0
 91
1
 92
3
 72
0
 73
1
 93
3
 10
10580.0
 20
1440.0
 10
10720.0
 20
1440.0
 10
10650.0
 20
1300.0
 97
0
 75
0
 76
1
 98
0
  0
TEXT
  5
1B4
330
17
100
AcDbEntity
  8
A-STAIR
100
AcDbText
 10
9450.0
 20
1040.0
 30
0.0
 40
170.0
  1
UP
 72
1
 11
9450.0
 21
1040.0
 31
0.0
100
AcDbText
 73
1
1001
FLOORFORGE
1000
floor:0
1000
preliminary
  0
TEXT
  5
1B5
330
17
100
AcDbEntity
  8
A-STAIR
100
AcDbText
 10
10050.0
 20
550.0
 30
0.0
 40
140.0
  1
18R @ 175 / T 250
 72
1
 11
10050.0
 21
550.0
 31
0.0
100
AcDbText
 73
1
1001
FLOORFORGE
1000
floor:0
1000
preliminary
  0
LWPOLYLINE
  5
1B6
330
17
100
AcDbEntity
  8
A-FURN
100
AcDbPolyline
 90
4
 70
1
 10
2330.0000000000005
 20
3195.0000000000005
 10
2330.0000000000005
 20
4175.0
 10
730.0000000000005
 20
4175.0
 10
730.0000000000005
 20
3195.0000000000005
1001
FLOORFORGE
1000
floor:0
1000
preliminary
  0
LWPOLYLINE
  5
1B7
330
17
100
AcDbEntity
  8
A-FURN
100
AcDbPolyline
 90
4
 70
1
 10
2080.0000000000005
 20
2100.0
 10
2080.0000000000005
 20
2850.0
 10
980.0000000000005
 20
2850.0
 10
980.0000000000005
 20
2100.0
1001
FLOORFORGE
1000
floor:0
1000
preliminary
  0
LWPOLYLINE
  5
1B8
330
17
100
AcDbEntity
  8
A-FURN
100
AcDbPolyline
 90
4
 70
1
 10
2710.0000000000005
 20
3495.0
 10
2710.0000000000005
 20
3855.0
 10
2350.0000000000005
 20
3855.0
 10
2350.0000000000005
 20
3495.0
1001
FLOORFORGE
1000
floor:0
1000
preliminary
  0
LWPOLYLINE
  5
1B9
330
17
100
AcDbEntity
  8
A-FURN
100
AcDbPolyline
 90
4
 70
1
 10
3430.0000000000005
 20
2125.0
 10
3430.0000000000005
 20
2825.0
 10
2730.0000000000005
 20
2825.0
 10
2730.0000000000005
 20
2125.0
1001
FLOORFORGE
1000
floor:0
1000
preliminary
  0
LWPOLYLINE
  5
1BA
330
17
100
AcDbEntity
  8
A-FURN
100
AcDbPolyline
 90
4
 70
1
 10
11160.0
 20
4530.0
 10
11160.0
 20
5185.000000000001
 10
7899.999999999999
 20
5185.000000000001
 10
7899.999999999999
 20
4530.0
1001
FLOORFORGE
1000
floor:0
1000
preliminary
  0
LWPOLYLINE
  5
1BB
330
17
100
AcDbEntity
  8
A-FURN
100
AcDbPolyline
 90
4
 70
1
 10
11150.0
 20
7525.000000000001
 10
11150.0
 20
8225.000000000002
 10
10550.0
 20
8225.000000000002
 10
10550.0
 20
7525.000000000001
1001
FLOORFORGE
1000
floor:0
1000
preliminary
  0
LWPOLYLINE
  5
1BC
330
17
100
AcDbEntity
  8
A-FURN
100
AcDbPolyline
 90
4
 70
1
 10
6424.999999999996
 20
5479.999999999998
 10
6424.999999999996
 20
7319.999999999997
 10
4424.999999999996
 20
7319.999999999997
 10
4424.999999999996
 20
5479.999999999998
1001
FLOORFORGE
1000
floor:0
1000
preliminary
  0
LWPOLYLINE
  5
1BD
330
17
100
AcDbEntity
  8
A-FURN
100
AcDbPolyline
 90
4
 70
1
 10
700.0
 20
4575.000000000001
 10
700.0
 20
5775.0
 10
250.0
 20
5775.0
 10
250.0
 20
4575.000000000001
1001
FLOORFORGE
1000
floor:0
1000
preliminary
  0
LWPOLYLINE
  5
1BE
330
17
100
AcDbEntity
  8
A-FURN
100
AcDbPolyline
 90
4
 70
1
 10
2630.0
 20
7975.000000000001
 10
2630.0
 20
8425.0
 10
229.99999999999997
 20
8425.0
 10
229.99999999999997
 20
7975.000000000001
1001
FLOORFORGE
1000
floor:0
1000
preliminary
  0
LWPOLYLINE
  5
1BF
330
17
100
AcDbEntity
  8
A-FURN
100
AcDbPolyline
 90
4
 70
1
 10
2925.0
 20
6025.0
 10
2925.0
 20
6475.000000000001
 10
524.9999999999999
 20
6475.000000000001
 10
524.9999999999999
 20
6025.0
1001
FLOORFORGE
1000
floor:0
1000
preliminary
  0
LWPOLYLINE
  5
1C0
330
17
100
AcDbEntity
  8
A-FURN
100
AcDbPolyline
 90
4
 70
1
 10
7574.999999999999
 20
12670.0
 10
7574.999999999999
 20
13120.0
 10
6375.0
 20
13120.0
 10
6375.0
 20
12670.0
1001
FLOORFORGE
1000
floor:0
1000
preliminary
  0
LWPOLYLINE
  5
1C1
330
17
100
AcDbEntity
  8
A-FURN
100
AcDbPolyline
 90
4
 70
1
 10
10055.0
 20
9185.0
 10
10055.0
 20
9905.000000000002
 10
9594.999999999998
 20
9905.000000000002
 10
9594.999999999998
 20
9185.0
1001
FLOORFORGE
1000
floor:0
1000
preliminary
  0
LWPOLYLINE
  5
1C2
330
17
100
AcDbEntity
  8
A-FURN
100
AcDbPolyline
 90
4
 70
1
 10
9475.000000000002
 20
9405.000000000002
 10
9475.000000000002
 20
9905.000000000002
 10
8475.000000000002
 20
9905.000000000002
 10
8475.000000000002
 20
9405.000000000002
1001
FLOORFORGE
1000
floor:0
1000
preliminary
  0
LWPOLYLINE
  5
1C3
330
17
100
AcDbEntity
  8
A-FURN
100
AcDbPolyline
 90
4
 70
1
 10
11150.0
 20
10819.999999999998
 10
11150.0
 20
12420.0
 10
9920.0
 20
12420.0
 10
9920.0
 20
10819.999999999998
1001
FLOORFORGE
1000
floor:0
1000
preliminary
  0
LWPOLYLINE
  5
1C4
330
17
100
AcDbEntity
  8
A-FURN
100
AcDbPolyline
 90
4
 70
1
 10
8225.0
 20
11174.999999999998
 10
8225.0
 20
12374.999999999998
 10
7875.0
 20
12374.999999999998
 10
7875.0
 20
11174.999999999998
1001
FLOORFORGE
1000
floor:0
1000
preliminary
  0
LWPOLYLINE
  5
1C5
330
17
100
AcDbEntity
  8
A-FURN
100
AcDbPolyline
 90
4
 70
1
 10
6205.0
 20
10900.0
 10
6205.0
 20
12600.0
 10
4035.0
 20
12600.0
 10
4035.0
 20
10900.0
1001
FLOORFORGE
1000
floor:0
1000
preliminary
  0
LWPOLYLINE
  5
1C6
330
17
100
AcDbEntity
  8
A-FURN
100
AcDbPolyline
 90
4
 70
1
 10
5224.999999999999
 20
8575.0
 10
5224.999999999999
 20
9174.999999999998
 10
3124.999999999999
 20
9174.999999999998
 10
3124.999999999999
 20
8575.0
1001
FLOORFORGE
1000
floor:0
1000
preliminary
  0
LWPOLYLINE
  5
1C7
330
17
100
AcDbEntity
  8
A-FURN
100
AcDbPolyline
 90
4
 70
1
 10
2125.0
 20
10775.0
 10
2125.0
 20
11375.0
 10
325.00000000000006
 20
11375.0
 10
325.00000000000006
 20
10775.0
1001
FLOORFORGE
1000
floor:0
1000
preliminary
  0
LWPOLYLINE
  5
1C8
330
17
100
AcDbEntity
  8
A-FURN
100
AcDbPolyline
 90
4
 70
1
 10
970.0
 20
9944.999999999998
 10
970.0
 20
10405.0
 10
250.0
 20
10405.0
 10
250.0
 20
9944.999999999998
1001
FLOORFORGE
1000
floor:0
1000
preliminary
  0
LWPOLYLINE
  5
1C9
330
17
100
AcDbEntity
  8
A-FURN
100
AcDbPolyline
 90
4
 70
1
 10
2275.0000000000005
 20
8594.999999999998
 10
2275.0000000000005
 20
9094.999999999998
 10
1275.0000000000002
 20
9094.999999999998
 10
1275.0000000000002
 20
8594.999999999998
1001
FLOORFORGE
1000
floor:0
1000
preliminary
  0
LWPOLYLINE
  5
1CA
330
17
100
AcDbEntity
  8
A-EXT
100
AcDbPolyline
 90
4
 70
1
 10
5300.0
 20
-2100.0
 10
9900.0
 20
-2100.0
 10
9900.0
 20
0.0
 10
5300.0
 20
0.0
1001
FLOORFORGE
1000
floor:0
1000
preliminary
  0
TEXT
  5
1CB
330
17
100
AcDbEntity
  8
A-EXT
100
AcDbText
 10
7600.0
 20
-1980.0
 30
0.0
 40
130.0
  1
PORCH
 72
1
 11
7600.0
 21
-1980.0
 31
0.0
100
AcDbText
 73
1
1001
FLOORFORGE
1000
floor:0
1000
preliminary
  0
LWPOLYLINE
  5
1CC
330
17
100
AcDbEntity
  8
A-EXT
100
AcDbPolyline
 90
4
 70
1
 10
80.0
 20
-70.0
 10
2000.0
 20
-70.0
 10
2000.0
 20
0.0
 10
80.0
 20
0.0
1001
FLOORFORGE
1000
floor:0
1000
preliminary
  0
TEXT
  5
1CD
330
17
100
AcDbEntity
  8
A-EXT
100
AcDbText
 10
1040.0
 20
-320.0
 30
0.0
 40
130.0
  1
FEATURE WALL
 72
1
 11
1040.0
 21
-320.0
 31
0.0
100
AcDbText
 73
1
1001
FLOORFORGE
1000
floor:0
1000
preliminary
  0
TEXT
  5
1CE
330
17
100
AcDbEntity
  8
A-ANNO
100
AcDbText
 10
10035.0
 20
2302.0
 30
0.0
 40
220.0
  1
STAIR
 72
1
 11
10035.0
 21
2302.0
 31
0.0
100
AcDbText
 73
1
1001
FLOORFORGE
1000
floor:0
1000
preliminary
  0
TEXT
  5
1CF
330
17
100
AcDbEntity
  8
A-ANNO
100
AcDbText
 10
4565.0
 20
2417.0
 30
0.0
 40
220.0
  1
LIVING
 72
1
 11
4565.0
 21
2417.0
 31
0.0
100
AcDbText
 73
1
1001
FLOORFORGE
1000
floor:0
1000
preliminary
  0
TEXT
  5
1D0
330
17
100
AcDbEntity
  8
A-ANNO
100
AcDbText
 10
4565.0
 20
2137.5
 30
0.0
 40
150.0
  1
8.67 x 4.14*
 72
1
 11
4565.0
 21
2137.5
 31
0.0
100
AcDbText
 73
1
1001
FLOORFORGE
1000
floor:0
1000
preliminary
  0
TEXT
  5
1D1
330
17
100
AcDbEntity
  8
A-ANNO
100
AcDbText
 10
4565.0
 20
1927.5
 30
0.0
 40
150.0
  1
36.3 m2
 72
1
 11
4565.0
 21
1927.5
 31
0.0
100
AcDbText
 73
1
1001
FLOORFORGE
1000
floor:0
1000
preliminary
  0
TEXT
  5
1D2
330
17
100
AcDbEntity
  8
A-ANNO
100
AcDbText
 10
9522.5
 20
5927.0
 30
0.0
 40
220.0
  1
KITCHEN
 72
1
 11
9522.5
 21
5927.0
 31
0.0
100
AcDbText
 73
1
1001
FLOORFORGE
1000
floor:0
1000
preliminary
  0
TEXT
  5
1D3
330
17
100
AcDbEntity
  8
A-ANNO
100
AcDbText
 10
9522.5
 20
5647.5
 30
0.0
 40
150.0
  1
3.29 x 2.65
 72
1
 11
9522.5
 21
5647.5
 31
0.0
100
AcDbText
 73
1
1001
FLOORFORGE
1000
floor:0
1000
preliminary
  0
TEXT
  5
1D4
330
17
100
AcDbEntity
  8
A-ANNO
100
AcDbText
 10
9522.5
 20
5437.5
 30
0.0
 40
150.0
  1
8.7 m2
 72
1
 11
9522.5
 21
5437.5
 31
0.0
100
AcDbText
 73
1
1001
FLOORFORGE
1000
floor:0
1000
preliminary
  0
TEXT
  5
1D5
330
17
100
AcDbEntity
  8
A-ANNO
100
AcDbText
 10
9522.5
 20
7934.5
 30
0.0
 40
170.0
  1
UTILITY
 72
1
 11
9522.5
 21
7934.5
 31
0.0
100
AcDbText
 73
1
1001
FLOORFORGE
1000
floor:0
1000
preliminary
  0
TEXT
  5
1D6
330
17
100
AcDbEntity
  8
A-ANNO
100
AcDbText
 10
9522.5
 20
7699.5
 30
0.0
 40
130.0
  1
3.29 x 1.10
 72
1
 11
9522.5
 21
7699.5
 31
0.0
100
AcDbText
 73
1
1001
FLOORFORGE
1000
floor:0
1000
preliminary
  0
TEXT
  5
1D7
330
17
100
AcDbEntity
  8
A-ANNO
100
AcDbText
 10
9522.5
 20
7517.5
 30
0.0
 40
130.0
  1
3.6 m2
 72
1
 11
9522.5
 21
7517.5
 31
0.0
100
AcDbText
 73
1
1001
FLOORFORGE
1000
floor:0
1000
preliminary
  0
TEXT
  5
1D8
330
17
100
AcDbEntity
  8
A-ANNO
100
AcDbText
 10
5145.703125
 20
6515.671875
 30
0.0
 40
220.0
  1
DINING
 72
1
 11
5145.703125
 21
6515.671875
 31
0.0
100
AcDbText
 73
1
1001
FLOORFORGE
1000
floor:0
1000
preliminary
  0
TEXT
  5
1D9
330
17
100
AcDbEntity
  8
A-ANNO
100
AcDbText
 10
5145.703125
 20
6236.171875
 30
0.0
 40
150.0
  1
4.65 x 3.98*
 72
1
 11
5145.703125
 21
6236.171875
 31
0.0
100
AcDbText
 73
1
1001
FLOORFORGE
1000
floor:0
1000
preliminary
  0
TEXT
  5
1DA
330
17
100
AcDbEntity
  8
A-ANNO
100
AcDbText
 10
5145.703125
 20
6026.171875
 30
0.0
 40
150.0
  1
18.6 m2
 72
1
 11
5145.703125
 21
6026.171875
 31
0.0
100
AcDbText
 73
1
1001
FLOORFORGE
1000
floor:0
1000
preliminary
  0
TEXT
  5
1DB
330
17
100
AcDbEntity
  8
A-ANNO
100
AcDbText
 10
1577.5
 20
5259.5
 30
0.0
 40
170.0
  1
POOJA
 72
1
 11
1577.5
 21
5259.5
 31
0.0
100
AcDbText
 73
1
1001
FLOORFORGE
1000
floor:0
1000
preliminary
  0
TEXT
  5
1DC
330
17
100
AcDbEntity
  8
A-ANNO
100
AcDbText
 10
1577.5
 20
5024.5
 30
0.0
 40
130.0
  1
2.69 x 1.35
 72
1
 11
1577.5
 21
5024.5
 31
0.0
100
AcDbText
 73
1
1001
FLOORFORGE
1000
floor:0
1000
preliminary
  0
TEXT
  5
1DD
330
17
100
AcDbEntity
  8
A-ANNO
100
AcDbText
 10
1577.5
 20
4842.5
 30
0.0
 40
130.0
  1
3.6 m2
 72
1
 11
1577.5
 21
4842.5
 31
0.0
100
AcDbText
 73
1
1001
FLOORFORGE
1000
floor:0
1000
preliminary
  0
TEXT
  5
1DE
330
17
100
AcDbEntity
  8
A-ANNO
100
AcDbText
 10
1577.5
 20
7302.0
 30
0.0
 40
220.0
  1
STORE
 72
1
 11
1577.5
 21
7302.0
 31
0.0
100
AcDbText
 73
1
1001
FLOORFORGE
1000
floor:0
1000
preliminary
  0
TEXT
  5
1DF
330
17
100
AcDbEntity
  8
A-ANNO
100
AcDbText
 10
1577.5
 20
7022.5
 30
0.0
 40
150.0
  1
2.69 x 2.40
 72
1
 11
1577.5
 21
7022.5
 31
0.0
100
AcDbText
 73
1
1001
FLOORFORGE
1000
floor:0
1000
preliminary
  0
TEXT
  5
1E0
330
17
100
AcDbEntity
  8
A-ANNO
100
AcDbText
 10
1577.5
 20
6812.5
 30
0.0
 40
150.0
  1
6.5 m2
 72
1
 11
1577.5
 21
6812.5
 31
0.0
100
AcDbText
 73
1
1001
FLOORFORGE
1000
floor:0
1000
preliminary
  0
TEXT
  5
1E1
330
17
100
AcDbEntity
  8
A-ANNO
100
AcDbText
 10
7050.0
 20
9309.5
 30
0.0
 40
170.0
  1
HALL
 72
1
 11
7050.0
 21
9309.5
 31
0.0
100
AcDbText
 73
1
1001
FLOORFORGE
1000
floor:0
1000
preliminary
  0
TEXT
  5
1E2
330
17
100
AcDbEntity
  8
A-ANNO
100
AcDbText
 10
7050.0
 20
12282.0
 30
0.0
 40
170.0
  1
LINEN STORE
 72
1
 11
7050.0
 21
12282.0
 31
0.0
100
AcDbText
 73
1
1001
FLOORFORGE
1000
floor:0
1000
preliminary
  0
TEXT
  5
1E3
330
17
100
AcDbEntity
  8
A-ANNO
100
AcDbText
 10
7050.0
 20
12047.0
 30
0.0
 40
130.0
  1
1.35 x 1.79
 72
1
 11
7050.0
 21
12047.0
 31
0.0
100
AcDbText
 73
1
1001
FLOORFORGE
1000
floor:0
1000
preliminary
  0
TEXT
  5
1E4
330
17
100
AcDbEntity
  8
A-ANNO
100
AcDbText
 10
7050.0
 20
11865.0
 30
0.0
 40
130.0
  1
2.4 m2
 72
1
 11
7050.0
 21
11865.0
 31
0.0
100
AcDbText
 73
1
1001
FLOORFORGE
1000
floor:0
1000
preliminary
  0
TEXT
  5
1E5
330
17
100
AcDbEntity
  8
A-ANNO
100
AcDbText
 10
9522.5
 20
9309.5
 30
0.0
 40
170.0
  1
COMMON BATH
 72
1
 11
9522.5
 21
9309.5
 31
0.0
100
AcDbText
 73
1
1001
FLOORFORGE
1000
floor:0
1000
preliminary
  0
TEXT
  5
1E6
330
17
100
AcDbEntity
  8
A-ANNO
100
AcDbText
 10
9522.5
 20
9074.5
 30
0.0
 40
130.0
  1
3.29 x 1.35
 72
1
 11
9522.5
 21
9074.5
 31
0.0
100
AcDbText
 73
1
1001
FLOORFORGE
1000
floor:0
1000
preliminary
  0
TEXT
  5
1E7
330
17
100
AcDbEntity
  8
A-ANNO
100
AcDbText
 10
9522.5
 20
8892.5
 30
0.0
 40
130.0
  1
4.4 m2
 72
1
 11
9522.5
 21
8892.5
 31
0.0
100
AcDbText
 73
1
1001
FLOORFORGE
1000
floor:0
1000
preliminary
  0
TEXT
  5
1E8
330
17
100
AcDbEntity
  8
A-ANNO
100
AcDbText
 10
9522.5
 20
11674.5
 30
0.0
 40
220.0
  1
STUDY
 72
1
 11
9522.5
 21
11674.5
 31
0.0
100
AcDbText
 73
1
1001
FLOORFORGE
1000
floor:0
1000
preliminary
  0
TEXT
  5
1E9
330
17
100
AcDbEntity
  8
A-ANNO
100
AcDbText
 10
9522.5
 20
11395.0
 30
0.0
 40
150.0
  1
3.29 x 3.04
 72
1
 11
9522.5
 21
11395.0
 31
0.0
100
AcDbText
 73
1
1001
FLOORFORGE
1000
floor:0
1000
preliminary
  0
TEXT
  5
1EA
330
17
100
AcDbEntity
  8
A-ANNO
100
AcDbText
 10
9522.5
 20
11185.0
 30
0.0
 40
150.0
  1
10.0 m2
 72
1
 11
9522.5
 21
11185.0
 31
0.0
100
AcDbText
 73
1
1001
FLOORFORGE
1000
floor:0
1000
preliminary
  0
TEXT
  5
1EB
330
17
100
AcDbEntity
  8
A-ANNO
100
AcDbText
 10
4350.0
 20
11052.0
 30
0.0
 40
220.0
  1
BEDROOM 1
 72
1
 11
4350.0
 21
11052.0
 31
0.0
100
AcDbText
 73
1
1001
FLOORFORGE
1000
floor:0
1000
preliminary
  0
TEXT
  5
1EC
330
17
100
AcDbEntity
  8
A-ANNO
100
AcDbText
 10
4350.0
 20
10772.5
 30
0.0
 40
150.0
  1
3.75 x 4.54
 72
1
 11
4350.0
 21
10772.5
 31
0.0
100
AcDbText
 73
1
1001
FLOORFORGE
1000
floor:0
1000
preliminary
  0
TEXT
  5
1ED
330
17
100
AcDbEntity
  8
A-ANNO
100
AcDbText
 10
4350.0
 20
10562.5
 30
0.0
 40
150.0
  1
17.0 m2
 72
1
 11
4350.0
 21
10562.5
 31
0.0
100
AcDbText
 73
1
1001
FLOORFORGE
1000
floor:0
1000
preliminary
  0
TEXT
  5
1EE
330
17
100
AcDbEntity
  8
A-ANNO
100
AcDbText
 10
1277.5
 20
12102.0
 30
0.0
 40
220.0
  1
DRESS 1
 72
1
 11
1277.5
 21
12102.0
 31
0.0
100
AcDbText
 73
1
1001
FLOORFORGE
1000
floor:0
1000
preliminary
  0
TEXT
  5
1EF
330
17
100
AcDbEntity
  8
A-ANNO
100
AcDbText
 10
1277.5
 20
11822.5
 30
0.0
 40
150.0
  1
2.10 x 2.35
 72
1
 11
1277.5
 21
11822.5
 31
0.0
100
AcDbText
 73
1
1001
FLOORFORGE
1000
floor:0
1000
preliminary
  0
TEXT
  5
1F0
330
17
100
AcDbEntity
  8
A-ANNO
100
AcDbText
 10
1277.5
 20
11612.5
 30
0.0
 40
150.0
  1
4.9 m2
 72
1
 11
1277.5
 21
11612.5
 31
0.0
100
AcDbText
 73
1
1001
FLOORFORGE
1000
floor:0
1000
preliminary
  0
TEXT
  5
1F1
330
17
100
AcDbEntity
  8
A-ANNO
100
AcDbText
 10
1277.5
 20
9677.0
 30
0.0
 40
220.0
  1
BATH 1
 72
1
 11
1277.5
 21
9677.0
 31
0.0
100
AcDbText
 73
1
1001
FLOORFORGE
1000
floor:0
1000
preliminary
  0
TEXT
  5
1F2
330
17
100
AcDbEntity
  8
A-ANNO
100
AcDbText
 10
1277.5
 20
9397.5
 30
0.0
 40
150.0
  1
2.10 x 2.05
 72
1
 11
1277.5
 21
9397.5
 31
0.0
100
AcDbText
 73
1
1001
FLOORFORGE
1000
floor:0
1000
preliminary
  0
TEXT
  5
1F3
330
17
100
AcDbEntity
  8
A-ANNO
100
AcDbText
 10
1277.5
 20
9187.5
 30
0.0
 40
150.0
  1
4.3 m2
 72
1
 11
1277.5
 21
9187.5
 31
0.0
100
AcDbText
 73
1
1001
FLOORFORGE
1000
floor:0
1000
preliminary
  0
DIMENSION
  5
1F4
330
17
100
AcDbEntity
  8
A-DIMS
100
AcDbDimension
280
0
  2
*D1
  3
FF-ARCH
 10
0.0
 20
-2650.0
 30
0.0
 11
400.0
 21
-2500.0
 31
0.0
 70
32
 71
5
  1
<>
100
AcDbAlignedDimension
 13
0.0
 23
0.0
 33
0.0
 14
800.0
 24
0.0
 34
0.0
 50
0.0
100
AcDbRotatedDimension
1001
FLOORFORGE
1000
floor:0
1000
preliminary
  0
DIMENSION
  5
207
330
17
100
AcDbEntity
  8
A-DIMS
100
AcDbDimension
280
0
  2
*D2
  3
FF-ARCH
 10
800.0
 20
-2650.0
 30
0.0
 11
3500.0
 21
-2500.0
 31
0.0
 70
32
 71
5
  1
<>
100
AcDbAlignedDimension
 13
800.0
 23
0.0
 33
0.0
 14
6200.0
 24
0.0
 34
0.0
 50
0.0
100
AcDbRotatedDimension
1001
FLOORFORGE
1000
floor:0
1000
preliminary
  0
DIMENSION
  5
216
330
17
100
AcDbEntity
  8
A-DIMS
100
AcDbDimension
280
0
  2
*D3
  3
FF-ARCH
 10
6200.0
 20
-2650.0
 30
0.0
 11
6600.0
 21
-2500.0
 31
0.0
 70
32
 71
5
  1
<>
100
AcDbAlignedDimension
 13
6200.0
 23
0.0
 33
0.0
 14
7000.0
 24
0.0
 34
0.0
 50
0.0
100
AcDbRotatedDimension
1001
FLOORFORGE
1000
floor:0
1000
preliminary
  0
DIMENSION
  5
225
330
17
100
AcDbEntity
  8
A-DIMS
100
AcDbDimension
280
0
  2
*D4
  3
FF-ARCH
 10
7000.0
 20
-2650.0
 30
0.0
 11
7600.0
 21
-2500.0
 31
0.0
 70
32
 71
5
  1
<>
100
AcDbAlignedDimension
 13
7000.0
 23
0.0
 33
0.0
 14
8200.0
 24
0.0
 34
0.0
 50
0.0
100
AcDbRotatedDimension
1001
FLOORFORGE
1000
floor:0
1000
preliminary
  0
DIMENSION
  5
234
330
17
100
AcDbEntity
  8
A-DIMS
100
AcDbDimension
280
0
  2
*D5
  3
FF-ARCH
 10
8200.0
 20
-2650.0
 30
0.0
 11
9800.0
 21
-2500.0
 31
0.0
 70
32
 71
5
  1
<>
100
AcDbAlignedDimension
 13
8200.0
 23
0.0
 33
0.0
 14
11400.0
 24
0.0
 34
0.0
 50
0.0
100
AcDbRotatedDimension
1001
FLOORFORGE
1000
floor:0
1000
preliminary
  0
DIMENSION
  5
243
330
17
100
AcDbEntity
  8
A-DIMS
100
AcDbDimension
280
0
  2
*D6
  3
FF-ARCH
 10
0.0
 20
-3100.0
 30
0.0
 11
5700.0
 21
-2950.0
 31
0.0
 70
32
 71
5
  1
<>
100
AcDbAlignedDimension
 13
0.0
 23
0.0
 33
0.0
 14
11400.0
 24
0.0
 34
0.0
 50
0.0
100
AcDbRotatedDimension
1001
FLOORFORGE
1000
floor:0
1000
preliminary
  0
DIMENSION
  5
252
330
17
100
AcDbEntity
  8
A-DIMS
100
AcDbDimension
280
0
  2
*D7
  3
FF-ARCH
 10
0.0
 20
13900.0
 30
0.0
 11
375.0
 21
14050.0
 31
0.0
 70
32
 71
5
  1
<>
100
AcDbAlignedDimension
 13
0.0
 23
13350.0
 33
0.0
 14
750.0
 24
13350.0
 34
0.0
 50
0.0
100
AcDbRotatedDimension
1001
FLOORFORGE
1000
floor:0
1000
preliminary
  0
DIMENSION
  5
261
330
17
100
AcDbEntity
  8
A-DIMS
100
AcDbDimension
280
0
  2
*D8
  3
FF-ARCH
 10
750.0
 20
13900.0
 30
0.0
 11
1200.0
 21
14050.0
 31
0.0
 70
32
 71
5
  1
<>
100
AcDbAlignedDimension
 13
750.0
 23
13350.0
 33
0.0
 14
1650.0
 24
13350.0
 34
0.0
 50
0.0
100
AcDbRotatedDimension
1001
FLOORFORGE
1000
floor:0
1000
preliminary
  0
DIMENSION
  5
270
330
17
100
AcDbEntity
  8
A-DIMS
100
AcDbDimension
280
0
  2
*D9
  3
FF-ARCH
 10
1650.0
 20
13900.0
 30
0.0
 11
2400.0
 21
14050.0
 31
0.0
 70
32
 71
5
  1
<>
100
AcDbAlignedDimension
 13
1650.0
 23
13350.0
 33
0.0
 14
3150.0
 24
13350.0
 34
0.0
 50
0.0
100
AcDbRotatedDimension
1001
FLOORFORGE
1000
floor:0
1000
preliminary
  0
DIMENSION
  5
27F
330
17
100
AcDbEntity
  8
A-DIMS
100
AcDbDimension
280
0
  2
*D10
  3
FF-ARCH
 10
3150.0
 20
13900.0
 30
0.0
 11
4350.0
 21
14050.0
 31
0.0
 70
32
 71
5
  1
<>
100
AcDbAlignedDimension
 13
3150.0
 23
13350.0
 33
0.0
 14
5550.0
 24
13350.0
 34
0.0
 50
0.0
100
AcDbRotatedDimension
1001
FLOORFORGE
1000
floor:0
1000
preliminary
  0
DIMENSION
  5
28E
330
17
100
AcDbEntity
  8
A-DIMS
100
AcDbDimension
280
0
  2
*D11
  3
FF-ARCH
 10
5550.0
 20
13900.0
 30
0.0
 11
6150.0
 21
14050.0
 31
0.0
 70
32
 71
5
  1
<>
100
AcDbAlignedDimension
 13
5550.0
 23
13350.0
 33
0.0
 14
6750.0
 24
13350.0
 34
0.0
 50
0.0
100
AcDbRotatedDimension
1001
FLOORFORGE
1000
floor:0
1000
preliminary
  0
DIMENSION
  5
29D
330
17
100
AcDbEntity
  8
A-DIMS
100
AcDbDimension
280
0
  2
*D12
  3
FF-ARCH
 10
6750.0
 20
13900.0
 30
0.0
 11
7050.0
 21
14050.0
 31
0.0
 70
32
 71
5
  1
<>
100
AcDbAlignedDimension
 13
6750.0
 23
13350.0
 33
0.0
 14
7350.0
 24
13350.0
 34
0.0
 50
0.0
100
AcDbRotatedDimension
1001
FLOORFORGE
1000
floor:0
1000
preliminary
  0
DIMENSION
  5
2AC
330
17
100
AcDbEntity
  8
A-DIMS
100
AcDbDimension
280
0
  2
*D13
  3
FF-ARCH
 10
7350.0
 20
13900.0
 30
0.0
 11
8025.0
 21
14050.0
 31
0.0
 70
32
 71
5
  1
<>
100
AcDbAlignedDimension
 13
7350.0
 23
13350.0
 33
0.0
 14
8700.0
 24
13350.0
 34
0.0
 50
0.0
100
AcDbRotatedDimension
1001
FLOORFORGE
1000
floor:0
1000
preliminary
  0
DIMENSION
  5
2BB
330
17
100
AcDbEntity
  8
A-DIMS
100
AcDbDimension
280
0
  2
*D14
  3
FF-ARCH
 10
8700.0
 20
13900.0
 30
0.0
 11
9600.0
 21
14050.0
 31
0.0
 70
32
 71
5
  1
<>
100
AcDbAlignedDimension
 13
8700.0
 23
13350.0
 33
0.0
 14
10500.0
 24
13350.0
 34
0.0
 50
0.0
100
AcDbRotatedDimension
1001
FLOORFORGE
1000
floor:0
1000
preliminary
  0
DIMENSION
  5
2CA
330
17
100
AcDbEntity
  8
A-DIMS
100
AcDbDimension
280
0
  2
*D15
  3
FF-ARCH
 10
10500.0
 20
13900.0
 30
0.0
 11
10950.0
 21
14050.0
 31
0.0
 70
32
 71
5
  1
<>
100
AcDbAlignedDimension
 13
10500.0
 23
13350.0
 33
0.0
 14
11400.0
 24
13350.0
 34
0.0
 50
0.0
100
AcDbRotatedDimension
1001
FLOORFORGE
1000
floor:0
1000
preliminary
  0
DIMENSION
  5
2D9
330
17
100
AcDbEntity
  8
A-DIMS
100
AcDbDimension
280
0
  2
*D16
  3
FF-ARCH
 10
0.0
 20
14350.0
 30
0.0
 11
1200.0
 21
14500.0
 31
0.0
 70
32
 71
5
  1
<>
100
AcDbAlignedDimension
 13
0.0
 23
13350.0
 33
0.0
 14
2400.0
 24
13350.0
 34
0.0
 50
0.0
100
AcDbRotatedDimension
1001
FLOORFORGE
1000
floor:0
1000
preliminary
  0
DIMENSION
  5
2E8
330
17
100
AcDbEntity
  8
A-DIMS
100
AcDbDimension
280
0
  2
*D17
  3
FF-ARCH
 10
2400.0
 20
14350.0
 30
0.0
 11
4350.0
 21
14500.0
 31
0.0
 70
32
 71
5
  1
<>
100
AcDbAlignedDimension
 13
2400.0
 23
13350.0
 33
0.0
 14
6300.0
 24
13350.0
 34
0.0
 50
0.0
100
AcDbRotatedDimension
1001
FLOORFORGE
1000
floor:0
1000
preliminary
  0
DIMENSION
  5
2F7
330
17
100
AcDbEntity
  8
A-DIMS
100
AcDbDimension
280
0
  2
*D18
  3
FF-ARCH
 10
6300.0
 20
14350.0
 30
0.0
 11
7050.0
 21
14500.0
 31
0.0
 70
32
 71
5
  1
<>
100
AcDbAlignedDimension
 13
6300.0
 23
13350.0
 33
0.0
 14
7800.0
 24
13350.0
 34
0.0
 50
0.0
100
AcDbRotatedDimension
1001
FLOORFORGE
1000
floor:0
1000
preliminary
  0
DIMENSION
  5
306
330
17
100
AcDbEntity
  8
A-DIMS
100
AcDbDimension
280
0
  2
*D19
  3
FF-ARCH
 10
7800.0
 20
14350.0
 30
0.0
 11
9600.0
 21
14500.0
 31
0.0
 70
32
 71
5
  1
<>
100
AcDbAlignedDimension
 13
7800.0
 23
13350.0
 33
0.0
 14
11400.0
 24
13350.0
 34
0.0
 50
0.0
100
AcDbRotatedDimension
1001
FLOORFORGE
1000
floor:0
1000
preliminary
  0
DIMENSION
  5
315
330
17
100
AcDbEntity
  8
A-DIMS
100
AcDbDimension
280
0
  2
*D20
  3
FF-ARCH
 10
0.0
 20
14800.0
 30
0.0
 11
5700.0
 21
14950.0
 31
0.0
 70
32
 71
5
  1
<>
100
AcDbAlignedDimension
 13
0.0
 23
13350.0
 33
0.0
 14
11400.0
 24
13350.0
 34
0.0
 50
0.0
100
AcDbRotatedDimension
1001
FLOORFORGE
1000
floor:0
1000
preliminary
  0
DIMENSION
  5
324
330
17
100
AcDbEntity
  8
A-DIMS
100
AcDbDimension
280
0
  2
*D21
  3
FF-ARCH
 10
-550.0
 20
0.0
 30
0.0
 11
-820.0
 21
212.5
 31
0.0
 70
32
 71
5
  1
<>
100
AcDbAlignedDimension
 13
0.0
 23
0.0
 33
0.0
 14
0.0
 24
425.0
 34
0.0
 50
90.0
100
AcDbRotatedDimension
1001
FLOORFORGE
1000
floor:0
1000
preliminary
  0
DIMENSION
  5
333
330
17
100
AcDbEntity
  8
A-DIMS
100
AcDbDimension
280
0
  2
*D22
  3
FF-ARCH
 10
-550.0
 20
425.0
 30
0.0
 11
-700.0
 21
2225.0
 31
0.0
 70
32
 71
5
  1
<>
100
AcDbAlignedDimension
 13
0.0
 23
425.0
 33
0.0
 14
0.0
 24
4025.0
 34
0.0
 50
90.0
100
AcDbRotatedDimension
1001
FLOORFORGE
1000
floor:0
1000
preliminary
  0
DIMENSION
  5
342
330
17
100
AcDbEntity
  8
A-DIMS
100
AcDbDimension
280
0
  2
*D23
  3
FF-ARCH
 10
-550.0
 20
4025.0
 30
0.0
 11
-700.0
 21
5475.0
 31
0.0
 70
32
 71
5
  1
<>
100
AcDbAlignedDimension
 13
0.0
 23
4025.0
 33
0.0
 14
0.0
 24
6925.0
 34
0.0
 50
90.0
100
AcDbRotatedDimension
1001
FLOORFORGE
1000
floor:0
1000
preliminary
  0
DIMENSION
  5
351
330
17
100
AcDbEntity
  8
A-DIMS
100
AcDbDimension
280
0
  2
*D24
  3
FF-ARCH
 10
-550.0
 20
6925.0
 30
0.0
 11
-700.0
 21
7225.0
 31
0.0
 70
32
 71
5
  1
<>
100
AcDbAlignedDimension
 13
0.0
 23
6925.0
 33
0.0
 14
0.0
 24
7525.0
 34
0.0
 50
90.0
100
AcDbRotatedDimension
1001
FLOORFORGE
1000
floor:0
1000
preliminary
  0
DIMENSION
  5
360
330
17
100
AcDbEntity
  8
A-DIMS
100
AcDbDimension
280
0
  2
*D25
  3
FF-ARCH
 10
-550.0
 20
7525.0
 30
0.0
 11
-700.0
 21
8300.0
 31
0.0
 70
32
 71
5
  1
<>
100
AcDbAlignedDimension
 13
0.0
 23
7525.0
 33
0.0
 14
0.0
 24
9075.0
 34
0.0
 50
90.0
100
AcDbRotatedDimension
1001
FLOORFORGE
1000
floor:0
1000
preliminary
  0
DIMENSION
  5
36F
330
17
100
AcDbEntity
  8
A-DIMS
100
AcDbDimension
280
0
  2
*D26
  3
FF-ARCH
 10
-550.0
 20
9075.0
 30
0.0
 11
-700.0
 21
9600.0
 31
0.0
 70
32
 71
5
  1
<>
100
AcDbAlignedDimension
 13
0.0
 23
9075.0
 33
0.0
 14
0.0
 24
10125.0
 34
0.0
 50
90.0
100
AcDbRotatedDimension
1001
FLOORFORGE
1000
floor:0
1000
preliminary
  0
DIMENSION
  5
37E
330
17
100
AcDbEntity
  8
A-DIMS
100
AcDbDimension
280
0
  2
*D27
  3
FF-ARCH
 10
-550.0
 20
10125.0
 30
0.0
 11
-700.0
 21
10850.0
 31
0.0
 70
32
 71
5
  1
<>
100
AcDbAlignedDimension
 13
0.0
 23
10125.0
 33
0.0
 14
0.0
 24
11575.0
 34
0.0
 50
90.0
100
AcDbRotatedDimension
1001
FLOORFORGE
1000
floor:0
1000
preliminary
  0
DIMENSION
  5
38D
330
17
100
AcDbEntity
  8
A-DIMS
100
AcDbDimension
280
0
  2
*D28
  3
FF-ARCH
 10
-550.0
 20
11575.0
 30
0.0
 11
-700.0
 21
12025.0
 31
0.0
 70
32
 71
5
  1
<>
100
AcDbAlignedDimension
 13
0.0
 23
11575.0
 33
0.0
 14
0.0
 24
12475.0
 34
0.0
 50
90.0
100
AcDbRotatedDimension
1001
FLOORFORGE
1000
floor:0
1000
preliminary
  0
DIMENSION
  5
39C
330
17
100
AcDbEntity
  8
A-DIMS
100
AcDbDimension
280
0
  2
*D29
  3
FF-ARCH
 10
-550.0
 20
12475.0
 30
0.0
 11
-700.0
 21
12912.5
 31
0.0
 70
32
 71
5
  1
<>
100
AcDbAlignedDimension
 13
0.0
 23
12475.0
 33
0.0
 14
0.0
 24
13350.0
 34
0.0
 50
90.0
100
AcDbRotatedDimension
1001
FLOORFORGE
1000
floor:0
1000
preliminary
  0
DIMENSION
  5
3AB
330
17
100
AcDbEntity
  8
A-DIMS
100
AcDbDimension
280
0
  2
*D30
  3
FF-ARCH
 10
-1000.0
 20
0.0
 30
0.0
 11
-1150.0
 21
2225.0
 31
0.0
 70
32
 71
5
  1
<>
100
AcDbAlignedDimension
 13
0.0
 23
0.0
 33
0.0
 14
0.0
 24
4450.0
 34
0.0
 50
90.0
100
AcDbRotatedDimension
1001
FLOORFORGE
1000
floor:0
1000
preliminary
  0
DIMENSION
  5
3BA
330
17
100
AcDbEntity
  8
A-DIMS
100
AcDbDimension
280
0
  2
*D31
  3
FF-ARCH
 10
-1000.0
 20
4450.0
 30
0.0
 11
-1150.0
 21
5200.0
 31
0.0
 70
32
 71
5
  1
<>
100
AcDbAlignedDimension
 13
0.0
 23
4450.0
 33
0.0
 14
0.0
 24
5950.0
 34
0.0
 50
90.0
100
AcDbRotatedDimension
1001
FLOORFORGE
1000
floor:0
1000
preliminary
  0
DIMENSION
  5
3C9
330
17
100
AcDbEntity
  8
A-DIMS
100
AcDbDimension
280
0
  2
*D32
  3
FF-ARCH
 10
-1000.0
 20
5950.0
 30
0.0
 11
-1150.0
 21
7225.0
 31
0.0
 70
32
 71
5
  1
<>
100
AcDbAlignedDimension
 13
0.0
 23
5950.0
 33
0.0
 14
0.0
 24
8500.0
 34
0.0
 50
90.0
100
AcDbRotatedDimension
1001
FLOORFORGE
1000
floor:0
1000
preliminary
  0
DIMENSION
  5
3D8
330
17
100
AcDbEntity
  8
A-DIMS
100
AcDbDimension
280
0
  2
*D33
  3
FF-ARCH
 10
-1000.0
 20
8500.0
 30
0.0
 11
-1150.0
 21
9600.0
 31
0.0
 70
32
 71
5
  1
<>
100
AcDbAlignedDimension
 13
0.0
 23
8500.0
 33
0.0
 14
0.0
 24
10700.0
 34
0.0
 50
90.0
100
AcDbRotatedDimension
1001
FLOORFORGE
1000
floor:0
1000
preliminary
  0
DIMENSION
  5
3E7
330
17
100
AcDbEntity
  8
A-DIMS
100
AcDbDimension
280
0
  2
*D34
  3
FF-ARCH
 10
-1000.0
 20
10700.0
 30
0.0
 11
-1150.0
 21
12025.0
 31
0.0
 70
32
 71
5
  1
<>
100
AcDbAlignedDimension
 13
0.0
 23
10700.0
 33
0.0
 14
0.0
 24
13350.0
 34
0.0
 50
90.0
100
AcDbRotatedDimension
1001
FLOORFORGE
1000
floor:0
1000
preliminary
  0
DIMENSION
  5
3F6
330
17
100
AcDbEntity
  8
A-DIMS
100
AcDbDimension
280
0
  2
*D35
  3
FF-ARCH
 10
-1450.0
 20
0.0
 30
0.0
 11
-1600.0
 21
6675.0
 31
0.0
 70
32
 71
5
  1
<>
100
AcDbAlignedDimension
 13
0.0
 23
0.0
 33
0.0
 14
0.0
 24
13350.0
 34
0.0
 50
90.0
100
AcDbRotatedDimension
1001
FLOORFORGE
1000
floor:0
1000
preliminary
  0
DIMENSION
  5
405
330
17
100
AcDbEntity
  8
A-DIMS
100
AcDbDimension
280
0
  2
*D36
  3
FF-ARCH
 10
11950.0
 20
0.0
 30
0.0
 11
11800.0
 21
2550.0
 31
0.0
 70
32
 71
5
  1
<>
100
AcDbAlignedDimension
 13
11400.0
 23
0.0
 33
0.0
 14
11400.0
 24
5100.0
 34
0.0
 50
90.0
100
AcDbRotatedDimension
1001
FLOORFORGE
1000
floor:0
1000
preliminary
  0
DIMENSION
  5
414
330
17
100
AcDbEntity
  8
A-DIMS
100
AcDbDimension
280
0
  2
*D37
  3
FF-ARCH
 10
11950.0
 20
5100.0
 30
0.0
 11
11800.0
 21
5850.0
 31
0.0
 70
32
 71
5
  1
<>
100
AcDbAlignedDimension
 13
11400.0
 23
5100.0
 33
0.0
 14
11400.0
 24
6600.0
 34
0.0
 50
90.0
100
AcDbRotatedDimension
1001
FLOORFORGE
1000
floor:0
1000
preliminary
  0
DIMENSION
  5
423
330
17
100
AcDbEntity
  8
A-DIMS
100
AcDbDimension
280
0
  2
*D38
  3
FF-ARCH
 10
11950.0
 20
6600.0
 30
0.0
 11
11800.0
 21
7087.5
 31
0.0
 70
32
 71
5
  1
<>
100
AcDbAlignedDimension
 13
11400.0
 23
6600.0
 33
0.0
 14
11400.0
 24
7575.0
 34
0.0
 50
90.0
100
AcDbRotatedDimension
1001
FLOORFORGE
1000
floor:0
1000
preliminary
  0
DIMENSION
  5
432
330
17
100
AcDbEntity
  8
A-DIMS
100
AcDbDimension
280
0
  2
*D39
  3
FF-ARCH
 10
11950.0
 20
7575.0
 30
0.0
 11
11800.0
 21
7875.0
 31
0.0
 70
32
 71
5
  1
<>
100
AcDbAlignedDimension
 13
11400.0
 23
7575.0
 33
0.0
 14
11400.0
 24
8175.0
 34
0.0
 50
90.0
100
AcDbRotatedDimension
1001
FLOORFORGE
1000
floor:0
1000
preliminary
  0
DIMENSION
  5
441
330
17
100
AcDbEntity
  8
A-DIMS
100
AcDbDimension
280
0
  2
*D40
  3
FF-ARCH
 10
11950.0
 20
8175.0
 30
0.0
 11
11800.0
 21
8525.0
 31
0.0
 70
32
 71
5
  1
<>
100
AcDbAlignedDimension
 13
11400.0
 23
8175.0
 33
0.0
 14
11400.0
 24
8875.0
 34
0.0
 50
90.0
100
AcDbRotatedDimension
1001
FLOORFORGE
1000
floor:0
1000
preliminary
  0
DIMENSION
  5
450
330
17
100
AcDbEntity
  8
A-DIMS
100
AcDbDimension
280
0
  2
*D41
  3
FF-ARCH
 10
11950.0
 20
8875.0
 30
0.0
 11
11800.0
 21
9250.0
 31
0.0
 70
32
 71
5
  1
<>
100
AcDbAlignedDimension
 13
11400.0
 23
8875.0
 33
0.0
 14
11400.0
 24
9625.0
 34
0.0
 50
90.0
100
AcDbRotatedDimension
1001
FLOORFORGE
1000
floor:0
1000
preliminary
  0
DIMENSION
  5
45F
330
17
100
AcDbEntity
  8
A-DIMS
100
AcDbDimension
280
0
  2
*D42
  3
FF-ARCH
 10
11950.0
 20
9625.0
 30
0.0
 11
11800.0
 21
10200.0
 31
0.0
 70
32
 71
5
  1
<>
100
AcDbAlignedDimension
 13
11400.0
 23
9625.0
 33
0.0
 14
11400.0
 24
10775.0
 34
0.0
 50
90.0
100
AcDbRotatedDimension
1001
FLOORFORGE
1000
floor:0
1000
preliminary
  0
DIMENSION
  5
46E
330
17
100
AcDbEntity
  8
A-DIMS
100
AcDbDimension
280
0
  2
*D43
  3
FF-ARCH
 10
11950.0
 20
10775.0
 30
0.0
 11
11800.0
 21
11675.0
 31
0.0
 70
32
 71
5
  1
<>
100
AcDbAlignedDimension
 13
11400.0
 23
10775.0
 33
0.0
 14
11400.0
 24
12575.0
 34
0.0
 50
90.0
100
AcDbRotatedDimension
1001
FLOORFORGE
1000
floor:0
1000
preliminary
  0
DIMENSION
  5
47D
330
17
100
AcDbEntity
  8
A-DIMS
100
AcDbDimension
280
0
  2
*D44
  3
FF-ARCH
 10
11950.0
 20
12575.0
 30
0.0
 11
11800.0
 21
12962.5
 31
0.0
 70
32
 71
5
  1
<>
100
AcDbAlignedDimension
 13
11400.0
 23
12575.0
 33
0.0
 14
11400.0
 24
13350.0
 34
0.0
 50
90.0
100
AcDbRotatedDimension
1001
FLOORFORGE
1000
floor:0
1000
preliminary
  0
DIMENSION
  5
48C
330
17
100
AcDbEntity
  8
A-DIMS
100
AcDbDimension
280
0
  2
*D45
  3
FF-ARCH
 10
12400.0
 20
0.0
 30
0.0
 11
12250.0
 21
2225.0
 31
0.0
 70
32
 71
5
  1
<>
100
AcDbAlignedDimension
 13
11400.0
 23
0.0
 33
0.0
 14
11400.0
 24
4450.0
 34
0.0
 50
90.0
100
AcDbRotatedDimension
1001
FLOORFORGE
1000
floor:0
1000
preliminary
  0
DIMENSION
  5
49B
330
17
100
AcDbEntity
  8
A-DIMS
100
AcDbDimension
280
0
  2
*D46
  3
FF-ARCH
 10
12400.0
 20
4450.0
 30
0.0
 11
12250.0
 21
5850.0
 31
0.0
 70
32
 71
5
  1
<>
100
AcDbAlignedDimension
 13
11400.0
 23
4450.0
 33
0.0
 14
11400.0
 24
7250.0
 34
0.0
 50
90.0
100
AcDbRotatedDimension
1001
FLOORFORGE
1000
floor:0
1000
preliminary
  0
DIMENSION
  5
4AA
330
17
100
AcDbEntity
  8
A-DIMS
100
AcDbDimension
280
0
  2
*D47
  3
FF-ARCH
 10
12400.0
 20
7250.0
 30
0.0
 11
12250.0
 21
7875.0
 31
0.0
 70
32
 71
5
  1
<>
100
AcDbAlignedDimension
 13
11400.0
 23
7250.0
 33
0.0
 14
11400.0
 24
8500.0
 34
0.0
 50
90.0
100
AcDbRotatedDimension
1001
FLOORFORGE
1000
floor:0
1000
preliminary
  0
DIMENSION
  5
4B9
330
17
100
AcDbEntity
  8
A-DIMS
100
AcDbDimension
280
0
  2
*D48
  3
FF-ARCH
 10
12400.0
 20
8500.0
 30
0.0
 11
12250.0
 21
9250.0
 31
0.0
 70
32
 71
5
  1
<>
100
AcDbAlignedDimension
 13
11400.0
 23
8500.0
 33
0.0
 14
11400.0
 24
10000.0
 34
0.0
 50
90.0
100
AcDbRotatedDimension
1001
FLOORFORGE
1000
floor:0
1000
preliminary
  0
DIMENSION
  5
4C8
330
17
100
AcDbEntity
  8
A-DIMS
100
AcDbDimension
280
0
  2
*D49
  3
FF-ARCH
 10
12400.0
 20
10000.0
 30
0.0
 11
12250.0
 21
11675.0
 31
0.0
 70
32
 71
5
  1
<>
100
AcDbAlignedDimension
 13
11400.0
 23
10000.0
 33
0.0
 14
11400.0
 24
13350.0
 34
0.0
 50
90.0
100
AcDbRotatedDimension
1001
FLOORFORGE
1000
floor:0
1000
preliminary
  0
DIMENSION
  5
4D7
330
17
100
AcDbEntity
  8
A-DIMS
100
AcDbDimension
280
0
  2
*D50
  3
FF-ARCH
 10
12850.0
 20
0.0
 30
0.0
 11
12700.0
 21
6675.0
 31
0.0
 70
32
 71
5
  1
<>
100
AcDbAlignedDimension
 13
11400.0
 23
0.0
 33
0.0
 14
11400.0
 24
13350.0
 34
0.0
 50
90.0
100
AcDbRotatedDimension
1001
FLOORFORGE
1000
floor:0
1000
preliminary
  0
LINE
  5
4E6
330
17
100
AcDbEntity
  8
A-GRID
100
AcDbLine
 10
115.0
 20
-2300.0
 30
0.0
 11
115.0
 21
15150.0
 31
0.0
1001
FLOORFORGE
1000
floor:0
1000
preliminary
  0
CIRCLE
  5
4E7
330
17
100
AcDbEntity
  8
A-GRID
100
AcDbCircle
 10
115.0
 20
15450.0
 30
0.0
 40
300.0
1001
FLOORFORGE
1000
floor:0
1000
preliminary
  0
TEXT
  5
4E8
330
17
100
AcDbEntity
  8
A-GRID
100
AcDbText
 10
115.0
 20
15360.0
 30
0.0
 40
220.0
  1
A
 72
1
 11
115.0
 21
15360.0
 31
0.0
100
AcDbText
 73
1
1001
FLOORFORGE
1000
floor:0
1000
preliminary
  0
LINE
  5
4E9
330
17
100
AcDbEntity
  8
A-GRID
100
AcDbLine
 10
7800.0
 20
-2300.0
 30
0.0
 11
7800.0
 21
15150.0
 31
0.0
1001
FLOORFORGE
1000
floor:0
1000
preliminary
  0
CIRCLE
  5
4EA
330
17
100
AcDbEntity
  8
A-GRID
100
AcDbCircle
 10
7800.0
 20
15450.0
 30
0.0
 40
300.0
1001
FLOORFORGE
1000
floor:0
1000
preliminary
  0
TEXT
  5
4EB
330
17
100
AcDbEntity
  8
A-GRID
100
AcDbText
 10
7800.0
 20
15360.0
 30
0.0
 40
220.0
  1
B
 72
1
 11
7800.0
 21
15360.0
 31
0.0
100
AcDbText
 73
1
1001
FLOORFORGE
1000
floor:0
1000
preliminary
  0
LINE
  5
4EC
330
17
100
AcDbEntity
  8
A-GRID
100
AcDbLine
 10
11285.0
 20
-2300.0
 30
0.0
 11
11285.0
 21
15150.0
 31
0.0
1001
FLOORFORGE
1000
floor:0
1000
preliminary
  0
CIRCLE
  5
4ED
330
17
100
AcDbEntity
  8
A-GRID
100
AcDbCircle
 10
11285.0
 20
15450.0
 30
0.0
 40
300.0
1001
FLOORFORGE
1000
floor:0
1000
preliminary
  0
TEXT
  5
4EE
330
17
100
AcDbEntity
  8
A-GRID
100
AcDbText
 10
11285.0
 20
15360.0
 30
0.0
 40
220.0
  1
C
 72
1
 11
11285.0
 21
15360.0
 31
0.0
100
AcDbText
 73
1
1001
FLOORFORGE
1000
floor:0
1000
preliminary
  0
LINE
  5
4EF
330
17
100
AcDbEntity
  8
A-GRID
100
AcDbLine
 10
-1800.0
 20
115.0
 30
0.0
 11
11600.0
 21
115.0
 31
0.0
1001
FLOORFORGE
1000
floor:0
1000
preliminary
  0
CIRCLE
  5
4F0
330
17
100
AcDbEntity
  8
A-GRID
100
AcDbCircle
 10
-2100.0
 20
115.0
 30
0.0
 40
300.0
1001
FLOORFORGE
1000
floor:0
1000
preliminary
  0
TEXT
  5
4F1
330
17
100
AcDbEntity
  8
A-GRID
100
AcDbText
 10
-2100.0
 20
25.0
 30
0.0
 40
220.0
  1
1
 72
1
 11
-2100.0
 21
25.0
 31
0.0
100
AcDbText
 73
1
1001
FLOORFORGE
1000
floor:0
1000
preliminary
  0
LINE
  5
4F2
330
17
100
AcDbEntity
  8
A-GRID
100
AcDbLine
 10
-1800.0
 20
4450.0
 30
0.0
 11
11600.0
 21
4450.0
 31
0.0
1001
FLOORFORGE
1000
floor:0
1000
preliminary
  0
CIRCLE
  5
4F3
330
17
100
AcDbEntity
  8
A-GRID
100
AcDbCircle
 10
-2100.0
 20
4450.0
 30
0.0
 40
300.0
1001
FLOORFORGE
1000
floor:0
1000
preliminary
  0
TEXT
  5
4F4
330
17
100
AcDbEntity
  8
A-GRID
100
AcDbText
 10
-2100.0
 20
4360.0
 30
0.0
 40
220.0
  1
2
 72
1
 11
-2100.0
 21
4360.0
 31
0.0
100
AcDbText
 73
1
1001
FLOORFORGE
1000
floor:0
1000
preliminary
  0
LINE
  5
4F5
330
17
100
AcDbEntity
  8
A-GRID
100
AcDbLine
 10
-1800.0
 20
8500.0
 30
0.0
 11
11600.0
 21
8500.0
 31
0.0
1001
FLOORFORGE
1000
floor:0
1000
preliminary
  0
CIRCLE
  5
4F6
330
17
100
AcDbEntity
  8
A-GRID
100
AcDbCircle
 10
-2100.0
 20
8500.0
 30
0.0
 40
300.0
1001
FLOORFORGE
1000
floor:0
1000
preliminary
  0
TEXT
  5
4F7
330
17
100
AcDbEntity
  8
A-GRID
100
AcDbText
 10
-2100.0
 20
8410.0
 30
0.0
 40
220.0
  1
3
 72
1
 11
-2100.0
 21
8410.0
 31
0.0
100
AcDbText
 73
1
1001
FLOORFORGE
1000
floor:0
1000
preliminary
  0
LINE
  5
4F8
330
17
100
AcDbEntity
  8
A-GRID
100
AcDbLine
 10
-1800.0
 20
11250.0
 30
0.0
 11
11600.0
 21
11250.0
 31
0.0
1001
FLOORFORGE
1000
floor:0
1000
preliminary
  0
CIRCLE
  5
4F9
330
17
100
AcDbEntity
  8
A-GRID
100
AcDbCircle
 10
-2100.0
 20
11250.0
 30
0.0
 40
300.0
1001
FLOORFORGE
1000
floor:0
1000
preliminary
  0
TEXT
  5
4FA
330
17
100
AcDbEntity
  8
A-GRID
100
AcDbText
 10
-2100.0
 20
11160.0
 30
0.0
 40
220.0
  1
4
 72
1
 11
-2100.0
 21
11160.0
 31
0.0
100
AcDbText
 73
1
1001
FLOORFORGE
1000
floor:0
1000
preliminary
  0
LINE
  5
4FB
330
17
100
AcDbEntity
  8
A-GRID
100
AcDbLine
 10
-1800.0
 20
13235.0
 30
0.0
 11
11600.0
 21
13235.0
 31
0.0
1001
FLOORFORGE
1000
floor:0
1000
preliminary
  0
CIRCLE
  5
4FC
330
17
100
AcDbEntity
  8
A-GRID
100
AcDbCircle
 10
-2100.0
 20
13235.0
 30
0.0
 40
300.0
1001
FLOORFORGE
1000
floor:0
1000
preliminary
  0
TEXT
  5
4FD
330
17
100
AcDbEntity
  8
A-GRID
100
AcDbText
 10
-2100.0
 20
13145.0
 30
0.0
 40
220.0
  1
5
 72
1
 11
-2100.0
 21
13145.0
 31
0.0
100
AcDbText
 73
1
1001
FLOORFORGE
1000
floor:0
1000
preliminary
  0
LWPOLYLINE
  5
4FE
330
17
100
AcDbEntity
  8
A-LEVL
100
AcDbPolyline
 90
3
 70
1
 10
5755.0
 20
1630.0
 10
5975.0
 20
1630.0
 10
5865.0
 20
1440.0
1001
FLOORFORGE
1000
floor:0
1000
preliminary
  0
HATCH
  5
4FF
330
17
100
AcDbEntity
  8
A-LEVL
 62
7
100
AcDbHatch
 10
0.0
 20
0.0
 30
0.0
210
0.0
220
0.0
230
1.0
  2
SOLID
 70
1
 71
0
 91
1
 92
3
 72
0
 73
1
 93
3
 10
5755.0
 20
1630.0
 10
5975.0
 20
1630.0
 10
5865.0
 20
1440.0
 97
0
 75
0
 76
1
 98
0
  0
LINE
  5
500
330
17
100
AcDbEntity
  8
A-LEVL
100
AcDbLine
 10
5485.0
 20
1440.0
 30
0.0
 11
6245.0
 21
1440.0
 31
0.0
1001
FLOORFORGE
1000
floor:0
1000
preliminary
  0
TEXT
  5
501
330
17
100
AcDbEntity
  8
A-LEVL
100
AcDbText
 10
6035.0
 20
1500.0
 30
0.0
 40
160.0
  1
FFL +0.450
 11
6035.0
 21
1500.0
 31
0.0
100
AcDbText
1001
FLOORFORGE
1000
floor:0
1000
preliminary
  0
LINE
  5
502
330
17
100
AcDbEntity
  8
A-SECT
100
AcDbLine
 10
9450.0
 20
-2200.0
 30
0.0
 11
9450.0
 21
-3670.0
 31
0.0
1001
FLOORFORGE
1000
floor:0
1000
preliminary
  0
LINE
  5
503
330
17
100
AcDbEntity
  8
A-SECT
100
AcDbLine
 10
9450.0
 20
-3670.0
 30
0.0
 11
9450.0
 21
-3970.0
 31
0.0
1001
FLOORFORGE
1000
floor:0
1000
preliminary
  0
CIRCLE
  5
504
330
17
100
AcDbEntity
  8
A-SECT
100
AcDbCircle
 10
9450.0
 20
-4250.0
 30
0.0
 40
280.0
1001
FLOORFORGE
1000
floor:0
1000
preliminary
  0
TEXT
  5
505
330
17
100
AcDbEntity
  8
A-SECT
100
AcDbText
 10
9450.0
 20
-4335.0
 30
0.0
 40
220.0
  1
A
 72
1
 11
9450.0
 21
-4335.0
 31
0.0
100
AcDbText
 73
1
1001
FLOORFORGE
1000
floor:0
1000
preliminary
  0
LWPOLYLINE
  5
506
330
17
100
AcDbEntity
  8
A-SECT
100
AcDbPolyline
 90
3
 70
1
 10
9170.0
 20
-4370.0
 10
8830.0
 20
-4250.0
 10
9170.0
 20
-4130.0
1001
FLOORFORGE
1000
floor:0
1000
preliminary
  0
HATCH
  5
507
330
17
100
AcDbEntity
  8
A-SECT
 62
7
100
AcDbHatch
 10
0.0
 20
0.0
 30
0.0
210
0.0
220
0.0
230
1.0
  2
SOLID
 70
1
 71
0
 91
1
 92
3
 72
0
 73
1
 93
3
 10
9170.0
 20
-4370.0
 10
8830.0
 20
-4250.0
 10
9170.0
 20
-4130.0
 97
0
 75
0
 76
1
 98
0
  0
LINE
  5
508
330
17
100
AcDbEntity
  8
A-SECT
100
AcDbLine
 10
9450.0
 20
13450.0
 30
0.0
 11
9450.0
 21
14870.0
 31
0.0
1001
FLOORFORGE
1000
floor:0
1000
preliminary
  0
LINE
  5
509
330
17
100
AcDbEntity
  8
A-SECT
100
AcDbLine
 10
9450.0
 20
14870.0
 30
0.0
 11
9450.0
 21
15170.0
 31
0.0
1001
FLOORFORGE
1000
floor:0
1000
preliminary
  0
CIRCLE
  5
50A
330
17
100
AcDbEntity
  8
A-SECT
100
AcDbCircle
 10
9450.0
 20
15450.0
 30
0.0
 40
280.0
1001
FLOORFORGE
1000
floor:0
1000
preliminary
  0
TEXT
  5
50B
330
17
100
AcDbEntity
  8
A-SECT
100
AcDbText
 10
9450.0
 20
15365.0
 30
0.0
 40
220.0
  1
A
 72
1
 11
9450.0
 21
15365.0
 31
0.0
100
AcDbText
 73
1
1001
FLOORFORGE
1000
floor:0
1000
preliminary
  0
LWPOLYLINE
  5
50C
330
17
100
AcDbEntity
  8
A-SECT
100
AcDbPolyline
 90
3
 70
1
 10
9170.0
 20
15570.0
 10
8830.0
 20
15450.0
 10
9170.0
 20
15330.0
1001
FLOORFORGE
1000
floor:0
1000
preliminary
  0
HATCH
  5
50D
330
17
100
AcDbEntity
  8
A-SECT
 62
7
100
AcDbHatch
 10
0.0
 20
0.0
 30
0.0
210
0.0
220
0.0
230
1.0
  2
SOLID
 70
1
 71
0
 91
1
 92
3
 72
0
 73
1
 93
3
 10
9170.0
 20
15570.0
 10
8830.0
 20
15450.0
 10
9170.0
 20
15330.0
 97
0
 75
0
 76
1
 98
0
  0
CIRCLE
  5
50E
330
17
100
AcDbEntity
  8
A-ANNO
100
AcDbCircle
 10
-3600.0
 20
14750.0
 30
0.0
 40
550.0
1001
FLOORFORGE
1000
floor:0
1000
preliminary
  0
LWPOLYLINE
  5
50F
330
17
100
AcDbEntity
  8
A-WALL
100
AcDbPolyline
 90
3
 70
1
 10
-3600.0
 20
15256.0
 10
-3754.0
 20
14447.5
 10
-3600.0
 20
14640.0
1001
FLOORFORGE
1000
floor:0
1000
preliminary
  0
HATCH
  5
510
330
17
100
AcDbEntity
  8
A-WALL
 62
7
100
AcDbHatch
 10
0.0
 20
0.0
 30
0.0
210
0.0
220
0.0
230
1.0
  2
SOLID
 70
1
 71
0
 91
1
 92
3
 72
0
 73
1
 93
3
 10
-3600.0
 20
15256.0
 10
-3754.0
 20
14447.5
 10
-3600.0
 20
14640.0
 97
0
 75
0
 76
1
 98
0
  0
LWPOLYLINE
  5
511
330
17
100
AcDbEntity
  8
A-WALL
100
AcDbPolyline
 90
3
 70
1
 10
-3600.0
 20
15256.0
 10
-3446.0
 20
14447.5
 10
-3600.0
 20
14640.0
1001
FLOORFORGE
1000
floor:0
1000
preliminary
  0
TEXT
  5
512
330
17
100
AcDbEntity
  8
A-ANNO
100
AcDbText
 10
-3600.0
 20
15470.0
 30
0.0
 40
260.0
  1
N
 72
1
 11
-3600.0
 21
15470.0
 31
0.0
100
AcDbText
 73
1
1001
FLOORFORGE
1000
floor:0
1000
preliminary
  0
TEXT
  5
513
330
17
100
AcDbEntity
  8
A-ANNO
100
AcDbText
 10
0.0
 20
-5200.0
 30
0.0
 40
190.0
  1
PRELIMINARY - ENGINEER TO REVIEW - NOT FOR CONSTRUCTION
 11
0.0
 21
-5200.0
 31
0.0
100
AcDbText
  0
TEXT
  5
514
330
17
100
AcDbEntity
  8
A-ANNO
100
AcDbText
 10
0.0
 20
18150.0
 30
0.0
 40
210.0
  1
FLOOR 0 / TRUE MILLIMETRES / NO STRUCTURAL CERTIFICATION
 11
0.0
 21
18150.0
 31
0.0
100
AcDbText
  0
LWPOLYLINE
  5
51C
330
17
100
AcDbEntity
  8
A-FLOR
100
AcDbPolyline
 90
7
 70
1
 10
32300.0
 20
4375.0
 10
32375.0
 20
4375.0
 10
34570.0
 20
4375.0
 10
34570.0
 20
4220.0
 10
34570.0
 20
230.0
 10
32530.0
 20
230.0
 10
32300.0
 20
230.0
1001
FLOORFORGE
1000
floor:1
1000
preliminary
  0
LWPOLYLINE
  5
51D
330
17
100
AcDbEntity
  8
A-FLOR
100
AcDbPolyline
 90
19
 70
1
 10
32300.0
 20
230.0
 10
32070.0
 20
230.0
 10
28765.0
 20
230.0
 10
28765.0
 20
1435.0
 10
28765.0
 20
1665.0
 10
28650.0
 20
1665.0
 10
28535.0
 20
1665.0
 10
23630.0
 20
1665.0
 10
23630.0
 20
4220.0
 10
23630.0
 20
4375.0
 10
27825.0
 20
4375.0
 10
27975.0
 20
4375.0
 10
27975.0
 20
4450.0
 10
29175.0
 20
4450.0
 10
29175.0
 20
4375.0
 10
29250.0
 20
4375.0
 10
29325.0
 20
4375.0
 10
32225.0
 20
4375.0
 10
32300.0
 20
4375.0
1001
FLOORFORGE
1000
floor:1
1000
preliminary
  0
LWPOLYLINE
  5
51E
330
17
100
AcDbEntity
  8
A-FLOR
100
AcDbPolyline
 90
8
 70
1
 10
23400.0
 20
1320.0
 10
23630.0
 20
1320.0
 10
23630.0
 20
1435.0
 10
28535.0
 20
1435.0
 10
28535.0
 20
230.0
 10
28420.0
 20
230.0
 10
28420.0
 20
0.0
 10
23400.0
 20
0.0
1001
FLOORFORGE
1000
floor:1
1000
preliminary
  0
LWPOLYLINE
  5
51F
330
17
100
AcDbEntity
  8
A-FLOR
100
AcDbPolyline
 90
9
 70
1
 10
27975.0
 20
4450.0
 10
27975.0
 20
4525.0
 10
27975.0
 20
8975.0
 10
29175.0
 20
8975.0
 10
29175.0
 20
7875.0
 10
29175.0
 20
7800.0
 10
29175.0
 20
7725.0
 10
29175.0
 20
4525.0
 10
29175.0
 20
4450.0
1001
FLOORFORGE
1000
floor:1
1000
preliminary
  0
LWPOLYLINE
  5
520
330
17
100
AcDbEntity
  8
A-FLOR
100
AcDbPolyline
 90
12
 70
1
 10
32700.0
 20
7725.0
 10
32775.0
 20
7725.0
 10
34570.0
 20
7725.0
 10
34570.0
 20
7570.0
 10
34570.0
 20
4680.0
 10
34570.0
 20
4525.0
 10
32375.0
 20
4525.0
 10
32300.0
 20
4525.0
 10
32225.0
 20
4525.0
 10
29325.0
 20
4525.0
 10
29325.0
 20
7725.0
 10
32625.0
 20
7725.0
1001
FLOORFORGE
1000
floor:1
1000
preliminary
  0
LWPOLYLINE
  5
521
330
17
100
AcDbEntity
  8
A-FLOR
100
AcDbPolyline
 90
17
 70
1
 10
28130.0
 20
13120.0
 10
32470.0
 20
13120.0
 10
32625.0
 20
13120.0
 10
32625.0
 20
10375.0
 10
32625.0
 20
10300.0
 10
32625.0
 20
10225.0
 10
32625.0
 20
7875.0
 10
29325.0
 20
7875.0
 10
29325.0
 20
8975.0
 10
29325.0
 20
9125.0
 10
29250.0
 20
9125.0
 10
29175.0
 20
9125.0
 10
27975.0
 20
9125.0
 10
27975.0
 20
10575.0
 10
27975.0
 20
10650.0
 10
27975.0
 20
10725.0
 10
27975.0
 20
13120.0
1001
FLOORFORGE
1000
floor:1
1000
preliminary
  0
LWPOLYLINE
  5
522
330
17
100
AcDbEntity
  8
A-FLOR
100
AcDbPolyline
 90
6
 70
1
 10
34570.0
 20
10530.0
 10
34570.0
 20
10375.0
 10
32775.0
 20
10375.0
 10
32775.0
 20
13120.0
 10
32930.0
 20
13120.0
 10
34570.0
 20
13120.0
1001
FLOORFORGE
1000
floor:1
1000
preliminary
  0
LWPOLYLINE
  5
523
330
17
100
AcDbEntity
  8
A-FLOR
100
AcDbPolyline
 90
6
 70
1
 10
34570.0
 20
8030.0
 10
34570.0
 20
7875.0
 10
32775.0
 20
7875.0
 10
32775.0
 20
10225.0
 10
34570.0
 20
10225.0
 10
34570.0
 20
10070.0
1001
FLOORFORGE
1000
floor:1
1000
preliminary
  0
LWPOLYLINE
  5
524
330
17
100
AcDbEntity
  8
A-FLOR
100
AcDbPolyline
 90
12
 70
1
 10
23630.0
 20
10420.0
 10
23630.0
 20
10575.0
 10
25725.0
 20
10575.0
 10
25800.0
 20
10575.0
 10
25875.0
 20
10575.0
 10
27825.0
 20
10575.0
 10
27825.0
 20
9125.0
 10
27825.0
 20
9050.0
 10
27825.0
 20
8975.0
 10
27825.0
 20
4525.0
 10
23630.0
 20
4525.0
 10
23630.0
 20
4680.0
1001
FLOORFORGE
1000
floor:1
1000
preliminary
  0
LWPOLYLINE
  5
525
330
17
100
AcDbEntity
  8
A-FLOR
100
AcDbPolyline
 90
6
 70
1
 10
27825.0
 20
13120.0
 10
27825.0
 20
10725.0
 10
25875.0
 20
10725.0
 10
25875.0
 20
13120.0
 10
26030.0
 20
13120.0
 10
27670.0
 20
13120.0
1001
FLOORFORGE
1000
floor:1
1000
preliminary
  0
LWPOLYLINE
  5
526
330
17
100
AcDbEntity
  8
A-FLOR
100
AcDbPolyline
 90
6
 70
1
 10
23630.0
 20
10725.0
 10
23630.0
 20
10880.0
 10
23630.0
 20
13120.0
 10
25570.0
 20
13120.0
 10
25725.0
 20
13120.0
 10
25725.0
 20
10725.0
1001
FLOORFORGE
1000
floor:1
1000
preliminary
  0
LWPOLYLINE
  5
527
330
17
100
AcDbEntity
  8
A-FLOR
100
AcDbPolyline
 90
5
 70
1
 10
23400.0
 20
0.0
 10
23400.0
 20
13350.0
 10
34800.0
 20
13350.0
 10
34800.0
 20
0.0
 10
23400.0
 20
0.0
1001
FLOORFORGE
1000
floor:1
1000
preliminary
  0
LWPOLYLINE
  5
528
330
17
100
AcDbEntity
  8
A-FLOR
100
AcDbPolyline
 90
5
 70
1
 10
34550.0
 20
4350.0
 10
32350.0
 20
4350.0
 10
32350.0
 20
1300.0
 10
34550.0
 20
1300.0
 10
34550.0
 20
4350.0
1001
FLOORFORGE
1000
floor:1
1000
preliminary
  0
LWPOLYLINE
  5
529
330
17
100
AcDbEntity
  8
A-WALL
100
AcDbPolyline
 90
5
 70
1
 10
23630.0
 20
4050.0
 10
23400.0
 20
4050.0
 10
23400.0
 20
4680.0
 10
23630.0
 20
4680.0
 10
23630.0
 20
4050.0
1001
FLOORFORGE
1000
floor:1
1000
preliminary
  0
HATCH
  5
52A
330
17
100
AcDbEntity
  8
A-WALL
 62
7
100
AcDbHatch
 10
0.0
 20
0.0
 30
0.0
210
0.0
220
0.0
230
1.0
  2
SOLID
 70
1
 71
0
 91
1
 92
3
 72
0
 73
1
 93
5
 10
23630.0
 20
4050.0
 10
23400.0
 20
4050.0
 10
23400.0
 20
4680.0
 10
23630.0
 20
4680.0
 10
23630.0
 20
4050.0
 97
0
 75
0
 76
1
 98
0
  0
LWPOLYLINE
  5
52B
330
17
100
AcDbEntity
  8
A-WALL
100
AcDbPolyline
 90
6
 70
1
 10
23630.0
 20
1550.0
 10
23630.0
 20
1320.0
 10
23400.0
 20
1320.0
 10
23400.0
 20
1950.0
 10
23630.0
 20
1950.0
 10
23630.0
 20
1550.0
1001
FLOORFORGE
1000
floor:1
1000
preliminary
  0
HATCH
  5
52C
330
17
100
AcDbEntity
  8
A-WALL
 62
7
100
AcDbHatch
 10
0.0
 20
0.0
 30
0.0
210
0.0
220
0.0
230
1.0
  2
SOLID
 70
1
 71
0
 91
1
 92
3
 72
0
 73
1
 93
6
 10
23630.0
 20
1550.0
 10
23630.0
 20
1320.0
 10
23400.0
 20
1320.0
 10
23400.0
 20
1950.0
 10
23630.0
 20
1950.0
 10
23630.0
 20
1550.0
 97
0
 75
0
 76
1
 98
0
  0
LWPOLYLINE
  5
52D
330
17
100
AcDbEntity
  8
A-WALL
100
AcDbPolyline
 90
6
 70
1
 10
28765.0
 20
1435.0
 10
27375.0
 20
1435.0
 10
27375.0
 20
1665.0
 10
28650.0
 20
1665.0
 10
28765.0
 20
1665.0
 10
28765.0
 20
1435.0
1001
FLOORFORGE
1000
floor:1
1000
preliminary
  0
HATCH
  5
52E
330
17
100
AcDbEntity
  8
A-WALL
 62
7
100
AcDbHatch
 10
0.0
 20
0.0
 30
0.0
210
0.0
220
0.0
230
1.0
  2
SOLID
 70
1
 71
0
 91
1
 92
3
 72
0
 73
1
 93
6
 10
28765.0
 20
1435.0
 10
27375.0
 20
1435.0
 10
27375.0
 20
1665.0
 10
28650.0
 20
1665.0
 10
28765.0
 20
1665.0
 10
28765.0
 20
1435.0
 97
0
 75
0
 76
1
 98
0
  0
LWPOLYLINE
  5
52F
330
17
100
AcDbEntity
  8
A-WALL
100
AcDbPolyline
 90
5
 70
1
 10
23400.0
 20
1435.0
 10
23400.0
 20
1665.0
 10
24675.0
 20
1665.0
 10
24675.0
 20
1435.0
 10
23400.0
 20
1435.0
1001
FLOORFORGE
1000
floor:1
1000
preliminary
  0
HATCH
  5
530
330
17
100
AcDbEntity
  8
A-WALL
 62
7
100
AcDbHatch
 10
0.0
 20
0.0
 30
0.0
210
0.0
220
0.0
230
1.0
  2
SOLID
 70
1
 71
0
 91
1
 92
3
 72
0
 73
1
 93
5
 10
23400.0
 20
1435.0
 10
23400.0
 20
1665.0
 10
24675.0
 20
1665.0
 10
24675.0
 20
1435.0
 10
23400.0
 20
1435.0
 97
0
 75
0
 76
1
 98
0
  0
LWPOLYLINE
  5
531
330
17
100
AcDbEntity
  8
A-WALL
100
AcDbPolyline
 90
5
 70
1
 10
23630.0
 20
8900.0
 10
23400.0
 20
8900.0
 10
23400.0
 20
10880.0
 10
23630.0
 20
10880.0
 10
23630.0
 20
8900.0
1001
FLOORFORGE
1000
floor:1
1000
preliminary
  0
HATCH
  5
532
330
17
100
AcDbEntity
  8
A-WALL
 62
7
100
AcDbHatch
 10
0.0
 20
0.0
 30
0.0
210
0.0
220
0.0
230
1.0
  2
SOLID
 70
1
 71
0
 91
1
 92
3
 72
0
 73
1
 93
5
 10
23630.0
 20
8900.0
 10
23400.0
 20
8900.0
 10
23400.0
 20
10880.0
 10
23630.0
 20
10880.0
 10
23630.0
 20
8900.0
 97
0
 75
0
 76
1
 98
0
  0
LWPOLYLINE
  5
533
330
17
100
AcDbEntity
  8
A-WALL
100
AcDbPolyline
 90
6
 70
1
 10
23630.0
 20
4450.0
 10
23630.0
 20
4220.0
 10
23400.0
 20
4220.0
 10
23400.0
 20
6200.0
 10
23630.0
 20
6200.0
 10
23630.0
 20
4450.0
1001
FLOORFORGE
1000
floor:1
1000
preliminary
  0
HATCH
  5
534
330
17
100
AcDbEntity
  8
A-WALL
 62
7
100
AcDbHatch
 10
0.0
 20
0.0
 30
0.0
210
0.0
220
0.0
230
1.0
  2
SOLID
 70
1
 71
0
 91
1
 92
3
 72
0
 73
1
 93
6
 10
23630.0
 20
4450.0
 10
23630.0
 20
4220.0
 10
23400.0
 20
4220.0
 10
23400.0
 20
6200.0
 10
23630.0
 20
6200.0
 10
23630.0
 20
4450.0
 97
0
 75
0
 76
1
 98
0
  0
LWPOLYLINE
  5
535
330
17
100
AcDbEntity
  8
A-WALL
100
AcDbPolyline
 90
6
 70
1
 10
27975.0
 20
4525.0
 10
27975.0
 20
4375.0
 10
23400.0
 20
4375.0
 10
23400.0
 20
4525.0
 10
27900.0
 20
4525.0
 10
27975.0
 20
4525.0
1001
FLOORFORGE
1000
floor:1
1000
preliminary
  0
HATCH
  5
536
330
17
100
AcDbEntity
  8
A-WALL
 62
7
100
AcDbHatch
 10
0.0
 20
0.0
 30
0.0
210
0.0
220
0.0
230
1.0
  2
SOLID
 70
1
 71
0
 91
1
 92
3
 72
0
 73
1
 93
6
 10
27975.0
 20
4525.0
 10
27975.0
 20
4375.0
 10
23400.0
 20
4375.0
 10
23400.0
 20
4525.0
 10
27900.0
 20
4525.0
 10
27975.0
 20
4525.0
 97
0
 75
0
 76
1
 98
0
  0
LWPOLYLINE
  5
537
330
17
100
AcDbEntity
  8
A-WALL
100
AcDbPolyline
 90
6
 70
1
 10
23630.0
 20
10650.0
 10
23630.0
 20
10420.0
 10
23400.0
 20
10420.0
 10
23400.0
 20
13350.0
 10
23630.0
 20
13350.0
 10
23630.0
 20
10650.0
1001
FLOORFORGE
1000
floor:1
1000
preliminary
  0
HATCH
  5
538
330
17
100
AcDbEntity
  8
A-WALL
 62
7
100
AcDbHatch
 10
0.0
 20
0.0
 30
0.0
210
0.0
220
0.0
230
1.0
  2
SOLID
 70
1
 71
0
 91
1
 92
3
 72
0
 73
1
 93
6
 10
23630.0
 20
10650.0
 10
23630.0
 20
10420.0
 10
23400.0
 20
10420.0
 10
23400.0
 20
13350.0
 10
23630.0
 20
13350.0
 10
23630.0
 20
10650.0
 97
0
 75
0
 76
1
 98
0
  0
LWPOLYLINE
  5
539
330
17
100
AcDbEntity
  8
A-WALL
100
AcDbPolyline
 90
6
 70
1
 10
25875.0
 20
10725.0
 10
25875.0
 20
10575.0
 10
23400.0
 20
10575.0
 10
23400.0
 20
10725.0
 10
25800.0
 20
10725.0
 10
25875.0
 20
10725.0
1001
FLOORFORGE
1000
floor:1
1000
preliminary
  0
HATCH
  5
53A
330
17
100
AcDbEntity
  8
A-WALL
 62
7
100
AcDbHatch
 10
0.0
 20
0.0
 30
0.0
210
0.0
220
0.0
230
1.0
  2
SOLID
 70
1
 71
0
 91
1
 92
3
 72
0
 73
1
 93
6
 10
25875.0
 20
10725.0
 10
25875.0
 20
10575.0
 10
23400.0
 20
10575.0
 10
23400.0
 20
10725.0
 10
25800.0
 20
10725.0
 10
25875.0
 20
10725.0
 97
0
 75
0
 76
1
 98
0
  0
LWPOLYLINE
  5
53B
330
17
100
AcDbEntity
  8
A-WALL
100
AcDbPolyline
 90
5
 70
1
 10
26030.0
 20
13120.0
 10
23400.0
 20
13120.0
 10
23400.0
 20
13350.0
 10
26030.0
 20
13350.0
 10
26030.0
 20
13120.0
1001
FLOORFORGE
1000
floor:1
1000
preliminary
  0
HATCH
  5
53C
330
17
100
AcDbEntity
  8
A-WALL
 62
7
100
AcDbHatch
 10
0.0
 20
0.0
 30
0.0
210
0.0
220
0.0
230
1.0
  2
SOLID
 70
1
 71
0
 91
1
 92
3
 72
0
 73
1
 93
5
 10
26030.0
 20
13120.0
 10
23400.0
 20
13120.0
 10
23400.0
 20
13350.0
 10
26030.0
 20
13350.0
 10
26030.0
 20
13120.0
 97
0
 75
0
 76
1
 98
0
  0
LWPOLYLINE
  5
53D
330
17
100
AcDbEntity
  8
A-WALL
100
AcDbPolyline
 90
6
 70
1
 10
25875.0
 20
10575.0
 10
25725.0
 20
10575.0
 10
25725.0
 20
11625.0
 10
25875.0
 20
11625.0
 10
25875.0
 20
10650.0
 10
25875.0
 20
10575.0
1001
FLOORFORGE
1000
floor:1
1000
preliminary
  0
HATCH
  5
53E
330
17
100
AcDbEntity
  8
A-WALL
 62
7
100
AcDbHatch
 10
0.0
 20
0.0
 30
0.0
210
0.0
220
0.0
230
1.0
  2
SOLID
 70
1
 71
0
 91
1
 92
3
 72
0
 73
1
 93
6
 10
25875.0
 20
10575.0
 10
25725.0
 20
10575.0
 10
25725.0
 20
11625.0
 10
25875.0
 20
11625.0
 10
25875.0
 20
10650.0
 10
25875.0
 20
10575.0
 97
0
 75
0
 76
1
 98
0
  0
LWPOLYLINE
  5
53F
330
17
100
AcDbEntity
  8
A-WALL
100
AcDbPolyline
 90
5
 70
1
 10
25725.0
 20
13350.0
 10
25875.0
 20
13350.0
 10
25875.0
 20
12375.0
 10
25725.0
 20
12375.0
 10
25725.0
 20
13350.0
1001
FLOORFORGE
1000
floor:1
1000
preliminary
  0
HATCH
  5
540
330
17
100
AcDbEntity
  8
A-WALL
 62
7
100
AcDbHatch
 10
0.0
 20
0.0
 30
0.0
210
0.0
220
0.0
230
1.0
  2
SOLID
 70
1
 71
0
 91
1
 92
3
 72
0
 73
1
 93
5
 10
25725.0
 20
13350.0
 10
25875.0
 20
13350.0
 10
25875.0
 20
12375.0
 10
25725.0
 20
12375.0
 10
25725.0
 20
13350.0
 97
0
 75
0
 76
1
 98
0
  0
LWPOLYLINE
  5
541
330
17
100
AcDbEntity
  8
A-WALL
100
AcDbPolyline
 90
6
 70
1
 10
27975.0
 20
10575.0
 10
27300.0
 20
10575.0
 10
27300.0
 20
10725.0
 10
27900.0
 20
10725.0
 10
27975.0
 20
10725.0
 10
27975.0
 20
10575.0
1001
FLOORFORGE
1000
floor:1
1000
preliminary
  0
HATCH
  5
542
330
17
100
AcDbEntity
  8
A-WALL
 62
7
100
AcDbHatch
 10
0.0
 20
0.0
 30
0.0
210
0.0
220
0.0
230
1.0
  2
SOLID
 70
1
 71
0
 91
1
 92
3
 72
0
 73
1
 93
6
 10
27975.0
 20
10575.0
 10
27300.0
 20
10575.0
 10
27300.0
 20
10725.0
 10
27900.0
 20
10725.0
 10
27975.0
 20
10725.0
 10
27975.0
 20
10575.0
 97
0
 75
0
 76
1
 98
0
  0
LWPOLYLINE
  5
543
330
17
100
AcDbEntity
  8
A-WALL
100
AcDbPolyline
 90
6
 70
1
 10
25800.0
 20
10575.0
 10
25725.0
 20
10575.0
 10
25725.0
 20
10725.0
 10
26400.0
 20
10725.0
 10
26400.0
 20
10575.0
 10
25800.0
 20
10575.0
1001
FLOORFORGE
1000
floor:1
1000
preliminary
  0
HATCH
  5
544
330
17
100
AcDbEntity
  8
A-WALL
 62
7
100
AcDbHatch
 10
0.0
 20
0.0
 30
0.0
210
0.0
220
0.0
230
1.0
  2
SOLID
 70
1
 71
0
 91
1
 92
3
 72
0
 73
1
 93
6
 10
25800.0
 20
10575.0
 10
25725.0
 20
10575.0
 10
25725.0
 20
10725.0
 10
26400.0
 20
10725.0
 10
26400.0
 20
10575.0
 10
25800.0
 20
10575.0
 97
0
 75
0
 76
1
 98
0
  0
LWPOLYLINE
  5
545
330
17
100
AcDbEntity
  8
A-WALL
100
AcDbPolyline
 90
5
 70
1
 10
27300.0
 20
13120.0
 10
27300.0
 20
13350.0
 10
28130.0
 20
13350.0
 10
28130.0
 20
13120.0
 10
27300.0
 20
13120.0
1001
FLOORFORGE
1000
floor:1
1000
preliminary
  0
HATCH
  5
546
330
17
100
AcDbEntity
  8
A-WALL
 62
7
100
AcDbHatch
 10
0.0
 20
0.0
 30
0.0
210
0.0
220
0.0
230
1.0
  2
SOLID
 70
1
 71
0
 91
1
 92
3
 72
0
 73
1
 93
5
 10
27300.0
 20
13120.0
 10
27300.0
 20
13350.0
 10
28130.0
 20
13350.0
 10
28130.0
 20
13120.0
 10
27300.0
 20
13120.0
 97
0
 75
0
 76
1
 98
0
  0
LWPOLYLINE
  5
547
330
17
100
AcDbEntity
  8
A-WALL
100
AcDbPolyline
 90
6
 70
1
 10
25800.0
 20
13120.0
 10
25570.0
 20
13120.0
 10
25570.0
 20
13350.0
 10
26400.0
 20
13350.0
 10
26400.0
 20
13120.0
 10
25800.0
 20
13120.0
1001
FLOORFORGE
1000
floor:1
1000
preliminary
  0
HATCH
  5
548
330
17
100
AcDbEntity
  8
A-WALL
 62
7
100
AcDbHatch
 10
0.0
 20
0.0
 30
0.0
210
0.0
220
0.0
230
1.0
  2
SOLID
 70
1
 71
0
 91
1
 92
3
 72
0
 73
1
 93
6
 10
25800.0
 20
13120.0
 10
25570.0
 20
13120.0
 10
25570.0
 20
13350.0
 10
26400.0
 20
13350.0
 10
26400.0
 20
13120.0
 10
25800.0
 20
13120.0
 97
0
 75
0
 76
1
 98
0
  0
LWPOLYLINE
  5
549
330
17
100
AcDbEntity
  8
A-WALL
100
AcDbPolyline
 90
6
 70
1
 10
27975.0
 20
9125.0
 10
27975.0
 20
5500.0
 10
27825.0
 20
5500.0
 10
27825.0
 20
9050.0
 10
27825.0
 20
9125.0
 10
27975.0
 20
9125.0
1001
FLOORFORGE
1000
floor:1
1000
preliminary
  0
HATCH
  5
54A
330
17
100
AcDbEntity
  8
A-WALL
 62
7
100
AcDbHatch
 10
0.0
 20
0.0
 30
0.0
210
0.0
220
0.0
230
1.0
  2
SOLID
 70
1
 71
0
 91
1
 92
3
 72
0
 73
1
 93
6
 10
27975.0
 20
9125.0
 10
27975.0
 20
5500.0
 10
27825.0
 20
5500.0
 10
27825.0
 20
9050.0
 10
27825.0
 20
9125.0
 10
27975.0
 20
9125.0
 97
0
 75
0
 76
1
 98
0
  0
LWPOLYLINE
  5
54B
330
17
100
AcDbEntity
  8
A-WALL
100
AcDbPolyline
 90
6
 70
1
 10
27975.0
 20
4450.0
 10
27975.0
 20
4375.0
 10
27825.0
 20
4375.0
 10
27825.0
 20
4600.0
 10
27975.0
 20
4600.0
 10
27975.0
 20
4450.0
1001
FLOORFORGE
1000
floor:1
1000
preliminary
  0
HATCH
  5
54C
330
17
100
AcDbEntity
  8
A-WALL
 62
7
100
AcDbHatch
 10
0.0
 20
0.0
 30
0.0
210
0.0
220
0.0
230
1.0
  2
SOLID
 70
1
 71
0
 91
1
 92
3
 72
0
 73
1
 93
6
 10
27975.0
 20
4450.0
 10
27975.0
 20
4375.0
 10
27825.0
 20
4375.0
 10
27825.0
 20
4600.0
 10
27975.0
 20
4600.0
 10
27975.0
 20
4450.0
 97
0
 75
0
 76
1
 98
0
  0
LWPOLYLINE
  5
54D
330
17
100
AcDbEntity
  8
A-WALL
100
AcDbPolyline
 90
7
 70
1
 10
27825.0
 20
10725.0
 10
27975.0
 20
10725.0
 10
27975.0
 20
9050.0
 10
27975.0
 20
8975.0
 10
27825.0
 20
8975.0
 10
27825.0
 20
10650.0
 10
27825.0
 20
10725.0
1001
FLOORFORGE
1000
floor:1
1000
preliminary
  0
HATCH
  5
54E
330
17
100
AcDbEntity
  8
A-WALL
 62
7
100
AcDbHatch
 10
0.0
 20
0.0
 30
0.0
210
0.0
220
0.0
230
1.0
  2
SOLID
 70
1
 71
0
 91
1
 92
3
 72
0
 73
1
 93
7
 10
27825.0
 20
10725.0
 10
27975.0
 20
10725.0
 10
27975.0
 20
9050.0
 10
27975.0
 20
8975.0
 10
27825.0
 20
8975.0
 10
27825.0
 20
10650.0
 10
27825.0
 20
10725.0
 97
0
 75
0
 76
1
 98
0
  0
LWPOLYLINE
  5
54F
330
17
100
AcDbEntity
  8
A-WALL
100
AcDbPolyline
 90
7
 70
1
 10
29325.0
 20
9125.0
 10
29325.0
 20
8975.0
 10
27900.0
 20
8975.0
 10
27825.0
 20
8975.0
 10
27825.0
 20
9125.0
 10
29250.0
 20
9125.0
 10
29325.0
 20
9125.0
1001
FLOORFORGE
1000
floor:1
1000
preliminary
  0
HATCH
  5
550
330
17
100
AcDbEntity
  8
A-WALL
 62
7
100
AcDbHatch
 10
0.0
 20
0.0
 30
0.0
210
0.0
220
0.0
230
1.0
  2
SOLID
 70
1
 71
0
 91
1
 92
3
 72
0
 73
1
 93
7
 10
29325.0
 20
9125.0
 10
29325.0
 20
8975.0
 10
27900.0
 20
8975.0
 10
27825.0
 20
8975.0
 10
27825.0
 20
9125.0
 10
29250.0
 20
9125.0
 10
29325.0
 20
9125.0
 97
0
 75
0
 76
1
 98
0
  0
LWPOLYLINE
  5
551
330
17
100
AcDbEntity
  8
A-WALL
100
AcDbPolyline
 90
6
 70
1
 10
27975.0
 20
10650.0
 10
27975.0
 20
10575.0
 10
27825.0
 20
10575.0
 10
27825.0
 20
13350.0
 10
27975.0
 20
13350.0
 10
27975.0
 20
10650.0
1001
FLOORFORGE
1000
floor:1
1000
preliminary
  0
HATCH
  5
552
330
17
100
AcDbEntity
  8
A-WALL
 62
7
100
AcDbHatch
 10
0.0
 20
0.0
 30
0.0
210
0.0
220
0.0
230
1.0
  2
SOLID
 70
1
 71
0
 91
1
 92
3
 72
0
 73
1
 93
6
 10
27975.0
 20
10650.0
 10
27975.0
 20
10575.0
 10
27825.0
 20
10575.0
 10
27825.0
 20
13350.0
 10
27975.0
 20
13350.0
 10
27975.0
 20
10650.0
 97
0
 75
0
 76
1
 98
0
  0
LWPOLYLINE
  5
553
330
17
100
AcDbEntity
  8
A-WALL
100
AcDbPolyline
 90
5
 70
1
 10
31650.0
 20
13120.0
 10
31650.0
 20
13350.0
 10
32930.0
 20
13350.0
 10
32930.0
 20
13120.0
 10
31650.0
 20
13120.0
1001
FLOORFORGE
1000
floor:1
1000
preliminary
  0
HATCH
  5
554
330
17
100
AcDbEntity
  8
A-WALL
 62
7
100
AcDbHatch
 10
0.0
 20
0.0
 30
0.0
210
0.0
220
0.0
230
1.0
  2
SOLID
 70
1
 71
0
 91
1
 92
3
 72
0
 73
1
 93
5
 10
31650.0
 20
13120.0
 10
31650.0
 20
13350.0
 10
32930.0
 20
13350.0
 10
32930.0
 20
13120.0
 10
31650.0
 20
13120.0
 97
0
 75
0
 76
1
 98
0
  0
LWPOLYLINE
  5
555
330
17
100
AcDbEntity
  8
A-WALL
100
AcDbPolyline
 90
6
 70
1
 10
27900.0
 20
13120.0
 10
27670.0
 20
13120.0
 10
27670.0
 20
13350.0
 10
28950.0
 20
13350.0
 10
28950.0
 20
13120.0
 10
27900.0
 20
13120.0
1001
FLOORFORGE
1000
floor:1
1000
preliminary
  0
HATCH
  5
556
330
17
100
AcDbEntity
  8
A-WALL
 62
7
100
AcDbHatch
 10
0.0
 20
0.0
 30
0.0
210
0.0
220
0.0
230
1.0
  2
SOLID
 70
1
 71
0
 91
1
 92
3
 72
0
 73
1
 93
6
 10
27900.0
 20
13120.0
 10
27670.0
 20
13120.0
 10
27670.0
 20
13350.0
 10
28950.0
 20
13350.0
 10
28950.0
 20
13120.0
 10
27900.0
 20
13120.0
 97
0
 75
0
 76
1
 98
0
  0
LWPOLYLINE
  5
557
330
17
100
AcDbEntity
  8
A-WALL
100
AcDbPolyline
 90
6
 70
1
 10
28535.0
 20
1665.0
 10
28765.0
 20
1665.0
 10
28765.0
 20
0.0
 10
28535.0
 20
0.0
 10
28535.0
 20
1550.0
 10
28535.0
 20
1665.0
1001
FLOORFORGE
1000
floor:1
1000
preliminary
  0
HATCH
  5
558
330
17
100
AcDbEntity
  8
A-WALL
 62
7
100
AcDbHatch
 10
0.0
 20
0.0
 30
0.0
210
0.0
220
0.0
230
1.0
  2
SOLID
 70
1
 71
0
 91
1
 92
3
 72
0
 73
1
 93
6
 10
28535.0
 20
1665.0
 10
28765.0
 20
1665.0
 10
28765.0
 20
0.0
 10
28535.0
 20
0.0
 10
28535.0
 20
1550.0
 10
28535.0
 20
1665.0
 97
0
 75
0
 76
1
 98
0
  0
LWPOLYLINE
  5
559
330
17
100
AcDbEntity
  8
A-WALL
100
AcDbPolyline
 90
6
 70
1
 10
32530.0
 20
0.0
 10
31975.0
 20
0.0
 10
31975.0
 20
230.0
 10
32300.0
 20
230.0
 10
32530.0
 20
230.0
 10
32530.0
 20
0.0
1001
FLOORFORGE
1000
floor:1
1000
preliminary
  0
HATCH
  5
55A
330
17
100
AcDbEntity
  8
A-WALL
 62
7
100
AcDbHatch
 10
0.0
 20
0.0
 30
0.0
210
0.0
220
0.0
230
1.0
  2
SOLID
 70
1
 71
0
 91
1
 92
3
 72
0
 73
1
 93
6
 10
32530.0
 20
0.0
 10
31975.0
 20
0.0
 10
31975.0
 20
230.0
 10
32300.0
 20
230.0
 10
32530.0
 20
230.0
 10
32530.0
 20
0.0
 97
0
 75
0
 76
1
 98
0
  0
LWPOLYLINE
  5
55B
330
17
100
AcDbEntity
  8
A-WALL
100
AcDbPolyline
 90
5
 70
1
 10
28420.0
 20
0.0
 10
28420.0
 20
230.0
 10
28975.0
 20
230.0
 10
28975.0
 20
0.0
 10
28420.0
 20
0.0
1001
FLOORFORGE
1000
floor:1
1000
preliminary
  0
HATCH
  5
55C
330
17
100
AcDbEntity
  8
A-WALL
 62
7
100
AcDbHatch
 10
0.0
 20
0.0
 30
0.0
210
0.0
220
0.0
230
1.0
  2
SOLID
 70
1
 71
0
 91
1
 92
3
 72
0
 73
1
 93
5
 10
28420.0
 20
0.0
 10
28420.0
 20
230.0
 10
28975.0
 20
230.0
 10
28975.0
 20
0.0
 10
28420.0
 20
0.0
 97
0
 75
0
 76
1
 98
0
  0
LWPOLYLINE
  5
55D
330
17
100
AcDbEntity
  8
A-WALL
100
AcDbPolyline
 90
6
 70
1
 10
29325.0
 20
7875.0
 10
29325.0
 20
5500.0
 10
29175.0
 20
5500.0
 10
29175.0
 20
7800.0
 10
29175.0
 20
7875.0
 10
29325.0
 20
7875.0
1001
FLOORFORGE
1000
floor:1
1000
preliminary
  0
HATCH
  5
55E
330
17
100
AcDbEntity
  8
A-WALL
 62
7
100
AcDbHatch
 10
0.0
 20
0.0
 30
0.0
210
0.0
220
0.0
230
1.0
  2
SOLID
 70
1
 71
0
 91
1
 92
3
 72
0
 73
1
 93
6
 10
29325.0
 20
7875.0
 10
29325.0
 20
5500.0
 10
29175.0
 20
5500.0
 10
29175.0
 20
7800.0
 10
29175.0
 20
7875.0
 10
29325.0
 20
7875.0
 97
0
 75
0
 76
1
 98
0
  0
LWPOLYLINE
  5
55F
330
17
100
AcDbEntity
  8
A-WALL
100
AcDbPolyline
 90
6
 70
1
 10
29325.0
 20
4450.0
 10
29325.0
 20
4375.0
 10
29175.0
 20
4375.0
 10
29175.0
 20
4600.0
 10
29325.0
 20
4600.0
 10
29325.0
 20
4450.0
1001
FLOORFORGE
1000
floor:1
1000
preliminary
  0
HATCH
  5
560
330
17
100
AcDbEntity
  8
A-WALL
 62
7
100
AcDbHatch
 10
0.0
 20
0.0
 30
0.0
210
0.0
220
0.0
230
1.0
  2
SOLID
 70
1
 71
0
 91
1
 92
3
 72
0
 73
1
 93
6
 10
29325.0
 20
4450.0
 10
29325.0
 20
4375.0
 10
29175.0
 20
4375.0
 10
29175.0
 20
4600.0
 10
29325.0
 20
4600.0
 10
29325.0
 20
4450.0
 97
0
 75
0
 76
1
 98
0
  0
LWPOLYLINE
  5
561
330
17
100
AcDbEntity
  8
A-WALL
100
AcDbPolyline
 90
7
 70
1
 10
32375.0
 20
4525.0
 10
32375.0
 20
4375.0
 10
29250.0
 20
4375.0
 10
29175.0
 20
4375.0
 10
29175.0
 20
4525.0
 10
32300.0
 20
4525.0
 10
32375.0
 20
4525.0
1001
FLOORFORGE
1000
floor:1
1000
preliminary
  0
HATCH
  5
562
330
17
100
AcDbEntity
  8
A-WALL
 62
7
100
AcDbHatch
 10
0.0
 20
0.0
 30
0.0
210
0.0
220
0.0
230
1.0
  2
SOLID
 70
1
 71
0
 91
1
 92
3
 72
0
 73
1
 93
7
 10
32375.0
 20
4525.0
 10
32375.0
 20
4375.0
 10
29250.0
 20
4375.0
 10
29175.0
 20
4375.0
 10
29175.0
 20
4525.0
 10
32300.0
 20
4525.0
 10
32375.0
 20
4525.0
 97
0
 75
0
 76
1
 98
0
  0
LWPOLYLINE
  5
563
330
17
100
AcDbEntity
  8
A-WALL
100
AcDbPolyline
 90
6
 70
1
 10
29325.0
 20
9125.0
 10
29325.0
 20
8850.0
 10
29175.0
 20
8850.0
 10
29175.0
 20
9050.0
 10
29175.0
 20
9125.0
 10
29325.0
 20
9125.0
1001
FLOORFORGE
1000
floor:1
1000
preliminary
  0
HATCH
  5
564
330
17
100
AcDbEntity
  8
A-WALL
 62
7
100
AcDbHatch
 10
0.0
 20
0.0
 30
0.0
210
0.0
220
0.0
230
1.0
  2
SOLID
 70
1
 71
0
 91
1
 92
3
 72
0
 73
1
 93
6
 10
29325.0
 20
9125.0
 10
29325.0
 20
8850.0
 10
29175.0
 20
8850.0
 10
29175.0
 20
9050.0
 10
29175.0
 20
9125.0
 10
29325.0
 20
9125.0
 97
0
 75
0
 76
1
 98
0
  0
LWPOLYLINE
  5
565
330
17
100
AcDbEntity
  8
A-WALL
100
AcDbPolyline
 90
6
 70
1
 10
29325.0
 20
7800.0
 10
29325.0
 20
7725.0
 10
29175.0
 20
7725.0
 10
29175.0
 20
7950.0
 10
29325.0
 20
7950.0
 10
29325.0
 20
7800.0
1001
FLOORFORGE
1000
floor:1
1000
preliminary
  0
HATCH
  5
566
330
17
100
AcDbEntity
  8
A-WALL
 62
7
100
AcDbHatch
 10
0.0
 20
0.0
 30
0.0
210
0.0
220
0.0
230
1.0
  2
SOLID
 70
1
 71
0
 91
1
 92
3
 72
0
 73
1
 93
6
 10
29325.0
 20
7800.0
 10
29325.0
 20
7725.0
 10
29175.0
 20
7725.0
 10
29175.0
 20
7950.0
 10
29325.0
 20
7950.0
 10
29325.0
 20
7800.0
 97
0
 75
0
 76
1
 98
0
  0
LWPOLYLINE
  5
567
330
17
100
AcDbEntity
  8
A-WALL
100
AcDbPolyline
 90
7
 70
1
 10
32775.0
 20
7875.0
 10
32775.0
 20
7725.0
 10
29250.0
 20
7725.0
 10
29175.0
 20
7725.0
 10
29175.0
 20
7875.0
 10
32700.0
 20
7875.0
 10
32775.0
 20
7875.0
1001
FLOORFORGE
1000
floor:1
1000
preliminary
  0
HATCH
  5
568
330
17
100
AcDbEntity
  8
A-WALL
 62
7
100
AcDbHatch
 10
0.0
 20
0.0
 30
0.0
210
0.0
220
0.0
230
1.0
  2
SOLID
 70
1
 71
0
 91
1
 92
3
 72
0
 73
1
 93
7
 10
32775.0
 20
7875.0
 10
32775.0
 20
7725.0
 10
29250.0
 20
7725.0
 10
29175.0
 20
7725.0
 10
29175.0
 20
7875.0
 10
32700.0
 20
7875.0
 10
32775.0
 20
7875.0
 97
0
 75
0
 76
1
 98
0
  0
LWPOLYLINE
  5
569
330
17
100
AcDbEntity
  8
A-WALL
100
AcDbPolyline
 90
5
 70
1
 10
32070.0
 20
230.0
 10
34800.0
 20
230.0
 10
34800.0
 20
0.0
 10
32070.0
 20
0.0
 10
32070.0
 20
230.0
1001
FLOORFORGE
1000
floor:1
1000
preliminary
  0
HATCH
  5
56A
330
17
100
AcDbEntity
  8
A-WALL
 62
7
100
AcDbHatch
 10
0.0
 20
0.0
 30
0.0
210
0.0
220
0.0
230
1.0
  2
SOLID
 70
1
 71
0
 91
1
 92
3
 72
0
 73
1
 93
5
 10
32070.0
 20
230.0
 10
34800.0
 20
230.0
 10
34800.0
 20
0.0
 10
32070.0
 20
0.0
 10
32070.0
 20
230.0
 97
0
 75
0
 76
1
 98
0
  0
LWPOLYLINE
  5
56B
330
17
100
AcDbEntity
  8
A-WALL
100
AcDbPolyline
 90
6
 70
1
 10
32300.0
 20
4375.0
 10
32225.0
 20
4375.0
 10
32225.0
 20
4525.0
 10
34800.0
 20
4525.0
 10
34800.0
 20
4375.0
 10
32300.0
 20
4375.0
1001
FLOORFORGE
1000
floor:1
1000
preliminary
  0
HATCH
  5
56C
330
17
100
AcDbEntity
  8
A-WALL
 62
7
100
AcDbHatch
 10
0.0
 20
0.0
 30
0.0
210
0.0
220
0.0
230
1.0
  2
SOLID
 70
1
 71
0
 91
1
 92
3
 72
0
 73
1
 93
6
 10
32300.0
 20
4375.0
 10
32225.0
 20
4375.0
 10
32225.0
 20
4525.0
 10
34800.0
 20
4525.0
 10
34800.0
 20
4375.0
 10
32300.0
 20
4375.0
 97
0
 75
0
 76
1
 98
0
  0
LWPOLYLINE
  5
56D
330
17
100
AcDbEntity
  8
A-WALL
100
AcDbPolyline
 90
6
 70
1
 10
32775.0
 20
10375.0
 10
32775.0
 20
9425.0
 10
32625.0
 20
9425.0
 10
32625.0
 20
10300.0
 10
32625.0
 20
10375.0
 10
32775.0
 20
10375.0
1001
FLOORFORGE
1000
floor:1
1000
preliminary
  0
HATCH
  5
56E
330
17
100
AcDbEntity
  8
A-WALL
 62
7
100
AcDbHatch
 10
0.0
 20
0.0
 30
0.0
210
0.0
220
0.0
230
1.0
  2
SOLID
 70
1
 71
0
 91
1
 92
3
 72
0
 73
1
 93
6
 10
32775.0
 20
10375.0
 10
32775.0
 20
9425.0
 10
32625.0
 20
9425.0
 10
32625.0
 20
10300.0
 10
32625.0
 20
10375.0
 10
32775.0
 20
10375.0
 97
0
 75
0
 76
1
 98
0
  0
LWPOLYLINE
  5
56F
330
17
100
AcDbEntity
  8
A-WALL
100
AcDbPolyline
 90
6
 70
1
 10
32775.0
 20
7800.0
 10
32775.0
 20
7725.0
 10
32625.0
 20
7725.0
 10
32625.0
 20
8675.0
 10
32775.0
 20
8675.0
 10
32775.0
 20
7800.0
1001
FLOORFORGE
1000
floor:1
1000
preliminary
  0
HATCH
  5
570
330
17
100
AcDbEntity
  8
A-WALL
 62
7
100
AcDbHatch
 10
0.0
 20
0.0
 30
0.0
210
0.0
220
0.0
230
1.0
  2
SOLID
 70
1
 71
0
 91
1
 92
3
 72
0
 73
1
 93
6
 10
32775.0
 20
7800.0
 10
32775.0
 20
7725.0
 10
32625.0
 20
7725.0
 10
32625.0
 20
8675.0
 10
32775.0
 20
8675.0
 10
32775.0
 20
7800.0
 97
0
 75
0
 76
1
 98
0
  0
LWPOLYLINE
  5
571
330
17
100
AcDbEntity
  8
A-WALL
100
AcDbPolyline
 90
6
 70
1
 10
32700.0
 20
7725.0
 10
32625.0
 20
7725.0
 10
32625.0
 20
7875.0
 10
34800.0
 20
7875.0
 10
34800.0
 20
7725.0
 10
32700.0
 20
7725.0
1001
FLOORFORGE
1000
floor:1
1000
preliminary
  0
HATCH
  5
572
330
17
100
AcDbEntity
  8
A-WALL
 62
7
100
AcDbHatch
 10
0.0
 20
0.0
 30
0.0
210
0.0
220
0.0
230
1.0
  2
SOLID
 70
1
 71
0
 91
1
 92
3
 72
0
 73
1
 93
6
 10
32700.0
 20
7725.0
 10
32625.0
 20
7725.0
 10
32625.0
 20
7875.0
 10
34800.0
 20
7875.0
 10
34800.0
 20
7725.0
 10
32700.0
 20
7725.0
 97
0
 75
0
 76
1
 98
0
  0
LWPOLYLINE
  5
573
330
17
100
AcDbEntity
  8
A-WALL
100
AcDbPolyline
 90
6
 70
1
 10
32775.0
 20
10225.0
 10
32625.0
 20
10225.0
 10
32625.0
 20
11375.0
 10
32775.0
 20
11375.0
 10
32775.0
 20
10300.0
 10
32775.0
 20
10225.0
1001
FLOORFORGE
1000
floor:1
1000
preliminary
  0
HATCH
  5
574
330
17
100
AcDbEntity
  8
A-WALL
 62
7
100
AcDbHatch
 10
0.0
 20
0.0
 30
0.0
210
0.0
220
0.0
230
1.0
  2
SOLID
 70
1
 71
0
 91
1
 92
3
 72
0
 73
1
 93
6
 10
32775.0
 20
10225.0
 10
32625.0
 20
10225.0
 10
32625.0
 20
11375.0
 10
32775.0
 20
11375.0
 10
32775.0
 20
10300.0
 10
32775.0
 20
10225.0
 97
0
 75
0
 76
1
 98
0
  0
LWPOLYLINE
  5
575
330
17
100
AcDbEntity
  8
A-WALL
100
AcDbPolyline
 90
5
 70
1
 10
32625.0
 20
13350.0
 10
32775.0
 20
13350.0
 10
32775.0
 20
12275.0
 10
32625.0
 20
12275.0
 10
32625.0
 20
13350.0
1001
FLOORFORGE
1000
floor:1
1000
preliminary
  0
HATCH
  5
576
330
17
100
AcDbEntity
  8
A-WALL
 62
7
100
AcDbHatch
 10
0.0
 20
0.0
 30
0.0
210
0.0
220
0.0
230
1.0
  2
SOLID
 70
1
 71
0
 91
1
 92
3
 72
0
 73
1
 93
5
 10
32625.0
 20
13350.0
 10
32775.0
 20
13350.0
 10
32775.0
 20
12275.0
 10
32625.0
 20
12275.0
 10
32625.0
 20
13350.0
 97
0
 75
0
 76
1
 98
0
  0
LWPOLYLINE
  5
577
330
17
100
AcDbEntity
  8
A-WALL
100
AcDbPolyline
 90
6
 70
1
 10
32700.0
 20
10225.0
 10
32625.0
 20
10225.0
 10
32625.0
 20
10375.0
 10
34800.0
 20
10375.0
 10
34800.0
 20
10225.0
 10
32700.0
 20
10225.0
1001
FLOORFORGE
1000
floor:1
1000
preliminary
  0
HATCH
  5
578
330
17
100
AcDbEntity
  8
A-WALL
 62
7
100
AcDbHatch
 10
0.0
 20
0.0
 30
0.0
210
0.0
220
0.0
230
1.0
  2
SOLID
 70
1
 71
0
 91
1
 92
3
 72
0
 73
1
 93
6
 10
32700.0
 20
10225.0
 10
32625.0
 20
10225.0
 10
32625.0
 20
10375.0
 10
34800.0
 20
10375.0
 10
34800.0
 20
10225.0
 10
32700.0
 20
10225.0
 97
0
 75
0
 76
1
 98
0
  0
LWPOLYLINE
  5
579
330
17
100
AcDbEntity
  8
A-WALL
100
AcDbPolyline
 90
6
 70
1
 10
32470.0
 20
13120.0
 10
32470.0
 20
13350.0
 10
33300.0
 20
13350.0
 10
33300.0
 20
13120.0
 10
32700.0
 20
13120.0
 10
32470.0
 20
13120.0
1001
FLOORFORGE
1000
floor:1
1000
preliminary
  0
HATCH
  5
57A
330
17
100
AcDbEntity
  8
A-WALL
 62
7
100
AcDbHatch
 10
0.0
 20
0.0
 30
0.0
210
0.0
220
0.0
230
1.0
  2
SOLID
 70
1
 71
0
 91
1
 92
3
 72
0
 73
1
 93
6
 10
32470.0
 20
13120.0
 10
32470.0
 20
13350.0
 10
33300.0
 20
13350.0
 10
33300.0
 20
13120.0
 10
32700.0
 20
13120.0
 10
32470.0
 20
13120.0
 97
0
 75
0
 76
1
 98
0
  0
LWPOLYLINE
  5
57B
330
17
100
AcDbEntity
  8
A-WALL
100
AcDbPolyline
 90
5
 70
1
 10
34800.0
 20
13350.0
 10
34800.0
 20
13120.0
 10
34200.0
 20
13120.0
 10
34200.0
 20
13350.0
 10
34800.0
 20
13350.0
1001
FLOORFORGE
1000
floor:1
1000
preliminary
  0
HATCH
  5
57C
330
17
100
AcDbEntity
  8
A-WALL
 62
7
100
AcDbHatch
 10
0.0
 20
0.0
 30
0.0
210
0.0
220
0.0
230
1.0
  2
SOLID
 70
1
 71
0
 91
1
 92
3
 72
0
 73
1
 93
5
 10
34800.0
 20
13350.0
 10
34800.0
 20
13120.0
 10
34200.0
 20
13120.0
 10
34200.0
 20
13350.0
 10
34800.0
 20
13350.0
 97
0
 75
0
 76
1
 98
0
  0
LWPOLYLINE
  5
57D
330
17
100
AcDbEntity
  8
A-WALL
100
AcDbPolyline
 90
6
 70
1
 10
34570.0
 20
4680.0
 10
34800.0
 20
4680.0
 10
34800.0
 20
0.0
 10
34570.0
 20
0.0
 10
34570.0
 20
4450.0
 10
34570.0
 20
4680.0
1001
FLOORFORGE
1000
floor:1
1000
preliminary
  0
HATCH
  5
57E
330
17
100
AcDbEntity
  8
A-WALL
 62
7
100
AcDbHatch
 10
0.0
 20
0.0
 30
0.0
210
0.0
220
0.0
230
1.0
  2
SOLID
 70
1
 71
0
 91
1
 92
3
 72
0
 73
1
 93
6
 10
34570.0
 20
4680.0
 10
34800.0
 20
4680.0
 10
34800.0
 20
0.0
 10
34570.0
 20
0.0
 10
34570.0
 20
4450.0
 10
34570.0
 20
4680.0
 97
0
 75
0
 76
1
 98
0
  0
LWPOLYLINE
  5
57F
330
17
100
AcDbEntity
  8
A-WALL
100
AcDbPolyline
 90
6
 70
1
 10
34800.0
 20
8030.0
 10
34800.0
 20
7025.0
 10
34570.0
 20
7025.0
 10
34570.0
 20
7800.0
 10
34570.0
 20
8030.0
 10
34800.0
 20
8030.0
1001
FLOORFORGE
1000
floor:1
1000
preliminary
  0
HATCH
  5
580
330
17
100
AcDbEntity
  8
A-WALL
 62
7
100
AcDbHatch
 10
0.0
 20
0.0
 30
0.0
210
0.0
220
0.0
230
1.0
  2
SOLID
 70
1
 71
0
 91
1
 92
3
 72
0
 73
1
 93
6
 10
34800.0
 20
8030.0
 10
34800.0
 20
7025.0
 10
34570.0
 20
7025.0
 10
34570.0
 20
7800.0
 10
34570.0
 20
8030.0
 10
34800.0
 20
8030.0
 97
0
 75
0
 76
1
 98
0
  0
LWPOLYLINE
  5
581
330
17
100
AcDbEntity
  8
A-WALL
100
AcDbPolyline
 90
5
 70
1
 10
34800.0
 20
4220.0
 10
34570.0
 20
4220.0
 10
34570.0
 20
5225.0
 10
34800.0
 20
5225.0
 10
34800.0
 20
4220.0
1001
FLOORFORGE
1000
floor:1
1000
preliminary
  0
HATCH
  5
582
330
17
100
AcDbEntity
  8
A-WALL
 62
7
100
AcDbHatch
 10
0.0
 20
0.0
 30
0.0
210
0.0
220
0.0
230
1.0
  2
SOLID
 70
1
 71
0
 91
1
 92
3
 72
0
 73
1
 93
5
 10
34800.0
 20
4220.0
 10
34570.0
 20
4220.0
 10
34570.0
 20
5225.0
 10
34800.0
 20
5225.0
 10
34800.0
 20
4220.0
 97
0
 75
0
 76
1
 98
0
  0
LWPOLYLINE
  5
583
330
17
100
AcDbEntity
  8
A-WALL
100
AcDbPolyline
 90
6
 70
1
 10
34570.0
 20
10530.0
 10
34800.0
 20
10530.0
 10
34800.0
 20
7570.0
 10
34570.0
 20
7570.0
 10
34570.0
 20
10300.0
 10
34570.0
 20
10530.0
1001
FLOORFORGE
1000
floor:1
1000
preliminary
  0
HATCH
  5
584
330
17
100
AcDbEntity
  8
A-WALL
 62
7
100
AcDbHatch
 10
0.0
 20
0.0
 30
0.0
210
0.0
220
0.0
230
1.0
  2
SOLID
 70
1
 71
0
 91
1
 92
3
 72
0
 73
1
 93
6
 10
34570.0
 20
10530.0
 10
34800.0
 20
10530.0
 10
34800.0
 20
7570.0
 10
34570.0
 20
7570.0
 10
34570.0
 20
10300.0
 10
34570.0
 20
10530.0
 97
0
 75
0
 76
1
 98
0
  0
LWPOLYLINE
  5
585
330
17
100
AcDbEntity
  8
A-WALL
100
AcDbPolyline
 90
5
 70
1
 10
34570.0
 20
11375.0
 10
34800.0
 20
11375.0
 10
34800.0
 20
10070.0
 10
34570.0
 20
10070.0
 10
34570.0
 20
11375.0
1001
FLOORFORGE
1000
floor:1
1000
preliminary
  0
HATCH
  5
586
330
17
100
AcDbEntity
  8
A-WALL
 62
7
100
AcDbHatch
 10
0.0
 20
0.0
 30
0.0
210
0.0
220
0.0
230
1.0
  2
SOLID
 70
1
 71
0
 91
1
 92
3
 72
0
 73
1
 93
5
 10
34570.0
 20
11375.0
 10
34800.0
 20
11375.0
 10
34800.0
 20
10070.0
 10
34570.0
 20
10070.0
 10
34570.0
 20
11375.0
 97
0
 75
0
 76
1
 98
0
  0
LWPOLYLINE
  5
587
330
17
100
AcDbEntity
  8
A-WALL
100
AcDbPolyline
 90
5
 70
1
 10
34570.0
 20
13350.0
 10
34800.0
 20
13350.0
 10
34800.0
 20
12275.0
 10
34570.0
 20
12275.0
 10
34570.0
 20
13350.0
1001
FLOORFORGE
1000
floor:1
1000
preliminary
  0
HATCH
  5
588
330
17
100
AcDbEntity
  8
A-WALL
 62
7
100
AcDbHatch
 10
0.0
 20
0.0
 30
0.0
210
0.0
220
0.0
230
1.0
  2
SOLID
 70
1
 71
0
 91
1
 92
3
 72
0
 73
1
 93
5
 10
34570.0
 20
13350.0
 10
34800.0
 20
13350.0
 10
34800.0
 20
12275.0
 10
34570.0
 20
12275.0
 10
34570.0
 20
13350.0
 97
0
 75
0
 76
1
 98
0
  0
LINE
  5
589
330
17
100
AcDbEntity
  8
A-DOOR
100
AcDbLine
 10
32775.0
 20
8675.0
 30
0.0
 11
33525.0
 21
8675.0
 31
0.0
1001
FLOORFORGE
1000
floor:1
1000
preliminary
  0
LWPOLYLINE
  5
58A
330
17
100
AcDbEntity
  8
A-DOOR
100
AcDbPolyline
 90
18
 70
0
 10
32775.0
 20
9425.0
 10
32844.20126959748
 20
9421.800632221275
 10
32912.812138362424
 20
9412.229824762926
 10
32980.24724255406
 20
9396.369232379615
 10
33045.931249640365
 20
9374.354172053267
 10
33109.3037668324
 20
9346.372468516296
 10
33169.82412215802
 20
9312.662851797211
 10
33226.97597728444
 20
9273.51292046018
 10
33280.27173273492
 20
9229.256687915495
 10
33329.25668791549
 20
9180.271732734918
 10
33373.51292046018
 20
9126.975977284443
 10
33412.66285179721
 20
9069.824122158017
 10
33446.372468516296
 20
9009.303766832403
 10
33474.35417205327
 20
8945.931249640365
 10
33496.36923237961
 20
8880.247242554062
 10
33512.22982476292
 20
8812.812138362428
 10
33521.800632221275
 20
8744.201269597477
 10
33525.0
 20
8675.0
1001
FLOORFORGE
1000
floor:1
1000
preliminary
  0
TEXT
  5
58B
330
17
100
AcDbEntity
  8
A-TAGS
100
AcDbText
 10
32375.0
 20
8990.0
 30
0.0
 40
150.0
  1
D1
 72
1
 11
32375.0
 21
8990.0
 31
0.0
100
AcDbText
 73
1
1001
FLOORFORGE
1000
floor:1
1000
preliminary
  0
LINE
  5
58C
330
17
100
AcDbEntity
  8
A-DOOR
100
AcDbLine
 10
25725.0
 20
11625.0
 30
0.0
 11
24975.0
 21
11625.0
 31
0.0
1001
FLOORFORGE
1000
floor:1
1000
preliminary
  0
LWPOLYLINE
  5
58D
330
17
100
AcDbEntity
  8
A-DOOR
100
AcDbPolyline
 90
18
 70
0
 10
25725.0
 20
12375.0
 10
25655.798730402523
 20
12371.800632221275
 10
25587.187861637572
 20
12362.229824762926
 10
25519.75275744594
 20
12346.369232379615
 10
25454.068750359635
 20
12324.354172053267
 10
25390.696233167597
 20
12296.372468516296
 10
25330.175877841983
 20
12262.662851797211
 10
25273.02402271556
 20
12223.51292046018
 10
25219.728267265084
 20
12179.256687915495
 10
25170.743312084505
 20
12130.271732734918
 10
25126.48707953982
 20
12076.975977284443
 10
25087.33714820279
 20
12019.824122158017
 10
25053.627531483704
 20
11959.303766832403
 10
25025.645827946733
 20
11895.931249640365
 10
25003.630767620387
 20
11830.247242554062
 10
24987.770175237074
 20
11762.812138362428
 10
24978.199367778725
 20
11694.201269597477
 10
24975.0
 20
11625.0
1001
FLOORFORGE
1000
floor:1
1000
preliminary
  0
TEXT
  5
58E
330
17
100
AcDbEntity
  8
A-TAGS
100
AcDbText
 10
26125.0
 20
11940.0
 30
0.0
 40
150.0
  1
D1
 72
1
 11
26125.0
 21
11940.0
 31
0.0
100
AcDbText
 73
1
1001
FLOORFORGE
1000
floor:1
1000
preliminary
  0
LINE
  5
58F
330
17
100
AcDbEntity
  8
A-DOOR
100
AcDbLine
 10
29325.0
 20
7950.0
 30
0.0
 11
30225.0
 21
7950.0
 31
0.0
1001
FLOORFORGE
1000
floor:1
1000
preliminary
  0
LWPOLYLINE
  5
590
330
17
100
AcDbEntity
  8
A-DOOR
100
AcDbPolyline
 90
18
 70
0
 10
29325.0
 20
8850.0
 10
29408.04152351697
 20
8846.160758665532
 10
29490.374566034912
 20
8834.675789715511
 10
29571.296691064876
 20
8815.643078855537
 10
29650.117499568438
 20
8789.22500646392
 10
29726.164520198883
 20
8755.646962219556
 10
29798.788946589622
 20
8715.195422156652
 10
29867.371172741332
 20
8668.215504552216
 10
29931.326079281902
 20
8615.108025498594
 10
29990.108025498594
 20
8556.326079281902
 10
30043.215504552216
 20
8492.37117274133
 10
30090.195422156652
 20
8423.78894658962
 10
30130.64696221956
 20
8351.164520198885
 10
30164.22500646392
 20
8275.117499568438
 10
30190.643078855537
 20
8196.296691064874
 10
30209.67578971551
 20
8115.374566034913
 10
30221.16075866553
 20
8033.041523516972
 10
30225.0
 20
7950.0
1001
FLOORFORGE
1000
floor:1
1000
preliminary
  0
TEXT
  5
591
330
17
100
AcDbEntity
  8
A-TAGS
100
AcDbText
 10
28925.0
 20
8340.0
 30
0.0
 40
150.0
  1
D2
 72
1
 11
28925.0
 21
8340.0
 31
0.0
100
AcDbText
 73
1
1001
FLOORFORGE
1000
floor:1
1000
preliminary
  0
LINE
  5
592
330
17
100
AcDbEntity
  8
A-DOOR
100
AcDbLine
 10
27825.0
 20
4600.0
 30
0.0
 11
26925.0
 21
4600.0
 31
0.0
1001
FLOORFORGE
1000
floor:1
1000
preliminary
  0
LWPOLYLINE
  5
593
330
17
100
AcDbEntity
  8
A-DOOR
100
AcDbPolyline
 90
18
 70
0
 10
27825.0
 20
5500.0
 10
27741.95847648303
 20
5496.160758665531
 10
27659.625433965088
 20
5484.675789715511
 10
27578.703308935124
 20
5465.643078855537
 10
27499.882500431562
 20
5439.22500646392
 10
27423.835479801117
 20
5405.646962219556
 10
27351.21105341038
 20
5365.195422156653
 10
27282.628827258668
 20
5318.215504552216
 10
27218.673920718098
 20
5265.108025498594
 10
27159.891974501406
 20
5206.326079281902
 10
27106.784495447784
 20
5142.371172741331
 10
27059.804577843348
 20
5073.7889465896205
 10
27019.35303778044
 20
5001.164520198885
 10
26985.77499353608
 20
4925.117499568438
 10
26959.356921144463
 20
4846.296691064875
 10
26940.32421028449
 20
4765.374566034913
 10
26928.83924133447
 20
4683.041523516972
 10
26925.0
 20
4600.0
1001
FLOORFORGE
1000
floor:1
1000
preliminary
  0
TEXT
  5
594
330
17
100
AcDbEntity
  8
A-TAGS
100
AcDbText
 10
28225.0
 20
4990.0
 30
0.0
 40
150.0
  1
D2
 72
1
 11
28225.0
 21
4990.0
 31
0.0
100
AcDbText
 73
1
1001
FLOORFORGE
1000
floor:1
1000
preliminary
  0
LINE
  5
595
330
17
100
AcDbEntity
  8
A-DOOR
100
AcDbLine
 10
32775.0
 20
11375.0
 30
0.0
 11
32775.0
 21
12275.0
 31
0.0
1001
FLOORFORGE
1000
floor:1
1000
preliminary
  0
LINE
  5
596
330
17
100
AcDbEntity
  8
A-DOOR
100
AcDbLine
 10
32625.0
 20
11375.0
 30
0.0
 11
32625.0
 21
12275.0
 31
0.0
1001
FLOORFORGE
1000
floor:1
1000
preliminary
  0
TEXT
  5
597
330
17
100
AcDbEntity
  8
A-TAGS
100
AcDbText
 10
33025.0
 20
11765.0
 30
0.0
 40
150.0
  1
O1
 72
1
 11
33025.0
 21
11765.0
 31
0.0
100
AcDbText
 73
1
1001
FLOORFORGE
1000
floor:1
1000
preliminary
  0
LINE
  5
598
330
17
100
AcDbEntity
  8
A-DOOR
100
AcDbLine
 10
26400.0
 20
10725.0
 30
0.0
 11
27300.0
 21
10725.0
 31
0.0
1001
FLOORFORGE
1000
floor:1
1000
preliminary
  0
LINE
  5
599
330
17
100
AcDbEntity
  8
A-DOOR
100
AcDbLine
 10
26400.0
 20
10575.0
 30
0.0
 11
27300.0
 21
10575.0
 31
0.0
1001
FLOORFORGE
1000
floor:1
1000
preliminary
  0
TEXT
  5
59A
330
17
100
AcDbEntity
  8
A-TAGS
100
AcDbText
 10
26850.0
 20
10915.0
 30
0.0
 40
150.0
  1
O1
 72
1
 11
26850.0
 21
10915.0
 31
0.0
100
AcDbText
 73
1
1001
FLOORFORGE
1000
floor:1
1000
preliminary
  0
LINE
  5
59B
330
17
100
AcDbEntity
  8
A-DOOR
100
AcDbLine
 10
29325.0
 20
4600.0
 30
0.0
 11
30225.0
 21
4600.0
 31
0.0
1001
FLOORFORGE
1000
floor:1
1000
preliminary
  0
LWPOLYLINE
  5
59C
330
17
100
AcDbEntity
  8
A-DOOR
100
AcDbPolyline
 90
18
 70
0
 10
29325.0
 20
5500.0
 10
29408.04152351697
 20
5496.160758665531
 10
29490.374566034912
 20
5484.675789715511
 10
29571.296691064876
 20
5465.643078855537
 10
29650.117499568438
 20
5439.22500646392
 10
29726.164520198883
 20
5405.646962219556
 10
29798.788946589622
 20
5365.195422156653
 10
29867.371172741332
 20
5318.215504552216
 10
29931.326079281902
 20
5265.108025498594
 10
29990.108025498594
 20
5206.326079281902
 10
30043.215504552216
 20
5142.371172741331
 10
30090.195422156652
 20
5073.7889465896205
 10
30130.64696221956
 20
5001.164520198885
 10
30164.22500646392
 20
4925.117499568438
 10
30190.643078855537
 20
4846.296691064875
 10
30209.67578971551
 20
4765.374566034913
 10
30221.16075866553
 20
4683.041523516972
 10
30225.0
 20
4600.0
1001
FLOORFORGE
1000
floor:1
1000
preliminary
  0
TEXT
  5
59D
330
17
100
AcDbEntity
  8
A-TAGS
100
AcDbText
 10
28925.0
 20
4990.0
 30
0.0
 40
150.0
  1
D2
 72
1
 11
28925.0
 21
4990.0
 31
0.0
100
AcDbText
 73
1
1001
FLOORFORGE
1000
floor:1
1000
preliminary
  0
LWPOLYLINE
  5
59E
330
17
100
AcDbEntity
  8
A-DOOR
100
AcDbPolyline
 90
4
 70
1
 10
24675.0
 20
1556.0
 10
26065.0
 20
1556.0
 10
26065.0
 20
1588.0
 10
24675.0
 20
1588.0
1001
FLOORFORGE
1000
floor:1
1000
preliminary
  0
LWPOLYLINE
  5
59F
330
17
100
AcDbEntity
  8
A-DOOR
100
AcDbPolyline
 90
4
 70
1
 10
25985.0
 20
1512.0
 10
27375.0
 20
1512.0
 10
27375.0
 20
1544.0
 10
25985.0
 20
1544.0
1001
FLOORFORGE
1000
floor:1
1000
preliminary
  0
LINE
  5
5A0
330
17
100
AcDbEntity
  8
A-DOOR
100
AcDbLine
 10
25775.0
 20
1275.0
 30
0.0
 11
26275.0
 21
1275.0
 31
0.0
1001
FLOORFORGE
1000
floor:1
1000
preliminary
  0
LINE
  5
5A1
330
17
100
AcDbEntity
  8
A-DOOR
100
AcDbLine
 10
26275.0
 20
1275.0
 30
0.0
 11
26195.0
 21
1335.0
 31
0.0
1001
FLOORFORGE
1000
floor:1
1000
preliminary
  0
TEXT
  5
5A2
330
17
100
AcDbEntity
  8
A-TAGS
100
AcDbText
 10
26025.0
 20
1125.0
 30
0.0
 40
150.0
  1
SD1
 72
1
 11
26025.0
 21
1125.0
 31
0.0
100
AcDbText
 73
1
1001
FLOORFORGE
1000
floor:1
1000
preliminary
  0
LINE
  5
5A3
330
17
100
AcDbEntity
  8
A-WIND
100
AcDbLine
 10
23400.0
 20
1950.0
 30
0.0
 11
23400.0
 21
4050.0
 31
0.0
1001
FLOORFORGE
1000
floor:1
1000
preliminary
  0
LINE
  5
5A4
330
17
100
AcDbEntity
  8
A-WIND
100
AcDbLine
 10
23630.0
 20
1950.0
 30
0.0
 11
23630.0
 21
4050.0
 31
0.0
1001
FLOORFORGE
1000
floor:1
1000
preliminary
  0
LINE
  5
5A5
330
17
100
AcDbEntity
  8
A-WIND
100
AcDbLine
 10
23497.0
 20
1950.0
 30
0.0
 11
23497.0
 21
4050.0
 31
0.0
1001
FLOORFORGE
1000
floor:1
1000
preliminary
  0
LINE
  5
5A6
330
17
100
AcDbEntity
  8
A-WIND
100
AcDbLine
 10
23533.0
 20
1950.0
 30
0.0
 11
23533.0
 21
4050.0
 31
0.0
1001
FLOORFORGE
1000
floor:1
1000
preliminary
  0
LINE
  5
5A7
330
17
100
AcDbEntity
  8
A-WIND
100
AcDbLine
 10
23400.0
 20
1950.0
 30
0.0
 11
23630.0
 21
1950.0
 31
0.0
1001
FLOORFORGE
1000
floor:1
1000
preliminary
  0
LINE
  5
5A8
330
17
100
AcDbEntity
  8
A-WIND
100
AcDbLine
 10
23400.0
 20
4050.0
 30
0.0
 11
23630.0
 21
4050.0
 31
0.0
1001
FLOORFORGE
1000
floor:1
1000
preliminary
  0
TEXT
  5
5A9
330
17
100
AcDbEntity
  8
A-TAGS
100
AcDbText
 10
23020.0
 20
2940.0
 30
0.0
 40
150.0
  1
W8
 72
1
 11
23020.0
 21
2940.0
 31
0.0
100
AcDbText
 73
1
1001
FLOORFORGE
1000
floor:1
1000
preliminary
  0
LINE
  5
5AA
330
17
100
AcDbEntity
  8
A-WIND
100
AcDbLine
 10
23400.0
 20
6200.0
 30
0.0
 11
23400.0
 21
8900.0
 31
0.0
1001
FLOORFORGE
1000
floor:1
1000
preliminary
  0
LINE
  5
5AB
330
17
100
AcDbEntity
  8
A-WIND
100
AcDbLine
 10
23630.0
 20
6200.0
 30
0.0
 11
23630.0
 21
8900.0
 31
0.0
1001
FLOORFORGE
1000
floor:1
1000
preliminary
  0
LINE
  5
5AC
330
17
100
AcDbEntity
  8
A-WIND
100
AcDbLine
 10
23497.0
 20
6200.0
 30
0.0
 11
23497.0
 21
8900.0
 31
0.0
1001
FLOORFORGE
1000
floor:1
1000
preliminary
  0
LINE
  5
5AD
330
17
100
AcDbEntity
  8
A-WIND
100
AcDbLine
 10
23533.0
 20
6200.0
 30
0.0
 11
23533.0
 21
8900.0
 31
0.0
1001
FLOORFORGE
1000
floor:1
1000
preliminary
  0
LINE
  5
5AE
330
17
100
AcDbEntity
  8
A-WIND
100
AcDbLine
 10
23400.0
 20
6200.0
 30
0.0
 11
23630.0
 21
6200.0
 31
0.0
1001
FLOORFORGE
1000
floor:1
1000
preliminary
  0
LINE
  5
5AF
330
17
100
AcDbEntity
  8
A-WIND
100
AcDbLine
 10
23400.0
 20
8900.0
 30
0.0
 11
23630.0
 21
8900.0
 31
0.0
1001
FLOORFORGE
1000
floor:1
1000
preliminary
  0
TEXT
  5
5B0
330
17
100
AcDbEntity
  8
A-TAGS
100
AcDbText
 10
23020.0
 20
7490.0
 30
0.0
 40
150.0
  1
W9
 72
1
 11
23020.0
 21
7490.0
 31
0.0
100
AcDbText
 73
1
1001
FLOORFORGE
1000
floor:1
1000
preliminary
  0
LINE
  5
5B1
330
17
100
AcDbEntity
  8
A-WIND
100
AcDbLine
 10
23400.0
 20
11325.0
 30
0.0
 11
23400.0
 21
12675.0
 31
0.0
1001
FLOORFORGE
1000
floor:1
1000
preliminary
  0
LINE
  5
5B2
330
17
100
AcDbEntity
  8
A-WIND
100
AcDbLine
 10
23630.0
 20
11325.0
 30
0.0
 11
23630.0
 21
12675.0
 31
0.0
1001
FLOORFORGE
1000
floor:1
1000
preliminary
  0
LINE
  5
5B3
330
17
100
AcDbEntity
  8
A-WIND
100
AcDbLine
 10
23497.0
 20
11325.0
 30
0.0
 11
23497.0
 21
12675.0
 31
0.0
1001
FLOORFORGE
1000
floor:1
1000
preliminary
  0
LINE
  5
5B4
330
17
100
AcDbEntity
  8
A-WIND
100
AcDbLine
 10
23533.0
 20
11325.0
 30
0.0
 11
23533.0
 21
12675.0
 31
0.0
1001
FLOORFORGE
1000
floor:1
1000
preliminary
  0
LINE
  5
5B5
330
17
100
AcDbEntity
  8
A-WIND
100
AcDbLine
 10
23400.0
 20
11325.0
 30
0.0
 11
23630.0
 21
11325.0
 31
0.0
1001
FLOORFORGE
1000
floor:1
1000
preliminary
  0
LINE
  5
5B6
330
17
100
AcDbEntity
  8
A-WIND
100
AcDbLine
 10
23400.0
 20
12675.0
 30
0.0
 11
23630.0
 21
12675.0
 31
0.0
1001
FLOORFORGE
1000
floor:1
1000
preliminary
  0
TEXT
  5
5B7
330
17
100
AcDbEntity
  8
A-TAGS
100
AcDbText
 10
23020.0
 20
11940.0
 30
0.0
 40
150.0
  1
V4
 72
1
 11
23020.0
 21
11940.0
 31
0.0
100
AcDbText
 73
1
1001
FLOORFORGE
1000
floor:1
1000
preliminary
  0
LINE
  5
5B8
330
17
100
AcDbEntity
  8
A-WIND
100
AcDbLine
 10
24000.0
 20
13350.0
 30
0.0
 11
25200.0
 21
13350.0
 31
0.0
1001
FLOORFORGE
1000
floor:1
1000
preliminary
  0
LINE
  5
5B9
330
17
100
AcDbEntity
  8
A-WIND
100
AcDbLine
 10
24000.0
 20
13120.0
 30
0.0
 11
25200.0
 21
13120.0
 31
0.0
1001
FLOORFORGE
1000
floor:1
1000
preliminary
  0
LINE
  5
5BA
330
17
100
AcDbEntity
  8
A-WIND
100
AcDbLine
 10
24000.0
 20
13253.0
 30
0.0
 11
25200.0
 21
13253.0
 31
0.0
1001
FLOORFORGE
1000
floor:1
1000
preliminary
  0
LINE
  5
5BB
330
17
100
AcDbEntity
  8
A-WIND
100
AcDbLine
 10
24000.0
 20
13217.0
 30
0.0
 11
25200.0
 21
13217.0
 31
0.0
1001
FLOORFORGE
1000
floor:1
1000
preliminary
  0
LINE
  5
5BC
330
17
100
AcDbEntity
  8
A-WIND
100
AcDbLine
 10
24000.0
 20
13350.0
 30
0.0
 11
24000.0
 21
13120.0
 31
0.0
1001
FLOORFORGE
1000
floor:1
1000
preliminary
  0
LINE
  5
5BD
330
17
100
AcDbEntity
  8
A-WIND
100
AcDbLine
 10
25200.0
 20
13350.0
 30
0.0
 11
25200.0
 21
13120.0
 31
0.0
1001
FLOORFORGE
1000
floor:1
1000
preliminary
  0
TEXT
  5
5BE
330
17
100
AcDbEntity
  8
A-TAGS
100
AcDbText
 10
24600.0
 20
13670.0
 30
0.0
 40
150.0
  1
V5
 72
1
 11
24600.0
 21
13670.0
 31
0.0
100
AcDbText
 73
1
1001
FLOORFORGE
1000
floor:1
1000
preliminary
  0
LINE
  5
5BF
330
17
100
AcDbEntity
  8
A-WIND
100
AcDbLine
 10
26400.0
 20
13350.0
 30
0.0
 11
27300.0
 21
13350.0
 31
0.0
1001
FLOORFORGE
1000
floor:1
1000
preliminary
  0
LINE
  5
5C0
330
17
100
AcDbEntity
  8
A-WIND
100
AcDbLine
 10
26400.0
 20
13120.0
 30
0.0
 11
27300.0
 21
13120.0
 31
0.0
1001
FLOORFORGE
1000
floor:1
1000
preliminary
  0
LINE
  5
5C1
330
17
100
AcDbEntity
  8
A-WIND
100
AcDbLine
 10
26400.0
 20
13253.0
 30
0.0
 11
27300.0
 21
13253.0
 31
0.0
1001
FLOORFORGE
1000
floor:1
1000
preliminary
  0
LINE
  5
5C2
330
17
100
AcDbEntity
  8
A-WIND
100
AcDbLine
 10
26400.0
 20
13217.0
 30
0.0
 11
27300.0
 21
13217.0
 31
0.0
1001
FLOORFORGE
1000
floor:1
1000
preliminary
  0
LINE
  5
5C3
330
17
100
AcDbEntity
  8
A-WIND
100
AcDbLine
 10
26400.0
 20
13350.0
 30
0.0
 11
26400.0
 21
13120.0
 31
0.0
1001
FLOORFORGE
1000
floor:1
1000
preliminary
  0
LINE
  5
5C4
330
17
100
AcDbEntity
  8
A-WIND
100
AcDbLine
 10
27300.0
 20
13350.0
 30
0.0
 11
27300.0
 21
13120.0
 31
0.0
1001
FLOORFORGE
1000
floor:1
1000
preliminary
  0
TEXT
  5
5C5
330
17
100
AcDbEntity
  8
A-TAGS
100
AcDbText
 10
26850.0
 20
13670.0
 30
0.0
 40
150.0
  1
W3
 72
1
 11
26850.0
 21
13670.0
 31
0.0
100
AcDbText
 73
1
1001
FLOORFORGE
1000
floor:1
1000
preliminary
  0
LINE
  5
5C6
330
17
100
AcDbEntity
  8
A-WIND
100
AcDbLine
 10
28950.0
 20
13350.0
 30
0.0
 11
31650.0
 21
13350.0
 31
0.0
1001
FLOORFORGE
1000
floor:1
1000
preliminary
  0
LINE
  5
5C7
330
17
100
AcDbEntity
  8
A-WIND
100
AcDbLine
 10
28950.0
 20
13120.0
 30
0.0
 11
31650.0
 21
13120.0
 31
0.0
1001
FLOORFORGE
1000
floor:1
1000
preliminary
  0
LINE
  5
5C8
330
17
100
AcDbEntity
  8
A-WIND
100
AcDbLine
 10
28950.0
 20
13253.0
 30
0.0
 11
31650.0
 21
13253.0
 31
0.0
1001
FLOORFORGE
1000
floor:1
1000
preliminary
  0
LINE
  5
5C9
330
17
100
AcDbEntity
  8
A-WIND
100
AcDbLine
 10
28950.0
 20
13217.0
 30
0.0
 11
31650.0
 21
13217.0
 31
0.0
1001
FLOORFORGE
1000
floor:1
1000
preliminary
  0
LINE
  5
5CA
330
17
100
AcDbEntity
  8
A-WIND
100
AcDbLine
 10
28950.0
 20
13350.0
 30
0.0
 11
28950.0
 21
13120.0
 31
0.0
1001
FLOORFORGE
1000
floor:1
1000
preliminary
  0
LINE
  5
5CB
330
17
100
AcDbEntity
  8
A-WIND
100
AcDbLine
 10
31650.0
 20
13350.0
 30
0.0
 11
31650.0
 21
13120.0
 31
0.0
1001
FLOORFORGE
1000
floor:1
1000
preliminary
  0
TEXT
  5
5CC
330
17
100
AcDbEntity
  8
A-TAGS
100
AcDbText
 10
30300.0
 20
13670.0
 30
0.0
 40
150.0
  1
W9
 72
1
 11
30300.0
 21
13670.0
 31
0.0
100
AcDbText
 73
1
1001
FLOORFORGE
1000
floor:1
1000
preliminary
  0
LINE
  5
5CD
330
17
100
AcDbEntity
  8
A-WIND
100
AcDbLine
 10
28975.0
 20
0.0
 30
0.0
 11
31975.0
 21
0.0
 31
0.0
1001
FLOORFORGE
1000
floor:1
1000
preliminary
  0
LINE
  5
5CE
330
17
100
AcDbEntity
  8
A-WIND
100
AcDbLine
 10
28975.0
 20
230.0
 30
0.0
 11
31975.0
 21
230.0
 31
0.0
1001
FLOORFORGE
1000
floor:1
1000
preliminary
  0
LINE
  5
5CF
330
17
100
AcDbEntity
  8
A-WIND
100
AcDbLine
 10
28975.0
 20
97.0
 30
0.0
 11
31975.0
 21
97.0
 31
0.0
1001
FLOORFORGE
1000
floor:1
1000
preliminary
  0
LINE
  5
5D0
330
17
100
AcDbEntity
  8
A-WIND
100
AcDbLine
 10
28975.0
 20
133.0
 30
0.0
 11
31975.0
 21
133.0
 31
0.0
1001
FLOORFORGE
1000
floor:1
1000
preliminary
  0
LINE
  5
5D1
330
17
100
AcDbEntity
  8
A-WIND
100
AcDbLine
 10
28975.0
 20
0.0
 30
0.0
 11
28975.0
 21
230.0
 31
0.0
1001
FLOORFORGE
1000
floor:1
1000
preliminary
  0
LINE
  5
5D2
330
17
100
AcDbEntity
  8
A-WIND
100
AcDbLine
 10
31975.0
 20
0.0
 30
0.0
 11
31975.0
 21
230.0
 31
0.0
1001
FLOORFORGE
1000
floor:1
1000
preliminary
  0
TEXT
  5
5D3
330
17
100
AcDbEntity
  8
A-TAGS
100
AcDbText
 10
30475.0
 20
-440.0
 30
0.0
 40
150.0
  1
W10
 72
1
 11
30475.0
 21
-440.0
 31
0.0
100
AcDbText
 73
1
1001
FLOORFORGE
1000
floor:1
1000
preliminary
  0
LINE
  5
5D4
330
17
100
AcDbEntity
  8
A-WIND
100
AcDbLine
 10
33300.0
 20
13350.0
 30
0.0
 11
34200.0
 21
13350.0
 31
0.0
1001
FLOORFORGE
1000
floor:1
1000
preliminary
  0
LINE
  5
5D5
330
17
100
AcDbEntity
  8
A-WIND
100
AcDbLine
 10
33300.0
 20
13120.0
 30
0.0
 11
34200.0
 21
13120.0
 31
0.0
1001
FLOORFORGE
1000
floor:1
1000
preliminary
  0
LINE
  5
5D6
330
17
100
AcDbEntity
  8
A-WIND
100
AcDbLine
 10
33300.0
 20
13253.0
 30
0.0
 11
34200.0
 21
13253.0
 31
0.0
1001
FLOORFORGE
1000
floor:1
1000
preliminary
  0
LINE
  5
5D7
330
17
100
AcDbEntity
  8
A-WIND
100
AcDbLine
 10
33300.0
 20
13217.0
 30
0.0
 11
34200.0
 21
13217.0
 31
0.0
1001
FLOORFORGE
1000
floor:1
1000
preliminary
  0
LINE
  5
5D8
330
17
100
AcDbEntity
  8
A-WIND
100
AcDbLine
 10
33300.0
 20
13350.0
 30
0.0
 11
33300.0
 21
13120.0
 31
0.0
1001
FLOORFORGE
1000
floor:1
1000
preliminary
  0
LINE
  5
5D9
330
17
100
AcDbEntity
  8
A-WIND
100
AcDbLine
 10
34200.0
 20
13350.0
 30
0.0
 11
34200.0
 21
13120.0
 31
0.0
1001
FLOORFORGE
1000
floor:1
1000
preliminary
  0
TEXT
  5
5DA
330
17
100
AcDbEntity
  8
A-TAGS
100
AcDbText
 10
33750.0
 20
13670.0
 30
0.0
 40
150.0
  1
W3
 72
1
 11
33750.0
 21
13670.0
 31
0.0
100
AcDbText
 73
1
1001
FLOORFORGE
1000
floor:1
1000
preliminary
  0
LINE
  5
5DB
330
17
100
AcDbEntity
  8
A-WIND
100
AcDbLine
 10
34800.0
 20
5225.0
 30
0.0
 11
34800.0
 21
7025.0
 31
0.0
1001
FLOORFORGE
1000
floor:1
1000
preliminary
  0
LINE
  5
5DC
330
17
100
AcDbEntity
  8
A-WIND
100
AcDbLine
 10
34570.0
 20
5225.0
 30
0.0
 11
34570.0
 21
7025.0
 31
0.0
1001
FLOORFORGE
1000
floor:1
1000
preliminary
  0
LINE
  5
5DD
330
17
100
AcDbEntity
  8
A-WIND
100
AcDbLine
 10
34703.0
 20
5225.0
 30
0.0
 11
34703.0
 21
7025.0
 31
0.0
1001
FLOORFORGE
1000
floor:1
1000
preliminary
  0
LINE
  5
5DE
330
17
100
AcDbEntity
  8
A-WIND
100
AcDbLine
 10
34667.0
 20
5225.0
 30
0.0
 11
34667.0
 21
7025.0
 31
0.0
1001
FLOORFORGE
1000
floor:1
1000
preliminary
  0
LINE
  5
5DF
330
17
100
AcDbEntity
  8
A-WIND
100
AcDbLine
 10
34800.0
 20
5225.0
 30
0.0
 11
34570.0
 21
5225.0
 31
0.0
1001
FLOORFORGE
1000
floor:1
1000
preliminary
  0
LINE
  5
5E0
330
17
100
AcDbEntity
  8
A-WIND
100
AcDbLine
 10
34800.0
 20
7025.0
 30
0.0
 11
34570.0
 21
7025.0
 31
0.0
1001
FLOORFORGE
1000
floor:1
1000
preliminary
  0
TEXT
  5
5E1
330
17
100
AcDbEntity
  8
A-TAGS
100
AcDbText
 10
35180.0
 20
6065.0
 30
0.0
 40
150.0
  1
W5
 72
1
 11
35180.0
 21
6065.0
 31
0.0
100
AcDbText
 73
1
1001
FLOORFORGE
1000
floor:1
1000
preliminary
  0
LINE
  5
5E2
330
17
100
AcDbEntity
  8
A-WIND
100
AcDbLine
 10
34800.0
 20
8450.0
 30
0.0
 11
34800.0
 21
9650.0
 31
0.0
1001
FLOORFORGE
1000
floor:1
1000
preliminary
  0
LINE
  5
5E3
330
17
100
AcDbEntity
  8
A-WIND
100
AcDbLine
 10
34570.0
 20
8450.0
 30
0.0
 11
34570.0
 21
9650.0
 31
0.0
1001
FLOORFORGE
1000
floor:1
1000
preliminary
  0
LINE
  5
5E4
330
17
100
AcDbEntity
  8
A-WIND
100
AcDbLine
 10
34703.0
 20
8450.0
 30
0.0
 11
34703.0
 21
9650.0
 31
0.0
1001
FLOORFORGE
1000
floor:1
1000
preliminary
  0
LINE
  5
5E5
330
17
100
AcDbEntity
  8
A-WIND
100
AcDbLine
 10
34667.0
 20
8450.0
 30
0.0
 11
34667.0
 21
9650.0
 31
0.0
1001
FLOORFORGE
1000
floor:1
1000
preliminary
  0
LINE
  5
5E6
330
17
100
AcDbEntity
  8
A-WIND
100
AcDbLine
 10
34800.0
 20
8450.0
 30
0.0
 11
34570.0
 21
8450.0
 31
0.0
1001
FLOORFORGE
1000
floor:1
1000
preliminary
  0
LINE
  5
5E7
330
17
100
AcDbEntity
  8
A-WIND
100
AcDbLine
 10
34800.0
 20
9650.0
 30
0.0
 11
34570.0
 21
9650.0
 31
0.0
1001
FLOORFORGE
1000
floor:1
1000
preliminary
  0
TEXT
  5
5E8
330
17
100
AcDbEntity
  8
A-TAGS
100
AcDbText
 10
35180.0
 20
8990.0
 30
0.0
 40
150.0
  1
V5
 72
1
 11
35180.0
 21
8990.0
 31
0.0
100
AcDbText
 73
1
1001
FLOORFORGE
1000
floor:1
1000
preliminary
  0
LINE
  5
5E9
330
17
100
AcDbEntity
  8
A-WIND
100
AcDbLine
 10
34800.0
 20
11375.0
 30
0.0
 11
34800.0
 21
12275.0
 31
0.0
1001
FLOORFORGE
1000
floor:1
1000
preliminary
  0
LINE
  5
5EA
330
17
100
AcDbEntity
  8
A-WIND
100
AcDbLine
 10
34570.0
 20
11375.0
 30
0.0
 11
34570.0
 21
12275.0
 31
0.0
1001
FLOORFORGE
1000
floor:1
1000
preliminary
  0
LINE
  5
5EB
330
17
100
AcDbEntity
  8
A-WIND
100
AcDbLine
 10
34703.0
 20
11375.0
 30
0.0
 11
34703.0
 21
12275.0
 31
0.0
1001
FLOORFORGE
1000
floor:1
1000
preliminary
  0
LINE
  5
5EC
330
17
100
AcDbEntity
  8
A-WIND
100
AcDbLine
 10
34667.0
 20
11375.0
 30
0.0
 11
34667.0
 21
12275.0
 31
0.0
1001
FLOORFORGE
1000
floor:1
1000
preliminary
  0
LINE
  5
5ED
330
17
100
AcDbEntity
  8
A-WIND
100
AcDbLine
 10
34800.0
 20
11375.0
 30
0.0
 11
34570.0
 21
11375.0
 31
0.0
1001
FLOORFORGE
1000
floor:1
1000
preliminary
  0
LINE
  5
5EE
330
17
100
AcDbEntity
  8
A-WIND
100
AcDbLine
 10
34800.0
 20
12275.0
 30
0.0
 11
34570.0
 21
12275.0
 31
0.0
1001
FLOORFORGE
1000
floor:1
1000
preliminary
  0
TEXT
  5
5EF
330
17
100
AcDbEntity
  8
A-TAGS
100
AcDbText
 10
35180.0
 20
11765.0
 30
0.0
 40
150.0
  1
W3
 72
1
 11
35180.0
 21
11765.0
 31
0.0
100
AcDbText
 73
1
1001
FLOORFORGE
1000
floor:1
1000
preliminary
  0
LINE
  5
5F0
330
17
100
AcDbEntity
  8
A-STAIR
100
AcDbLine
 10
32350.0
 20
1300.0
 30
0.0
 11
33350.0
 21
1300.0
 31
0.0
1001
FLOORFORGE
1000
floor:1
1000
preliminary
  0
LINE
  5
5F1
330
17
100
AcDbEntity
  8
A-STAIR
100
AcDbLine
 10
33550.0
 20
1300.0
 30
0.0
 11
34550.0
 21
1300.0
 31
0.0
1001
FLOORFORGE
1000
floor:1
1000
preliminary
  0
LINE
  5
5F2
330
17
100
AcDbEntity
  8
A-STAIR
100
AcDbLine
 10
32350.0
 20
1550.0
 30
0.0
 11
33350.0
 21
1550.0
 31
0.0
1001
FLOORFORGE
1000
floor:1
1000
preliminary
  0
LINE
  5
5F3
330
17
100
AcDbEntity
  8
A-STAIR
100
AcDbLine
 10
33550.0
 20
1550.0
 30
0.0
 11
34550.0
 21
1550.0
 31
0.0
1001
FLOORFORGE
1000
floor:1
1000
preliminary
  0
LINE
  5
5F4
330
17
100
AcDbEntity
  8
A-STAIR
100
AcDbLine
 10
32350.0
 20
1800.0
 30
0.0
 11
33350.0
 21
1800.0
 31
0.0
1001
FLOORFORGE
1000
floor:1
1000
preliminary
  0
LINE
  5
5F5
330
17
100
AcDbEntity
  8
A-STAIR
100
AcDbLine
 10
33550.0
 20
1800.0
 30
0.0
 11
34550.0
 21
1800.0
 31
0.0
1001
FLOORFORGE
1000
floor:1
1000
preliminary
  0
LINE
  5
5F6
330
17
100
AcDbEntity
  8
A-STAIR
100
AcDbLine
 10
32350.0
 20
2050.0
 30
0.0
 11
33350.0
 21
2050.0
 31
0.0
1001
FLOORFORGE
1000
floor:1
1000
preliminary
  0
LINE
  5
5F7
330
17
100
AcDbEntity
  8
A-STAIR
100
AcDbLine
 10
33550.0
 20
2050.0
 30
0.0
 11
34550.0
 21
2050.0
 31
0.0
1001
FLOORFORGE
1000
floor:1
1000
preliminary
  0
LINE
  5
5F8
330
17
100
AcDbEntity
  8
A-STAIR
100
AcDbLine
 10
32350.0
 20
2300.0
 30
0.0
 11
33350.0
 21
2300.0
 31
0.0
1001
FLOORFORGE
1000
floor:1
1000
preliminary
  0
LINE
  5
5F9
330
17
100
AcDbEntity
  8
A-STAIR
100
AcDbLine
 10
33550.0
 20
2300.0
 30
0.0
 11
34550.0
 21
2300.0
 31
0.0
1001
FLOORFORGE
1000
floor:1
1000
preliminary
  0
LINE
  5
5FA
330
17
100
AcDbEntity
  8
A-STAIR
100
AcDbLine
 10
32350.0
 20
2550.0
 30
0.0
 11
33350.0
 21
2550.0
 31
0.0
1001
FLOORFORGE
1000
floor:1
1000
preliminary
  0
LINE
  5
5FB
330
17
100
AcDbEntity
  8
A-STAIR
100
AcDbLine
 10
33550.0
 20
2550.0
 30
0.0
 11
34550.0
 21
2550.0
 31
0.0
1001
FLOORFORGE
1000
floor:1
1000
preliminary
  0
LINE
  5
5FC
330
17
100
AcDbEntity
  8
A-STAIR
100
AcDbLine
 10
32350.0
 20
2800.0
 30
0.0
 11
33350.0
 21
2800.0
 31
0.0
1001
FLOORFORGE
1000
floor:1
1000
preliminary
  0
LINE
  5
5FD
330
17
100
AcDbEntity
  8
A-STAIR
100
AcDbLine
 10
33550.0
 20
2800.0
 30
0.0
 11
34550.0
 21
2800.0
 31
0.0
1001
FLOORFORGE
1000
floor:1
1000
preliminary
  0
LINE
  5
5FE
330
17
100
AcDbEntity
  8
A-STAIR
100
AcDbLine
 10
32350.0
 20
3050.0
 30
0.0
 11
33350.0
 21
3050.0
 31
0.0
1001
FLOORFORGE
1000
floor:1
1000
preliminary
  0
LINE
  5
5FF
330
17
100
AcDbEntity
  8
A-STAIR
100
AcDbLine
 10
33550.0
 20
3050.0
 30
0.0
 11
34550.0
 21
3050.0
 31
0.0
1001
FLOORFORGE
1000
floor:1
1000
preliminary
  0
LINE
  5
600
330
17
100
AcDbEntity
  8
A-STAIR
100
AcDbLine
 10
32350.0
 20
3300.0
 30
0.0
 11
33350.0
 21
3300.0
 31
0.0
1001
FLOORFORGE
1000
floor:1
1000
preliminary
  0
LINE
  5
601
330
17
100
AcDbEntity
  8
A-STAIR
100
AcDbLine
 10
33550.0
 20
3300.0
 30
0.0
 11
34550.0
 21
3300.0
 31
0.0
1001
FLOORFORGE
1000
floor:1
1000
preliminary
  0
LWPOLYLINE
  5
602
330
17
100
AcDbEntity
  8
A-STAIR
100
AcDbPolyline
 90
4
 70
0
 10
32850.0
 20
1300.0
 10
32850.0
 20
3825.0
 10
34050.0
 20
3825.0
 10
34050.0
 20
1300.0
1001
FLOORFORGE
1000
floor:1
1000
preliminary
  0
LWPOLYLINE
  5
603
330
17
100
AcDbEntity
  8
A-STAIR
100
AcDbPolyline
 90
3
 70
1
 10
33980.0
 20
1440.0
 10
34120.0
 20
1440.0
 10
34050.0
 20
1300.0
1001
FLOORFORGE
1000
floor:1
1000
preliminary
  0
HATCH
  5
604
330
17
100
AcDbEntity
  8
A-STAIR
 62
7
100
AcDbHatch
 10
0.0
 20
0.0
 30
0.0
210
0.0
220
0.0
230
1.0
  2
SOLID
 70
1
 71
0
 91
1
 92
3
 72
0
 73
1
 93
3
 10
33980.0
 20
1440.0
 10
34120.0
 20
1440.0
 10
34050.0
 20
1300.0
 97
0
 75
0
 76
1
 98
0
  0
TEXT
  5
605
330
17
100
AcDbEntity
  8
A-STAIR
100
AcDbText
 10
32850.0
 20
1040.0
 30
0.0
 40
170.0
  1
UP TO ROOF
 72
1
 11
32850.0
 21
1040.0
 31
0.0
100
AcDbText
 73
1
1001
FLOORFORGE
1000
floor:1
1000
preliminary
  0
TEXT
  5
606
330
17
100
AcDbEntity
  8
A-STAIR
100
AcDbText
 10
33450.0
 20
550.0
 30
0.0
 40
140.0
  1
18R @ 175 / T 250
 72
1
 11
33450.0
 21
550.0
 31
0.0
100
AcDbText
 73
1
1001
FLOORFORGE
1000
floor:1
1000
preliminary
  0
LWPOLYLINE
  5
607
330
17
100
AcDbEntity
  8
A-FURN
100
AcDbPolyline
 90
4
 70
1
 10
31275.0
 20
3195.0000000000005
 10
31275.0
 20
4175.0
 10
29875.0
 20
4175.0
 10
29875.0
 20
3195.0000000000005
1001
FLOORFORGE
1000
floor:1
1000
preliminary
  0
LWPOLYLINE
  5
608
330
17
100
AcDbEntity
  8
A-FURN
100
AcDbPolyline
 90
4
 70
1
 10
31125.0
 20
2100.0
 10
31125.0
 20
2850.0
 10
30025.0
 20
2850.0
 10
30025.0
 20
2100.0
1001
FLOORFORGE
1000
floor:1
1000
preliminary
  0
LWPOLYLINE
  5
609
330
17
100
AcDbEntity
  8
A-FURN
100
AcDbPolyline
 90
4
 70
1
 10
29855.0
 20
3495.0
 10
29855.0
 20
3855.0
 10
29495.0
 20
3855.0
 10
29495.0
 20
3495.0
1001
FLOORFORGE
1000
floor:1
1000
preliminary
  0
LWPOLYLINE
  5
60A
330
17
100
AcDbEntity
  8
A-FURN
100
AcDbPolyline
 90
4
 70
1
 10
29475.0
 20
2125.0
 10
29475.0
 20
2825.0
 10
28775.0
 20
2825.0
 10
28775.0
 20
2125.0
1001
FLOORFORGE
1000
floor:1
1000
preliminary
  0
LWPOLYLINE
  5
60B
330
17
100
AcDbEntity
  8
A-FURN
100
AcDbPolyline
 90
4
 70
1
 10
34550.0
 20
5325.0
 10
34550.0
 20
6925.0
 10
33320.0
 20
6925.0
 10
33320.0
 20
5325.0
1001
FLOORFORGE
1000
floor:1
1000
preliminary
  0
LWPOLYLINE
  5
60C
330
17
100
AcDbEntity
  8
A-FURN
100
AcDbPolyline
 90
4
 70
1
 10
32525.0
 20
7375.0
 10
32525.0
 20
7725.0
 10
31325.0
 20
7725.0
 10
31325.0
 20
7375.0
1001
FLOORFORGE
1000
floor:1
1000
preliminary
  0
LWPOLYLINE
  5
60D
330
17
100
AcDbEntity
  8
A-FURN
100
AcDbPolyline
 90
4
 70
1
 10
30165.0
 20
10845.0
 10
30165.0
 20
12545.0
 10
27995.0
 20
12545.0
 10
27995.0
 20
10845.0
1001
FLOORFORGE
1000
floor:1
1000
preliminary
  0
LWPOLYLINE
  5
60E
330
17
100
AcDbEntity
  8
A-FURN
100
AcDbPolyline
 90
4
 70
1
 10
32625.0
 20
7875.0
 10
32625.0
 20
8475.0
 10
30525.0
 20
8475.0
 10
30525.0
 20
7875.0
1001
FLOORFORGE
1000
floor:1
1000
preliminary
  0
LWPOLYLINE
  5
60F
330
17
100
AcDbEntity
  8
A-FURN
100
AcDbPolyline
 90
4
 70
1
 10
34570.0
 20
10375.0
 10
34570.0
 20
10975.0
 10
33070.0
 20
10975.0
 10
33070.0
 20
10375.0
1001
FLOORFORGE
1000
floor:1
1000
preliminary
  0
LWPOLYLINE
  5
610
330
17
100
AcDbEntity
  8
A-FURN
100
AcDbPolyline
 90
4
 70
1
 10
34550.0
 20
9495.0
 10
34550.0
 20
9955.0
 10
33830.0
 20
9955.0
 10
33830.0
 20
9495.0
1001
FLOORFORGE
1000
floor:1
1000
preliminary
  0
LWPOLYLINE
  5
611
330
17
100
AcDbEntity
  8
A-FURN
100
AcDbPolyline
 90
4
 70
1
 10
33825.0
 20
9705.0
 10
33825.0
 20
10205.0
 10
32825.0
 20
10205.0
 10
32825.0
 20
9705.0
1001
FLOORFORGE
1000
floor:1
1000
preliminary
  0
LWPOLYLINE
  5
612
330
17
100
AcDbEntity
  8
A-FURN
100
AcDbPolyline
 90
4
 70
1
 10
27805.0
 20
6654.999999999997
 10
27805.0
 20
8554.999999999998
 10
25635.0
 20
8554.999999999998
 10
25635.0
 20
6654.999999999997
1001
FLOORFORGE
1000
floor:1
1000
preliminary
  0
LWPOLYLINE
  5
613
330
17
100
AcDbEntity
  8
A-FURN
100
AcDbPolyline
 90
4
 70
1
 10
26330.0
 20
9975.0
 10
26330.0
 20
10575.0
 10
23930.0
 20
10575.0
 10
23930.0
 20
9975.0
1001
FLOORFORGE
1000
floor:1
1000
preliminary
  0
LWPOLYLINE
  5
614
330
17
100
AcDbEntity
  8
A-FURN
100
AcDbPolyline
 90
4
 70
1
 10
27825.0
 20
11420.0
 10
27825.0
 20
12620.0
 10
27225.0
 20
12620.0
 10
27225.0
 20
11420.0
1001
FLOORFORGE
1000
floor:1
1000
preliminary
  0
LWPOLYLINE
  5
615
330
17
100
AcDbEntity
  8
A-FURN
100
AcDbPolyline
 90
4
 70
1
 10
24370.0
 20
12294.999999999998
 10
24370.0
 20
12754.999999999998
 10
23650.0
 20
12754.999999999998
 10
23650.0
 20
12294.999999999998
1001
FLOORFORGE
1000
floor:1
1000
preliminary
  0
LWPOLYLINE
  5
616
330
17
100
AcDbEntity
  8
A-FURN
100
AcDbPolyline
 90
4
 70
1
 10
25530.0
 20
12600.0
 10
25530.0
 20
13100.0
 10
24530.0
 20
13100.0
 10
24530.0
 20
12600.0
1001
FLOORFORGE
1000
floor:1
1000
preliminary
  0
LWPOLYLINE
  5
617
330
17
100
AcDbEntity
  8
A-EXT
100
AcDbPolyline
 90
4
 70
1
 10
23625.0
 20
-2100.0
 10
33300.0
 20
-2100.0
 10
33300.0
 20
0.0
 10
23625.0
 20
0.0
1001
FLOORFORGE
1000
floor:1
1000
preliminary
  0
TEXT
  5
618
330
17
100
AcDbEntity
  8
A-EXT
100
AcDbText
 10
28462.5
 20
-1980.0
 30
0.0
 40
130.0
  1
BALCONY
 72
1
 11
28462.5
 21
-1980.0
 31
0.0
100
AcDbText
 73
1
1001
FLOORFORGE
1000
floor:1
1000
preliminary
  0
TEXT
  5
619
330
17
100
AcDbEntity
  8
A-ANNO
100
AcDbText
 10
33435.0
 20
2302.0
 30
0.0
 40
220.0
  1
STAIR
 72
1
 11
33435.0
 21
2302.0
 31
0.0
100
AcDbText
 73
1
1001
FLOORFORGE
1000
floor:1
1000
preliminary
  0
TEXT
  5
61A
330
17
100
AcDbEntity
  8
A-ANNO
100
AcDbText
 10
30433.0712890625
 20
2582.1025390625
 30
0.0
 40
220.0
  1
FAMILY LOUNGE
 72
1
 11
30433.0712890625
 21
2582.1025390625
 31
0.0
100
AcDbText
 73
1
1001
FLOORFORGE
1000
floor:1
1000
preliminary
  0
TEXT
  5
61B
330
17
100
AcDbEntity
  8
A-ANNO
100
AcDbText
 10
30433.0712890625
 20
2302.6025390625
 30
0.0
 40
150.0
  1
8.67 x 2.71*
 72
1
 11
30433.0712890625
 21
2302.6025390625
 31
0.0
100
AcDbText
 73
1
1001
FLOORFORGE
1000
floor:1
1000
preliminary
  0
TEXT
  5
61C
330
17
100
AcDbEntity
  8
A-ANNO
100
AcDbText
 10
30433.0712890625
 20
2092.6025390625
 30
0.0
 40
150.0
  1
28.7 m2
 72
1
 11
30433.0712890625
 21
2092.6025390625
 31
0.0
100
AcDbText
 73
1
1001
FLOORFORGE
1000
floor:1
1000
preliminary
  0
TEXT
  5
61D
330
17
100
AcDbEntity
  8
A-ANNO
100
AcDbText
 10
25967.5
 20
777.0
 30
0.0
 40
170.0
  1
OPEN TERRACE
 72
1
 11
25967.5
 21
777.0
 31
0.0
100
AcDbText
 73
1
1001
FLOORFORGE
1000
floor:1
1000
preliminary
  0
TEXT
  5
61E
330
17
100
AcDbEntity
  8
A-ANNO
100
AcDbText
 10
25967.5
 20
542.0
 30
0.0
 40
130.0
  1
4.79 x 1.44*
 72
1
 11
25967.5
 21
542.0
 31
0.0
100
AcDbText
 73
1
1001
FLOORFORGE
1000
floor:1
1000
preliminary
  0
TEXT
  5
61F
330
17
100
AcDbEntity
  8
A-ANNO
100
AcDbText
 10
25967.5
 20
360.0
 30
0.0
 40
130.0
  1
7.3 m2
 72
1
 11
25967.5
 21
360.0
 31
0.0
100
AcDbText
 73
1
1001
FLOORFORGE
1000
floor:1
1000
preliminary
  0
TEXT
  5
620
330
17
100
AcDbEntity
  8
A-ANNO
100
AcDbText
 10
28575.0
 20
6184.5
 30
0.0
 40
170.0
  1
HALL
 72
1
 11
28575.0
 21
6184.5
 31
0.0
100
AcDbText
 73
1
1001
FLOORFORGE
1000
floor:1
1000
preliminary
  0
TEXT
  5
621
330
17
100
AcDbEntity
  8
A-ANNO
100
AcDbText
 10
31947.5
 20
6202.0
 30
0.0
 40
220.0
  1
STUDY
 72
1
 11
31947.5
 21
6202.0
 31
0.0
100
AcDbText
 73
1
1001
FLOORFORGE
1000
floor:1
1000
preliminary
  0
TEXT
  5
622
330
17
100
AcDbEntity
  8
A-ANNO
100
AcDbText
 10
31947.5
 20
5922.5
 30
0.0
 40
150.0
  1
5.25 x 3.20
 72
1
 11
31947.5
 21
5922.5
 31
0.0
100
AcDbText
 73
1
1001
FLOORFORGE
1000
floor:1
1000
preliminary
  0
TEXT
  5
623
330
17
100
AcDbEntity
  8
A-ANNO
100
AcDbText
 10
31947.5
 20
5712.5
 30
0.0
 40
150.0
  1
16.8 m2
 72
1
 11
31947.5
 21
5712.5
 31
0.0
100
AcDbText
 73
1
1001
FLOORFORGE
1000
floor:1
1000
preliminary
  0
TEXT
  5
624
330
17
100
AcDbEntity
  8
A-ANNO
100
AcDbText
 10
30458.7841796875
 20
11040.6083984375
 30
0.0
 40
220.0
  1
BEDROOM 2
 72
1
 11
30458.7841796875
 21
11040.6083984375
 31
0.0
100
AcDbText
 73
1
1001
FLOORFORGE
1000
floor:1
1000
preliminary
  0
TEXT
  5
625
330
17
100
AcDbEntity
  8
A-ANNO
100
AcDbText
 10
30458.7841796875
 20
10761.1083984375
 30
0.0
 40
150.0
  1
4.65 x 4.00*
 72
1
 11
30458.7841796875
 21
10761.1083984375
 31
0.0
100
AcDbText
 73
1
1001
FLOORFORGE
1000
floor:1
1000
preliminary
  0
TEXT
  5
626
330
17
100
AcDbEntity
  8
A-ANNO
100
AcDbText
 10
30458.7841796875
 20
10551.1083984375
 30
0.0
 40
150.0
  1
22.7 m2
 72
1
 11
30458.7841796875
 21
10551.1083984375
 31
0.0
100
AcDbText
 73
1
1001
FLOORFORGE
1000
floor:1
1000
preliminary
  0
TEXT
  5
627
330
17
100
AcDbEntity
  8
A-ANNO
100
AcDbText
 10
33672.5
 20
11902.0
 30
0.0
 40
220.0
  1
DRESS 2
 72
1
 11
33672.5
 21
11902.0
 31
0.0
100
AcDbText
 73
1
1001
FLOORFORGE
1000
floor:1
1000
preliminary
  0
TEXT
  5
628
330
17
100
AcDbEntity
  8
A-ANNO
100
AcDbText
 10
33672.5
 20
11622.5
 30
0.0
 40
150.0
  1
1.79 x 2.75
 72
1
 11
33672.5
 21
11622.5
 31
0.0
100
AcDbText
 73
1
1001
FLOORFORGE
1000
floor:1
1000
preliminary
  0
TEXT
  5
629
330
17
100
AcDbEntity
  8
A-ANNO
100
AcDbText
 10
33672.5
 20
11412.5
 30
0.0
 40
150.0
  1
4.9 m2
 72
1
 11
33672.5
 21
11412.5
 31
0.0
100
AcDbText
 73
1
1001
FLOORFORGE
1000
floor:1
1000
preliminary
  0
TEXT
  5
62A
330
17
100
AcDbEntity
  8
A-ANNO
100
AcDbText
 10
33672.5
 20
9127.0
 30
0.0
 40
220.0
  1
BATH 2
 72
1
 11
33672.5
 21
9127.0
 31
0.0
100
AcDbText
 73
1
1001
FLOORFORGE
1000
floor:1
1000
preliminary
  0
TEXT
  5
62B
330
17
100
AcDbEntity
  8
A-ANNO
100
AcDbText
 10
33672.5
 20
8847.5
 30
0.0
 40
150.0
  1
1.79 x 2.35
 72
1
 11
33672.5
 21
8847.5
 31
0.0
100
AcDbText
 73
1
1001
FLOORFORGE
1000
floor:1
1000
preliminary
  0
TEXT
  5
62C
330
17
100
AcDbEntity
  8
A-ANNO
100
AcDbText
 10
33672.5
 20
8637.5
 30
0.0
 40
150.0
  1
4.2 m2
 72
1
 11
33672.5
 21
8637.5
 31
0.0
100
AcDbText
 73
1
1001
FLOORFORGE
1000
floor:1
1000
preliminary
  0
TEXT
  5
62D
330
17
100
AcDbEntity
  8
A-ANNO
100
AcDbText
 10
25727.5
 20
6904.5
 30
0.0
 40
220.0
  1
MASTER BEDROOM
 72
1
 11
25727.5
 21
6904.5
 31
0.0
100
AcDbText
 73
1
1001
FLOORFORGE
1000
floor:1
1000
preliminary
  0
TEXT
  5
62E
330
17
100
AcDbEntity
  8
A-ANNO
100
AcDbText
 10
25727.5
 20
6625.0
 30
0.0
 40
150.0
  1
4.20 x 6.05
 72
1
 11
25727.5
 21
6625.0
 31
0.0
100
AcDbText
 73
1
1001
FLOORFORGE
1000
floor:1
1000
preliminary
  0
TEXT
  5
62F
330
17
100
AcDbEntity
  8
A-ANNO
100
AcDbText
 10
25727.5
 20
6415.0
 30
0.0
 40
150.0
  1
25.4 m2
 72
1
 11
25727.5
 21
6415.0
 31
0.0
100
AcDbText
 73
1
1001
FLOORFORGE
1000
floor:1
1000
preliminary
  0
TEXT
  5
630
330
17
100
AcDbEntity
  8
A-ANNO
100
AcDbText
 10
26850.0
 20
11999.5
 30
0.0
 40
220.0
  1
MASTER DRESS
 72
1
 11
26850.0
 21
11999.5
 31
0.0
100
AcDbText
 73
1
1001
FLOORFORGE
1000
floor:1
1000
preliminary
  0
TEXT
  5
631
330
17
100
AcDbEntity
  8
A-ANNO
100
AcDbText
 10
26850.0
 20
11720.0
 30
0.0
 40
150.0
  1
1.95 x 2.40
 72
1
 11
26850.0
 21
11720.0
 31
0.0
100
AcDbText
 73
1
1001
FLOORFORGE
1000
floor:1
1000
preliminary
  0
TEXT
  5
632
330
17
100
AcDbEntity
  8
A-ANNO
100
AcDbText
 10
26850.0
 20
11510.0
 30
0.0
 40
150.0
  1
4.7 m2
 72
1
 11
26850.0
 21
11510.0
 31
0.0
100
AcDbText
 73
1
1001
FLOORFORGE
1000
floor:1
1000
preliminary
  0
TEXT
  5
633
330
17
100
AcDbEntity
  8
A-ANNO
100
AcDbText
 10
24677.5
 20
12077.0
 30
0.0
 40
220.0
  1
MASTER BATH
 72
1
 11
24677.5
 21
12077.0
 31
0.0
100
AcDbText
 73
1
1001
FLOORFORGE
1000
floor:1
1000
preliminary
  0
TEXT
  5
634
330
17
100
AcDbEntity
  8
A-ANNO
100
AcDbText
 10
24677.5
 20
11797.5
 30
0.0
 40
150.0
  1
2.10 x 2.40
 72
1
 11
24677.5
 21
11797.5
 31
0.0
100
AcDbText
 73
1
1001
FLOORFORGE
1000
floor:1
1000
preliminary
  0
TEXT
  5
635
330
17
100
AcDbEntity
  8
A-ANNO
100
AcDbText
 10
24677.5
 20
11587.5
 30
0.0
 40
150.0
  1
5.0 m2
 72
1
 11
24677.5
 21
11587.5
 31
0.0
100
AcDbText
 73
1
1001
FLOORFORGE
1000
floor:1
1000
preliminary
  0
DIMENSION
  5
636
330
17
100
AcDbEntity
  8
A-DIMS
100
AcDbDimension
280
0
  2
*D51
  3
FF-ARCH
 10
23400.0
 20
-2650.0
 30
0.0
 11
26187.5
 21
-2500.0
 31
0.0
 70
32
 71
5
  1
<>
100
AcDbAlignedDimension
 13
23400.0
 23
0.0
 33
0.0
 14
28975.0
 24
0.0
 34
0.0
 50
0.0
100
AcDbRotatedDimension
1001
FLOORFORGE
1000
floor:1
1000
preliminary
  0
DIMENSION
  5
645
330
17
100
AcDbEntity
  8
A-DIMS
100
AcDbDimension
280
0
  2
*D52
  3
FF-ARCH
 10
28975.0
 20
-2650.0
 30
0.0
 11
30475.0
 21
-2500.0
 31
0.0
 70
32
 71
5
  1
<>
100
AcDbAlignedDimension
 13
28975.0
 23
0.0
 33
0.0
 14
31975.0
 24
0.0
 34
0.0
 50
0.0
100
AcDbRotatedDimension
1001
FLOORFORGE
1000
floor:1
1000
preliminary
  0
DIMENSION
  5
654
330
17
100
AcDbEntity
  8
A-DIMS
100
AcDbDimension
280
0
  2
*D53
  3
FF-ARCH
 10
31975.0
 20
-2650.0
 30
0.0
 11
33387.5
 21
-2500.0
 31
0.0
 70
32
 71
5
  1
<>
100
AcDbAlignedDimension
 13
31975.0
 23
0.0
 33
0.0
 14
34800.0
 24
0.0
 34
0.0
 50
0.0
100
AcDbRotatedDimension
1001
FLOORFORGE
1000
floor:1
1000
preliminary
  0
DIMENSION
  5
663
330
17
100
AcDbEntity
  8
A-DIMS
100
AcDbDimension
280
0
  2
*D54
  3
FF-ARCH
 10
23400.0
 20
-3100.0
 30
0.0
 11
26025.0
 21
-2950.0
 31
0.0
 70
32
 71
5
  1
<>
100
AcDbAlignedDimension
 13
23400.0
 23
0.0
 33
0.0
 14
28650.0
 24
0.0
 34
0.0
 50
0.0
100
AcDbRotatedDimension
1001
FLOORFORGE
1000
floor:1
1000
preliminary
  0
DIMENSION
  5
672
330
17
100
AcDbEntity
  8
A-DIMS
100
AcDbDimension
280
0
  2
*D55
  3
FF-ARCH
 10
28650.0
 20
-3100.0
 30
0.0
 11
31725.0
 21
-2950.0
 31
0.0
 70
32
 71
5
  1
<>
100
AcDbAlignedDimension
 13
28650.0
 23
0.0
 33
0.0
 14
34800.0
 24
0.0
 34
0.0
 50
0.0
100
AcDbRotatedDimension
1001
FLOORFORGE
1000
floor:1
1000
preliminary
  0
DIMENSION
  5
681
330
17
100
AcDbEntity
  8
A-DIMS
100
AcDbDimension
280
0
  2
*D56
  3
FF-ARCH
 10
23400.0
 20
-3550.0
 30
0.0
 11
29100.0
 21
-3400.0
 31
0.0
 70
32
 71
5
  1
<>
100
AcDbAlignedDimension
 13
23400.0
 23
0.0
 33
0.0
 14
34800.0
 24
0.0
 34
0.0
 50
0.0
100
AcDbRotatedDimension
1001
FLOORFORGE
1000
floor:1
1000
preliminary
  0
DIMENSION
  5
690
330
17
100
AcDbEntity
  8
A-DIMS
100
AcDbDimension
280
0
  2
*D57
  3
FF-ARCH
 10
23400.0
 20
13900.0
 30
0.0
 11
23700.0
 21
14050.0
 31
0.0
 70
32
 71
5
  1
<>
100
AcDbAlignedDimension
 13
23400.0
 23
13350.0
 33
0.0
 14
24000.0
 24
13350.0
 34
0.0
 50
0.0
100
AcDbRotatedDimension
1001
FLOORFORGE
1000
floor:1
1000
preliminary
  0
DIMENSION
  5
69F
330
17
100
AcDbEntity
  8
A-DIMS
100
AcDbDimension
280
0
  2
*D58
  3
FF-ARCH
 10
24000.0
 20
13900.0
 30
0.0
 11
24600.0
 21
14050.0
 31
0.0
 70
32
 71
5
  1
<>
100
AcDbAlignedDimension
 13
24000.0
 23
13350.0
 33
0.0
 14
25200.0
 24
13350.0
 34
0.0
 50
0.0
100
AcDbRotatedDimension
1001
FLOORFORGE
1000
floor:1
1000
preliminary
  0
DIMENSION
  5
6AE
330
17
100
AcDbEntity
  8
A-DIMS
100
AcDbDimension
280
0
  2
*D59
  3
FF-ARCH
 10
25200.0
 20
13900.0
 30
0.0
 11
25800.0
 21
14050.0
 31
0.0
 70
32
 71
5
  1
<>
100
AcDbAlignedDimension
 13
25200.0
 23
13350.0
 33
0.0
 14
26400.0
 24
13350.0
 34
0.0
 50
0.0
100
AcDbRotatedDimension
1001
FLOORFORGE
1000
floor:1
1000
preliminary
  0
DIMENSION
  5
6BD
330
17
100
AcDbEntity
  8
A-DIMS
100
AcDbDimension
280
0
  2
*D60
  3
FF-ARCH
 10
26400.0
 20
13900.0
 30
0.0
 11
26850.0
 21
14050.0
 31
0.0
 70
32
 71
5
  1
<>
100
AcDbAlignedDimension
 13
26400.0
 23
13350.0
 33
0.0
 14
27300.0
 24
13350.0
 34
0.0
 50
0.0
100
AcDbRotatedDimension
1001
FLOORFORGE
1000
floor:1
1000
preliminary
  0
DIMENSION
  5
6CC
330
17
100
AcDbEntity
  8
A-DIMS
100
AcDbDimension
280
0
  2
*D61
  3
FF-ARCH
 10
27300.0
 20
13900.0
 30
0.0
 11
28125.0
 21
14050.0
 31
0.0
 70
32
 71
5
  1
<>
100
AcDbAlignedDimension
 13
27300.0
 23
13350.0
 33
0.0
 14
28950.0
 24
13350.0
 34
0.0
 50
0.0
100
AcDbRotatedDimension
1001
FLOORFORGE
1000
floor:1
1000
preliminary
  0
DIMENSION
  5
6DB
330
17
100
AcDbEntity
  8
A-DIMS
100
AcDbDimension
280
0
  2
*D62
  3
FF-ARCH
 10
28950.0
 20
13900.0
 30
0.0
 11
30300.0
 21
14050.0
 31
0.0
 70
32
 71
5
  1
<>
100
AcDbAlignedDimension
 13
28950.0
 23
13350.0
 33
0.0
 14
31650.0
 24
13350.0
 34
0.0
 50
0.0
100
AcDbRotatedDimension
1001
FLOORFORGE
1000
floor:1
1000
preliminary
  0
DIMENSION
  5
6EA
330
17
100
AcDbEntity
  8
A-DIMS
100
AcDbDimension
280
0
  2
*D63
  3
FF-ARCH
 10
31650.0
 20
13900.0
 30
0.0
 11
32475.0
 21
14050.0
 31
0.0
 70
32
 71
5
  1
<>
100
AcDbAlignedDimension
 13
31650.0
 23
13350.0
 33
0.0
 14
33300.0
 24
13350.0
 34
0.0
 50
0.0
100
AcDbRotatedDimension
1001
FLOORFORGE
1000
floor:1
1000
preliminary
  0
DIMENSION
  5
6F9
330
17
100
AcDbEntity
  8
A-DIMS
100
AcDbDimension
280
0
  2
*D64
  3
FF-ARCH
 10
33300.0
 20
13900.0
 30
0.0
 11
33750.0
 21
14050.0
 31
0.0
 70
32
 71
5
  1
<>
100
AcDbAlignedDimension
 13
33300.0
 23
13350.0
 33
0.0
 14
34200.0
 24
13350.0
 34
0.0
 50
0.0
100
AcDbRotatedDimension
1001
FLOORFORGE
1000
floor:1
1000
preliminary
  0
DIMENSION
  5
708
330
17
100
AcDbEntity
  8
A-DIMS
100
AcDbDimension
280
0
  2
*D65
  3
FF-ARCH
 10
34200.0
 20
13900.0
 30
0.0
 11
34500.0
 21
14050.0
 31
0.0
 70
32
 71
5
  1
<>
100
AcDbAlignedDimension
 13
34200.0
 23
13350.0
 33
0.0
 14
34800.0
 24
13350.0
 34
0.0
 50
0.0
100
AcDbRotatedDimension
1001
FLOORFORGE
1000
floor:1
1000
preliminary
  0
DIMENSION
  5
717
330
17
100
AcDbEntity
  8
A-DIMS
100
AcDbDimension
280
0
  2
*D66
  3
FF-ARCH
 10
23400.0
 20
14350.0
 30
0.0
 11
24600.0
 21
14500.0
 31
0.0
 70
32
 71
5
  1
<>
100
AcDbAlignedDimension
 13
23400.0
 23
13350.0
 33
0.0
 14
25800.0
 24
13350.0
 34
0.0
 50
0.0
100
AcDbRotatedDimension
1001
FLOORFORGE
1000
floor:1
1000
preliminary
  0
DIMENSION
  5
726
330
17
100
AcDbEntity
  8
A-DIMS
100
AcDbDimension
280
0
  2
*D67
  3
FF-ARCH
 10
25800.0
 20
14350.0
 30
0.0
 11
26850.0
 21
14500.0
 31
0.0
 70
32
 71
5
  1
<>
100
AcDbAlignedDimension
 13
25800.0
 23
13350.0
 33
0.0
 14
27900.0
 24
13350.0
 34
0.0
 50
0.0
100
AcDbRotatedDimension
1001
FLOORFORGE
1000
floor:1
1000
preliminary
  0
DIMENSION
  5
735
330
17
100
AcDbEntity
  8
A-DIMS
100
AcDbDimension
280
0
  2
*D68
  3
FF-ARCH
 10
27900.0
 20
14350.0
 30
0.0
 11
30300.0
 21
14500.0
 31
0.0
 70
32
 71
5
  1
<>
100
AcDbAlignedDimension
 13
27900.0
 23
13350.0
 33
0.0
 14
32700.0
 24
13350.0
 34
0.0
 50
0.0
100
AcDbRotatedDimension
1001
FLOORFORGE
1000
floor:1
1000
preliminary
  0
DIMENSION
  5
744
330
17
100
AcDbEntity
  8
A-DIMS
100
AcDbDimension
280
0
  2
*D69
  3
FF-ARCH
 10
32700.0
 20
14350.0
 30
0.0
 11
33750.0
 21
14500.0
 31
0.0
 70
32
 71
5
  1
<>
100
AcDbAlignedDimension
 13
32700.0
 23
13350.0
 33
0.0
 14
34800.0
 24
13350.0
 34
0.0
 50
0.0
100
AcDbRotatedDimension
1001
FLOORFORGE
1000
floor:1
1000
preliminary
  0
DIMENSION
  5
753
330
17
100
AcDbEntity
  8
A-DIMS
100
AcDbDimension
280
0
  2
*D70
  3
FF-ARCH
 10
23400.0
 20
14800.0
 30
0.0
 11
29100.0
 21
14950.0
 31
0.0
 70
32
 71
5
  1
<>
100
AcDbAlignedDimension
 13
23400.0
 23
13350.0
 33
0.0
 14
34800.0
 24
13350.0
 34
0.0
 50
0.0
100
AcDbRotatedDimension
1001
FLOORFORGE
1000
floor:1
1000
preliminary
  0
DIMENSION
  5
762
330
17
100
AcDbEntity
  8
A-DIMS
100
AcDbDimension
280
0
  2
*D71
  3
FF-ARCH
 10
22850.0
 20
0.0
 30
0.0
 11
22700.0
 21
975.0
 31
0.0
 70
32
 71
5
  1
<>
100
AcDbAlignedDimension
 13
23400.0
 23
0.0
 33
0.0
 14
23400.0
 24
1950.0
 34
0.0
 50
90.0
100
AcDbRotatedDimension
1001
FLOORFORGE
1000
floor:1
1000
preliminary
  0
DIMENSION
  5
771
330
17
100
AcDbEntity
  8
A-DIMS
100
AcDbDimension
280
0
  2
*D72
  3
FF-ARCH
 10
22850.0
 20
1950.0
 30
0.0
 11
22700.0
 21
3000.0
 31
0.0
 70
32
 71
5
  1
<>
100
AcDbAlignedDimension
 13
23400.0
 23
1950.0
 33
0.0
 14
23400.0
 24
4050.0
 34
0.0
 50
90.0
100
AcDbRotatedDimension
1001
FLOORFORGE
1000
floor:1
1000
preliminary
  0
DIMENSION
  5
780
330
17
100
AcDbEntity
  8
A-DIMS
100
AcDbDimension
280
0
  2
*D73
  3
FF-ARCH
 10
22850.0
 20
4050.0
 30
0.0
 11
22700.0
 21
5125.0
 31
0.0
 70
32
 71
5
  1
<>
100
AcDbAlignedDimension
 13
23400.0
 23
4050.0
 33
0.0
 14
23400.0
 24
6200.0
 34
0.0
 50
90.0
100
AcDbRotatedDimension
1001
FLOORFORGE
1000
floor:1
1000
preliminary
  0
DIMENSION
  5
78F
330
17
100
AcDbEntity
  8
A-DIMS
100
AcDbDimension
280
0
  2
*D74
  3
FF-ARCH
 10
22850.0
 20
6200.0
 30
0.0
 11
22700.0
 21
7550.0
 31
0.0
 70
32
 71
5
  1
<>
100
AcDbAlignedDimension
 13
23400.0
 23
6200.0
 33
0.0
 14
23400.0
 24
8900.0
 34
0.0
 50
90.0
100
AcDbRotatedDimension
1001
FLOORFORGE
1000
floor:1
1000
preliminary
  0
DIMENSION
  5
79E
330
17
100
AcDbEntity
  8
A-DIMS
100
AcDbDimension
280
0
  2
*D75
  3
FF-ARCH
 10
22850.0
 20
8900.0
 30
0.0
 11
22700.0
 21
10112.5
 31
0.0
 70
32
 71
5
  1
<>
100
AcDbAlignedDimension
 13
23400.0
 23
8900.0
 33
0.0
 14
23400.0
 24
11325.0
 34
0.0
 50
90.0
100
AcDbRotatedDimension
1001
FLOORFORGE
1000
floor:1
1000
preliminary
  0
DIMENSION
  5
7AD
330
17
100
AcDbEntity
  8
A-DIMS
100
AcDbDimension
280
0
  2
*D76
  3
FF-ARCH
 10
22850.0
 20
11325.0
 30
0.0
 11
22700.0
 21
12000.0
 31
0.0
 70
32
 71
5
  1
<>
100
AcDbAlignedDimension
 13
23400.0
 23
11325.0
 33
0.0
 14
23400.0
 24
12675.0
 34
0.0
 50
90.0
100
AcDbRotatedDimension
1001
FLOORFORGE
1000
floor:1
1000
preliminary
  0
DIMENSION
  5
7BC
330
17
100
AcDbEntity
  8
A-DIMS
100
AcDbDimension
280
0
  2
*D77
  3
FF-ARCH
 10
22850.0
 20
12675.0
 30
0.0
 11
22700.0
 21
13012.5
 31
0.0
 70
32
 71
5
  1
<>
100
AcDbAlignedDimension
 13
23400.0
 23
12675.0
 33
0.0
 14
23400.0
 24
13350.0
 34
0.0
 50
90.0
100
AcDbRotatedDimension
1001
FLOORFORGE
1000
floor:1
1000
preliminary
  0
DIMENSION
  5
7CB
330
17
100
AcDbEntity
  8
A-DIMS
100
AcDbDimension
280
0
  2
*D78
  3
FF-ARCH
 10
22400.0
 20
0.0
 30
0.0
 11
22250.0
 21
775.0
 31
0.0
 70
32
 71
5
  1
<>
100
AcDbAlignedDimension
 13
23400.0
 23
0.0
 33
0.0
 14
23400.0
 24
1550.0
 34
0.0
 50
90.0
100
AcDbRotatedDimension
1001
FLOORFORGE
1000
floor:1
1000
preliminary
  0
DIMENSION
  5
7DA
330
17
100
AcDbEntity
  8
A-DIMS
100
AcDbDimension
280
0
  2
*D79
  3
FF-ARCH
 10
22400.0
 20
1550.0
 30
0.0
 11
22250.0
 21
3000.0
 31
0.0
 70
32
 71
5
  1
<>
100
AcDbAlignedDimension
 13
23400.0
 23
1550.0
 33
0.0
 14
23400.0
 24
4450.0
 34
0.0
 50
90.0
100
AcDbRotatedDimension
1001
FLOORFORGE
1000
floor:1
1000
preliminary
  0
DIMENSION
  5
7E9
330
17
100
AcDbEntity
  8
A-DIMS
100
AcDbDimension
280
0
  2
*D80
  3
FF-ARCH
 10
22400.0
 20
4450.0
 30
0.0
 11
22250.0
 21
7550.0
 31
0.0
 70
32
 71
5
  1
<>
100
AcDbAlignedDimension
 13
23400.0
 23
4450.0
 33
0.0
 14
23400.0
 24
10650.0
 34
0.0
 50
90.0
100
AcDbRotatedDimension
1001
FLOORFORGE
1000
floor:1
1000
preliminary
  0
DIMENSION
  5
7F8
330
17
100
AcDbEntity
  8
A-DIMS
100
AcDbDimension
280
0
  2
*D81
  3
FF-ARCH
 10
22400.0
 20
10650.0
 30
0.0
 11
22250.0
 21
12000.0
 31
0.0
 70
32
 71
5
  1
<>
100
AcDbAlignedDimension
 13
23400.0
 23
10650.0
 33
0.0
 14
23400.0
 24
13350.0
 34
0.0
 50
90.0
100
AcDbRotatedDimension
1001
FLOORFORGE
1000
floor:1
1000
preliminary
  0
DIMENSION
  5
807
330
17
100
AcDbEntity
  8
A-DIMS
100
AcDbDimension
280
0
  2
*D82
  3
FF-ARCH
 10
21950.0
 20
0.0
 30
0.0
 11
21800.0
 21
6675.0
 31
0.0
 70
32
 71
5
  1
<>
100
AcDbAlignedDimension
 13
23400.0
 23
0.0
 33
0.0
 14
23400.0
 24
13350.0
 34
0.0
 50
90.0
100
AcDbRotatedDimension
1001
FLOORFORGE
1000
floor:1
1000
preliminary
  0
DIMENSION
  5
816
330
17
100
AcDbEntity
  8
A-DIMS
100
AcDbDimension
280
0
  2
*D83
  3
FF-ARCH
 10
35350.0
 20
0.0
 30
0.0
 11
35200.0
 21
2612.5
 31
0.0
 70
32
 71
5
  1
<>
100
AcDbAlignedDimension
 13
34800.0
 23
0.0
 33
0.0
 14
34800.0
 24
5225.0
 34
0.0
 50
90.0
100
AcDbRotatedDimension
1001
FLOORFORGE
1000
floor:1
1000
preliminary
  0
DIMENSION
  5
825
330
17
100
AcDbEntity
  8
A-DIMS
100
AcDbDimension
280
0
  2
*D84
  3
FF-ARCH
 10
35350.0
 20
5225.0
 30
0.0
 11
35200.0
 21
6125.0
 31
0.0
 70
32
 71
5
  1
<>
100
AcDbAlignedDimension
 13
34800.0
 23
5225.0
 33
0.0
 14
34800.0
 24
7025.0
 34
0.0
 50
90.0
100
AcDbRotatedDimension
1001
FLOORFORGE
1000
floor:1
1000
preliminary
  0
DIMENSION
  5
834
330
17
100
AcDbEntity
  8
A-DIMS
100
AcDbDimension
280
0
  2
*D85
  3
FF-ARCH
 10
35350.0
 20
7025.0
 30
0.0
 11
35200.0
 21
7737.5
 31
0.0
 70
32
 71
5
  1
<>
100
AcDbAlignedDimension
 13
34800.0
 23
7025.0
 33
0.0
 14
34800.0
 24
8450.0
 34
0.0
 50
90.0
100
AcDbRotatedDimension
1001
FLOORFORGE
1000
floor:1
1000
preliminary
  0
DIMENSION
  5
843
330
17
100
AcDbEntity
  8
A-DIMS
100
AcDbDimension
280
0
  2
*D86
  3
FF-ARCH
 10
35350.0
 20
8450.0
 30
0.0
 11
35200.0
 21
9050.0
 31
0.0
 70
32
 71
5
  1
<>
100
AcDbAlignedDimension
 13
34800.0
 23
8450.0
 33
0.0
 14
34800.0
 24
9650.0
 34
0.0
 50
90.0
100
AcDbRotatedDimension
1001
FLOORFORGE
1000
floor:1
1000
preliminary
  0
DIMENSION
  5
852
330
17
100
AcDbEntity
  8
A-DIMS
100
AcDbDimension
280
0
  2
*D87
  3
FF-ARCH
 10
35350.0
 20
9650.0
 30
0.0
 11
35200.0
 21
10512.5
 31
0.0
 70
32
 71
5
  1
<>
100
AcDbAlignedDimension
 13
34800.0
 23
9650.0
 33
0.0
 14
34800.0
 24
11375.0
 34
0.0
 50
90.0
100
AcDbRotatedDimension
1001
FLOORFORGE
1000
floor:1
1000
preliminary
  0
DIMENSION
  5
861
330
17
100
AcDbEntity
  8
A-DIMS
100
AcDbDimension
280
0
  2
*D88
  3
FF-ARCH
 10
35350.0
 20
11375.0
 30
0.0
 11
35200.0
 21
11825.0
 31
0.0
 70
32
 71
5
  1
<>
100
AcDbAlignedDimension
 13
34800.0
 23
11375.0
 33
0.0
 14
34800.0
 24
12275.0
 34
0.0
 50
90.0
100
AcDbRotatedDimension
1001
FLOORFORGE
1000
floor:1
1000
preliminary
  0
DIMENSION
  5
870
330
17
100
AcDbEntity
  8
A-DIMS
100
AcDbDimension
280
0
  2
*D89
  3
FF-ARCH
 10
35350.0
 20
12275.0
 30
0.0
 11
35200.0
 21
12812.5
 31
0.0
 70
32
 71
5
  1
<>
100
AcDbAlignedDimension
 13
34800.0
 23
12275.0
 33
0.0
 14
34800.0
 24
13350.0
 34
0.0
 50
90.0
100
AcDbRotatedDimension
1001
FLOORFORGE
1000
floor:1
1000
preliminary
  0
DIMENSION
  5
87F
330
17
100
AcDbEntity
  8
A-DIMS
100
AcDbDimension
280
0
  2
*D90
  3
FF-ARCH
 10
35800.0
 20
0.0
 30
0.0
 11
35650.0
 21
2225.0
 31
0.0
 70
32
 71
5
  1
<>
100
AcDbAlignedDimension
 13
34800.0
 23
0.0
 33
0.0
 14
34800.0
 24
4450.0
 34
0.0
 50
90.0
100
AcDbRotatedDimension
1001
FLOORFORGE
1000
floor:1
1000
preliminary
  0
DIMENSION
  5
88E
330
17
100
AcDbEntity
  8
A-DIMS
100
AcDbDimension
280
0
  2
*D91
  3
FF-ARCH
 10
35800.0
 20
4450.0
 30
0.0
 11
35650.0
 21
6125.0
 31
0.0
 70
32
 71
5
  1
<>
100
AcDbAlignedDimension
 13
34800.0
 23
4450.0
 33
0.0
 14
34800.0
 24
7800.0
 34
0.0
 50
90.0
100
AcDbRotatedDimension
1001
FLOORFORGE
1000
floor:1
1000
preliminary
  0
DIMENSION
  5
89D
330
17
100
AcDbEntity
  8
A-DIMS
100
AcDbDimension
280
0
  2
*D92
  3
FF-ARCH
 10
35800.0
 20
7800.0
 30
0.0
 11
35650.0
 21
9050.0
 31
0.0
 70
32
 71
5
  1
<>
100
AcDbAlignedDimension
 13
34800.0
 23
7800.0
 33
0.0
 14
34800.0
 24
10300.0
 34
0.0
 50
90.0
100
AcDbRotatedDimension
1001
FLOORFORGE
1000
floor:1
1000
preliminary
  0
DIMENSION
  5
8AC
330
17
100
AcDbEntity
  8
A-DIMS
100
AcDbDimension
280
0
  2
*D93
  3
FF-ARCH
 10
35800.0
 20
10300.0
 30
0.0
 11
35650.0
 21
11825.0
 31
0.0
 70
32
 71
5
  1
<>
100
AcDbAlignedDimension
 13
34800.0
 23
10300.0
 33
0.0
 14
34800.0
 24
13350.0
 34
0.0
 50
90.0
100
AcDbRotatedDimension
1001
FLOORFORGE
1000
floor:1
1000
preliminary
  0
DIMENSION
  5
8BB
330
17
100
AcDbEntity
  8
A-DIMS
100
AcDbDimension
280
0
  2
*D94
  3
FF-ARCH
 10
36250.0
 20
0.0
 30
0.0
 11
36100.0
 21
6675.0
 31
0.0
 70
32
 71
5
  1
<>
100
AcDbAlignedDimension
 13
34800.0
 23
0.0
 33
0.0
 14
34800.0
 24
13350.0
 34
0.0
 50
90.0
100
AcDbRotatedDimension
1001
FLOORFORGE
1000
floor:1
1000
preliminary
  0
LINE
  5
8CA
330
17
100
AcDbEntity
  8
A-GRID
100
AcDbLine
 10
23515.0
 20
-2300.0
 30
0.0
 11
23515.0
 21
15150.0
 31
0.0
1001
FLOORFORGE
1000
floor:1
1000
preliminary
  0
CIRCLE
  5
8CB
330
17
100
AcDbEntity
  8
A-GRID
100
AcDbCircle
 10
23515.0
 20
15450.0
 30
0.0
 40
300.0
1001
FLOORFORGE
1000
floor:1
1000
preliminary
  0
TEXT
  5
8CC
330
17
100
AcDbEntity
  8
A-GRID
100
AcDbText
 10
23515.0
 20
15360.0
 30
0.0
 40
220.0
  1
A
 72
1
 11
23515.0
 21
15360.0
 31
0.0
100
AcDbText
 73
1
1001
FLOORFORGE
1000
floor:1
1000
preliminary
  0
LINE
  5
8CD
330
17
100
AcDbEntity
  8
A-GRID
100
AcDbLine
 10
27900.0
 20
-2300.0
 30
0.0
 11
27900.0
 21
15150.0
 31
0.0
1001
FLOORFORGE
1000
floor:1
1000
preliminary
  0
CIRCLE
  5
8CE
330
17
100
AcDbEntity
  8
A-GRID
100
AcDbCircle
 10
27900.0
 20
15450.0
 30
0.0
 40
300.0
1001
FLOORFORGE
1000
floor:1
1000
preliminary
  0
TEXT
  5
8CF
330
17
100
AcDbEntity
  8
A-GRID
100
AcDbText
 10
27900.0
 20
15360.0
 30
0.0
 40
220.0
  1
B
 72
1
 11
27900.0
 21
15360.0
 31
0.0
100
AcDbText
 73
1
1001
FLOORFORGE
1000
floor:1
1000
preliminary
  0
LINE
  5
8D0
330
17
100
AcDbEntity
  8
A-GRID
100
AcDbLine
 10
32700.0
 20
-2300.0
 30
0.0
 11
32700.0
 21
15150.0
 31
0.0
1001
FLOORFORGE
1000
floor:1
1000
preliminary
  0
CIRCLE
  5
8D1
330
17
100
AcDbEntity
  8
A-GRID
100
AcDbCircle
 10
32700.0
 20
15450.0
 30
0.0
 40
300.0
1001
FLOORFORGE
1000
floor:1
1000
preliminary
  0
TEXT
  5
8D2
330
17
100
AcDbEntity
  8
A-GRID
100
AcDbText
 10
32700.0
 20
15360.0
 30
0.0
 40
220.0
  1
C
 72
1
 11
32700.0
 21
15360.0
 31
0.0
100
AcDbText
 73
1
1001
FLOORFORGE
1000
floor:1
1000
preliminary
  0
LINE
  5
8D3
330
17
100
AcDbEntity
  8
A-GRID
100
AcDbLine
 10
34685.0
 20
-2300.0
 30
0.0
 11
34685.0
 21
15150.0
 31
0.0
1001
FLOORFORGE
1000
floor:1
1000
preliminary
  0
CIRCLE
  5
8D4
330
17
100
AcDbEntity
  8
A-GRID
100
AcDbCircle
 10
34685.0
 20
15450.0
 30
0.0
 40
300.0
1001
FLOORFORGE
1000
floor:1
1000
preliminary
  0
TEXT
  5
8D5
330
17
100
AcDbEntity
  8
A-GRID
100
AcDbText
 10
34685.0
 20
15360.0
 30
0.0
 40
220.0
  1
D
 72
1
 11
34685.0
 21
15360.0
 31
0.0
100
AcDbText
 73
1
1001
FLOORFORGE
1000
floor:1
1000
preliminary
  0
LINE
  5
8D6
330
17
100
AcDbEntity
  8
A-GRID
100
AcDbLine
 10
21600.0
 20
115.0
 30
0.0
 11
35000.0
 21
115.0
 31
0.0
1001
FLOORFORGE
1000
floor:1
1000
preliminary
  0
CIRCLE
  5
8D7
330
17
100
AcDbEntity
  8
A-GRID
100
AcDbCircle
 10
21300.0
 20
115.0
 30
0.0
 40
300.0
1001
FLOORFORGE
1000
floor:1
1000
preliminary
  0
TEXT
  5
8D8
330
17
100
AcDbEntity
  8
A-GRID
100
AcDbText
 10
21300.0
 20
25.0
 30
0.0
 40
220.0
  1
1
 72
1
 11
21300.0
 21
25.0
 31
0.0
100
AcDbText
 73
1
1001
FLOORFORGE
1000
floor:1
1000
preliminary
  0
LINE
  5
8D9
330
17
100
AcDbEntity
  8
A-GRID
100
AcDbLine
 10
21600.0
 20
1550.0
 30
0.0
 11
35000.0
 21
1550.0
 31
0.0
1001
FLOORFORGE
1000
floor:1
1000
preliminary
  0
CIRCLE
  5
8DA
330
17
100
AcDbEntity
  8
A-GRID
100
AcDbCircle
 10
21300.0
 20
1550.0
 30
0.0
 40
300.0
1001
FLOORFORGE
1000
floor:1
1000
preliminary
  0
TEXT
  5
8DB
330
17
100
AcDbEntity
  8
A-GRID
100
AcDbText
 10
21300.0
 20
1460.0
 30
0.0
 40
220.0
  1
2
 72
1
 11
21300.0
 21
1460.0
 31
0.0
100
AcDbText
 73
1
1001
FLOORFORGE
1000
floor:1
1000
preliminary
  0
LINE
  5
8DC
330
17
100
AcDbEntity
  8
A-GRID
100
AcDbLine
 10
21600.0
 20
4450.0
 30
0.0
 11
35000.0
 21
4450.0
 31
0.0
1001
FLOORFORGE
1000
floor:1
1000
preliminary
  0
CIRCLE
  5
8DD
330
17
100
AcDbEntity
  8
A-GRID
100
AcDbCircle
 10
21300.0
 20
4450.0
 30
0.0
 40
300.0
1001
FLOORFORGE
1000
floor:1
1000
preliminary
  0
TEXT
  5
8DE
330
17
100
AcDbEntity
  8
A-GRID
100
AcDbText
 10
21300.0
 20
4360.0
 30
0.0
 40
220.0
  1
3
 72
1
 11
21300.0
 21
4360.0
 31
0.0
100
AcDbText
 73
1
1001
FLOORFORGE
1000
floor:1
1000
preliminary
  0
LINE
  5
8DF
330
17
100
AcDbEntity
  8
A-GRID
100
AcDbLine
 10
21600.0
 20
7800.0
 30
0.0
 11
35000.0
 21
7800.0
 31
0.0
1001
FLOORFORGE
1000
floor:1
1000
preliminary
  0
CIRCLE
  5
8E0
330
17
100
AcDbEntity
  8
A-GRID
100
AcDbCircle
 10
21300.0
 20
7800.0
 30
0.0
 40
300.0
1001
FLOORFORGE
1000
floor:1
1000
preliminary
  0
TEXT
  5
8E1
330
17
100
AcDbEntity
  8
A-GRID
100
AcDbText
 10
21300.0
 20
7710.0
 30
0.0
 40
220.0
  1
4
 72
1
 11
21300.0
 21
7710.0
 31
0.0
100
AcDbText
 73
1
1001
FLOORFORGE
1000
floor:1
1000
preliminary
  0
LINE
  5
8E2
330
17
100
AcDbEntity
  8
A-GRID
100
AcDbLine
 10
21600.0
 20
13235.0
 30
0.0
 11
35000.0
 21
13235.0
 31
0.0
1001
FLOORFORGE
1000
floor:1
1000
preliminary
  0
CIRCLE
  5
8E3
330
17
100
AcDbEntity
  8
A-GRID
100
AcDbCircle
 10
21300.0
 20
13235.0
 30
0.0
 40
300.0
1001
FLOORFORGE
1000
floor:1
1000
preliminary
  0
TEXT
  5
8E4
330
17
100
AcDbEntity
  8
A-GRID
100
AcDbText
 10
21300.0
 20
13145.0
 30
0.0
 40
220.0
  1
5
 72
1
 11
21300.0
 21
13145.0
 31
0.0
100
AcDbText
 73
1
1001
FLOORFORGE
1000
floor:1
1000
preliminary
  0
LWPOLYLINE
  5
8E5
330
17
100
AcDbEntity
  8
A-LEVL
100
AcDbPolyline
 90
3
 70
1
 10
30790.0
 20
1795.1025390625
 10
31010.0
 20
1795.1025390625
 10
30900.0
 20
1605.1025390625
1001
FLOORFORGE
1000
floor:1
1000
preliminary
  0
HATCH
  5
8E6
330
17
100
AcDbEntity
  8
A-LEVL
 62
7
100
AcDbHatch
 10
0.0
 20
0.0
 30
0.0
210
0.0
220
0.0
230
1.0
  2
SOLID
 70
1
 71
0
 91
1
 92
3
 72
0
 73
1
 93
3
 10
30790.0
 20
1795.1025390625
 10
31010.0
 20
1795.1025390625
 10
30900.0
 20
1605.1025390625
 97
0
 75
0
 76
1
 98
0
  0
LINE
  5
8E7
330
17
100
AcDbEntity
  8
A-LEVL
100
AcDbLine
 10
30520.0
 20
1605.1025390625
 30
0.0
 11
31280.0
 21
1605.1025390625
 31
0.0
1001
FLOORFORGE
1000
floor:1
1000
preliminary
  0
TEXT
  5
8E8
330
17
100
AcDbEntity
  8
A-LEVL
100
AcDbText
 10
31070.0
 20
1665.1025390625
 30
0.0
 40
160.0
  1
FFL +3.600
 11
31070.0
 21
1665.1025390625
 31
0.0
100
AcDbText
1001
FLOORFORGE
1000
floor:1
1000
preliminary
  0
LINE
  5
8E9
330
17
100
AcDbEntity
  8
A-SECT
100
AcDbLine
 10
32850.0
 20
-2200.0
 30
0.0
 11
32850.0
 21
-3670.0
 31
0.0
1001
FLOORFORGE
1000
floor:1
1000
preliminary
  0
LINE
  5
8EA
330
17
100
AcDbEntity
  8
A-SECT
100
AcDbLine
 10
32850.0
 20
-3670.0
 30
0.0
 11
32850.0
 21
-3970.0
 31
0.0
1001
FLOORFORGE
1000
floor:1
1000
preliminary
  0
CIRCLE
  5
8EB
330
17
100
AcDbEntity
  8
A-SECT
100
AcDbCircle
 10
32850.0
 20
-4250.0
 30
0.0
 40
280.0
1001
FLOORFORGE
1000
floor:1
1000
preliminary
  0
TEXT
  5
8EC
330
17
100
AcDbEntity
  8
A-SECT
100
AcDbText
 10
32850.0
 20
-4335.0
 30
0.0
 40
220.0
  1
A
 72
1
 11
32850.0
 21
-4335.0
 31
0.0
100
AcDbText
 73
1
1001
FLOORFORGE
1000
floor:1
1000
preliminary
  0
LWPOLYLINE
  5
8ED
330
17
100
AcDbEntity
  8
A-SECT
100
AcDbPolyline
 90
3
 70
1
 10
32570.0
 20
-4370.0
 10
32230.0
 20
-4250.0
 10
32570.0
 20
-4130.0
1001
FLOORFORGE
1000
floor:1
1000
preliminary
  0
HATCH
  5
8EE
330
17
100
AcDbEntity
  8
A-SECT
 62
7
100
AcDbHatch
 10
0.0
 20
0.0
 30
0.0
210
0.0
220
0.0
230
1.0
  2
SOLID
 70
1
 71
0
 91
1
 92
3
 72
0
 73
1
 93
3
 10
32570.0
 20
-4370.0
 10
32230.0
 20
-4250.0
 10
32570.0
 20
-4130.0
 97
0
 75
0
 76
1
 98
0
  0
LINE
  5
8EF
330
17
100
AcDbEntity
  8
A-SECT
100
AcDbLine
 10
32850.0
 20
13450.0
 30
0.0
 11
32850.0
 21
15520.0
 31
0.0
1001
FLOORFORGE
1000
floor:1
1000
preliminary
  0
LINE
  5
8F0
330
17
100
AcDbEntity
  8
A-SECT
100
AcDbLine
 10
32850.0
 20
15520.0
 30
0.0
 11
32850.0
 21
15820.0
 31
0.0
1001
FLOORFORGE
1000
floor:1
1000
preliminary
  0
CIRCLE
  5
8F1
330
17
100
AcDbEntity
  8
A-SECT
100
AcDbCircle
 10
32850.0
 20
16100.0
 30
0.0
 40
280.0
1001
FLOORFORGE
1000
floor:1
1000
preliminary
  0
TEXT
  5
8F2
330
17
100
AcDbEntity
  8
A-SECT
100
AcDbText
 10
32850.0
 20
16015.0
 30
0.0
 40
220.0
  1
A
 72
1
 11
32850.0
 21
16015.0
 31
0.0
100
AcDbText
 73
1
1001
FLOORFORGE
1000
floor:1
1000
preliminary
  0
LWPOLYLINE
  5
8F3
330
17
100
AcDbEntity
  8
A-SECT
100
AcDbPolyline
 90
3
 70
1
 10
32570.0
 20
16220.0
 10
32230.0
 20
16100.0
 10
32570.0
 20
15980.0
1001
FLOORFORGE
1000
floor:1
1000
preliminary
  0
HATCH
  5
8F4
330
17
100
AcDbEntity
  8
A-SECT
 62
7
100
AcDbHatch
 10
0.0
 20
0.0
 30
0.0
210
0.0
220
0.0
230
1.0
  2
SOLID
 70
1
 71
0
 91
1
 92
3
 72
0
 73
1
 93
3
 10
32570.0
 20
16220.0
 10
32230.0
 20
16100.0
 10
32570.0
 20
15980.0
 97
0
 75
0
 76
1
 98
0
  0
CIRCLE
  5
8F5
330
17
100
AcDbEntity
  8
A-ANNO
100
AcDbCircle
 10
19800.0
 20
14750.0
 30
0.0
 40
550.0
1001
FLOORFORGE
1000
floor:1
1000
preliminary
  0
LWPOLYLINE
  5
8F6
330
17
100
AcDbEntity
  8
A-WALL
100
AcDbPolyline
 90
3
 70
1
 10
19800.0
 20
15256.0
 10
19646.0
 20
14447.5
 10
19800.0
 20
14640.0
1001
FLOORFORGE
1000
floor:1
1000
preliminary
  0
HATCH
  5
8F7
330
17
100
AcDbEntity
  8
A-WALL
 62
7
100
AcDbHatch
 10
0.0
 20
0.0
 30
0.0
210
0.0
220
0.0
230
1.0
  2
SOLID
 70
1
 71
0
 91
1
 92
3
 72
0
 73
1
 93
3
 10
19800.0
 20
15256.0
 10
19646.0
 20
14447.5
 10
19800.0
 20
14640.0
 97
0
 75
0
 76
1
 98
0
  0
LWPOLYLINE
  5
8F8
330
17
100
AcDbEntity
  8
A-WALL
100
AcDbPolyline
 90
3
 70
1
 10
19800.0
 20
15256.0
 10
19954.0
 20
14447.5
 10
19800.0
 20
14640.0
1001
FLOORFORGE
1000
floor:1
1000
preliminary
  0
TEXT
  5
8F9
330
17
100
AcDbEntity
  8
A-ANNO
100
AcDbText
 10
19800.0
 20
15470.0
 30
0.0
 40
260.0
  1
N
 72
1
 11
19800.0
 21
15470.0
 31
0.0
100
AcDbText
 73
1
1001
FLOORFORGE
1000
floor:1
1000
preliminary
  0
TEXT
  5
8FA
330
17
100
AcDbEntity
  8
A-ANNO
100
AcDbText
 10
23400.0
 20
-5200.0
 30
0.0
 40
190.0
  1
PRELIMINARY - ENGINEER TO REVIEW - NOT FOR CONSTRUCTION
 11
23400.0
 21
-5200.0
 31
0.0
100
AcDbText
  0
TEXT
  5
8FB
330
17
100
AcDbEntity
  8
A-ANNO
100
AcDbText
 10
23400.0
 20
18150.0
 30
0.0
 40
210.0
  1
FLOOR 1 / TRUE MILLIMETRES / NO STRUCTURAL CERTIFICATION
 11
23400.0
 21
18150.0
 31
0.0
100
AcDbText
  0
LWPOLYLINE
  5
903
330
17
100
AcDbEntity
  8
A-FLOR
100
AcDbPolyline
 90
4
 70
1
 10
57950.0
 20
250.0
 10
57950.0
 20
1300.0
 10
55750.0
 20
1300.0
 10
55750.0
 20
250.0
1001
FLOORFORGE
1000
floor:2
1000
preliminary
  0
LWPOLYLINE
  5
904
330
17
100
AcDbEntity
  8
A-FLOR
100
AcDbPolyline
 90
6
 70
1
 10
58200.0
 20
13350.0
 10
58200.0
 20
0.0
 10
52050.0
 20
0.0
 10
52050.0
 20
1550.0
 10
46800.0
 20
1550.0
 10
46800.0
 20
13350.0
1001
FLOORFORGE
1000
floor:2
1000
preliminary
  0
LWPOLYLINE
  5
905
330
17
100
AcDbEntity
  8
A-FLOR
100
AcDbPolyline
 90
7
 70
1
 10
58200.0
 20
13350.0
 10
58200.0
 20
0.0
 10
52050.0
 20
0.0
 10
52050.0
 20
1550.0
 10
46800.0
 20
1550.0
 10
46800.0
 20
13350.0
 10
58200.0
 20
13350.0
1001
FLOORFORGE
1000
floor:2
1000
preliminary
  0
LWPOLYLINE
  5
906
330
17
100
AcDbEntity
  8
A-FLOR
100
AcDbPolyline
 90
5
 70
1
 10
57950.0
 20
4350.0
 10
55750.0
 20
4350.0
 10
55750.0
 20
1300.0
 10
57950.0
 20
1300.0
 10
57950.0
 20
4350.0
1001
FLOORFORGE
1000
floor:2
1000
preliminary
  0
LWPOLYLINE
  5
907
330
17
100
AcDbEntity
  8
A-FLOR
100
AcDbPolyline
 90
7
 70
0
 10
46800.0
 20
13350.0
 10
58200.0
 20
13350.0
 10
58200.0
 20
0.0
 10
52050.0
 20
0.0
 10
52050.0
 20
1550.0
 10
46800.0
 20
1550.0
 10
46800.0
 20
13350.0
1001
FLOORFORGE
1000
floor:2
1000
preliminary
  0
LWPOLYLINE
  5
908
330
17
100
AcDbEntity
  8
A-WALL
100
AcDbPolyline
 90
5
 70
1
 10
58025.0
 20
250.0
 10
58025.0
 20
100.0
 10
55675.0
 20
100.0
 10
55675.0
 20
250.0
 10
58025.0
 20
250.0
1001
FLOORFORGE
1000
floor:2
1000
preliminary
  0
HATCH
  5
909
330
17
100
AcDbEntity
  8
A-WALL
 62
7
100
AcDbHatch
 10
0.0
 20
0.0
 30
0.0
210
0.0
220
0.0
230
1.0
  2
SOLID
 70
1
 71
0
 91
1
 92
3
 72
0
 73
1
 93
5
 10
58025.0
 20
250.0
 10
58025.0
 20
100.0
 10
55675.0
 20
100.0
 10
55675.0
 20
250.0
 10
58025.0
 20
250.0
 97
0
 75
0
 76
1
 98
0
  0
LWPOLYLINE
  5
90A
330
17
100
AcDbEntity
  8
A-WALL
100
AcDbPolyline
 90
5
 70
1
 10
57950.0
 20
4425.0
 10
58100.0
 20
4425.0
 10
58100.0
 20
175.0
 10
57950.0
 20
175.0
 10
57950.0
 20
4425.0
1001
FLOORFORGE
1000
floor:2
1000
preliminary
  0
HATCH
  5
90B
330
17
100
AcDbEntity
  8
A-WALL
 62
7
100
AcDbHatch
 10
0.0
 20
0.0
 30
0.0
210
0.0
220
0.0
230
1.0
  2
SOLID
 70
1
 71
0
 91
1
 92
3
 72
0
 73
1
 93
5
 10
57950.0
 20
4425.0
 10
58100.0
 20
4425.0
 10
58100.0
 20
175.0
 10
57950.0
 20
175.0
 10
57950.0
 20
4425.0
 97
0
 75
0
 76
1
 98
0
  0
LWPOLYLINE
  5
90C
330
17
100
AcDbEntity
  8
A-WALL
100
AcDbPolyline
 90
5
 70
1
 10
58025.0
 20
4500.0
 10
58025.0
 20
4350.0
 10
55675.0
 20
4350.0
 10
55675.0
 20
4500.0
 10
58025.0
 20
4500.0
1001
FLOORFORGE
1000
floor:2
1000
preliminary
  0
HATCH
  5
90D
330
17
100
AcDbEntity
  8
A-WALL
 62
7
100
AcDbHatch
 10
0.0
 20
0.0
 30
0.0
210
0.0
220
0.0
230
1.0
  2
SOLID
 70
1
 71
0
 91
1
 92
3
 72
0
 73
1
 93
5
 10
58025.0
 20
4500.0
 10
58025.0
 20
4350.0
 10
55675.0
 20
4350.0
 10
55675.0
 20
4500.0
 10
58025.0
 20
4500.0
 97
0
 75
0
 76
1
 98
0
  0
LWPOLYLINE
  5
90E
330
17
100
AcDbEntity
  8
A-WALL
100
AcDbPolyline
 90
5
 70
1
 10
55750.0
 20
4425.0
 10
55750.0
 20
1225.0
 10
55600.0
 20
1225.0
 10
55600.0
 20
4425.0
 10
55750.0
 20
4425.0
1001
FLOORFORGE
1000
floor:2
1000
preliminary
  0
HATCH
  5
90F
330
17
100
AcDbEntity
  8
A-WALL
 62
7
100
AcDbHatch
 10
0.0
 20
0.0
 30
0.0
210
0.0
220
0.0
230
1.0
  2
SOLID
 70
1
 71
0
 91
1
 92
3
 72
0
 73
1
 93
5
 10
55750.0
 20
4425.0
 10
55750.0
 20
1225.0
 10
55600.0
 20
1225.0
 10
55600.0
 20
4425.0
 10
55750.0
 20
4425.0
 97
0
 75
0
 76
1
 98
0
  0
LWPOLYLINE
  5
910
330
17
100
AcDbEntity
  8
A-WALL
100
AcDbPolyline
 90
5
 70
1
 10
55750.0
 20
175.0
 10
55600.0
 20
175.0
 10
55600.0
 20
325.0
 10
55750.0
 20
325.0
 10
55750.0
 20
175.0
1001
FLOORFORGE
1000
floor:2
1000
preliminary
  0
HATCH
  5
911
330
17
100
AcDbEntity
  8
A-WALL
 62
7
100
AcDbHatch
 10
0.0
 20
0.0
 30
0.0
210
0.0
220
0.0
230
1.0
  2
SOLID
 70
1
 71
0
 91
1
 92
3
 72
0
 73
1
 93
5
 10
55750.0
 20
175.0
 10
55600.0
 20
175.0
 10
55600.0
 20
325.0
 10
55750.0
 20
325.0
 10
55750.0
 20
175.0
 97
0
 75
0
 76
1
 98
0
  0
LINE
  5
912
330
17
100
AcDbEntity
  8
A-DOOR
100
AcDbLine
 10
55600.0
 20
1225.0
 30
0.0
 11
54700.0
 21
1225.0
 31
0.0
1001
FLOORFORGE
1000
floor:2
1000
preliminary
  0
LWPOLYLINE
  5
913
330
17
100
AcDbEntity
  8
A-DOOR
100
AcDbPolyline
 90
18
 70
0
 10
55600.0
 20
325.0
 10
55516.95847648303
 20
328.83924133446897
 10
55434.625433965084
 20
340.32421028448834
 10
55353.703308935124
 20
359.35692114446283
 10
55274.88250043156
 20
385.7749935360798
 10
55198.83547980111
 20
419.35303778044386
 10
55126.21105341038
 20
459.80457784334726
 10
55057.62882725867
 20
506.7844954477845
 10
54993.673920718094
 20
559.8919745014068
 10
54934.89197450141
 20
618.6739207180985
 10
54881.784495447784
 20
682.6288272586693
 10
54834.804577843344
 20
751.2110534103797
 10
54794.35303778044
 20
823.8354798011155
 10
54760.77499353608
 20
899.8825004315622
 10
54734.35692114446
 20
978.7033089351255
 10
54715.32421028449
 20
1059.6254339650868
 10
54703.83924133447
 20
1141.958476483028
 10
54700.0
 20
1225.0
1001
FLOORFORGE
1000
floor:2
1000
preliminary
  0
TEXT
  5
914
330
17
100
AcDbEntity
  8
A-TAGS
100
AcDbText
 10
56000.0
 20
715.0
 30
0.0
 40
150.0
  1
D4
 72
1
 11
56000.0
 21
715.0
 31
0.0
100
AcDbText
 73
1
1001
FLOORFORGE
1000
floor:2
1000
preliminary
  0
TEXT
  5
915
330
17
100
AcDbEntity
  8
A-ANNO
100
AcDbText
 10
56850.0
 20
834.5
 30
0.0
 40
170.0
  1
ROOF STAIR LANDING
 72
1
 11
56850.0
 21
834.5
 31
0.0
100
AcDbText
 73
1
1001
FLOORFORGE
1000
floor:2
1000
preliminary
  0
TEXT
  5
916
330
17
100
AcDbEntity
  8
A-ANNO
100
AcDbText
 10
51971.9970703125
 20
8257.7861328125
 30
0.0
 40
220.0
  1
ROOF TERRACE
 72
1
 11
51971.9970703125
 21
8257.7861328125
 31
0.0
100
AcDbText
 73
1
1001
FLOORFORGE
1000
floor:2
1000
preliminary
  0
TEXT
  5
917
330
17
100
AcDbEntity
  8
A-ANNO
100
AcDbText
 10
51971.9970703125
 20
7978.2861328125
 30
0.0
 40
150.0
  1
5.25 x 11.80*
 72
1
 11
51971.9970703125
 21
7978.2861328125
 31
0.0
100
AcDbText
 73
1
1001
FLOORFORGE
1000
floor:2
1000
preliminary
  0
TEXT
  5
918
330
17
100
AcDbEntity
  8
A-ANNO
100
AcDbText
 10
51971.9970703125
 20
7768.2861328125
 30
0.0
 40
150.0
  1
133.1 m2
 72
1
 11
51971.9970703125
 21
7768.2861328125
 31
0.0
100
AcDbText
 73
1
1001
FLOORFORGE
1000
floor:2
1000
preliminary
  0
DIMENSION
  5
919
330
17
100
AcDbEntity
  8
A-DIMS
100
AcDbDimension
280
0
  2
*D95
  3
FF-ARCH
 10
46800.0
 20
-550.0
 30
0.0
 11
52500.0
 21
-400.0
 31
0.0
 70
32
 71
5
  1
<>
100
AcDbAlignedDimension
 13
46800.0
 23
0.0
 33
0.0
 14
58200.0
 24
0.0
 34
0.0
 50
0.0
100
AcDbRotatedDimension
1001
FLOORFORGE
1000
floor:2
1000
preliminary
  0
DIMENSION
  5
928
330
17
100
AcDbEntity
  8
A-DIMS
100
AcDbDimension
280
0
  2
*D96
  3
FF-ARCH
 10
46800.0
 20
13900.0
 30
0.0
 11
52500.0
 21
14050.0
 31
0.0
 70
32
 71
5
  1
<>
100
AcDbAlignedDimension
 13
46800.0
 23
13350.0
 33
0.0
 14
58200.0
 24
13350.0
 34
0.0
 50
0.0
100
AcDbRotatedDimension
1001
FLOORFORGE
1000
floor:2
1000
preliminary
  0
DIMENSION
  5
937
330
17
100
AcDbEntity
  8
A-DIMS
100
AcDbDimension
280
0
  2
*D97
  3
FF-ARCH
 10
46250.0
 20
0.0
 30
0.0
 11
46100.0
 21
6675.0
 31
0.0
 70
32
 71
5
  1
<>
100
AcDbAlignedDimension
 13
46800.0
 23
0.0
 33
0.0
 14
46800.0
 24
13350.0
 34
0.0
 50
90.0
100
AcDbRotatedDimension
1001
FLOORFORGE
1000
floor:2
1000
preliminary
  0
DIMENSION
  5
946
330
17
100
AcDbEntity
  8
A-DIMS
100
AcDbDimension
280
0
  2
*D98
  3
FF-ARCH
 10
58750.0
 20
0.0
 30
0.0
 11
58600.0
 21
6675.0
 31
0.0
 70
32
 71
5
  1
<>
100
AcDbAlignedDimension
 13
58200.0
 23
0.0
 33
0.0
 14
58200.0
 24
13350.0
 34
0.0
 50
90.0
100
AcDbRotatedDimension
1001
FLOORFORGE
1000
floor:2
1000
preliminary
  0
LINE
  5
955
330
17
100
AcDbEntity
  8
A-GRID
100
AcDbLine
 10
45000.0
 20
175.0
 30
0.0
 11
58400.0
 21
175.0
 31
0.0
1001
FLOORFORGE
1000
floor:2
1000
preliminary
  0
CIRCLE
  5
956
330
17
100
AcDbEntity
  8
A-GRID
100
AcDbCircle
 10
44700.0
 20
175.0
 30
0.0
 40
300.0
1001
FLOORFORGE
1000
floor:2
1000
preliminary
  0
TEXT
  5
957
330
17
100
AcDbEntity
  8
A-GRID
100
AcDbText
 10
44700.0
 20
85.0
 30
0.0
 40
220.0
  1
1
 72
1
 11
44700.0
 21
85.0
 31
0.0
100
AcDbText
 73
1
1001
FLOORFORGE
1000
floor:2
1000
preliminary
  0
LWPOLYLINE
  5
958
330
17
100
AcDbEntity
  8
A-LEVL
100
AcDbPolyline
 90
3
 70
1
 10
56440.0
 20
890.0
 10
56660.0
 20
890.0
 10
56550.0
 20
700.0
1001
FLOORFORGE
1000
floor:2
1000
preliminary
  0
HATCH
  5
959
330
17
100
AcDbEntity
  8
A-LEVL
 62
7
100
AcDbHatch
 10
0.0
 20
0.0
 30
0.0
210
0.0
220
0.0
230
1.0
  2
SOLID
 70
1
 71
0
 91
1
 92
3
 72
0
 73
1
 93
3
 10
56440.0
 20
890.0
 10
56660.0
 20
890.0
 10
56550.0
 20
700.0
 97
0
 75
0
 76
1
 98
0
  0
LINE
  5
95A
330
17
100
AcDbEntity
  8
A-LEVL
100
AcDbLine
 10
56170.0
 20
700.0
 30
0.0
 11
56930.0
 21
700.0
 31
0.0
1001
FLOORFORGE
1000
floor:2
1000
preliminary
  0
TEXT
  5
95B
330
17
100
AcDbEntity
  8
A-LEVL
100
AcDbText
 10
56720.0
 20
760.0
 30
0.0
 40
160.0
  1
FFL +6.750
 11
56720.0
 21
760.0
 31
0.0
100
AcDbText
1001
FLOORFORGE
1000
floor:2
1000
preliminary
  0
LINE
  5
95C
330
17
100
AcDbEntity
  8
A-SECT
100
AcDbLine
 10
56250.0
 20
-100.0
 30
0.0
 11
56250.0
 21
-1570.0
 31
0.0
1001
FLOORFORGE
1000
floor:2
1000
preliminary
  0
LINE
  5
95D
330
17
100
AcDbEntity
  8
A-SECT
100
AcDbLine
 10
56250.0
 20
-1570.0
 30
0.0
 11
56250.0
 21
-1870.0
 31
0.0
1001
FLOORFORGE
1000
floor:2
1000
preliminary
  0
CIRCLE
  5
95E
330
17
100
AcDbEntity
  8
A-SECT
100
AcDbCircle
 10
56250.0
 20
-2150.0
 30
0.0
 40
280.0
1001
FLOORFORGE
1000
floor:2
1000
preliminary
  0
TEXT
  5
95F
330
17
100
AcDbEntity
  8
A-SECT
100
AcDbText
 10
56250.0
 20
-2235.0
 30
0.0
 40
220.0
  1
A
 72
1
 11
56250.0
 21
-2235.0
 31
0.0
100
AcDbText
 73
1
1001
FLOORFORGE
1000
floor:2
1000
preliminary
  0
LWPOLYLINE
  5
960
330
17
100
AcDbEntity
  8
A-SECT
100
AcDbPolyline
 90
3
 70
1
 10
55970.0
 20
-2270.0
 10
55630.0
 20
-2150.0
 10
55970.0
 20
-2030.0
1001
FLOORFORGE
1000
floor:2
1000
preliminary
  0
HATCH
  5
961
330
17
100
AcDbEntity
  8
A-SECT
 62
7
100
AcDbHatch
 10
0.0
 20
0.0
 30
0.0
210
0.0
220
0.0
230
1.0
  2
SOLID
 70
1
 71
0
 91
1
 92
3
 72
0
 73
1
 93
3
 10
55970.0
 20
-2270.0
 10
55630.0
 20
-2150.0
 10
55970.0
 20
-2030.0
 97
0
 75
0
 76
1
 98
0
  0
LINE
  5
962
330
17
100
AcDbEntity
  8
A-SECT
100
AcDbLine
 10
56250.0
 20
13450.0
 30
0.0
 11
56250.0
 21
14870.0
 31
0.0
1001
FLOORFORGE
1000
floor:2
1000
preliminary
  0
LINE
  5
963
330
17
100
AcDbEntity
  8
A-SECT
100
AcDbLine
 10
56250.0
 20
14870.0
 30
0.0
 11
56250.0
 21
15170.0
 31
0.0
1001
FLOORFORGE
1000
floor:2
1000
preliminary
  0
CIRCLE
  5
964
330
17
100
AcDbEntity
  8
A-SECT
100
AcDbCircle
 10
56250.0
 20
15450.0
 30
0.0
 40
280.0
1001
FLOORFORGE
1000
floor:2
1000
preliminary
  0
TEXT
  5
965
330
17
100
AcDbEntity
  8
A-SECT
100
AcDbText
 10
56250.0
 20
15365.0
 30
0.0
 40
220.0
  1
A
 72
1
 11
56250.0
 21
15365.0
 31
0.0
100
AcDbText
 73
1
1001
FLOORFORGE
1000
floor:2
1000
preliminary
  0
LWPOLYLINE
  5
966
330
17
100
AcDbEntity
  8
A-SECT
100
AcDbPolyline
 90
3
 70
1
 10
55970.0
 20
15570.0
 10
55630.0
 20
15450.0
 10
55970.0
 20
15330.0
1001
FLOORFORGE
1000
floor:2
1000
preliminary
  0
HATCH
  5
967
330
17
100
AcDbEntity
  8
A-SECT
 62
7
100
AcDbHatch
 10
0.0
 20
0.0
 30
0.0
210
0.0
220
0.0
230
1.0
  2
SOLID
 70
1
 71
0
 91
1
 92
3
 72
0
 73
1
 93
3
 10
55970.0
 20
15570.0
 10
55630.0
 20
15450.0
 10
55970.0
 20
15330.0
 97
0
 75
0
 76
1
 98
0
  0
CIRCLE
  5
968
330
17
100
AcDbEntity
  8
A-ANNO
100
AcDbCircle
 10
43200.0
 20
14750.0
 30
0.0
 40
550.0
1001
FLOORFORGE
1000
floor:2
1000
preliminary
  0
LWPOLYLINE
  5
969
330
17
100
AcDbEntity
  8
A-WALL
100
AcDbPolyline
 90
3
 70
1
 10
43200.0
 20
15256.0
 10
43046.0
 20
14447.5
 10
43200.0
 20
14640.0
1001
FLOORFORGE
1000
floor:2
1000
preliminary
  0
HATCH
  5
96A
330
17
100
AcDbEntity
  8
A-WALL
 62
7
100
AcDbHatch
 10
0.0
 20
0.0
 30
0.0
210
0.0
220
0.0
230
1.0
  2
SOLID
 70
1
 71
0
 91
1
 92
3
 72
0
 73
1
 93
3
 10
43200.0
 20
15256.0
 10
43046.0
 20
14447.5
 10
43200.0
 20
14640.0
 97
0
 75
0
 76
1
 98
0
  0
LWPOLYLINE
  5
96B
330
17
100
AcDbEntity
  8
A-WALL
100
AcDbPolyline
 90
3
 70
1
 10
43200.0
 20
15256.0
 10
43354.0
 20
14447.5
 10
43200.0
 20
14640.0
1001
FLOORFORGE
1000
floor:2
1000
preliminary
  0
TEXT
  5
96C
330
17
100
AcDbEntity
  8
A-ANNO
100
AcDbText
 10
43200.0
 20
15470.0
 30
0.0
 40
260.0
  1
N
 72
1
 11
43200.0
 21
15470.0
 31
0.0
100
AcDbText
 73
1
1001
FLOORFORGE
1000
floor:2
1000
preliminary
  0
TEXT
  5
96D
330
17
100
AcDbEntity
  8
A-ANNO
100
AcDbText
 10
46800.0
 20
-5200.0
 30
0.0
 40
190.0
  1
PRELIMINARY - ENGINEER TO REVIEW - NOT FOR CONSTRUCTION
 11
46800.0
 21
-5200.0
 31
0.0
100
AcDbText
  0
TEXT
  5
96E
330
17
100
AcDbEntity
  8
A-ANNO
100
AcDbText
 10
46800.0
 20
18150.0
 30
0.0
 40
210.0
  1
FLOOR 2 / TRUE MILLIMETRES / NO STRUCTURAL CERTIFICATION
 11
46800.0
 21
18150.0
 31
0.0
100
AcDbText
  0
ENDSEC
  0
SECTION
  2
OBJECTS
  0
DICTIONARY
  5
A
330
0
100
AcDbDictionary
281
1
  3
ACAD_COLOR
350
B
  3
ACAD_GROUP
350
C
  3
ACAD_LAYOUT
350
D
  3
ACAD_MATERIAL
350
E
  3
ACAD_MLEADERSTYLE
350
F
  3
ACAD_MLINESTYLE
350
10
  3
ACAD_PLOTSETTINGS
350
11
  3
ACAD_PLOTSTYLENAME
350
12
  3
ACAD_SCALELIST
350
14
  3
ACAD_TABLESTYLE
350
15
  3
ACAD_VISUALSTYLE
350
16
  3
EZDXF_META
350
2D
  0
DICTIONARY
  5
B
330
A
100
AcDbDictionary
281
1
  0
DICTIONARY
  5
C
330
A
100
AcDbDictionary
281
1
  0
DICTIONARY
  5
D
330
A
100
AcDbDictionary
281
1
  3
Model
350
1A
  3
Layout1
350
1E
  3
GROUND
350
518
  3
FLOOR-1
350
8FF
  3
FLOOR-2
350
972
  0
DICTIONARY
  5
E
330
A
100
AcDbDictionary
281
1
  3
ByBlock
350
1F
  3
ByLayer
350
20
  3
Global
350
21
  0
DICTIONARY
  5
F
330
A
100
AcDbDictionary
281
1
  3
Standard
350
2C
  0
DICTIONARY
  5
10
330
A
100
AcDbDictionary
281
1
  3
Standard
350
22
  0
DICTIONARY
  5
11
330
A
100
AcDbDictionary
281
1
  0
ACDBDICTIONARYWDFLT
  5
12
330
A
100
AcDbDictionary
281
1
  3
Normal
350
13
100
AcDbDictionaryWithDefault
340
13
  0
ACDBPLACEHOLDER
  5
13
330
12
  0
DICTIONARY
  5
14
330
A
100
AcDbDictionary
281
1
  0
DICTIONARY
  5
15
330
A
100
AcDbDictionary
281
1
  0
DICTIONARY
  5
16
330
A
100
AcDbDictionary
281
1
  3
2dWireframe
350
5A
  3
Basic
350
5B
  3
Brighten
350
5C
  3
ColorChange
350
5D
  3
Conceptual
350
5E
  3
Dim
350
5F
  3
EdgeColorOff
350
60
  3
Facepattern
350
61
  3
Flat
350
62
  3
FlatWithEdges
350
63
  3
Gouraud
350
64
  3
GouraudWithEdges
350
65
  3
Hidden
350
66
  3
JitterOff
350
67
  3
Linepattern
350
68
  3
Modeling
350
69
  3
OverhangOff
350
6A
  3
Realistic
350
6B
  3
Shaded
350
6C
  3
Shaded with edges
350
6D
  3
Shades of Gray
350
6E
  3
Sketchy
350
6F
  3
Thicken
350
70
  3
Wireframe
350
71
  3
X-Ray
350
72
  0
LAYOUT
  5
1A
330
D
100
AcDbPlotSettings
  1

  4
A3
  6

 40
7.5
 41
20.0
 42
7.5
 43
20.0
 44
420.0
 45
297.0
 46
0.0
 47
0.0
 48
0.0
 49
0.0
140
0.0
141
0.0
142
1.0
143
1.0
 70
1024
 72
1
 73
0
 74
5
  7

 75
16
 76
0
 77
2
 78
300
147
1.0
148
0.0
149
0.0
100
AcDbLayout
  1
Model
 70
1
 71
0
 10
0.0
 20
0.0
 11
420.0
 21
297.0
 12
0.0
 22
0.0
 32
0.0
 14
1e+20
 24
1e+20
 34
1e+20
 15
-1e+20
 25
-1e+20
 35
-1e+20
146
0.0
 13
0.0
 23
0.0
 33
0.0
 16
1.0
 26
0.0
 36
0.0
 17
0.0
 27
1.0
 37
0.0
 76
1
330
17
  0
LAYOUT
  5
1E
330
D
100
AcDbPlotSettings
  1

  4
A3
  6

 40
7.5
 41
20.0
 42
7.5
 43
20.0
 44
420.0
 45
297.0
 46
0.0
 47
0.0
 48
0.0
 49
0.0
140
0.0
141
0.0
142
1.0
143
1.0
 70
0
 72
1
 73
0
 74
5
  7

 75
16
 76
0
 77
2
 78
300
147
1.0
148
0.0
149
0.0
100
AcDbLayout
  1
Layout1
 70
1
 71
1
 10
0.0
 20
0.0
 11
420.0
 21
297.0
 12
0.0
 22
0.0
 32
0.0
 14
1e+20
 24
1e+20
 34
1e+20
 15
-1e+20
 25
-1e+20
 35
-1e+20
146
0.0
 13
0.0
 23
0.0
 33
0.0
 16
1.0
 26
0.0
 36
0.0
 17
0.0
 27
1.0
 37
0.0
 76
1
330
1B
  0
MATERIAL
  5
1F
102
{ACAD_REACTORS
330
E
102
}
330
E
100
AcDbMaterial
  1
ByBlock
  2

 70
0
 40
1.0
 71
1
 41
1.0
 91
-1023410177
 42
1.0
 72
1
  3

 73
1
 74
1
 75
1
 44
0.5
 73
0
 45
1.0
 46
1.0
 77
1
  4

 78
1
 79
1
170
1
 48
1.0
171
1
  6

172
1
173
1
174
1
140
1.0
141
1.0
175
1
  7

176
1
177
1
178
1
143
1.0
179
1
  8

270
1
271
1
272
1
145
1.0
146
1.0
273
1
  9

274
1
275
1
276
1
 42
1.0
 72
1
  3

 73
1
 74
1
 75
1
 94
63
  0
MATERIAL
  5
20
102
{ACAD_REACTORS
330
E
102
}
330
E
100
AcDbMaterial
  1
ByLayer
  2

 70
0
 40
1.0
 71
1
 41
1.0
 91
-1023410177
 42
1.0
 72
1
  3

 73
1
 74
1
 75
1
 44
0.5
 73
0
 45
1.0
 46
1.0
 77
1
  4

 78
1
 79
1
170
1
 48
1.0
171
1
  6

172
1
173
1
174
1
140
1.0
141
1.0
175
1
  7

176
1
177
1
178
1
143
1.0
179
1
  8

270
1
271
1
272
1
145
1.0
146
1.0
273
1
  9

274
1
275
1
276
1
 42
1.0
 72
1
  3

 73
1
 74
1
 75
1
 94
63
  0
MATERIAL
  5
21
102
{ACAD_REACTORS
330
E
102
}
330
E
100
AcDbMaterial
  1
Global
  2

 70
0
 40
1.0
 71
1
 41
1.0
 91
-1023410177
 42
1.0
 72
1
  3

 73
1
 74
1
 75
1
 44
0.5
 73
0
 45
1.0
 46
1.0
 77
1
  4

 78
1
 79
1
170
1
 48
1.0
171
1
  6

172
1
173
1
174
1
140
1.0
141
1.0
175
1
  7

176
1
177
1
178
1
143
1.0
179
1
  8

270
1
271
1
272
1
145
1.0
146
1.0
273
1
  9

274
1
275
1
276
1
 42
1.0
 72
1
  3

 73
1
 74
1
 75
1
 94
63
  0
MLINESTYLE
  5
22
102
{ACAD_REACTORS
330
10
102
}
330
10
100
AcDbMlineStyle
  2
Standard
 70
0
  3

 62
256
 51
90.0
 52
90.0
 71
2
 49
0.5
 62
256
  6
BYLAYER
 49
-0.5
 62
256
  6
BYLAYER
  0
MLEADERSTYLE
  5
2C
102
{ACAD_REACTORS
330
F
102
}
330
F
100
AcDbMLeaderStyle
179
2
170
2
171
1
172
0
 90
2
 40
0.0
 41
0.0
173
1
 91
-1056964608
 92
-2
290
1
 42
2.0
291
1
 43
8.0
  3
Standard
 44
4.0
300

342
29
174
1
175
1
176
0
178
1
 93
-1056964608
 45
4.0
292
0
297
0
 46
4.0
 94
-1056964608
 47
1.0
 49
1.0
140
1.0
294
1
141
0.0
177
0
142
1.0
295
0
296
0
143
3.75
271
0
272
9
273
9
  0
DICTIONARY
  5
2D
330
A
100
AcDbDictionary
280
1
281
1
  3
CREATED_BY_EZDXF
350
2E
  3
PLAN_HASH
350
8A
  3
WRITTEN_BY_EZDXF
350
978
  0
DICTIONARYVAR
  5
2E
330
2D
100
DictionaryVariables
280
0
  1
ezdxf 1.4.4 / FloorForge deterministic export
  0
VISUALSTYLE
  5
5A
102
{ACAD_REACTORS
330
16
102
}
330
16
100
AcDbVisualStyle
  2
2dWireframe
 70
4
177
3
291
0
 70
58
 90
2
176
1
 90
2
176
1
 90
0
176
1
 90
0
176
1
 40
0.6
176
1
 40
30.0
176
1
 62
7
420
16777215
176
1
 90
1
176
1
 90
4
176
1
 62
7
176
1
 62
257
176
1
 90
1
176
1
 90
1
176
1
 40
1.0
176
1
 90
8
176
1
 62
7
176
1
 40
1.0
176
1
 90
1
176
1
 90
6
176
1
 90
2
176
1
 62
7
176
1
 90
5
176
1
 90
0
176
1
 90
0
176
1
290
0
176
1
 90
1
176
1
 40
0.0
176
1
 90
0
176
1
290
1
176
1
290
1
176
1
290
0
176
1
290
0
176
1
290
0
176
1
290
0
176
1
290
0
176
1
290
0
176
1
290
0
176
1
 90
50
176
1
 40
0.0
176
1
 40
1.0
176
1
 90
0
176
1
 62
18
420
0
176
1
 90
50
176
1
 90
3
176
1
 62
5
420
255
176
1
290
0
176
1
 90
50
176
1
 90
50
176
1
 90
50
176
1
290
0
176
1
 90
50
176
1
 62
256
176
0
 40
1.0
176
0
 90
2
176
1
  1
strokes_ogs.tif
176
1
290
0
176
1
 40
1.0
176
1
 40
1.0
176
1
  0
VISUALSTYLE
  5
5B
102
{ACAD_REACTORS
330
16
102
}
330
16
100
AcDbVisualStyle
  2
Basic
 70
7
177
3
291
1
 70
58
 90
2
176
1
 90
2
176
1
 90
0
176
1
 90
1
176
1
 40
0.6
176
1
 40
30.0
176
1
 62
7
420
16777215
176
1
 90
1
176
1
 90
4
176
1
 62
7
176
1
 62
257
176
1
 90
1
176
1
 90
1
176
1
 40
1.0
176
1
 90
8
176
1
 62
7
176
1
 40
1.0
176
1
 90
1
176
1
 90
6
176
1
 90
2
176
1
 62
7
176
1
 90
5
176
1
 90
0
176
1
 90
0
176
1
290
0
176
1
 90
1
176
1
 40
0.0
176
1
 90
0
176
1
290
0
176
1
290
1
176
1
290
1
176
1
290
0
176
1
290
0
176
1
290
0
176
1
290
0
176
1
290
0
176
1
290
0
176
1
 90
50
176
1
 40
0.0
176
1
 40
1.0
176
1
 90
0
176
1
 62
18
420
0
176
1
 90
50
176
1
 90
3
176
1
 62
5
420
255
176
1
290
0
176
1
 90
50
176
1
 90
50
176
1
 90
50
176
1
290
0
176
1
 90
50
176
1
 62
256
176
0
 40
1.0
176
0
 90
2
176
1
  1
strokes_ogs.tif
176
1
290
0
176
1
 40
1.0
176
1
 40
1.0
176
1
  0
VISUALSTYLE
  5
5C
102
{ACAD_REACTORS
330
16
102
}
330
16
100
AcDbVisualStyle
  2
Brighten
 70
12
177
3
291
1
 70
58
 90
2
176
1
 90
2
176
1
 90
0
176
1
 90
2
176
1
 40
0.6
176
1
 40
30.0
176
1
 62
7
420
16777215
176
1
 90
1
176
1
 90
4
176
1
 62
7
176
1
 62
257
176
1
 90
1
176
1
 90
1
176
1
 40
1.0
176
1
 90
8
176
1
 62
7
176
1
 40
1.0
176
1
 90
1
176
1
 90
6
176
1
 90
2
176
1
 62
7
176
1
 90
5
176
1
 90
0
176
1
 90
0
176
1
290
0
176
1
 90
1
176
1
 40
0.0
176
1
 90
0
176
1
290
0
176
1
290
1
176
1
290
1
176
1
290
0
176
1
290
0
176
1
290
0
176
1
290
0
176
1
290
0
176
1
290
0
176
1
 90
50
176
1
 40
0.0
176
1
 40
1.0
176
1
 90
0
176
1
 62
18
420
0
176
1
 90
50
176
1
 90
3
176
1
 62
5
420
255
176
1
290
0
176
1
 90
50
176
1
 90
50
176
1
 90
50
176
1
290
0
176
1
 90
50
176
1
 62
256
176
0
 40
1.0
176
0
 90
2
176
1
  1
strokes_ogs.tif
176
1
290
0
176
1
 40
1.0
176
1
 40
1.0
176
1
  0
VISUALSTYLE
  5
5D
102
{ACAD_REACTORS
330
16
102
}
330
16
100
AcDbVisualStyle
  2
ColorChange
 70
16
177
3
291
1
 70
58
 90
2
176
1
 90
2
176
1
 90
0
176
1
 90
2
176
1
 40
0.6
176
1
 40
30.0
176
1
 62
7
420
16777215
176
1
 90
1
176
1
 90
4
176
1
 62
7
176
1
 62
257
176
1
 90
1
176
1
 90
1
176
1
 40
1.0
176
1
 90
8
176
1
 62
7
176
1
 40
1.0
176
1
 90
1
176
1
 90
6
176
1
 90
2
176
1
 62
7
176
1
 90
5
176
1
 90
0
176
1
 90
0
176
1
290
0
176
1
 90
1
176
1
 40
0.0
176
1
 90
0
176
1
290
0
176
1
290
1
176
1
290
1
176
1
290
0
176
1
290
0
176
1
290
0
176
1
290
0
176
1
290
0
176
1
290
0
176
1
 90
50
176
1
 40
0.0
176
1
 40
1.0
176
1
 90
0
176
1
 62
18
420
0
176
1
 90
50
176
1
 90
3
176
1
 62
5
420
255
176
1
290
0
176
1
 90
50
176
1
 90
50
176
1
 90
50
176
1
290
0
176
1
 90
50
176
1
 62
256
176
0
 40
1.0
176
0
 90
2
176
1
  1
strokes_ogs.tif
176
1
290
0
176
1
 40
1.0
176
1
 40
1.0
176
1
  0
VISUALSTYLE
  5
5E
102
{ACAD_REACTORS
330
16
102
}
330
16
100
AcDbVisualStyle
  2
Conceptual
 70
9
177
3
291
0
 70
58
 90
2
176
1
 90
2
176
1
 90
0
176
1
 90
3
176
1
 40
0.6
176
1
 40
30.0
176
1
 62
7
420
16777215
176
1
 90
1
176
1
 90
4
176
1
 62
7
176
1
 62
257
176
1
 90
1
176
1
 90
1
176
1
 40
1.0
176
1
 90
8
176
1
 62
7
176
1
 40
1.0
176
1
 90
1
176
1
 90
6
176
1
 90
2
176
1
 62
7
176
1
 90
5
176
1
 90
0
176
1
 90
0
176
1
290
0
176
1
 90
1
176
1
 40
0.0
176
1
 90
0
176
1
290
0
176
1
290
1
176
1
290
1
176
1
290
0
176
1
290
0
176
1
290
0
176
1
290
0
176
1
290
0
176
1
290
0
176
1
 90
50
176
1
 40
0.0
176
1
 40
1.0
176
1
 90
0
176
1
 62
18
420
0
176
1
 90
50
176
1
 90
3
176
1
 62
5
420
255
176
1
290
0
176
1
 90
50
176
1
 90
50
176
1
 90
50
176
1
290
0
176
1
 90
50
176
1
 62
256
176
0
 40
1.0
176
0
 90
2
176
1
  1
strokes_ogs.tif
176
1
290
0
176
1
 40
1.0
176
1
 40
1.0
176
1
  0
VISUALSTYLE
  5
5F
102
{ACAD_REACTORS
330
16
102
}
330
16
100
AcDbVisualStyle
  2
Dim
 70
11
177
3
291
1
 70
58
 90
2
176
1
 90
2
176
1
 90
0
176
1
 90
2
176
1
 40
0.6
176
1
 40
30.0
176
1
 62
7
420
16777215
176
1
 90
1
176
1
 90
4
176
1
 62
7
176
1
 62
257
176
1
 90
1
176
1
 90
1
176
1
 40
1.0
176
1
 90
8
176
1
 62
7
176
1
 40
1.0
176
1
 90
1
176
1
 90
6
176
1
 90
2
176
1
 62
7
176
1
 90
5
176
1
 90
0
176
1
 90
0
176
1
290
0
176
1
 90
1
176
1
 40
0.0
176
1
 90
0
176
1
290
0
176
1
290
1
176
1
290
1
176
1
290
0
176
1
290
0
176
1
290
0
176
1
290
0
176
1
290
0
176
1
290
0
176
1
 90
50
176
1
 40
0.0
176
1
 40
1.0
176
1
 90
0
176
1
 62
18
420
0
176
1
 90
50
176
1
 90
3
176
1
 62
5
420
255
176
1
290
0
176
1
 90
50
176
1
 90
50
176
1
 90
50
176
1
290
0
176
1
 90
50
176
1
 62
256
176
0
 40
1.0
176
0
 90
2
176
1
  1
strokes_ogs.tif
176
1
290
0
176
1
 40
1.0
176
1
 40
1.0
176
1
  0
VISUALSTYLE
  5
60
102
{ACAD_REACTORS
330
16
102
}
330
16
100
AcDbVisualStyle
  2
EdgeColorOff
 70
22
177
3
291
1
 70
58
 90
2
176
1
 90
2
176
1
 90
0
176
1
 90
2
176
1
 40
0.6
176
1
 40
30.0
176
1
 62
7
420
16777215
176
1
 90
1
176
1
 90
4
176
1
 62
7
176
1
 62
257
176
1
 90
1
176
1
 90
1
176
1
 40
1.0
176
1
 90
8
176
1
 62
7
176
1
 40
1.0
176
1
 90
1
176
1
 90
6
176
1
 90
2
176
1
 62
7
176
1
 90
5
176
1
 90
0
176
1
 90
0
176
1
290
0
176
1
 90
1
176
1
 40
0.0
176
1
 90
0
176
1
290
0
176
1
290
1
176
1
290
1
176
1
290
0
176
1
290
0
176
1
290
0
176
1
290
0
176
1
290
0
176
1
290
0
176
1
 90
50
176
1
 40
0.0
176
1
 40
1.0
176
1
 90
0
176
1
 62
18
420
0
176
1
 90
50
176
1
 90
3
176
1
 62
5
420
255
176
1
290
0
176
1
 90
50
176
1
 90
50
176
1
 90
50
176
1
290
0
176
1
 90
50
176
1
 62
256
176
0
 40
1.0
176
0
 90
2
176
1
  1
strokes_ogs.tif
176
1
290
0
176
1
 40
1.0
176
1
 40
1.0
176
1
  0
VISUALSTYLE
  5
61
102
{ACAD_REACTORS
330
16
102
}
330
16
100
AcDbVisualStyle
  2
Facepattern
 70
15
177
3
291
1
 70
58
 90
2
176
1
 90
2
176
1
 90
0
176
1
 90
2
176
1
 40
0.6
176
1
 40
30.0
176
1
 62
7
420
16777215
176
1
 90
1
176
1
 90
4
176
1
 62
7
176
1
 62
257
176
1
 90
1
176
1
 90
1
176
1
 40
1.0
176
1
 90
8
176
1
 62
7
176
1
 40
1.0
176
1
 90
1
176
1
 90
6
176
1
 90
2
176
1
 62
7
176
1
 90
5
176
1
 90
0
176
1
 90
0
176
1
290
0
176
1
 90
1
176
1
 40
0.0
176
1
 90
0
176
1
290
0
176
1
290
1
176
1
290
1
176
1
290
0
176
1
290
0
176
1
290
0
176
1
290
0
176
1
290
0
176
1
290
0
176
1
 90
50
176
1
 40
0.0
176
1
 40
1.0
176
1
 90
0
176
1
 62
18
420
0
176
1
 90
50
176
1
 90
3
176
1
 62
5
420
255
176
1
290
0
176
1
 90
50
176
1
 90
50
176
1
 90
50
176
1
290
0
176
1
 90
50
176
1
 62
256
176
0
 40
1.0
176
0
 90
2
176
1
  1
strokes_ogs.tif
176
1
290
0
176
1
 40
1.0
176
1
 40
1.0
176
1
  0
VISUALSTYLE
  5
62
102
{ACAD_REACTORS
330
16
102
}
330
16
100
AcDbVisualStyle
  2
Flat
 70
0
177
3
291
1
 70
58
 90
2
176
1
 90
2
176
1
 90
0
176
1
 90
2
176
1
 40
0.6
176
1
 40
30.0
176
1
 62
7
420
16777215
176
1
 90
1
176
1
 90
4
176
1
 62
7
176
1
 62
257
176
1
 90
1
176
1
 90
1
176
1
 40
1.0
176
1
 90
8
176
1
 62
7
176
1
 40
1.0
176
1
 90
1
176
1
 90
6
176
1
 90
2
176
1
 62
7
176
1
 90
5
176
1
 90
0
176
1
 90
0
176
1
290
0
176
1
 90
1
176
1
 40
0.0
176
1
 90
0
176
1
290
0
176
1
290
1
176
1
290
1
176
1
290
0
176
1
290
0
176
1
290
0
176
1
290
0
176
1
290
0
176
1
290
0
176
1
 90
50
176
1
 40
0.0
176
1
 40
1.0
176
1
 90
0
176
1
 62
18
420
0
176
1
 90
50
176
1
 90
3
176
1
 62
5
420
255
176
1
290
0
176
1
 90
50
176
1
 90
50
176
1
 90
50
176
1
290
0
176
1
 90
50
176
1
 62
256
176
0
 40
1.0
176
0
 90
2
176
1
  1
strokes_ogs.tif
176
1
290
0
176
1
 40
1.0
176
1
 40
1.0
176
1
  0
VISUALSTYLE
  5
63
102
{ACAD_REACTORS
330
16
102
}
330
16
100
AcDbVisualStyle
  2
FlatWithEdges
 70
1
177
3
291
1
 70
58
 90
2
176
1
 90
2
176
1
 90
0
176
1
 90
2
176
1
 40
0.6
176
1
 40
30.0
176
1
 62
7
420
16777215
176
1
 90
1
176
1
 90
4
176
1
 62
7
176
1
 62
257
176
1
 90
1
176
1
 90
1
176
1
 40
1.0
176
1
 90
8
176
1
 62
7
176
1
 40
1.0
176
1
 90
1
176
1
 90
6
176
1
 90
2
176
1
 62
7
176
1
 90
5
176
1
 90
0
176
1
 90
0
176
1
290
0
176
1
 90
1
176
1
 40
0.0
176
1
 90
0
176
1
290
0
176
1
290
1
176
1
290
1
176
1
290
0
176
1
290
0
176
1
290
0
176
1
290
0
176
1
290
0
176
1
290
0
176
1
 90
50
176
1
 40
0.0
176
1
 40
1.0
176
1
 90
0
176
1
 62
18
420
0
176
1
 90
50
176
1
 90
3
176
1
 62
5
420
255
176
1
290
0
176
1
 90
50
176
1
 90
50
176
1
 90
50
176
1
290
0
176
1
 90
50
176
1
 62
256
176
0
 40
1.0
176
0
 90
2
176
1
  1
strokes_ogs.tif
176
1
290
0
176
1
 40
1.0
176
1
 40
1.0
176
1
  0
VISUALSTYLE
  5
64
102
{ACAD_REACTORS
330
16
102
}
330
16
100
AcDbVisualStyle
  2
Gouraud
 70
2
177
3
291
1
 70
58
 90
2
176
1
 90
2
176
1
 90
0
176
1
 90
2
176
1
 40
0.6
176
1
 40
30.0
176
1
 62
7
420
16777215
176
1
 90
1
176
1
 90
4
176
1
 62
7
176
1
 62
257
176
1
 90
1
176
1
 90
1
176
1
 40
1.0
176
1
 90
8
176
1
 62
7
176
1
 40
1.0
176
1
 90
1
176
1
 90
6
176
1
 90
2
176
1
 62
7
176
1
 90
5
176
1
 90
0
176
1
 90
0
176
1
290
0
176
1
 90
1
176
1
 40
0.0
176
1
 90
0
176
1
290
0
176
1
290
1
176
1
290
1
176
1
290
0
176
1
290
0
176
1
290
0
176
1
290
0
176
1
290
0
176
1
290
0
176
1
 90
50
176
1
 40
0.0
176
1
 40
1.0
176
1
 90
0
176
1
 62
18
420
0
176
1
 90
50
176
1
 90
3
176
1
 62
5
420
255
176
1
290
0
176
1
 90
50
176
1
 90
50
176
1
 90
50
176
1
290
0
176
1
 90
50
176
1
 62
256
176
0
 40
1.0
176
0
 90
2
176
1
  1
strokes_ogs.tif
176
1
290
0
176
1
 40
1.0
176
1
 40
1.0
176
1
  0
VISUALSTYLE
  5
65
102
{ACAD_REACTORS
330
16
102
}
330
16
100
AcDbVisualStyle
  2
GouraudWithEdges
 70
3
177
3
291
1
 70
58
 90
2
176
1
 90
2
176
1
 90
0
176
1
 90
2
176
1
 40
0.6
176
1
 40
30.0
176
1
 62
7
420
16777215
176
1
 90
1
176
1
 90
4
176
1
 62
7
176
1
 62
257
176
1
 90
1
176
1
 90
1
176
1
 40
1.0
176
1
 90
8
176
1
 62
7
176
1
 40
1.0
176
1
 90
1
176
1
 90
6
176
1
 90
2
176
1
 62
7
176
1
 90
5
176
1
 90
0
176
1
 90
0
176
1
290
0
176
1
 90
1
176
1
 40
0.0
176
1
 90
0
176
1
290
0
176
1
290
1
176
1
290
1
176
1
290
0
176
1
290
0
176
1
290
0
176
1
290
0
176
1
290
0
176
1
290
0
176
1
 90
50
176
1
 40
0.0
176
1
 40
1.0
176
1
 90
0
176
1
 62
18
420
0
176
1
 90
50
176
1
 90
3
176
1
 62
5
420
255
176
1
290
0
176
1
 90
50
176
1
 90
50
176
1
 90
50
176
1
290
0
176
1
 90
50
176
1
 62
256
176
0
 40
1.0
176
0
 90
2
176
1
  1
strokes_ogs.tif
176
1
290
0
176
1
 40
1.0
176
1
 40
1.0
176
1
  0
VISUALSTYLE
  5
66
102
{ACAD_REACTORS
330
16
102
}
330
16
100
AcDbVisualStyle
  2
Hidden
 70
6
177
3
291
0
 70
58
 90
2
176
1
 90
2
176
1
 90
0
176
1
 90
1
176
1
 40
0.6
176
1
 40
30.0
176
1
 62
7
420
16777215
176
1
 90
1
176
1
 90
4
176
1
 62
7
176
1
 62
257
176
1
 90
1
176
1
 90
1
176
1
 40
1.0
176
1
 90
8
176
1
 62
7
176
1
 40
1.0
176
1
 90
1
176
1
 90
6
176
1
 90
2
176
1
 62
7
176
1
 90
5
176
1
 90
0
176
1
 90
0
176
1
290
0
176
1
 90
1
176
1
 40
0.0
176
1
 90
0
176
1
290
0
176
1
290
1
176
1
290
1
176
1
290
0
176
1
290
0
176
1
290
0
176
1
290
0
176
1
290
0
176
1
290
0
176
1
 90
50
176
1
 40
0.0
176
1
 40
1.0
176
1
 90
0
176
1
 62
18
420
0
176
1
 90
50
176
1
 90
3
176
1
 62
5
420
255
176
1
290
0
176
1
 90
50
176
1
 90
50
176
1
 90
50
176
1
290
0
176
1
 90
50
176
1
 62
256
176
0
 40
1.0
176
0
 90
2
176
1
  1
strokes_ogs.tif
176
1
290
0
176
1
 40
1.0
176
1
 40
1.0
176
1
  0
VISUALSTYLE
  5
67
102
{ACAD_REACTORS
330
16
102
}
330
16
100
AcDbVisualStyle
  2
JitterOff
 70
20
177
3
291
1
 70
58
 90
2
176
1
 90
2
176
1
 90
0
176
1
 90
2
176
1
 40
0.6
176
1
 40
30.0
176
1
 62
7
420
16777215
176
1
 90
1
176
1
 90
4
176
1
 62
7
176
1
 62
257
176
1
 90
1
176
1
 90
1
176
1
 40
1.0
176
1
 90
8
176
1
 62
7
176
1
 40
1.0
176
1
 90
1
176
1
 90
6
176
1
 90
2
176
1
 62
7
176
1
 90
5
176
1
 90
0
176
1
 90
0
176
1
290
0
176
1
 90
1
176
1
 40
0.0
176
1
 90
0
176
1
290
0
176
1
290
1
176
1
290
1
176
1
290
0
176
1
290
0
176
1
290
0
176
1
290
0
176
1
290
0
176
1
290
0
176
1
 90
50
176
1
 40
0.0
176
1
 40
1.0
176
1
 90
0
176
1
 62
18
420
0
176
1
 90
50
176
1
 90
3
176
1
 62
5
420
255
176
1
290
0
176
1
 90
50
176
1
 90
50
176
1
 90
50
176
1
290
0
176
1
 90
50
176
1
 62
256
176
0
 40
1.0
176
0
 90
2
176
1
  1
strokes_ogs.tif
176
1
290
0
176
1
 40
1.0
176
1
 40
1.0
176
1
  0
VISUALSTYLE
  5
68
102
{ACAD_REACTORS
330
16
102
}
330
16
100
AcDbVisualStyle
  2
Linepattern
 70
14
177
3
291
1
 70
58
 90
2
176
1
 90
2
176
1
 90
0
176
1
 90
2
176
1
 40
0.6
176
1
 40
30.0
176
1
 62
7
420
16777215
176
1
 90
1
176
1
 90
4
176
1
 62
7
176
1
 62
257
176
1
 90
1
176
1
 90
1
176
1
 40
1.0
176
1
 90
8
176
1
 62
7
176
1
 40
1.0
176
1
 90
1
176
1
 90
6
176
1
 90
2
176
1
 62
7
176
1
 90
5
176
1
 90
0
176
1
 90
0
176
1
290
0
176
1
 90
1
176
1
 40
0.0
176
1
 90
0
176
1
290
0
176
1
290
1
176
1
290
1
176
1
290
0
176
1
290
0
176
1
290
0
176
1
290
0
176
1
290
0
176
1
290
0
176
1
 90
50
176
1
 40
0.0
176
1
 40
1.0
176
1
 90
0
176
1
 62
18
420
0
176
1
 90
50
176
1
 90
3
176
1
 62
5
420
255
176
1
290
0
176
1
 90
50
176
1
 90
50
176
1
 90
50
176
1
290
0
176
1
 90
50
176
1
 62
256
176
0
 40
1.0
176
0
 90
2
176
1
  1
strokes_ogs.tif
176
1
290
0
176
1
 40
1.0
176
1
 40
1.0
176
1
  0
VISUALSTYLE
  5
69
102
{ACAD_REACTORS
330
16
102
}
330
16
100
AcDbVisualStyle
  2
Modeling
 70
10
177
3
291
0
 70
58
 90
2
176
1
 90
2
176
1
 90
0
176
1
 90
2
176
1
 40
0.6
176
1
 40
30.0
176
1
 62
7
420
16777215
176
1
 90
1
176
1
 90
4
176
1
 62
7
176
1
 62
257
176
1
 90
1
176
1
 90
1
176
1
 40
1.0
176
1
 90
8
176
1
 62
7
176
1
 40
1.0
176
1
 90
1
176
1
 90
6
176
1
 90
2
176
1
 62
7
176
1
 90
5
176
1
 90
0
176
1
 90
0
176
1
290
0
176
1
 90
1
176
1
 40
0.0
176
1
 90
0
176
1
290
0
176
1
290
1
176
1
290
1
176
1
290
0
176
1
290
0
176
1
290
0
176
1
290
0
176
1
290
0
176
1
290
0
176
1
 90
50
176
1
 40
0.0
176
1
 40
1.0
176
1
 90
0
176
1
 62
18
420
0
176
1
 90
50
176
1
 90
3
176
1
 62
5
420
255
176
1
290
0
176
1
 90
50
176
1
 90
50
176
1
 90
50
176
1
290
0
176
1
 90
50
176
1
 62
256
176
0
 40
1.0
176
0
 90
2
176
1
  1
strokes_ogs.tif
176
1
290
0
176
1
 40
1.0
176
1
 40
1.0
176
1
  0
VISUALSTYLE
  5
6A
102
{ACAD_REACTORS
330
16
102
}
330
16
100
AcDbVisualStyle
  2
OverhangOff
 70
21
177
3
291
1
 70
58
 90
2
176
1
 90
2
176
1
 90
0
176
1
 90
2
176
1
 40
0.6
176
1
 40
30.0
176
1
 62
7
420
16777215
176
1
 90
1
176
1
 90
4
176
1
 62
7
176
1
 62
257
176
1
 90
1
176
1
 90
1
176
1
 40
1.0
176
1
 90
8
176
1
 62
7
176
1
 40
1.0
176
1
 90
1
176
1
 90
6
176
1
 90
2
176
1
 62
7
176
1
 90
5
176
1
 90
0
176
1
 90
0
176
1
290
0
176
1
 90
1
176
1
 40
0.0
176
1
 90
0
176
1
290
0
176
1
290
1
176
1
290
1
176
1
290
0
176
1
290
0
176
1
290
0
176
1
290
0
176
1
290
0
176
1
290
0
176
1
 90
50
176
1
 40
0.0
176
1
 40
1.0
176
1
 90
0
176
1
 62
18
420
0
176
1
 90
50
176
1
 90
3
176
1
 62
5
420
255
176
1
290
0
176
1
 90
50
176
1
 90
50
176
1
 90
50
176
1
290
0
176
1
 90
50
176
1
 62
256
176
0
 40
1.0
176
0
 90
2
176
1
  1
strokes_ogs.tif
176
1
290
0
176
1
 40
1.0
176
1
 40
1.0
176
1
  0
VISUALSTYLE
  5
6B
102
{ACAD_REACTORS
330
16
102
}
330
16
100
AcDbVisualStyle
  2
Realistic
 70
8
177
3
291
0
 70
58
 90
2
176
1
 90
2
176
1
 90
0
176
1
 90
2
176
1
 40
0.6
176
1
 40
30.0
176
1
 62
7
420
16777215
176
1
 90
1
176
1
 90
4
176
1
 62
7
176
1
 62
257
176
1
 90
1
176
1
 90
1
176
1
 40
1.0
176
1
 90
8
176
1
 62
7
176
1
 40
1.0
176
1
 90
1
176
1
 90
6
176
1
 90
2
176
1
 62
7
176
1
 90
5
176
1
 90
0
176
1
 90
0
176
1
290
0
176
1
 90
1
176
1
 40
0.0
176
1
 90
0
176
1
290
0
176
1
290
1
176
1
290
1
176
1
290
0
176
1
290
0
176
1
290
0
176
1
290
0
176
1
290
0
176
1
290
0
176
1
 90
50
176
1
 40
0.0
176
1
 40
1.0
176
1
 90
0
176
1
 62
18
420
0
176
1
 90
50
176
1
 90
3
176
1
 62
5
420
255
176
1
290
0
176
1
 90
50
176
1
 90
50
176
1
 90
50
176
1
290
0
176
1
 90
50
176
1
 62
256
176
0
 40
1.0
176
0
 90
2
176
1
  1
strokes_ogs.tif
176
1
290
0
176
1
 40
1.0
176
1
 40
1.0
176
1
  0
VISUALSTYLE
  5
6C
102
{ACAD_REACTORS
330
16
102
}
330
16
100
AcDbVisualStyle
  2
Shaded
 70
27
177
3
291
0
 70
58
 90
2
176
1
 90
2
176
1
 90
0
176
1
 90
2
176
1
 40
0.6
176
1
 40
30.0
176
1
 62
7
420
16777215
176
1
 90
1
176
1
 90
4
176
1
 62
7
176
1
 62
257
176
1
 90
1
176
1
 90
1
176
1
 40
1.0
176
1
 90
8
176
1
 62
7
176
1
 40
1.0
176
1
 90
1
176
1
 90
6
176
1
 90
2
176
1
 62
7
176
1
 90
5
176
1
 90
0
176
1
 90
0
176
1
290
0
176
1
 90
1
176
1
 40
0.0
176
1
 90
0
176
1
290
0
176
1
290
1
176
1
290
1
176
1
290
0
176
1
290
0
176
1
290
0
176
1
290
0
176
1
290
0
176
1
290
0
176
1
 90
50
176
1
 40
0.0
176
1
 40
1.0
176
1
 90
0
176
1
 62
18
420
0
176
1
 90
50
176
1
 90
3
176
1
 62
5
420
255
176
1
290
0
176
1
 90
50
176
1
 90
50
176
1
 90
50
176
1
290
0
176
1
 90
50
176
1
 62
256
176
0
 40
1.0
176
0
 90
2
176
1
  1
strokes_ogs.tif
176
1
290
0
176
1
 40
1.0
176
1
 40
1.0
176
1
  0
VISUALSTYLE
  5
6D
102
{ACAD_REACTORS
330
16
102
}
330
16
100
AcDbVisualStyle
  2
Shaded with edges
 70
26
177
3
291
0
 70
58
 90
2
176
1
 90
2
176
1
 90
0
176
1
 90
2
176
1
 40
0.6
176
1
 40
30.0
176
1
 62
7
420
16777215
176
1
 90
1
176
1
 90
4
176
1
 62
7
176
1
 62
257
176
1
 90
1
176
1
 90
1
176
1
 40
1.0
176
1
 90
8
176
1
 62
7
176
1
 40
1.0
176
1
 90
1
176
1
 90
6
176
1
 90
2
176
1
 62
7
176
1
 90
5
176
1
 90
0
176
1
 90
0
176
1
290
0
176
1
 90
1
176
1
 40
0.0
176
1
 90
0
176
1
290
0
176
1
290
1
176
1
290
1
176
1
290
0
176
1
290
0
176
1
290
0
176
1
290
0
176
1
290
0
176
1
290
0
176
1
 90
50
176
1
 40
0.0
176
1
 40
1.0
176
1
 90
0
176
1
 62
18
420
0
176
1
 90
50
176
1
 90
3
176
1
 62
5
420
255
176
1
290
0
176
1
 90
50
176
1
 90
50
176
1
 90
50
176
1
290
0
176
1
 90
50
176
1
 62
256
176
0
 40
1.0
176
0
 90
2
176
1
  1
strokes_ogs.tif
176
1
290
0
176
1
 40
1.0
176
1
 40
1.0
176
1
  0
VISUALSTYLE
  5
6E
102
{ACAD_REACTORS
330
16
102
}
330
16
100
AcDbVisualStyle
  2
Shades of Gray
 70
23
177
3
291
0
 70
58
 90
2
176
1
 90
2
176
1
 90
0
176
1
 90
2
176
1
 40
0.6
176
1
 40
30.0
176
1
 62
7
420
16777215
176
1
 90
1
176
1
 90
4
176
1
 62
7
176
1
 62
257
176
1
 90
1
176
1
 90
1
176
1
 40
1.0
176
1
 90
8
176
1
 62
7
176
1
 40
1.0
176
1
 90
1
176
1
 90
6
176
1
 90
2
176
1
 62
7
176
1
 90
5
176
1
 90
0
176
1
 90
0
176
1
290
0
176
1
 90
1
176
1
 40
0.0
176
1
 90
0
176
1
290
0
176
1
290
1
176
1
290
1
176
1
290
0
176
1
290
0
176
1
290
0
176
1
290
0
176
1
290
0
176
1
290
0
176
1
 90
50
176
1
 40
0.0
176
1
 40
1.0
176
1
 90
0
176
1
 62
18
420
0
176
1
 90
50
176
1
 90
3
176
1
 62
5
420
255
176
1
290
0
176
1
 90
50
176
1
 90
50
176
1
 90
50
176
1
290
0
176
1
 90
50
176
1
 62
256
176
0
 40
1.0
176
0
 90
2
176
1
  1
strokes_ogs.tif
176
1
290
0
176
1
 40
1.0
176
1
 40
1.0
176
1
  0
VISUALSTYLE
  5
6F
102
{ACAD_REACTORS
330
16
102
}
330
16
100
AcDbVisualStyle
  2
Sketchy
 70
24
177
3
291
0
 70
58
 90
2
176
1
 90
2
176
1
 90
0
176
1
 90
1
176
1
 40
0.6
176
1
 40
30.0
176
1
 62
7
420
16777215
176
1
 90
1
176
1
 90
4
176
1
 62
7
176
1
 62
257
176
1
 90
1
176
1
 90
1
176
1
 40
1.0
176
1
 90
8
176
1
 62
7
176
1
 40
1.0
176
1
 90
1
176
1
 90
6
176
1
 90
2
176
1
 62
7
176
1
 90
5
176
1
 90
0
176
1
 90
0
176
1
290
0
176
1
 90
1
176
1
 40
0.0
176
1
 90
0
176
1
290
0
176
1
290
1
176
1
290
1
176
1
290
0
176
1
290
0
176
1
290
0
176
1
290
0
176
1
290
0
176
1
290
0
176
1
 90
50
176
1
 40
0.0
176
1
 40
1.0
176
1
 90
0
176
1
 62
18
420
0
176
1
 90
50
176
1
 90
3
176
1
 62
5
420
255
176
1
290
0
176
1
 90
50
176
1
 90
50
176
1
 90
50
176
1
290
0
176
1
 90
50
176
1
 62
256
176
0
 40
1.0
176
0
 90
2
176
1
  1
strokes_ogs.tif
176
1
290
0
176
1
 40
1.0
176
1
 40
1.0
176
1
  0
VISUALSTYLE
  5
70
102
{ACAD_REACTORS
330
16
102
}
330
16
100
AcDbVisualStyle
  2
Thicken
 70
13
177
3
291
1
 70
58
 90
2
176
1
 90
2
176
1
 90
0
176
1
 90
2
176
1
 40
0.6
176
1
 40
30.0
176
1
 62
7
420
16777215
176
1
 90
1
176
1
 90
4
176
1
 62
7
176
1
 62
257
176
1
 90
1
176
1
 90
1
176
1
 40
1.0
176
1
 90
8
176
1
 62
7
176
1
 40
1.0
176
1
 90
1
176
1
 90
6
176
1
 90
2
176
1
 62
7
176
1
 90
5
176
1
 90
0
176
1
 90
0
176
1
290
0
176
1
 90
1
176
1
 40
0.0
176
1
 90
0
176
1
290
0
176
1
290
1
176
1
290
1
176
1
290
0
176
1
290
0
176
1
290
0
176
1
290
0
176
1
290
0
176
1
290
0
176
1
 90
50
176
1
 40
0.0
176
1
 40
1.0
176
1
 90
0
176
1
 62
18
420
0
176
1
 90
50
176
1
 90
3
176
1
 62
5
420
255
176
1
290
0
176
1
 90
50
176
1
 90
50
176
1
 90
50
176
1
290
0
176
1
 90
50
176
1
 62
256
176
0
 40
1.0
176
0
 90
2
176
1
  1
strokes_ogs.tif
176
1
290
0
176
1
 40
1.0
176
1
 40
1.0
176
1
  0
VISUALSTYLE
  5
71
102
{ACAD_REACTORS
330
16
102
}
330
16
100
AcDbVisualStyle
  2
Wireframe
 70
5
177
3
291
0
 70
58
 90
2
176
1
 90
2
176
1
 90
0
176
1
 90
0
176
1
 40
0.6
176
1
 40
30.0
176
1
 62
7
420
16777215
176
1
 90
1
176
1
 90
4
176
1
 62
7
176
1
 62
257
176
1
 90
1
176
1
 90
1
176
1
 40
1.0
176
1
 90
8
176
1
 62
7
176
1
 40
1.0
176
1
 90
1
176
1
 90
6
176
1
 90
2
176
1
 62
7
176
1
 90
5
176
1
 90
0
176
1
 90
0
176
1
290
0
176
1
 90
1
176
1
 40
0.0
176
1
 90
0
176
1
290
0
176
1
290
1
176
1
290
1
176
1
290
0
176
1
290
0
176
1
290
0
176
1
290
0
176
1
290
0
176
1
290
0
176
1
 90
50
176
1
 40
0.0
176
1
 40
1.0
176
1
 90
0
176
1
 62
18
420
0
176
1
 90
50
176
1
 90
3
176
1
 62
5
420
255
176
1
290
0
176
1
 90
50
176
1
 90
50
176
1
 90
50
176
1
290
0
176
1
 90
50
176
1
 62
256
176
0
 40
1.0
176
0
 90
2
176
1
  1
strokes_ogs.tif
176
1
290
0
176
1
 40
1.0
176
1
 40
1.0
176
1
  0
VISUALSTYLE
  5
72
102
{ACAD_REACTORS
330
16
102
}
330
16
100
AcDbVisualStyle
  2
X-Ray
 70
25
177
3
291
0
 70
58
 90
2
176
1
 90
2
176
1
 90
0
176
1
 90
2
176
1
 40
0.5
176
1
 40
30.0
176
1
 62
7
420
16777215
176
1
 90
1
176
1
 90
4
176
1
 62
7
176
1
 62
257
176
1
 90
1
176
1
 90
1
176
1
 40
1.0
176
1
 90
8
176
1
 62
7
176
1
 40
1.0
176
1
 90
1
176
1
 90
6
176
1
 90
2
176
1
 62
7
176
1
 90
5
176
1
 90
0
176
1
 90
0
176
1
290
0
176
1
 90
1
176
1
 40
0.0
176
1
 90
0
176
1
290
0
176
1
290
1
176
1
290
1
176
1
290
0
176
1
290
0
176
1
290
0
176
1
290
0
176
1
290
0
176
1
290
0
176
1
 90
50
176
1
 40
0.0
176
1
 40
1.0
176
1
 90
0
176
1
 62
18
420
0
176
1
 90
50
176
1
 90
3
176
1
 62
5
420
255
176
1
290
0
176
1
 90
50
176
1
 90
50
176
1
 90
50
176
1
290
0
176
1
 90
50
176
1
 62
256
176
0
 40
1.0
176
0
 90
2
176
1
  1
strokes_ogs.tif
176
1
290
0
176
1
 40
1.0
176
1
 40
1.0
176
1
  0
DICTIONARYVAR
  5
8A
330
2D
100
DictionaryVariables
280
0
  1
141de6e64d9e6666ac8f838a1c39974da34e8d11fe760c8caf5a5022033eac46
  0
LAYOUT
  5
518
330
D
100
AcDbPlotSettings
  1

  2
DWG to PDF.pc3
  4
ezdxf_(420.00_x_297.00_MM)
  6

 40
10.0
 41
10.0
 42
10.0
 43
10.0
 44
420.0
 45
297.0
 46
0.0
 47
0.0
 48
0.0
 49
0.0
140
0.0
141
0.0
142
1.0
143
1.0
 70
672
 72
1
 73
0
 74
5
  7

 75
16
 76
0
 77
2
 78
300
147
1.0
148
0.0
149
0.0
100
AcDbLayout
  1
GROUND
 70
1
 71
3
 10
-10.0
 20
-10.0
 11
410.0
 21
287.0
 12
0.0
 22
0.0
 32
0.0
 14
1e+20
 24
1e+20
 34
1e+20
 15
-1e+20
 25
-1e+20
 35
-1e+20
146
0.0
 13
0.0
 23
0.0
 33
0.0
 16
1.0
 26
0.0
 36
0.0
 17
0.0
 27
1.0
 37
0.0
 76
1
330
515
331
519
  0
LAYOUT
  5
8FF
330
D
100
AcDbPlotSettings
  1

  2
DWG to PDF.pc3
  4
ezdxf_(420.00_x_297.00_MM)
  6

 40
10.0
 41
10.0
 42
10.0
 43
10.0
 44
420.0
 45
297.0
 46
0.0
 47
0.0
 48
0.0
 49
0.0
140
0.0
141
0.0
142
1.0
143
1.0
 70
672
 72
1
 73
0
 74
5
  7

 75
16
 76
0
 77
2
 78
300
147
1.0
148
0.0
149
0.0
100
AcDbLayout
  1
FLOOR-1
 70
1
 71
4
 10
-10.0
 20
-10.0
 11
410.0
 21
287.0
 12
0.0
 22
0.0
 32
0.0
 14
1e+20
 24
1e+20
 34
1e+20
 15
-1e+20
 25
-1e+20
 35
-1e+20
146
0.0
 13
0.0
 23
0.0
 33
0.0
 16
1.0
 26
0.0
 36
0.0
 17
0.0
 27
1.0
 37
0.0
 76
1
330
8FC
331
900
  0
LAYOUT
  5
972
330
D
100
AcDbPlotSettings
  1

  2
DWG to PDF.pc3
  4
ezdxf_(420.00_x_297.00_MM)
  6

 40
10.0
 41
10.0
 42
10.0
 43
10.0
 44
420.0
 45
297.0
 46
0.0
 47
0.0
 48
0.0
 49
0.0
140
0.0
141
0.0
142
1.0
143
1.0
 70
672
 72
1
 73
0
 74
5
  7

 75
16
 76
0
 77
2
 78
300
147
1.0
148
0.0
149
0.0
100
AcDbLayout
  1
FLOOR-2
 70
1
 71
5
 10
-10.0
 20
-10.0
 11
410.0
 21
287.0
 12
0.0
 22
0.0
 32
0.0
 14
1e+20
 24
1e+20
 34
1e+20
 15
-1e+20
 25
-1e+20
 35
-1e+20
146
0.0
 13
0.0
 23
0.0
 33
0.0
 16
1.0
 26
0.0
 36
0.0
 17
0.0
 27
1.0
 37
0.0
 76
1
330
96F
331
973
  0
DICTIONARYVAR
  5
978
330
2D
100
DictionaryVariables
280
0
  1
0.0 @ 2000-01-01T00:00:00.000000+00:00
  0
ENDSEC
  0
EOF
