  0
SECTION
  2
HEADER
  9
$ACADVER
  1
AC1032
  9
$ACADMAINTVER
 90
4
  9
$DWGCODEPAGE
  3
ANSI_1252
  9
$LASTSAVEDBY
  1
ezdxf
  9
$REQUIREDVERSIONS
160
0
  9
$INSBASE
 10
0.0
 20
0.0
 30
0.0
  9
$EXTMIN
 10
1e+20
 20
1e+20
 30
1e+20
  9
$EXTMAX
 10
-1e+20
 20
-1e+20
 30
-1e+20
  9
$LIMMIN
 10
0.0
 20
0.0
  9
$LIMMAX
 10
420.0
 20
297.0
  9
$ORTHOMODE
 70
0
  9
$REGENMODE
 70
1
  9
$FILLMODE
 70
1
  9
$QTEXTMODE
 70
0
  9
$MIRRTEXT
 70
1
  9
$LTSCALE
 40
1.0
  9
$ATTMODE
 70
1
  9
$TEXTSIZE
 40
2.5
  9
$TRACEWID
 40
1.0
  9
$TEXTSTYLE
  7
OpenSans
  9
$CLAYER
  8
0
  9
$CELTYPE
  6
ByLayer
  9
$CECOLOR
 62
256
  9
$CELTSCALE
 40
1.0
  9
$DISPSILH
 70
0
  9
$DIMSCALE
 40
1.0
  9
$DIMASZ
 40
0.175
  9
$DIMEXO
 40
0.125
  9
$DIMDLI
 40
3.75
  9
$DIMRND
 40
0.0
  9
$DIMDLE
 40
0.0
  9
$DIMEXE
 40
0.375
  9
$DIMTP
 40
0.0
  9
$DIMTM
 40
0.0
  9
$DIMTXT
 40
0.25
  9
$DIMCEN
 40
2.5
  9
$DIMTSZ
 40
0.0
  9
$DIMTOL
 70
0
  9
$DIMLIM
 70
0
  9
$DIMTIH
 70
0
  9
$DIMTOH
 70
0
  9
$DIMSE1
 70
0
  9
$DIMSE2
 70
0
  9
$DIMTAD
 70
1
  9
$DIMZIN
 70
12
  9
$DIMBLK
  1
ARCHTICK
  9
$DIMASO
 70
1
  9
$DIMSHO
 70
1
  9
$DIMPOST
  1

  9
$DIMAPOST
  1

  9
$DIMALT
 70
0
  9
$DIMALTD
 70
3
  9
$DIMALTF
 40
0.03937007874
  9
$DIMLFAC
 40
100.0
  9
$DIMTOFL
 70
1
  9
$DIMTVP
 40
0.0
  9
$DIMTIX
 70
0
  9
$DIMSOXD
 70
0
  9
$DIMSAH
 70
0
  9
$DIMBLK1
  1

  9
$DIMBLK2
  1

  9
$DIMSTYLE
  2
EZDXF
  9
$DIMCLRD
 70
0
  9
$DIMCLRE
 70
0
  9
$DIMCLRT
 70
0
  9
$DIMTFAC
 40
0.5
  9
$DIMGAP
 40
0.1
  9
$DIMJUST
 70
0
  9
$DIMSD1
 70
0
  9
$DIMSD2
 70
0
  9
$DIMTOLJ
 70
0
  9
$DIMTZIN
 70
8
  9
$DIMALTZ
 70
0
  9
$DIMALTTZ
 70
0
  9
$DIMUPT
 70
1
  9
$DIMDEC
 70
2
  9
$DIMTDEC
 70
2
  9
$DIMALTU
 70
2
  9
$DIMALTTD
 70
3
  9
$DIMTXSTY
  7
OpenSansCondensed-Light
  9
$DIMAUNIT
 70
0
  9
$DIMADEC
 70
2
  9
$DIMALTRND
 40
0.0
  9
$DIMAZIN
 70
3
  9
$DIMDSEP
 70
46
  9
$DIMATFIT
 70
3
  9
$DIMFRAC
 70
0
  9
$DIMLDRBLK
  1

  9
$DIMLUNIT
 70
2
  9
$DIMLWD
 70
-2
  9
$DIMLWE
 70
-2
  9
$DIMTMOVE
 70
2
  9
$DIMFXL
 40
1.0
  9
$DIMFXLON
 70
0
  9
$DIMJOGANG
 40
0.785398163397
  9
$DIMTFILL
 70
0
  9
$DIMTFILLCLR
 70
0
  9
$DIMARCSYM
 70
0
  9
$DIMLTYPE
  6

  9
$DIMLTEX1
  6

  9
$DIMLTEX2
  6

  9
$DIMTXTDIRECTION
 70
0
  9
$LUNITS
 70
2
  9
$LUPREC
 70
4
  9
$SKETCHINC
 40
1.0
  9
$FILLETRAD
 40
10.0
  9
$AUNITS
 70
0
  9
$AUPREC
 70
2
  9
$MENU
  1
.
  9
$ELEVATION
 40
0.0
  9
$PELEVATION
 40
0.0
  9
$THICKNESS
 40
0.0
  9
$LIMCHECK
 70
0
  9
$CHAMFERA
 40
0.0
  9
$CHAMFERB
 40
0.0
  9
$CHAMFERC
 40
0.0
  9
$CHAMFERD
 40
0.0
  9
$SKPOLY
 70
0
  9
$TDCREATE
 40
2451545.0
  9
$TDUCREATE
 40
2451545.0
  9
$TDUPDATE
 40
2451545.0
  9
$TDUUPDATE
 40
2451545.0
  9
$TDINDWG
 40
0.0
  9
$TDUSRTIMER
 40
0.0
  9
$USRTIMER
 70
1
  9
$ANGBASE
 50
0.0
  9
$ANGDIR
 70
0
  9
$PDMODE
 70
0
  9
$PDSIZE
 40
0.0
  9
$PLINEWID
 40
0.0
  9
$SPLFRAME
 70
0
  9
$SPLINETYPE
 70
6
  9
$SPLINESEGS
 70
8
  9
$HANDSEED
  5
8D2
  9
$SURFTAB1
 70
6
  9
$SURFTAB2
 70
6
  9
$SURFTYPE
 70
6
  9
$SURFU
 70
6
  9
$SURFV
 70
6
  9
$UCSBASE
  2

  9
$UCSNAME
  2

  9
$UCSORG
 10
0.0
 20
0.0
 30
0.0
  9
$UCSXDIR
 10
1.0
 20
0.0
 30
0.0
  9
$UCSYDIR
 10
0.0
 20
1.0
 30
0.0
  9
$UCSORTHOREF
  2

  9
$UCSORTHOVIEW
 70
0
  9
$UCSORGTOP
 10
0.0
 20
0.0
 30
0.0
  9
$UCSORGBOTTOM
 10
0.0
 20
0.0
 30
0.0
  9
$UCSORGLEFT
 10
0.0
 20
0.0
 30
0.0
  9
$UCSORGRIGHT
 10
0.0
 20
0.0
 30
0.0
  9
$UCSORGFRONT
 10
0.0
 20
0.0
 30
0.0
  9
$UCSORGBACK
 10
0.0
 20
0.0
 30
0.0
  9
$PUCSBASE
  2

  9
$PUCSNAME
  2

  9
$PUCSORG
 10
0.0
 20
0.0
 30
0.0
  9
$PUCSXDIR
 10
1.0
 20
0.0
 30
0.0
  9
$PUCSYDIR
 10
0.0
 20
1.0
 30
0.0
  9
$PUCSORTHOREF
  2

  9
$PUCSORTHOVIEW
 70
0
  9
$PUCSORGTOP
 10
0.0
 20
0.0
 30
0.0
  9
$PUCSORGBOTTOM
 10
0.0
 20
0.0
 30
0.0
  9
$PUCSORGLEFT
 10
0.0
 20
0.0
 30
0.0
  9
$PUCSORGRIGHT
 10
0.0
 20
0.0
 30
0.0
  9
$PUCSORGFRONT
 10
0.0
 20
0.0
 30
0.0
  9
$PUCSORGBACK
 10
0.0
 20
0.0
 30
0.0
  9
$USERI1
 70
0
  9
$USERI2
 70
0
  9
$USERI3
 70
0
  9
$USERI4
 70
0
  9
$USERI5
 70
0
  9
$USERR1
 40
0.0
  9
$USERR2
 40
0.0
  9
$USERR3
 40
0.0
  9
$USERR4
 40
0.0
  9
$USERR5
 40
0.0
  9
$WORLDVIEW
 70
1
  9
$SHADEDGE
 70
3
  9
$SHADEDIF
 70
70
  9
$TILEMODE
 70
1
  9
$MAXACTVP
 70
64
  9
$PINSBASE
 10
0.0
 20
0.0
 30
0.0
  9
$PLIMCHECK
 70
0
  9
$PEXTMIN
 10
1e+20
 20
1e+20
 30
1e+20
  9
$PEXTMAX
 10
-1e+20
 20
-1e+20
 30
-1e+20
  9
$PLIMMIN
 10
0.0
 20
0.0
  9
$PLIMMAX
 10
420.0
 20
297.0
  9
$UNITMODE
 70
0
  9
$VISRETAIN
 70
1
  9
$PLINEGEN
 70
0
  9
$PSLTSCALE
 70
1
  9
$TREEDEPTH
 70
3020
  9
$CMLSTYLE
  2
Standard
  9
$CMLJUST
 70
0
  9
$CMLSCALE
 40
20.0
  9
$PROXYGRAPHICS
 70
1
  9
$MEASUREMENT
 70
1
  9
$CELWEIGHT
370
-1
  9
$ENDCAPS
280
0
  9
$JOINSTYLE
280
0
  9
$LWDISPLAY
290
0
  9
$INSUNITS
 70
4
  9
$HYPERLINKBASE
  1

  9
$STYLESHEET
  1

  9
$XEDIT
290
1
  9
$CEPSNTYPE
380
0
  9
$PSTYLEMODE
290
1
  9
$FINGERPRINTGUID
  2
{97A97F51-DE74-5292-9645-1E7C1DC93BF0}
  9
$VERSIONGUID
  2
{4DE450AB-6A53-544B-89AD-D2055A4DE5CF}
  9
$EXTNAMES
290
1
  9
$PSVPSCALE
 40
0.0
  9
$OLESTARTUP
290
0
  9
$SORTENTS
280
127
  9
$INDEXCTL
280
0
  9
$HIDETEXT
280
1
  9
$XCLIPFRAME
280
1
  9
$HALOGAP
280
0
  9
$OBSCOLOR
 70
257
  9
$OBSLTYPE
280
0
  9
$INTERSECTIONDISPLAY
280
0
  9
$INTERSECTIONCOLOR
 70
257
  9
$DIMASSOC
280
2
  9
$PROJECTNAME
  1

  9
$CAMERADISPLAY
290
0
  9
$LENSLENGTH
 40
50.0
  9
$CAMERAHEIGHT
 40
0.0
  9
$STEPSPERSEC
 40
24.0
  9
$STEPSIZE
 40
100.0
  9
$3DDWFPREC
 40
2.0
  9
$PSOLWIDTH
 40
0.005
  9
$PSOLHEIGHT
 40
0.08
  9
$LOFTANG1
 40
1.570796326795
  9
$LOFTANG2
 40
1.570796326795
  9
$LOFTMAG1
 40
0.0
  9
$LOFTMAG2
 40
0.0
  9
$LOFTPARAM
 70
7
  9
$LOFTNORMALS
280
1
  9
$LATITUDE
 40
37.795
  9
$LONGITUDE
 40
-122.394
  9
$NORTHDIRECTION
 40
0.0
  9
$TIMEZONE
 70
-8000
  9
$LIGHTGLYPHDISPLAY
280
1
  9
$TILEMODELIGHTSYNCH
280
1
  9
$CMATERIAL
347
20
  9
$SOLIDHIST
280
0
  9
$SHOWHIST
280
1
  9
$DWFFRAME
280
2
  9
$DGNFRAME
280
2
  9
$REALWORLDSCALE
290
1
  9
$INTERFERECOLOR
 62
256
  9
$CSHADOW
280
0
  9
$SHADOWPLANELOCATION
 40
0.0
  0
ENDSEC
  0
SECTION
  2
CLASSES
  0
CLASS
  1
ACDBDICTIONARYWDFLT
  2
AcDbDictionaryWithDefault
  3
ObjectDBX Classes
 90
0
 91
0
280
0
281
0
  0
CLASS
  1
SUN
  2
AcDbSun
  3
SCENEOE
 90
1153
 91
0
280
0
281
0
  0
CLASS
  1
VISUALSTYLE
  2
AcDbVisualStyle
  3
ObjectDBX Classes
 90
4095
 91
0
280
0
281
0
  0
CLASS
  1
MATERIAL
  2
AcDbMaterial
  3
ObjectDBX Classes
 90
1153
 91
0
280
0
281
0
  0
CLASS
  1
SCALE
  2
AcDbScale
  3
ObjectDBX Classes
 90
1153
 91
0
280
0
281
0
  0
CLASS
  1
TABLESTYLE
  2
AcDbTableStyle
  3
ObjectDBX Classes
 90
4095
 91
0
280
0
281
0
  0
CLASS
  1
MLEADERSTYLE
  2
AcDbMLeaderStyle
  3
ACDB_MLEADERSTYLE_CLASS
 90
4095
 91
0
280
0
281
0
  0
CLASS
  1
DICTIONARYVAR
  2
AcDbDictionaryVar
  3
ObjectDBX Classes
 90
0
 91
0
280
0
281
0
  0
CLASS
  1
CELLSTYLEMAP
  2
AcDbCellStyleMap
  3
ObjectDBX Classes
 90
1152
 91
0
280
0
281
0
  0
CLASS
  1
MENTALRAYRENDERSETTINGS
  2
AcDbMentalRayRenderSettings
  3
SCENEOE
 90
1024
 91
0
280
0
281
0
  0
CLASS
  1
ACDBDETAILVIEWSTYLE
  2
AcDbDetailViewStyle
  3
ObjectDBX Classes
 90
1025
 91
0
280
0
281
0
  0
CLASS
  1
ACDBSECTIONVIEWSTYLE
  2
AcDbSectionViewStyle
  3
ObjectDBX Classes
 90
1025
 91
0
280
0
281
0
  0
CLASS
  1
RASTERVARIABLES
  2
AcDbRasterVariables
  3
ISM
 90
0
 91
0
280
0
281
0
  0
CLASS
  1
ACDBPLACEHOLDER
  2
AcDbPlaceHolder
  3
ObjectDBX Classes
 90
0
 91
0
280
0
281
0
  0
CLASS
  1
LAYOUT
  2
AcDbLayout
  3
ObjectDBX Classes
 90
0
 91
0
280
0
281
0
  0
ENDSEC
  0
SECTION
  2
TABLES
  0
TABLE
  2
VPORT
  5
8
330
0
100
AcDbSymbolTable
 70
1
  0
VPORT
  5
23
330
8
100
AcDbSymbolTableRecord
100
AcDbViewportTableRecord
  2
*Active
 70
0
 10
0.0
 20
0.0
 11
1.0
 21
1.0
 12
0.0
 22
0.0
 13
0.0
 23
0.0
 14
0.5
 24
0.5
 15
0.5
 25
0.5
 16
0.0
 26
0.0
 36
1.0
 17
0.0
 27
0.0
 37
0.0
 40
1000.0
 41
1.34
 42
50.0
 43
0.0
 44
0.0
 50
0.0
 51
0.0
 71
0
 72
1000
 73
1
 74
3
 75
0
 76
0
 77
0
 78
0
281
0
 65
0
146
0.0
  0
ENDTAB
  0
TABLE
  2
LTYPE
  5
2
330
0
100
AcDbSymbolTable
 70
21
  0
LTYPE
  5
24
330
2
100
AcDbSymbolTableRecord
100
AcDbLinetypeTableRecord
  2
ByBlock
 70
0
  3

 72
65
 73
0
 40
0.0
  0
LTYPE
  5
25
330
2
100
AcDbSymbolTableRecord
100
AcDbLinetypeTableRecord
  2
ByLayer
 70
0
  3

 72
65
 73
0
 40
0.0
  0
LTYPE
  5
26
330
2
100
AcDbSymbolTableRecord
100
AcDbLinetypeTableRecord
  2
Continuous
 70
0
  3

 72
65
 73
0
 40
0.0
  0
LTYPE
  5
2F
330
2
100
AcDbSymbolTableRecord
100
AcDbLinetypeTableRecord
  2
CENTER
 70
0
  3
Center ____ _ ____ _ ____ _ ____ _ ____ _ ____
 72
65
 73
4
 40
5.08
 49
3.175
 74
0
 49
-0.635
 74
0
 49
0.635
 74
0
 49
-0.635
 74
0
  0
LTYPE
  5
30
330
2
100
AcDbSymbolTableRecord
100
AcDbLinetypeTableRecord
  2
CENTERX2
 70
0
  3
Center (2x) ________  __  ________  __  ________
 72
65
 73
4
 40
8.89
 49
6.35
 74
0
 49
-0.635
 74
0
 49
1.27
 74
0
 49
-0.635
 74
0
  0
LTYPE
  5
31
330
2
100
AcDbSymbolTableRecord
100
AcDbLinetypeTableRecord
  2
CENTER2
 70
0
  3
Center (.5x) ____ _ ____ _ ____ _ ____ _ ____
 72
65
 73
4
 40
2.54
 49
1.587
 74
0
 49
-0.318
 74
0
 49
0.318
 74
0
 49
-0.318
 74
0
  0
LTYPE
  5
32
330
2
100
AcDbSymbolTableRecord
100
AcDbLinetypeTableRecord
  2
DASHED
 70
0
  3
Dashed __ __ __ __ __ __ __ __ __ __ __ __ __ _
 72
65
 73
2
 40
1.524
 49
1.27
 74
0
 49
-0.254
 74
0
  0
LTYPE
  5
33
330
2
100
AcDbSymbolTableRecord
100
AcDbLinetypeTableRecord
  2
DASHEDX2
 70
0
  3
Dashed (2x) ____  ____  ____  ____  ____  ____
 72
65
 73
2
 40
3.048
 49
2.54
 74
0
 49
-0.508
 74
0
  0
LTYPE
  5
34
330
2
100
AcDbSymbolTableRecord
100
AcDbLinetypeTableRecord
  2
DASHED2
 70
0
  3
Dashed (.5x) _ _ _ _ _ _ _ _ _ _ _ _ _ _
 72
65
 73
2
 40
0.762
 49
0.635
 74
0
 49
-0.127
 74
0
  0
LTYPE
  5
35
330
2
100
AcDbSymbolTableRecord
100
AcDbLinetypeTableRecord
  2
PHANTOM
 70
0
  3
Phantom ______  __  __  ______  __  __  ______
 72
65
 73
6
 40
6.35
 49
3.175
 74
0
 49
-0.635
 74
0
 49
0.635
 74
0
 49
-0.635
 74
0
 49
0.635
 74
0
 49
-0.635
 74
0
  0
LTYPE
  5
36
330
2
100
AcDbSymbolTableRecord
100
AcDbLinetypeTableRecord
  2
PHANTOMX2
 70
0
  3
Phantom (2x)____________    ____    ____    ____________
 72
65
 73
6
 40
10.795
 49
6.35
 74
0
 49
-0.635
 74
0
 49
1.27
 74
0
 49
-0.635
 74
0
 49
1.27
 74
0
 49
-0.635
 74
0
  0
LTYPE
  5
37
330
2
100
AcDbSymbolTableRecord
100
AcDbLinetypeTableRecord
  2
PHANTOM2
 70
0
  3
Phantom (.5x) ___ _ _ ___ _ _ ___ _ _ ___ _ _ ___
 72
65
 73
6
 40
3.175
 49
1.587
 74
0
 49
-0.318
 74
0
 49
0.318
 74
0
 49
-0.318
 74
0
 49
0.318
 74
0
 49
-0.318
 74
0
  0
LTYPE
  5
38
330
2
100
AcDbSymbolTableRecord
100
AcDbLinetypeTableRecord
  2
DASHDOT
 70
0
  3
Dash dot __ . __ . __ . __ . __ . __ . __ . __
 72
65
 73
4
 40
3.556
 49
2.54
 74
0
 49
-0.508
 74
0
 49
0.0
 74
0
 49
-0.508
 74
0
  0
LTYPE
  5
39
330
2
100
AcDbSymbolTableRecord
100
AcDbLinetypeTableRecord
  2
DASHDOTX2
 70
0
  3
Dash dot (2x) ____  .  ____  .  ____  .  ____
 72
65
 73
4
 40
6.096
 49
5.08
 74
0
 49
-0.508
 74
0
 49
0.0
 74
0
 49
-0.508
 74
0
  0
LTYPE
  5
3A
330
2
100
AcDbSymbolTableRecord
100
AcDbLinetypeTableRecord
  2
DASHDOT2
 70
0
  3
Dash dot (.5x) _ . _ . _ . _ . _ . _ . _ . _
 72
65
 73
4
 40
1.778
 49
1.27
 74
0
 49
-0.254
 74
0
 49
0.0
 74
0
 49
-0.254
 74
0
  0
LTYPE
  5
3B
330
2
100
AcDbSymbolTableRecord
100
AcDbLinetypeTableRecord
  2
DOT
 70
0
  3
Dot .  .  .  .  .  .  .  .  .  .  .  .  .  .  .  .
 72
65
 73
2
 40
0.508
 49
0.0
 74
0
 49
-0.508
 74
0
  0
LTYPE
  5
3C
330
2
100
AcDbSymbolTableRecord
100
AcDbLinetypeTableRecord
  2
DOTX2
 70
0
  3
Dot (2x) .    .    .    .    .    .    .    . 
 72
65
 73
2
 40
1.016
 49
0.0
 74
0
 49
-1.016
 74
0
  0
LTYPE
  5
3D
330
2
100
AcDbSymbolTableRecord
100
AcDbLinetypeTableRecord
  2
DOT2
 70
0
  3
Dot (.5) . . . . . . . . . . . . . . . . . . . 
 72
65
 73
2
 40
0.254
 49
0.0
 74
0
 49
-0.254
 74
0
  0
LTYPE
  5
3E
330
2
100
AcDbSymbolTableRecord
100
AcDbLinetypeTableRecord
  2
DIVIDE
 70
0
  3
Divide __ . . __ . . __ . . __ . . __ . . __
 72
65
 73
6
 40
4.064
 49
2.54
 74
0
 49
-0.508
 74
0
 49
0.0
 74
0
 49
-0.508
 74
0
 49
0.0
 74
0
 49
-0.508
 74
0
  0
LTYPE
  5
3F
330
2
100
AcDbSymbolTableRecord
100
AcDbLinetypeTableRecord
  2
DIVIDEX2
 70
0
  3
Divide (2x) ____  . .  ____  . .  ____  . .  ____
 72
65
 73
6
 40
6.604
 49
5.08
 74
0
 49
-0.508
 74
0
 49
0.0
 74
0
 49
-0.508
 74
0
 49
0.0
 74
0
 49
-0.508
 74
0
  0
LTYPE
  5
40
330
2
100
AcDbSymbolTableRecord
100
AcDbLinetypeTableRecord
  2
DIVIDE2
 70
0
  3
Divide(.5x) _ . _ . _ . _ . _ . _ . _ . _
 72
65
 73
6
 40
2.032
 49
1.27
 74
0
 49
-0.254
 74
0
 49
0.0
 74
0
 49
-0.254
 74
0
 49
0.0
 74
0
 49
-0.254
 74
0
  0
ENDTAB
  0
TABLE
  2
LAYER
  5
1
330
0
100
AcDbSymbolTable
 70
19
  0
LAYER
  5
27
330
1
100
AcDbSymbolTableRecord
100
AcDbLayerTableRecord
  2
0
 70
0
 62
7
  6
Continuous
370
-3
390
13
347
21
  0
LAYER
  5
28
330
1
100
AcDbSymbolTableRecord
100
AcDbLayerTableRecord
  2
Defpoints
 70
0
 62
7
  6
Continuous
290
0
370
-3
390
13
347
21
  0
LAYER
  5
8A
330
1
100
AcDbSymbolTableRecord
100
AcDbLayerTableRecord
  2
A-WALL
 70
0
 62
7
  6
Continuous
370
35
390
13
347
21
  0
LAYER
  5
8B
330
1
100
AcDbSymbolTableRecord
100
AcDbLayerTableRecord
  2
A-WIND
 70
0
 62
4
  6
Continuous
370
18
390
13
347
21
  0
LAYER
  5
8C
330
1
100
AcDbSymbolTableRecord
100
AcDbLayerTableRecord
  2
A-DOOR
 70
0
 62
3
  6
Continuous
370
18
390
13
347
21
  0
LAYER
  5
8D
330
1
100
AcDbSymbolTableRecord
100
AcDbLayerTableRecord
  2
A-FLOR
 70
0
 62
8
  6
Continuous
370
13
390
13
347
21
  0
LAYER
  5
8E
330
1
100
AcDbSymbolTableRecord
100
AcDbLayerTableRecord
  2
A-FURN
 70
0
 62
8
  6
Continuous
370
13
390
13
347
21
  0
LAYER
  5
8F
330
1
100
AcDbSymbolTableRecord
100
AcDbLayerTableRecord
  2
A-ANNO
 70
0
 62
7
  6
Continuous
370
18
390
13
347
21
  0
LAYER
  5
90
330
1
100
AcDbSymbolTableRecord
100
AcDbLayerTableRecord
  2
A-DIMS
 70
0
 62
7
  6
Continuous
370
13
390
13
347
21
  0
LAYER
  5
91
330
1
100
AcDbSymbolTableRecord
100
AcDbLayerTableRecord
  2
A-STAIR
 70
0
 62
7
  6
Continuous
370
18
390
13
347
21
  0
LAYER
  5
92
330
1
100
AcDbSymbolTableRecord
100
AcDbLayerTableRecord
  2
A-SITE
 70
0
 62
8
  6
Continuous
370
18
390
13
347
21
  0
LAYER
  5
93
330
1
100
AcDbSymbolTableRecord
100
AcDbLayerTableRecord
  2
A-TAGS
 70
0
 62
1
  6
Continuous
370
13
390
13
347
21
  0
LAYER
  5
94
330
1
100
AcDbSymbolTableRecord
100
AcDbLayerTableRecord
  2
A-GRID
 70
0
 62
8
  6
Continuous
370
13
390
13
347
21
  0
LAYER
  5
95
330
1
100
AcDbSymbolTableRecord
100
AcDbLayerTableRecord
  2
A-LEVL
 70
0
 62
7
  6
Continuous
370
13
390
13
347
21
  0
LAYER
  5
96
330
1
100
AcDbSymbolTableRecord
100
AcDbLayerTableRecord
  2
A-SECT
 70
0
 62
1
  6
Continuous
370
35
390
13
347
21
  0
LAYER
  5
97
330
1
100
AcDbSymbolTableRecord
100
AcDbLayerTableRecord
  2
A-EXT
 70
0
 62
30
  6
Continuous
370
18
390
13
347
21
  0
LAYER
  5
98
330
1
100
AcDbSymbolTableRecord
100
AcDbLayerTableRecord
  2
A-GATE
 70
0
 62
30
  6
Continuous
370
18
390
13
347
21
  0
LAYER
  5
99
330
1
100
AcDbSymbolTableRecord
100
AcDbLayerTableRecord
  2
A-LAND
 70
0
 62
3
  6
Continuous
370
13
390
13
347
21
  0
LAYER
  5
9A
330
1
100
AcDbSymbolTableRecord
100
AcDbLayerTableRecord
  2
S-GRID
 70
0
 62
8
  6
Continuous
370
13
390
13
347
21
  0
ENDTAB
  0
TABLE
  2
STYLE
  5
5
330
0
100
AcDbSymbolTable
 70
26
  0
STYLE
  5
29
330
5
100
AcDbSymbolTableRecord
100
AcDbTextStyleTableRecord
  2
Standard
 70
0
 40
0.0
 41
1.0
 50
0.0
 71
0
 42
2.5
  3
txt
  4

  0
STYLE
  5
41
330
5
100
AcDbSymbolTableRecord
100
AcDbTextStyleTableRecord
  2
OpenSans-Light
 70
0
 40
0.0
 41
1.0
 50
0.0
 71
0
 42
2.5
  3
OpenSans-Light.ttf
  4

  0
STYLE
  5
42
330
5
100
AcDbSymbolTableRecord
100
AcDbTextStyleTableRecord
  2
OpenSans-Light-Italic
 70
0
 40
0.0
 41
1.0
 50
0.0
 71
0
 42
2.5
  3
OpenSans-LightItalic.ttf
  4

  0
STYLE
  5
43
330
5
100
AcDbSymbolTableRecord
100
AcDbTextStyleTableRecord
  2
OpenSans
 70
0
 40
0.0
 41
1.0
 50
0.0
 71
0
 42
2.5
  3
OpenSans-Regular.ttf
  4

  0
STYLE
  5
44
330
5
100
AcDbSymbolTableRecord
100
AcDbTextStyleTableRecord
  2
OpenSans-Italic
 70
0
 40
0.0
 41
1.0
 50
0.0
 71
0
 42
2.5
  3
OpenSans-Italic.ttf
  4

  0
STYLE
  5
45
330
5
100
AcDbSymbolTableRecord
100
AcDbTextStyleTableRecord
  2
OpenSans-SemiBold
 70
0
 40
0.0
 41
1.0
 50
0.0
 71
0
 42
2.5
  3
OpenSans-SemiBold.ttf
  4

  0
STYLE
  5
46
330
5
100
AcDbSymbolTableRecord
100
AcDbTextStyleTableRecord
  2
OpenSans-SemiBoldItalic
 70
0
 40
0.0
 41
1.0
 50
0.0
 71
0
 42
2.5
  3
OpenSans-SemiBoldItalic.ttf
  4

  0
STYLE
  5
47
330
5
100
AcDbSymbolTableRecord
100
AcDbTextStyleTableRecord
  2
OpenSans-Bold
 70
0
 40
0.0
 41
1.0
 50
0.0
 71
0
 42
2.5
  3
OpenSans-Bold.ttf
  4

  0
STYLE
  5
48
330
5
100
AcDbSymbolTableRecord
100
AcDbTextStyleTableRecord
  2
OpenSans-BoldItalic
 70
0
 40
0.0
 41
1.0
 50
0.0
 71
0
 42
2.5
  3
OpenSans-BoldItalic.ttf
  4

  0
STYLE
  5
49
330
5
100
AcDbSymbolTableRecord
100
AcDbTextStyleTableRecord
  2
OpenSans-ExtraBold
 70
0
 40
0.0
 41
1.0
 50
0.0
 71
0
 42
2.5
  3
OpenSans-ExtraBold.ttf
  4

  0
STYLE
  5
4A
330
5
100
AcDbSymbolTableRecord
100
AcDbTextStyleTableRecord
  2
OpenSans-ExtraBoldItalic
 70
0
 40
0.0
 41
1.0
 50
0.0
 71
0
 42
2.5
  3
OpenSans-ExtraBoldItalic.ttf
  4

  0
STYLE
  5
4B
330
5
100
AcDbSymbolTableRecord
100
AcDbTextStyleTableRecord
  2
OpenSansCondensed-Bold
 70
0
 40
0.0
 41
1.0
 50
0.0
 71
0
 42
2.5
  3
OpenSansCondensed-Bold.ttf
  4

  0
STYLE
  5
4C
330
5
100
AcDbSymbolTableRecord
100
AcDbTextStyleTableRecord
  2
OpenSansCondensed-Light
 70
0
 40
0.0
 41
1.0
 50
0.0
 71
0
 42
2.5
  3
OpenSansCondensed-Light.ttf
  4

  0
STYLE
  5
4D
330
5
100
AcDbSymbolTableRecord
100
AcDbTextStyleTableRecord
  2
OpenSansCondensed-Italic
 70
0
 40
0.0
 41
1.0
 50
0.0
 71
0
 42
2.5
  3
OpenSansCondensed-LightItalic.ttf
  4

  0
STYLE
  5
4E
330
5
100
AcDbSymbolTableRecord
100
AcDbTextStyleTableRecord
  2
LiberationSans
 70
0
 40
0.0
 41
1.0
 50
0.0
 71
0
 42
2.5
  3
LiberationSans-Regular.ttf
  4

  0
STYLE
  5
4F
330
5
100
AcDbSymbolTableRecord
100
AcDbTextStyleTableRecord
  2
LiberationSans-Bold
 70
0
 40
0.0
 41
1.0
 50
0.0
 71
0
 42
2.5
  3
LiberationSans-Bold.ttf
  4

  0
STYLE
  5
50
330
5
100
AcDbSymbolTableRecord
100
AcDbTextStyleTableRecord
  2
LiberationSans-BoldItalic
 70
0
 40
0.0
 41
1.0
 50
0.0
 71
0
 42
2.5
  3
LiberationSans-BoldItalic.ttf
  4

  0
STYLE
  5
51
330
5
100
AcDbSymbolTableRecord
100
AcDbTextStyleTableRecord
  2
LiberationSans-Italic
 70
0
 40
0.0
 41
1.0
 50
0.0
 71
0
 42
2.5
  3
LiberationSans-Italic.ttf
  4

  0
STYLE
  5
52
330
5
100
AcDbSymbolTableRecord
100
AcDbTextStyleTableRecord
  2
LiberationSerif
 70
0
 40
0.0
 41
1.0
 50
0.0
 71
0
 42
2.5
  3
LiberationSerif-Regular.ttf
  4

  0
STYLE
  5
53
330
5
100
AcDbSymbolTableRecord
100
AcDbTextStyleTableRecord
  2
LiberationSerif-Bold
 70
0
 40
0.0
 41
1.0
 50
0.0
 71
0
 42
2.5
  3
LiberationSerif-Bold.ttf
  4

  0
STYLE
  5
54
330
5
100
AcDbSymbolTableRecord
100
AcDbTextStyleTableRecord
  2
LiberationSerif-BoldItalic
 70
0
 40
0.0
 41
1.0
 50
0.0
 71
0
 42
2.5
  3
LiberationSerif-BoldItalic.ttf
  4

  0
STYLE
  5
55
330
5
100
AcDbSymbolTableRecord
100
AcDbTextStyleTableRecord
  2
LiberationSerif-Italic
 70
0
 40
0.0
 41
1.0
 50
0.0
 71
0
 42
2.5
  3
LiberationSerif-Italic.ttf
  4

  0
STYLE
  5
56
330
5
100
AcDbSymbolTableRecord
100
AcDbTextStyleTableRecord
  2
LiberationMono
 70
0
 40
0.0
 41
1.0
 50
0.0
 71
0
 42
2.5
  3
LiberationMono-Regular.ttf
  4

  0
STYLE
  5
57
330
5
100
AcDbSymbolTableRecord
100
AcDbTextStyleTableRecord
  2
LiberationMono-Bold
 70
0
 40
0.0
 41
1.0
 50
0.0
 71
0
 42
2.5
  3
LiberationMono-Bold.ttf
  4

  0
STYLE
  5
58
330
5
100
AcDbSymbolTableRecord
100
AcDbTextStyleTableRecord
  2
LiberationMono-BoldItalic
 70
0
 40
0.0
 41
1.0
 50
0.0
 71
0
 42
2.5
  3
LiberationMono-BoldItalic.ttf
  4

  0
STYLE
  5
59
330
5
100
AcDbSymbolTableRecord
100
AcDbTextStyleTableRecord
  2
LiberationMono-Italic
 70
0
 40
0.0
 41
1.0
 50
0.0
 71
0
 42
2.5
  3
LiberationMono-Italic.ttf
  4

  0
ENDTAB
  0
TABLE
  2
VIEW
  5
7
330
0
100
AcDbSymbolTable
 70
0
  0
ENDTAB
  0
TABLE
  2
UCS
  5
6
330
0
100
AcDbSymbolTable
 70
0
  0
ENDTAB
  0
TABLE
  2
APPID
  5
3
330
0
100
AcDbSymbolTable
 70
4
  0
APPID
  5
2A
330
3
100
AcDbSymbolTableRecord
100
AcDbRegAppTableRecord
  2
ACAD
 70
0
  0
APPID
  5
9C
330
3
100
AcDbSymbolTableRecord
100
AcDbRegAppTableRecord
  2
FLOORFORGE
 70
0
  0
APPID
  5
8CF
330
3
100
AcDbSymbolTableRecord
100
AcDbRegAppTableRecord
  2
HATCHBACKGROUNDCOLOR
 70
0
  0
APPID
  5
8D0
330
3
100
AcDbSymbolTableRecord
100
AcDbRegAppTableRecord
  2
EZDXF
 70
0
  0
ENDTAB
  0
TABLE
  2
DIMSTYLE
  5
4
330
0
100
AcDbSymbolTable
 70
13
100
AcDbDimStyleTable
  0
DIMSTYLE
105
2B
330
4
100
AcDbSymbolTableRecord
100
AcDbDimStyleTableRecord
  2
Standard
 70
0
 40
1.0
 41
2.5
 42
0.625
 43
3.75
 44
1.25
 45
0.0
 46
0.0
 47
0.0
 48
0.0
 49
2.5
140
2.5
141
2.5
142
0.0
143
0.03937007874
144
1.0
145
0.0
146
1.0
147
0.625
148
0.0
 69
0
 70
0
 71
0
 72
0
 73
0
 74
0
 75
0
 76
0
 77
1
 78
8
 79
3
170
0
171
3
172
1
173
0
174
0
175
0
176
0
177
0
178
0
179
2
271
2
272
2
273
2
274
3
275
0
276
0
277
2
278
44
279
0
280
0
281
0
282
0
283
0
284
8
285
0
286
0
288
0
289
3
290
0
371
-2
372
-2
  0
DIMSTYLE
105
73
330
4
100
AcDbSymbolTableRecord
100
AcDbDimStyleTableRecord
  2
EZDXF
 70
0
 40
1.0
 41
0.175
 42
0.125
 43
3.75
 44
0.375
 45
0.0
 46
0.0
 47
0.0
 48
0.0
 49
2.5
140
0.25
141
2.5
142
0.0
143
0.03937007874
144
100.0
145
0.0
146
0.5
147
0.1
148
0.0
 69
0
 70
0
 71
0
 72
0
 73
0
 74
0
 75
0
 76
0
 77
1
 78
12
 79
3
170
0
171
3
172
1
173
0
174
0
175
0
176
0
177
0
178
0
179
2
271
2
272
2
273
2
274
3
275
0
276
0
277
2
278
46
279
2
280
0
281
0
282
0
283
0
284
8
285
0
286
0
288
1
289
3
290
0
340
4C
342
74
371
-2
372
-2
  0
DIMSTYLE
105
7C
330
4
100
AcDbSymbolTableRecord
100
AcDbDimStyleTableRecord
  2
EZ_M_100_H25_CM
 70
0
 40
1.0
 41
0.25
 42
0.125
 43
3.75
 44
0.375
 45
0.0
 46
0.0
 47
0.0
 48
0.0
 49
2.5
140
0.25
141
2.5
142
0.125
143
0.03937007874
144
100.0
145
0.0
146
0.5
147
0.1
148
0.0
 69
0
 70
0
 71
0
 72
0
 73
0
 74
0
 75
0
 76
0
 77
1
 78
12
 79
3
170
0
171
3
172
1
173
0
174
0
175
0
176
0
177
0
178
0
179
2
271
2
272
2
273
2
274
3
275
0
276
0
277
2
278
46
279
2
280
0
281
0
282
0
283
0
284
8
285
0
286
0
288
1
289
3
290
0
340
4C
371
-2
372
-2
  0
DIMSTYLE
105
7D
330
4
100
AcDbSymbolTableRecord
100
AcDbDimStyleTableRecord
  2
EZ_M_50_H25_CM
 70
0
 40
1.0
 41
0.125
 42
0.0625
 43
3.75
 44
0.1875
 45
0.0
 46
0.0
 47
0.0
 48
0.0
 49
2.5
140
0.125
141
2.5
142
0.0625
143
0.03937007874
144
100.0
145
0.0
146
0.5
147
0.05
148
0.0
 69
0
 70
0
 71
0
 72
0
 73
0
 74
0
 75
0
 76
0
 77
1
 78
12
 79
3
170
0
171
3
172
1
173
0
174
0
175
0
176
0
177
0
178
0
179
2
271
2
272
2
273
2
274
3
275
0
276
0
277
2
278
46
279
2
280
0
281
0
282
0
283
0
284
8
285
0
286
0
288
1
289
3
290
0
340
4C
371
-2
372
-2
  0
DIMSTYLE
105
7E
330
4
100
AcDbSymbolTableRecord
100
AcDbDimStyleTableRecord
  2
EZ_M_25_H25_CM
 70
0
 40
1.0
 41
0.0625
 42
0.03125
 43
3.75
 44
0.09375
 45
0.0
 46
0.0
 47
0.0
 48
0.0
 49
2.5
140
0.0625
141
2.5
142
0.03125
143
0.03937007874
144
100.0
145
0.0
146
0.5
147
0.025
148
0.0
 69
0
 70
0
 71
0
 72
0
 73
0
 74
0
 75
0
 76
0
 77
1
 78
12
 79
3
170
0
171
3
172
1
173
0
174
0
175
0
176
0
177
0
178
0
179
2
271
2
272
2
273
2
274
3
275
0
276
0
277
2
278
46
279
2
280
0
281
0
282
0
283
0
284
8
285
0
286
0
288
1
289
3
290
0
340
4C
371
-2
372
-2
  0
DIMSTYLE
105
7F
330
4
100
AcDbSymbolTableRecord
100
AcDbDimStyleTableRecord
  2
EZ_M_20_H25_CM
 70
0
 40
1.0
 41
0.05
 42
0.025
 43
3.75
 44
0.07500000000000001
 45
0.0
 46
0.0
 47
0.0
 48
0.0
 49
2.5
140
0.05
141
2.5
142
0.025
143
0.03937007874
144
100.0
145
0.0
146
0.5
147
0.020000000000000004
148
0.0
 69
0
 70
0
 71
0
 72
0
 73
0
 74
0
 75
0
 76
0
 77
1
 78
12
 79
3
170
0
171
3
172
1
173
0
174
0
175
0
176
0
177
0
178
0
179
2
271
2
272
2
273
2
274
3
275
0
276
0
277
2
278
46
279
2
280
0
281
0
282
0
283
0
284
8
285
0
286
0
288
1
289
3
290
0
340
4C
371
-2
372
-2
  0
DIMSTYLE
105
80
330
4
100
AcDbSymbolTableRecord
100
AcDbDimStyleTableRecord
  2
EZ_M_10_H25_CM
 70
0
 40
1.0
 41
0.025
 42
0.0125
 43
3.75
 44
0.037500000000000006
 45
0.0
 46
0.0
 47
0.0
 48
0.0
 49
2.5
140
0.025
141
2.5
142
0.0125
143
0.03937007874
144
100.0
145
0.0
146
0.5
147
0.010000000000000002
148
0.0
 69
0
 70
0
 71
0
 72
0
 73
0
 74
0
 75
0
 76
0
 77
1
 78
12
 79
3
170
0
171
3
172
1
173
0
174
0
175
0
176
0
177
0
178
0
179
2
271
2
272
2
273
2
274
3
275
0
276
0
277
2
278
46
279
2
280
0
281
0
282
0
283
0
284
8
285
0
286
0
288
1
289
3
290
0
340
4C
371
-2
372
-2
  0
DIMSTYLE
105
81
330
4
100
AcDbSymbolTableRecord
100
AcDbDimStyleTableRecord
  2
EZ_M_5_H25_CM
 70
0
 40
1.0
 41
0.0125
 42
0.00625
 43
3.75
 44
0.018750000000000003
 45
0.0
 46
0.0
 47
0.0
 48
0.0
 49
2.5
140
0.0125
141
2.5
142
0.00625
143
0.03937007874
144
100.0
145
0.0
146
0.5
147
0.005000000000000001
148
0.0
 69
0
 70
0
 71
0
 72
0
 73
0
 74
0
 75
0
 76
0
 77
1
 78
12
 79
3
170
0
171
3
172
1
173
0
174
0
175
0
176
0
177
0
178
0
179
2
271
2
272
2
273
2
274
3
275
0
276
0
277
2
278
46
279
2
280
0
281
0
282
0
283
0
284
8
285
0
286
0
288
1
289
3
290
0
340
4C
371
-2
372
-2
  0
DIMSTYLE
105
82
330
4
100
AcDbSymbolTableRecord
100
AcDbDimStyleTableRecord
  2
EZ_M_1_H25_CM
 70
0
 40
1.0
 41
0.0025
 42
0.00125
 43
3.75
 44
0.00375
 45
0.0
 46
0.0
 47
0.0
 48
0.0
 49
2.5
140
0.0025
141
2.5
142
0.00125
143
0.03937007874
144
100.0
145
0.0
146
0.5
147
0.001
148
0.0
 69
0
 70
0
 71
0
 72
0
 73
0
 74
0
 75
0
 76
0
 77
1
 78
12
 79
3
170
0
171
3
172
1
173
0
174
0
175
0
176
0
177
0
178
0
179
2
271
2
272
2
273
2
274
3
275
0
276
0
277
2
278
46
279
2
280
0
281
0
282
0
283
0
284
8
285
0
286
0
288
1
289
3
290
0
340
4C
371
-2
372
-2
  0
DIMSTYLE
105
83
330
4
100
AcDbSymbolTableRecord
100
AcDbDimStyleTableRecord
  2
EZ_RADIUS
 70
0
 40
1.0
 41
0.25
 42
0.125
 43
3.75
 44
0.375
 45
0.0
 46
0.0
 47
0.0
 48
0.0
 49
2.5
140
0.25
141
0.0
142
0.0
143
0.03937007874
144
100.0
145
0.0
146
0.5
147
0.1
148
0.0
 69
0
 70
0
 71
0
 72
0
 73
0
 74
0
 75
0
 76
0
 77
1
 78
12
 79
3
170
0
171
3
172
0
173
0
174
0
175
0
176
0
177
0
178
0
179
2
271
2
272
2
273
2
274
3
275
0
276
0
277
2
278
46
279
1
280
0
281
0
282
0
283
0
284
8
285
0
286
0
288
1
289
3
290
0
340
4C
342
84
371
-2
372
-2
  0
DIMSTYLE
105
88
330
4
100
AcDbSymbolTableRecord
100
AcDbDimStyleTableRecord
  2
EZ_RADIUS_INSIDE
 70
0
 40
1.0
 41
0.25
 42
0.125
 43
3.75
 44
0.375
 45
0.0
 46
0.0
 47
0.0
 48
0.0
 49
2.5
140
0.25
141
0.0
142
0.0
143
0.03937007874
144
100.0
145
0.0
146
0.5
147
0.1
148
0.0
 69
0
 70
0
 71
0
 72
0
 73
0
 74
0
 75
0
 76
0
 77
0
 78
12
 79
3
170
0
171
3
172
0
173
0
174
1
175
0
176
0
177
0
178
0
179
2
271
2
272
2
273
2
274
3
275
0
276
0
277
2
278
46
279
0
280
0
281
0
282
0
283
0
284
8
285
0
286
0
288
1
289
0
290
0
340
4C
342
84
371
-2
372
-2
  0
DIMSTYLE
105
89
330
4
100
AcDbSymbolTableRecord
100
AcDbDimStyleTableRecord
  2
EZ_CURVED
 70
0
 40
1.0
 41
0.25
 42
0.125
 43
3.75
 44
0.375
 45
0.0
 46
0.0
 47
0.0
 48
0.0
 49
2.5
140
0.25
141
2.5
142
0.0
143
0.03937007874
144
100.0
145
0.0
146
0.5
147
0.1
148
0.0
 69
0
 70
0
 71
0
 72
0
 73
0
 74
0
 75
0
 76
0
 77
1
 78
12
 79
2
 90
2
170
0
171
3
172
1
173
0
174
0
175
0
176
0
177
0
178
0
179
2
271
2
272
2
273
2
274
3
275
0
276
0
277
2
278
46
279
2
280
0
281
0
282
0
283
0
284
8
285
0
286
0
288
1
289
3
290
0
340
4C
371
-2
372
-2
  0
DIMSTYLE
105
9B
330
4
100
AcDbSymbolTableRecord
100
AcDbDimStyleTableRecord
  2
FF-ARCH
 70
0
 40
1.0
 41
90.0
 42
120.0
 43
3.75
 44
120.0
 45
0.0
 46
0.0
 47
0.0
 48
0.0
 49
2.5
140
180.0
141
2.5
142
60.0
143
0.03937007874
144
1.0
145
0.0
146
1.0
147
60.0
148
0.0
 69
0
 70
0
 71
0
 72
0
 73
0
 74
0
 75
0
 76
0
 77
1
 78
8
 79
3
170
0
171
3
172
1
173
0
174
0
175
0
176
0
177
0
178
0
179
2
271
0
272
2
273
2
274
3
275
0
276
0
277
2
278
44
279
0
280
0
281
0
282
0
283
0
284
8
285
0
286
0
288
0
289
3
290
0
371
-2
372
-2
  0
ENDTAB
  0
TABLE
  2
BLOCK_RECORD
  5
9
330
0
100
AcDbSymbolTable
 70
99
  0
BLOCK_RECORD
  5
17
330
9
100
AcDbSymbolTableRecord
100
AcDbBlockTableRecord
  2
*Model_Space
340
1A
 70
0
280
1
281
0
  0
BLOCK_RECORD
  5
1B
330
9
100
AcDbSymbolTableRecord
100
AcDbBlockTableRecord
  2
*Paper_Space
340
1E
 70
0
280
1
281
0
  0
BLOCK_RECORD
  5
74
330
9
100
AcDbSymbolTableRecord
100
AcDbBlockTableRecord
  2
_ARCHTICK
340
0
 70
0
280
1
281
0
  0
BLOCK_RECORD
  5
78
330
9
100
AcDbSymbolTableRecord
100
AcDbBlockTableRecord
  2
_CLOSEDFILLED
340
0
 70
0
280
1
281
0
  0
BLOCK_RECORD
  5
84
330
9
100
AcDbSymbolTableRecord
100
AcDbBlockTableRecord
  2
_CLOSEDBLANK
340
0
 70
0
280
1
281
0
  0
BLOCK_RECORD
  5
1F4
330
9
100
AcDbSymbolTableRecord
100
AcDbBlockTableRecord
  2
*D1
340
0
 70
0
280
1
281
0
  0
BLOCK_RECORD
  5
1F9
330
9
100
AcDbSymbolTableRecord
100
AcDbBlockTableRecord
  2
_OBLIQUE
340
0
 70
0
280
1
281
0
  0
BLOCK_RECORD
  5
207
330
9
100
AcDbSymbolTableRecord
100
AcDbBlockTableRecord
  2
*D2
340
0
 70
0
280
1
281
0
  0
BLOCK_RECORD
  5
216
330
9
100
AcDbSymbolTableRecord
100
AcDbBlockTableRecord
  2
*D3
340
0
 70
0
280
1
281
0
  0
BLOCK_RECORD
  5
225
330
9
100
AcDbSymbolTableRecord
100
AcDbBlockTableRecord
  2
*D4
340
0
 70
0
280
1
281
0
  0
BLOCK_RECORD
  5
234
330
9
100
AcDbSymbolTableRecord
100
AcDbBlockTableRecord
  2
*D5
340
0
 70
0
280
1
281
0
  0
BLOCK_RECORD
  5
243
330
9
100
AcDbSymbolTableRecord
100
AcDbBlockTableRecord
  2
*D6
340
0
 70
0
280
1
281
0
  0
BLOCK_RECORD
  5
252
330
9
100
AcDbSymbolTableRecord
100
AcDbBlockTableRecord
  2
*D7
340
0
 70
0
280
1
281
0
  0
BLOCK_RECORD
  5
261
330
9
100
AcDbSymbolTableRecord
100
AcDbBlockTableRecord
  2
*D8
340
0
 70
0
280
1
281
0
  0
BLOCK_RECORD
  5
270
330
9
100
AcDbSymbolTableRecord
100
AcDbBlockTableRecord
  2
*D9
340
0
 70
0
280
1
281
0
  0
BLOCK_RECORD
  5
27F
330
9
100
AcDbSymbolTableRecord
100
AcDbBlockTableRecord
  2
*D10
340
0
 70
0
280
1
281
0
  0
BLOCK_RECORD
  5
28E
330
9
100
AcDbSymbolTableRecord
100
AcDbBlockTableRecord
  2
*D11
340
0
 70
0
280
1
281
0
  0
BLOCK_RECORD
  5
29D
330
9
100
AcDbSymbolTableRecord
100
AcDbBlockTableRecord
  2
*D12
340
0
 70
0
280
1
281
0
  0
BLOCK_RECORD
  5
2AC
330
9
100
AcDbSymbolTableRecord
100
AcDbBlockTableRecord
  2
*D13
340
0
 70
0
280
1
281
0
  0
BLOCK_RECORD
  5
2BB
330
9
100
AcDbSymbolTableRecord
100
AcDbBlockTableRecord
  2
*D14
340
0
 70
0
280
1
281
0
  0
BLOCK_RECORD
  5
2CA
330
9
100
AcDbSymbolTableRecord
100
AcDbBlockTableRecord
  2
*D15
340
0
 70
0
280
1
281
0
  0
BLOCK_RECORD
  5
2D9
330
9
100
AcDbSymbolTableRecord
100
AcDbBlockTableRecord
  2
*D16
340
0
 70
0
280
1
281
0
  0
BLOCK_RECORD
  5
2E8
330
9
100
AcDbSymbolTableRecord
100
AcDbBlockTableRecord
  2
*D17
340
0
 70
0
280
1
281
0
  0
BLOCK_RECORD
  5
2F7
330
9
100
AcDbSymbolTableRecord
100
AcDbBlockTableRecord
  2
*D18
340
0
 70
0
280
1
281
0
  0
BLOCK_RECORD
  5
306
330
9
100
AcDbSymbolTableRecord
100
AcDbBlockTableRecord
  2
*D19
340
0
 70
0
280
1
281
0
  0
BLOCK_RECORD
  5
315
330
9
100
AcDbSymbolTableRecord
100
AcDbBlockTableRecord
  2
*D20
340
0
 70
0
280
1
281
0
  0
BLOCK_RECORD
  5
324
330
9
100
AcDbSymbolTableRecord
100
AcDbBlockTableRecord
  2
*D21
340
0
 70
0
280
1
281
0
  0
BLOCK_RECORD
  5
333
330
9
100
AcDbSymbolTableRecord
100
AcDbBlockTableRecord
  2
*D22
340
0
 70
0
280
1
281
0
  0
BLOCK_RECORD
  5
342
330
9
100
AcDbSymbolTableRecord
100
AcDbBlockTableRecord
  2
*D23
340
0
 70
0
280
1
281
0
  0
BLOCK_RECORD
  5
351
330
9
100
AcDbSymbolTableRecord
100
AcDbBlockTableRecord
  2
*D24
340
0
 70
0
280
1
281
0
  0
BLOCK_RECORD
  5
360
330
9
100
AcDbSymbolTableRecord
100
AcDbBlockTableRecord
  2
*D25
340
0
 70
0
280
1
281
0
  0
BLOCK_RECORD
  5
36F
330
9
100
AcDbSymbolTableRecord
100
AcDbBlockTableRecord
  2
*D26
340
0
 70
0
280
1
281
0
  0
BLOCK_RECORD
  5
37E
330
9
100
AcDbSymbolTableRecord
100
AcDbBlockTableRecord
  2
*D27
340
0
 70
0
280
1
281
0
  0
BLOCK_RECORD
  5
38D
330
9
100
AcDbSymbolTableRecord
100
AcDbBlockTableRecord
  2
*D28
340
0
 70
0
280
1
281
0
  0
BLOCK_RECORD
  5
39C
330
9
100
AcDbSymbolTableRecord
100
AcDbBlockTableRecord
  2
*D29
340
0
 70
0
280
1
281
0
  0
BLOCK_RECORD
  5
3AB
330
9
100
AcDbSymbolTableRecord
100
AcDbBlockTableRecord
  2
*D30
340
0
 70
0
280
1
281
0
  0
BLOCK_RECORD
  5
3BA
330
9
100
AcDbSymbolTableRecord
100
AcDbBlockTableRecord
  2
*D31
340
0
 70
0
280
1
281
0
  0
BLOCK_RECORD
  5
3C9
330
9
100
AcDbSymbolTableRecord
100
AcDbBlockTableRecord
  2
*D32
340
0
 70
0
280
1
281
0
  0
BLOCK_RECORD
  5
3D8
330
9
100
AcDbSymbolTableRecord
100
AcDbBlockTableRecord
  2
*D33
340
0
 70
0
280
1
281
0
  0
BLOCK_RECORD
  5
3E7
330
9
100
AcDbSymbolTableRecord
100
AcDbBlockTableRecord
  2
*D34
340
0
 70
0
280
1
281
0
  0
BLOCK_RECORD
  5
3F6
330
9
100
AcDbSymbolTableRecord
100
AcDbBlockTableRecord
  2
*D35
340
0
 70
0
280
1
281
0
  0
BLOCK_RECORD
  5
405
330
9
100
AcDbSymbolTableRecord
100
AcDbBlockTableRecord
  2
*D36
340
0
 70
0
280
1
281
0
  0
BLOCK_RECORD
  5
414
330
9
100
AcDbSymbolTableRecord
100
AcDbBlockTableRecord
  2
*D37
340
0
 70
0
280
1
281
0
  0
BLOCK_RECORD
  5
423
330
9
100
AcDbSymbolTableRecord
100
AcDbBlockTableRecord
  2
*D38
340
0
 70
0
280
1
281
0
  0
BLOCK_RECORD
  5
432
330
9
100
AcDbSymbolTableRecord
100
AcDbBlockTableRecord
  2
*D39
340
0
 70
0
280
1
281
0
  0
BLOCK_RECORD
  5
441
330
9
100
AcDbSymbolTableRecord
100
AcDbBlockTableRecord
  2
*D40
340
0
 70
0
280
1
281
0
  0
BLOCK_RECORD
  5
450
330
9
100
AcDbSymbolTableRecord
100
AcDbBlockTableRecord
  2
*D41
340
0
 70
0
280
1
281
0
  0
BLOCK_RECORD
  5
45F
330
9
100
AcDbSymbolTableRecord
100
AcDbBlockTableRecord
  2
*D42
340
0
 70
0
280
1
281
0
  0
BLOCK_RECORD
  5
46E
330
9
100
AcDbSymbolTableRecord
100
AcDbBlockTableRecord
  2
*D43
340
0
 70
0
280
1
281
0
  0
BLOCK_RECORD
  5
47D
330
9
100
AcDbSymbolTableRecord
100
AcDbBlockTableRecord
  2
*D44
340
0
 70
0
280
1
281
0
  0
BLOCK_RECORD
  5
48C
330
9
100
AcDbSymbolTableRecord
100
AcDbBlockTableRecord
  2
*D45
340
0
 70
0
280
1
281
0
  0
BLOCK_RECORD
  5
49B
330
9
100
AcDbSymbolTableRecord
100
AcDbBlockTableRecord
  2
*D46
340
0
 70
0
280
1
281
0
  0
BLOCK_RECORD
  5
4AA
330
9
100
AcDbSymbolTableRecord
100
AcDbBlockTableRecord
  2
*D47
340
0
 70
0
280
1
281
0
  0
BLOCK_RECORD
  5
4B9
330
9
100
AcDbSymbolTableRecord
100
AcDbBlockTableRecord
  2
*D48
340
0
 70
0
280
1
281
0
  0
BLOCK_RECORD
  5
4C8
330
9
100
AcDbSymbolTableRecord
100
AcDbBlockTableRecord
  2
*D49
340
0
 70
0
280
1
281
0
  0
BLOCK_RECORD
  5
4D7
330
9
100
AcDbSymbolTableRecord
100
AcDbBlockTableRecord
  2
*D50
340
0
 70
0
280
1
281
0
  0
BLOCK_RECORD
  5
517
330
9
100
AcDbSymbolTableRecord
100
AcDbBlockTableRecord
  2
*Paper_Space0
340
51A
 70
0
280
1
281
0
  0
BLOCK_RECORD
  5
62D
330
9
100
AcDbSymbolTableRecord
100
AcDbBlockTableRecord
  2
*D51
340
0
 70
0
280
1
281
0
  0
BLOCK_RECORD
  5
63C
330
9
100
AcDbSymbolTableRecord
100
AcDbBlockTableRecord
  2
*D52
340
0
 70
0
280
1
281
0
  0
BLOCK_RECORD
  5
64B
330
9
100
AcDbSymbolTableRecord
100
AcDbBlockTableRecord
  2
*D53
340
0
 70
0
280
1
281
0
  0
BLOCK_RECORD
  5
65A
330
9
100
AcDbSymbolTableRecord
100
AcDbBlockTableRecord
  2
*D54
340
0
 70
0
280
1
281
0
  0
BLOCK_RECORD
  5
669
330
9
100
AcDbSymbolTableRecord
100
AcDbBlockTableRecord
  2
*D55
340
0
 70
0
280
1
281
0
  0
BLOCK_RECORD
  5
678
330
9
100
AcDbSymbolTableRecord
100
AcDbBlockTableRecord
  2
*D56
340
0
 70
0
280
1
281
0
  0
BLOCK_RECORD
  5
687
330
9
100
AcDbSymbolTableRecord
100
AcDbBlockTableRecord
  2
*D57
340
0
 70
0
280
1
281
0
  0
BLOCK_RECORD
  5
696
330
9
100
AcDbSymbolTableRecord
100
AcDbBlockTableRecord
  2
*D58
340
0
 70
0
280
1
281
0
  0
BLOCK_RECORD
  5
6A5
330
9
100
AcDbSymbolTableRecord
100
AcDbBlockTableRecord
  2
*D59
340
0
 70
0
280
1
281
0
  0
BLOCK_RECORD
  5
6B4
330
9
100
AcDbSymbolTableRecord
100
AcDbBlockTableRecord
  2
*D60
340
0
 70
0
280
1
281
0
  0
BLOCK_RECORD
  5
6C3
330
9
100
AcDbSymbolTableRecord
100
AcDbBlockTableRecord
  2
*D61
340
0
 70
0
280
1
281
0
  0
BLOCK_RECORD
  5
6D2
330
9
100
AcDbSymbolTableRecord
100
AcDbBlockTableRecord
  2
*D62
340
0
 70
0
280
1
281
0
  0
BLOCK_RECORD
  5
6E1
330
9
100
AcDbSymbolTableRecord
100
AcDbBlockTableRecord
  2
*D63
340
0
 70
0
280
1
281
0
  0
BLOCK_RECORD
  5
6F0
330
9
100
AcDbSymbolTableRecord
100
AcDbBlockTableRecord
  2
*D64
340
0
 70
0
280
1
281
0
  0
BLOCK_RECORD
  5
6FF
330
9
100
AcDbSymbolTableRecord
100
AcDbBlockTableRecord
  2
*D65
340
0
 70
0
280
1
281
0
  0
BLOCK_RECORD
  5
70E
330
9
100
AcDbSymbolTableRecord
100
AcDbBlockTableRecord
  2
*D66
340
0
 70
0
280
1
281
0
  0
BLOCK_RECORD
  5
71D
330
9
100
AcDbSymbolTableRecord
100
AcDbBlockTableRecord
  2
*D67
340
0
 70
0
280
1
281
0
  0
BLOCK_RECORD
  5
72C
330
9
100
AcDbSymbolTableRecord
100
AcDbBlockTableRecord
  2
*D68
340
0
 70
0
280
1
281
0
  0
BLOCK_RECORD
  5
73B
330
9
100
AcDbSymbolTableRecord
100
AcDbBlockTableRecord
  2
*D69
340
0
 70
0
280
1
281
0
  0
BLOCK_RECORD
  5
74A
330
9
100
AcDbSymbolTableRecord
100
AcDbBlockTableRecord
  2
*D70
340
0
 70
0
280
1
281
0
  0
BLOCK_RECORD
  5
759
330
9
100
AcDbSymbolTableRecord
100
AcDbBlockTableRecord
  2
*D71
340
0
 70
0
280
1
281
0
  0
BLOCK_RECORD
  5
768
330
9
100
AcDbSymbolTableRecord
100
AcDbBlockTableRecord
  2
*D72
340
0
 70
0
280
1
281
0
  0
BLOCK_RECORD
  5
777
330
9
100
AcDbSymbolTableRecord
100
AcDbBlockTableRecord
  2
*D73
340
0
 70
0
280
1
281
0
  0
BLOCK_RECORD
  5
786
330
9
100
AcDbSymbolTableRecord
100
AcDbBlockTableRecord
  2
*D74
340
0
 70
0
280
1
281
0
  0
BLOCK_RECORD
  5
795
330
9
100
AcDbSymbolTableRecord
100
AcDbBlockTableRecord
  2
*D75
340
0
 70
0
280
1
281
0
  0
BLOCK_RECORD
  5
7A4
330
9
100
AcDbSymbolTableRecord
100
AcDbBlockTableRecord
  2
*D76
340
0
 70
0
280
1
281
0
  0
BLOCK_RECORD
  5
7B3
330
9
100
AcDbSymbolTableRecord
100
AcDbBlockTableRecord
  2
*D77
340
0
 70
0
280
1
281
0
  0
BLOCK_RECORD
  5
7C2
330
9
100
AcDbSymbolTableRecord
100
AcDbBlockTableRecord
  2
*D78
340
0
 70
0
280
1
281
0
  0
BLOCK_RECORD
  5
7D1
330
9
100
AcDbSymbolTableRecord
100
AcDbBlockTableRecord
  2
*D79
340
0
 70
0
280
1
281
0
  0
BLOCK_RECORD
  5
7E0
330
9
100
AcDbSymbolTableRecord
100
AcDbBlockTableRecord
  2
*D80
340
0
 70
0
280
1
281
0
  0
BLOCK_RECORD
  5
7EF
330
9
100
AcDbSymbolTableRecord
100
AcDbBlockTableRecord
  2
*D81
340
0
 70
0
280
1
281
0
  0
BLOCK_RECORD
  5
7FE
330
9
100
AcDbSymbolTableRecord
100
AcDbBlockTableRecord
  2
*D82
340
0
 70
0
280
1
281
0
  0
BLOCK_RECORD
  5
80D
330
9
100
AcDbSymbolTableRecord
100
AcDbBlockTableRecord
  2
*D83
340
0
 70
0
280
1
281
0
  0
BLOCK_RECORD
  5
81C
330
9
100
AcDbSymbolTableRecord
100
AcDbBlockTableRecord
  2
*D84
340
0
 70
0
280
1
281
0
  0
BLOCK_RECORD
  5
82B
330
9
100
AcDbSymbolTableRecord
100
AcDbBlockTableRecord
  2
*D85
340
0
 70
0
280
1
281
0
  0
BLOCK_RECORD
  5
83A
330
9
100
AcDbSymbolTableRecord
100
AcDbBlockTableRecord
  2
*D86
340
0
 70
0
280
1
281
0
  0
BLOCK_RECORD
  5
849
330
9
100
AcDbSymbolTableRecord
100
AcDbBlockTableRecord
  2
*D87
340
0
 70
0
280
1
281
0
  0
BLOCK_RECORD
  5
858
330
9
100
AcDbSymbolTableRecord
100
AcDbBlockTableRecord
  2
*D88
340
0
 70
0
280
1
281
0
  0
BLOCK_RECORD
  5
867
330
9
100
AcDbSymbolTableRecord
100
AcDbBlockTableRecord
  2
*D89
340
0
 70
0
280
1
281
0
  0
BLOCK_RECORD
  5
876
330
9
100
AcDbSymbolTableRecord
100
AcDbBlockTableRecord
  2
*D90
340
0
 70
0
280
1
281
0
  0
BLOCK_RECORD
  5
885
330
9
100
AcDbSymbolTableRecord
100
AcDbBlockTableRecord
  2
*D91
340
0
 70
0
280
1
281
0
  0
BLOCK_RECORD
  5
8C8
330
9
100
AcDbSymbolTableRecord
100
AcDbBlockTableRecord
  2
*Paper_Space1
340
8CB
 70
0
280
1
281
0
  0
ENDTAB
  0
ENDSEC
  0
SECTION
  2
BLOCKS
  0
BLOCK
  5
18
330
17
100
AcDbEntity
  8
0
100
AcDbBlockBegin
  2
*Model_Space
 70
0
 10
0.0
 20
0.0
 30
0.0
  3
*Model_Space
  1

  0
ENDBLK
  5
19
330
17
100
AcDbEntity
  8
0
100
AcDbBlockEnd
  0
BLOCK
  5
1C
330
1B
100
AcDbEntity
  8
0
100
AcDbBlockBegin
  2
*Paper_Space
 70
0
 10
0.0
 20
0.0
 30
0.0
  3
*Paper_Space
  1

  0
ENDBLK
  5
1D
330
1B
100
AcDbEntity
  8
0
100
AcDbBlockEnd
  0
BLOCK
  5
75
330
74
100
AcDbEntity
  8
0
100
AcDbBlockBegin
  2
_ARCHTICK
 70
0
 10
0.0
 20
0.0
 30
0.0
  3
_ARCHTICK
  1

  0
LWPOLYLINE
  5
77
330
74
100
AcDbEntity
  8
0
  6
BYBLOCK
 62
0
100
AcDbPolyline
 90
2
 70
0
 43
0.15
 10
-0.5
 20
-0.5
 10
0.5
 20
0.5
  0
ENDBLK
  5
76
330
74
100
AcDbEntity
  8
0
100
AcDbBlockEnd
  0
BLOCK
  5
79
330
78
100
AcDbEntity
  8
0
100
AcDbBlockBegin
  2
_CLOSEDFILLED
 70
0
 10
0.0
 20
0.0
 30
0.0
  3
_CLOSEDFILLED
  1

  0
SOLID
  5
7B
330
78
100
AcDbEntity
  8
0
  6
BYBLOCK
 62
0
100
AcDbTrace
 10
-1.0
 20
0.16439898372402537
 30
0.0
 11
0.0
 21
0.0
 31
0.0
 12
-1.0
 22
-0.16439898372402537
 32
0.0
 13
-1.0
 23
-0.16439898372402537
 33
0.0
  0
ENDBLK
  5
7A
330
78
100
AcDbEntity
  8
0
100
AcDbBlockEnd
  0
BLOCK
  5
85
330
84
100
AcDbEntity
  8
0
100
AcDbBlockBegin
  2
_CLOSEDBLANK
 70
0
 10
0.0
 20
0.0
 30
0.0
  3
_CLOSEDBLANK
  1

  0
LWPOLYLINE
  5
87
330
84
100
AcDbEntity
  8
0
  6
BYBLOCK
 62
0
100
AcDbPolyline
 90
3
 70
1
 10
-1.0
 20
0.16439898372402537
 10
0.0
 20
0.0
 10
-1.0
 20
-0.16439898372402537
  0
ENDBLK
  5
86
330
84
100
AcDbEntity
  8
0
100
AcDbBlockEnd
  0
BLOCK
  5
1F5
330
1F4
100
AcDbEntity
  8
0
100
AcDbBlockBegin
  2
*D1
 70
1
 10
0.0
 20
0.0
 30
0.0
  3
*D1
  1

  0
LINE
  5
1F7
330
1F4
100
AcDbEntity
  8
0
100
AcDbLine
 10
0.0
 20
-120.0
 30
0.0
 11
0.0
 21
-1920.0
 31
0.0
  0
LINE
  5
1F8
330
1F4
100
AcDbEntity
  8
0
100
AcDbLine
 10
346.0
 20
-120.0
 30
0.0
 11
346.0
 21
-1920.0
 31
0.0
  0
INSERT
  5
1FD
330
1F4
100
AcDbEntity
  8
A-DIMS
100
AcDbBlockReference
  2
_OBLIQUE
 10
0.0
 20
-1800.0
 30
0.0
 41
120.0
 42
120.0
  0
INSERT
  5
1FF
330
1F4
100
AcDbEntity
  8
A-DIMS
100
AcDbBlockReference
  2
_OBLIQUE
 10
346.0
 20
-1800.0
 30
0.0
 41
120.0
 42
120.0
  0
LINE
  5
201
330
1F4
100
AcDbEntity
  8
0
100
AcDbLine
 10
0.0
 20
-1800.0
 30
0.0
 11
346.0
 21
-1800.0
 31
0.0
  0
MTEXT
  5
202
330
1F4
100
AcDbEntity
  8
A-DIMS
100
AcDbMText
 10
173.0
 20
-1530.0
 30
0.0
 40
180.0
 71
5
  1
346
  7
OpenSansCondensed-Light
  0
POINT
  5
203
330
1F4
100
AcDbEntity
  8
Defpoints
100
AcDbPoint
 10
0.0
 20
-1800.0
 30
0.0
  0
POINT
  5
204
330
1F4
100
AcDbEntity
  8
Defpoints
100
AcDbPoint
 10
0.0
 20
0.0
 30
0.0
  0
POINT
  5
205
330
1F4
100
AcDbEntity
  8
Defpoints
100
AcDbPoint
 10
346.0
 20
0.0
 30
0.0
  0
ENDBLK
  5
1F6
330
1F4
100
AcDbEntity
  8
0
100
AcDbBlockEnd
  0
BLOCK
  5
1FA
330
1F9
100
AcDbEntity
  8
0
100
AcDbBlockBegin
  2
_OBLIQUE
 70
0
 10
0.0
 20
0.0
 30
0.0
  3
_OBLIQUE
  1

  0
LINE
  5
1FC
330
1F9
100
AcDbEntity
  8
0
  6
BYBLOCK
 62
0
100
AcDbLine
 10
-0.5
 20
-0.5
 30
0.0
 11
0.5
 21
0.5
 31
0.0
  0
ENDBLK
  5
1FB
330
1F9
100
AcDbEntity
  8
0
100
AcDbBlockEnd
  0
BLOCK
  5
208
330
207
100
AcDbEntity
  8
0
100
AcDbBlockBegin
  2
*D2
 70
1
 10
0.0
 20
0.0
 30
0.0
  3
*D2
  1

  0
LINE
  5
20A
330
207
100
AcDbEntity
  8
0
100
AcDbLine
 10
346.0
 20
-120.0
 30
0.0
 11
346.0
 21
-1920.0
 31
0.0
  0
LINE
  5
20B
330
207
100
AcDbEntity
  8
0
100
AcDbLine
 10
5446.0
 20
-120.0
 30
0.0
 11
5446.0
 21
-1920.0
 31
0.0
  0
INSERT
  5
20C
330
207
100
AcDbEntity
  8
A-DIMS
100
AcDbBlockReference
  2
_OBLIQUE
 10
346.0
 20
-1800.0
 30
0.0
 41
120.0
 42
120.0
  0
INSERT
  5
20E
330
207
100
AcDbEntity
  8
A-DIMS
100
AcDbBlockReference
  2
_OBLIQUE
 10
5446.0
 20
-1800.0
 30
0.0
 41
120.0
 42
120.0
  0
LINE
  5
210
330
207
100
AcDbEntity
  8
0
100
AcDbLine
 10
346.0
 20
-1800.0
 30
0.0
 11
5446.0
 21
-1800.0
 31
0.0
  0
MTEXT
  5
211
330
207
100
AcDbEntity
  8
A-DIMS
100
AcDbMText
 10
2896.0
 20
-1650.0
 30
0.0
 40
180.0
 71
5
  1
5100
  7
OpenSansCondensed-Light
  0
POINT
  5
212
330
207
100
AcDbEntity
  8
Defpoints
100
AcDbPoint
 10
346.0
 20
-1800.0
 30
0.0
  0
POINT
  5
213
330
207
100
AcDbEntity
  8
Defpoints
100
AcDbPoint
 10
346.0
 20
0.0
 30
0.0
  0
POINT
  5
214
330
207
100
AcDbEntity
  8
Defpoints
100
AcDbPoint
 10
5446.0
 20
0.0
 30
0.0
  0
ENDBLK
  5
209
330
207
100
AcDbEntity
  8
0
100
AcDbBlockEnd
  0
BLOCK
  5
217
330
216
100
AcDbEntity
  8
0
100
AcDbBlockBegin
  2
*D3
 70
1
 10
0.0
 20
0.0
 30
0.0
  3
*D3
  1

  0
LINE
  5
219
330
216
100
AcDbEntity
  8
0
100
AcDbLine
 10
5446.0
 20
-120.0
 30
0.0
 11
5446.0
 21
-1920.0
 31
0.0
  0
LINE
  5
21A
330
216
100
AcDbEntity
  8
0
100
AcDbLine
 10
5792.0
 20
-120.0
 30
0.0
 11
5792.0
 21
-1920.0
 31
0.0
  0
INSERT
  5
21B
330
216
100
AcDbEntity
  8
A-DIMS
100
AcDbBlockReference
  2
_OBLIQUE
 10
5446.0
 20
-1800.0
 30
0.0
 41
120.0
 42
120.0
  0
INSERT
  5
21D
330
216
100
AcDbEntity
  8
A-DIMS
100
AcDbBlockReference
  2
_OBLIQUE
 10
5792.0
 20
-1800.0
 30
0.0
 41
120.0
 42
120.0
  0
LINE
  5
21F
330
216
100
AcDbEntity
  8
0
100
AcDbLine
 10
5446.0
 20
-1800.0
 30
0.0
 11
5792.0
 21
-1800.0
 31
0.0
  0
MTEXT
  5
220
330
216
100
AcDbEntity
  8
A-DIMS
100
AcDbMText
 10
5619.0
 20
-1530.0
 30
0.0
 40
180.0
 71
5
  1
346
  7
OpenSansCondensed-Light
  0
POINT
  5
221
330
216
100
AcDbEntity
  8
Defpoints
100
AcDbPoint
 10
5446.0
 20
-1800.0
 30
0.0
  0
POINT
  5
222
330
216
100
AcDbEntity
  8
Defpoints
100
AcDbPoint
 10
5446.0
 20
0.0
 30
0.0
  0
POINT
  5
223
330
216
100
AcDbEntity
  8
Defpoints
100
AcDbPoint
 10
5792.0
 20
0.0
 30
0.0
  0
ENDBLK
  5
218
330
216
100
AcDbEntity
  8
0
100
AcDbBlockEnd
  0
BLOCK
  5
226
330
225
100
AcDbEntity
  8
0
100
AcDbBlockBegin
  2
*D4
 70
1
 10
0.0
 20
0.0
 30
0.0
  3
*D4
  1

  0
LINE
  5
228
330
225
100
AcDbEntity
  8
0
100
AcDbLine
 10
5792.0
 20
-120.0
 30
0.0
 11
5792.0
 21
-1920.0
 31
0.0
  0
LINE
  5
229
330
225
100
AcDbEntity
  8
0
100
AcDbLine
 10
6992.0
 20
-120.0
 30
0.0
 11
6992.0
 21
-1920.0
 31
0.0
  0
INSERT
  5
22A
330
225
100
AcDbEntity
  8
A-DIMS
100
AcDbBlockReference
  2
_OBLIQUE
 10
5792.0
 20
-1800.0
 30
0.0
 41
120.0
 42
120.0
  0
INSERT
  5
22C
330
225
100
AcDbEntity
  8
A-DIMS
100
AcDbBlockReference
  2
_OBLIQUE
 10
6992.0
 20
-1800.0
 30
0.0
 41
120.0
 42
120.0
  0
LINE
  5
22E
330
225
100
AcDbEntity
  8
0
100
AcDbLine
 10
5792.0
 20
-1800.0
 30
0.0
 11
6992.0
 21
-1800.0
 31
0.0
  0
MTEXT
  5
22F
330
225
100
AcDbEntity
  8
A-DIMS
100
AcDbMText
 10
6392.0
 20
-1650.0
 30
0.0
 40
180.0
 71
5
  1
1200
  7
OpenSansCondensed-Light
  0
POINT
  5
230
330
225
100
AcDbEntity
  8
Defpoints
100
AcDbPoint
 10
5792.0
 20
-1800.0
 30
0.0
  0
POINT
  5
231
330
225
100
AcDbEntity
  8
Defpoints
100
AcDbPoint
 10
5792.0
 20
0.0
 30
0.0
  0
POINT
  5
232
330
225
100
AcDbEntity
  8
Defpoints
100
AcDbPoint
 10
6992.0
 20
0.0
 30
0.0
  0
ENDBLK
  5
227
330
225
100
AcDbEntity
  8
0
100
AcDbBlockEnd
  0
BLOCK
  5
235
330
234
100
AcDbEntity
  8
0
100
AcDbBlockBegin
  2
*D5
 70
1
 10
0.0
 20
0.0
 30
0.0
  3
*D5
  1

  0
LINE
  5
237
330
234
100
AcDbEntity
  8
0
100
AcDbLine
 10
6992.0
 20
-120.0
 30
0.0
 11
6992.0
 21
-1920.0
 31
0.0
  0
LINE
  5
238
330
234
100
AcDbEntity
  8
0
100
AcDbLine
 10
10192.0
 20
-120.0
 30
0.0
 11
10192.0
 21
-1920.0
 31
0.0
  0
INSERT
  5
239
330
234
100
AcDbEntity
  8
A-DIMS
100
AcDbBlockReference
  2
_OBLIQUE
 10
6992.0
 20
-1800.0
 30
0.0
 41
120.0
 42
120.0
  0
INSERT
  5
23B
330
234
100
AcDbEntity
  8
A-DIMS
100
AcDbBlockReference
  2
_OBLIQUE
 10
10192.0
 20
-1800.0
 30
0.0
 41
120.0
 42
120.0
  0
LINE
  5
23D
330
234
100
AcDbEntity
  8
0
100
AcDbLine
 10
6992.0
 20
-1800.0
 30
0.0
 11
10192.0
 21
-1800.0
 31
0.0
  0
MTEXT
  5
23E
330
234
100
AcDbEntity
  8
A-DIMS
100
AcDbMText
 10
8592.0
 20
-1650.0
 30
0.0
 40
180.0
 71
5
  1
3200
  7
OpenSansCondensed-Light
  0
POINT
  5
23F
330
234
100
AcDbEntity
  8
Defpoints
100
AcDbPoint
 10
6992.0
 20
-1800.0
 30
0.0
  0
POINT
  5
240
330
234
100
AcDbEntity
  8
Defpoints
100
AcDbPoint
 10
6992.0
 20
0.0
 30
0.0
  0
POINT
  5
241
330
234
100
AcDbEntity
  8
Defpoints
100
AcDbPoint
 10
10192.0
 20
0.0
 30
0.0
  0
ENDBLK
  5
236
330
234
100
AcDbEntity
  8
0
100
AcDbBlockEnd
  0
BLOCK
  5
244
330
243
100
AcDbEntity
  8
0
100
AcDbBlockBegin
  2
*D6
 70
1
 10
0.0
 20
0.0
 30
0.0
  3
*D6
  1

  0
LINE
  5
246
330
243
100
AcDbEntity
  8
0
100
AcDbLine
 10
0.0
 20
-120.0
 30
0.0
 11
0.0
 21
-2370.0
 31
0.0
  0
LINE
  5
247
330
243
100
AcDbEntity
  8
0
100
AcDbLine
 10
10192.0
 20
-120.0
 30
0.0
 11
10192.0
 21
-2370.0
 31
0.0
  0
INSERT
  5
248
330
243
100
AcDbEntity
  8
A-DIMS
100
AcDbBlockReference
  2
_OBLIQUE
 10
0.0
 20
-2250.0
 30
0.0
 41
120.0
 42
120.0
  0
INSERT
  5
24A
330
243
100
AcDbEntity
  8
A-DIMS
100
AcDbBlockReference
  2
_OBLIQUE
 10
10192.0
 20
-2250.0
 30
0.0
 41
120.0
 42
120.0
  0
LINE
  5
24C
330
243
100
AcDbEntity
  8
0
100
AcDbLine
 10
0.0
 20
-2250.0
 30
0.0
 11
10192.0
 21
-2250.0
 31
0.0
  0
MTEXT
  5
24D
330
243
100
AcDbEntity
  8
A-DIMS
100
AcDbMText
 10
5096.0
 20
-2100.0
 30
0.0
 40
180.0
 71
5
  1
10192
  7
OpenSansCondensed-Light
  0
POINT
  5
24E
330
243
100
AcDbEntity
  8
Defpoints
100
AcDbPoint
 10
0.0
 20
-2250.0
 30
0.0
  0
POINT
  5
24F
330
243
100
AcDbEntity
  8
Defpoints
100
AcDbPoint
 10
0.0
 20
0.0
 30
0.0
  0
POINT
  5
250
330
243
100
AcDbEntity
  8
Defpoints
100
AcDbPoint
 10
10192.0
 20
0.0
 30
0.0
  0
ENDBLK
  5
245
330
243
100
AcDbEntity
  8
0
100
AcDbBlockEnd
  0
BLOCK
  5
253
330
252
100
AcDbEntity
  8
0
100
AcDbBlockBegin
  2
*D7
 70
1
 10
0.0
 20
0.0
 30
0.0
  3
*D7
  1

  0
LINE
  5
255
330
252
100
AcDbEntity
  8
0
100
AcDbLine
 10
0.0
 20
14208.0
 30
0.0
 11
0.0
 21
14758.0
 31
0.0
  0
LINE
  5
256
330
252
100
AcDbEntity
  8
0
100
AcDbLine
 10
771.0
 20
14208.0
 30
0.0
 11
771.0
 21
14758.0
 31
0.0
  0
INSERT
  5
257
330
252
100
AcDbEntity
  8
A-DIMS
100
AcDbBlockReference
  2
_OBLIQUE
 10
0.0
 20
14638.0
 30
0.0
 41
120.0
 42
120.0
  0
INSERT
  5
259
330
252
100
AcDbEntity
  8
A-DIMS
100
AcDbBlockReference
  2
_OBLIQUE
 10
771.0
 20
14638.0
 30
0.0
 41
120.0
 42
120.0
  0
LINE
  5
25B
330
252
100
AcDbEntity
  8
0
100
AcDbLine
 10
0.0
 20
14638.0
 30
0.0
 11
771.0
 21
14638.0
 31
0.0
  0
MTEXT
  5
25C
330
252
100
AcDbEntity
  8
A-DIMS
100
AcDbMText
 10
385.5
 20
14788.0
 30
0.0
 40
180.0
 71
5
  1
771
  7
OpenSansCondensed-Light
  0
POINT
  5
25D
330
252
100
AcDbEntity
  8
Defpoints
100
AcDbPoint
 10
0.0
 20
14638.0
 30
0.0
  0
POINT
  5
25E
330
252
100
AcDbEntity
  8
Defpoints
100
AcDbPoint
 10
0.0
 20
14088.0
 30
0.0
  0
POINT
  5
25F
330
252
100
AcDbEntity
  8
Defpoints
100
AcDbPoint
 10
771.0
 20
14088.0
 30
0.0
  0
ENDBLK
  5
254
330
252
100
AcDbEntity
  8
0
100
AcDbBlockEnd
  0
BLOCK
  5
262
330
261
100
AcDbEntity
  8
0
100
AcDbBlockBegin
  2
*D8
 70
1
 10
0.0
 20
0.0
 30
0.0
  3
*D8
  1

  0
LINE
  5
264
330
261
100
AcDbEntity
  8
0
100
AcDbLine
 10
771.0
 20
14208.0
 30
0.0
 11
771.0
 21
14758.0
 31
0.0
  0
LINE
  5
265
330
261
100
AcDbEntity
  8
0
100
AcDbLine
 10
2571.0
 20
14208.0
 30
0.0
 11
2571.0
 21
14758.0
 31
0.0
  0
INSERT
  5
266
330
261
100
AcDbEntity
  8
A-DIMS
100
AcDbBlockReference
  2
_OBLIQUE
 10
771.0
 20
14638.0
 30
0.0
 41
120.0
 42
120.0
  0
INSERT
  5
268
330
261
100
AcDbEntity
  8
A-DIMS
100
AcDbBlockReference
  2
_OBLIQUE
 10
2571.0
 20
14638.0
 30
0.0
 41
120.0
 42
120.0
  0
LINE
  5
26A
330
261
100
AcDbEntity
  8
0
100
AcDbLine
 10
771.0
 20
14638.0
 30
0.0
 11
2571.0
 21
14638.0
 31
0.0
  0
MTEXT
  5
26B
330
261
100
AcDbEntity
  8
A-DIMS
100
AcDbMText
 10
1671.0
 20
14788.0
 30
0.0
 40
180.0
 71
5
  1
1800
  7
OpenSansCondensed-Light
  0
POINT
  5
26C
330
261
100
AcDbEntity
  8
Defpoints
100
AcDbPoint
 10
771.0
 20
14638.0
 30
0.0
  0
POINT
  5
26D
330
261
100
AcDbEntity
  8
Defpoints
100
AcDbPoint
 10
771.0
 20
14088.0
 30
0.0
  0
POINT
  5
26E
330
261
100
AcDbEntity
  8
Defpoints
100
AcDbPoint
 10
2571.0
 20
14088.0
 30
0.0
  0
ENDBLK
  5
263
330
261
100
AcDbEntity
  8
0
100
AcDbBlockEnd
  0
BLOCK
  5
271
330
270
100
AcDbEntity
  8
0
100
AcDbBlockBegin
  2
*D9
 70
1
 10
0.0
 20
0.0
 30
0.0
  3
*D9
  1

  0
LINE
  5
273
330
270
100
AcDbEntity
  8
0
100
AcDbLine
 10
2571.0
 20
14208.0
 30
0.0
 11
2571.0
 21
14758.0
 31
0.0
  0
LINE
  5
274
330
270
100
AcDbEntity
  8
0
100
AcDbLine
 10
3717.0
 20
14208.0
 30
0.0
 11
3717.0
 21
14758.0
 31
0.0
  0
INSERT
  5
275
330
270
100
AcDbEntity
  8
A-DIMS
100
AcDbBlockReference
  2
_OBLIQUE
 10
2571.0
 20
14638.0
 30
0.0
 41
120.0
 42
120.0
  0
INSERT
  5
277
330
270
100
AcDbEntity
  8
A-DIMS
100
AcDbBlockReference
  2
_OBLIQUE
 10
3717.0
 20
14638.0
 30
0.0
 41
120.0
 42
120.0
  0
LINE
  5
279
330
270
100
AcDbEntity
  8
0
100
AcDbLine
 10
2571.0
 20
14638.0
 30
0.0
 11
3717.0
 21
14638.0
 31
0.0
  0
MTEXT
  5
27A
330
270
100
AcDbEntity
  8
A-DIMS
100
AcDbMText
 10
3144.0
 20
14788.0
 30
0.0
 40
180.0
 71
5
  1
1146
  7
OpenSansCondensed-Light
  0
POINT
  5
27B
330
270
100
AcDbEntity
  8
Defpoints
100
AcDbPoint
 10
2571.0
 20
14638.0
 30
0.0
  0
POINT
  5
27C
330
270
100
AcDbEntity
  8
Defpoints
100
AcDbPoint
 10
2571.0
 20
14088.0
 30
0.0
  0
POINT
  5
27D
330
270
100
AcDbEntity
  8
Defpoints
100
AcDbPoint
 10
3717.0
 20
14088.0
 30
0.0
  0
ENDBLK
  5
272
330
270
100
AcDbEntity
  8
0
100
AcDbBlockEnd
  0
BLOCK
  5
280
330
27F
100
AcDbEntity
  8
0
100
AcDbBlockBegin
  2
*D10
 70
1
 10
0.0
 20
0.0
 30
0.0
  3
*D10
  1

  0
LINE
  5
282
330
27F
100
AcDbEntity
  8
0
100
AcDbLine
 10
3717.0
 20
14208.0
 30
0.0
 11
3717.0
 21
14758.0
 31
0.0
  0
LINE
  5
283
330
27F
100
AcDbEntity
  8
0
100
AcDbLine
 10
4317.0
 20
14208.0
 30
0.0
 11
4317.0
 21
14758.0
 31
0.0
  0
INSERT
  5
284
330
27F
100
AcDbEntity
  8
A-DIMS
100
AcDbBlockReference
  2
_OBLIQUE
 10
3717.0
 20
14638.0
 30
0.0
 41
120.0
 42
120.0
  0
INSERT
  5
286
330
27F
100
AcDbEntity
  8
A-DIMS
100
AcDbBlockReference
  2
_OBLIQUE
 10
4317.0
 20
14638.0
 30
0.0
 41
120.0
 42
120.0
  0
LINE
  5
288
330
27F
100
AcDbEntity
  8
0
100
AcDbLine
 10
3717.0
 20
14638.0
 30
0.0
 11
4317.0
 21
14638.0
 31
0.0
  0
MTEXT
  5
289
330
27F
100
AcDbEntity
  8
A-DIMS
100
AcDbMText
 10
4017.0
 20
14788.0
 30
0.0
 40
180.0
 71
5
  1
600
  7
OpenSansCondensed-Light
  0
POINT
  5
28A
330
27F
100
AcDbEntity
  8
Defpoints
100
AcDbPoint
 10
3717.0
 20
14638.0
 30
0.0
  0
POINT
  5
28B
330
27F
100
AcDbEntity
  8
Defpoints
100
AcDbPoint
 10
3717.0
 20
14088.0
 30
0.0
  0
POINT
  5
28C
330
27F
100
AcDbEntity
  8
Defpoints
100
AcDbPoint
 10
4317.0
 20
14088.0
 30
0.0
  0
ENDBLK
  5
281
330
27F
100
AcDbEntity
  8
0
100
AcDbBlockEnd
  0
BLOCK
  5
28F
330
28E
100
AcDbEntity
  8
0
100
AcDbBlockBegin
  2
*D11
 70
1
 10
0.0
 20
0.0
 30
0.0
  3
*D11
  1

  0
LINE
  5
291
330
28E
100
AcDbEntity
  8
0
100
AcDbLine
 10
4317.0
 20
14208.0
 30
0.0
 11
4317.0
 21
14758.0
 31
0.0
  0
LINE
  5
292
330
28E
100
AcDbEntity
  8
0
100
AcDbLine
 10
5342.0
 20
14208.0
 30
0.0
 11
5342.0
 21
14758.0
 31
0.0
  0
INSERT
  5
293
330
28E
100
AcDbEntity
  8
A-DIMS
100
AcDbBlockReference
  2
_OBLIQUE
 10
4317.0
 20
14638.0
 30
0.0
 41
120.0
 42
120.0
  0
INSERT
  5
295
330
28E
100
AcDbEntity
  8
A-DIMS
100
AcDbBlockReference
  2
_OBLIQUE
 10
5342.0
 20
14638.0
 30
0.0
 41
120.0
 42
120.0
  0
LINE
  5
297
330
28E
100
AcDbEntity
  8
0
100
AcDbLine
 10
4317.0
 20
14638.0
 30
0.0
 11
5342.0
 21
14638.0
 31
0.0
  0
MTEXT
  5
298
330
28E
100
AcDbEntity
  8
A-DIMS
100
AcDbMText
 10
4829.5
 20
14788.0
 30
0.0
 40
180.0
 71
5
  1
1025
  7
OpenSansCondensed-Light
  0
POINT
  5
299
330
28E
100
AcDbEntity
  8
Defpoints
100
AcDbPoint
 10
4317.0
 20
14638.0
 30
0.0
  0
POINT
  5
29A
330
28E
100
AcDbEntity
  8
Defpoints
100
AcDbPoint
 10
4317.0
 20
14088.0
 30
0.0
  0
POINT
  5
29B
330
28E
100
AcDbEntity
  8
Defpoints
100
AcDbPoint
 10
5342.0
 20
14088.0
 30
0.0
  0
ENDBLK
  5
290
330
28E
100
AcDbEntity
  8
0
100
AcDbBlockEnd
  0
BLOCK
  5
29E
330
29D
100
AcDbEntity
  8
0
100
AcDbBlockBegin
  2
*D12
 70
1
 10
0.0
 20
0.0
 30
0.0
  3
*D12
  1

  0
LINE
  5
2A0
330
29D
100
AcDbEntity
  8
0
100
AcDbLine
 10
5342.0
 20
14208.0
 30
0.0
 11
5342.0
 21
14758.0
 31
0.0
  0
LINE
  5
2A1
330
29D
100
AcDbEntity
  8
0
100
AcDbLine
 10
7442.0
 20
14208.0
 30
0.0
 11
7442.0
 21
14758.0
 31
0.0
  0
INSERT
  5
2A2
330
29D
100
AcDbEntity
  8
A-DIMS
100
AcDbBlockReference
  2
_OBLIQUE
 10
5342.0
 20
14638.0
 30
0.0
 41
120.0
 42
120.0
  0
INSERT
  5
2A4
330
29D
100
AcDbEntity
  8
A-DIMS
100
AcDbBlockReference
  2
_OBLIQUE
 10
7442.0
 20
14638.0
 30
0.0
 41
120.0
 42
120.0
  0
LINE
  5
2A6
330
29D
100
AcDbEntity
  8
0
100
AcDbLine
 10
5342.0
 20
14638.0
 30
0.0
 11
7442.0
 21
14638.0
 31
0.0
  0
MTEXT
  5
2A7
330
29D
100
AcDbEntity
  8
A-DIMS
100
AcDbMText
 10
6392.0
 20
14788.0
 30
0.0
 40
180.0
 71
5
  1
2100
  7
OpenSansCondensed-Light
  0
POINT
  5
2A8
330
29D
100
AcDbEntity
  8
Defpoints
100
AcDbPoint
 10
5342.0
 20
14638.0
 30
0.0
  0
POINT
  5
2A9
330
29D
100
AcDbEntity
  8
Defpoints
100
AcDbPoint
 10
5342.0
 20
14088.0
 30
0.0
  0
POINT
  5
2AA
330
29D
100
AcDbEntity
  8
Defpoints
100
AcDbPoint
 10
7442.0
 20
14088.0
 30
0.0
  0
ENDBLK
  5
29F
330
29D
100
AcDbEntity
  8
0
100
AcDbBlockEnd
  0
BLOCK
  5
2AD
330
2AC
100
AcDbEntity
  8
0
100
AcDbBlockBegin
  2
*D13
 70
1
 10
0.0
 20
0.0
 30
0.0
  3
*D13
  1

  0
LINE
  5
2AF
330
2AC
100
AcDbEntity
  8
0
100
AcDbLine
 10
7442.0
 20
14208.0
 30
0.0
 11
7442.0
 21
14758.0
 31
0.0
  0
LINE
  5
2B0
330
2AC
100
AcDbEntity
  8
0
100
AcDbLine
 10
8692.0
 20
14208.0
 30
0.0
 11
8692.0
 21
14758.0
 31
0.0
  0
INSERT
  5
2B1
330
2AC
100
AcDbEntity
  8
A-DIMS
100
AcDbBlockReference
  2
_OBLIQUE
 10
7442.0
 20
14638.0
 30
0.0
 41
120.0
 42
120.0
  0
INSERT
  5
2B3
330
2AC
100
AcDbEntity
  8
A-DIMS
100
AcDbBlockReference
  2
_OBLIQUE
 10
8692.0
 20
14638.0
 30
0.0
 41
120.0
 42
120.0
  0
LINE
  5
2B5
330
2AC
100
AcDbEntity
  8
0
100
AcDbLine
 10
7442.0
 20
14638.0
 30
0.0
 11
8692.0
 21
14638.0
 31
0.0
  0
MTEXT
  5
2B6
330
2AC
100
AcDbEntity
  8
A-DIMS
100
AcDbMText
 10
8067.0
 20
14788.0
 30
0.0
 40
180.0
 71
5
  1
1250
  7
OpenSansCondensed-Light
  0
POINT
  5
2B7
330
2AC
100
AcDbEntity
  8
Defpoints
100
AcDbPoint
 10
7442.0
 20
14638.0
 30
0.0
  0
POINT
  5
2B8
330
2AC
100
AcDbEntity
  8
Defpoints
100
AcDbPoint
 10
7442.0
 20
14088.0
 30
0.0
  0
POINT
  5
2B9
330
2AC
100
AcDbEntity
  8
Defpoints
100
AcDbPoint
 10
8692.0
 20
14088.0
 30
0.0
  0
ENDBLK
  5
2AE
330
2AC
100
AcDbEntity
  8
0
100
AcDbBlockEnd
  0
BLOCK
  5
2BC
330
2BB
100
AcDbEntity
  8
0
100
AcDbBlockBegin
  2
*D14
 70
1
 10
0.0
 20
0.0
 30
0.0
  3
*D14
  1

  0
LINE
  5
2BE
330
2BB
100
AcDbEntity
  8
0
100
AcDbLine
 10
8692.0
 20
14208.0
 30
0.0
 11
8692.0
 21
14758.0
 31
0.0
  0
LINE
  5
2BF
330
2BB
100
AcDbEntity
  8
0
100
AcDbLine
 10
9592.0
 20
14208.0
 30
0.0
 11
9592.0
 21
14758.0
 31
0.0
  0
INSERT
  5
2C0
330
2BB
100
AcDbEntity
  8
A-DIMS
100
AcDbBlockReference
  2
_OBLIQUE
 10
8692.0
 20
14638.0
 30
0.0
 41
120.0
 42
120.0
  0
INSERT
  5
2C2
330
2BB
100
AcDbEntity
  8
A-DIMS
100
AcDbBlockReference
  2
_OBLIQUE
 10
9592.0
 20
14638.0
 30
0.0
 41
120.0
 42
120.0
  0
LINE
  5
2C4
330
2BB
100
AcDbEntity
  8
0
100
AcDbLine
 10
8692.0
 20
14638.0
 30
0.0
 11
9592.0
 21
14638.0
 31
0.0
  0
MTEXT
  5
2C5
330
2BB
100
AcDbEntity
  8
A-DIMS
100
AcDbMText
 10
9142.0
 20
14788.0
 30
0.0
 40
180.0
 71
5
  1
900
  7
OpenSansCondensed-Light
  0
POINT
  5
2C6
330
2BB
100
AcDbEntity
  8
Defpoints
100
AcDbPoint
 10
8692.0
 20
14638.0
 30
0.0
  0
POINT
  5
2C7
330
2BB
100
AcDbEntity
  8
Defpoints
100
AcDbPoint
 10
8692.0
 20
14088.0
 30
0.0
  0
POINT
  5
2C8
330
2BB
100
AcDbEntity
  8
Defpoints
100
AcDbPoint
 10
9592.0
 20
14088.0
 30
0.0
  0
ENDBLK
  5
2BD
330
2BB
100
AcDbEntity
  8
0
100
AcDbBlockEnd
  0
BLOCK
  5
2CB
330
2CA
100
AcDbEntity
  8
0
100
AcDbBlockBegin
  2
*D15
 70
1
 10
0.0
 20
0.0
 30
0.0
  3
*D15
  1

  0
LINE
  5
2CD
330
2CA
100
AcDbEntity
  8
0
100
AcDbLine
 10
9592.0
 20
14208.0
 30
0.0
 11
9592.0
 21
14758.0
 31
0.0
  0
LINE
  5
2CE
330
2CA
100
AcDbEntity
  8
0
100
AcDbLine
 10
10192.0
 20
14208.0
 30
0.0
 11
10192.0
 21
14758.0
 31
0.0
  0
INSERT
  5
2CF
330
2CA
100
AcDbEntity
  8
A-DIMS
100
AcDbBlockReference
  2
_OBLIQUE
 10
9592.0
 20
14638.0
 30
0.0
 41
120.0
 42
120.0
  0
INSERT
  5
2D1
330
2CA
100
AcDbEntity
  8
A-DIMS
100
AcDbBlockReference
  2
_OBLIQUE
 10
10192.0
 20
14638.0
 30
0.0
 41
120.0
 42
120.0
  0
LINE
  5
2D3
330
2CA
100
AcDbEntity
  8
0
100
AcDbLine
 10
9592.0
 20
14638.0
 30
0.0
 11
10192.0
 21
14638.0
 31
0.0
  0
MTEXT
  5
2D4
330
2CA
100
AcDbEntity
  8
A-DIMS
100
AcDbMText
 10
9892.0
 20
14788.0
 30
0.0
 40
180.0
 71
5
  1
600
  7
OpenSansCondensed-Light
  0
POINT
  5
2D5
330
2CA
100
AcDbEntity
  8
Defpoints
100
AcDbPoint
 10
9592.0
 20
14638.0
 30
0.0
  0
POINT
  5
2D6
330
2CA
100
AcDbEntity
  8
Defpoints
100
AcDbPoint
 10
9592.0
 20
14088.0
 30
0.0
  0
POINT
  5
2D7
330
2CA
100
AcDbEntity
  8
Defpoints
100
AcDbPoint
 10
10192.0
 20
14088.0
 30
0.0
  0
ENDBLK
  5
2CC
330
2CA
100
AcDbEntity
  8
0
100
AcDbBlockEnd
  0
BLOCK
  5
2DA
330
2D9
100
AcDbEntity
  8
0
100
AcDbBlockBegin
  2
*D16
 70
1
 10
0.0
 20
0.0
 30
0.0
  3
*D16
  1

  0
LINE
  5
2DC
330
2D9
100
AcDbEntity
  8
0
100
AcDbLine
 10
0.0
 20
14208.0
 30
0.0
 11
0.0
 21
15208.0
 31
0.0
  0
LINE
  5
2DD
330
2D9
100
AcDbEntity
  8
0
100
AcDbLine
 10
3342.0
 20
14208.0
 30
0.0
 11
3342.0
 21
15208.0
 31
0.0
  0
INSERT
  5
2DE
330
2D9
100
AcDbEntity
  8
A-DIMS
100
AcDbBlockReference
  2
_OBLIQUE
 10
0.0
 20
15088.0
 30
0.0
 41
120.0
 42
120.0
  0
INSERT
  5
2E0
330
2D9
100
AcDbEntity
  8
A-DIMS
100
AcDbBlockReference
  2
_OBLIQUE
 10
3342.0
 20
15088.0
 30
0.0
 41
120.0
 42
120.0
  0
LINE
  5
2E2
330
2D9
100
AcDbEntity
  8
0
100
AcDbLine
 10
0.0
 20
15088.0
 30
0.0
 11
3342.0
 21
15088.0
 31
0.0
  0
MTEXT
  5
2E3
330
2D9
100
AcDbEntity
  8
A-DIMS
100
AcDbMText
 10
1671.0
 20
15238.0
 30
0.0
 40
180.0
 71
5
  1
3342
  7
OpenSansCondensed-Light
  0
POINT
  5
2E4
330
2D9
100
AcDbEntity
  8
Defpoints
100
AcDbPoint
 10
0.0
 20
15088.0
 30
0.0
  0
POINT
  5
2E5
330
2D9
100
AcDbEntity
  8
Defpoints
100
AcDbPoint
 10
0.0
 20
14088.0
 30
0.0
  0
POINT
  5
2E6
330
2D9
100
AcDbEntity
  8
Defpoints
100
AcDbPoint
 10
3342.0
 20
14088.0
 30
0.0
  0
ENDBLK
  5
2DB
330
2D9
100
AcDbEntity
  8
0
100
AcDbBlockEnd
  0
BLOCK
  5
2E9
330
2E8
100
AcDbEntity
  8
0
100
AcDbBlockBegin
  2
*D17
 70
1
 10
0.0
 20
0.0
 30
0.0
  3
*D17
  1

  0
LINE
  5
2EB
330
2E8
100
AcDbEntity
  8
0
100
AcDbLine
 10
3342.0
 20
14208.0
 30
0.0
 11
3342.0
 21
15208.0
 31
0.0
  0
LINE
  5
2EC
330
2E8
100
AcDbEntity
  8
0
100
AcDbLine
 10
4692.0
 20
14208.0
 30
0.0
 11
4692.0
 21
15208.0
 31
0.0
  0
INSERT
  5
2ED
330
2E8
100
AcDbEntity
  8
A-DIMS
100
AcDbBlockReference
  2
_OBLIQUE
 10
3342.0
 20
15088.0
 30
0.0
 41
120.0
 42
120.0
  0
INSERT
  5
2EF
330
2E8
100
AcDbEntity
  8
A-DIMS
100
AcDbBlockReference
  2
_OBLIQUE
 10
4692.0
 20
15088.0
 30
0.0
 41
120.0
 42
120.0
  0
LINE
  5
2F1
330
2E8
100
AcDbEntity
  8
0
100
AcDbLine
 10
3342.0
 20
15088.0
 30
0.0
 11
4692.0
 21
15088.0
 31
0.0
  0
MTEXT
  5
2F2
330
2E8
100
AcDbEntity
  8
A-DIMS
100
AcDbMText
 10
4017.0
 20
15238.0
 30
0.0
 40
180.0
 71
5
  1
1350
  7
OpenSansCondensed-Light
  0
POINT
  5
2F3
330
2E8
100
AcDbEntity
  8
Defpoints
100
AcDbPoint
 10
3342.0
 20
15088.0
 30
0.0
  0
POINT
  5
2F4
330
2E8
100
AcDbEntity
  8
Defpoints
100
AcDbPoint
 10
3342.0
 20
14088.0
 30
0.0
  0
POINT
  5
2F5
330
2E8
100
AcDbEntity
  8
Defpoints
100
AcDbPoint
 10
4692.0
 20
14088.0
 30
0.0
  0
ENDBLK
  5
2EA
330
2E8
100
AcDbEntity
  8
0
100
AcDbBlockEnd
  0
BLOCK
  5
2F8
330
2F7
100
AcDbEntity
  8
0
100
AcDbBlockBegin
  2
*D18
 70
1
 10
0.0
 20
0.0
 30
0.0
  3
*D18
  1

  0
LINE
  5
2FA
330
2F7
100
AcDbEntity
  8
0
100
AcDbLine
 10
4692.0
 20
14208.0
 30
0.0
 11
4692.0
 21
15208.0
 31
0.0
  0
LINE
  5
2FB
330
2F7
100
AcDbEntity
  8
0
100
AcDbLine
 10
8092.0
 20
14208.0
 30
0.0
 11
8092.0
 21
15208.0
 31
0.0
  0
INSERT
  5
2FC
330
2F7
100
AcDbEntity
  8
A-DIMS
100
AcDbBlockReference
  2
_OBLIQUE
 10
4692.0
 20
15088.0
 30
0.0
 41
120.0
 42
120.0
  0
INSERT
  5
2FE
330
2F7
100
AcDbEntity
  8
A-DIMS
100
AcDbBlockReference
  2
_OBLIQUE
 10
8092.0
 20
15088.0
 30
0.0
 41
120.0
 42
120.0
  0
LINE
  5
300
330
2F7
100
AcDbEntity
  8
0
100
AcDbLine
 10
4692.0
 20
15088.0
 30
0.0
 11
8092.0
 21
15088.0
 31
0.0
  0
MTEXT
  5
301
330
2F7
100
AcDbEntity
  8
A-DIMS
100
AcDbMText
 10
6392.0
 20
15238.0
 30
0.0
 40
180.0
 71
5
  1
3400
  7
OpenSansCondensed-Light
  0
POINT
  5
302
330
2F7
100
AcDbEntity
  8
Defpoints
100
AcDbPoint
 10
4692.0
 20
15088.0
 30
0.0
  0
POINT
  5
303
330
2F7
100
AcDbEntity
  8
Defpoints
100
AcDbPoint
 10
4692.0
 20
14088.0
 30
0.0
  0
POINT
  5
304
330
2F7
100
AcDbEntity
  8
Defpoints
100
AcDbPoint
 10
8092.0
 20
14088.0
 30
0.0
  0
ENDBLK
  5
2F9
330
2F7
100
AcDbEntity
  8
0
100
AcDbBlockEnd
  0
BLOCK
  5
307
330
306
100
AcDbEntity
  8
0
100
AcDbBlockBegin
  2
*D19
 70
1
 10
0.0
 20
0.0
 30
0.0
  3
*D19
  1

  0
LINE
  5
309
330
306
100
AcDbEntity
  8
0
100
AcDbLine
 10
8092.0
 20
14208.0
 30
0.0
 11
8092.0
 21
15208.0
 31
0.0
  0
LINE
  5
30A
330
306
100
AcDbEntity
  8
0
100
AcDbLine
 10
10192.0
 20
14208.0
 30
0.0
 11
10192.0
 21
15208.0
 31
0.0
  0
INSERT
  5
30B
330
306
100
AcDbEntity
  8
A-DIMS
100
AcDbBlockReference
  2
_OBLIQUE
 10
8092.0
 20
15088.0
 30
0.0
 41
120.0
 42
120.0
  0
INSERT
  5
30D
330
306
100
AcDbEntity
  8
A-DIMS
100
AcDbBlockReference
  2
_OBLIQUE
 10
10192.0
 20
15088.0
 30
0.0
 41
120.0
 42
120.0
  0
LINE
  5
30F
330
306
100
AcDbEntity
  8
0
100
AcDbLine
 10
8092.0
 20
15088.0
 30
0.0
 11
10192.0
 21
15088.0
 31
0.0
  0
MTEXT
  5
310
330
306
100
AcDbEntity
  8
A-DIMS
100
AcDbMText
 10
9142.0
 20
15238.0
 30
0.0
 40
180.0
 71
5
  1
2100
  7
OpenSansCondensed-Light
  0
POINT
  5
311
330
306
100
AcDbEntity
  8
Defpoints
100
AcDbPoint
 10
8092.0
 20
15088.0
 30
0.0
  0
POINT
  5
312
330
306
100
AcDbEntity
  8
Defpoints
100
AcDbPoint
 10
8092.0
 20
14088.0
 30
0.0
  0
POINT
  5
313
330
306
100
AcDbEntity
  8
Defpoints
100
AcDbPoint
 10
10192.0
 20
14088.0
 30
0.0
  0
ENDBLK
  5
308
330
306
100
AcDbEntity
  8
0
100
AcDbBlockEnd
  0
BLOCK
  5
316
330
315
100
AcDbEntity
  8
0
100
AcDbBlockBegin
  2
*D20
 70
1
 10
0.0
 20
0.0
 30
0.0
  3
*D20
  1

  0
LINE
  5
318
330
315
100
AcDbEntity
  8
0
100
AcDbLine
 10
0.0
 20
14208.0
 30
0.0
 11
0.0
 21
15658.0
 31
0.0
  0
LINE
  5
319
330
315
100
AcDbEntity
  8
0
100
AcDbLine
 10
10192.0
 20
14208.0
 30
0.0
 11
10192.0
 21
15658.0
 31
0.0
  0
INSERT
  5
31A
330
315
100
AcDbEntity
  8
A-DIMS
100
AcDbBlockReference
  2
_OBLIQUE
 10
0.0
 20
15538.0
 30
0.0
 41
120.0
 42
120.0
  0
INSERT
  5
31C
330
315
100
AcDbEntity
  8
A-DIMS
100
AcDbBlockReference
  2
_OBLIQUE
 10
10192.0
 20
15538.0
 30
0.0
 41
120.0
 42
120.0
  0
LINE
  5
31E
330
315
100
AcDbEntity
  8
0
100
AcDbLine
 10
0.0
 20
15538.0
 30
0.0
 11
10192.0
 21
15538.0
 31
0.0
  0
MTEXT
  5
31F
330
315
100
AcDbEntity
  8
A-DIMS
100
AcDbMText
 10
5096.0
 20
15688.0
 30
0.0
 40
180.0
 71
5
  1
10192
  7
OpenSansCondensed-Light
  0
POINT
  5
320
330
315
100
AcDbEntity
  8
Defpoints
100
AcDbPoint
 10
0.0
 20
15538.0
 30
0.0
  0
POINT
  5
321
330
315
100
AcDbEntity
  8
Defpoints
100
AcDbPoint
 10
0.0
 20
14088.0
 30
0.0
  0
POINT
  5
322
330
315
100
AcDbEntity
  8
Defpoints
100
AcDbPoint
 10
10192.0
 20
14088.0
 30
0.0
  0
ENDBLK
  5
317
330
315
100
AcDbEntity
  8
0
100
AcDbBlockEnd
  0
BLOCK
  5
325
330
324
100
AcDbEntity
  8
0
100
AcDbBlockBegin
  2
*D21
 70
1
 10
0.0
 20
0.0
 30
0.0
  3
*D21
  1

  0
LINE
  5
327
330
324
100
AcDbEntity
  8
0
100
AcDbLine
 10
-120.0
 20
0.0
 30
0.0
 11
-670.0
 21
0.0
 31
0.0
  0
LINE
  5
328
330
324
100
AcDbEntity
  8
0
100
AcDbLine
 10
-120.0
 20
425.0
 30
0.0
 11
-670.0
 21
425.0
 31
0.0
  0
INSERT
  5
329
330
324
100
AcDbEntity
  8
A-DIMS
100
AcDbBlockReference
  2
_OBLIQUE
 10
-550.0
 20
0.0
 30
0.0
 41
120.0
 42
120.0
 50
90.0
  0
INSERT
  5
32B
330
324
100
AcDbEntity
  8
A-DIMS
100
AcDbBlockReference
  2
_OBLIQUE
 10
-550.0
 20
425.0
 30
0.0
 41
120.0
 42
120.0
 50
90.0
  0
LINE
  5
32D
330
324
100
AcDbEntity
  8
0
100
AcDbLine
 10
-550.0
 20
0.0
 30
0.0
 11
-550.0
 21
425.0
 31
0.0
  0
MTEXT
  5
32E
330
324
100
AcDbEntity
  8
A-DIMS
100
AcDbMText
 10
-820.0
 20
212.5
 30
0.0
 40
180.0
 71
5
  1
425
  7
OpenSansCondensed-Light
 50
90.0
  0
POINT
  5
32F
330
324
100
AcDbEntity
  8
Defpoints
100
AcDbPoint
 10
-550.0
 20
0.0
 30
0.0
  0
POINT
  5
330
330
324
100
AcDbEntity
  8
Defpoints
100
AcDbPoint
 10
0.0
 20
0.0
 30
0.0
  0
POINT
  5
331
330
324
100
AcDbEntity
  8
Defpoints
100
AcDbPoint
 10
0.0
 20
425.0
 30
0.0
  0
ENDBLK
  5
326
330
324
100
AcDbEntity
  8
0
100
AcDbBlockEnd
  0
BLOCK
  5
334
330
333
100
AcDbEntity
  8
0
100
AcDbBlockBegin
  2
*D22
 70
1
 10
0.0
 20
0.0
 30
0.0
  3
*D22
  1

  0
LINE
  5
336
330
333
100
AcDbEntity
  8
0
100
AcDbLine
 10
-120.0
 20
425.0
 30
0.0
 11
-670.0
 21
425.0
 31
0.0
  0
LINE
  5
337
330
333
100
AcDbEntity
  8
0
100
AcDbLine
 10
-120.0
 20
4025.0
 30
0.0
 11
-670.0
 21
4025.0
 31
0.0
  0
INSERT
  5
338
330
333
100
AcDbEntity
  8
A-DIMS
100
AcDbBlockReference
  2
_OBLIQUE
 10
-550.0
 20
425.0
 30
0.0
 41
120.0
 42
120.0
 50
90.0
  0
INSERT
  5
33A
330
333
100
AcDbEntity
  8
A-DIMS
100
AcDbBlockReference
  2
_OBLIQUE
 10
-550.0
 20
4025.0
 30
0.0
 41
120.0
 42
120.0
 50
90.0
  0
LINE
  5
33C
330
333
100
AcDbEntity
  8
0
100
AcDbLine
 10
-550.0
 20
425.0
 30
0.0
 11
-550.0
 21
4025.0
 31
0.0
  0
MTEXT
  5
33D
330
333
100
AcDbEntity
  8
A-DIMS
100
AcDbMText
 10
-700.0
 20
2225.0
 30
0.0
 40
180.0
 71
5
  1
3600
  7
OpenSansCondensed-Light
 50
90.0
  0
POINT
  5
33E
330
333
100
AcDbEntity
  8
Defpoints
100
AcDbPoint
 10
-550.0
 20
425.0
 30
0.0
  0
POINT
  5
33F
330
333
100
AcDbEntity
  8
Defpoints
100
AcDbPoint
 10
0.0
 20
425.0
 30
0.0
  0
POINT
  5
340
330
333
100
AcDbEntity
  8
Defpoints
100
AcDbPoint
 10
0.0
 20
4025.0
 30
0.0
  0
ENDBLK
  5
335
330
333
100
AcDbEntity
  8
0
100
AcDbBlockEnd
  0
BLOCK
  5
343
330
342
100
AcDbEntity
  8
0
100
AcDbBlockBegin
  2
*D23
 70
1
 10
0.0
 20
0.0
 30
0.0
  3
*D23
  1

  0
LINE
  5
345
330
342
100
AcDbEntity
  8
0
100
AcDbLine
 10
-120.0
 20
4025.0
 30
0.0
 11
-670.0
 21
4025.0
 31
0.0
  0
LINE
  5
346
330
342
100
AcDbEntity
  8
0
100
AcDbLine
 10
-120.0
 20
7225.0
 30
0.0
 11
-670.0
 21
7225.0
 31
0.0
  0
INSERT
  5
347
330
342
100
AcDbEntity
  8
A-DIMS
100
AcDbBlockReference
  2
_OBLIQUE
 10
-550.0
 20
4025.0
 30
0.0
 41
120.0
 42
120.0
 50
90.0
  0
INSERT
  5
349
330
342
100
AcDbEntity
  8
A-DIMS
100
AcDbBlockReference
  2
_OBLIQUE
 10
-550.0
 20
7225.0
 30
0.0
 41
120.0
 42
120.0
 50
90.0
  0
LINE
  5
34B
330
342
100
AcDbEntity
  8
0
100
AcDbLine
 10
-550.0
 20
4025.0
 30
0.0
 11
-550.0
 21
7225.0
 31
0.0
  0
MTEXT
  5
34C
330
342
100
AcDbEntity
  8
A-DIMS
100
AcDbMText
 10
-700.0
 20
5625.0
 30
0.0
 40
180.0
 71
5
  1
3200
  7
OpenSansCondensed-Light
 50
90.0
  0
POINT
  5
34D
330
342
100
AcDbEntity
  8
Defpoints
100
AcDbPoint
 10
-550.0
 20
4025.0
 30
0.0
  0
POINT
  5
34E
330
342
100
AcDbEntity
  8
Defpoints
100
AcDbPoint
 10
0.0
 20
4025.0
 30
0.0
  0
POINT
  5
34F
330
342
100
AcDbEntity
  8
Defpoints
100
AcDbPoint
 10
0.0
 20
7225.0
 30
0.0
  0
ENDBLK
  5
344
330
342
100
AcDbEntity
  8
0
100
AcDbBlockEnd
  0
BLOCK
  5
352
330
351
100
AcDbEntity
  8
0
100
AcDbBlockBegin
  2
*D24
 70
1
 10
0.0
 20
0.0
 30
0.0
  3
*D24
  1

  0
LINE
  5
354
330
351
100
AcDbEntity
  8
0
100
AcDbLine
 10
-120.0
 20
7225.0
 30
0.0
 11
-670.0
 21
7225.0
 31
0.0
  0
LINE
  5
355
330
351
100
AcDbEntity
  8
0
100
AcDbLine
 10
-120.0
 20
7825.0
 30
0.0
 11
-670.0
 21
7825.0
 31
0.0
  0
INSERT
  5
356
330
351
100
AcDbEntity
  8
A-DIMS
100
AcDbBlockReference
  2
_OBLIQUE
 10
-550.0
 20
7225.0
 30
0.0
 41
120.0
 42
120.0
 50
90.0
  0
INSERT
  5
358
330
351
100
AcDbEntity
  8
A-DIMS
100
AcDbBlockReference
  2
_OBLIQUE
 10
-550.0
 20
7825.0
 30
0.0
 41
120.0
 42
120.0
 50
90.0
  0
LINE
  5
35A
330
351
100
AcDbEntity
  8
0
100
AcDbLine
 10
-550.0
 20
7225.0
 30
0.0
 11
-550.0
 21
7825.0
 31
0.0
  0
MTEXT
  5
35B
330
351
100
AcDbEntity
  8
A-DIMS
100
AcDbMText
 10
-700.0
 20
7525.0
 30
0.0
 40
180.0
 71
5
  1
600
  7
OpenSansCondensed-Light
 50
90.0
  0
POINT
  5
35C
330
351
100
AcDbEntity
  8
Defpoints
100
AcDbPoint
 10
-550.0
 20
7225.0
 30
0.0
  0
POINT
  5
35D
330
351
100
AcDbEntity
  8
Defpoints
100
AcDbPoint
 10
0.0
 20
7225.0
 30
0.0
  0
POINT
  5
35E
330
351
100
AcDbEntity
  8
Defpoints
100
AcDbPoint
 10
0.0
 20
7825.0
 30
0.0
  0
ENDBLK
  5
353
330
351
100
AcDbEntity
  8
0
100
AcDbBlockEnd
  0
BLOCK
  5
361
330
360
100
AcDbEntity
  8
0
100
AcDbBlockBegin
  2
*D25
 70
1
 10
0.0
 20
0.0
 30
0.0
  3
*D25
  1

  0
LINE
  5
363
330
360
100
AcDbEntity
  8
0
100
AcDbLine
 10
-120.0
 20
7825.0
 30
0.0
 11
-670.0
 21
7825.0
 31
0.0
  0
LINE
  5
364
330
360
100
AcDbEntity
  8
0
100
AcDbLine
 10
-120.0
 20
9175.0
 30
0.0
 11
-670.0
 21
9175.0
 31
0.0
  0
INSERT
  5
365
330
360
100
AcDbEntity
  8
A-DIMS
100
AcDbBlockReference
  2
_OBLIQUE
 10
-550.0
 20
7825.0
 30
0.0
 41
120.0
 42
120.0
 50
90.0
  0
INSERT
  5
367
330
360
100
AcDbEntity
  8
A-DIMS
100
AcDbBlockReference
  2
_OBLIQUE
 10
-550.0
 20
9175.0
 30
0.0
 41
120.0
 42
120.0
 50
90.0
  0
LINE
  5
369
330
360
100
AcDbEntity
  8
0
100
AcDbLine
 10
-550.0
 20
7825.0
 30
0.0
 11
-550.0
 21
9175.0
 31
0.0
  0
MTEXT
  5
36A
330
360
100
AcDbEntity
  8
A-DIMS
100
AcDbMText
 10
-700.0
 20
8500.0
 30
0.0
 40
180.0
 71
5
  1
1350
  7
OpenSansCondensed-Light
 50
90.0
  0
POINT
  5
36B
330
360
100
AcDbEntity
  8
Defpoints
100
AcDbPoint
 10
-550.0
 20
7825.0
 30
0.0
  0
POINT
  5
36C
330
360
100
AcDbEntity
  8
Defpoints
100
AcDbPoint
 10
0.0
 20
7825.0
 30
0.0
  0
POINT
  5
36D
330
360
100
AcDbEntity
  8
Defpoints
100
AcDbPoint
 10
0.0
 20
9175.0
 30
0.0
  0
ENDBLK
  5
362
330
360
100
AcDbEntity
  8
0
100
AcDbBlockEnd
  0
BLOCK
  5
370
330
36F
100
AcDbEntity
  8
0
100
AcDbBlockBegin
  2
*D26
 70
1
 10
0.0
 20
0.0
 30
0.0
  3
*D26
  1

  0
LINE
  5
372
330
36F
100
AcDbEntity
  8
0
100
AcDbLine
 10
-120.0
 20
9175.0
 30
0.0
 11
-670.0
 21
9175.0
 31
0.0
  0
LINE
  5
373
330
36F
100
AcDbEntity
  8
0
100
AcDbLine
 10
-120.0
 20
9925.0
 30
0.0
 11
-670.0
 21
9925.0
 31
0.0
  0
INSERT
  5
374
330
36F
100
AcDbEntity
  8
A-DIMS
100
AcDbBlockReference
  2
_OBLIQUE
 10
-550.0
 20
9175.0
 30
0.0
 41
120.0
 42
120.0
 50
90.0
  0
INSERT
  5
376
330
36F
100
AcDbEntity
  8
A-DIMS
100
AcDbBlockReference
  2
_OBLIQUE
 10
-550.0
 20
9925.0
 30
0.0
 41
120.0
 42
120.0
 50
90.0
  0
LINE
  5
378
330
36F
100
AcDbEntity
  8
0
100
AcDbLine
 10
-550.0
 20
9175.0
 30
0.0
 11
-550.0
 21
9925.0
 31
0.0
  0
MTEXT
  5
379
330
36F
100
AcDbEntity
  8
A-DIMS
100
AcDbMText
 10
-700.0
 20
9550.0
 30
0.0
 40
180.0
 71
5
  1
750
  7
OpenSansCondensed-Light
 50
90.0
  0
POINT
  5
37A
330
36F
100
AcDbEntity
  8
Defpoints
100
AcDbPoint
 10
-550.0
 20
9175.0
 30
0.0
  0
POINT
  5
37B
330
36F
100
AcDbEntity
  8
Defpoints
100
AcDbPoint
 10
0.0
 20
9175.0
 30
0.0
  0
POINT
  5
37C
330
36F
100
AcDbEntity
  8
Defpoints
100
AcDbPoint
 10
0.0
 20
9925.0
 30
0.0
  0
ENDBLK
  5
371
330
36F
100
AcDbEntity
  8
0
100
AcDbBlockEnd
  0
BLOCK
  5
37F
330
37E
100
AcDbEntity
  8
0
100
AcDbBlockBegin
  2
*D27
 70
1
 10
0.0
 20
0.0
 30
0.0
  3
*D27
  1

  0
LINE
  5
381
330
37E
100
AcDbEntity
  8
0
100
AcDbLine
 10
-120.0
 20
9925.0
 30
0.0
 11
-670.0
 21
9925.0
 31
0.0
  0
LINE
  5
382
330
37E
100
AcDbEntity
  8
0
100
AcDbLine
 10
-120.0
 20
11294.0
 30
0.0
 11
-670.0
 21
11294.0
 31
0.0
  0
INSERT
  5
383
330
37E
100
AcDbEntity
  8
A-DIMS
100
AcDbBlockReference
  2
_OBLIQUE
 10
-550.0
 20
9925.0
 30
0.0
 41
120.0
 42
120.0
 50
90.0
  0
INSERT
  5
385
330
37E
100
AcDbEntity
  8
A-DIMS
100
AcDbBlockReference
  2
_OBLIQUE
 10
-550.0
 20
11294.0
 30
0.0
 41
120.0
 42
120.0
 50
90.0
  0
LINE
  5
387
330
37E
100
AcDbEntity
  8
0
100
AcDbLine
 10
-550.0
 20
9925.0
 30
0.0
 11
-550.0
 21
11294.0
 31
0.0
  0
MTEXT
  5
388
330
37E
100
AcDbEntity
  8
A-DIMS
100
AcDbMText
 10
-700.0
 20
10609.5
 30
0.0
 40
180.0
 71
5
  1
1369
  7
OpenSansCondensed-Light
 50
90.0
  0
POINT
  5
389
330
37E
100
AcDbEntity
  8
Defpoints
100
AcDbPoint
 10
-550.0
 20
9925.0
 30
0.0
  0
POINT
  5
38A
330
37E
100
AcDbEntity
  8
Defpoints
100
AcDbPoint
 10
0.0
 20
9925.0
 30
0.0
  0
POINT
  5
38B
330
37E
100
AcDbEntity
  8
Defpoints
100
AcDbPoint
 10
0.0
 20
11294.0
 30
0.0
  0
ENDBLK
  5
380
330
37E
100
AcDbEntity
  8
0
100
AcDbBlockEnd
  0
BLOCK
  5
38E
330
38D
100
AcDbEntity
  8
0
100
AcDbBlockBegin
  2
*D28
 70
1
 10
0.0
 20
0.0
 30
0.0
  3
*D28
  1

  0
LINE
  5
390
330
38D
100
AcDbEntity
  8
0
100
AcDbLine
 10
-120.0
 20
11294.0
 30
0.0
 11
-670.0
 21
11294.0
 31
0.0
  0
LINE
  5
391
330
38D
100
AcDbEntity
  8
0
100
AcDbLine
 10
-120.0
 20
13094.0
 30
0.0
 11
-670.0
 21
13094.0
 31
0.0
  0
INSERT
  5
392
330
38D
100
AcDbEntity
  8
A-DIMS
100
AcDbBlockReference
  2
_OBLIQUE
 10
-550.0
 20
11294.0
 30
0.0
 41
120.0
 42
120.0
 50
90.0
  0
INSERT
  5
394
330
38D
100
AcDbEntity
  8
A-DIMS
100
AcDbBlockReference
  2
_OBLIQUE
 10
-550.0
 20
13094.0
 30
0.0
 41
120.0
 42
120.0
 50
90.0
  0
LINE
  5
396
330
38D
100
AcDbEntity
  8
0
100
AcDbLine
 10
-550.0
 20
11294.0
 30
0.0
 11
-550.0
 21
13094.0
 31
0.0
  0
MTEXT
  5
397
330
38D
100
AcDbEntity
  8
A-DIMS
100
AcDbMText
 10
-700.0
 20
12194.0
 30
0.0
 40
180.0
 71
5
  1
1800
  7
OpenSansCondensed-Light
 50
90.0
  0
POINT
  5
398
330
38D
100
AcDbEntity
  8
Defpoints
100
AcDbPoint
 10
-550.0
 20
11294.0
 30
0.0
  0
POINT
  5
399
330
38D
100
AcDbEntity
  8
Defpoints
100
AcDbPoint
 10
0.0
 20
11294.0
 30
0.0
  0
POINT
  5
39A
330
38D
100
AcDbEntity
  8
Defpoints
100
AcDbPoint
 10
0.0
 20
13094.0
 30
0.0
  0
ENDBLK
  5
38F
330
38D
100
AcDbEntity
  8
0
100
AcDbBlockEnd
  0
BLOCK
  5
39D
330
39C
100
AcDbEntity
  8
0
100
AcDbBlockBegin
  2
*D29
 70
1
 10
0.0
 20
0.0
 30
0.0
  3
*D29
  1

  0
LINE
  5
39F
330
39C
100
AcDbEntity
  8
0
100
AcDbLine
 10
-120.0
 20
13094.0
 30
0.0
 11
-670.0
 21
13094.0
 31
0.0
  0
LINE
  5
3A0
330
39C
100
AcDbEntity
  8
0
100
AcDbLine
 10
-120.0
 20
14088.0
 30
0.0
 11
-670.0
 21
14088.0
 31
0.0
  0
INSERT
  5
3A1
330
39C
100
AcDbEntity
  8
A-DIMS
100
AcDbBlockReference
  2
_OBLIQUE
 10
-550.0
 20
13094.0
 30
0.0
 41
120.0
 42
120.0
 50
90.0
  0
INSERT
  5
3A3
330
39C
100
AcDbEntity
  8
A-DIMS
100
AcDbBlockReference
  2
_OBLIQUE
 10
-550.0
 20
14088.0
 30
0.0
 41
120.0
 42
120.0
 50
90.0
  0
LINE
  5
3A5
330
39C
100
AcDbEntity
  8
0
100
AcDbLine
 10
-550.0
 20
13094.0
 30
0.0
 11
-550.0
 21
14088.0
 31
0.0
  0
MTEXT
  5
3A6
330
39C
100
AcDbEntity
  8
A-DIMS
100
AcDbMText
 10
-700.0
 20
13591.0
 30
0.0
 40
180.0
 71
5
  1
994
  7
OpenSansCondensed-Light
 50
90.0
  0
POINT
  5
3A7
330
39C
100
AcDbEntity
  8
Defpoints
100
AcDbPoint
 10
-550.0
 20
13094.0
 30
0.0
  0
POINT
  5
3A8
330
39C
100
AcDbEntity
  8
Defpoints
100
AcDbPoint
 10
0.0
 20
13094.0
 30
0.0
  0
POINT
  5
3A9
330
39C
100
AcDbEntity
  8
Defpoints
100
AcDbPoint
 10
0.0
 20
14088.0
 30
0.0
  0
ENDBLK
  5
39E
330
39C
100
AcDbEntity
  8
0
100
AcDbBlockEnd
  0
BLOCK
  5
3AC
330
3AB
100
AcDbEntity
  8
0
100
AcDbBlockBegin
  2
*D30
 70
1
 10
0.0
 20
0.0
 30
0.0
  3
*D30
  1

  0
LINE
  5
3AE
330
3AB
100
AcDbEntity
  8
0
100
AcDbLine
 10
-120.0
 20
0.0
 30
0.0
 11
-1120.0
 21
0.0
 31
0.0
  0
LINE
  5
3AF
330
3AB
100
AcDbEntity
  8
0
100
AcDbLine
 10
-120.0
 20
4450.0
 30
0.0
 11
-1120.0
 21
4450.0
 31
0.0
  0
INSERT
  5
3B0
330
3AB
100
AcDbEntity
  8
A-DIMS
100
AcDbBlockReference
  2
_OBLIQUE
 10
-1000.0
 20
0.0
 30
0.0
 41
120.0
 42
120.0
 50
90.0
  0
INSERT
  5
3B2
330
3AB
100
AcDbEntity
  8
A-DIMS
100
AcDbBlockReference
  2
_OBLIQUE
 10
-1000.0
 20
4450.0
 30
0.0
 41
120.0
 42
120.0
 50
90.0
  0
LINE
  5
3B4
330
3AB
100
AcDbEntity
  8
0
100
AcDbLine
 10
-1000.0
 20
0.0
 30
0.0
 11
-1000.0
 21
4450.0
 31
0.0
  0
MTEXT
  5
3B5
330
3AB
100
AcDbEntity
  8
A-DIMS
100
AcDbMText
 10
-1150.0
 20
2225.0
 30
0.0
 40
180.0
 71
5
  1
4450
  7
OpenSansCondensed-Light
 50
90.0
  0
POINT
  5
3B6
330
3AB
100
AcDbEntity
  8
Defpoints
100
AcDbPoint
 10
-1000.0
 20
0.0
 30
0.0
  0
POINT
  5
3B7
330
3AB
100
AcDbEntity
  8
Defpoints
100
AcDbPoint
 10
0.0
 20
0.0
 30
0.0
  0
POINT
  5
3B8
330
3AB
100
AcDbEntity
  8
Defpoints
100
AcDbPoint
 10
0.0
 20
4450.0
 30
0.0
  0
ENDBLK
  5
3AD
330
3AB
100
AcDbEntity
  8
0
100
AcDbBlockEnd
  0
BLOCK
  5
3BB
330
3BA
100
AcDbEntity
  8
0
100
AcDbBlockBegin
  2
*D31
 70
1
 10
0.0
 20
0.0
 30
0.0
  3
*D31
  1

  0
LINE
  5
3BD
330
3BA
100
AcDbEntity
  8
0
100
AcDbLine
 10
-120.0
 20
4450.0
 30
0.0
 11
-1120.0
 21
4450.0
 31
0.0
  0
LINE
  5
3BE
330
3BA
100
AcDbEntity
  8
0
100
AcDbLine
 10
-120.0
 20
6250.0
 30
0.0
 11
-1120.0
 21
6250.0
 31
0.0
  0
INSERT
  5
3BF
330
3BA
100
AcDbEntity
  8
A-DIMS
100
AcDbBlockReference
  2
_OBLIQUE
 10
-1000.0
 20
4450.0
 30
0.0
 41
120.0
 42
120.0
 50
90.0
  0
INSERT
  5
3C1
330
3BA
100
AcDbEntity
  8
A-DIMS
100
AcDbBlockReference
  2
_OBLIQUE
 10
-1000.0
 20
6250.0
 30
0.0
 41
120.0
 42
120.0
 50
90.0
  0
LINE
  5
3C3
330
3BA
100
AcDbEntity
  8
0
100
AcDbLine
 10
-1000.0
 20
4450.0
 30
0.0
 11
-1000.0
 21
6250.0
 31
0.0
  0
MTEXT
  5
3C4
330
3BA
100
AcDbEntity
  8
A-DIMS
100
AcDbMText
 10
-1150.0
 20
5350.0
 30
0.0
 40
180.0
 71
5
  1
1800
  7
OpenSansCondensed-Light
 50
90.0
  0
POINT
  5
3C5
330
3BA
100
AcDbEntity
  8
Defpoints
100
AcDbPoint
 10
-1000.0
 20
4450.0
 30
0.0
  0
POINT
  5
3C6
330
3BA
100
AcDbEntity
  8
Defpoints
100
AcDbPoint
 10
0.0
 20
4450.0
 30
0.0
  0
POINT
  5
3C7
330
3BA
100
AcDbEntity
  8
Defpoints
100
AcDbPoint
 10
0.0
 20
6250.0
 30
0.0
  0
ENDBLK
  5
3BC
330
3BA
100
AcDbEntity
  8
0
100
AcDbBlockEnd
  0
BLOCK
  5
3CA
330
3C9
100
AcDbEntity
  8
0
100
AcDbBlockBegin
  2
*D32
 70
1
 10
0.0
 20
0.0
 30
0.0
  3
*D32
  1

  0
LINE
  5
3CC
330
3C9
100
AcDbEntity
  8
0
100
AcDbLine
 10
-120.0
 20
6250.0
 30
0.0
 11
-1120.0
 21
6250.0
 31
0.0
  0
LINE
  5
3CD
330
3C9
100
AcDbEntity
  8
0
100
AcDbLine
 10
-120.0
 20
8800.0
 30
0.0
 11
-1120.0
 21
8800.0
 31
0.0
  0
INSERT
  5
3CE
330
3C9
100
AcDbEntity
  8
A-DIMS
100
AcDbBlockReference
  2
_OBLIQUE
 10
-1000.0
 20
6250.0
 30
0.0
 41
120.0
 42
120.0
 50
90.0
  0
INSERT
  5
3D0
330
3C9
100
AcDbEntity
  8
A-DIMS
100
AcDbBlockReference
  2
_OBLIQUE
 10
-1000.0
 20
8800.0
 30
0.0
 41
120.0
 42
120.0
 50
90.0
  0
LINE
  5
3D2
330
3C9
100
AcDbEntity
  8
0
100
AcDbLine
 10
-1000.0
 20
6250.0
 30
0.0
 11
-1000.0
 21
8800.0
 31
0.0
  0
MTEXT
  5
3D3
330
3C9
100
AcDbEntity
  8
A-DIMS
100
AcDbMText
 10
-1150.0
 20
7525.0
 30
0.0
 40
180.0
 71
5
  1
2550
  7
OpenSansCondensed-Light
 50
90.0
  0
POINT
  5
3D4
330
3C9
100
AcDbEntity
  8
Defpoints
100
AcDbPoint
 10
-1000.0
 20
6250.0
 30
0.0
  0
POINT
  5
3D5
330
3C9
100
AcDbEntity
  8
Defpoints
100
AcDbPoint
 10
0.0
 20
6250.0
 30
0.0
  0
POINT
  5
3D6
330
3C9
100
AcDbEntity
  8
Defpoints
100
AcDbPoint
 10
0.0
 20
8800.0
 30
0.0
  0
ENDBLK
  5
3CB
330
3C9
100
AcDbEntity
  8
0
100
AcDbBlockEnd
  0
BLOCK
  5
3D9
330
3D8
100
AcDbEntity
  8
0
100
AcDbBlockBegin
  2
*D33
 70
1
 10
0.0
 20
0.0
 30
0.0
  3
*D33
  1

  0
LINE
  5
3DB
330
3D8
100
AcDbEntity
  8
0
100
AcDbLine
 10
-120.0
 20
8800.0
 30
0.0
 11
-1120.0
 21
8800.0
 31
0.0
  0
LINE
  5
3DC
330
3D8
100
AcDbEntity
  8
0
100
AcDbLine
 10
-120.0
 20
10300.0
 30
0.0
 11
-1120.0
 21
10300.0
 31
0.0
  0
INSERT
  5
3DD
330
3D8
100
AcDbEntity
  8
A-DIMS
100
AcDbBlockReference
  2
_OBLIQUE
 10
-1000.0
 20
8800.0
 30
0.0
 41
120.0
 42
120.0
 50
90.0
  0
INSERT
  5
3DF
330
3D8
100
AcDbEntity
  8
A-DIMS
100
AcDbBlockReference
  2
_OBLIQUE
 10
-1000.0
 20
10300.0
 30
0.0
 41
120.0
 42
120.0
 50
90.0
  0
LINE
  5
3E1
330
3D8
100
AcDbEntity
  8
0
100
AcDbLine
 10
-1000.0
 20
8800.0
 30
0.0
 11
-1000.0
 21
10300.0
 31
0.0
  0
MTEXT
  5
3E2
330
3D8
100
AcDbEntity
  8
A-DIMS
100
AcDbMText
 10
-1150.0
 20
9550.0
 30
0.0
 40
180.0
 71
5
  1
1500
  7
OpenSansCondensed-Light
 50
90.0
  0
POINT
  5
3E3
330
3D8
100
AcDbEntity
  8
Defpoints
100
AcDbPoint
 10
-1000.0
 20
8800.0
 30
0.0
  0
POINT
  5
3E4
330
3D8
100
AcDbEntity
  8
Defpoints
100
AcDbPoint
 10
0.0
 20
8800.0
 30
0.0
  0
POINT
  5
3E5
330
3D8
100
AcDbEntity
  8
Defpoints
100
AcDbPoint
 10
0.0
 20
10300.0
 30
0.0
  0
ENDBLK
  5
3DA
330
3D8
100
AcDbEntity
  8
0
100
AcDbBlockEnd
  0
BLOCK
  5
3E8
330
3E7
100
AcDbEntity
  8
0
100
AcDbBlockBegin
  2
*D34
 70
1
 10
0.0
 20
0.0
 30
0.0
  3
*D34
  1

  0
LINE
  5
3EA
330
3E7
100
AcDbEntity
  8
0
100
AcDbLine
 10
-120.0
 20
10300.0
 30
0.0
 11
-1120.0
 21
10300.0
 31
0.0
  0
LINE
  5
3EB
330
3E7
100
AcDbEntity
  8
0
100
AcDbLine
 10
-120.0
 20
14088.0
 30
0.0
 11
-1120.0
 21
14088.0
 31
0.0
  0
INSERT
  5
3EC
330
3E7
100
AcDbEntity
  8
A-DIMS
100
AcDbBlockReference
  2
_OBLIQUE
 10
-1000.0
 20
10300.0
 30
0.0
 41
120.0
 42
120.0
 50
90.0
  0
INSERT
  5
3EE
330
3E7
100
AcDbEntity
  8
A-DIMS
100
AcDbBlockReference
  2
_OBLIQUE
 10
-1000.0
 20
14088.0
 30
0.0
 41
120.0
 42
120.0
 50
90.0
  0
LINE
  5
3F0
330
3E7
100
AcDbEntity
  8
0
100
AcDbLine
 10
-1000.0
 20
10300.0
 30
0.0
 11
-1000.0
 21
14088.0
 31
0.0
  0
MTEXT
  5
3F1
330
3E7
100
AcDbEntity
  8
A-DIMS
100
AcDbMText
 10
-1150.0
 20
12194.0
 30
0.0
 40
180.0
 71
5
  1
3788
  7
OpenSansCondensed-Light
 50
90.0
  0
POINT
  5
3F2
330
3E7
100
AcDbEntity
  8
Defpoints
100
AcDbPoint
 10
-1000.0
 20
10300.0
 30
0.0
  0
POINT
  5
3F3
330
3E7
100
AcDbEntity
  8
Defpoints
100
AcDbPoint
 10
0.0
 20
10300.0
 30
0.0
  0
POINT
  5
3F4
330
3E7
100
AcDbEntity
  8
Defpoints
100
AcDbPoint
 10
0.0
 20
14088.0
 30
0.0
  0
ENDBLK
  5
3E9
330
3E7
100
AcDbEntity
  8
0
100
AcDbBlockEnd
  0
BLOCK
  5
3F7
330
3F6
100
AcDbEntity
  8
0
100
AcDbBlockBegin
  2
*D35
 70
1
 10
0.0
 20
0.0
 30
0.0
  3
*D35
  1

  0
LINE
  5
3F9
330
3F6
100
AcDbEntity
  8
0
100
AcDbLine
 10
-119.99999999999999
 20
0.0
 30
0.0
 11
-1570.0
 21
0.0
 31
0.0
  0
LINE
  5
3FA
330
3F6
100
AcDbEntity
  8
0
100
AcDbLine
 10
-119.99999999999999
 20
14088.0
 30
0.0
 11
-1570.0
 21
14088.0
 31
0.0
  0
INSERT
  5
3FB
330
3F6
100
AcDbEntity
  8
A-DIMS
100
AcDbBlockReference
  2
_OBLIQUE
 10
-1450.0
 20
0.0
 30
0.0
 41
120.0
 42
120.0
 50
90.0
  0
INSERT
  5
3FD
330
3F6
100
AcDbEntity
  8
A-DIMS
100
AcDbBlockReference
  2
_OBLIQUE
 10
-1450.0
 20
14088.0
 30
0.0
 41
120.0
 42
120.0
 50
90.0
  0
LINE
  5
3FF
330
3F6
100
AcDbEntity
  8
0
100
AcDbLine
 10
-1450.0
 20
0.0
 30
0.0
 11
-1450.0
 21
14088.0
 31
0.0
  0
MTEXT
  5
400
330
3F6
100
AcDbEntity
  8
A-DIMS
100
AcDbMText
 10
-1600.0
 20
7044.0
 30
0.0
 40
180.0
 71
5
  1
14088
  7
OpenSansCondensed-Light
 50
90.0
  0
POINT
  5
401
330
3F6
100
AcDbEntity
  8
Defpoints
100
AcDbPoint
 10
-1450.0
 20
0.0
 30
0.0
  0
POINT
  5
402
330
3F6
100
AcDbEntity
  8
Defpoints
100
AcDbPoint
 10
0.0
 20
0.0
 30
0.0
  0
POINT
  5
403
330
3F6
100
AcDbEntity
  8
Defpoints
100
AcDbPoint
 10
0.0
 20
14088.0
 30
0.0
  0
ENDBLK
  5
3F8
330
3F6
100
AcDbEntity
  8
0
100
AcDbBlockEnd
  0
BLOCK
  5
406
330
405
100
AcDbEntity
  8
0
100
AcDbBlockBegin
  2
*D36
 70
1
 10
0.0
 20
0.0
 30
0.0
  3
*D36
  1

  0
LINE
  5
408
330
405
100
AcDbEntity
  8
0
100
AcDbLine
 10
10312.0
 20
0.0
 30
0.0
 11
10862.0
 21
0.0
 31
0.0
  0
LINE
  5
409
330
405
100
AcDbEntity
  8
0
100
AcDbLine
 10
10312.0
 20
5125.0
 30
0.0
 11
10862.0
 21
5125.0
 31
0.0
  0
INSERT
  5
40A
330
405
100
AcDbEntity
  8
A-DIMS
100
AcDbBlockReference
  2
_OBLIQUE
 10
10742.0
 20
0.0
 30
0.0
 41
120.0
 42
120.0
 50
90.0
  0
INSERT
  5
40C
330
405
100
AcDbEntity
  8
A-DIMS
100
AcDbBlockReference
  2
_OBLIQUE
 10
10742.0
 20
5125.0
 30
0.0
 41
120.0
 42
120.0
 50
90.0
  0
LINE
  5
40E
330
405
100
AcDbEntity
  8
0
100
AcDbLine
 10
10742.0
 20
0.0
 30
0.0
 11
10742.0
 21
5125.0
 31
0.0
  0
MTEXT
  5
40F
330
405
100
AcDbEntity
  8
A-DIMS
100
AcDbMText
 10
10592.0
 20
2562.5
 30
0.0
 40
180.0
 71
5
  1
5125
  7
OpenSansCondensed-Light
 50
90.0
  0
POINT
  5
410
330
405
100
AcDbEntity
  8
Defpoints
100
AcDbPoint
 10
10742.0
 20
0.0
 30
0.0
  0
POINT
  5
411
330
405
100
AcDbEntity
  8
Defpoints
100
AcDbPoint
 10
10192.0
 20
0.0
 30
0.0
  0
POINT
  5
412
330
405
100
AcDbEntity
  8
Defpoints
100
AcDbPoint
 10
10192.0
 20
5125.0
 30
0.0
  0
ENDBLK
  5
407
330
405
100
AcDbEntity
  8
0
100
AcDbBlockEnd
  0
BLOCK
  5
415
330
414
100
AcDbEntity
  8
0
100
AcDbBlockBegin
  2
*D37
 70
1
 10
0.0
 20
0.0
 30
0.0
  3
*D37
  1

  0
LINE
  5
417
330
414
100
AcDbEntity
  8
0
100
AcDbLine
 10
10312.0
 20
5125.0
 30
0.0
 11
10862.0
 21
5125.0
 31
0.0
  0
LINE
  5
418
330
414
100
AcDbEntity
  8
0
100
AcDbLine
 10
10312.0
 20
6625.0
 30
0.0
 11
10862.0
 21
6625.0
 31
0.0
  0
INSERT
  5
419
330
414
100
AcDbEntity
  8
A-DIMS
100
AcDbBlockReference
  2
_OBLIQUE
 10
10742.0
 20
5125.0
 30
0.0
 41
120.0
 42
120.0
 50
90.0
  0
INSERT
  5
41B
330
414
100
AcDbEntity
  8
A-DIMS
100
AcDbBlockReference
  2
_OBLIQUE
 10
10742.0
 20
6625.0
 30
0.0
 41
120.0
 42
120.0
 50
90.0
  0
LINE
  5
41D
330
414
100
AcDbEntity
  8
0
100
AcDbLine
 10
10742.0
 20
5125.0
 30
0.0
 11
10742.0
 21
6625.0
 31
0.0
  0
MTEXT
  5
41E
330
414
100
AcDbEntity
  8
A-DIMS
100
AcDbMText
 10
10592.0
 20
5875.0
 30
0.0
 40
180.0
 71
5
  1
1500
  7
OpenSansCondensed-Light
 50
90.0
  0
POINT
  5
41F
330
414
100
AcDbEntity
  8
Defpoints
100
AcDbPoint
 10
10742.0
 20
5125.0
 30
0.0
  0
POINT
  5
420
330
414
100
AcDbEntity
  8
Defpoints
100
AcDbPoint
 10
10192.0
 20
5125.0
 30
0.0
  0
POINT
  5
421
330
414
100
AcDbEntity
  8
Defpoints
100
AcDbPoint
 10
10192.0
 20
6625.0
 30
0.0
  0
ENDBLK
  5
416
330
414
100
AcDbEntity
  8
0
100
AcDbBlockEnd
  0
BLOCK
  5
424
330
423
100
AcDbEntity
  8
0
100
AcDbBlockBegin
  2
*D38
 70
1
 10
0.0
 20
0.0
 30
0.0
  3
*D38
  1

  0
LINE
  5
426
330
423
100
AcDbEntity
  8
0
100
AcDbLine
 10
10312.0
 20
6625.0
 30
0.0
 11
10862.0
 21
6625.0
 31
0.0
  0
LINE
  5
427
330
423
100
AcDbEntity
  8
0
100
AcDbLine
 10
10312.0
 20
7600.0
 30
0.0
 11
10862.0
 21
7600.0
 31
0.0
  0
INSERT
  5
428
330
423
100
AcDbEntity
  8
A-DIMS
100
AcDbBlockReference
  2
_OBLIQUE
 10
10742.0
 20
6625.0
 30
0.0
 41
120.0
 42
120.0
 50
90.0
  0
INSERT
  5
42A
330
423
100
AcDbEntity
  8
A-DIMS
100
AcDbBlockReference
  2
_OBLIQUE
 10
10742.0
 20
7600.0
 30
0.0
 41
120.0
 42
120.0
 50
90.0
  0
LINE
  5
42C
330
423
100
AcDbEntity
  8
0
100
AcDbLine
 10
10742.0
 20
6625.0
 30
0.0
 11
10742.0
 21
7600.0
 31
0.0
  0
MTEXT
  5
42D
330
423
100
AcDbEntity
  8
A-DIMS
100
AcDbMText
 10
10592.0
 20
7112.5
 30
0.0
 40
180.0
 71
5
  1
975
  7
OpenSansCondensed-Light
 50
90.0
  0
POINT
  5
42E
330
423
100
AcDbEntity
  8
Defpoints
100
AcDbPoint
 10
10742.0
 20
6625.0
 30
0.0
  0
POINT
  5
42F
330
423
100
AcDbEntity
  8
Defpoints
100
AcDbPoint
 10
10192.0
 20
6625.0
 30
0.0
  0
POINT
  5
430
330
423
100
AcDbEntity
  8
Defpoints
100
AcDbPoint
 10
10192.0
 20
7600.0
 30
0.0
  0
ENDBLK
  5
425
330
423
100
AcDbEntity
  8
0
100
AcDbBlockEnd
  0
BLOCK
  5
433
330
432
100
AcDbEntity
  8
0
100
AcDbBlockBegin
  2
*D39
 70
1
 10
0.0
 20
0.0
 30
0.0
  3
*D39
  1

  0
LINE
  5
435
330
432
100
AcDbEntity
  8
0
100
AcDbLine
 10
10312.0
 20
7600.0
 30
0.0
 11
10862.0
 21
7600.0
 31
0.0
  0
LINE
  5
436
330
432
100
AcDbEntity
  8
0
100
AcDbLine
 10
10312.0
 20
8500.0
 30
0.0
 11
10862.0
 21
8500.0
 31
0.0
  0
INSERT
  5
437
330
432
100
AcDbEntity
  8
A-DIMS
100
AcDbBlockReference
  2
_OBLIQUE
 10
10742.0
 20
7600.0
 30
0.0
 41
120.0
 42
120.0
 50
90.0
  0
INSERT
  5
439
330
432
100
AcDbEntity
  8
A-DIMS
100
AcDbBlockReference
  2
_OBLIQUE
 10
10742.0
 20
8500.0
 30
0.0
 41
120.0
 42
120.0
 50
90.0
  0
LINE
  5
43B
330
432
100
AcDbEntity
  8
0
100
AcDbLine
 10
10742.0
 20
7600.0
 30
0.0
 11
10742.0
 21
8500.0
 31
0.0
  0
MTEXT
  5
43C
330
432
100
AcDbEntity
  8
A-DIMS
100
AcDbMText
 10
10592.0
 20
8050.0
 30
0.0
 40
180.0
 71
5
  1
900
  7
OpenSansCondensed-Light
 50
90.0
  0
POINT
  5
43D
330
432
100
AcDbEntity
  8
Defpoints
100
AcDbPoint
 10
10742.0
 20
7600.0
 30
0.0
  0
POINT
  5
43E
330
432
100
AcDbEntity
  8
Defpoints
100
AcDbPoint
 10
10192.0
 20
7600.0
 30
0.0
  0
POINT
  5
43F
330
432
100
AcDbEntity
  8
Defpoints
100
AcDbPoint
 10
10192.0
 20
8500.0
 30
0.0
  0
ENDBLK
  5
434
330
432
100
AcDbEntity
  8
0
100
AcDbBlockEnd
  0
BLOCK
  5
442
330
441
100
AcDbEntity
  8
0
100
AcDbBlockBegin
  2
*D40
 70
1
 10
0.0
 20
0.0
 30
0.0
  3
*D40
  1

  0
LINE
  5
444
330
441
100
AcDbEntity
  8
0
100
AcDbLine
 10
10312.0
 20
8500.0
 30
0.0
 11
10862.0
 21
8500.0
 31
0.0
  0
LINE
  5
445
330
441
100
AcDbEntity
  8
0
100
AcDbLine
 10
10312.0
 20
9400.0
 30
0.0
 11
10862.0
 21
9400.0
 31
0.0
  0
INSERT
  5
446
330
441
100
AcDbEntity
  8
A-DIMS
100
AcDbBlockReference
  2
_OBLIQUE
 10
10742.0
 20
8500.0
 30
0.0
 41
120.0
 42
120.0
 50
90.0
  0
INSERT
  5
448
330
441
100
AcDbEntity
  8
A-DIMS
100
AcDbBlockReference
  2
_OBLIQUE
 10
10742.0
 20
9400.0
 30
0.0
 41
120.0
 42
120.0
 50
90.0
  0
LINE
  5
44A
330
441
100
AcDbEntity
  8
0
100
AcDbLine
 10
10742.0
 20
8500.0
 30
0.0
 11
10742.0
 21
9400.0
 31
0.0
  0
MTEXT
  5
44B
330
441
100
AcDbEntity
  8
A-DIMS
100
AcDbMText
 10
10592.0
 20
8950.0
 30
0.0
 40
180.0
 71
5
  1
900
  7
OpenSansCondensed-Light
 50
90.0
  0
POINT
  5
44C
330
441
100
AcDbEntity
  8
Defpoints
100
AcDbPoint
 10
10742.0
 20
8500.0
 30
0.0
  0
POINT
  5
44D
330
441
100
AcDbEntity
  8
Defpoints
100
AcDbPoint
 10
10192.0
 20
8500.0
 30
0.0
  0
POINT
  5
44E
330
441
100
AcDbEntity
  8
Defpoints
100
AcDbPoint
 10
10192.0
 20
9400.0
 30
0.0
  0
ENDBLK
  5
443
330
441
100
AcDbEntity
  8
0
100
AcDbBlockEnd
  0
BLOCK
  5
451
330
450
100
AcDbEntity
  8
0
100
AcDbBlockBegin
  2
*D41
 70
1
 10
0.0
 20
0.0
 30
0.0
  3
*D41
  1

  0
LINE
  5
453
330
450
100
AcDbEntity
  8
0
100
AcDbLine
 10
10312.0
 20
9400.0
 30
0.0
 11
10862.0
 21
9400.0
 31
0.0
  0
LINE
  5
454
330
450
100
AcDbEntity
  8
0
100
AcDbLine
 10
10312.0
 20
10600.0
 30
0.0
 11
10862.0
 21
10600.0
 31
0.0
  0
INSERT
  5
455
330
450
100
AcDbEntity
  8
A-DIMS
100
AcDbBlockReference
  2
_OBLIQUE
 10
10742.0
 20
9400.0
 30
0.0
 41
120.0
 42
120.0
 50
90.0
  0
INSERT
  5
457
330
450
100
AcDbEntity
  8
A-DIMS
100
AcDbBlockReference
  2
_OBLIQUE
 10
10742.0
 20
10600.0
 30
0.0
 41
120.0
 42
120.0
 50
90.0
  0
LINE
  5
459
330
450
100
AcDbEntity
  8
0
100
AcDbLine
 10
10742.0
 20
9400.0
 30
0.0
 11
10742.0
 21
10600.0
 31
0.0
  0
MTEXT
  5
45A
330
450
100
AcDbEntity
  8
A-DIMS
100
AcDbMText
 10
10592.0
 20
10000.0
 30
0.0
 40
180.0
 71
5
  1
1200
  7
OpenSansCondensed-Light
 50
90.0
  0
POINT
  5
45B
330
450
100
AcDbEntity
  8
Defpoints
100
AcDbPoint
 10
10742.0
 20
9400.0
 30
0.0
  0
POINT
  5
45C
330
450
100
AcDbEntity
  8
Defpoints
100
AcDbPoint
 10
10192.0
 20
9400.0
 30
0.0
  0
POINT
  5
45D
330
450
100
AcDbEntity
  8
Defpoints
100
AcDbPoint
 10
10192.0
 20
10600.0
 30
0.0
  0
ENDBLK
  5
452
330
450
100
AcDbEntity
  8
0
100
AcDbBlockEnd
  0
BLOCK
  5
460
330
45F
100
AcDbEntity
  8
0
100
AcDbBlockBegin
  2
*D42
 70
1
 10
0.0
 20
0.0
 30
0.0
  3
*D42
  1

  0
LINE
  5
462
330
45F
100
AcDbEntity
  8
0
100
AcDbLine
 10
10312.0
 20
10600.0
 30
0.0
 11
10862.0
 21
10600.0
 31
0.0
  0
LINE
  5
463
330
45F
100
AcDbEntity
  8
0
100
AcDbLine
 10
10312.0
 20
12194.0
 30
0.0
 11
10862.0
 21
12194.0
 31
0.0
  0
INSERT
  5
464
330
45F
100
AcDbEntity
  8
A-DIMS
100
AcDbBlockReference
  2
_OBLIQUE
 10
10742.0
 20
10600.0
 30
0.0
 41
120.0
 42
120.0
 50
90.0
  0
INSERT
  5
466
330
45F
100
AcDbEntity
  8
A-DIMS
100
AcDbBlockReference
  2
_OBLIQUE
 10
10742.0
 20
12194.0
 30
0.0
 41
120.0
 42
120.0
 50
90.0
  0
LINE
  5
468
330
45F
100
AcDbEntity
  8
0
100
AcDbLine
 10
10742.0
 20
10600.0
 30
0.0
 11
10742.0
 21
12194.0
 31
0.0
  0
MTEXT
  5
469
330
45F
100
AcDbEntity
  8
A-DIMS
100
AcDbMText
 10
10592.0
 20
11397.0
 30
0.0
 40
180.0
 71
5
  1
1594
  7
OpenSansCondensed-Light
 50
90.0
  0
POINT
  5
46A
330
45F
100
AcDbEntity
  8
Defpoints
100
AcDbPoint
 10
10742.0
 20
10600.0
 30
0.0
  0
POINT
  5
46B
330
45F
100
AcDbEntity
  8
Defpoints
100
AcDbPoint
 10
10192.0
 20
10600.0
 30
0.0
  0
POINT
  5
46C
330
45F
100
AcDbEntity
  8
Defpoints
100
AcDbPoint
 10
10192.0
 20
12194.0
 30
0.0
  0
ENDBLK
  5
461
330
45F
100
AcDbEntity
  8
0
100
AcDbBlockEnd
  0
BLOCK
  5
46F
330
46E
100
AcDbEntity
  8
0
100
AcDbBlockBegin
  2
*D43
 70
1
 10
0.0
 20
0.0
 30
0.0
  3
*D43
  1

  0
LINE
  5
471
330
46E
100
AcDbEntity
  8
0
100
AcDbLine
 10
10312.0
 20
12194.0
 30
0.0
 11
10862.0
 21
12194.0
 31
0.0
  0
LINE
  5
472
330
46E
100
AcDbEntity
  8
0
100
AcDbLine
 10
10312.0
 20
13094.0
 30
0.0
 11
10862.0
 21
13094.0
 31
0.0
  0
INSERT
  5
473
330
46E
100
AcDbEntity
  8
A-DIMS
100
AcDbBlockReference
  2
_OBLIQUE
 10
10742.0
 20
12194.0
 30
0.0
 41
120.0
 42
120.0
 50
90.0
  0
INSERT
  5
475
330
46E
100
AcDbEntity
  8
A-DIMS
100
AcDbBlockReference
  2
_OBLIQUE
 10
10742.0
 20
13094.0
 30
0.0
 41
120.0
 42
120.0
 50
90.0
  0
LINE
  5
477
330
46E
100
AcDbEntity
  8
0
100
AcDbLine
 10
10742.0
 20
12194.0
 30
0.0
 11
10742.0
 21
13094.0
 31
0.0
  0
MTEXT
  5
478
330
46E
100
AcDbEntity
  8
A-DIMS
100
AcDbMText
 10
10592.0
 20
12644.0
 30
0.0
 40
180.0
 71
5
  1
900
  7
OpenSansCondensed-Light
 50
90.0
  0
POINT
  5
479
330
46E
100
AcDbEntity
  8
Defpoints
100
AcDbPoint
 10
10742.0
 20
12194.0
 30
0.0
  0
POINT
  5
47A
330
46E
100
AcDbEntity
  8
Defpoints
100
AcDbPoint
 10
10192.0
 20
12194.0
 30
0.0
  0
POINT
  5
47B
330
46E
100
AcDbEntity
  8
Defpoints
100
AcDbPoint
 10
10192.0
 20
13094.0
 30
0.0
  0
ENDBLK
  5
470
330
46E
100
AcDbEntity
  8
0
100
AcDbBlockEnd
  0
BLOCK
  5
47E
330
47D
100
AcDbEntity
  8
0
100
AcDbBlockBegin
  2
*D44
 70
1
 10
0.0
 20
0.0
 30
0.0
  3
*D44
  1

  0
LINE
  5
480
330
47D
100
AcDbEntity
  8
0
100
AcDbLine
 10
10312.0
 20
13094.0
 30
0.0
 11
10862.0
 21
13094.0
 31
0.0
  0
LINE
  5
481
330
47D
100
AcDbEntity
  8
0
100
AcDbLine
 10
10312.0
 20
14088.0
 30
0.0
 11
10862.0
 21
14088.0
 31
0.0
  0
INSERT
  5
482
330
47D
100
AcDbEntity
  8
A-DIMS
100
AcDbBlockReference
  2
_OBLIQUE
 10
10742.0
 20
13094.0
 30
0.0
 41
120.0
 42
120.0
 50
90.0
  0
INSERT
  5
484
330
47D
100
AcDbEntity
  8
A-DIMS
100
AcDbBlockReference
  2
_OBLIQUE
 10
10742.0
 20
14088.0
 30
0.0
 41
120.0
 42
120.0
 50
90.0
  0
LINE
  5
486
330
47D
100
AcDbEntity
  8
0
100
AcDbLine
 10
10742.0
 20
13094.0
 30
0.0
 11
10742.0
 21
14088.0
 31
0.0
  0
MTEXT
  5
487
330
47D
100
AcDbEntity
  8
A-DIMS
100
AcDbMText
 10
10592.0
 20
13591.0
 30
0.0
 40
180.0
 71
5
  1
994
  7
OpenSansCondensed-Light
 50
90.0
  0
POINT
  5
488
330
47D
100
AcDbEntity
  8
Defpoints
100
AcDbPoint
 10
10742.0
 20
13094.0
 30
0.0
  0
POINT
  5
489
330
47D
100
AcDbEntity
  8
Defpoints
100
AcDbPoint
 10
10192.0
 20
13094.0
 30
0.0
  0
POINT
  5
48A
330
47D
100
AcDbEntity
  8
Defpoints
100
AcDbPoint
 10
10192.0
 20
14088.0
 30
0.0
  0
ENDBLK
  5
47F
330
47D
100
AcDbEntity
  8
0
100
AcDbBlockEnd
  0
BLOCK
  5
48D
330
48C
100
AcDbEntity
  8
0
100
AcDbBlockBegin
  2
*D45
 70
1
 10
0.0
 20
0.0
 30
0.0
  3
*D45
  1

  0
LINE
  5
48F
330
48C
100
AcDbEntity
  8
0
100
AcDbLine
 10
10312.0
 20
0.0
 30
0.0
 11
11312.0
 21
0.0
 31
0.0
  0
LINE
  5
490
330
48C
100
AcDbEntity
  8
0
100
AcDbLine
 10
10312.0
 20
4450.0
 30
0.0
 11
11312.0
 21
4450.0
 31
0.0
  0
INSERT
  5
491
330
48C
100
AcDbEntity
  8
A-DIMS
100
AcDbBlockReference
  2
_OBLIQUE
 10
11192.0
 20
0.0
 30
0.0
 41
120.0
 42
120.0
 50
90.0
  0
INSERT
  5
493
330
48C
100
AcDbEntity
  8
A-DIMS
100
AcDbBlockReference
  2
_OBLIQUE
 10
11192.0
 20
4450.0
 30
0.0
 41
120.0
 42
120.0
 50
90.0
  0
LINE
  5
495
330
48C
100
AcDbEntity
  8
0
100
AcDbLine
 10
11192.0
 20
0.0
 30
0.0
 11
11192.0
 21
4450.0
 31
0.0
  0
MTEXT
  5
496
330
48C
100
AcDbEntity
  8
A-DIMS
100
AcDbMText
 10
11042.0
 20
2225.0
 30
0.0
 40
180.0
 71
5
  1
4450
  7
OpenSansCondensed-Light
 50
90.0
  0
POINT
  5
497
330
48C
100
AcDbEntity
  8
Defpoints
100
AcDbPoint
 10
11192.0
 20
0.0
 30
0.0
  0
POINT
  5
498
330
48C
100
AcDbEntity
  8
Defpoints
100
AcDbPoint
 10
10192.0
 20
0.0
 30
0.0
  0
POINT
  5
499
330
48C
100
AcDbEntity
  8
Defpoints
100
AcDbPoint
 10
10192.0
 20
4450.0
 30
0.0
  0
ENDBLK
  5
48E
330
48C
100
AcDbEntity
  8
0
100
AcDbBlockEnd
  0
BLOCK
  5
49C
330
49B
100
AcDbEntity
  8
0
100
AcDbBlockBegin
  2
*D46
 70
1
 10
0.0
 20
0.0
 30
0.0
  3
*D46
  1

  0
LINE
  5
49E
330
49B
100
AcDbEntity
  8
0
100
AcDbLine
 10
10312.0
 20
4450.0
 30
0.0
 11
11312.0
 21
4450.0
 31
0.0
  0
LINE
  5
49F
330
49B
100
AcDbEntity
  8
0
100
AcDbLine
 10
10312.0
 20
7300.0
 30
0.0
 11
11312.0
 21
7300.0
 31
0.0
  0
INSERT
  5
4A0
330
49B
100
AcDbEntity
  8
A-DIMS
100
AcDbBlockReference
  2
_OBLIQUE
 10
11192.0
 20
4450.0
 30
0.0
 41
120.0
 42
120.0
 50
90.0
  0
INSERT
  5
4A2
330
49B
100
AcDbEntity
  8
A-DIMS
100
AcDbBlockReference
  2
_OBLIQUE
 10
11192.0
 20
7300.0
 30
0.0
 41
120.0
 42
120.0
 50
90.0
  0
LINE
  5
4A4
330
49B
100
AcDbEntity
  8
0
100
AcDbLine
 10
11192.0
 20
4450.0
 30
0.0
 11
11192.0
 21
7300.0
 31
0.0
  0
MTEXT
  5
4A5
330
49B
100
AcDbEntity
  8
A-DIMS
100
AcDbMText
 10
11042.0
 20
5875.0
 30
0.0
 40
180.0
 71
5
  1
2850
  7
OpenSansCondensed-Light
 50
90.0
  0
POINT
  5
4A6
330
49B
100
AcDbEntity
  8
Defpoints
100
AcDbPoint
 10
11192.0
 20
4450.0
 30
0.0
  0
POINT
  5
4A7
330
49B
100
AcDbEntity
  8
Defpoints
100
AcDbPoint
 10
10192.0
 20
4450.0
 30
0.0
  0
POINT
  5
4A8
330
49B
100
AcDbEntity
  8
Defpoints
100
AcDbPoint
 10
10192.0
 20
7300.0
 30
0.0
  0
ENDBLK
  5
49D
330
49B
100
AcDbEntity
  8
0
100
AcDbBlockEnd
  0
BLOCK
  5
4AB
330
4AA
100
AcDbEntity
  8
0
100
AcDbBlockBegin
  2
*D47
 70
1
 10
0.0
 20
0.0
 30
0.0
  3
*D47
  1

  0
LINE
  5
4AD
330
4AA
100
AcDbEntity
  8
0
100
AcDbLine
 10
10312.0
 20
7300.0
 30
0.0
 11
11312.0
 21
7300.0
 31
0.0
  0
LINE
  5
4AE
330
4AA
100
AcDbEntity
  8
0
100
AcDbLine
 10
10312.0
 20
8800.0
 30
0.0
 11
11312.0
 21
8800.0
 31
0.0
  0
INSERT
  5
4AF
330
4AA
100
AcDbEntity
  8
A-DIMS
100
AcDbBlockReference
  2
_OBLIQUE
 10
11192.0
 20
7300.0
 30
0.0
 41
120.0
 42
120.0
 50
90.0
  0
INSERT
  5
4B1
330
4AA
100
AcDbEntity
  8
A-DIMS
100
AcDbBlockReference
  2
_OBLIQUE
 10
11192.0
 20
8800.0
 30
0.0
 41
120.0
 42
120.0
 50
90.0
  0
LINE
  5
4B3
330
4AA
100
AcDbEntity
  8
0
100
AcDbLine
 10
11192.0
 20
7300.0
 30
0.0
 11
11192.0
 21
8800.0
 31
0.0
  0
MTEXT
  5
4B4
330
4AA
100
AcDbEntity
  8
A-DIMS
100
AcDbMText
 10
11042.0
 20
8050.0
 30
0.0
 40
180.0
 71
5
  1
1500
  7
OpenSansCondensed-Light
 50
90.0
  0
POINT
  5
4B5
330
4AA
100
AcDbEntity
  8
Defpoints
100
AcDbPoint
 10
11192.0
 20
7300.0
 30
0.0
  0
POINT
  5
4B6
330
4AA
100
AcDbEntity
  8
Defpoints
100
AcDbPoint
 10
10192.0
 20
7300.0
 30
0.0
  0
POINT
  5
4B7
330
4AA
100
AcDbEntity
  8
Defpoints
100
AcDbPoint
 10
10192.0
 20
8800.0
 30
0.0
  0
ENDBLK
  5
4AC
330
4AA
100
AcDbEntity
  8
0
100
AcDbBlockEnd
  0
BLOCK
  5
4BA
330
4B9
100
AcDbEntity
  8
0
100
AcDbBlockBegin
  2
*D48
 70
1
 10
0.0
 20
0.0
 30
0.0
  3
*D48
  1

  0
LINE
  5
4BC
330
4B9
100
AcDbEntity
  8
0
100
AcDbLine
 10
10312.0
 20
8800.0
 30
0.0
 11
11312.0
 21
8800.0
 31
0.0
  0
LINE
  5
4BD
330
4B9
100
AcDbEntity
  8
0
100
AcDbLine
 10
10312.0
 20
11200.0
 30
0.0
 11
11312.0
 21
11200.0
 31
0.0
  0
INSERT
  5
4BE
330
4B9
100
AcDbEntity
  8
A-DIMS
100
AcDbBlockReference
  2
_OBLIQUE
 10
11192.0
 20
8800.0
 30
0.0
 41
120.0
 42
120.0
 50
90.0
  0
INSERT
  5
4C0
330
4B9
100
AcDbEntity
  8
A-DIMS
100
AcDbBlockReference
  2
_OBLIQUE
 10
11192.0
 20
11200.0
 30
0.0
 41
120.0
 42
120.0
 50
90.0
  0
LINE
  5
4C2
330
4B9
100
AcDbEntity
  8
0
100
AcDbLine
 10
11192.0
 20
8800.0
 30
0.0
 11
11192.0
 21
11200.0
 31
0.0
  0
MTEXT
  5
4C3
330
4B9
100
AcDbEntity
  8
A-DIMS
100
AcDbMText
 10
11042.0
 20
10000.0
 30
0.0
 40
180.0
 71
5
  1
2400
  7
OpenSansCondensed-Light
 50
90.0
  0
POINT
  5
4C4
330
4B9
100
AcDbEntity
  8
Defpoints
100
AcDbPoint
 10
11192.0
 20
8800.0
 30
0.0
  0
POINT
  5
4C5
330
4B9
100
AcDbEntity
  8
Defpoints
100
AcDbPoint
 10
10192.0
 20
8800.0
 30
0.0
  0
POINT
  5
4C6
330
4B9
100
AcDbEntity
  8
Defpoints
100
AcDbPoint
 10
10192.0
 20
11200.0
 30
0.0
  0
ENDBLK
  5
4BB
330
4B9
100
AcDbEntity
  8
0
100
AcDbBlockEnd
  0
BLOCK
  5
4C9
330
4C8
100
AcDbEntity
  8
0
100
AcDbBlockBegin
  2
*D49
 70
1
 10
0.0
 20
0.0
 30
0.0
  3
*D49
  1

  0
LINE
  5
4CB
330
4C8
100
AcDbEntity
  8
0
100
AcDbLine
 10
10312.0
 20
11200.0
 30
0.0
 11
11312.0
 21
11200.0
 31
0.0
  0
LINE
  5
4CC
330
4C8
100
AcDbEntity
  8
0
100
AcDbLine
 10
10312.0
 20
14088.0
 30
0.0
 11
11312.0
 21
14088.0
 31
0.0
  0
INSERT
  5
4CD
330
4C8
100
AcDbEntity
  8
A-DIMS
100
AcDbBlockReference
  2
_OBLIQUE
 10
11192.0
 20
11200.0
 30
0.0
 41
120.0
 42
120.0
 50
90.0
  0
INSERT
  5
4CF
330
4C8
100
AcDbEntity
  8
A-DIMS
100
AcDbBlockReference
  2
_OBLIQUE
 10
11192.0
 20
14088.0
 30
0.0
 41
120.0
 42
120.0
 50
90.0
  0
LINE
  5
4D1
330
4C8
100
AcDbEntity
  8
0
100
AcDbLine
 10
11192.0
 20
11200.0
 30
0.0
 11
11192.0
 21
14088.0
 31
0.0
  0
MTEXT
  5
4D2
330
4C8
100
AcDbEntity
  8
A-DIMS
100
AcDbMText
 10
11042.0
 20
12644.0
 30
0.0
 40
180.0
 71
5
  1
2888
  7
OpenSansCondensed-Light
 50
90.0
  0
POINT
  5
4D3
330
4C8
100
AcDbEntity
  8
Defpoints
100
AcDbPoint
 10
11192.0
 20
11200.0
 30
0.0
  0
POINT
  5
4D4
330
4C8
100
AcDbEntity
  8
Defpoints
100
AcDbPoint
 10
10192.0
 20
11200.0
 30
0.0
  0
POINT
  5
4D5
330
4C8
100
AcDbEntity
  8
Defpoints
100
AcDbPoint
 10
10192.0
 20
14088.0
 30
0.0
  0
ENDBLK
  5
4CA
330
4C8
100
AcDbEntity
  8
0
100
AcDbBlockEnd
  0
BLOCK
  5
4D8
330
4D7
100
AcDbEntity
  8
0
100
AcDbBlockBegin
  2
*D50
 70
1
 10
0.0
 20
0.0
 30
0.0
  3
*D50
  1

  0
LINE
  5
4DA
330
4D7
100
AcDbEntity
  8
0
100
AcDbLine
 10
10312.0
 20
0.0
 30
0.0
 11
11762.0
 21
0.0
 31
0.0
  0
LINE
  5
4DB
330
4D7
100
AcDbEntity
  8
0
100
AcDbLine
 10
10312.0
 20
14088.0
 30
0.0
 11
11762.0
 21
14088.0
 31
0.0
  0
INSERT
  5
4DC
330
4D7
100
AcDbEntity
  8
A-DIMS
100
AcDbBlockReference
  2
_OBLIQUE
 10
11642.0
 20
0.0
 30
0.0
 41
120.0
 42
120.0
 50
90.0
  0
INSERT
  5
4DE
330
4D7
100
AcDbEntity
  8
A-DIMS
100
AcDbBlockReference
  2
_OBLIQUE
 10
11642.0
 20
14088.0
 30
0.0
 41
120.0
 42
120.0
 50
90.0
  0
LINE
  5
4E0
330
4D7
100
AcDbEntity
  8
0
100
AcDbLine
 10
11642.0
 20
0.0
 30
0.0
 11
11642.0
 21
14088.0
 31
0.0
  0
MTEXT
  5
4E1
330
4D7
100
AcDbEntity
  8
A-DIMS
100
AcDbMText
 10
11492.0
 20
7044.0
 30
0.0
 40
180.0
 71
5
  1
14088
  7
OpenSansCondensed-Light
 50
90.0
  0
POINT
  5
4E2
330
4D7
100
AcDbEntity
  8
Defpoints
100
AcDbPoint
 10
11642.0
 20
0.0
 30
0.0
  0
POINT
  5
4E3
330
4D7
100
AcDbEntity
  8
Defpoints
100
AcDbPoint
 10
10192.0
 20
0.0
 30
0.0
  0
POINT
  5
4E4
330
4D7
100
AcDbEntity
  8
Defpoints
100
AcDbPoint
 10
10192.0
 20
14088.0
 30
0.0
  0
ENDBLK
  5
4D9
330
4D7
100
AcDbEntity
  8
0
100
AcDbBlockEnd
  0
BLOCK
  5
518
330
517
100
AcDbEntity
  8
0
100
AcDbBlockBegin
  2
*Paper_Space0
 70
0
 10
0.0
 20
0.0
 30
0.0
  3
*Paper_Space0
  1

  0
VIEWPORT
  5
51B
330
517
100
AcDbEntity
 67
1
  8
VIEWPORTS
100
AcDbViewport
 10
200.0
 20
138.5
 30
0.0
 40
462.00000000000006
 41
326.70000000000005
 68
1
 69
1
 12
200.0
 22
138.5
 13
0.0
 23
0.0
 14
10.0
 24
10.0
 15
10.0
 25
10.0
 16
0.0
 26
0.0
 36
1.0
 17
0.0
 27
0.0
 37
0.0
 42
50.0
 43
0.0
 44
0.0
 45
326.70000000000005
 50
0.0
 51
0.0
 72
100
 90
557088
  1

281
0
 71
0
 74
0
110
0.0
120
0.0
130
0.0
111
1.0
121
0.0
131
0.0
112
0.0
122
1.0
132
0.0
 79
0
146
0.0
282
0
  0
VIEWPORT
  5
51C
330
517
100
AcDbEntity
 67
1
  8
VIEWPORTS
100
AcDbViewport
 10
140.0
 20
145.0
 30
0.0
 40
240.0
 41
230.0
 68
2
 69
3
 12
5096.0
 22
7044.0
 13
0.0
 23
0.0
 14
10.0
 24
10.0
 15
10.0
 25
10.0
 16
0.0
 26
0.0
 36
1.0
 17
0.0
 27
0.0
 37
0.0
 42
50.0
 43
0.0
 44
0.0
 45
23088.0
 50
0.0
 51
0.0
 72
100
 90
0
  1

281
0
 71
0
 74
0
110
0.0
120
0.0
130
0.0
111
1.0
121
0.0
131
0.0
112
0.0
122
1.0
132
0.0
 79
0
146
0.0
282
0
  0
TEXT
  5
51D
330
517
100
AcDbEntity
 67
1
  8
0
100
AcDbText
 10
268.0
 20
255.0
 30
0.0
 40
4.0
  1
FLOORFORGE / PRELIMINARY
 11
268.0
 21
255.0
 31
0.0
100
AcDbText
  0
ENDBLK
  5
519
330
517
100
AcDbEntity
  8
0
100
AcDbBlockEnd
  0
BLOCK
  5
62E
330
62D
100
AcDbEntity
  8
0
100
AcDbBlockBegin
  2
*D51
 70
1
 10
0.0
 20
0.0
 30
0.0
  3
*D51
  1

  0
LINE
  5
630
330
62D
100
AcDbEntity
  8
0
100
AcDbLine
 10
22192.0
 20
-120.0
 30
0.0
 11
22192.0
 21
-1920.0
 31
0.0
  0
LINE
  5
631
330
62D
100
AcDbEntity
  8
0
100
AcDbLine
 10
27184.0
 20
-120.0
 30
0.0
 11
27184.0
 21
-1920.0
 31
0.0
  0
INSERT
  5
632
330
62D
100
AcDbEntity
  8
A-DIMS
100
AcDbBlockReference
  2
_OBLIQUE
 10
22192.0
 20
-1800.0
 30
0.0
 41
120.0
 42
120.0
  0
INSERT
  5
634
330
62D
100
AcDbEntity
  8
A-DIMS
100
AcDbBlockReference
  2
_OBLIQUE
 10
27184.0
 20
-1800.0
 30
0.0
 41
120.0
 42
120.0
  0
LINE
  5
636
330
62D
100
AcDbEntity
  8
0
100
AcDbLine
 10
22192.0
 20
-1800.0
 30
0.0
 11
27184.0
 21
-1800.0
 31
0.0
  0
MTEXT
  5
637
330
62D
100
AcDbEntity
  8
A-DIMS
100
AcDbMText
 10
24688.0
 20
-1650.0
 30
0.0
 40
180.0
 71
5
  1
4992
  7
OpenSansCondensed-Light
  0
POINT
  5
638
330
62D
100
AcDbEntity
  8
Defpoints
100
AcDbPoint
 10
22192.0
 20
-1800.0
 30
0.0
  0
POINT
  5
639
330
62D
100
AcDbEntity
  8
Defpoints
100
AcDbPoint
 10
22192.0
 20
0.0
 30
0.0
  0
POINT
  5
63A
330
62D
100
AcDbEntity
  8
Defpoints
100
AcDbPoint
 10
27184.0
 20
0.0
 30
0.0
  0
ENDBLK
  5
62F
330
62D
100
AcDbEntity
  8
0
100
AcDbBlockEnd
  0
BLOCK
  5
63D
330
63C
100
AcDbEntity
  8
0
100
AcDbBlockBegin
  2
*D52
 70
1
 10
0.0
 20
0.0
 30
0.0
  3
*D52
  1

  0
LINE
  5
63F
330
63C
100
AcDbEntity
  8
0
100
AcDbLine
 10
27184.0
 20
-120.0
 30
0.0
 11
27184.0
 21
-1920.0
 31
0.0
  0
LINE
  5
640
330
63C
100
AcDbEntity
  8
0
100
AcDbLine
 10
29584.0
 20
-120.0
 30
0.0
 11
29584.0
 21
-1920.0
 31
0.0
  0
INSERT
  5
641
330
63C
100
AcDbEntity
  8
A-DIMS
100
AcDbBlockReference
  2
_OBLIQUE
 10
27184.0
 20
-1800.0
 30
0.0
 41
120.0
 42
120.0
  0
INSERT
  5
643
330
63C
100
AcDbEntity
  8
A-DIMS
100
AcDbBlockReference
  2
_OBLIQUE
 10
29584.0
 20
-1800.0
 30
0.0
 41
120.0
 42
120.0
  0
LINE
  5
645
330
63C
100
AcDbEntity
  8
0
100
AcDbLine
 10
27184.0
 20
-1800.0
 30
0.0
 11
29584.0
 21
-1800.0
 31
0.0
  0
MTEXT
  5
646
330
63C
100
AcDbEntity
  8
A-DIMS
100
AcDbMText
 10
28384.0
 20
-1650.0
 30
0.0
 40
180.0
 71
5
  1
2400
  7
OpenSansCondensed-Light
  0
POINT
  5
647
330
63C
100
AcDbEntity
  8
Defpoints
100
AcDbPoint
 10
27184.0
 20
-1800.0
 30
0.0
  0
POINT
  5
648
330
63C
100
AcDbEntity
  8
Defpoints
100
AcDbPoint
 10
27184.0
 20
0.0
 30
0.0
  0
POINT
  5
649
330
63C
100
AcDbEntity
  8
Defpoints
100
AcDbPoint
 10
29584.0
 20
0.0
 30
0.0
  0
ENDBLK
  5
63E
330
63C
100
AcDbEntity
  8
0
100
AcDbBlockEnd
  0
BLOCK
  5
64C
330
64B
100
AcDbEntity
  8
0
100
AcDbBlockBegin
  2
*D53
 70
1
 10
0.0
 20
0.0
 30
0.0
  3
*D53
  1

  0
LINE
  5
64E
330
64B
100
AcDbEntity
  8
0
100
AcDbLine
 10
29584.0
 20
-120.0
 30
0.0
 11
29584.0
 21
-1920.0
 31
0.0
  0
LINE
  5
64F
330
64B
100
AcDbEntity
  8
0
100
AcDbLine
 10
32384.0
 20
-120.0
 30
0.0
 11
32384.0
 21
-1920.0
 31
0.0
  0
INSERT
  5
650
330
64B
100
AcDbEntity
  8
A-DIMS
100
AcDbBlockReference
  2
_OBLIQUE
 10
29584.0
 20
-1800.0
 30
0.0
 41
120.0
 42
120.0
  0
INSERT
  5
652
330
64B
100
AcDbEntity
  8
A-DIMS
100
AcDbBlockReference
  2
_OBLIQUE
 10
32384.0
 20
-1800.0
 30
0.0
 41
120.0
 42
120.0
  0
LINE
  5
654
330
64B
100
AcDbEntity
  8
0
100
AcDbLine
 10
29584.0
 20
-1800.0
 30
0.0
 11
32384.0
 21
-1800.0
 31
0.0
  0
MTEXT
  5
655
330
64B
100
AcDbEntity
  8
A-DIMS
100
AcDbMText
 10
30984.0
 20
-1650.0
 30
0.0
 40
180.0
 71
5
  1
2800
  7
OpenSansCondensed-Light
  0
POINT
  5
656
330
64B
100
AcDbEntity
  8
Defpoints
100
AcDbPoint
 10
29584.0
 20
-1800.0
 30
0.0
  0
POINT
  5
657
330
64B
100
AcDbEntity
  8
Defpoints
100
AcDbPoint
 10
29584.0
 20
0.0
 30
0.0
  0
POINT
  5
658
330
64B
100
AcDbEntity
  8
Defpoints
100
AcDbPoint
 10
32384.0
 20
0.0
 30
0.0
  0
ENDBLK
  5
64D
330
64B
100
AcDbEntity
  8
0
100
AcDbBlockEnd
  0
BLOCK
  5
65B
330
65A
100
AcDbEntity
  8
0
100
AcDbBlockBegin
  2
*D54
 70
1
 10
0.0
 20
0.0
 30
0.0
  3
*D54
  1

  0
LINE
  5
65D
330
65A
100
AcDbEntity
  8
0
100
AcDbLine
 10
22192.0
 20
-120.0
 30
0.0
 11
22192.0
 21
-2370.0
 31
0.0
  0
LINE
  5
65E
330
65A
100
AcDbEntity
  8
0
100
AcDbLine
 10
26884.0
 20
-120.0
 30
0.0
 11
26884.0
 21
-2370.0
 31
0.0
  0
INSERT
  5
65F
330
65A
100
AcDbEntity
  8
A-DIMS
100
AcDbBlockReference
  2
_OBLIQUE
 10
22192.0
 20
-2250.0
 30
0.0
 41
120.0
 42
120.0
  0
INSERT
  5
661
330
65A
100
AcDbEntity
  8
A-DIMS
100
AcDbBlockReference
  2
_OBLIQUE
 10
26884.0
 20
-2250.0
 30
0.0
 41
120.0
 42
120.0
  0
LINE
  5
663
330
65A
100
AcDbEntity
  8
0
100
AcDbLine
 10
22192.0
 20
-2250.0
 30
0.0
 11
26884.0
 21
-2250.0
 31
0.0
  0
MTEXT
  5
664
330
65A
100
AcDbEntity
  8
A-DIMS
100
AcDbMText
 10
24538.0
 20
-2100.0
 30
0.0
 40
180.0
 71
5
  1
4692
  7
OpenSansCondensed-Light
  0
POINT
  5
665
330
65A
100
AcDbEntity
  8
Defpoints
100
AcDbPoint
 10
22192.0
 20
-2250.0
 30
0.0
  0
POINT
  5
666
330
65A
100
AcDbEntity
  8
Defpoints
100
AcDbPoint
 10
22192.0
 20
0.0
 30
0.0
  0
POINT
  5
667
330
65A
100
AcDbEntity
  8
Defpoints
100
AcDbPoint
 10
26884.0
 20
0.0
 30
0.0
  0
ENDBLK
  5
65C
330
65A
100
AcDbEntity
  8
0
100
AcDbBlockEnd
  0
BLOCK
  5
66A
330
669
100
AcDbEntity
  8
0
100
AcDbBlockBegin
  2
*D55
 70
1
 10
0.0
 20
0.0
 30
0.0
  3
*D55
  1

  0
LINE
  5
66C
330
669
100
AcDbEntity
  8
0
100
AcDbLine
 10
26884.0
 20
-120.0
 30
0.0
 11
26884.0
 21
-2370.0
 31
0.0
  0
LINE
  5
66D
330
669
100
AcDbEntity
  8
0
100
AcDbLine
 10
32384.0
 20
-120.0
 30
0.0
 11
32384.0
 21
-2370.0
 31
0.0
  0
INSERT
  5
66E
330
669
100
AcDbEntity
  8
A-DIMS
100
AcDbBlockReference
  2
_OBLIQUE
 10
26884.0
 20
-2250.0
 30
0.0
 41
120.0
 42
120.0
  0
INSERT
  5
670
330
669
100
AcDbEntity
  8
A-DIMS
100
AcDbBlockReference
  2
_OBLIQUE
 10
32384.0
 20
-2250.0
 30
0.0
 41
120.0
 42
120.0
  0
LINE
  5
672
330
669
100
AcDbEntity
  8
0
100
AcDbLine
 10
26884.0
 20
-2250.0
 30
0.0
 11
32384.0
 21
-2250.0
 31
0.0
  0
MTEXT
  5
673
330
669
100
AcDbEntity
  8
A-DIMS
100
AcDbMText
 10
29634.0
 20
-2100.0
 30
0.0
 40
180.0
 71
5
  1
5500
  7
OpenSansCondensed-Light
  0
POINT
  5
674
330
669
100
AcDbEntity
  8
Defpoints
100
AcDbPoint
 10
26884.0
 20
-2250.0
 30
0.0
  0
POINT
  5
675
330
669
100
AcDbEntity
  8
Defpoints
100
AcDbPoint
 10
26884.0
 20
0.0
 30
0.0
  0
POINT
  5
676
330
669
100
AcDbEntity
  8
Defpoints
100
AcDbPoint
 10
32384.0
 20
0.0
 30
0.0
  0
ENDBLK
  5
66B
330
669
100
AcDbEntity
  8
0
100
AcDbBlockEnd
  0
BLOCK
  5
679
330
678
100
AcDbEntity
  8
0
100
AcDbBlockBegin
  2
*D56
 70
1
 10
0.0
 20
0.0
 30
0.0
  3
*D56
  1

  0
LINE
  5
67B
330
678
100
AcDbEntity
  8
0
100
AcDbLine
 10
22192.0
 20
-120.0
 30
0.0
 11
22192.0
 21
-2820.0
 31
0.0
  0
LINE
  5
67C
330
678
100
AcDbEntity
  8
0
100
AcDbLine
 10
32384.0
 20
-120.0
 30
0.0
 11
32384.0
 21
-2820.0
 31
0.0
  0
INSERT
  5
67D
330
678
100
AcDbEntity
  8
A-DIMS
100
AcDbBlockReference
  2
_OBLIQUE
 10
22192.0
 20
-2700.0
 30
0.0
 41
120.0
 42
120.0
  0
INSERT
  5
67F
330
678
100
AcDbEntity
  8
A-DIMS
100
AcDbBlockReference
  2
_OBLIQUE
 10
32384.0
 20
-2700.0
 30
0.0
 41
120.0
 42
120.0
  0
LINE
  5
681
330
678
100
AcDbEntity
  8
0
100
AcDbLine
 10
22192.0
 20
-2700.0
 30
0.0
 11
32384.0
 21
-2700.0
 31
0.0
  0
MTEXT
  5
682
330
678
100
AcDbEntity
  8
A-DIMS
100
AcDbMText
 10
27288.0
 20
-2550.0
 30
0.0
 40
180.0
 71
5
  1
10192
  7
OpenSansCondensed-Light
  0
POINT
  5
683
330
678
100
AcDbEntity
  8
Defpoints
100
AcDbPoint
 10
22192.0
 20
-2700.0
 30
0.0
  0
POINT
  5
684
330
678
100
AcDbEntity
  8
Defpoints
100
AcDbPoint
 10
22192.0
 20
0.0
 30
0.0
  0
POINT
  5
685
330
678
100
AcDbEntity
  8
Defpoints
100
AcDbPoint
 10
32384.0
 20
0.0
 30
0.0
  0
ENDBLK
  5
67A
330
678
100
AcDbEntity
  8
0
100
AcDbBlockEnd
  0
BLOCK
  5
688
330
687
100
AcDbEntity
  8
0
100
AcDbBlockBegin
  2
*D57
 70
1
 10
0.0
 20
0.0
 30
0.0
  3
*D57
  1

  0
LINE
  5
68A
330
687
100
AcDbEntity
  8
0
100
AcDbLine
 10
22192.0
 20
14208.0
 30
0.0
 11
22192.0
 21
14758.0
 31
0.0
  0
LINE
  5
68B
330
687
100
AcDbEntity
  8
0
100
AcDbLine
 10
23388.0
 20
14208.0
 30
0.0
 11
23388.0
 21
14758.0
 31
0.0
  0
INSERT
  5
68C
330
687
100
AcDbEntity
  8
A-DIMS
100
AcDbBlockReference
  2
_OBLIQUE
 10
22192.0
 20
14638.0
 30
0.0
 41
120.0
 42
120.0
  0
INSERT
  5
68E
330
687
100
AcDbEntity
  8
A-DIMS
100
AcDbBlockReference
  2
_OBLIQUE
 10
23388.0
 20
14638.0
 30
0.0
 41
120.0
 42
120.0
  0
LINE
  5
690
330
687
100
AcDbEntity
  8
0
100
AcDbLine
 10
22192.0
 20
14638.0
 30
0.0
 11
23388.0
 21
14638.0
 31
0.0
  0
MTEXT
  5
691
330
687
100
AcDbEntity
  8
A-DIMS
100
AcDbMText
 10
22790.0
 20
14788.0
 30
0.0
 40
180.0
 71
5
  1
1196
  7
OpenSansCondensed-Light
  0
POINT
  5
692
330
687
100
AcDbEntity
  8
Defpoints
100
AcDbPoint
 10
22192.0
 20
14638.0
 30
0.0
  0
POINT
  5
693
330
687
100
AcDbEntity
  8
Defpoints
100
AcDbPoint
 10
22192.0
 20
14088.0
 30
0.0
  0
POINT
  5
694
330
687
100
AcDbEntity
  8
Defpoints
100
AcDbPoint
 10
23388.0
 20
14088.0
 30
0.0
  0
ENDBLK
  5
689
330
687
100
AcDbEntity
  8
0
100
AcDbBlockEnd
  0
BLOCK
  5
697
330
696
100
AcDbEntity
  8
0
100
AcDbBlockBegin
  2
*D58
 70
1
 10
0.0
 20
0.0
 30
0.0
  3
*D58
  1

  0
LINE
  5
699
330
696
100
AcDbEntity
  8
0
100
AcDbLine
 10
23388.0
 20
14208.0
 30
0.0
 11
23388.0
 21
14758.0
 31
0.0
  0
LINE
  5
69A
330
696
100
AcDbEntity
  8
0
100
AcDbLine
 10
26088.0
 20
14208.0
 30
0.0
 11
26088.0
 21
14758.0
 31
0.0
  0
INSERT
  5
69B
330
696
100
AcDbEntity
  8
A-DIMS
100
AcDbBlockReference
  2
_OBLIQUE
 10
23388.0
 20
14638.0
 30
0.0
 41
120.0
 42
120.0
  0
INSERT
  5
69D
330
696
100
AcDbEntity
  8
A-DIMS
100
AcDbBlockReference
  2
_OBLIQUE
 10
26088.0
 20
14638.0
 30
0.0
 41
120.0
 42
120.0
  0
LINE
  5
69F
330
696
100
AcDbEntity
  8
0
100
AcDbLine
 10
23388.0
 20
14638.0
 30
0.0
 11
26088.0
 21
14638.0
 31
0.0
  0
MTEXT
  5
6A0
330
696
100
AcDbEntity
  8
A-DIMS
100
AcDbMText
 10
24738.0
 20
14788.0
 30
0.0
 40
180.0
 71
5
  1
2700
  7
OpenSansCondensed-Light
  0
POINT
  5
6A1
330
696
100
AcDbEntity
  8
Defpoints
100
AcDbPoint
 10
23388.0
 20
14638.0
 30
0.0
  0
POINT
  5
6A2
330
696
100
AcDbEntity
  8
Defpoints
100
AcDbPoint
 10
23388.0
 20
14088.0
 30
0.0
  0
POINT
  5
6A3
330
696
100
AcDbEntity
  8
Defpoints
100
AcDbPoint
 10
26088.0
 20
14088.0
 30
0.0
  0
ENDBLK
  5
698
330
696
100
AcDbEntity
  8
0
100
AcDbBlockEnd
  0
BLOCK
  5
6A6
330
6A5
100
AcDbEntity
  8
0
100
AcDbBlockBegin
  2
*D59
 70
1
 10
0.0
 20
0.0
 30
0.0
  3
*D59
  1

  0
LINE
  5
6A8
330
6A5
100
AcDbEntity
  8
0
100
AcDbLine
 10
26088.0
 20
14208.0
 30
0.0
 11
26088.0
 21
14758.0
 31
0.0
  0
LINE
  5
6A9
330
6A5
100
AcDbEntity
  8
0
100
AcDbLine
 10
27659.0
 20
14208.0
 30
0.0
 11
27659.0
 21
14758.0
 31
0.0
  0
INSERT
  5
6AA
330
6A5
100
AcDbEntity
  8
A-DIMS
100
AcDbBlockReference
  2
_OBLIQUE
 10
26088.0
 20
14638.0
 30
0.0
 41
120.0
 42
120.0
  0
INSERT
  5
6AC
330
6A5
100
AcDbEntity
  8
A-DIMS
100
AcDbBlockReference
  2
_OBLIQUE
 10
27659.0
 20
14638.0
 30
0.0
 41
120.0
 42
120.0
  0
LINE
  5
6AE
330
6A5
100
AcDbEntity
  8
0
100
AcDbLine
 10
26088.0
 20
14638.0
 30
0.0
 11
27659.0
 21
14638.0
 31
0.0
  0
MTEXT
  5
6AF
330
6A5
100
AcDbEntity
  8
A-DIMS
100
AcDbMText
 10
26873.5
 20
14788.0
 30
0.0
 40
180.0
 71
5
  1
1571
  7
OpenSansCondensed-Light
  0
POINT
  5
6B0
330
6A5
100
AcDbEntity
  8
Defpoints
100
AcDbPoint
 10
26088.0
 20
14638.0
 30
0.0
  0
POINT
  5
6B1
330
6A5
100
AcDbEntity
  8
Defpoints
100
AcDbPoint
 10
26088.0
 20
14088.0
 30
0.0
  0
POINT
  5
6B2
330
6A5
100
AcDbEntity
  8
Defpoints
100
AcDbPoint
 10
27659.0
 20
14088.0
 30
0.0
  0
ENDBLK
  5
6A7
330
6A5
100
AcDbEntity
  8
0
100
AcDbBlockEnd
  0
BLOCK
  5
6B5
330
6B4
100
AcDbEntity
  8
0
100
AcDbBlockBegin
  2
*D60
 70
1
 10
0.0
 20
0.0
 30
0.0
  3
*D60
  1

  0
LINE
  5
6B7
330
6B4
100
AcDbEntity
  8
0
100
AcDbLine
 10
27659.0
 20
14208.0
 30
0.0
 11
27659.0
 21
14758.0
 31
0.0
  0
LINE
  5
6B8
330
6B4
100
AcDbEntity
  8
0
100
AcDbLine
 10
28409.0
 20
14208.0
 30
0.0
 11
28409.0
 21
14758.0
 31
0.0
  0
INSERT
  5
6B9
330
6B4
100
AcDbEntity
  8
A-DIMS
100
AcDbBlockReference
  2
_OBLIQUE
 10
27659.0
 20
14638.0
 30
0.0
 41
120.0
 42
120.0
  0
INSERT
  5
6BB
330
6B4
100
AcDbEntity
  8
A-DIMS
100
AcDbBlockReference
  2
_OBLIQUE
 10
28409.0
 20
14638.0
 30
0.0
 41
120.0
 42
120.0
  0
LINE
  5
6BD
330
6B4
100
AcDbEntity
  8
0
100
AcDbLine
 10
27659.0
 20
14638.0
 30
0.0
 11
28409.0
 21
14638.0
 31
0.0
  0
MTEXT
  5
6BE
330
6B4
100
AcDbEntity
  8
A-DIMS
100
AcDbMText
 10
28034.0
 20
14788.0
 30
0.0
 40
180.0
 71
5
  1
750
  7
OpenSansCondensed-Light
  0
POINT
  5
6BF
330
6B4
100
AcDbEntity
  8
Defpoints
100
AcDbPoint
 10
27659.0
 20
14638.0
 30
0.0
  0
POINT
  5
6C0
330
6B4
100
AcDbEntity
  8
Defpoints
100
AcDbPoint
 10
27659.0
 20
14088.0
 30
0.0
  0
POINT
  5
6C1
330
6B4
100
AcDbEntity
  8
Defpoints
100
AcDbPoint
 10
28409.0
 20
14088.0
 30
0.0
  0
ENDBLK
  5
6B6
330
6B4
100
AcDbEntity
  8
0
100
AcDbBlockEnd
  0
BLOCK
  5
6C4
330
6C3
100
AcDbEntity
  8
0
100
AcDbBlockBegin
  2
*D61
 70
1
 10
0.0
 20
0.0
 30
0.0
  3
*D61
  1

  0
LINE
  5
6C6
330
6C3
100
AcDbEntity
  8
0
100
AcDbLine
 10
28409.0
 20
14208.0
 30
0.0
 11
28409.0
 21
14758.0
 31
0.0
  0
LINE
  5
6C7
330
6C3
100
AcDbEntity
  8
0
100
AcDbLine
 10
29534.0
 20
14208.0
 30
0.0
 11
29534.0
 21
14758.0
 31
0.0
  0
INSERT
  5
6C8
330
6C3
100
AcDbEntity
  8
A-DIMS
100
AcDbBlockReference
  2
_OBLIQUE
 10
28409.0
 20
14638.0
 30
0.0
 41
120.0
 42
120.0
  0
INSERT
  5
6CA
330
6C3
100
AcDbEntity
  8
A-DIMS
100
AcDbBlockReference
  2
_OBLIQUE
 10
29534.0
 20
14638.0
 30
0.0
 41
120.0
 42
120.0
  0
LINE
  5
6CC
330
6C3
100
AcDbEntity
  8
0
100
AcDbLine
 10
28409.0
 20
14638.0
 30
0.0
 11
29534.0
 21
14638.0
 31
0.0
  0
MTEXT
  5
6CD
330
6C3
100
AcDbEntity
  8
A-DIMS
100
AcDbMText
 10
28971.5
 20
14788.0
 30
0.0
 40
180.0
 71
5
  1
1125
  7
OpenSansCondensed-Light
  0
POINT
  5
6CE
330
6C3
100
AcDbEntity
  8
Defpoints
100
AcDbPoint
 10
28409.0
 20
14638.0
 30
0.0
  0
POINT
  5
6CF
330
6C3
100
AcDbEntity
  8
Defpoints
100
AcDbPoint
 10
28409.0
 20
14088.0
 30
0.0
  0
POINT
  5
6D0
330
6C3
100
AcDbEntity
  8
Defpoints
100
AcDbPoint
 10
29534.0
 20
14088.0
 30
0.0
  0
ENDBLK
  5
6C5
330
6C3
100
AcDbEntity
  8
0
100
AcDbBlockEnd
  0
BLOCK
  5
6D3
330
6D2
100
AcDbEntity
  8
0
100
AcDbBlockBegin
  2
*D62
 70
1
 10
0.0
 20
0.0
 30
0.0
  3
*D62
  1

  0
LINE
  5
6D5
330
6D2
100
AcDbEntity
  8
0
100
AcDbLine
 10
29534.0
 20
14208.0
 30
0.0
 11
29534.0
 21
14758.0
 31
0.0
  0
LINE
  5
6D6
330
6D2
100
AcDbEntity
  8
0
100
AcDbLine
 10
31634.0
 20
14208.0
 30
0.0
 11
31634.0
 21
14758.0
 31
0.0
  0
INSERT
  5
6D7
330
6D2
100
AcDbEntity
  8
A-DIMS
100
AcDbBlockReference
  2
_OBLIQUE
 10
29534.0
 20
14638.0
 30
0.0
 41
120.0
 42
120.0
  0
INSERT
  5
6D9
330
6D2
100
AcDbEntity
  8
A-DIMS
100
AcDbBlockReference
  2
_OBLIQUE
 10
31634.0
 20
14638.0
 30
0.0
 41
120.0
 42
120.0
  0
LINE
  5
6DB
330
6D2
100
AcDbEntity
  8
0
100
AcDbLine
 10
29534.0
 20
14638.0
 30
0.0
 11
31634.0
 21
14638.0
 31
0.0
  0
MTEXT
  5
6DC
330
6D2
100
AcDbEntity
  8
A-DIMS
100
AcDbMText
 10
30584.0
 20
14788.0
 30
0.0
 40
180.0
 71
5
  1
2100
  7
OpenSansCondensed-Light
  0
POINT
  5
6DD
330
6D2
100
AcDbEntity
  8
Defpoints
100
AcDbPoint
 10
29534.0
 20
14638.0
 30
0.0
  0
POINT
  5
6DE
330
6D2
100
AcDbEntity
  8
Defpoints
100
AcDbPoint
 10
29534.0
 20
14088.0
 30
0.0
  0
POINT
  5
6DF
330
6D2
100
AcDbEntity
  8
Defpoints
100
AcDbPoint
 10
31634.0
 20
14088.0
 30
0.0
  0
ENDBLK
  5
6D4
330
6D2
100
AcDbEntity
  8
0
100
AcDbBlockEnd
  0
BLOCK
  5
6E2
330
6E1
100
AcDbEntity
  8
0
100
AcDbBlockBegin
  2
*D63
 70
1
 10
0.0
 20
0.0
 30
0.0
  3
*D63
  1

  0
LINE
  5
6E4
330
6E1
100
AcDbEntity
  8
0
100
AcDbLine
 10
31634.0
 20
14208.0
 30
0.0
 11
31634.0
 21
14758.0
 31
0.0
  0
LINE
  5
6E5
330
6E1
100
AcDbEntity
  8
0
100
AcDbLine
 10
32384.0
 20
14208.0
 30
0.0
 11
32384.0
 21
14758.0
 31
0.0
  0
INSERT
  5
6E6
330
6E1
100
AcDbEntity
  8
A-DIMS
100
AcDbBlockReference
  2
_OBLIQUE
 10
31634.0
 20
14638.0
 30
0.0
 41
120.0
 42
120.0
  0
INSERT
  5
6E8
330
6E1
100
AcDbEntity
  8
A-DIMS
100
AcDbBlockReference
  2
_OBLIQUE
 10
32384.0
 20
14638.0
 30
0.0
 41
120.0
 42
120.0
  0
LINE
  5
6EA
330
6E1
100
AcDbEntity
  8
0
100
AcDbLine
 10
31634.0
 20
14638.0
 30
0.0
 11
32384.0
 21
14638.0
 31
0.0
  0
MTEXT
  5
6EB
330
6E1
100
AcDbEntity
  8
A-DIMS
100
AcDbMText
 10
32009.0
 20
14788.0
 30
0.0
 40
180.0
 71
5
  1
750
  7
OpenSansCondensed-Light
  0
POINT
  5
6EC
330
6E1
100
AcDbEntity
  8
Defpoints
100
AcDbPoint
 10
31634.0
 20
14638.0
 30
0.0
  0
POINT
  5
6ED
330
6E1
100
AcDbEntity
  8
Defpoints
100
AcDbPoint
 10
31634.0
 20
14088.0
 30
0.0
  0
POINT
  5
6EE
330
6E1
100
AcDbEntity
  8
Defpoints
100
AcDbPoint
 10
32384.0
 20
14088.0
 30
0.0
  0
ENDBLK
  5
6E3
330
6E1
100
AcDbEntity
  8
0
100
AcDbBlockEnd
  0
BLOCK
  5
6F1
330
6F0
100
AcDbEntity
  8
0
100
AcDbBlockBegin
  2
*D64
 70
1
 10
0.0
 20
0.0
 30
0.0
  3
*D64
  1

  0
LINE
  5
6F3
330
6F0
100
AcDbEntity
  8
0
100
AcDbLine
 10
22192.0
 20
14208.0
 30
0.0
 11
22192.0
 21
15208.0
 31
0.0
  0
LINE
  5
6F4
330
6F0
100
AcDbEntity
  8
0
100
AcDbLine
 10
27284.0
 20
14208.0
 30
0.0
 11
27284.0
 21
15208.0
 31
0.0
  0
INSERT
  5
6F5
330
6F0
100
AcDbEntity
  8
A-DIMS
100
AcDbBlockReference
  2
_OBLIQUE
 10
22192.0
 20
15088.0
 30
0.0
 41
120.0
 42
120.0
  0
INSERT
  5
6F7
330
6F0
100
AcDbEntity
  8
A-DIMS
100
AcDbBlockReference
  2
_OBLIQUE
 10
27284.0
 20
15088.0
 30
0.0
 41
120.0
 42
120.0
  0
LINE
  5
6F9
330
6F0
100
AcDbEntity
  8
0
100
AcDbLine
 10
22192.0
 20
15088.0
 30
0.0
 11
27284.0
 21
15088.0
 31
0.0
  0
MTEXT
  5
6FA
330
6F0
100
AcDbEntity
  8
A-DIMS
100
AcDbMText
 10
24738.0
 20
15238.0
 30
0.0
 40
180.0
 71
5
  1
5092
  7
OpenSansCondensed-Light
  0
POINT
  5
6FB
330
6F0
100
AcDbEntity
  8
Defpoints
100
AcDbPoint
 10
22192.0
 20
15088.0
 30
0.0
  0
POINT
  5
6FC
330
6F0
100
AcDbEntity
  8
Defpoints
100
AcDbPoint
 10
22192.0
 20
14088.0
 30
0.0
  0
POINT
  5
6FD
330
6F0
100
AcDbEntity
  8
Defpoints
100
AcDbPoint
 10
27284.0
 20
14088.0
 30
0.0
  0
ENDBLK
  5
6F2
330
6F0
100
AcDbEntity
  8
0
100
AcDbBlockEnd
  0
BLOCK
  5
700
330
6FF
100
AcDbEntity
  8
0
100
AcDbBlockBegin
  2
*D65
 70
1
 10
0.0
 20
0.0
 30
0.0
  3
*D65
  1

  0
LINE
  5
702
330
6FF
100
AcDbEntity
  8
0
100
AcDbLine
 10
27284.0
 20
14208.0
 30
0.0
 11
27284.0
 21
15208.0
 31
0.0
  0
LINE
  5
703
330
6FF
100
AcDbEntity
  8
0
100
AcDbLine
 10
28784.0
 20
14208.0
 30
0.0
 11
28784.0
 21
15208.0
 31
0.0
  0
INSERT
  5
704
330
6FF
100
AcDbEntity
  8
A-DIMS
100
AcDbBlockReference
  2
_OBLIQUE
 10
27284.0
 20
15088.0
 30
0.0
 41
120.0
 42
120.0
  0
INSERT
  5
706
330
6FF
100
AcDbEntity
  8
A-DIMS
100
AcDbBlockReference
  2
_OBLIQUE
 10
28784.0
 20
15088.0
 30
0.0
 41
120.0
 42
120.0
  0
LINE
  5
708
330
6FF
100
AcDbEntity
  8
0
100
AcDbLine
 10
27284.0
 20
15088.0
 30
0.0
 11
28784.0
 21
15088.0
 31
0.0
  0
MTEXT
  5
709
330
6FF
100
AcDbEntity
  8
A-DIMS
100
AcDbMText
 10
28034.0
 20
15238.0
 30
0.0
 40
180.0
 71
5
  1
1500
  7
OpenSansCondensed-Light
  0
POINT
  5
70A
330
6FF
100
AcDbEntity
  8
Defpoints
100
AcDbPoint
 10
27284.0
 20
15088.0
 30
0.0
  0
POINT
  5
70B
330
6FF
100
AcDbEntity
  8
Defpoints
100
AcDbPoint
 10
27284.0
 20
14088.0
 30
0.0
  0
POINT
  5
70C
330
6FF
100
AcDbEntity
  8
Defpoints
100
AcDbPoint
 10
28784.0
 20
14088.0
 30
0.0
  0
ENDBLK
  5
701
330
6FF
100
AcDbEntity
  8
0
100
AcDbBlockEnd
  0
BLOCK
  5
70F
330
70E
100
AcDbEntity
  8
0
100
AcDbBlockBegin
  2
*D66
 70
1
 10
0.0
 20
0.0
 30
0.0
  3
*D66
  1

  0
LINE
  5
711
330
70E
100
AcDbEntity
  8
0
100
AcDbLine
 10
28784.0
 20
14208.0
 30
0.0
 11
28784.0
 21
15208.0
 31
0.0
  0
LINE
  5
712
330
70E
100
AcDbEntity
  8
0
100
AcDbLine
 10
32384.0
 20
14208.0
 30
0.0
 11
32384.0
 21
15208.0
 31
0.0
  0
INSERT
  5
713
330
70E
100
AcDbEntity
  8
A-DIMS
100
AcDbBlockReference
  2
_OBLIQUE
 10
28784.0
 20
15088.0
 30
0.0
 41
120.0
 42
120.0
  0
INSERT
  5
715
330
70E
100
AcDbEntity
  8
A-DIMS
100
AcDbBlockReference
  2
_OBLIQUE
 10
32384.0
 20
15088.0
 30
0.0
 41
120.0
 42
120.0
  0
LINE
  5
717
330
70E
100
AcDbEntity
  8
0
100
AcDbLine
 10
28784.0
 20
15088.0
 30
0.0
 11
32384.0
 21
15088.0
 31
0.0
  0
MTEXT
  5
718
330
70E
100
AcDbEntity
  8
A-DIMS
100
AcDbMText
 10
30584.0
 20
15238.0
 30
0.0
 40
180.0
 71
5
  1
3600
  7
OpenSansCondensed-Light
  0
POINT
  5
719
330
70E
100
AcDbEntity
  8
Defpoints
100
AcDbPoint
 10
28784.0
 20
15088.0
 30
0.0
  0
POINT
  5
71A
330
70E
100
AcDbEntity
  8
Defpoints
100
AcDbPoint
 10
28784.0
 20
14088.0
 30
0.0
  0
POINT
  5
71B
330
70E
100
AcDbEntity
  8
Defpoints
100
AcDbPoint
 10
32384.0
 20
14088.0
 30
0.0
  0
ENDBLK
  5
710
330
70E
100
AcDbEntity
  8
0
100
AcDbBlockEnd
  0
BLOCK
  5
71E
330
71D
100
AcDbEntity
  8
0
100
AcDbBlockBegin
  2
*D67
 70
1
 10
0.0
 20
0.0
 30
0.0
  3
*D67
  1

  0
LINE
  5
720
330
71D
100
AcDbEntity
  8
0
100
AcDbLine
 10
22192.0
 20
14208.0
 30
0.0
 11
22192.0
 21
15658.0
 31
0.0
  0
LINE
  5
721
330
71D
100
AcDbEntity
  8
0
100
AcDbLine
 10
32384.0
 20
14208.0
 30
0.0
 11
32384.0
 21
15658.0
 31
0.0
  0
INSERT
  5
722
330
71D
100
AcDbEntity
  8
A-DIMS
100
AcDbBlockReference
  2
_OBLIQUE
 10
22192.0
 20
15538.0
 30
0.0
 41
120.0
 42
120.0
  0
INSERT
  5
724
330
71D
100
AcDbEntity
  8
A-DIMS
100
AcDbBlockReference
  2
_OBLIQUE
 10
32384.0
 20
15538.0
 30
0.0
 41
120.0
 42
120.0
  0
LINE
  5
726
330
71D
100
AcDbEntity
  8
0
100
AcDbLine
 10
22192.0
 20
15538.0
 30
0.0
 11
32384.0
 21
15538.0
 31
0.0
  0
MTEXT
  5
727
330
71D
100
AcDbEntity
  8
A-DIMS
100
AcDbMText
 10
27288.0
 20
15688.0
 30
0.0
 40
180.0
 71
5
  1
10192
  7
OpenSansCondensed-Light
  0
POINT
  5
728
330
71D
100
AcDbEntity
  8
Defpoints
100
AcDbPoint
 10
22192.0
 20
15538.0
 30
0.0
  0
POINT
  5
729
330
71D
100
AcDbEntity
  8
Defpoints
100
AcDbPoint
 10
22192.0
 20
14088.0
 30
0.0
  0
POINT
  5
72A
330
71D
100
AcDbEntity
  8
Defpoints
100
AcDbPoint
 10
32384.0
 20
14088.0
 30
0.0
  0
ENDBLK
  5
71F
330
71D
100
AcDbEntity
  8
0
100
AcDbBlockEnd
  0
BLOCK
  5
72D
330
72C
100
AcDbEntity
  8
0
100
AcDbBlockBegin
  2
*D68
 70
1
 10
0.0
 20
0.0
 30
0.0
  3
*D68
  1

  0
LINE
  5
72F
330
72C
100
AcDbEntity
  8
0
100
AcDbLine
 10
22072.0
 20
0.0
 30
0.0
 11
21522.0
 21
0.0
 31
0.0
  0
LINE
  5
730
330
72C
100
AcDbEntity
  8
0
100
AcDbLine
 10
22072.0
 20
1950.0
 30
0.0
 11
21522.0
 21
1950.0
 31
0.0
  0
INSERT
  5
731
330
72C
100
AcDbEntity
  8
A-DIMS
100
AcDbBlockReference
  2
_OBLIQUE
 10
21642.0
 20
0.0
 30
0.0
 41
120.0
 42
120.0
 50
90.0
  0
INSERT
  5
733
330
72C
100
AcDbEntity
  8
A-DIMS
100
AcDbBlockReference
  2
_OBLIQUE
 10
21642.0
 20
1950.0
 30
0.0
 41
120.0
 42
120.0
 50
90.0
  0
LINE
  5
735
330
72C
100
AcDbEntity
  8
0
100
AcDbLine
 10
21642.0
 20
0.0
 30
0.0
 11
21642.0
 21
1950.0
 31
0.0
  0
MTEXT
  5
736
330
72C
100
AcDbEntity
  8
A-DIMS
100
AcDbMText
 10
21492.0
 20
975.0
 30
0.0
 40
180.0
 71
5
  1
1950
  7
OpenSansCondensed-Light
 50
90.0
  0
POINT
  5
737
330
72C
100
AcDbEntity
  8
Defpoints
100
AcDbPoint
 10
21642.0
 20
0.0
 30
0.0
  0
POINT
  5
738
330
72C
100
AcDbEntity
  8
Defpoints
100
AcDbPoint
 10
22192.0
 20
0.0
 30
0.0
  0
POINT
  5
739
330
72C
100
AcDbEntity
  8
Defpoints
100
AcDbPoint
 10
22192.0
 20
1950.0
 30
0.0
  0
ENDBLK
  5
72E
330
72C
100
AcDbEntity
  8
0
100
AcDbBlockEnd
  0
BLOCK
  5
73C
330
73B
100
AcDbEntity
  8
0
100
AcDbBlockBegin
  2
*D69
 70
1
 10
0.0
 20
0.0
 30
0.0
  3
*D69
  1

  0
LINE
  5
73E
330
73B
100
AcDbEntity
  8
0
100
AcDbLine
 10
22072.0
 20
1950.0
 30
0.0
 11
21522.0
 21
1950.0
 31
0.0
  0
LINE
  5
73F
330
73B
100
AcDbEntity
  8
0
100
AcDbLine
 10
22072.0
 20
4050.0
 30
0.0
 11
21522.0
 21
4050.0
 31
0.0
  0
INSERT
  5
740
330
73B
100
AcDbEntity
  8
A-DIMS
100
AcDbBlockReference
  2
_OBLIQUE
 10
21642.0
 20
1950.0
 30
0.0
 41
120.0
 42
120.0
 50
90.0
  0
INSERT
  5
742
330
73B
100
AcDbEntity
  8
A-DIMS
100
AcDbBlockReference
  2
_OBLIQUE
 10
21642.0
 20
4050.0
 30
0.0
 41
120.0
 42
120.0
 50
90.0
  0
LINE
  5
744
330
73B
100
AcDbEntity
  8
0
100
AcDbLine
 10
21642.0
 20
1950.0
 30
0.0
 11
21642.0
 21
4050.0
 31
0.0
  0
MTEXT
  5
745
330
73B
100
AcDbEntity
  8
A-DIMS
100
AcDbMText
 10
21492.0
 20
3000.0
 30
0.0
 40
180.0
 71
5
  1
2100
  7
OpenSansCondensed-Light
 50
90.0
  0
POINT
  5
746
330
73B
100
AcDbEntity
  8
Defpoints
100
AcDbPoint
 10
21642.0
 20
1950.0
 30
0.0
  0
POINT
  5
747
330
73B
100
AcDbEntity
  8
Defpoints
100
AcDbPoint
 10
22192.0
 20
1950.0
 30
0.0
  0
POINT
  5
748
330
73B
100
AcDbEntity
  8
Defpoints
100
AcDbPoint
 10
22192.0
 20
4050.0
 30
0.0
  0
ENDBLK
  5
73D
330
73B
100
AcDbEntity
  8
0
100
AcDbBlockEnd
  0
BLOCK
  5
74B
330
74A
100
AcDbEntity
  8
0
100
AcDbBlockBegin
  2
*D70
 70
1
 10
0.0
 20
0.0
 30
0.0
  3
*D70
  1

  0
LINE
  5
74D
330
74A
100
AcDbEntity
  8
0
100
AcDbLine
 10
22072.0
 20
4050.0
 30
0.0
 11
21522.0
 21
4050.0
 31
0.0
  0
LINE
  5
74E
330
74A
100
AcDbEntity
  8
0
100
AcDbLine
 10
22072.0
 20
5225.0
 30
0.0
 11
21522.0
 21
5225.0
 31
0.0
  0
INSERT
  5
74F
330
74A
100
AcDbEntity
  8
A-DIMS
100
AcDbBlockReference
  2
_OBLIQUE
 10
21642.0
 20
4050.0
 30
0.0
 41
120.0
 42
120.0
 50
90.0
  0
INSERT
  5
751
330
74A
100
AcDbEntity
  8
A-DIMS
100
AcDbBlockReference
  2
_OBLIQUE
 10
21642.0
 20
5225.0
 30
0.0
 41
120.0
 42
120.0
 50
90.0
  0
LINE
  5
753
330
74A
100
AcDbEntity
  8
0
100
AcDbLine
 10
21642.0
 20
4050.0
 30
0.0
 11
21642.0
 21
5225.0
 31
0.0
  0
MTEXT
  5
754
330
74A
100
AcDbEntity
  8
A-DIMS
100
AcDbMText
 10
21492.0
 20
4637.5
 30
0.0
 40
180.0
 71
5
  1
1175
  7
OpenSansCondensed-Light
 50
90.0
  0
POINT
  5
755
330
74A
100
AcDbEntity
  8
Defpoints
100
AcDbPoint
 10
21642.0
 20
4050.0
 30
0.0
  0
POINT
  5
756
330
74A
100
AcDbEntity
  8
Defpoints
100
AcDbPoint
 10
22192.0
 20
4050.0
 30
0.0
  0
POINT
  5
757
330
74A
100
AcDbEntity
  8
Defpoints
100
AcDbPoint
 10
22192.0
 20
5225.0
 30
0.0
  0
ENDBLK
  5
74C
330
74A
100
AcDbEntity
  8
0
100
AcDbBlockEnd
  0
BLOCK
  5
75A
330
759
100
AcDbEntity
  8
0
100
AcDbBlockBegin
  2
*D71
 70
1
 10
0.0
 20
0.0
 30
0.0
  3
*D71
  1

  0
LINE
  5
75C
330
759
100
AcDbEntity
  8
0
100
AcDbLine
 10
22072.0
 20
5225.0
 30
0.0
 11
21522.0
 21
5225.0
 31
0.0
  0
LINE
  5
75D
330
759
100
AcDbEntity
  8
0
100
AcDbLine
 10
22072.0
 20
6725.0
 30
0.0
 11
21522.0
 21
6725.0
 31
0.0
  0
INSERT
  5
75E
330
759
100
AcDbEntity
  8
A-DIMS
100
AcDbBlockReference
  2
_OBLIQUE
 10
21642.0
 20
5225.0
 30
0.0
 41
120.0
 42
120.0
 50
90.0
  0
INSERT
  5
760
330
759
100
AcDbEntity
  8
A-DIMS
100
AcDbBlockReference
  2
_OBLIQUE
 10
21642.0
 20
6725.0
 30
0.0
 41
120.0
 42
120.0
 50
90.0
  0
LINE
  5
762
330
759
100
AcDbEntity
  8
0
100
AcDbLine
 10
21642.0
 20
5225.0
 30
0.0
 11
21642.0
 21
6725.0
 31
0.0
  0
MTEXT
  5
763
330
759
100
AcDbEntity
  8
A-DIMS
100
AcDbMText
 10
21492.0
 20
5975.0
 30
0.0
 40
180.0
 71
5
  1
1500
  7
OpenSansCondensed-Light
 50
90.0
  0
POINT
  5
764
330
759
100
AcDbEntity
  8
Defpoints
100
AcDbPoint
 10
21642.0
 20
5225.0
 30
0.0
  0
POINT
  5
765
330
759
100
AcDbEntity
  8
Defpoints
100
AcDbPoint
 10
22192.0
 20
5225.0
 30
0.0
  0
POINT
  5
766
330
759
100
AcDbEntity
  8
Defpoints
100
AcDbPoint
 10
22192.0
 20
6725.0
 30
0.0
  0
ENDBLK
  5
75B
330
759
100
AcDbEntity
  8
0
100
AcDbBlockEnd
  0
BLOCK
  5
769
330
768
100
AcDbEntity
  8
0
100
AcDbBlockBegin
  2
*D72
 70
1
 10
0.0
 20
0.0
 30
0.0
  3
*D72
  1

  0
LINE
  5
76B
330
768
100
AcDbEntity
  8
0
100
AcDbLine
 10
22072.0
 20
6725.0
 30
0.0
 11
21522.0
 21
6725.0
 31
0.0
  0
LINE
  5
76C
330
768
100
AcDbEntity
  8
0
100
AcDbLine
 10
22072.0
 20
9444.0
 30
0.0
 11
21522.0
 21
9444.0
 31
0.0
  0
INSERT
  5
76D
330
768
100
AcDbEntity
  8
A-DIMS
100
AcDbBlockReference
  2
_OBLIQUE
 10
21642.0
 20
6725.0
 30
0.0
 41
120.0
 42
120.0
 50
90.0
  0
INSERT
  5
76F
330
768
100
AcDbEntity
  8
A-DIMS
100
AcDbBlockReference
  2
_OBLIQUE
 10
21642.0
 20
9444.0
 30
0.0
 41
120.0
 42
120.0
 50
90.0
  0
LINE
  5
771
330
768
100
AcDbEntity
  8
0
100
AcDbLine
 10
21642.0
 20
6725.0
 30
0.0
 11
21642.0
 21
9444.0
 31
0.0
  0
MTEXT
  5
772
330
768
100
AcDbEntity
  8
A-DIMS
100
AcDbMText
 10
21492.0
 20
8084.5
 30
0.0
 40
180.0
 71
5
  1
2719
  7
OpenSansCondensed-Light
 50
90.0
  0
POINT
  5
773
330
768
100
AcDbEntity
  8
Defpoints
100
AcDbPoint
 10
21642.0
 20
6725.0
 30
0.0
  0
POINT
  5
774
330
768
100
AcDbEntity
  8
Defpoints
100
AcDbPoint
 10
22192.0
 20
6725.0
 30
0.0
  0
POINT
  5
775
330
768
100
AcDbEntity
  8
Defpoints
100
AcDbPoint
 10
22192.0
 20
9444.0
 30
0.0
  0
ENDBLK
  5
76A
330
768
100
AcDbEntity
  8
0
100
AcDbBlockEnd
  0
BLOCK
  5
778
330
777
100
AcDbEntity
  8
0
100
AcDbBlockBegin
  2
*D73
 70
1
 10
0.0
 20
0.0
 30
0.0
  3
*D73
  1

  0
LINE
  5
77A
330
777
100
AcDbEntity
  8
0
100
AcDbLine
 10
22072.0
 20
9444.0
 30
0.0
 11
21522.0
 21
9444.0
 31
0.0
  0
LINE
  5
77B
330
777
100
AcDbEntity
  8
0
100
AcDbLine
 10
22072.0
 20
12144.0
 30
0.0
 11
21522.0
 21
12144.0
 31
0.0
  0
INSERT
  5
77C
330
777
100
AcDbEntity
  8
A-DIMS
100
AcDbBlockReference
  2
_OBLIQUE
 10
21642.0
 20
9444.0
 30
0.0
 41
120.0
 42
120.0
 50
90.0
  0
INSERT
  5
77E
330
777
100
AcDbEntity
  8
A-DIMS
100
AcDbBlockReference
  2
_OBLIQUE
 10
21642.0
 20
12144.0
 30
0.0
 41
120.0
 42
120.0
 50
90.0
  0
LINE
  5
780
330
777
100
AcDbEntity
  8
0
100
AcDbLine
 10
21642.0
 20
9444.0
 30
0.0
 11
21642.0
 21
12144.0
 31
0.0
  0
MTEXT
  5
781
330
777
100
AcDbEntity
  8
A-DIMS
100
AcDbMText
 10
21492.0
 20
10794.0
 30
0.0
 40
180.0
 71
5
  1
2700
  7
OpenSansCondensed-Light
 50
90.0
  0
POINT
  5
782
330
777
100
AcDbEntity
  8
Defpoints
100
AcDbPoint
 10
21642.0
 20
9444.0
 30
0.0
  0
POINT
  5
783
330
777
100
AcDbEntity
  8
Defpoints
100
AcDbPoint
 10
22192.0
 20
9444.0
 30
0.0
  0
POINT
  5
784
330
777
100
AcDbEntity
  8
Defpoints
100
AcDbPoint
 10
22192.0
 20
12144.0
 30
0.0
  0
ENDBLK
  5
779
330
777
100
AcDbEntity
  8
0
100
AcDbBlockEnd
  0
BLOCK
  5
787
330
786
100
AcDbEntity
  8
0
100
AcDbBlockBegin
  2
*D74
 70
1
 10
0.0
 20
0.0
 30
0.0
  3
*D74
  1

  0
LINE
  5
789
330
786
100
AcDbEntity
  8
0
100
AcDbLine
 10
22072.0
 20
12144.0
 30
0.0
 11
21522.0
 21
12144.0
 31
0.0
  0
LINE
  5
78A
330
786
100
AcDbEntity
  8
0
100
AcDbLine
 10
22072.0
 20
14088.0
 30
0.0
 11
21522.0
 21
14088.0
 31
0.0
  0
INSERT
  5
78B
330
786
100
AcDbEntity
  8
A-DIMS
100
AcDbBlockReference
  2
_OBLIQUE
 10
21642.0
 20
12144.0
 30
0.0
 41
120.0
 42
120.0
 50
90.0
  0
INSERT
  5
78D
330
786
100
AcDbEntity
  8
A-DIMS
100
AcDbBlockReference
  2
_OBLIQUE
 10
21642.0
 20
14088.0
 30
0.0
 41
120.0
 42
120.0
 50
90.0
  0
LINE
  5
78F
330
786
100
AcDbEntity
  8
0
100
AcDbLine
 10
21642.0
 20
12144.0
 30
0.0
 11
21642.0
 21
14088.0
 31
0.0
  0
MTEXT
  5
790
330
786
100
AcDbEntity
  8
A-DIMS
100
AcDbMText
 10
21492.0
 20
13116.0
 30
0.0
 40
180.0
 71
5
  1
1944
  7
OpenSansCondensed-Light
 50
90.0
  0
POINT
  5
791
330
786
100
AcDbEntity
  8
Defpoints
100
AcDbPoint
 10
21642.0
 20
12144.0
 30
0.0
  0
POINT
  5
792
330
786
100
AcDbEntity
  8
Defpoints
100
AcDbPoint
 10
22192.0
 20
12144.0
 30
0.0
  0
POINT
  5
793
330
786
100
AcDbEntity
  8
Defpoints
100
AcDbPoint
 10
22192.0
 20
14088.0
 30
0.0
  0
ENDBLK
  5
788
330
786
100
AcDbEntity
  8
0
100
AcDbBlockEnd
  0
BLOCK
  5
796
330
795
100
AcDbEntity
  8
0
100
AcDbBlockBegin
  2
*D75
 70
1
 10
0.0
 20
0.0
 30
0.0
  3
*D75
  1

  0
LINE
  5
798
330
795
100
AcDbEntity
  8
0
100
AcDbLine
 10
22072.0
 20
0.0
 30
0.0
 11
21072.0
 21
0.0
 31
0.0
  0
LINE
  5
799
330
795
100
AcDbEntity
  8
0
100
AcDbLine
 10
22072.0
 20
1550.0
 30
0.0
 11
21072.0
 21
1550.0
 31
0.0
  0
INSERT
  5
79A
330
795
100
AcDbEntity
  8
A-DIMS
100
AcDbBlockReference
  2
_OBLIQUE
 10
21192.0
 20
0.0
 30
0.0
 41
120.0
 42
120.0
 50
90.0
  0
INSERT
  5
79C
330
795
100
AcDbEntity
  8
A-DIMS
100
AcDbBlockReference
  2
_OBLIQUE
 10
21192.0
 20
1550.0
 30
0.0
 41
120.0
 42
120.0
 50
90.0
  0
LINE
  5
79E
330
795
100
AcDbEntity
  8
0
100
AcDbLine
 10
21192.0
 20
0.0
 30
0.0
 11
21192.0
 21
1550.0
 31
0.0
  0
MTEXT
  5
79F
330
795
100
AcDbEntity
  8
A-DIMS
100
AcDbMText
 10
21042.0
 20
775.0
 30
0.0
 40
180.0
 71
5
  1
1550
  7
OpenSansCondensed-Light
 50
90.0
  0
POINT
  5
7A0
330
795
100
AcDbEntity
  8
Defpoints
100
AcDbPoint
 10
21192.0
 20
0.0
 30
0.0
  0
POINT
  5
7A1
330
795
100
AcDbEntity
  8
Defpoints
100
AcDbPoint
 10
22192.0
 20
0.0
 30
0.0
  0
POINT
  5
7A2
330
795
100
AcDbEntity
  8
Defpoints
100
AcDbPoint
 10
22192.0
 20
1550.0
 30
0.0
  0
ENDBLK
  5
797
330
795
100
AcDbEntity
  8
0
100
AcDbBlockEnd
  0
BLOCK
  5
7A5
330
7A4
100
AcDbEntity
  8
0
100
AcDbBlockBegin
  2
*D76
 70
1
 10
0.0
 20
0.0
 30
0.0
  3
*D76
  1

  0
LINE
  5
7A7
330
7A4
100
AcDbEntity
  8
0
100
AcDbLine
 10
22072.0
 20
1550.0
 30
0.0
 11
21072.0
 21
1550.0
 31
0.0
  0
LINE
  5
7A8
330
7A4
100
AcDbEntity
  8
0
100
AcDbLine
 10
22072.0
 20
4450.0
 30
0.0
 11
21072.0
 21
4450.0
 31
0.0
  0
INSERT
  5
7A9
330
7A4
100
AcDbEntity
  8
A-DIMS
100
AcDbBlockReference
  2
_OBLIQUE
 10
21192.0
 20
1550.0
 30
0.0
 41
120.0
 42
120.0
 50
90.0
  0
INSERT
  5
7AB
330
7A4
100
AcDbEntity
  8
A-DIMS
100
AcDbBlockReference
  2
_OBLIQUE
 10
21192.0
 20
4450.0
 30
0.0
 41
120.0
 42
120.0
 50
90.0
  0
LINE
  5
7AD
330
7A4
100
AcDbEntity
  8
0
100
AcDbLine
 10
21192.0
 20
1550.0
 30
0.0
 11
21192.0
 21
4450.0
 31
0.0
  0
MTEXT
  5
7AE
330
7A4
100
AcDbEntity
  8
A-DIMS
100
AcDbMText
 10
21042.0
 20
3000.0
 30
0.0
 40
180.0
 71
5
  1
2900
  7
OpenSansCondensed-Light
 50
90.0
  0
POINT
  5
7AF
330
7A4
100
AcDbEntity
  8
Defpoints
100
AcDbPoint
 10
21192.0
 20
1550.0
 30
0.0
  0
POINT
  5
7B0
330
7A4
100
AcDbEntity
  8
Defpoints
100
AcDbPoint
 10
22192.0
 20
1550.0
 30
0.0
  0
POINT
  5
7B1
330
7A4
100
AcDbEntity
  8
Defpoints
100
AcDbPoint
 10
22192.0
 20
4450.0
 30
0.0
  0
ENDBLK
  5
7A6
330
7A4
100
AcDbEntity
  8
0
100
AcDbBlockEnd
  0
BLOCK
  5
7B4
330
7B3
100
AcDbEntity
  8
0
100
AcDbBlockBegin
  2
*D77
 70
1
 10
0.0
 20
0.0
 30
0.0
  3
*D77
  1

  0
LINE
  5
7B6
330
7B3
100
AcDbEntity
  8
0
100
AcDbLine
 10
22072.0
 20
4450.0
 30
0.0
 11
21072.0
 21
4450.0
 31
0.0
  0
LINE
  5
7B7
330
7B3
100
AcDbEntity
  8
0
100
AcDbLine
 10
22072.0
 20
7500.0
 30
0.0
 11
21072.0
 21
7500.0
 31
0.0
  0
INSERT
  5
7B8
330
7B3
100
AcDbEntity
  8
A-DIMS
100
AcDbBlockReference
  2
_OBLIQUE
 10
21192.0
 20
4450.0
 30
0.0
 41
120.0
 42
120.0
 50
90.0
  0
INSERT
  5
7BA
330
7B3
100
AcDbEntity
  8
A-DIMS
100
AcDbBlockReference
  2
_OBLIQUE
 10
21192.0
 20
7500.0
 30
0.0
 41
120.0
 42
120.0
 50
90.0
  0
LINE
  5
7BC
330
7B3
100
AcDbEntity
  8
0
100
AcDbLine
 10
21192.0
 20
4450.0
 30
0.0
 11
21192.0
 21
7500.0
 31
0.0
  0
MTEXT
  5
7BD
330
7B3
100
AcDbEntity
  8
A-DIMS
100
AcDbMText
 10
21042.0
 20
5975.0
 30
0.0
 40
180.0
 71
5
  1
3050
  7
OpenSansCondensed-Light
 50
90.0
  0
POINT
  5
7BE
330
7B3
100
AcDbEntity
  8
Defpoints
100
AcDbPoint
 10
21192.0
 20
4450.0
 30
0.0
  0
POINT
  5
7BF
330
7B3
100
AcDbEntity
  8
Defpoints
100
AcDbPoint
 10
22192.0
 20
4450.0
 30
0.0
  0
POINT
  5
7C0
330
7B3
100
AcDbEntity
  8
Defpoints
100
AcDbPoint
 10
22192.0
 20
7500.0
 30
0.0
  0
ENDBLK
  5
7B5
330
7B3
100
AcDbEntity
  8
0
100
AcDbBlockEnd
  0
BLOCK
  5
7C3
330
7C2
100
AcDbEntity
  8
0
100
AcDbBlockBegin
  2
*D78
 70
1
 10
0.0
 20
0.0
 30
0.0
  3
*D78
  1

  0
LINE
  5
7C5
330
7C2
100
AcDbEntity
  8
0
100
AcDbLine
 10
22072.0
 20
7500.0
 30
0.0
 11
21072.0
 21
7500.0
 31
0.0
  0
LINE
  5
7C6
330
7C2
100
AcDbEntity
  8
0
100
AcDbLine
 10
22072.0
 20
14088.0
 30
0.0
 11
21072.0
 21
14088.0
 31
0.0
  0
INSERT
  5
7C7
330
7C2
100
AcDbEntity
  8
A-DIMS
100
AcDbBlockReference
  2
_OBLIQUE
 10
21192.0
 20
7500.0
 30
0.0
 41
120.0
 42
120.0
 50
90.0
  0
INSERT
  5
7C9
330
7C2
100
AcDbEntity
  8
A-DIMS
100
AcDbBlockReference
  2
_OBLIQUE
 10
21192.0
 20
14088.0
 30
0.0
 41
120.0
 42
120.0
 50
90.0
  0
LINE
  5
7CB
330
7C2
100
AcDbEntity
  8
0
100
AcDbLine
 10
21192.0
 20
7500.0
 30
0.0
 11
21192.0
 21
14088.0
 31
0.0
  0
MTEXT
  5
7CC
330
7C2
100
AcDbEntity
  8
A-DIMS
100
AcDbMText
 10
21042.0
 20
10794.0
 30
0.0
 40
180.0
 71
5
  1
6588
  7
OpenSansCondensed-Light
 50
90.0
  0
POINT
  5
7CD
330
7C2
100
AcDbEntity
  8
Defpoints
100
AcDbPoint
 10
21192.0
 20
7500.0
 30
0.0
  0
POINT
  5
7CE
330
7C2
100
AcDbEntity
  8
Defpoints
100
AcDbPoint
 10
22192.0
 20
7500.0
 30
0.0
  0
POINT
  5
7CF
330
7C2
100
AcDbEntity
  8
Defpoints
100
AcDbPoint
 10
22192.0
 20
14088.0
 30
0.0
  0
ENDBLK
  5
7C4
330
7C2
100
AcDbEntity
  8
0
100
AcDbBlockEnd
  0
BLOCK
  5
7D2
330
7D1
100
AcDbEntity
  8
0
100
AcDbBlockBegin
  2
*D79
 70
1
 10
0.0
 20
0.0
 30
0.0
  3
*D79
  1

  0
LINE
  5
7D4
330
7D1
100
AcDbEntity
  8
0
100
AcDbLine
 10
22072.0
 20
0.0
 30
0.0
 11
20622.0
 21
0.0
 31
0.0
  0
LINE
  5
7D5
330
7D1
100
AcDbEntity
  8
0
100
AcDbLine
 10
22072.0
 20
14088.0
 30
0.0
 11
20622.0
 21
14088.0
 31
0.0
  0
INSERT
  5
7D6
330
7D1
100
AcDbEntity
  8
A-DIMS
100
AcDbBlockReference
  2
_OBLIQUE
 10
20742.0
 20
0.0
 30
0.0
 41
120.0
 42
120.0
 50
90.0
  0
INSERT
  5
7D8
330
7D1
100
AcDbEntity
  8
A-DIMS
100
AcDbBlockReference
  2
_OBLIQUE
 10
20742.0
 20
14088.0
 30
0.0
 41
120.0
 42
120.0
 50
90.0
  0
LINE
  5
7DA
330
7D1
100
AcDbEntity
  8
0
100
AcDbLine
 10
20742.0
 20
0.0
 30
0.0
 11
20742.0
 21
14088.0
 31
0.0
  0
MTEXT
  5
7DB
330
7D1
100
AcDbEntity
  8
A-DIMS
100
AcDbMText
 10
20592.0
 20
7044.0
 30
0.0
 40
180.0
 71
5
  1
14088
  7
OpenSansCondensed-Light
 50
90.0
  0
POINT
  5
7DC
330
7D1
100
AcDbEntity
  8
Defpoints
100
AcDbPoint
 10
20742.0
 20
0.0
 30
0.0
  0
POINT
  5
7DD
330
7D1
100
AcDbEntity
  8
Defpoints
100
AcDbPoint
 10
22192.0
 20
0.0
 30
0.0
  0
POINT
  5
7DE
330
7D1
100
AcDbEntity
  8
Defpoints
100
AcDbPoint
 10
22192.0
 20
14088.0
 30
0.0
  0
ENDBLK
  5
7D3
330
7D1
100
AcDbEntity
  8
0
100
AcDbBlockEnd
  0
BLOCK
  5
7E1
330
7E0
100
AcDbEntity
  8
0
100
AcDbBlockBegin
  2
*D80
 70
1
 10
0.0
 20
0.0
 30
0.0
  3
*D80
  1

  0
LINE
  5
7E3
330
7E0
100
AcDbEntity
  8
0
100
AcDbLine
 10
32504.0
 20
0.0
 30
0.0
 11
33054.0
 21
0.0
 31
0.0
  0
LINE
  5
7E4
330
7E0
100
AcDbEntity
  8
0
100
AcDbLine
 10
32504.0
 20
4875.0
 30
0.0
 11
33054.0
 21
4875.0
 31
0.0
  0
INSERT
  5
7E5
330
7E0
100
AcDbEntity
  8
A-DIMS
100
AcDbBlockReference
  2
_OBLIQUE
 10
32934.0
 20
0.0
 30
0.0
 41
120.0
 42
120.0
 50
90.0
  0
INSERT
  5
7E7
330
7E0
100
AcDbEntity
  8
A-DIMS
100
AcDbBlockReference
  2
_OBLIQUE
 10
32934.0
 20
4875.0
 30
0.0
 41
120.0
 42
120.0
 50
90.0
  0
LINE
  5
7E9
330
7E0
100
AcDbEntity
  8
0
100
AcDbLine
 10
32934.0
 20
0.0
 30
0.0
 11
32934.0
 21
4875.0
 31
0.0
  0
MTEXT
  5
7EA
330
7E0
100
AcDbEntity
  8
A-DIMS
100
AcDbMText
 10
32784.0
 20
2437.5
 30
0.0
 40
180.0
 71
5
  1
4875
  7
OpenSansCondensed-Light
 50
90.0
  0
POINT
  5
7EB
330
7E0
100
AcDbEntity
  8
Defpoints
100
AcDbPoint
 10
32934.0
 20
0.0
 30
0.0
  0
POINT
  5
7EC
330
7E0
100
AcDbEntity
  8
Defpoints
100
AcDbPoint
 10
32384.0
 20
0.0
 30
0.0
  0
POINT
  5
7ED
330
7E0
100
AcDbEntity
  8
Defpoints
100
AcDbPoint
 10
32384.0
 20
4875.0
 30
0.0
  0
ENDBLK
  5
7E2
330
7E0
100
AcDbEntity
  8
0
100
AcDbBlockEnd
  0
BLOCK
  5
7F0
330
7EF
100
AcDbEntity
  8
0
100
AcDbBlockBegin
  2
*D81
 70
1
 10
0.0
 20
0.0
 30
0.0
  3
*D81
  1

  0
LINE
  5
7F2
330
7EF
100
AcDbEntity
  8
0
100
AcDbLine
 10
32504.0
 20
4875.0
 30
0.0
 11
33054.0
 21
4875.0
 31
0.0
  0
LINE
  5
7F3
330
7EF
100
AcDbEntity
  8
0
100
AcDbLine
 10
32504.0
 20
5625.0
 30
0.0
 11
33054.0
 21
5625.0
 31
0.0
  0
INSERT
  5
7F4
330
7EF
100
AcDbEntity
  8
A-DIMS
100
AcDbBlockReference
  2
_OBLIQUE
 10
32934.0
 20
4875.0
 30
0.0
 41
120.0
 42
120.0
 50
90.0
  0
INSERT
  5
7F6
330
7EF
100
AcDbEntity
  8
A-DIMS
100
AcDbBlockReference
  2
_OBLIQUE
 10
32934.0
 20
5625.0
 30
0.0
 41
120.0
 42
120.0
 50
90.0
  0
LINE
  5
7F8
330
7EF
100
AcDbEntity
  8
0
100
AcDbLine
 10
32934.0
 20
4875.0
 30
0.0
 11
32934.0
 21
5625.0
 31
0.0
  0
MTEXT
  5
7F9
330
7EF
100
AcDbEntity
  8
A-DIMS
100
AcDbMText
 10
32784.0
 20
5250.0
 30
0.0
 40
180.0
 71
5
  1
750
  7
OpenSansCondensed-Light
 50
90.0
  0
POINT
  5
7FA
330
7EF
100
AcDbEntity
  8
Defpoints
100
AcDbPoint
 10
32934.0
 20
4875.0
 30
0.0
  0
POINT
  5
7FB
330
7EF
100
AcDbEntity
  8
Defpoints
100
AcDbPoint
 10
32384.0
 20
4875.0
 30
0.0
  0
POINT
  5
7FC
330
7EF
100
AcDbEntity
  8
Defpoints
100
AcDbPoint
 10
32384.0
 20
5625.0
 30
0.0
  0
ENDBLK
  5
7F1
330
7EF
100
AcDbEntity
  8
0
100
AcDbBlockEnd
  0
BLOCK
  5
7FF
330
7FE
100
AcDbEntity
  8
0
100
AcDbBlockBegin
  2
*D82
 70
1
 10
0.0
 20
0.0
 30
0.0
  3
*D82
  1

  0
LINE
  5
801
330
7FE
100
AcDbEntity
  8
0
100
AcDbLine
 10
32504.0
 20
5625.0
 30
0.0
 11
33054.0
 21
5625.0
 31
0.0
  0
LINE
  5
802
330
7FE
100
AcDbEntity
  8
0
100
AcDbLine
 10
32504.0
 20
6650.0
 30
0.0
 11
33054.0
 21
6650.0
 31
0.0
  0
INSERT
  5
803
330
7FE
100
AcDbEntity
  8
A-DIMS
100
AcDbBlockReference
  2
_OBLIQUE
 10
32934.0
 20
5625.0
 30
0.0
 41
120.0
 42
120.0
 50
90.0
  0
INSERT
  5
805
330
7FE
100
AcDbEntity
  8
A-DIMS
100
AcDbBlockReference
  2
_OBLIQUE
 10
32934.0
 20
6650.0
 30
0.0
 41
120.0
 42
120.0
 50
90.0
  0
LINE
  5
807
330
7FE
100
AcDbEntity
  8
0
100
AcDbLine
 10
32934.0
 20
5625.0
 30
0.0
 11
32934.0
 21
6650.0
 31
0.0
  0
MTEXT
  5
808
330
7FE
100
AcDbEntity
  8
A-DIMS
100
AcDbMText
 10
32784.0
 20
6137.5
 30
0.0
 40
180.0
 71
5
  1
1025
  7
OpenSansCondensed-Light
 50
90.0
  0
POINT
  5
809
330
7FE
100
AcDbEntity
  8
Defpoints
100
AcDbPoint
 10
32934.0
 20
5625.0
 30
0.0
  0
POINT
  5
80A
330
7FE
100
AcDbEntity
  8
Defpoints
100
AcDbPoint
 10
32384.0
 20
5625.0
 30
0.0
  0
POINT
  5
80B
330
7FE
100
AcDbEntity
  8
Defpoints
100
AcDbPoint
 10
32384.0
 20
6650.0
 30
0.0
  0
ENDBLK
  5
800
330
7FE
100
AcDbEntity
  8
0
100
AcDbBlockEnd
  0
BLOCK
  5
80E
330
80D
100
AcDbEntity
  8
0
100
AcDbBlockBegin
  2
*D83
 70
1
 10
0.0
 20
0.0
 30
0.0
  3
*D83
  1

  0
LINE
  5
810
330
80D
100
AcDbEntity
  8
0
100
AcDbLine
 10
32504.0
 20
6650.0
 30
0.0
 11
33054.0
 21
6650.0
 31
0.0
  0
LINE
  5
811
330
80D
100
AcDbEntity
  8
0
100
AcDbLine
 10
32504.0
 20
7850.0
 30
0.0
 11
33054.0
 21
7850.0
 31
0.0
  0
INSERT
  5
812
330
80D
100
AcDbEntity
  8
A-DIMS
100
AcDbBlockReference
  2
_OBLIQUE
 10
32934.0
 20
6650.0
 30
0.0
 41
120.0
 42
120.0
 50
90.0
  0
INSERT
  5
814
330
80D
100
AcDbEntity
  8
A-DIMS
100
AcDbBlockReference
  2
_OBLIQUE
 10
32934.0
 20
7850.0
 30
0.0
 41
120.0
 42
120.0
 50
90.0
  0
LINE
  5
816
330
80D
100
AcDbEntity
  8
0
100
AcDbLine
 10
32934.0
 20
6650.0
 30
0.0
 11
32934.0
 21
7850.0
 31
0.0
  0
MTEXT
  5
817
330
80D
100
AcDbEntity
  8
A-DIMS
100
AcDbMText
 10
32784.0
 20
7250.0
 30
0.0
 40
180.0
 71
5
  1
1200
  7
OpenSansCondensed-Light
 50
90.0
  0
POINT
  5
818
330
80D
100
AcDbEntity
  8
Defpoints
100
AcDbPoint
 10
32934.0
 20
6650.0
 30
0.0
  0
POINT
  5
819
330
80D
100
AcDbEntity
  8
Defpoints
100
AcDbPoint
 10
32384.0
 20
6650.0
 30
0.0
  0
POINT
  5
81A
330
80D
100
AcDbEntity
  8
Defpoints
100
AcDbPoint
 10
32384.0
 20
7850.0
 30
0.0
  0
ENDBLK
  5
80F
330
80D
100
AcDbEntity
  8
0
100
AcDbBlockEnd
  0
BLOCK
  5
81D
330
81C
100
AcDbEntity
  8
0
100
AcDbBlockBegin
  2
*D84
 70
1
 10
0.0
 20
0.0
 30
0.0
  3
*D84
  1

  0
LINE
  5
81F
330
81C
100
AcDbEntity
  8
0
100
AcDbLine
 10
32504.0
 20
7850.0
 30
0.0
 11
33054.0
 21
7850.0
 31
0.0
  0
LINE
  5
820
330
81C
100
AcDbEntity
  8
0
100
AcDbLine
 10
32504.0
 20
9919.0
 30
0.0
 11
33054.0
 21
9919.0
 31
0.0
  0
INSERT
  5
821
330
81C
100
AcDbEntity
  8
A-DIMS
100
AcDbBlockReference
  2
_OBLIQUE
 10
32934.0
 20
7850.0
 30
0.0
 41
120.0
 42
120.0
 50
90.0
  0
INSERT
  5
823
330
81C
100
AcDbEntity
  8
A-DIMS
100
AcDbBlockReference
  2
_OBLIQUE
 10
32934.0
 20
9919.0
 30
0.0
 41
120.0
 42
120.0
 50
90.0
  0
LINE
  5
825
330
81C
100
AcDbEntity
  8
0
100
AcDbLine
 10
32934.0
 20
7850.0
 30
0.0
 11
32934.0
 21
9919.0
 31
0.0
  0
MTEXT
  5
826
330
81C
100
AcDbEntity
  8
A-DIMS
100
AcDbMText
 10
32784.0
 20
8884.5
 30
0.0
 40
180.0
 71
5
  1
2069
  7
OpenSansCondensed-Light
 50
90.0
  0
POINT
  5
827
330
81C
100
AcDbEntity
  8
Defpoints
100
AcDbPoint
 10
32934.0
 20
7850.0
 30
0.0
  0
POINT
  5
828
330
81C
100
AcDbEntity
  8
Defpoints
100
AcDbPoint
 10
32384.0
 20
7850.0
 30
0.0
  0
POINT
  5
829
330
81C
100
AcDbEntity
  8
Defpoints
100
AcDbPoint
 10
32384.0
 20
9919.0
 30
0.0
  0
ENDBLK
  5
81E
330
81C
100
AcDbEntity
  8
0
100
AcDbBlockEnd
  0
BLOCK
  5
82C
330
82B
100
AcDbEntity
  8
0
100
AcDbBlockBegin
  2
*D85
 70
1
 10
0.0
 20
0.0
 30
0.0
  3
*D85
  1

  0
LINE
  5
82E
330
82B
100
AcDbEntity
  8
0
100
AcDbLine
 10
32504.0
 20
9919.0
 30
0.0
 11
33054.0
 21
9919.0
 31
0.0
  0
LINE
  5
82F
330
82B
100
AcDbEntity
  8
0
100
AcDbLine
 10
32504.0
 20
12619.0
 30
0.0
 11
33054.0
 21
12619.0
 31
0.0
  0
INSERT
  5
830
330
82B
100
AcDbEntity
  8
A-DIMS
100
AcDbBlockReference
  2
_OBLIQUE
 10
32934.0
 20
9919.0
 30
0.0
 41
120.0
 42
120.0
 50
90.0
  0
INSERT
  5
832
330
82B
100
AcDbEntity
  8
A-DIMS
100
AcDbBlockReference
  2
_OBLIQUE
 10
32934.0
 20
12619.0
 30
0.0
 41
120.0
 42
120.0
 50
90.0
  0
LINE
  5
834
330
82B
100
AcDbEntity
  8
0
100
AcDbLine
 10
32934.0
 20
9919.0
 30
0.0
 11
32934.0
 21
12619.0
 31
0.0
  0
MTEXT
  5
835
330
82B
100
AcDbEntity
  8
A-DIMS
100
AcDbMText
 10
32784.0
 20
11269.0
 30
0.0
 40
180.0
 71
5
  1
2700
  7
OpenSansCondensed-Light
 50
90.0
  0
POINT
  5
836
330
82B
100
AcDbEntity
  8
Defpoints
100
AcDbPoint
 10
32934.0
 20
9919.0
 30
0.0
  0
POINT
  5
837
330
82B
100
AcDbEntity
  8
Defpoints
100
AcDbPoint
 10
32384.0
 20
9919.0
 30
0.0
  0
POINT
  5
838
330
82B
100
AcDbEntity
  8
Defpoints
100
AcDbPoint
 10
32384.0
 20
12619.0
 30
0.0
  0
ENDBLK
  5
82D
330
82B
100
AcDbEntity
  8
0
100
AcDbBlockEnd
  0
BLOCK
  5
83B
330
83A
100
AcDbEntity
  8
0
100
AcDbBlockBegin
  2
*D86
 70
1
 10
0.0
 20
0.0
 30
0.0
  3
*D86
  1

  0
LINE
  5
83D
330
83A
100
AcDbEntity
  8
0
100
AcDbLine
 10
32504.0
 20
12619.0
 30
0.0
 11
33054.0
 21
12619.0
 31
0.0
  0
LINE
  5
83E
330
83A
100
AcDbEntity
  8
0
100
AcDbLine
 10
32504.0
 20
14088.0
 30
0.0
 11
33054.0
 21
14088.0
 31
0.0
  0
INSERT
  5
83F
330
83A
100
AcDbEntity
  8
A-DIMS
100
AcDbBlockReference
  2
_OBLIQUE
 10
32934.0
 20
12619.0
 30
0.0
 41
120.0
 42
120.0
 50
90.0
  0
INSERT
  5
841
330
83A
100
AcDbEntity
  8
A-DIMS
100
AcDbBlockReference
  2
_OBLIQUE
 10
32934.0
 20
14088.0
 30
0.0
 41
120.0
 42
120.0
 50
90.0
  0
LINE
  5
843
330
83A
100
AcDbEntity
  8
0
100
AcDbLine
 10
32934.0
 20
12619.0
 30
0.0
 11
32934.0
 21
14088.0
 31
0.0
  0
MTEXT
  5
844
330
83A
100
AcDbEntity
  8
A-DIMS
100
AcDbMText
 10
32784.0
 20
13353.5
 30
0.0
 40
180.0
 71
5
  1
1469
  7
OpenSansCondensed-Light
 50
90.0
  0
POINT
  5
845
330
83A
100
AcDbEntity
  8
Defpoints
100
AcDbPoint
 10
32934.0
 20
12619.0
 30
0.0
  0
POINT
  5
846
330
83A
100
AcDbEntity
  8
Defpoints
100
AcDbPoint
 10
32384.0
 20
12619.0
 30
0.0
  0
POINT
  5
847
330
83A
100
AcDbEntity
  8
Defpoints
100
AcDbPoint
 10
32384.0
 20
14088.0
 30
0.0
  0
ENDBLK
  5
83C
330
83A
100
AcDbEntity
  8
0
100
AcDbBlockEnd
  0
BLOCK
  5
84A
330
849
100
AcDbEntity
  8
0
100
AcDbBlockBegin
  2
*D87
 70
1
 10
0.0
 20
0.0
 30
0.0
  3
*D87
  1

  0
LINE
  5
84C
330
849
100
AcDbEntity
  8
0
100
AcDbLine
 10
32504.0
 20
0.0
 30
0.0
 11
33504.0
 21
0.0
 31
0.0
  0
LINE
  5
84D
330
849
100
AcDbEntity
  8
0
100
AcDbLine
 10
32504.0
 20
4450.0
 30
0.0
 11
33504.0
 21
4450.0
 31
0.0
  0
INSERT
  5
84E
330
849
100
AcDbEntity
  8
A-DIMS
100
AcDbBlockReference
  2
_OBLIQUE
 10
33384.0
 20
0.0
 30
0.0
 41
120.0
 42
120.0
 50
90.0
  0
INSERT
  5
850
330
849
100
AcDbEntity
  8
A-DIMS
100
AcDbBlockReference
  2
_OBLIQUE
 10
33384.0
 20
4450.0
 30
0.0
 41
120.0
 42
120.0
 50
90.0
  0
LINE
  5
852
330
849
100
AcDbEntity
  8
0
100
AcDbLine
 10
33384.0
 20
0.0
 30
0.0
 11
33384.0
 21
4450.0
 31
0.0
  0
MTEXT
  5
853
330
849
100
AcDbEntity
  8
A-DIMS
100
AcDbMText
 10
33234.0
 20
2225.0
 30
0.0
 40
180.0
 71
5
  1
4450
  7
OpenSansCondensed-Light
 50
90.0
  0
POINT
  5
854
330
849
100
AcDbEntity
  8
Defpoints
100
AcDbPoint
 10
33384.0
 20
0.0
 30
0.0
  0
POINT
  5
855
330
849
100
AcDbEntity
  8
Defpoints
100
AcDbPoint
 10
32384.0
 20
0.0
 30
0.0
  0
POINT
  5
856
330
849
100
AcDbEntity
  8
Defpoints
100
AcDbPoint
 10
32384.0
 20
4450.0
 30
0.0
  0
ENDBLK
  5
84B
330
849
100
AcDbEntity
  8
0
100
AcDbBlockEnd
  0
BLOCK
  5
859
330
858
100
AcDbEntity
  8
0
100
AcDbBlockBegin
  2
*D88
 70
1
 10
0.0
 20
0.0
 30
0.0
  3
*D88
  1

  0
LINE
  5
85B
330
858
100
AcDbEntity
  8
0
100
AcDbLine
 10
32504.0
 20
4450.0
 30
0.0
 11
33504.0
 21
4450.0
 31
0.0
  0
LINE
  5
85C
330
858
100
AcDbEntity
  8
0
100
AcDbLine
 10
32504.0
 20
6050.0
 30
0.0
 11
33504.0
 21
6050.0
 31
0.0
  0
INSERT
  5
85D
330
858
100
AcDbEntity
  8
A-DIMS
100
AcDbBlockReference
  2
_OBLIQUE
 10
33384.0
 20
4450.0
 30
0.0
 41
120.0
 42
120.0
 50
90.0
  0
INSERT
  5
85F
330
858
100
AcDbEntity
  8
A-DIMS
100
AcDbBlockReference
  2
_OBLIQUE
 10
33384.0
 20
6050.0
 30
0.0
 41
120.0
 42
120.0
 50
90.0
  0
LINE
  5
861
330
858
100
AcDbEntity
  8
0
100
AcDbLine
 10
33384.0
 20
4450.0
 30
0.0
 11
33384.0
 21
6050.0
 31
0.0
  0
MTEXT
  5
862
330
858
100
AcDbEntity
  8
A-DIMS
100
AcDbMText
 10
33234.0
 20
5250.0
 30
0.0
 40
180.0
 71
5
  1
1600
  7
OpenSansCondensed-Light
 50
90.0
  0
POINT
  5
863
330
858
100
AcDbEntity
  8
Defpoints
100
AcDbPoint
 10
33384.0
 20
4450.0
 30
0.0
  0
POINT
  5
864
330
858
100
AcDbEntity
  8
Defpoints
100
AcDbPoint
 10
32384.0
 20
4450.0
 30
0.0
  0
POINT
  5
865
330
858
100
AcDbEntity
  8
Defpoints
100
AcDbPoint
 10
32384.0
 20
6050.0
 30
0.0
  0
ENDBLK
  5
85A
330
858
100
AcDbEntity
  8
0
100
AcDbBlockEnd
  0
BLOCK
  5
868
330
867
100
AcDbEntity
  8
0
100
AcDbBlockBegin
  2
*D89
 70
1
 10
0.0
 20
0.0
 30
0.0
  3
*D89
  1

  0
LINE
  5
86A
330
867
100
AcDbEntity
  8
0
100
AcDbLine
 10
32504.0
 20
6050.0
 30
0.0
 11
33504.0
 21
6050.0
 31
0.0
  0
LINE
  5
86B
330
867
100
AcDbEntity
  8
0
100
AcDbLine
 10
32504.0
 20
8450.0
 30
0.0
 11
33504.0
 21
8450.0
 31
0.0
  0
INSERT
  5
86C
330
867
100
AcDbEntity
  8
A-DIMS
100
AcDbBlockReference
  2
_OBLIQUE
 10
33384.0
 20
6050.0
 30
0.0
 41
120.0
 42
120.0
 50
90.0
  0
INSERT
  5
86E
330
867
100
AcDbEntity
  8
A-DIMS
100
AcDbBlockReference
  2
_OBLIQUE
 10
33384.0
 20
8450.0
 30
0.0
 41
120.0
 42
120.0
 50
90.0
  0
LINE
  5
870
330
867
100
AcDbEntity
  8
0
100
AcDbLine
 10
33384.0
 20
6050.0
 30
0.0
 11
33384.0
 21
8450.0
 31
0.0
  0
MTEXT
  5
871
330
867
100
AcDbEntity
  8
A-DIMS
100
AcDbMText
 10
33234.0
 20
7250.0
 30
0.0
 40
180.0
 71
5
  1
2400
  7
OpenSansCondensed-Light
 50
90.0
  0
POINT
  5
872
330
867
100
AcDbEntity
  8
Defpoints
100
AcDbPoint
 10
33384.0
 20
6050.0
 30
0.0
  0
POINT
  5
873
330
867
100
AcDbEntity
  8
Defpoints
100
AcDbPoint
 10
32384.0
 20
6050.0
 30
0.0
  0
POINT
  5
874
330
867
100
AcDbEntity
  8
Defpoints
100
AcDbPoint
 10
32384.0
 20
8450.0
 30
0.0
  0
ENDBLK
  5
869
330
867
100
AcDbEntity
  8
0
100
AcDbBlockEnd
  0
BLOCK
  5
877
330
876
100
AcDbEntity
  8
0
100
AcDbBlockBegin
  2
*D90
 70
1
 10
0.0
 20
0.0
 30
0.0
  3
*D90
  1

  0
LINE
  5
879
330
876
100
AcDbEntity
  8
0
100
AcDbLine
 10
32504.0
 20
8450.0
 30
0.0
 11
33504.0
 21
8450.0
 31
0.0
  0
LINE
  5
87A
330
876
100
AcDbEntity
  8
0
100
AcDbLine
 10
32504.0
 20
14088.0
 30
0.0
 11
33504.0
 21
14088.0
 31
0.0
  0
INSERT
  5
87B
330
876
100
AcDbEntity
  8
A-DIMS
100
AcDbBlockReference
  2
_OBLIQUE
 10
33384.0
 20
8450.0
 30
0.0
 41
120.0
 42
120.0
 50
90.0
  0
INSERT
  5
87D
330
876
100
AcDbEntity
  8
A-DIMS
100
AcDbBlockReference
  2
_OBLIQUE
 10
33384.0
 20
14088.0
 30
0.0
 41
120.0
 42
120.0
 50
90.0
  0
LINE
  5
87F
330
876
100
AcDbEntity
  8
0
100
AcDbLine
 10
33384.0
 20
8450.0
 30
0.0
 11
33384.0
 21
14088.0
 31
0.0
  0
MTEXT
  5
880
330
876
100
AcDbEntity
  8
A-DIMS
100
AcDbMText
 10
33234.0
 20
11269.0
 30
0.0
 40
180.0
 71
5
  1
5638
  7
OpenSansCondensed-Light
 50
90.0
  0
POINT
  5
881
330
876
100
AcDbEntity
  8
Defpoints
100
AcDbPoint
 10
33384.0
 20
8450.0
 30
0.0
  0
POINT
  5
882
330
876
100
AcDbEntity
  8
Defpoints
100
AcDbPoint
 10
32384.0
 20
8450.0
 30
0.0
  0
POINT
  5
883
330
876
100
AcDbEntity
  8
Defpoints
100
AcDbPoint
 10
32384.0
 20
14088.0
 30
0.0
  0
ENDBLK
  5
878
330
876
100
AcDbEntity
  8
0
100
AcDbBlockEnd
  0
BLOCK
  5
886
330
885
100
AcDbEntity
  8
0
100
AcDbBlockBegin
  2
*D91
 70
1
 10
0.0
 20
0.0
 30
0.0
  3
*D91
  1

  0
LINE
  5
888
330
885
100
AcDbEntity
  8
0
100
AcDbLine
 10
32504.0
 20
0.0
 30
0.0
 11
33954.0
 21
0.0
 31
0.0
  0
LINE
  5
889
330
885
100
AcDbEntity
  8
0
100
AcDbLine
 10
32504.0
 20
14088.0
 30
0.0
 11
33954.0
 21
14088.0
 31
0.0
  0
INSERT
  5
88A
330
885
100
AcDbEntity
  8
A-DIMS
100
AcDbBlockReference
  2
_OBLIQUE
 10
33834.0
 20
0.0
 30
0.0
 41
120.0
 42
120.0
 50
90.0
  0
INSERT
  5
88C
330
885
100
AcDbEntity
  8
A-DIMS
100
AcDbBlockReference
  2
_OBLIQUE
 10
33834.0
 20
14088.0
 30
0.0
 41
120.0
 42
120.0
 50
90.0
  0
LINE
  5
88E
330
885
100
AcDbEntity
  8
0
100
AcDbLine
 10
33834.0
 20
0.0
 30
0.0
 11
33834.0
 21
14088.0
 31
0.0
  0
MTEXT
  5
88F
330
885
100
AcDbEntity
  8
A-DIMS
100
AcDbMText
 10
33684.0
 20
7044.0
 30
0.0
 40
180.0
 71
5
  1
14088
  7
OpenSansCondensed-Light
 50
90.0
  0
POINT
  5
890
330
885
100
AcDbEntity
  8
Defpoints
100
AcDbPoint
 10
33834.0
 20
0.0
 30
0.0
  0
POINT
  5
891
330
885
100
AcDbEntity
  8
Defpoints
100
AcDbPoint
 10
32384.0
 20
0.0
 30
0.0
  0
POINT
  5
892
330
885
100
AcDbEntity
  8
Defpoints
100
AcDbPoint
 10
32384.0
 20
14088.0
 30
0.0
  0
ENDBLK
  5
887
330
885
100
AcDbEntity
  8
0
100
AcDbBlockEnd
  0
BLOCK
  5
8C9
330
8C8
100
AcDbEntity
  8
0
100
AcDbBlockBegin
  2
*Paper_Space1
 70
0
 10
0.0
 20
0.0
 30
0.0
  3
*Paper_Space1
  1

  0
VIEWPORT
  5
8CC
330
8C8
100
AcDbEntity
 67
1
  8
VIEWPORTS
100
AcDbViewport
 10
200.0
 20
138.5
 30
0.0
 40
462.00000000000006
 41
326.70000000000005
 68
1
 69
1
 12
200.0
 22
138.5
 13
0.0
 23
0.0
 14
10.0
 24
10.0
 15
10.0
 25
10.0
 16
0.0
 26
0.0
 36
1.0
 17
0.0
 27
0.0
 37
0.0
 42
50.0
 43
0.0
 44
0.0
 45
326.70000000000005
 50
0.0
 51
0.0
 72
100
 90
557088
  1

281
0
 71
0
 74
0
110
0.0
120
0.0
130
0.0
111
1.0
121
0.0
131
0.0
112
0.0
122
1.0
132
0.0
 79
0
146
0.0
282
0
  0
VIEWPORT
  5
8CD
330
8C8
100
AcDbEntity
 67
1
  8
VIEWPORTS
100
AcDbViewport
 10
140.0
 20
145.0
 30
0.0
 40
240.0
 41
230.0
 68
2
 69
3
 12
27288.0
 22
7044.0
 13
0.0
 23
0.0
 14
10.0
 24
10.0
 15
10.0
 25
10.0
 16
0.0
 26
0.0
 36
1.0
 17
0.0
 27
0.0
 37
0.0
 42
50.0
 43
0.0
 44
0.0
 45
23088.0
 50
0.0
 51
0.0
 72
100
 90
0
  1

281
0
 71
0
 74
0
110
0.0
120
0.0
130
0.0
111
1.0
121
0.0
131
0.0
112
0.0
122
1.0
132
0.0
 79
0
146
0.0
282
0
  0
TEXT
  5
8CE
330
8C8
100
AcDbEntity
 67
1
  8
0
100
AcDbText
 10
268.0
 20
255.0
 30
0.0
 40
4.0
  1
FLOORFORGE / PRELIMINARY
 11
268.0
 21
255.0
 31
0.0
100
AcDbText
  0
ENDBLK
  5
8CA
330
8C8
100
AcDbEntity
  8
0
100
AcDbBlockEnd
  0
ENDSEC
  0
SECTION
  2
ENTITIES
  0
LWPOLYLINE
  5
9D
330
17
100
AcDbEntity
  8
A-FLOR
100
AcDbPolyline
 90
7
 70
1
 10
7692.0
 20
4375.0
 10
7767.0
 20
4375.0
 10
9962.0
 20
4375.0
 10
9962.0
 20
4220.0
 10
9962.0
 20
230.0
 10
7922.0
 20
230.0
 10
7692.0
 20
230.0
1001
FLOORFORGE
1000
floor:0
1000
preliminary
  0
LWPOLYLINE
  5
9E
330
17
100
AcDbEntity
  8
A-FLOR
100
AcDbPolyline
 90
14
 70
1
 10
5917.0
 20
4450.0
 10
5917.0
 20
4375.0
 10
5992.0
 20
4375.0
 10
6067.0
 20
4375.0
 10
7617.0
 20
4375.0
 10
7692.0
 20
4375.0
 10
7692.0
 20
230.0
 10
7462.0
 20
230.0
 10
230.0
 20
230.0
 10
230.0
 20
4220.0
 10
230.0
 20
4375.0
 10
2017.0
 20
4375.0
 10
2167.0
 20
4375.0
 10
2167.0
 20
4450.0
1001
FLOORFORGE
1000
floor:0
1000
preliminary
  0
LWPOLYLINE
  5
9F
330
17
100
AcDbEntity
  8
A-FLOR
100
AcDbPolyline
 90
9
 70
1
 10
7617.0
 20
4525.0
 10
6067.0
 20
4525.0
 10
6067.0
 20
7225.0
 10
9962.0
 20
7225.0
 10
9962.0
 20
7070.0
 10
9962.0
 20
4680.0
 10
9962.0
 20
4525.0
 10
7767.0
 20
4525.0
 10
7692.0
 20
4525.0
1001
FLOORFORGE
1000
floor:0
1000
preliminary
  0
LWPOLYLINE
  5
A0
330
17
100
AcDbEntity
  8
A-FLOR
100
AcDbPolyline
 90
9
 70
1
 10
6067.0
 20
7375.0
 10
6067.0
 20
8725.0
 10
8017.0
 20
8725.0
 10
8092.0
 20
8725.0
 10
8167.0
 20
8725.0
 10
9962.0
 20
8725.0
 10
9962.0
 20
8570.0
 10
9962.0
 20
7530.0
 10
9962.0
 20
7375.0
1001
FLOORFORGE
1000
floor:0
1000
preliminary
  0
LWPOLYLINE
  5
A1
330
17
100
AcDbEntity
  8
A-FLOR
100
AcDbPolyline
 90
19
 70
1
 10
4617.0
 20
8800.0
 10
4617.0
 20
8725.0
 10
4692.0
 20
8725.0
 10
4767.0
 20
8725.0
 10
5917.0
 20
8725.0
 10
5917.0
 20
7375.0
 10
5917.0
 20
7300.0
 10
5917.0
 20
7225.0
 10
5917.0
 20
4525.0
 10
5917.0
 20
4450.0
 10
2167.0
 20
4450.0
 10
2167.0
 20
4525.0
 10
2167.0
 20
6175.0
 10
2167.0
 20
6250.0
 10
2167.0
 20
6325.0
 10
2167.0
 20
8725.0
 10
3267.0
 20
8725.0
 10
3417.0
 20
8725.0
 10
3417.0
 20
8800.0
1001
FLOORFORGE
1000
floor:0
1000
preliminary
  0
LWPOLYLINE
  5
A2
330
17
100
AcDbEntity
  8
A-FLOR
100
AcDbPolyline
 90
6
 70
1
 10
230.0
 20
4680.0
 10
230.0
 20
6020.0
 10
230.0
 20
6175.0
 10
2017.0
 20
6175.0
 10
2017.0
 20
4525.0
 10
230.0
 20
4525.0
1001
FLOORFORGE
1000
floor:0
1000
preliminary
  0
LWPOLYLINE
  5
A3
330
17
100
AcDbEntity
  8
A-FLOR
100
AcDbPolyline
 90
6
 70
1
 10
2017.0
 20
6325.0
 10
230.0
 20
6325.0
 10
230.0
 20
6480.0
 10
230.0
 20
8570.0
 10
230.0
 20
8725.0
 10
2017.0
 20
8725.0
1001
FLOORFORGE
1000
floor:0
1000
preliminary
  0
LWPOLYLINE
  5
A4
330
17
100
AcDbEntity
  8
A-FLOR
100
AcDbPolyline
 90
9
 70
1
 10
3417.0
 20
8800.0
 10
3417.0
 20
8875.0
 10
3417.0
 20
10225.0
 10
3417.0
 20
10300.0
 10
3417.0
 20
10375.0
 10
3417.0
 20
11475.0
 10
4617.0
 20
11475.0
 10
4617.0
 20
8875.0
 10
4617.0
 20
8800.0
1001
FLOORFORGE
1000
floor:0
1000
preliminary
  0
LWPOLYLINE
  5
A5
330
17
100
AcDbEntity
  8
A-FLOR
100
AcDbPolyline
 90
6
 70
1
 10
4617.0
 20
13858.0
 10
4617.0
 20
11625.0
 10
3417.0
 20
11625.0
 10
3417.0
 20
13858.0
 10
3572.0
 20
13858.0
 10
4462.0
 20
13858.0
1001
FLOORFORGE
1000
floor:0
1000
preliminary
  0
LWPOLYLINE
  5
A6
330
17
100
AcDbEntity
  8
A-FLOR
100
AcDbPolyline
 90
15
 70
1
 10
4922.0
 20
13858.0
 10
7862.0
 20
13858.0
 10
8017.0
 20
13858.0
 10
8017.0
 20
11275.0
 10
8017.0
 20
11200.0
 10
8017.0
 20
11125.0
 10
8017.0
 20
8875.0
 10
6067.0
 20
8875.0
 10
5992.0
 20
8875.0
 10
5917.0
 20
8875.0
 10
4767.0
 20
8875.0
 10
4767.0
 20
11475.0
 10
4767.0
 20
11550.0
 10
4767.0
 20
11625.0
 10
4767.0
 20
13858.0
1001
FLOORFORGE
1000
floor:0
1000
preliminary
  0
LWPOLYLINE
  5
A7
330
17
100
AcDbEntity
  8
A-FLOR
100
AcDbPolyline
 90
6
 70
1
 10
9962.0
 20
11430.0
 10
9962.0
 20
11275.0
 10
8167.0
 20
11275.0
 10
8167.0
 20
13858.0
 10
8322.0
 20
13858.0
 10
9962.0
 20
13858.0
1001
FLOORFORGE
1000
floor:0
1000
preliminary
  0
LWPOLYLINE
  5
A8
330
17
100
AcDbEntity
  8
A-FLOR
100
AcDbPolyline
 90
6
 70
1
 10
9962.0
 20
9030.0
 10
9962.0
 20
8875.0
 10
8167.0
 20
8875.0
 10
8167.0
 20
11125.0
 10
9962.0
 20
11125.0
 10
9962.0
 20
10970.0
1001
FLOORFORGE
1000
floor:0
1000
preliminary
  0
LWPOLYLINE
  5
A9
330
17
100
AcDbEntity
  8
A-FLOR
100
AcDbPolyline
 90
9
 70
1
 10
230.0
 20
8875.0
 10
230.0
 20
9030.0
 10
230.0
 20
10070.0
 10
230.0
 20
10225.0
 10
3267.0
 20
10225.0
 10
3267.0
 20
8875.0
 10
2167.0
 20
8875.0
 10
2092.0
 20
8875.0
 10
2017.0
 20
8875.0
1001
FLOORFORGE
1000
floor:0
1000
preliminary
  0
LWPOLYLINE
  5
AA
330
17
100
AcDbEntity
  8
A-FLOR
100
AcDbPolyline
 90
9
 70
1
 10
3267.0
 20
10375.0
 10
230.0
 20
10375.0
 10
230.0
 20
10530.0
 10
230.0
 20
13858.0
 10
3112.0
 20
13858.0
 10
3267.0
 20
13858.0
 10
3267.0
 20
11625.0
 10
3267.0
 20
11550.0
 10
3267.0
 20
11475.0
1001
FLOORFORGE
1000
floor:0
1000
preliminary
  0
LWPOLYLINE
  5
AB
330
17
100
AcDbEntity
  8
A-WALL
100
AcDbPolyline
 90
5
 70
1
 10
230.0
 20
4025.0
 10
0.0
 20
4025.0
 10
0.0
 20
4680.0
 10
230.0
 20
4680.0
 10
230.0
 20
4025.0
1001
FLOORFORGE
1000
floor:0
1000
preliminary
  0
HATCH
  5
AC
330
17
100
AcDbEntity
  8
A-WALL
 62
7
100
AcDbHatch
 10
0.0
 20
0.0
 30
0.0
210
0.0
220
0.0
230
1.0
  2
SOLID
 70
1
 71
0
 91
1
 92
3
 72
0
 73
1
 93
5
 10
230.0
 20
4025.0
 10
0.0
 20
4025.0
 10
0.0
 20
4680.0
 10
230.0
 20
4680.0
 10
230.0
 20
4025.0
 97
0
 75
0
 76
1
 98
0
  0
LWPOLYLINE
  5
AD
330
17
100
AcDbEntity
  8
A-WALL
100
AcDbPolyline
 90
5
 70
1
 10
230.0
 20
0.0
 10
0.0
 20
0.0
 10
0.0
 20
425.0
 10
230.0
 20
425.0
 10
230.0
 20
0.0
1001
FLOORFORGE
1000
floor:0
1000
preliminary
  0
HATCH
  5
AE
330
17
100
AcDbEntity
  8
A-WALL
 62
7
100
AcDbHatch
 10
0.0
 20
0.0
 30
0.0
210
0.0
220
0.0
230
1.0
  2
SOLID
 70
1
 71
0
 91
1
 92
3
 72
0
 73
1
 93
5
 10
230.0
 20
0.0
 10
0.0
 20
0.0
 10
0.0
 20
425.0
 10
230.0
 20
425.0
 10
230.0
 20
0.0
 97
0
 75
0
 76
1
 98
0
  0
LWPOLYLINE
  5
AF
330
17
100
AcDbEntity
  8
A-WALL
100
AcDbPolyline
 90
6
 70
1
 10
6992.0
 20
0.0
 10
6992.0
 20
230.0
 10
7692.0
 20
230.0
 10
7922.0
 20
230.0
 10
7922.0
 20
0.0
 10
6992.0
 20
0.0
1001
FLOORFORGE
1000
floor:0
1000
preliminary
  0
HATCH
  5
B0
330
17
100
AcDbEntity
  8
A-WALL
 62
7
100
AcDbHatch
 10
0.0
 20
0.0
 30
0.0
210
0.0
220
0.0
230
1.0
  2
SOLID
 70
1
 71
0
 91
1
 92
3
 72
0
 73
1
 93
6
 10
6992.0
 20
0.0
 10
6992.0
 20
230.0
 10
7692.0
 20
230.0
 10
7922.0
 20
230.0
 10
7922.0
 20
0.0
 10
6992.0
 20
0.0
 97
0
 75
0
 76
1
 98
0
  0
LWPOLYLINE
  5
B1
330
17
100
AcDbEntity
  8
A-WALL
100
AcDbPolyline
 90
5
 70
1
 10
0.0
 20
230.0
 10
346.0
 20
230.0
 10
346.0
 20
0.0
 10
0.0
 20
0.0
 10
0.0
 20
230.0
1001
FLOORFORGE
1000
floor:0
1000
preliminary
  0
HATCH
  5
B2
330
17
100
AcDbEntity
  8
A-WALL
 62
7
100
AcDbHatch
 10
0.0
 20
0.0
 30
0.0
210
0.0
220
0.0
230
1.0
  2
SOLID
 70
1
 71
0
 91
1
 92
3
 72
0
 73
1
 93
5
 10
0.0
 20
230.0
 10
346.0
 20
230.0
 10
346.0
 20
0.0
 10
0.0
 20
0.0
 10
0.0
 20
230.0
 97
0
 75
0
 76
1
 98
0
  0
LWPOLYLINE
  5
B3
330
17
100
AcDbEntity
  8
A-WALL
100
AcDbPolyline
 90
5
 70
1
 10
5792.0
 20
230.0
 10
5792.0
 20
0.0
 10
5446.0
 20
0.0
 10
5446.0
 20
230.0
 10
5792.0
 20
230.0
1001
FLOORFORGE
1000
floor:0
1000
preliminary
  0
HATCH
  5
B4
330
17
100
AcDbEntity
  8
A-WALL
 62
7
100
AcDbHatch
 10
0.0
 20
0.0
 30
0.0
210
0.0
220
0.0
230
1.0
  2
SOLID
 70
1
 71
0
 91
1
 92
3
 72
0
 73
1
 93
5
 10
5792.0
 20
230.0
 10
5792.0
 20
0.0
 10
5446.0
 20
0.0
 10
5446.0
 20
230.0
 10
5792.0
 20
230.0
 97
0
 75
0
 76
1
 98
0
  0
LWPOLYLINE
  5
B5
330
17
100
AcDbEntity
  8
A-WALL
100
AcDbPolyline
 90
6
 70
1
 10
230.0
 20
6480.0
 10
230.0
 20
4450.0
 10
230.0
 20
4220.0
 10
0.0
 20
4220.0
 10
0.0
 20
6480.0
 10
230.0
 20
6480.0
1001
FLOORFORGE
1000
floor:0
1000
preliminary
  0
HATCH
  5
B6
330
17
100
AcDbEntity
  8
A-WALL
 62
7
100
AcDbHatch
 10
0.0
 20
0.0
 30
0.0
210
0.0
220
0.0
230
1.0
  2
SOLID
 70
1
 71
0
 91
1
 92
3
 72
0
 73
1
 93
6
 10
230.0
 20
6480.0
 10
230.0
 20
4450.0
 10
230.0
 20
4220.0
 10
0.0
 20
4220.0
 10
0.0
 20
6480.0
 10
230.0
 20
6480.0
 97
0
 75
0
 76
1
 98
0
  0
LWPOLYLINE
  5
B7
330
17
100
AcDbEntity
  8
A-WALL
100
AcDbPolyline
 90
6
 70
1
 10
2167.0
 20
4525.0
 10
2167.0
 20
4375.0
 10
0.0
 20
4375.0
 10
0.0
 20
4525.0
 10
2092.0
 20
4525.0
 10
2167.0
 20
4525.0
1001
FLOORFORGE
1000
floor:0
1000
preliminary
  0
HATCH
  5
B8
330
17
100
AcDbEntity
  8
A-WALL
 62
7
100
AcDbHatch
 10
0.0
 20
0.0
 30
0.0
210
0.0
220
0.0
230
1.0
  2
SOLID
 70
1
 71
0
 91
1
 92
3
 72
0
 73
1
 93
6
 10
2167.0
 20
4525.0
 10
2167.0
 20
4375.0
 10
0.0
 20
4375.0
 10
0.0
 20
4525.0
 10
2092.0
 20
4525.0
 10
2167.0
 20
4525.0
 97
0
 75
0
 76
1
 98
0
  0
LWPOLYLINE
  5
B9
330
17
100
AcDbEntity
  8
A-WALL
100
AcDbPolyline
 90
6
 70
1
 10
230.0
 20
9030.0
 10
230.0
 20
6250.0
 10
230.0
 20
6020.0
 10
0.0
 20
6020.0
 10
0.0
 20
9030.0
 10
230.0
 20
9030.0
1001
FLOORFORGE
1000
floor:0
1000
preliminary
  0
HATCH
  5
BA
330
17
100
AcDbEntity
  8
A-WALL
 62
7
100
AcDbHatch
 10
0.0
 20
0.0
 30
0.0
210
0.0
220
0.0
230
1.0
  2
SOLID
 70
1
 71
0
 91
1
 92
3
 72
0
 73
1
 93
6
 10
230.0
 20
9030.0
 10
230.0
 20
6250.0
 10
230.0
 20
6020.0
 10
0.0
 20
6020.0
 10
0.0
 20
9030.0
 10
230.0
 20
9030.0
 97
0
 75
0
 76
1
 98
0
  0
LWPOLYLINE
  5
BB
330
17
100
AcDbEntity
  8
A-WALL
100
AcDbPolyline
 90
6
 70
1
 10
2167.0
 20
6325.0
 10
2167.0
 20
6175.0
 10
0.0
 20
6175.0
 10
0.0
 20
6325.0
 10
2092.0
 20
6325.0
 10
2167.0
 20
6325.0
1001
FLOORFORGE
1000
floor:0
1000
preliminary
  0
HATCH
  5
BC
330
17
100
AcDbEntity
  8
A-WALL
 62
7
100
AcDbHatch
 10
0.0
 20
0.0
 30
0.0
210
0.0
220
0.0
230
1.0
  2
SOLID
 70
1
 71
0
 91
1
 92
3
 72
0
 73
1
 93
6
 10
2167.0
 20
6325.0
 10
2167.0
 20
6175.0
 10
0.0
 20
6175.0
 10
0.0
 20
6325.0
 10
2092.0
 20
6325.0
 10
2167.0
 20
6325.0
 97
0
 75
0
 76
1
 98
0
  0
LWPOLYLINE
  5
BD
330
17
100
AcDbEntity
  8
A-WALL
100
AcDbPolyline
 90
6
 70
1
 10
230.0
 20
10530.0
 10
230.0
 20
8800.0
 10
230.0
 20
8570.0
 10
0.0
 20
8570.0
 10
0.0
 20
10530.0
 10
230.0
 20
10530.0
1001
FLOORFORGE
1000
floor:0
1000
preliminary
  0
HATCH
  5
BE
330
17
100
AcDbEntity
  8
A-WALL
 62
7
100
AcDbHatch
 10
0.0
 20
0.0
 30
0.0
210
0.0
220
0.0
230
1.0
  2
SOLID
 70
1
 71
0
 91
1
 92
3
 72
0
 73
1
 93
6
 10
230.0
 20
10530.0
 10
230.0
 20
8800.0
 10
230.0
 20
8570.0
 10
0.0
 20
8570.0
 10
0.0
 20
10530.0
 10
230.0
 20
10530.0
 97
0
 75
0
 76
1
 98
0
  0
LWPOLYLINE
  5
BF
330
17
100
AcDbEntity
  8
A-WALL
100
AcDbPolyline
 90
6
 70
1
 10
2167.0
 20
8875.0
 10
2167.0
 20
8725.0
 10
0.0
 20
8725.0
 10
0.0
 20
8875.0
 10
2092.0
 20
8875.0
 10
2167.0
 20
8875.0
1001
FLOORFORGE
1000
floor:0
1000
preliminary
  0
HATCH
  5
C0
330
17
100
AcDbEntity
  8
A-WALL
 62
7
100
AcDbHatch
 10
0.0
 20
0.0
 30
0.0
210
0.0
220
0.0
230
1.0
  2
SOLID
 70
1
 71
0
 91
1
 92
3
 72
0
 73
1
 93
6
 10
2167.0
 20
8875.0
 10
2167.0
 20
8725.0
 10
0.0
 20
8725.0
 10
0.0
 20
8875.0
 10
2092.0
 20
8875.0
 10
2167.0
 20
8875.0
 97
0
 75
0
 76
1
 98
0
  0
LWPOLYLINE
  5
C1
330
17
100
AcDbEntity
  8
A-WALL
100
AcDbPolyline
 90
6
 70
1
 10
230.0
 20
10070.0
 10
0.0
 20
10070.0
 10
0.0
 20
11294.0
 10
230.0
 20
11294.0
 10
230.0
 20
10300.0
 10
230.0
 20
10070.0
1001
FLOORFORGE
1000
floor:0
1000
preliminary
  0
HATCH
  5
C2
330
17
100
AcDbEntity
  8
A-WALL
 62
7
100
AcDbHatch
 10
0.0
 20
0.0
 30
0.0
210
0.0
220
0.0
230
1.0
  2
SOLID
 70
1
 71
0
 91
1
 92
3
 72
0
 73
1
 93
6
 10
230.0
 20
10070.0
 10
0.0
 20
10070.0
 10
0.0
 20
11294.0
 10
230.0
 20
11294.0
 10
230.0
 20
10300.0
 10
230.0
 20
10070.0
 97
0
 75
0
 76
1
 98
0
  0
LWPOLYLINE
  5
C3
330
17
100
AcDbEntity
  8
A-WALL
100
AcDbPolyline
 90
5
 70
1
 10
0.0
 20
14088.0
 10
230.0
 20
14088.0
 10
230.0
 20
13094.0
 10
0.0
 20
13094.0
 10
0.0
 20
14088.0
1001
FLOORFORGE
1000
floor:0
1000
preliminary
  0
HATCH
  5
C4
330
17
100
AcDbEntity
  8
A-WALL
 62
7
100
AcDbHatch
 10
0.0
 20
0.0
 30
0.0
210
0.0
220
0.0
230
1.0
  2
SOLID
 70
1
 71
0
 91
1
 92
3
 72
0
 73
1
 93
5
 10
0.0
 20
14088.0
 10
230.0
 20
14088.0
 10
230.0
 20
13094.0
 10
0.0
 20
13094.0
 10
0.0
 20
14088.0
 97
0
 75
0
 76
1
 98
0
  0
LWPOLYLINE
  5
C5
330
17
100
AcDbEntity
  8
A-WALL
100
AcDbPolyline
 90
6
 70
1
 10
3417.0
 20
10375.0
 10
3417.0
 20
10225.0
 10
0.0
 20
10225.0
 10
0.0
 20
10375.0
 10
3342.0
 20
10375.0
 10
3417.0
 20
10375.0
1001
FLOORFORGE
1000
floor:0
1000
preliminary
  0
HATCH
  5
C6
330
17
100
AcDbEntity
  8
A-WALL
 62
7
100
AcDbHatch
 10
0.0
 20
0.0
 30
0.0
210
0.0
220
0.0
230
1.0
  2
SOLID
 70
1
 71
0
 91
1
 92
3
 72
0
 73
1
 93
6
 10
3417.0
 20
10375.0
 10
3417.0
 20
10225.0
 10
0.0
 20
10225.0
 10
0.0
 20
10375.0
 10
3342.0
 20
10375.0
 10
3417.0
 20
10375.0
 97
0
 75
0
 76
1
 98
0
  0
LWPOLYLINE
  5
C7
330
17
100
AcDbEntity
  8
A-WALL
100
AcDbPolyline
 90
5
 70
1
 10
2571.0
 20
13858.0
 10
2571.0
 20
14088.0
 10
3572.0
 20
14088.0
 10
3572.0
 20
13858.0
 10
2571.0
 20
13858.0
1001
FLOORFORGE
1000
floor:0
1000
preliminary
  0
HATCH
  5
C8
330
17
100
AcDbEntity
  8
A-WALL
 62
7
100
AcDbHatch
 10
0.0
 20
0.0
 30
0.0
210
0.0
220
0.0
230
1.0
  2
SOLID
 70
1
 71
0
 91
1
 92
3
 72
0
 73
1
 93
5
 10
2571.0
 20
13858.0
 10
2571.0
 20
14088.0
 10
3572.0
 20
14088.0
 10
3572.0
 20
13858.0
 10
2571.0
 20
13858.0
 97
0
 75
0
 76
1
 98
0
  0
LWPOLYLINE
  5
C9
330
17
100
AcDbEntity
  8
A-WALL
100
AcDbPolyline
 90
5
 70
1
 10
0.0
 20
13858.0
 10
0.0
 20
14088.0
 10
771.0
 20
14088.0
 10
771.0
 20
13858.0
 10
0.0
 20
13858.0
1001
FLOORFORGE
1000
floor:0
1000
preliminary
  0
HATCH
  5
CA
330
17
100
AcDbEntity
  8
A-WALL
 62
7
100
AcDbHatch
 10
0.0
 20
0.0
 30
0.0
210
0.0
220
0.0
230
1.0
  2
SOLID
 70
1
 71
0
 91
1
 92
3
 72
0
 73
1
 93
5
 10
0.0
 20
13858.0
 10
0.0
 20
14088.0
 10
771.0
 20
14088.0
 10
771.0
 20
13858.0
 10
0.0
 20
13858.0
 97
0
 75
0
 76
1
 98
0
  0
LWPOLYLINE
  5
CB
330
17
100
AcDbEntity
  8
A-WALL
100
AcDbPolyline
 90
6
 70
1
 10
2167.0
 20
6325.0
 10
2167.0
 20
5800.0
 10
2017.0
 20
5800.0
 10
2017.0
 20
6250.0
 10
2017.0
 20
6325.0
 10
2167.0
 20
6325.0
1001
FLOORFORGE
1000
floor:0
1000
preliminary
  0
HATCH
  5
CC
330
17
100
AcDbEntity
  8
A-WALL
 62
7
100
AcDbHatch
 10
0.0
 20
0.0
 30
0.0
210
0.0
220
0.0
230
1.0
  2
SOLID
 70
1
 71
0
 91
1
 92
3
 72
0
 73
1
 93
6
 10
2167.0
 20
6325.0
 10
2167.0
 20
5800.0
 10
2017.0
 20
5800.0
 10
2017.0
 20
6250.0
 10
2017.0
 20
6325.0
 10
2167.0
 20
6325.0
 97
0
 75
0
 76
1
 98
0
  0
LWPOLYLINE
  5
CD
330
17
100
AcDbEntity
  8
A-WALL
100
AcDbPolyline
 90
6
 70
1
 10
2167.0
 20
4450.0
 10
2167.0
 20
4375.0
 10
2017.0
 20
4375.0
 10
2017.0
 20
4900.0
 10
2167.0
 20
4900.0
 10
2167.0
 20
4450.0
1001
FLOORFORGE
1000
floor:0
1000
preliminary
  0
HATCH
  5
CE
330
17
100
AcDbEntity
  8
A-WALL
 62
7
100
AcDbHatch
 10
0.0
 20
0.0
 30
0.0
210
0.0
220
0.0
230
1.0
  2
SOLID
 70
1
 71
0
 91
1
 92
3
 72
0
 73
1
 93
6
 10
2167.0
 20
4450.0
 10
2167.0
 20
4375.0
 10
2017.0
 20
4375.0
 10
2017.0
 20
4900.0
 10
2167.0
 20
4900.0
 10
2167.0
 20
4450.0
 97
0
 75
0
 76
1
 98
0
  0
LWPOLYLINE
  5
CF
330
17
100
AcDbEntity
  8
A-WALL
100
AcDbPolyline
 90
6
 70
1
 10
2167.0
 20
8875.0
 10
2167.0
 20
7900.0
 10
2017.0
 20
7900.0
 10
2017.0
 20
8800.0
 10
2017.0
 20
8875.0
 10
2167.0
 20
8875.0
1001
FLOORFORGE
1000
floor:0
1000
preliminary
  0
HATCH
  5
D0
330
17
100
AcDbEntity
  8
A-WALL
 62
7
100
AcDbHatch
 10
0.0
 20
0.0
 30
0.0
210
0.0
220
0.0
230
1.0
  2
SOLID
 70
1
 71
0
 91
1
 92
3
 72
0
 73
1
 93
6
 10
2167.0
 20
8875.0
 10
2167.0
 20
7900.0
 10
2017.0
 20
7900.0
 10
2017.0
 20
8800.0
 10
2017.0
 20
8875.0
 10
2167.0
 20
8875.0
 97
0
 75
0
 76
1
 98
0
  0
LWPOLYLINE
  5
D1
330
17
100
AcDbEntity
  8
A-WALL
100
AcDbPolyline
 90
6
 70
1
 10
2167.0
 20
6250.0
 10
2167.0
 20
6175.0
 10
2017.0
 20
6175.0
 10
2017.0
 20
7150.0
 10
2167.0
 20
7150.0
 10
2167.0
 20
6250.0
1001
FLOORFORGE
1000
floor:0
1000
preliminary
  0
HATCH
  5
D2
330
17
100
AcDbEntity
  8
A-WALL
 62
7
100
AcDbHatch
 10
0.0
 20
0.0
 30
0.0
210
0.0
220
0.0
230
1.0
  2
SOLID
 70
1
 71
0
 91
1
 92
3
 72
0
 73
1
 93
6
 10
2167.0
 20
6250.0
 10
2167.0
 20
6175.0
 10
2017.0
 20
6175.0
 10
2017.0
 20
7150.0
 10
2167.0
 20
7150.0
 10
2167.0
 20
6250.0
 97
0
 75
0
 76
1
 98
0
  0
LWPOLYLINE
  5
D3
330
17
100
AcDbEntity
  8
A-WALL
100
AcDbPolyline
 90
7
 70
1
 10
3417.0
 20
8875.0
 10
3417.0
 20
8725.0
 10
2092.0
 20
8725.0
 10
2017.0
 20
8725.0
 10
2017.0
 20
8875.0
 10
3342.0
 20
8875.0
 10
3417.0
 20
8875.0
1001
FLOORFORGE
1000
floor:0
1000
preliminary
  0
HATCH
  5
D4
330
17
100
AcDbEntity
  8
A-WALL
 62
7
100
AcDbHatch
 10
0.0
 20
0.0
 30
0.0
210
0.0
220
0.0
230
1.0
  2
SOLID
 70
1
 71
0
 91
1
 92
3
 72
0
 73
1
 93
7
 10
3417.0
 20
8875.0
 10
3417.0
 20
8725.0
 10
2092.0
 20
8725.0
 10
2017.0
 20
8725.0
 10
2017.0
 20
8875.0
 10
3342.0
 20
8875.0
 10
3417.0
 20
8875.0
 97
0
 75
0
 76
1
 98
0
  0
LWPOLYLINE
  5
D5
330
17
100
AcDbEntity
  8
A-WALL
100
AcDbPolyline
 90
6
 70
1
 10
3417.0
 20
10375.0
 10
3417.0
 20
9700.0
 10
3267.0
 20
9700.0
 10
3267.0
 20
10300.0
 10
3267.0
 20
10375.0
 10
3417.0
 20
10375.0
1001
FLOORFORGE
1000
floor:0
1000
preliminary
  0
HATCH
  5
D6
330
17
100
AcDbEntity
  8
A-WALL
 62
7
100
AcDbHatch
 10
0.0
 20
0.0
 30
0.0
210
0.0
220
0.0
230
1.0
  2
SOLID
 70
1
 71
0
 91
1
 92
3
 72
0
 73
1
 93
6
 10
3417.0
 20
10375.0
 10
3417.0
 20
9700.0
 10
3267.0
 20
9700.0
 10
3267.0
 20
10300.0
 10
3267.0
 20
10375.0
 10
3417.0
 20
10375.0
 97
0
 75
0
 76
1
 98
0
  0
LWPOLYLINE
  5
D7
330
17
100
AcDbEntity
  8
A-WALL
100
AcDbPolyline
 90
6
 70
1
 10
3417.0
 20
8800.0
 10
3417.0
 20
8725.0
 10
3267.0
 20
8725.0
 10
3267.0
 20
8950.0
 10
3417.0
 20
8950.0
 10
3417.0
 20
8800.0
1001
FLOORFORGE
1000
floor:0
1000
preliminary
  0
HATCH
  5
D8
330
17
100
AcDbEntity
  8
A-WALL
 62
7
100
AcDbHatch
 10
0.0
 20
0.0
 30
0.0
210
0.0
220
0.0
230
1.0
  2
SOLID
 70
1
 71
0
 91
1
 92
3
 72
0
 73
1
 93
6
 10
3417.0
 20
8800.0
 10
3417.0
 20
8725.0
 10
3267.0
 20
8725.0
 10
3267.0
 20
8950.0
 10
3417.0
 20
8950.0
 10
3417.0
 20
8800.0
 97
0
 75
0
 76
1
 98
0
  0
LWPOLYLINE
  5
D9
330
17
100
AcDbEntity
  8
A-WALL
100
AcDbPolyline
 90
6
 70
1
 10
3417.0
 20
11625.0
 10
3417.0
 20
11350.0
 10
3267.0
 20
11350.0
 10
3267.0
 20
11550.0
 10
3267.0
 20
11625.0
 10
3417.0
 20
11625.0
1001
FLOORFORGE
1000
floor:0
1000
preliminary
  0
HATCH
  5
DA
330
17
100
AcDbEntity
  8
A-WALL
 62
7
100
AcDbHatch
 10
0.0
 20
0.0
 30
0.0
210
0.0
220
0.0
230
1.0
  2
SOLID
 70
1
 71
0
 91
1
 92
3
 72
0
 73
1
 93
6
 10
3417.0
 20
11625.0
 10
3417.0
 20
11350.0
 10
3267.0
 20
11350.0
 10
3267.0
 20
11550.0
 10
3267.0
 20
11625.0
 10
3417.0
 20
11625.0
 97
0
 75
0
 76
1
 98
0
  0
LWPOLYLINE
  5
DB
330
17
100
AcDbEntity
  8
A-WALL
100
AcDbPolyline
 90
6
 70
1
 10
3417.0
 20
10300.0
 10
3417.0
 20
10225.0
 10
3267.0
 20
10225.0
 10
3267.0
 20
10450.0
 10
3417.0
 20
10450.0
 10
3417.0
 20
10300.0
1001
FLOORFORGE
1000
floor:0
1000
preliminary
  0
HATCH
  5
DC
330
17
100
AcDbEntity
  8
A-WALL
 62
7
100
AcDbHatch
 10
0.0
 20
0.0
 30
0.0
210
0.0
220
0.0
230
1.0
  2
SOLID
 70
1
 71
0
 91
1
 92
3
 72
0
 73
1
 93
6
 10
3417.0
 20
10300.0
 10
3417.0
 20
10225.0
 10
3267.0
 20
10225.0
 10
3267.0
 20
10450.0
 10
3417.0
 20
10450.0
 10
3417.0
 20
10300.0
 97
0
 75
0
 76
1
 98
0
  0
LWPOLYLINE
  5
DD
330
17
100
AcDbEntity
  8
A-WALL
100
AcDbPolyline
 90
6
 70
1
 10
3417.0
 20
11550.0
 10
3417.0
 20
11475.0
 10
3267.0
 20
11475.0
 10
3267.0
 20
14088.0
 10
3417.0
 20
14088.0
 10
3417.0
 20
11550.0
1001
FLOORFORGE
1000
floor:0
1000
preliminary
  0
HATCH
  5
DE
330
17
100
AcDbEntity
  8
A-WALL
 62
7
100
AcDbHatch
 10
0.0
 20
0.0
 30
0.0
210
0.0
220
0.0
230
1.0
  2
SOLID
 70
1
 71
0
 91
1
 92
3
 72
0
 73
1
 93
6
 10
3417.0
 20
11550.0
 10
3417.0
 20
11475.0
 10
3267.0
 20
11475.0
 10
3267.0
 20
14088.0
 10
3417.0
 20
14088.0
 10
3417.0
 20
11550.0
 97
0
 75
0
 76
1
 98
0
  0
LWPOLYLINE
  5
DF
330
17
100
AcDbEntity
  8
A-WALL
100
AcDbPolyline
 90
6
 70
1
 10
4767.0
 20
11475.0
 10
4392.0
 20
11475.0
 10
4392.0
 20
11625.0
 10
4692.0
 20
11625.0
 10
4767.0
 20
11625.0
 10
4767.0
 20
11475.0
1001
FLOORFORGE
1000
floor:0
1000
preliminary
  0
HATCH
  5
E0
330
17
100
AcDbEntity
  8
A-WALL
 62
7
100
AcDbHatch
 10
0.0
 20
0.0
 30
0.0
210
0.0
220
0.0
230
1.0
  2
SOLID
 70
1
 71
0
 91
1
 92
3
 72
0
 73
1
 93
6
 10
4767.0
 20
11475.0
 10
4392.0
 20
11475.0
 10
4392.0
 20
11625.0
 10
4692.0
 20
11625.0
 10
4767.0
 20
11625.0
 10
4767.0
 20
11475.0
 97
0
 75
0
 76
1
 98
0
  0
LWPOLYLINE
  5
E1
330
17
100
AcDbEntity
  8
A-WALL
100
AcDbPolyline
 90
6
 70
1
 10
3342.0
 20
11475.0
 10
3267.0
 20
11475.0
 10
3267.0
 20
11625.0
 10
3642.0
 20
11625.0
 10
3642.0
 20
11475.0
 10
3342.0
 20
11475.0
1001
FLOORFORGE
1000
floor:0
1000
preliminary
  0
HATCH
  5
E2
330
17
100
AcDbEntity
  8
A-WALL
 62
7
100
AcDbHatch
 10
0.0
 20
0.0
 30
0.0
210
0.0
220
0.0
230
1.0
  2
SOLID
 70
1
 71
0
 91
1
 92
3
 72
0
 73
1
 93
6
 10
3342.0
 20
11475.0
 10
3267.0
 20
11475.0
 10
3267.0
 20
11625.0
 10
3642.0
 20
11625.0
 10
3642.0
 20
11475.0
 10
3342.0
 20
11475.0
 97
0
 75
0
 76
1
 98
0
  0
LWPOLYLINE
  5
E3
330
17
100
AcDbEntity
  8
A-WALL
100
AcDbPolyline
 90
6
 70
1
 10
4922.0
 20
13858.0
 10
3342.0
 20
13858.0
 10
3112.0
 20
13858.0
 10
3112.0
 20
14088.0
 10
4922.0
 20
14088.0
 10
4922.0
 20
13858.0
1001
FLOORFORGE
1000
floor:0
1000
preliminary
  0
HATCH
  5
E4
330
17
100
AcDbEntity
  8
A-WALL
 62
7
100
AcDbHatch
 10
0.0
 20
0.0
 30
0.0
210
0.0
220
0.0
230
1.0
  2
SOLID
 70
1
 71
0
 91
1
 92
3
 72
0
 73
1
 93
6
 10
4922.0
 20
13858.0
 10
3342.0
 20
13858.0
 10
3112.0
 20
13858.0
 10
3112.0
 20
14088.0
 10
4922.0
 20
14088.0
 10
4922.0
 20
13858.0
 97
0
 75
0
 76
1
 98
0
  0
LWPOLYLINE
  5
E5
330
17
100
AcDbEntity
  8
A-WALL
100
AcDbPolyline
 90
6
 70
1
 10
4767.0
 20
11625.0
 10
4767.0
 20
9850.0
 10
4617.0
 20
9850.0
 10
4617.0
 20
11550.0
 10
4617.0
 20
11625.0
 10
4767.0
 20
11625.0
1001
FLOORFORGE
1000
floor:0
1000
preliminary
  0
HATCH
  5
E6
330
17
100
AcDbEntity
  8
A-WALL
 62
7
100
AcDbHatch
 10
0.0
 20
0.0
 30
0.0
210
0.0
220
0.0
230
1.0
  2
SOLID
 70
1
 71
0
 91
1
 92
3
 72
0
 73
1
 93
6
 10
4767.0
 20
11625.0
 10
4767.0
 20
9850.0
 10
4617.0
 20
9850.0
 10
4617.0
 20
11550.0
 10
4617.0
 20
11625.0
 10
4767.0
 20
11625.0
 97
0
 75
0
 76
1
 98
0
  0
LWPOLYLINE
  5
E7
330
17
100
AcDbEntity
  8
A-WALL
100
AcDbPolyline
 90
6
 70
1
 10
4767.0
 20
8800.0
 10
4767.0
 20
8725.0
 10
4617.0
 20
8725.0
 10
4617.0
 20
8950.0
 10
4767.0
 20
8950.0
 10
4767.0
 20
8800.0
1001
FLOORFORGE
1000
floor:0
1000
preliminary
  0
HATCH
  5
E8
330
17
100
AcDbEntity
  8
A-WALL
 62
7
100
AcDbHatch
 10
0.0
 20
0.0
 30
0.0
210
0.0
220
0.0
230
1.0
  2
SOLID
 70
1
 71
0
 91
1
 92
3
 72
0
 73
1
 93
6
 10
4767.0
 20
8800.0
 10
4767.0
 20
8725.0
 10
4617.0
 20
8725.0
 10
4617.0
 20
8950.0
 10
4767.0
 20
8950.0
 10
4767.0
 20
8800.0
 97
0
 75
0
 76
1
 98
0
  0
LWPOLYLINE
  5
E9
330
17
100
AcDbEntity
  8
A-WALL
100
AcDbPolyline
 90
7
 70
1
 10
6067.0
 20
8875.0
 10
6067.0
 20
8725.0
 10
4692.0
 20
8725.0
 10
4617.0
 20
8725.0
 10
4617.0
 20
8875.0
 10
5992.0
 20
8875.0
 10
6067.0
 20
8875.0
1001
FLOORFORGE
1000
floor:0
1000
preliminary
  0
HATCH
  5
EA
330
17
100
AcDbEntity
  8
A-WALL
 62
7
100
AcDbHatch
 10
0.0
 20
0.0
 30
0.0
210
0.0
220
0.0
230
1.0
  2
SOLID
 70
1
 71
0
 91
1
 92
3
 72
0
 73
1
 93
7
 10
6067.0
 20
8875.0
 10
6067.0
 20
8725.0
 10
4692.0
 20
8725.0
 10
4617.0
 20
8725.0
 10
4617.0
 20
8875.0
 10
5992.0
 20
8875.0
 10
6067.0
 20
8875.0
 97
0
 75
0
 76
1
 98
0
  0
LWPOLYLINE
  5
EB
330
17
100
AcDbEntity
  8
A-WALL
100
AcDbPolyline
 90
6
 70
1
 10
4767.0
 20
11550.0
 10
4767.0
 20
11475.0
 10
4617.0
 20
11475.0
 10
4617.0
 20
14088.0
 10
4767.0
 20
14088.0
 10
4767.0
 20
11550.0
1001
FLOORFORGE
1000
floor:0
1000
preliminary
  0
HATCH
  5
EC
330
17
100
AcDbEntity
  8
A-WALL
 62
7
100
AcDbHatch
 10
0.0
 20
0.0
 30
0.0
210
0.0
220
0.0
230
1.0
  2
SOLID
 70
1
 71
0
 91
1
 92
3
 72
0
 73
1
 93
6
 10
4767.0
 20
11550.0
 10
4767.0
 20
11475.0
 10
4617.0
 20
11475.0
 10
4617.0
 20
14088.0
 10
4767.0
 20
14088.0
 10
4767.0
 20
11550.0
 97
0
 75
0
 76
1
 98
0
  0
LWPOLYLINE
  5
ED
330
17
100
AcDbEntity
  8
A-WALL
100
AcDbPolyline
 90
5
 70
1
 10
7442.0
 20
13858.0
 10
7442.0
 20
14088.0
 10
8322.0
 20
14088.0
 10
8322.0
 20
13858.0
 10
7442.0
 20
13858.0
1001
FLOORFORGE
1000
floor:0
1000
preliminary
  0
HATCH
  5
EE
330
17
100
AcDbEntity
  8
A-WALL
 62
7
100
AcDbHatch
 10
0.0
 20
0.0
 30
0.0
210
0.0
220
0.0
230
1.0
  2
SOLID
 70
1
 71
0
 91
1
 92
3
 72
0
 73
1
 93
5
 10
7442.0
 20
13858.0
 10
7442.0
 20
14088.0
 10
8322.0
 20
14088.0
 10
8322.0
 20
13858.0
 10
7442.0
 20
13858.0
 97
0
 75
0
 76
1
 98
0
  0
LWPOLYLINE
  5
EF
330
17
100
AcDbEntity
  8
A-WALL
100
AcDbPolyline
 90
6
 70
1
 10
4692.0
 20
13858.0
 10
4462.0
 20
13858.0
 10
4462.0
 20
14088.0
 10
5342.0
 20
14088.0
 10
5342.0
 20
13858.0
 10
4692.0
 20
13858.0
1001
FLOORFORGE
1000
floor:0
1000
preliminary
  0
HATCH
  5
F0
330
17
100
AcDbEntity
  8
A-WALL
 62
7
100
AcDbHatch
 10
0.0
 20
0.0
 30
0.0
210
0.0
220
0.0
230
1.0
  2
SOLID
 70
1
 71
0
 91
1
 92
3
 72
0
 73
1
 93
6
 10
4692.0
 20
13858.0
 10
4462.0
 20
13858.0
 10
4462.0
 20
14088.0
 10
5342.0
 20
14088.0
 10
5342.0
 20
13858.0
 10
4692.0
 20
13858.0
 97
0
 75
0
 76
1
 98
0
  0
LWPOLYLINE
  5
F1
330
17
100
AcDbEntity
  8
A-WALL
100
AcDbPolyline
 90
6
 70
1
 10
6067.0
 20
7375.0
 10
6067.0
 20
6875.0
 10
5917.0
 20
6875.0
 10
5917.0
 20
7300.0
 10
5917.0
 20
7375.0
 10
6067.0
 20
7375.0
1001
FLOORFORGE
1000
floor:0
1000
preliminary
  0
HATCH
  5
F2
330
17
100
AcDbEntity
  8
A-WALL
 62
7
100
AcDbHatch
 10
0.0
 20
0.0
 30
0.0
210
0.0
220
0.0
230
1.0
  2
SOLID
 70
1
 71
0
 91
1
 92
3
 72
0
 73
1
 93
6
 10
6067.0
 20
7375.0
 10
6067.0
 20
6875.0
 10
5917.0
 20
6875.0
 10
5917.0
 20
7300.0
 10
5917.0
 20
7375.0
 10
6067.0
 20
7375.0
 97
0
 75
0
 76
1
 98
0
  0
LWPOLYLINE
  5
F3
330
17
100
AcDbEntity
  8
A-WALL
100
AcDbPolyline
 90
6
 70
1
 10
6067.0
 20
4450.0
 10
6067.0
 20
4375.0
 10
5917.0
 20
4375.0
 10
5917.0
 20
5375.0
 10
6067.0
 20
5375.0
 10
6067.0
 20
4450.0
1001
FLOORFORGE
1000
floor:0
1000
preliminary
  0
HATCH
  5
F4
330
17
100
AcDbEntity
  8
A-WALL
 62
7
100
AcDbHatch
 10
0.0
 20
0.0
 30
0.0
210
0.0
220
0.0
230
1.0
  2
SOLID
 70
1
 71
0
 91
1
 92
3
 72
0
 73
1
 93
6
 10
6067.0
 20
4450.0
 10
6067.0
 20
4375.0
 10
5917.0
 20
4375.0
 10
5917.0
 20
5375.0
 10
6067.0
 20
5375.0
 10
6067.0
 20
4450.0
 97
0
 75
0
 76
1
 98
0
  0
LWPOLYLINE
  5
F5
330
17
100
AcDbEntity
  8
A-WALL
100
AcDbPolyline
 90
7
 70
1
 10
7767.0
 20
4525.0
 10
7767.0
 20
4375.0
 10
5992.0
 20
4375.0
 10
5917.0
 20
4375.0
 10
5917.0
 20
4525.0
 10
7692.0
 20
4525.0
 10
7767.0
 20
4525.0
1001
FLOORFORGE
1000
floor:0
1000
preliminary
  0
HATCH
  5
F6
330
17
100
AcDbEntity
  8
A-WALL
 62
7
100
AcDbHatch
 10
0.0
 20
0.0
 30
0.0
210
0.0
220
0.0
230
1.0
  2
SOLID
 70
1
 71
0
 91
1
 92
3
 72
0
 73
1
 93
7
 10
7767.0
 20
4525.0
 10
7767.0
 20
4375.0
 10
5992.0
 20
4375.0
 10
5917.0
 20
4375.0
 10
5917.0
 20
4525.0
 10
7692.0
 20
4525.0
 10
7767.0
 20
4525.0
 97
0
 75
0
 76
1
 98
0
  0
LWPOLYLINE
  5
F7
330
17
100
AcDbEntity
  8
A-WALL
100
AcDbPolyline
 90
7
 70
1
 10
5917.0
 20
8875.0
 10
6067.0
 20
8875.0
 10
6067.0
 20
7300.0
 10
6067.0
 20
7225.0
 10
5917.0
 20
7225.0
 10
5917.0
 20
8800.0
 10
5917.0
 20
8875.0
1001
FLOORFORGE
1000
floor:0
1000
preliminary
  0
HATCH
  5
F8
330
17
100
AcDbEntity
  8
A-WALL
 62
7
100
AcDbHatch
 10
0.0
 20
0.0
 30
0.0
210
0.0
220
0.0
230
1.0
  2
SOLID
 70
1
 71
0
 91
1
 92
3
 72
0
 73
1
 93
7
 10
5917.0
 20
8875.0
 10
6067.0
 20
8875.0
 10
6067.0
 20
7300.0
 10
6067.0
 20
7225.0
 10
5917.0
 20
7225.0
 10
5917.0
 20
8800.0
 10
5917.0
 20
8875.0
 97
0
 75
0
 76
1
 98
0
  0
LWPOLYLINE
  5
F9
330
17
100
AcDbEntity
  8
A-WALL
100
AcDbPolyline
 90
6
 70
1
 10
5917.0
 20
7225.0
 10
5917.0
 20
7375.0
 10
6142.0
 20
7375.0
 10
6142.0
 20
7225.0
 10
5992.0
 20
7225.0
 10
5917.0
 20
7225.0
1001
FLOORFORGE
1000
floor:0
1000
preliminary
  0
HATCH
  5
FA
330
17
100
AcDbEntity
  8
A-WALL
 62
7
100
AcDbHatch
 10
0.0
 20
0.0
 30
0.0
210
0.0
220
0.0
230
1.0
  2
SOLID
 70
1
 71
0
 91
1
 92
3
 72
0
 73
1
 93
6
 10
5917.0
 20
7225.0
 10
5917.0
 20
7375.0
 10
6142.0
 20
7375.0
 10
6142.0
 20
7225.0
 10
5992.0
 20
7225.0
 10
5917.0
 20
7225.0
 97
0
 75
0
 76
1
 98
0
  0
LWPOLYLINE
  5
FB
330
17
100
AcDbEntity
  8
A-WALL
100
AcDbPolyline
 90
5
 70
1
 10
10192.0
 20
7375.0
 10
10192.0
 20
7225.0
 10
6892.0
 20
7225.0
 10
6892.0
 20
7375.0
 10
10192.0
 20
7375.0
1001
FLOORFORGE
1000
floor:0
1000
preliminary
  0
HATCH
  5
FC
330
17
100
AcDbEntity
  8
A-WALL
 62
7
100
AcDbHatch
 10
0.0
 20
0.0
 30
0.0
210
0.0
220
0.0
230
1.0
  2
SOLID
 70
1
 71
0
 91
1
 92
3
 72
0
 73
1
 93
5
 10
10192.0
 20
7375.0
 10
10192.0
 20
7225.0
 10
6892.0
 20
7225.0
 10
6892.0
 20
7375.0
 10
10192.0
 20
7375.0
 97
0
 75
0
 76
1
 98
0
  0
LWPOLYLINE
  5
FD
330
17
100
AcDbEntity
  8
A-WALL
100
AcDbPolyline
 90
7
 70
1
 10
8167.0
 20
8875.0
 10
8167.0
 20
8725.0
 10
5992.0
 20
8725.0
 10
5917.0
 20
8725.0
 10
5917.0
 20
8875.0
 10
8092.0
 20
8875.0
 10
8167.0
 20
8875.0
1001
FLOORFORGE
1000
floor:0
1000
preliminary
  0
HATCH
  5
FE
330
17
100
AcDbEntity
  8
A-WALL
 62
7
100
AcDbHatch
 10
0.0
 20
0.0
 30
0.0
210
0.0
220
0.0
230
1.0
  2
SOLID
 70
1
 71
0
 91
1
 92
3
 72
0
 73
1
 93
7
 10
8167.0
 20
8875.0
 10
8167.0
 20
8725.0
 10
5992.0
 20
8725.0
 10
5917.0
 20
8725.0
 10
5917.0
 20
8875.0
 10
8092.0
 20
8875.0
 10
8167.0
 20
8875.0
 97
0
 75
0
 76
1
 98
0
  0
LWPOLYLINE
  5
FF
330
17
100
AcDbEntity
  8
A-WALL
100
AcDbPolyline
 90
5
 70
1
 10
7462.0
 20
230.0
 10
10192.0
 20
230.0
 10
10192.0
 20
0.0
 10
7462.0
 20
0.0
 10
7462.0
 20
230.0
1001
FLOORFORGE
1000
floor:0
1000
preliminary
  0
HATCH
  5
100
330
17
100
AcDbEntity
  8
A-WALL
 62
7
100
AcDbHatch
 10
0.0
 20
0.0
 30
0.0
210
0.0
220
0.0
230
1.0
  2
SOLID
 70
1
 71
0
 91
1
 92
3
 72
0
 73
1
 93
5
 10
7462.0
 20
230.0
 10
10192.0
 20
230.0
 10
10192.0
 20
0.0
 10
7462.0
 20
0.0
 10
7462.0
 20
230.0
 97
0
 75
0
 76
1
 98
0
  0
LWPOLYLINE
  5
101
330
17
100
AcDbEntity
  8
A-WALL
100
AcDbPolyline
 90
6
 70
1
 10
7692.0
 20
4375.0
 10
7617.0
 20
4375.0
 10
7617.0
 20
4525.0
 10
10192.0
 20
4525.0
 10
10192.0
 20
4375.0
 10
7692.0
 20
4375.0
1001
FLOORFORGE
1000
floor:0
1000
preliminary
  0
HATCH
  5
102
330
17
100
AcDbEntity
  8
A-WALL
 62
7
100
AcDbHatch
 10
0.0
 20
0.0
 30
0.0
210
0.0
220
0.0
230
1.0
  2
SOLID
 70
1
 71
0
 91
1
 92
3
 72
0
 73
1
 93
6
 10
7692.0
 20
4375.0
 10
7617.0
 20
4375.0
 10
7617.0
 20
4525.0
 10
10192.0
 20
4525.0
 10
10192.0
 20
4375.0
 10
7692.0
 20
4375.0
 97
0
 75
0
 76
1
 98
0
  0
LWPOLYLINE
  5
103
330
17
100
AcDbEntity
  8
A-WALL
100
AcDbPolyline
 90
6
 70
1
 10
8167.0
 20
11275.0
 10
8167.0
 20
10375.0
 10
8017.0
 20
10375.0
 10
8017.0
 20
11200.0
 10
8017.0
 20
11275.0
 10
8167.0
 20
11275.0
1001
FLOORFORGE
1000
floor:0
1000
preliminary
  0
HATCH
  5
104
330
17
100
AcDbEntity
  8
A-WALL
 62
7
100
AcDbHatch
 10
0.0
 20
0.0
 30
0.0
210
0.0
220
0.0
230
1.0
  2
SOLID
 70
1
 71
0
 91
1
 92
3
 72
0
 73
1
 93
6
 10
8167.0
 20
11275.0
 10
8167.0
 20
10375.0
 10
8017.0
 20
10375.0
 10
8017.0
 20
11200.0
 10
8017.0
 20
11275.0
 10
8167.0
 20
11275.0
 97
0
 75
0
 76
1
 98
0
  0
LWPOLYLINE
  5
105
330
17
100
AcDbEntity
  8
A-WALL
100
AcDbPolyline
 90
6
 70
1
 10
8167.0
 20
8800.0
 10
8167.0
 20
8725.0
 10
8017.0
 20
8725.0
 10
8017.0
 20
9625.0
 10
8167.0
 20
9625.0
 10
8167.0
 20
8800.0
1001
FLOORFORGE
1000
floor:0
1000
preliminary
  0
HATCH
  5
106
330
17
100
AcDbEntity
  8
A-WALL
 62
7
100
AcDbHatch
 10
0.0
 20
0.0
 30
0.0
210
0.0
220
0.0
230
1.0
  2
SOLID
 70
1
 71
0
 91
1
 92
3
 72
0
 73
1
 93
6
 10
8167.0
 20
8800.0
 10
8167.0
 20
8725.0
 10
8017.0
 20
8725.0
 10
8017.0
 20
9625.0
 10
8167.0
 20
9625.0
 10
8167.0
 20
8800.0
 97
0
 75
0
 76
1
 98
0
  0
LWPOLYLINE
  5
107
330
17
100
AcDbEntity
  8
A-WALL
100
AcDbPolyline
 90
6
 70
1
 10
8092.0
 20
8725.0
 10
8017.0
 20
8725.0
 10
8017.0
 20
8875.0
 10
10192.0
 20
8875.0
 10
10192.0
 20
8725.0
 10
8092.0
 20
8725.0
1001
FLOORFORGE
1000
floor:0
1000
preliminary
  0
HATCH
  5
108
330
17
100
AcDbEntity
  8
A-WALL
 62
7
100
AcDbHatch
 10
0.0
 20
0.0
 30
0.0
210
0.0
220
0.0
230
1.0
  2
SOLID
 70
1
 71
0
 91
1
 92
3
 72
0
 73
1
 93
6
 10
8092.0
 20
8725.0
 10
8017.0
 20
8725.0
 10
8017.0
 20
8875.0
 10
10192.0
 20
8875.0
 10
10192.0
 20
8725.0
 10
8092.0
 20
8725.0
 97
0
 75
0
 76
1
 98
0
  0
LWPOLYLINE
  5
109
330
17
100
AcDbEntity
  8
A-WALL
100
AcDbPolyline
 90
6
 70
1
 10
8167.0
 20
11125.0
 10
8017.0
 20
11125.0
 10
8017.0
 20
12194.0
 10
8167.0
 20
12194.0
 10
8167.0
 20
11200.0
 10
8167.0
 20
11125.0
1001
FLOORFORGE
1000
floor:0
1000
preliminary
  0
HATCH
  5
10A
330
17
100
AcDbEntity
  8
A-WALL
 62
7
100
AcDbHatch
 10
0.0
 20
0.0
 30
0.0
210
0.0
220
0.0
230
1.0
  2
SOLID
 70
1
 71
0
 91
1
 92
3
 72
0
 73
1
 93
6
 10
8167.0
 20
11125.0
 10
8017.0
 20
11125.0
 10
8017.0
 20
12194.0
 10
8167.0
 20
12194.0
 10
8167.0
 20
11200.0
 10
8167.0
 20
11125.0
 97
0
 75
0
 76
1
 98
0
  0
LWPOLYLINE
  5
10B
330
17
100
AcDbEntity
  8
A-WALL
100
AcDbPolyline
 90
5
 70
1
 10
8017.0
 20
14088.0
 10
8167.0
 20
14088.0
 10
8167.0
 20
13094.0
 10
8017.0
 20
13094.0
 10
8017.0
 20
14088.0
1001
FLOORFORGE
1000
floor:0
1000
preliminary
  0
HATCH
  5
10C
330
17
100
AcDbEntity
  8
A-WALL
 62
7
100
AcDbHatch
 10
0.0
 20
0.0
 30
0.0
210
0.0
220
0.0
230
1.0
  2
SOLID
 70
1
 71
0
 91
1
 92
3
 72
0
 73
1
 93
5
 10
8017.0
 20
14088.0
 10
8167.0
 20
14088.0
 10
8167.0
 20
13094.0
 10
8017.0
 20
13094.0
 10
8017.0
 20
14088.0
 97
0
 75
0
 76
1
 98
0
  0
LWPOLYLINE
  5
10D
330
17
100
AcDbEntity
  8
A-WALL
100
AcDbPolyline
 90
6
 70
1
 10
8092.0
 20
11125.0
 10
8017.0
 20
11125.0
 10
8017.0
 20
11275.0
 10
10192.0
 20
11275.0
 10
10192.0
 20
11125.0
 10
8092.0
 20
11125.0
1001
FLOORFORGE
1000
floor:0
1000
preliminary
  0
HATCH
  5
10E
330
17
100
AcDbEntity
  8
A-WALL
 62
7
100
AcDbHatch
 10
0.0
 20
0.0
 30
0.0
210
0.0
220
0.0
230
1.0
  2
SOLID
 70
1
 71
0
 91
1
 92
3
 72
0
 73
1
 93
6
 10
8092.0
 20
11125.0
 10
8017.0
 20
11125.0
 10
8017.0
 20
11275.0
 10
10192.0
 20
11275.0
 10
10192.0
 20
11125.0
 10
8092.0
 20
11125.0
 97
0
 75
0
 76
1
 98
0
  0
LWPOLYLINE
  5
10F
330
17
100
AcDbEntity
  8
A-WALL
100
AcDbPolyline
 90
6
 70
1
 10
7862.0
 20
13858.0
 10
7862.0
 20
14088.0
 10
8692.0
 20
14088.0
 10
8692.0
 20
13858.0
 10
8092.0
 20
13858.0
 10
7862.0
 20
13858.0
1001
FLOORFORGE
1000
floor:0
1000
preliminary
  0
HATCH
  5
110
330
17
100
AcDbEntity
  8
A-WALL
 62
7
100
AcDbHatch
 10
0.0
 20
0.0
 30
0.0
210
0.0
220
0.0
230
1.0
  2
SOLID
 70
1
 71
0
 91
1
 92
3
 72
0
 73
1
 93
6
 10
7862.0
 20
13858.0
 10
7862.0
 20
14088.0
 10
8692.0
 20
14088.0
 10
8692.0
 20
13858.0
 10
8092.0
 20
13858.0
 10
7862.0
 20
13858.0
 97
0
 75
0
 76
1
 98
0
  0
LWPOLYLINE
  5
111
330
17
100
AcDbEntity
  8
A-WALL
100
AcDbPolyline
 90
5
 70
1
 10
10192.0
 20
14088.0
 10
10192.0
 20
13858.0
 10
9592.0
 20
13858.0
 10
9592.0
 20
14088.0
 10
10192.0
 20
14088.0
1001
FLOORFORGE
1000
floor:0
1000
preliminary
  0
HATCH
  5
112
330
17
100
AcDbEntity
  8
A-WALL
 62
7
100
AcDbHatch
 10
0.0
 20
0.0
 30
0.0
210
0.0
220
0.0
230
1.0
  2
SOLID
 70
1
 71
0
 91
1
 92
3
 72
0
 73
1
 93
5
 10
10192.0
 20
14088.0
 10
10192.0
 20
13858.0
 10
9592.0
 20
13858.0
 10
9592.0
 20
14088.0
 10
10192.0
 20
14088.0
 97
0
 75
0
 76
1
 98
0
  0
LWPOLYLINE
  5
113
330
17
100
AcDbEntity
  8
A-WALL
100
AcDbPolyline
 90
6
 70
1
 10
9962.0
 20
4680.0
 10
10192.0
 20
4680.0
 10
10192.0
 20
0.0
 10
9962.0
 20
0.0
 10
9962.0
 20
4450.0
 10
9962.0
 20
4680.0
1001
FLOORFORGE
1000
floor:0
1000
preliminary
  0
HATCH
  5
114
330
17
100
AcDbEntity
  8
A-WALL
 62
7
100
AcDbHatch
 10
0.0
 20
0.0
 30
0.0
210
0.0
220
0.0
230
1.0
  2
SOLID
 70
1
 71
0
 91
1
 92
3
 72
0
 73
1
 93
6
 10
9962.0
 20
4680.0
 10
10192.0
 20
4680.0
 10
10192.0
 20
0.0
 10
9962.0
 20
0.0
 10
9962.0
 20
4450.0
 10
9962.0
 20
4680.0
 97
0
 75
0
 76
1
 98
0
  0
LWPOLYLINE
  5
115
330
17
100
AcDbEntity
  8
A-WALL
100
AcDbPolyline
 90
6
 70
1
 10
10192.0
 20
7530.0
 10
10192.0
 20
6625.0
 10
9962.0
 20
6625.0
 10
9962.0
 20
7300.0
 10
9962.0
 20
7530.0
 10
10192.0
 20
7530.0
1001
FLOORFORGE
1000
floor:0
1000
preliminary
  0
HATCH
  5
116
330
17
100
AcDbEntity
  8
A-WALL
 62
7
100
AcDbHatch
 10
0.0
 20
0.0
 30
0.0
210
0.0
220
0.0
230
1.0
  2
SOLID
 70
1
 71
0
 91
1
 92
3
 72
0
 73
1
 93
6
 10
10192.0
 20
7530.0
 10
10192.0
 20
6625.0
 10
9962.0
 20
6625.0
 10
9962.0
 20
7300.0
 10
9962.0
 20
7530.0
 10
10192.0
 20
7530.0
 97
0
 75
0
 76
1
 98
0
  0
LWPOLYLINE
  5
117
330
17
100
AcDbEntity
  8
A-WALL
100
AcDbPolyline
 90
5
 70
1
 10
10192.0
 20
4220.0
 10
9962.0
 20
4220.0
 10
9962.0
 20
5125.0
 10
10192.0
 20
5125.0
 10
10192.0
 20
4220.0
1001
FLOORFORGE
1000
floor:0
1000
preliminary
  0
HATCH
  5
118
330
17
100
AcDbEntity
  8
A-WALL
 62
7
100
AcDbHatch
 10
0.0
 20
0.0
 30
0.0
210
0.0
220
0.0
230
1.0
  2
SOLID
 70
1
 71
0
 91
1
 92
3
 72
0
 73
1
 93
5
 10
10192.0
 20
4220.0
 10
9962.0
 20
4220.0
 10
9962.0
 20
5125.0
 10
10192.0
 20
5125.0
 10
10192.0
 20
4220.0
 97
0
 75
0
 76
1
 98
0
  0
LWPOLYLINE
  5
119
330
17
100
AcDbEntity
  8
A-WALL
100
AcDbPolyline
 90
6
 70
1
 10
10192.0
 20
9030.0
 10
10192.0
 20
8500.0
 10
9962.0
 20
8500.0
 10
9962.0
 20
8800.0
 10
9962.0
 20
9030.0
 10
10192.0
 20
9030.0
1001
FLOORFORGE
1000
floor:0
1000
preliminary
  0
HATCH
  5
11A
330
17
100
AcDbEntity
  8
A-WALL
 62
7
100
AcDbHatch
 10
0.0
 20
0.0
 30
0.0
210
0.0
220
0.0
230
1.0
  2
SOLID
 70
1
 71
0
 91
1
 92
3
 72
0
 73
1
 93
6
 10
10192.0
 20
9030.0
 10
10192.0
 20
8500.0
 10
9962.0
 20
8500.0
 10
9962.0
 20
8800.0
 10
9962.0
 20
9030.0
 10
10192.0
 20
9030.0
 97
0
 75
0
 76
1
 98
0
  0
LWPOLYLINE
  5
11B
330
17
100
AcDbEntity
  8
A-WALL
100
AcDbPolyline
 90
5
 70
1
 10
10192.0
 20
7070.0
 10
9962.0
 20
7070.0
 10
9962.0
 20
7600.0
 10
10192.0
 20
7600.0
 10
10192.0
 20
7070.0
1001
FLOORFORGE
1000
floor:0
1000
preliminary
  0
HATCH
  5
11C
330
17
100
AcDbEntity
  8
A-WALL
 62
7
100
AcDbHatch
 10
0.0
 20
0.0
 30
0.0
210
0.0
220
0.0
230
1.0
  2
SOLID
 70
1
 71
0
 91
1
 92
3
 72
0
 73
1
 93
5
 10
10192.0
 20
7070.0
 10
9962.0
 20
7070.0
 10
9962.0
 20
7600.0
 10
10192.0
 20
7600.0
 10
10192.0
 20
7070.0
 97
0
 75
0
 76
1
 98
0
  0
LWPOLYLINE
  5
11D
330
17
100
AcDbEntity
  8
A-WALL
100
AcDbPolyline
 90
6
 70
1
 10
9962.0
 20
11430.0
 10
10192.0
 20
11430.0
 10
10192.0
 20
8570.0
 10
9962.0
 20
8570.0
 10
9962.0
 20
11200.0
 10
9962.0
 20
11430.0
1001
FLOORFORGE
1000
floor:0
1000
preliminary
  0
HATCH
  5
11E
330
17
100
AcDbEntity
  8
A-WALL
 62
7
100
AcDbHatch
 10
0.0
 20
0.0
 30
0.0
210
0.0
220
0.0
230
1.0
  2
SOLID
 70
1
 71
0
 91
1
 92
3
 72
0
 73
1
 93
6
 10
9962.0
 20
11430.0
 10
10192.0
 20
11430.0
 10
10192.0
 20
8570.0
 10
9962.0
 20
8570.0
 10
9962.0
 20
11200.0
 10
9962.0
 20
11430.0
 97
0
 75
0
 76
1
 98
0
  0
LWPOLYLINE
  5
11F
330
17
100
AcDbEntity
  8
A-WALL
100
AcDbPolyline
 90
5
 70
1
 10
9962.0
 20
12194.0
 10
10192.0
 20
12194.0
 10
10192.0
 20
10970.0
 10
9962.0
 20
10970.0
 10
9962.0
 20
12194.0
1001
FLOORFORGE
1000
floor:0
1000
preliminary
  0
HATCH
  5
120
330
17
100
AcDbEntity
  8
A-WALL
 62
7
100
AcDbHatch
 10
0.0
 20
0.0
 30
0.0
210
0.0
220
0.0
230
1.0
  2
SOLID
 70
1
 71
0
 91
1
 92
3
 72
0
 73
1
 93
5
 10
9962.0
 20
12194.0
 10
10192.0
 20
12194.0
 10
10192.0
 20
10970.0
 10
9962.0
 20
10970.0
 10
9962.0
 20
12194.0
 97
0
 75
0
 76
1
 98
0
  0
LWPOLYLINE
  5
121
330
17
100
AcDbEntity
  8
A-WALL
100
AcDbPolyline
 90
5
 70
1
 10
9962.0
 20
14088.0
 10
10192.0
 20
14088.0
 10
10192.0
 20
13094.0
 10
9962.0
 20
13094.0
 10
9962.0
 20
14088.0
1001
FLOORFORGE
1000
floor:0
1000
preliminary
  0
HATCH
  5
122
330
17
100
AcDbEntity
  8
A-WALL
 62
7
100
AcDbHatch
 10
0.0
 20
0.0
 30
0.0
210
0.0
220
0.0
230
1.0
  2
SOLID
 70
1
 71
0
 91
1
 92
3
 72
0
 73
1
 93
5
 10
9962.0
 20
14088.0
 10
10192.0
 20
14088.0
 10
10192.0
 20
13094.0
 10
9962.0
 20
13094.0
 10
9962.0
 20
14088.0
 97
0
 75
0
 76
1
 98
0
  0
LINE
  5
123
330
17
100
AcDbEntity
  8
A-DOOR
100
AcDbLine
 10
8167.0
 20
9625.0
 30
0.0
 11
8917.0
 21
9625.0
 31
0.0
1001
FLOORFORGE
1000
floor:0
1000
preliminary
  0
LWPOLYLINE
  5
124
330
17
100
AcDbEntity
  8
A-DOOR
100
AcDbPolyline
 90
18
 70
0
 10
8167.0
 20
10375.0
 10
8236.201269597477
 20
10371.800632221275
 10
8304.812138362428
 20
10362.229824762926
 10
8372.247242554062
 20
10346.369232379615
 10
8437.931249640365
 20
10324.354172053267
 10
8501.303766832403
 20
10296.372468516296
 10
8561.824122158017
 20
10262.662851797211
 10
8618.975977284443
 20
10223.51292046018
 10
8672.271732734918
 20
10179.256687915495
 10
8721.256687915495
 20
10130.271732734918
 10
8765.51292046018
 20
10076.975977284443
 10
8804.662851797211
 20
10019.824122158017
 10
8838.372468516296
 20
9959.303766832403
 10
8866.354172053267
 20
9895.931249640365
 10
8888.369232379615
 20
9830.247242554062
 10
8904.229824762926
 20
9762.812138362428
 10
8913.800632221275
 20
9694.201269597477
 10
8917.0
 20
9625.0
1001
FLOORFORGE
1000
floor:0
1000
preliminary
  0
TEXT
  5
125
330
17
100
AcDbEntity
  8
A-TAGS
100
AcDbText
 10
7767.0
 20
9940.0
 30
0.0
 40
150.0
  1
D1
 72
1
 11
7767.0
 21
9940.0
 31
0.0
100
AcDbText
 73
1
1001
FLOORFORGE
1000
floor:0
1000
preliminary
  0
LINE
  5
126
330
17
100
AcDbEntity
  8
A-DOOR
100
AcDbLine
 10
4767.0
 20
8950.0
 30
0.0
 11
5667.0
 21
8950.0
 31
0.0
1001
FLOORFORGE
1000
floor:0
1000
preliminary
  0
LWPOLYLINE
  5
127
330
17
100
AcDbEntity
  8
A-DOOR
100
AcDbPolyline
 90
18
 70
0
 10
4767.0
 20
9850.0
 10
4850.041523516972
 20
9846.160758665532
 10
4932.374566034913
 20
9834.675789715511
 10
5013.296691064875
 20
9815.643078855537
 10
5092.117499568438
 20
9789.22500646392
 10
5168.164520198884
 20
9755.646962219556
 10
5240.7889465896205
 20
9715.195422156652
 10
5309.371172741331
 20
9668.215504552216
 10
5373.326079281902
 20
9615.108025498594
 10
5432.108025498594
 20
9556.326079281902
 10
5485.215504552216
 20
9492.37117274133
 10
5532.195422156653
 20
9423.78894658962
 10
5572.646962219556
 20
9351.164520198885
 10
5606.22500646392
 20
9275.117499568438
 10
5632.643078855537
 20
9196.296691064874
 10
5651.675789715511
 20
9115.374566034914
 10
5663.160758665531
 20
9033.041523516971
 10
5667.0
 20
8950.0
1001
FLOORFORGE
1000
floor:0
1000
preliminary
  0
TEXT
  5
128
330
17
100
AcDbEntity
  8
A-TAGS
100
AcDbText
 10
4367.0
 20
9340.0
 30
0.0
 40
150.0
  1
D2
 72
1
 11
4367.0
 21
9340.0
 31
0.0
100
AcDbText
 73
1
1001
FLOORFORGE
1000
floor:0
1000
preliminary
  0
LINE
  5
129
330
17
100
AcDbEntity
  8
A-DOOR
100
AcDbLine
 10
3267.0
 20
8950.0
 30
0.0
 11
2517.0
 21
8950.0
 31
0.0
1001
FLOORFORGE
1000
floor:0
1000
preliminary
  0
LWPOLYLINE
  5
12A
330
17
100
AcDbEntity
  8
A-DOOR
100
AcDbPolyline
 90
18
 70
0
 10
3267.0
 20
9700.0
 10
3197.7987304025237
 20
9696.800632221275
 10
3129.187861637572
 20
9687.229824762926
 10
3061.7527574459377
 20
9671.369232379615
 10
2996.0687503596355
 20
9649.354172053267
 10
2932.6962331675963
 20
9621.372468516296
 10
2872.175877841983
 20
9587.662851797211
 10
2815.0240227155577
 20
9548.51292046018
 10
2761.728267265082
 20
9504.256687915495
 10
2712.7433120845058
 20
9455.271732734918
 10
2668.48707953982
 20
9401.975977284443
 10
2629.3371482027896
 20
9344.824122158017
 10
2595.627531483703
 20
9284.303766832403
 10
2567.6458279467333
 20
9220.931249640365
 10
2545.630767620386
 20
9155.247242554062
 10
2529.7701752370735
 20
9087.812138362428
 10
2520.199367778724
 20
9019.201269597477
 10
2517.0
 20
8950.0
1001
FLOORFORGE
1000
floor:0
1000
preliminary
  0
TEXT
  5
12B
330
17
100
AcDbEntity
  8
A-TAGS
100
AcDbText
 10
3667.0
 20
9265.0
 30
0.0
 40
150.0
  1
D1
 72
1
 11
3667.0
 21
9265.0
 31
0.0
100
AcDbText
 73
1
1001
FLOORFORGE
1000
floor:0
1000
preliminary
  0
LINE
  5
12C
330
17
100
AcDbEntity
  8
A-DOOR
100
AcDbLine
 10
8167.0
 20
12194.0
 30
0.0
 11
8167.0
 21
13094.0
 31
0.0
1001
FLOORFORGE
1000
floor:0
1000
preliminary
  0
LINE
  5
12D
330
17
100
AcDbEntity
  8
A-DOOR
100
AcDbLine
 10
8017.0
 20
12194.0
 30
0.0
 11
8017.0
 21
13094.0
 31
0.0
1001
FLOORFORGE
1000
floor:0
1000
preliminary
  0
TEXT
  5
12E
330
17
100
AcDbEntity
  8
A-TAGS
100
AcDbText
 10
8417.0
 20
12584.0
 30
0.0
 40
150.0
  1
O1
 72
1
 11
8417.0
 21
12584.0
 31
0.0
100
AcDbText
 73
1
1001
FLOORFORGE
1000
floor:0
1000
preliminary
  0
LINE
  5
12F
330
17
100
AcDbEntity
  8
A-DOOR
100
AcDbLine
 10
6067.0
 20
5375.0
 30
0.0
 11
6067.0
 21
6875.0
 31
0.0
1001
FLOORFORGE
1000
floor:0
1000
preliminary
  0
LINE
  5
130
330
17
100
AcDbEntity
  8
A-DOOR
100
AcDbLine
 10
5917.0
 20
5375.0
 30
0.0
 11
5917.0
 21
6875.0
 31
0.0
1001
FLOORFORGE
1000
floor:0
1000
preliminary
  0
TEXT
  5
131
330
17
100
AcDbEntity
  8
A-TAGS
100
AcDbText
 10
6317.0
 20
6065.0
 30
0.0
 40
150.0
  1
O2
 72
1
 11
6317.0
 21
6065.0
 31
0.0
100
AcDbText
 73
1
1001
FLOORFORGE
1000
floor:0
1000
preliminary
  0
LINE
  5
132
330
17
100
AcDbEntity
  8
A-DOOR
100
AcDbLine
 10
3642.0
 20
11625.0
 30
0.0
 11
3642.0
 21
12375.0
 31
0.0
1001
FLOORFORGE
1000
floor:0
1000
preliminary
  0
LWPOLYLINE
  5
133
330
17
100
AcDbEntity
  8
A-DOOR
100
AcDbPolyline
 90
18
 70
0
 10
4392.0
 20
11625.0
 10
4388.800632221276
 20
11694.201269597477
 10
4379.229824762926
 20
11762.812138362428
 10
4363.369232379614
 20
11830.247242554062
 10
4341.354172053267
 20
11895.931249640365
 10
4313.372468516297
 20
11959.303766832403
 10
4279.66285179721
 20
12019.824122158017
 10
4240.51292046018
 20
12076.975977284443
 10
4196.256687915495
 20
12130.271732734918
 10
4147.271732734918
 20
12179.256687915495
 10
4093.9759772844423
 20
12223.51292046018
 10
4036.824122158017
 20
12262.662851797211
 10
3976.3037668324037
 20
12296.372468516296
 10
3912.931249640365
 20
12324.354172053267
 10
3847.2472425540623
 20
12346.369232379615
 10
3779.8121383624275
 20
12362.229824762926
 10
3711.2012695974763
 20
12371.800632221275
 10
3642.0
 20
12375.0
1001
FLOORFORGE
1000
floor:0
1000
preliminary
  0
TEXT
  5
134
330
17
100
AcDbEntity
  8
A-TAGS
100
AcDbText
 10
4017.0
 20
11165.0
 30
0.0
 40
150.0
  1
D1
 72
1
 11
4017.0
 21
11165.0
 31
0.0
100
AcDbText
 73
1
1001
FLOORFORGE
1000
floor:0
1000
preliminary
  0
LINE
  5
135
330
17
100
AcDbEntity
  8
A-DOOR
100
AcDbLine
 10
2017.0
 20
4900.0
 30
0.0
 11
1117.0
 21
4900.0
 31
0.0
1001
FLOORFORGE
1000
floor:0
1000
preliminary
  0
LWPOLYLINE
  5
136
330
17
100
AcDbEntity
  8
A-DOOR
100
AcDbPolyline
 90
18
 70
0
 10
2017.0
 20
5800.0
 10
1933.958476483028
 20
5796.160758665531
 10
1851.6254339650868
 20
5784.675789715511
 10
1770.7033089351255
 20
5765.643078855537
 10
1691.8825004315624
 20
5739.22500646392
 10
1615.8354798011155
 20
5705.646962219556
 10
1543.21105341038
 20
5665.195422156653
 10
1474.6288272586694
 20
5618.215504552216
 10
1410.6739207180985
 20
5565.108025498594
 10
1351.8919745014068
 20
5506.326079281902
 10
1298.7844954477846
 20
5442.371172741331
 10
1251.8045778433473
 20
5373.7889465896205
 10
1211.3530377804439
 20
5301.164520198885
 10
1177.7749935360798
 20
5225.117499568438
 10
1151.3569211444628
 20
5146.296691064875
 10
1132.3242102844883
 20
5065.374566034913
 10
1120.839241334469
 20
4983.041523516972
 10
1117.0
 20
4900.0
1001
FLOORFORGE
1000
floor:0
1000
preliminary
  0
TEXT
  5
137
330
17
100
AcDbEntity
  8
A-TAGS
100
AcDbText
 10
2417.0
 20
5290.0
 30
0.0
 40
150.0
  1
D2
 72
1
 11
2417.0
 21
5290.0
 31
0.0
100
AcDbText
 73
1
1001
FLOORFORGE
1000
floor:0
1000
preliminary
  0
LINE
  5
138
330
17
100
AcDbEntity
  8
A-DOOR
100
AcDbLine
 10
2017.0
 20
7150.0
 30
0.0
 11
1267.0
 21
7150.0
 31
0.0
1001
FLOORFORGE
1000
floor:0
1000
preliminary
  0
LWPOLYLINE
  5
139
330
17
100
AcDbEntity
  8
A-DOOR
100
AcDbPolyline
 90
18
 70
0
 10
2017.0
 20
7900.0
 10
1947.7987304025235
 20
7896.800632221276
 10
1879.1878616375723
 20
7887.229824762926
 10
1811.752757445938
 20
7871.369232379614
 10
1746.0687503596353
 20
7849.354172053267
 10
1682.6962331675963
 20
7821.372468516297
 10
1622.1758778419833
 20
7787.66285179721
 10
1565.0240227155577
 20
7748.51292046018
 10
1511.7282672650822
 20
7704.256687915495
 10
1462.7433120845058
 20
7655.271732734918
 10
1418.4870795398203
 20
7601.975977284443
 10
1379.3371482027894
 20
7544.8241221580165
 10
1345.6275314837033
 20
7484.303766832404
 10
1317.645827946733
 20
7420.9312496403645
 10
1295.6307676203858
 20
7355.247242554062
 10
1279.7701752370735
 20
7287.8121383624275
 10
1270.199367778724
 20
7219.201269597476
 10
1267.0
 20
7150.0
1001
FLOORFORGE
1000
floor:0
1000
preliminary
  0
TEXT
  5
13A
330
17
100
AcDbEntity
  8
A-TAGS
100
AcDbText
 10
2417.0
 20
7465.0
 30
0.0
 40
150.0
  1
D1
 72
1
 11
2417.0
 21
7465.0
 31
0.0
100
AcDbText
 73
1
1001
FLOORFORGE
1000
floor:0
1000
preliminary
  0
LINE
  5
13B
330
17
100
AcDbEntity
  8
A-DOOR
100
AcDbLine
 10
3267.0
 20
10450.0
 30
0.0
 11
2367.0
 21
10450.0
 31
0.0
1001
FLOORFORGE
1000
floor:0
1000
preliminary
  0
LWPOLYLINE
  5
13C
330
17
100
AcDbEntity
  8
A-DOOR
100
AcDbPolyline
 90
18
 70
0
 10
3267.0
 20
11350.0
 10
3183.9584764830283
 20
11346.160758665532
 10
3101.625433965087
 20
11334.675789715511
 10
3020.7033089351253
 20
11315.643078855537
 10
2941.882500431562
 20
11289.22500646392
 10
2865.8354798011155
 20
11255.646962219556
 10
2793.21105341038
 20
11215.195422156652
 10
2724.6288272586694
 20
11168.215504552216
 10
2660.6739207180985
 20
11115.108025498594
 10
2601.891974501407
 20
11056.326079281902
 10
2548.7844954477846
 20
10992.37117274133
 10
2501.804577843347
 20
10923.78894658962
 10
2461.3530377804436
 20
10851.164520198885
 10
2427.77499353608
 20
10775.117499568438
 10
2401.356921144463
 20
10696.296691064874
 10
2382.3242102844883
 20
10615.374566034914
 10
2370.839241334469
 20
10533.041523516971
 10
2367.0
 20
10450.0
1001
FLOORFORGE
1000
floor:0
1000
preliminary
  0
TEXT
  5
13D
330
17
100
AcDbEntity
  8
A-TAGS
100
AcDbText
 10
3667.0
 20
10840.0
 30
0.0
 40
150.0
  1
D2
 72
1
 11
3667.0
 21
10840.0
 31
0.0
100
AcDbText
 73
1
1001
FLOORFORGE
1000
floor:0
1000
preliminary
  0
LINE
  5
13E
330
17
100
AcDbEntity
  8
A-DOOR
100
AcDbLine
 10
6142.0
 20
7375.0
 30
0.0
 11
6142.0
 21
8125.0
 31
0.0
1001
FLOORFORGE
1000
floor:0
1000
preliminary
  0
LWPOLYLINE
  5
13F
330
17
100
AcDbEntity
  8
A-DOOR
100
AcDbPolyline
 90
18
 70
0
 10
6892.0
 20
7375.0
 10
6888.800632221276
 20
7444.201269597476
 10
6879.229824762926
 20
7512.8121383624275
 10
6863.369232379614
 20
7580.247242554062
 10
6841.354172053267
 20
7645.9312496403645
 10
6813.372468516297
 20
7709.303766832404
 10
6779.66285179721
 20
7769.8241221580165
 10
6740.51292046018
 20
7826.975977284443
 10
6696.256687915495
 20
7880.271732734918
 10
6647.271732734918
 20
7929.256687915495
 10
6593.975977284443
 20
7973.51292046018
 10
6536.8241221580165
 20
8012.66285179721
 10
6476.303766832404
 20
8046.372468516297
 10
6412.9312496403645
 20
8074.354172053267
 10
6347.247242554062
 20
8096.369232379614
 10
6279.8121383624275
 20
8112.229824762926
 10
6211.201269597476
 20
8121.800632221276
 10
6142.0
 20
8125.0
1001
FLOORFORGE
1000
floor:0
1000
preliminary
  0
TEXT
  5
140
330
17
100
AcDbEntity
  8
A-TAGS
100
AcDbText
 10
6517.0
 20
6915.0
 30
0.0
 40
150.0
  1
D1
 72
1
 11
6517.0
 21
6915.0
 31
0.0
100
AcDbText
 73
1
1001
FLOORFORGE
1000
floor:0
1000
preliminary
  0
LINE
  5
141
330
17
100
AcDbEntity
  8
A-WIND
100
AcDbLine
 10
0.0
 20
425.0
 30
0.0
 11
0.0
 21
4025.0
 31
0.0
1001
FLOORFORGE
1000
floor:0
1000
preliminary
  0
LINE
  5
142
330
17
100
AcDbEntity
  8
A-WIND
100
AcDbLine
 10
230.0
 20
425.0
 30
0.0
 11
230.0
 21
4025.0
 31
0.0
1001
FLOORFORGE
1000
floor:0
1000
preliminary
  0
LINE
  5
143
330
17
100
AcDbEntity
  8
A-WIND
100
AcDbLine
 10
97.0
 20
425.0
 30
0.0
 11
97.0
 21
4025.0
 31
0.0
1001
FLOORFORGE
1000
floor:0
1000
preliminary
  0
LINE
  5
144
330
17
100
AcDbEntity
  8
A-WIND
100
AcDbLine
 10
133.0
 20
425.0
 30
0.0
 11
133.0
 21
4025.0
 31
0.0
1001
FLOORFORGE
1000
floor:0
1000
preliminary
  0
LINE
  5
145
330
17
100
AcDbEntity
  8
A-WIND
100
AcDbLine
 10
0.0
 20
425.0
 30
0.0
 11
230.0
 21
425.0
 31
0.0
1001
FLOORFORGE
1000
floor:0
1000
preliminary
  0
LINE
  5
146
330
17
100
AcDbEntity
  8
A-WIND
100
AcDbLine
 10
0.0
 20
4025.0
 30
0.0
 11
230.0
 21
4025.0
 31
0.0
1001
FLOORFORGE
1000
floor:0
1000
preliminary
  0
TEXT
  5
147
330
17
100
AcDbEntity
  8
A-TAGS
100
AcDbText
 10
-380.0
 20
2165.0
 30
0.0
 40
150.0
  1
W1
 72
1
 11
-380.0
 21
2165.0
 31
0.0
100
AcDbText
 73
1
1001
FLOORFORGE
1000
floor:0
1000
preliminary
  0
LINE
  5
148
330
17
100
AcDbEntity
  8
A-DOOR
100
AcDbLine
 10
6992.0
 20
230.0
 30
0.0
 11
6992.0
 21
1430.0
 31
0.0
1001
FLOORFORGE
1000
floor:0
1000
preliminary
  0
LWPOLYLINE
  5
149
330
17
100
AcDbEntity
  8
A-DOOR
100
AcDbPolyline
 90
18
 70
0
 10
5792.0
 20
230.0
 10
5797.118988445958
 20
340.7220313559624
 10
5812.432280379318
 20
450.49942137988444
 10
5837.809228192617
 20
558.3955880864994
 10
5873.033324714773
 20
663.4899994245835
 10
5917.804050373925
 20
764.8860269318459
 10
5971.739437124463
 20
861.7185954528269
 10
6034.379327263712
 20
953.1615636551077
 10
6105.189299335209
 20
1038.4347723758688
 10
6183.565227624132
 20
1116.810700664791
 10
6268.838436344892
 20
1187.6206727362874
 10
6360.281404547173
 20
1250.2605628755368
 10
6457.113973068154
 20
1304.1959496260747
 10
6558.510000575417
 20
1348.966675285227
 10
6663.6044119135
 20
1384.1907718073828
 10
6771.500578620115
 20
1409.567719620682
 10
6881.277968644037
 20
1424.8810115540414
 10
6992.0
 20
1430.0
1001
FLOORFORGE
1000
floor:0
1000
preliminary
  0
TEXT
  5
14A
330
17
100
AcDbEntity
  8
A-TAGS
100
AcDbText
 10
6392.0
 20
-310.0
 30
0.0
 40
150.0
  1
D3
 72
1
 11
6392.0
 21
-310.0
 31
0.0
100
AcDbText
 73
1
1001
FLOORFORGE
1000
floor:0
1000
preliminary
  0
LINE
  5
14B
330
17
100
AcDbEntity
  8
A-WIND
100
AcDbLine
 10
346.0
 20
0.0
 30
0.0
 11
5446.0
 21
0.0
 31
0.0
1001
FLOORFORGE
1000
floor:0
1000
preliminary
  0
LINE
  5
14C
330
17
100
AcDbEntity
  8
A-WIND
100
AcDbLine
 10
346.0
 20
230.0
 30
0.0
 11
5446.0
 21
230.0
 31
0.0
1001
FLOORFORGE
1000
floor:0
1000
preliminary
  0
LINE
  5
14D
330
17
100
AcDbEntity
  8
A-WIND
100
AcDbLine
 10
346.0
 20
97.0
 30
0.0
 11
5446.0
 21
97.0
 31
0.0
1001
FLOORFORGE
1000
floor:0
1000
preliminary
  0
LINE
  5
14E
330
17
100
AcDbEntity
  8
A-WIND
100
AcDbLine
 10
346.0
 20
133.0
 30
0.0
 11
5446.0
 21
133.0
 31
0.0
1001
FLOORFORGE
1000
floor:0
1000
preliminary
  0
LINE
  5
14F
330
17
100
AcDbEntity
  8
A-WIND
100
AcDbLine
 10
346.0
 20
0.0
 30
0.0
 11
346.0
 21
230.0
 31
0.0
1001
FLOORFORGE
1000
floor:0
1000
preliminary
  0
LINE
  5
150
330
17
100
AcDbEntity
  8
A-WIND
100
AcDbLine
 10
5446.0
 20
0.0
 30
0.0
 11
5446.0
 21
230.0
 31
0.0
1001
FLOORFORGE
1000
floor:0
1000
preliminary
  0
TEXT
  5
151
330
17
100
AcDbEntity
  8
A-TAGS
100
AcDbText
 10
2896.0
 20
-440.0
 30
0.0
 40
150.0
  1
W2
 72
1
 11
2896.0
 21
-440.0
 31
0.0
100
AcDbText
 73
1
1001
FLOORFORGE
1000
floor:0
1000
preliminary
  0
LINE
  5
152
330
17
100
AcDbEntity
  8
A-WIND
100
AcDbLine
 10
0.0
 20
7225.0
 30
0.0
 11
0.0
 21
7825.0
 31
0.0
1001
FLOORFORGE
1000
floor:0
1000
preliminary
  0
LINE
  5
153
330
17
100
AcDbEntity
  8
A-WIND
100
AcDbLine
 10
230.0
 20
7225.0
 30
0.0
 11
230.0
 21
7825.0
 31
0.0
1001
FLOORFORGE
1000
floor:0
1000
preliminary
  0
LINE
  5
154
330
17
100
AcDbEntity
  8
A-WIND
100
AcDbLine
 10
97.0
 20
7225.0
 30
0.0
 11
97.0
 21
7825.0
 31
0.0
1001
FLOORFORGE
1000
floor:0
1000
preliminary
  0
LINE
  5
155
330
17
100
AcDbEntity
  8
A-WIND
100
AcDbLine
 10
133.0
 20
7225.0
 30
0.0
 11
133.0
 21
7825.0
 31
0.0
1001
FLOORFORGE
1000
floor:0
1000
preliminary
  0
LINE
  5
156
330
17
100
AcDbEntity
  8
A-WIND
100
AcDbLine
 10
0.0
 20
7225.0
 30
0.0
 11
230.0
 21
7225.0
 31
0.0
1001
FLOORFORGE
1000
floor:0
1000
preliminary
  0
LINE
  5
157
330
17
100
AcDbEntity
  8
A-WIND
100
AcDbLine
 10
0.0
 20
7825.0
 30
0.0
 11
230.0
 21
7825.0
 31
0.0
1001
FLOORFORGE
1000
floor:0
1000
preliminary
  0
TEXT
  5
158
330
17
100
AcDbEntity
  8
A-TAGS
100
AcDbText
 10
-380.0
 20
7465.0
 30
0.0
 40
150.0
  1
V1
 72
1
 11
-380.0
 21
7465.0
 31
0.0
100
AcDbText
 73
1
1001
FLOORFORGE
1000
floor:0
1000
preliminary
  0
LINE
  5
159
330
17
100
AcDbEntity
  8
A-WIND
100
AcDbLine
 10
0.0
 20
9175.0
 30
0.0
 11
0.0
 21
9925.0
 31
0.0
1001
FLOORFORGE
1000
floor:0
1000
preliminary
  0
LINE
  5
15A
330
17
100
AcDbEntity
  8
A-WIND
100
AcDbLine
 10
230.0
 20
9175.0
 30
0.0
 11
230.0
 21
9925.0
 31
0.0
1001
FLOORFORGE
1000
floor:0
1000
preliminary
  0
LINE
  5
15B
330
17
100
AcDbEntity
  8
A-WIND
100
AcDbLine
 10
97.0
 20
9175.0
 30
0.0
 11
97.0
 21
9925.0
 31
0.0
1001
FLOORFORGE
1000
floor:0
1000
preliminary
  0
LINE
  5
15C
330
17
100
AcDbEntity
  8
A-WIND
100
AcDbLine
 10
133.0
 20
9175.0
 30
0.0
 11
133.0
 21
9925.0
 31
0.0
1001
FLOORFORGE
1000
floor:0
1000
preliminary
  0
LINE
  5
15D
330
17
100
AcDbEntity
  8
A-WIND
100
AcDbLine
 10
0.0
 20
9175.0
 30
0.0
 11
230.0
 21
9175.0
 31
0.0
1001
FLOORFORGE
1000
floor:0
1000
preliminary
  0
LINE
  5
15E
330
17
100
AcDbEntity
  8
A-WIND
100
AcDbLine
 10
0.0
 20
9925.0
 30
0.0
 11
230.0
 21
9925.0
 31
0.0
1001
FLOORFORGE
1000
floor:0
1000
preliminary
  0
TEXT
  5
15F
330
17
100
AcDbEntity
  8
A-TAGS
100
AcDbText
 10
-380.0
 20
9490.0
 30
0.0
 40
150.0
  1
V2
 72
1
 11
-380.0
 21
9490.0
 31
0.0
100
AcDbText
 73
1
1001
FLOORFORGE
1000
floor:0
1000
preliminary
  0
LINE
  5
160
330
17
100
AcDbEntity
  8
A-WIND
100
AcDbLine
 10
0.0
 20
11294.0
 30
0.0
 11
0.0
 21
13094.0
 31
0.0
1001
FLOORFORGE
1000
floor:0
1000
preliminary
  0
LINE
  5
161
330
17
100
AcDbEntity
  8
A-WIND
100
AcDbLine
 10
230.0
 20
11294.0
 30
0.0
 11
230.0
 21
13094.0
 31
0.0
1001
FLOORFORGE
1000
floor:0
1000
preliminary
  0
LINE
  5
162
330
17
100
AcDbEntity
  8
A-WIND
100
AcDbLine
 10
97.0
 20
11294.0
 30
0.0
 11
97.0
 21
13094.0
 31
0.0
1001
FLOORFORGE
1000
floor:0
1000
preliminary
  0
LINE
  5
163
330
17
100
AcDbEntity
  8
A-WIND
100
AcDbLine
 10
133.0
 20
11294.0
 30
0.0
 11
133.0
 21
13094.0
 31
0.0
1001
FLOORFORGE
1000
floor:0
1000
preliminary
  0
LINE
  5
164
330
17
100
AcDbEntity
  8
A-WIND
100
AcDbLine
 10
0.0
 20
11294.0
 30
0.0
 11
230.0
 21
11294.0
 31
0.0
1001
FLOORFORGE
1000
floor:0
1000
preliminary
  0
LINE
  5
165
330
17
100
AcDbEntity
  8
A-WIND
100
AcDbLine
 10
0.0
 20
13094.0
 30
0.0
 11
230.0
 21
13094.0
 31
0.0
1001
FLOORFORGE
1000
floor:0
1000
preliminary
  0
TEXT
  5
166
330
17
100
AcDbEntity
  8
A-TAGS
100
AcDbText
 10
-380.0
 20
12134.0
 30
0.0
 40
150.0
  1
W3
 72
1
 11
-380.0
 21
12134.0
 31
0.0
100
AcDbText
 73
1
1001
FLOORFORGE
1000
floor:0
1000
preliminary
  0
LINE
  5
167
330
17
100
AcDbEntity
  8
A-WIND
100
AcDbLine
 10
771.0
 20
14088.0
 30
0.0
 11
2571.0
 21
14088.0
 31
0.0
1001
FLOORFORGE
1000
floor:0
1000
preliminary
  0
LINE
  5
168
330
17
100
AcDbEntity
  8
A-WIND
100
AcDbLine
 10
771.0
 20
13858.0
 30
0.0
 11
2571.0
 21
13858.0
 31
0.0
1001
FLOORFORGE
1000
floor:0
1000
preliminary
  0
LINE
  5
169
330
17
100
AcDbEntity
  8
A-WIND
100
AcDbLine
 10
771.0
 20
13991.0
 30
0.0
 11
2571.0
 21
13991.0
 31
0.0
1001
FLOORFORGE
1000
floor:0
1000
preliminary
  0
LINE
  5
16A
330
17
100
AcDbEntity
  8
A-WIND
100
AcDbLine
 10
771.0
 20
13955.0
 30
0.0
 11
2571.0
 21
13955.0
 31
0.0
1001
FLOORFORGE
1000
floor:0
1000
preliminary
  0
LINE
  5
16B
330
17
100
AcDbEntity
  8
A-WIND
100
AcDbLine
 10
771.0
 20
14088.0
 30
0.0
 11
771.0
 21
13858.0
 31
0.0
1001
FLOORFORGE
1000
floor:0
1000
preliminary
  0
LINE
  5
16C
330
17
100
AcDbEntity
  8
A-WIND
100
AcDbLine
 10
2571.0
 20
14088.0
 30
0.0
 11
2571.0
 21
13858.0
 31
0.0
1001
FLOORFORGE
1000
floor:0
1000
preliminary
  0
TEXT
  5
16D
330
17
100
AcDbEntity
  8
A-TAGS
100
AcDbText
 10
1671.0
 20
14408.0
 30
0.0
 40
150.0
  1
W3
 72
1
 11
1671.0
 21
14408.0
 31
0.0
100
AcDbText
 73
1
1001
FLOORFORGE
1000
floor:0
1000
preliminary
  0
LINE
  5
16E
330
17
100
AcDbEntity
  8
A-WIND
100
AcDbLine
 10
3717.0
 20
14088.0
 30
0.0
 11
4317.0
 21
14088.0
 31
0.0
1001
FLOORFORGE
1000
floor:0
1000
preliminary
  0
LINE
  5
16F
330
17
100
AcDbEntity
  8
A-WIND
100
AcDbLine
 10
3717.0
 20
13858.0
 30
0.0
 11
4317.0
 21
13858.0
 31
0.0
1001
FLOORFORGE
1000
floor:0
1000
preliminary
  0
LINE
  5
170
330
17
100
AcDbEntity
  8
A-WIND
100
AcDbLine
 10
3717.0
 20
13991.0
 30
0.0
 11
4317.0
 21
13991.0
 31
0.0
1001
FLOORFORGE
1000
floor:0
1000
preliminary
  0
LINE
  5
171
330
17
100
AcDbEntity
  8
A-WIND
100
AcDbLine
 10
3717.0
 20
13955.0
 30
0.0
 11
4317.0
 21
13955.0
 31
0.0
1001
FLOORFORGE
1000
floor:0
1000
preliminary
  0
LINE
  5
172
330
17
100
AcDbEntity
  8
A-WIND
100
AcDbLine
 10
3717.0
 20
14088.0
 30
0.0
 11
3717.0
 21
13858.0
 31
0.0
1001
FLOORFORGE
1000
floor:0
1000
preliminary
  0
LINE
  5
173
330
17
100
AcDbEntity
  8
A-WIND
100
AcDbLine
 10
4317.0
 20
14088.0
 30
0.0
 11
4317.0
 21
13858.0
 31
0.0
1001
FLOORFORGE
1000
floor:0
1000
preliminary
  0
TEXT
  5
174
330
17
100
AcDbEntity
  8
A-TAGS
100
AcDbText
 10
4017.0
 20
14408.0
 30
0.0
 40
150.0
  1
V1
 72
1
 11
4017.0
 21
14408.0
 31
0.0
100
AcDbText
 73
1
1001
FLOORFORGE
1000
floor:0
1000
preliminary
  0
LINE
  5
175
330
17
100
AcDbEntity
  8
A-WIND
100
AcDbLine
 10
5342.0
 20
14088.0
 30
0.0
 11
7442.0
 21
14088.0
 31
0.0
1001
FLOORFORGE
1000
floor:0
1000
preliminary
  0
LINE
  5
176
330
17
100
AcDbEntity
  8
A-WIND
100
AcDbLine
 10
5342.0
 20
13858.0
 30
0.0
 11
7442.0
 21
13858.0
 31
0.0
1001
FLOORFORGE
1000
floor:0
1000
preliminary
  0
LINE
  5
177
330
17
100
AcDbEntity
  8
A-WIND
100
AcDbLine
 10
5342.0
 20
13991.0
 30
0.0
 11
7442.0
 21
13991.0
 31
0.0
1001
FLOORFORGE
1000
floor:0
1000
preliminary
  0
LINE
  5
178
330
17
100
AcDbEntity
  8
A-WIND
100
AcDbLine
 10
5342.0
 20
13955.0
 30
0.0
 11
7442.0
 21
13955.0
 31
0.0
1001
FLOORFORGE
1000
floor:0
1000
preliminary
  0
LINE
  5
179
330
17
100
AcDbEntity
  8
A-WIND
100
AcDbLine
 10
5342.0
 20
14088.0
 30
0.0
 11
5342.0
 21
13858.0
 31
0.0
1001
FLOORFORGE
1000
floor:0
1000
preliminary
  0
LINE
  5
17A
330
17
100
AcDbEntity
  8
A-WIND
100
AcDbLine
 10
7442.0
 20
14088.0
 30
0.0
 11
7442.0
 21
13858.0
 31
0.0
1001
FLOORFORGE
1000
floor:0
1000
preliminary
  0
TEXT
  5
17B
330
17
100
AcDbEntity
  8
A-TAGS
100
AcDbText
 10
6392.0
 20
14408.0
 30
0.0
 40
150.0
  1
W4
 72
1
 11
6392.0
 21
14408.0
 31
0.0
100
AcDbText
 73
1
1001
FLOORFORGE
1000
floor:0
1000
preliminary
  0
LINE
  5
17C
330
17
100
AcDbEntity
  8
A-WIND
100
AcDbLine
 10
8692.0
 20
14088.0
 30
0.0
 11
9592.0
 21
14088.0
 31
0.0
1001
FLOORFORGE
1000
floor:0
1000
preliminary
  0
LINE
  5
17D
330
17
100
AcDbEntity
  8
A-WIND
100
AcDbLine
 10
8692.0
 20
13858.0
 30
0.0
 11
9592.0
 21
13858.0
 31
0.0
1001
FLOORFORGE
1000
floor:0
1000
preliminary
  0
LINE
  5
17E
330
17
100
AcDbEntity
  8
A-WIND
100
AcDbLine
 10
8692.0
 20
13991.0
 30
0.0
 11
9592.0
 21
13991.0
 31
0.0
1001
FLOORFORGE
1000
floor:0
1000
preliminary
  0
LINE
  5
17F
330
17
100
AcDbEntity
  8
A-WIND
100
AcDbLine
 10
8692.0
 20
13955.0
 30
0.0
 11
9592.0
 21
13955.0
 31
0.0
1001
FLOORFORGE
1000
floor:0
1000
preliminary
  0
LINE
  5
180
330
17
100
AcDbEntity
  8
A-WIND
100
AcDbLine
 10
8692.0
 20
14088.0
 30
0.0
 11
8692.0
 21
13858.0
 31
0.0
1001
FLOORFORGE
1000
floor:0
1000
preliminary
  0
LINE
  5
181
330
17
100
AcDbEntity
  8
A-WIND
100
AcDbLine
 10
9592.0
 20
14088.0
 30
0.0
 11
9592.0
 21
13858.0
 31
0.0
1001
FLOORFORGE
1000
floor:0
1000
preliminary
  0
TEXT
  5
182
330
17
100
AcDbEntity
  8
A-TAGS
100
AcDbText
 10
9142.0
 20
14408.0
 30
0.0
 40
150.0
  1
W5
 72
1
 11
9142.0
 21
14408.0
 31
0.0
100
AcDbText
 73
1
1001
FLOORFORGE
1000
floor:0
1000
preliminary
  0
LINE
  5
183
330
17
100
AcDbEntity
  8
A-WIND
100
AcDbLine
 10
10192.0
 20
5125.0
 30
0.0
 11
10192.0
 21
6625.0
 31
0.0
1001
FLOORFORGE
1000
floor:0
1000
preliminary
  0
LINE
  5
184
330
17
100
AcDbEntity
  8
A-WIND
100
AcDbLine
 10
9962.0
 20
5125.0
 30
0.0
 11
9962.0
 21
6625.0
 31
0.0
1001
FLOORFORGE
1000
floor:0
1000
preliminary
  0
LINE
  5
185
330
17
100
AcDbEntity
  8
A-WIND
100
AcDbLine
 10
10095.0
 20
5125.0
 30
0.0
 11
10095.0
 21
6625.0
 31
0.0
1001
FLOORFORGE
1000
floor:0
1000
preliminary
  0
LINE
  5
186
330
17
100
AcDbEntity
  8
A-WIND
100
AcDbLine
 10
10059.0
 20
5125.0
 30
0.0
 11
10059.0
 21
6625.0
 31
0.0
1001
FLOORFORGE
1000
floor:0
1000
preliminary
  0
LINE
  5
187
330
17
100
AcDbEntity
  8
A-WIND
100
AcDbLine
 10
10192.0
 20
5125.0
 30
0.0
 11
9962.0
 21
5125.0
 31
0.0
1001
FLOORFORGE
1000
floor:0
1000
preliminary
  0
LINE
  5
188
330
17
100
AcDbEntity
  8
A-WIND
100
AcDbLine
 10
10192.0
 20
6625.0
 30
0.0
 11
9962.0
 21
6625.0
 31
0.0
1001
FLOORFORGE
1000
floor:0
1000
preliminary
  0
TEXT
  5
189
330
17
100
AcDbEntity
  8
A-TAGS
100
AcDbText
 10
10572.0
 20
5815.0
 30
0.0
 40
150.0
  1
W6
 72
1
 11
10572.0
 21
5815.0
 31
0.0
100
AcDbText
 73
1
1001
FLOORFORGE
1000
floor:0
1000
preliminary
  0
LINE
  5
18A
330
17
100
AcDbEntity
  8
A-WIND
100
AcDbLine
 10
10192.0
 20
7600.0
 30
0.0
 11
10192.0
 21
8500.0
 31
0.0
1001
FLOORFORGE
1000
floor:0
1000
preliminary
  0
LINE
  5
18B
330
17
100
AcDbEntity
  8
A-WIND
100
AcDbLine
 10
9962.0
 20
7600.0
 30
0.0
 11
9962.0
 21
8500.0
 31
0.0
1001
FLOORFORGE
1000
floor:0
1000
preliminary
  0
LINE
  5
18C
330
17
100
AcDbEntity
  8
A-WIND
100
AcDbLine
 10
10095.0
 20
7600.0
 30
0.0
 11
10095.0
 21
8500.0
 31
0.0
1001
FLOORFORGE
1000
floor:0
1000
preliminary
  0
LINE
  5
18D
330
17
100
AcDbEntity
  8
A-WIND
100
AcDbLine
 10
10059.0
 20
7600.0
 30
0.0
 11
10059.0
 21
8500.0
 31
0.0
1001
FLOORFORGE
1000
floor:0
1000
preliminary
  0
LINE
  5
18E
330
17
100
AcDbEntity
  8
A-WIND
100
AcDbLine
 10
10192.0
 20
7600.0
 30
0.0
 11
9962.0
 21
7600.0
 31
0.0
1001
FLOORFORGE
1000
floor:0
1000
preliminary
  0
LINE
  5
18F
330
17
100
AcDbEntity
  8
A-WIND
100
AcDbLine
 10
10192.0
 20
8500.0
 30
0.0
 11
9962.0
 21
8500.0
 31
0.0
1001
FLOORFORGE
1000
floor:0
1000
preliminary
  0
TEXT
  5
190
330
17
100
AcDbEntity
  8
A-TAGS
100
AcDbText
 10
10572.0
 20
7990.0
 30
0.0
 40
150.0
  1
W7
 72
1
 11
10572.0
 21
7990.0
 31
0.0
100
AcDbText
 73
1
1001
FLOORFORGE
1000
floor:0
1000
preliminary
  0
LINE
  5
191
330
17
100
AcDbEntity
  8
A-WIND
100
AcDbLine
 10
10192.0
 20
9400.0
 30
0.0
 11
10192.0
 21
10600.0
 31
0.0
1001
FLOORFORGE
1000
floor:0
1000
preliminary
  0
LINE
  5
192
330
17
100
AcDbEntity
  8
A-WIND
100
AcDbLine
 10
9962.0
 20
9400.0
 30
0.0
 11
9962.0
 21
10600.0
 31
0.0
1001
FLOORFORGE
1000
floor:0
1000
preliminary
  0
LINE
  5
193
330
17
100
AcDbEntity
  8
A-WIND
100
AcDbLine
 10
10095.0
 20
9400.0
 30
0.0
 11
10095.0
 21
10600.0
 31
0.0
1001
FLOORFORGE
1000
floor:0
1000
preliminary
  0
LINE
  5
194
330
17
100
AcDbEntity
  8
A-WIND
100
AcDbLine
 10
10059.0
 20
9400.0
 30
0.0
 11
10059.0
 21
10600.0
 31
0.0
1001
FLOORFORGE
1000
floor:0
1000
preliminary
  0
LINE
  5
195
330
17
100
AcDbEntity
  8
A-WIND
100
AcDbLine
 10
10192.0
 20
9400.0
 30
0.0
 11
9962.0
 21
9400.0
 31
0.0
1001
FLOORFORGE
1000
floor:0
1000
preliminary
  0
LINE
  5
196
330
17
100
AcDbEntity
  8
A-WIND
100
AcDbLine
 10
10192.0
 20
10600.0
 30
0.0
 11
9962.0
 21
10600.0
 31
0.0
1001
FLOORFORGE
1000
floor:0
1000
preliminary
  0
TEXT
  5
197
330
17
100
AcDbEntity
  8
A-TAGS
100
AcDbText
 10
10572.0
 20
9940.0
 30
0.0
 40
150.0
  1
V3
 72
1
 11
10572.0
 21
9940.0
 31
0.0
100
AcDbText
 73
1
1001
FLOORFORGE
1000
floor:0
1000
preliminary
  0
LINE
  5
198
330
17
100
AcDbEntity
  8
A-WIND
100
AcDbLine
 10
10192.0
 20
12194.0
 30
0.0
 11
10192.0
 21
13094.0
 31
0.0
1001
FLOORFORGE
1000
floor:0
1000
preliminary
  0
LINE
  5
199
330
17
100
AcDbEntity
  8
A-WIND
100
AcDbLine
 10
9962.0
 20
12194.0
 30
0.0
 11
9962.0
 21
13094.0
 31
0.0
1001
FLOORFORGE
1000
floor:0
1000
preliminary
  0
LINE
  5
19A
330
17
100
AcDbEntity
  8
A-WIND
100
AcDbLine
 10
10095.0
 20
12194.0
 30
0.0
 11
10095.0
 21
13094.0
 31
0.0
1001
FLOORFORGE
1000
floor:0
1000
preliminary
  0
LINE
  5
19B
330
17
100
AcDbEntity
  8
A-WIND
100
AcDbLine
 10
10059.0
 20
12194.0
 30
0.0
 11
10059.0
 21
13094.0
 31
0.0
1001
FLOORFORGE
1000
floor:0
1000
preliminary
  0
LINE
  5
19C
330
17
100
AcDbEntity
  8
A-WIND
100
AcDbLine
 10
10192.0
 20
12194.0
 30
0.0
 11
9962.0
 21
12194.0
 31
0.0
1001
FLOORFORGE
1000
floor:0
1000
preliminary
  0
LINE
  5
19D
330
17
100
AcDbEntity
  8
A-WIND
100
AcDbLine
 10
10192.0
 20
13094.0
 30
0.0
 11
9962.0
 21
13094.0
 31
0.0
1001
FLOORFORGE
1000
floor:0
1000
preliminary
  0
TEXT
  5
19E
330
17
100
AcDbEntity
  8
A-TAGS
100
AcDbText
 10
10572.0
 20
12584.0
 30
0.0
 40
150.0
  1
W5
 72
1
 11
10572.0
 21
12584.0
 31
0.0
100
AcDbText
 73
1
1001
FLOORFORGE
1000
floor:0
1000
preliminary
  0
LINE
  5
19F
330
17
100
AcDbEntity
  8
A-STAIR
100
AcDbLine
 10
7742.0
 20
1300.0
 30
0.0
 11
8742.0
 21
1300.0
 31
0.0
1001
FLOORFORGE
1000
floor:0
1000
preliminary
  0
LINE
  5
1A0
330
17
100
AcDbEntity
  8
A-STAIR
100
AcDbLine
 10
8942.0
 20
1300.0
 30
0.0
 11
9942.0
 21
1300.0
 31
0.0
1001
FLOORFORGE
1000
floor:0
1000
preliminary
  0
LINE
  5
1A1
330
17
100
AcDbEntity
  8
A-STAIR
100
AcDbLine
 10
7742.0
 20
1550.0
 30
0.0
 11
8742.0
 21
1550.0
 31
0.0
1001
FLOORFORGE
1000
floor:0
1000
preliminary
  0
LINE
  5
1A2
330
17
100
AcDbEntity
  8
A-STAIR
100
AcDbLine
 10
8942.0
 20
1550.0
 30
0.0
 11
9942.0
 21
1550.0
 31
0.0
1001
FLOORFORGE
1000
floor:0
1000
preliminary
  0
LINE
  5
1A3
330
17
100
AcDbEntity
  8
A-STAIR
100
AcDbLine
 10
7742.0
 20
1800.0
 30
0.0
 11
8742.0
 21
1800.0
 31
0.0
1001
FLOORFORGE
1000
floor:0
1000
preliminary
  0
LINE
  5
1A4
330
17
100
AcDbEntity
  8
A-STAIR
100
AcDbLine
 10
8942.0
 20
1800.0
 30
0.0
 11
9942.0
 21
1800.0
 31
0.0
1001
FLOORFORGE
1000
floor:0
1000
preliminary
  0
LINE
  5
1A5
330
17
100
AcDbEntity
  8
A-STAIR
100
AcDbLine
 10
7742.0
 20
2050.0
 30
0.0
 11
8742.0
 21
2050.0
 31
0.0
1001
FLOORFORGE
1000
floor:0
1000
preliminary
  0
LINE
  5
1A6
330
17
100
AcDbEntity
  8
A-STAIR
100
AcDbLine
 10
8942.0
 20
2050.0
 30
0.0
 11
9942.0
 21
2050.0
 31
0.0
1001
FLOORFORGE
1000
floor:0
1000
preliminary
  0
LINE
  5
1A7
330
17
100
AcDbEntity
  8
A-STAIR
100
AcDbLine
 10
7742.0
 20
2300.0
 30
0.0
 11
8742.0
 21
2300.0
 31
0.0
1001
FLOORFORGE
1000
floor:0
1000
preliminary
  0
LINE
  5
1A8
330
17
100
AcDbEntity
  8
A-STAIR
100
AcDbLine
 10
8942.0
 20
2300.0
 30
0.0
 11
9942.0
 21
2300.0
 31
0.0
1001
FLOORFORGE
1000
floor:0
1000
preliminary
  0
LINE
  5
1A9
330
17
100
AcDbEntity
  8
A-STAIR
100
AcDbLine
 10
7742.0
 20
2550.0
 30
0.0
 11
8742.0
 21
2550.0
 31
0.0
1001
FLOORFORGE
1000
floor:0
1000
preliminary
  0
LINE
  5
1AA
330
17
100
AcDbEntity
  8
A-STAIR
100
AcDbLine
 10
8942.0
 20
2550.0
 30
0.0
 11
9942.0
 21
2550.0
 31
0.0
1001
FLOORFORGE
1000
floor:0
1000
preliminary
  0
LINE
  5
1AB
330
17
100
AcDbEntity
  8
A-STAIR
100
AcDbLine
 10
7742.0
 20
2800.0
 30
0.0
 11
8742.0
 21
2800.0
 31
0.0
1001
FLOORFORGE
1000
floor:0
1000
preliminary
  0
LINE
  5
1AC
330
17
100
AcDbEntity
  8
A-STAIR
100
AcDbLine
 10
8942.0
 20
2800.0
 30
0.0
 11
9942.0
 21
2800.0
 31
0.0
1001
FLOORFORGE
1000
floor:0
1000
preliminary
  0
LINE
  5
1AD
330
17
100
AcDbEntity
  8
A-STAIR
100
AcDbLine
 10
7742.0
 20
3050.0
 30
0.0
 11
8742.0
 21
3050.0
 31
0.0
1001
FLOORFORGE
1000
floor:0
1000
preliminary
  0
LINE
  5
1AE
330
17
100
AcDbEntity
  8
A-STAIR
100
AcDbLine
 10
8942.0
 20
3050.0
 30
0.0
 11
9942.0
 21
3050.0
 31
0.0
1001
FLOORFORGE
1000
floor:0
1000
preliminary
  0
LINE
  5
1AF
330
17
100
AcDbEntity
  8
A-STAIR
100
AcDbLine
 10
7742.0
 20
3300.0
 30
0.0
 11
8742.0
 21
3300.0
 31
0.0
1001
FLOORFORGE
1000
floor:0
1000
preliminary
  0
LINE
  5
1B0
330
17
100
AcDbEntity
  8
A-STAIR
100
AcDbLine
 10
8942.0
 20
3300.0
 30
0.0
 11
9942.0
 21
3300.0
 31
0.0
1001
FLOORFORGE
1000
floor:0
1000
preliminary
  0
LWPOLYLINE
  5
1B1
330
17
100
AcDbEntity
  8
A-STAIR
100
AcDbPolyline
 90
4
 70
0
 10
8242.0
 20
1300.0
 10
8242.0
 20
3825.0
 10
9442.0
 20
3825.0
 10
9442.0
 20
1300.0
1001
FLOORFORGE
1000
floor:0
1000
preliminary
  0
LWPOLYLINE
  5
1B2
330
17
100
AcDbEntity
  8
A-STAIR
100
AcDbPolyline
 90
3
 70
1
 10
9372.0
 20
1440.0
 10
9512.0
 20
1440.0
 10
9442.0
 20
1300.0
1001
FLOORFORGE
1000
floor:0
1000
preliminary
  0
HATCH
  5
1B3
330
17
100
AcDbEntity
  8
A-STAIR
 62
7
100
AcDbHatch
 10
0.0
 20
0.0
 30
0.0
210
0.0
220
0.0
230
1.0
  2
SOLID
 70
1
 71
0
 91
1
 92
3
 72
0
 73
1
 93
3
 10
9372.0
 20
1440.0
 10
9512.0
 20
1440.0
 10
9442.0
 20
1300.0
 97
0
 75
0
 76
1
 98
0
  0
TEXT
  5
1B4
330
17
100
AcDbEntity
  8
A-STAIR
100
AcDbText
 10
8242.0
 20
1040.0
 30
0.0
 40
170.0
  1
UP
 72
1
 11
8242.0
 21
1040.0
 31
0.0
100
AcDbText
 73
1
1001
FLOORFORGE
1000
floor:0
1000
preliminary
  0
TEXT
  5
1B5
330
17
100
AcDbEntity
  8
A-STAIR
100
AcDbText
 10
8842.0
 20
550.0
 30
0.0
 40
140.0
  1
18R @ 175 / T 250
 72
1
 11
8842.0
 21
550.0
 31
0.0
100
AcDbText
 73
1
1001
FLOORFORGE
1000
floor:0
1000
preliminary
  0
LWPOLYLINE
  5
1B6
330
17
100
AcDbEntity
  8
A-FURN
100
AcDbPolyline
 90
4
 70
1
 10
5430.000000000002
 20
655.0000000000005
 10
5430.000000000002
 20
3005.000000000001
 10
4450.000000000002
 20
3005.000000000001
 10
4450.000000000002
 20
655.0000000000005
1001
FLOORFORGE
1000
floor:0
1000
preliminary
  0
LWPOLYLINE
  5
1B7
330
17
100
AcDbEntity
  8
A-FURN
100
AcDbPolyline
 90
4
 70
1
 10
4105.000000000002
 20
1280.0000000000005
 10
4105.000000000002
 20
2380.000000000001
 10
3355.000000000002
 20
2380.000000000001
 10
3355.000000000002
 20
1280.0000000000005
1001
FLOORFORGE
1000
floor:0
1000
preliminary
  0
LWPOLYLINE
  5
1B8
330
17
100
AcDbEntity
  8
A-FURN
100
AcDbPolyline
 90
4
 70
1
 10
5110.000000000001
 20
275.00000000000057
 10
5110.000000000001
 20
635.0000000000005
 10
4750.000000000002
 20
635.0000000000005
 10
4750.000000000002
 20
275.00000000000057
1001
FLOORFORGE
1000
floor:0
1000
preliminary
  0
LWPOLYLINE
  5
1B9
330
17
100
AcDbEntity
  8
A-FURN
100
AcDbPolyline
 90
4
 70
1
 10
9952.0
 20
4530.0
 10
9952.0
 20
5185.000000000001
 10
6092.000000000001
 20
5185.000000000001
 10
6092.000000000001
 20
4530.0
1001
FLOORFORGE
1000
floor:0
1000
preliminary
  0
LWPOLYLINE
  5
1BA
330
17
100
AcDbEntity
  8
A-FURN
100
AcDbPolyline
 90
4
 70
1
 10
8967.0
 20
8105.0
 10
8967.0
 20
8705.0
 10
7067.000000000001
 20
8705.0
 10
7067.000000000001
 20
8105.0
1001
FLOORFORGE
1000
floor:0
1000
preliminary
  0
LWPOLYLINE
  5
1BB
330
17
100
AcDbEntity
  8
A-FURN
100
AcDbPolyline
 90
4
 70
1
 10
5017.0
 20
5679.999999999997
 10
5017.0
 20
7519.999999999997
 10
3017.0000000000005
 20
7519.999999999997
 10
3017.0000000000005
 20
5679.999999999997
1001
FLOORFORGE
1000
floor:0
1000
preliminary
  0
LWPOLYLINE
  5
1BC
330
17
100
AcDbEntity
  8
A-FURN
100
AcDbPolyline
 90
4
 70
1
 10
700.0
 20
4725.000000000001
 10
700.0
 20
5925.0
 10
250.0
 20
5925.0
 10
250.0
 20
4725.000000000001
1001
FLOORFORGE
1000
floor:0
1000
preliminary
  0
LWPOLYLINE
  5
1BD
330
17
100
AcDbEntity
  8
A-FURN
100
AcDbPolyline
 90
4
 70
1
 10
2017.0
 20
6325.0
 10
2017.0
 20
6775.0
 10
816.9999999999999
 20
6775.0
 10
816.9999999999999
 20
6325.0
1001
FLOORFORGE
1000
floor:0
1000
preliminary
  0
LWPOLYLINE
  5
1BE
330
17
100
AcDbEntity
  8
A-FURN
100
AcDbPolyline
 90
4
 70
1
 10
1430.0
 20
8275.0
 10
1430.0
 20
8725.0
 10
229.99999999999997
 20
8725.0
 10
229.99999999999997
 20
8275.0
1001
FLOORFORGE
1000
floor:0
1000
preliminary
  0
LWPOLYLINE
  5
1BF
330
17
100
AcDbEntity
  8
A-FURN
100
AcDbPolyline
 90
4
 70
1
 10
4617.0
 20
12458.000000000002
 10
4617.0
 20
13358.0
 10
4167.0
 20
13358.0
 10
4167.0
 20
12458.000000000002
1001
FLOORFORGE
1000
floor:0
1000
preliminary
  0
LWPOLYLINE
  5
1C0
330
17
100
AcDbEntity
  8
A-FURN
100
AcDbPolyline
 90
4
 70
1
 10
6957.000000000001
 20
10995.000000000004
 10
6957.000000000001
 20
12695.000000000002
 10
4787.0
 20
12695.000000000002
 10
4787.0
 20
10995.000000000004
1001
FLOORFORGE
1000
floor:0
1000
preliminary
  0
LWPOLYLINE
  5
1C1
330
17
100
AcDbEntity
  8
A-FURN
100
AcDbPolyline
 90
4
 70
1
 10
8016.999999999999
 20
8875.0
 10
8016.999999999999
 20
9475.0
 10
5917.0
 20
9475.0
 10
5917.0
 20
8875.0
1001
FLOORFORGE
1000
floor:0
1000
preliminary
  0
LWPOLYLINE
  5
1C2
330
17
100
AcDbEntity
  8
A-FURN
100
AcDbPolyline
 90
4
 70
1
 10
9962.0
 20
11275.0
 10
9962.0
 20
11875.0
 10
8462.0
 20
11875.0
 10
8462.0
 20
11275.0
1001
FLOORFORGE
1000
floor:0
1000
preliminary
  0
LWPOLYLINE
  5
1C3
330
17
100
AcDbEntity
  8
A-FURN
100
AcDbPolyline
 90
4
 70
1
 10
9942.0
 20
10445.0
 10
9942.0
 20
10905.000000000002
 10
9222.0
 20
10905.000000000002
 10
9222.0
 20
10445.0
1001
FLOORFORGE
1000
floor:0
1000
preliminary
  0
LWPOLYLINE
  5
1C4
330
17
100
AcDbEntity
  8
A-FURN
100
AcDbPolyline
 90
4
 70
1
 10
9062.0
 20
8895.0
 10
9062.0
 20
9395.0
 10
8261.999999999998
 20
9395.0
 10
8261.999999999998
 20
8895.0
1001
FLOORFORGE
1000
floor:0
1000
preliminary
  0
LWPOLYLINE
  5
1C5
330
17
100
AcDbEntity
  8
A-FURN
100
AcDbPolyline
 90
4
 70
1
 10
1759.9999999999998
 20
9485.0
 10
1759.9999999999998
 20
10205.0
 10
1299.9999999999998
 20
10205.0
 10
1299.9999999999998
 20
9485.0
1001
FLOORFORGE
1000
floor:0
1000
preliminary
  0
LWPOLYLINE
  5
1C6
330
17
100
AcDbEntity
  8
A-FURN
100
AcDbPolyline
 90
4
 70
1
 10
2630.0
 20
9705.0
 10
2630.0
 20
10205.0
 10
1979.9999999999998
 20
10205.0
 10
1979.9999999999998
 20
9705.0
1001
FLOORFORGE
1000
floor:0
1000
preliminary
  0
LWPOLYLINE
  5
1C7
330
17
100
AcDbEntity
  8
A-FURN
100
AcDbPolyline
 90
4
 70
1
 10
2530.0000000000005
 20
12608.0
 10
2530.0000000000005
 20
13838.000000000002
 10
929.9999999999999
 20
13838.000000000002
 10
929.9999999999999
 20
12608.0
1001
FLOORFORGE
1000
floor:0
1000
preliminary
  0
LWPOLYLINE
  5
1C8
330
17
100
AcDbEntity
  8
A-FURN
100
AcDbPolyline
 90
4
 70
1
 10
2267.0000000000005
 20
10375.0
 10
2267.0000000000005
 20
10725.0
 10
1067.0000000000002
 20
10725.0
 10
1067.0000000000002
 20
10375.0
1001
FLOORFORGE
1000
floor:0
1000
preliminary
  0
LWPOLYLINE
  5
1C9
330
17
100
AcDbEntity
  8
A-EXT
100
AcDbPolyline
 90
4
 70
1
 10
4252.0
 20
-1250.0
 10
8532.0
 20
-1250.0
 10
8532.0
 20
0.0
 10
4252.0
 20
0.0
1001
FLOORFORGE
1000
floor:0
1000
preliminary
  0
TEXT
  5
1CA
330
17
100
AcDbEntity
  8
A-EXT
100
AcDbText
 10
6392.0
 20
-1130.0
 30
0.0
 40
130.0
  1
PORCH
 72
1
 11
6392.0
 21
-1130.0
 31
0.0
100
AcDbText
 73
1
1001
FLOORFORGE
1000
floor:0
1000
preliminary
  0
LWPOLYLINE
  5
1CB
330
17
100
AcDbEntity
  8
A-EXT
100
AcDbPolyline
 90
4
 70
1
 10
8732.0
 20
-70.0
 10
10112.0
 20
-70.0
 10
10112.0
 20
0.0
 10
8732.0
 20
0.0
1001
FLOORFORGE
1000
floor:0
1000
preliminary
  0
TEXT
  5
1CC
330
17
100
AcDbEntity
  8
A-EXT
100
AcDbText
 10
9422.0
 20
-320.0
 30
0.0
 40
130.0
  1
FEATURE WALL
 72
1
 11
9422.0
 21
-320.0
 31
0.0
100
AcDbText
 73
1
1001
FLOORFORGE
1000
floor:0
1000
preliminary
  0
TEXT
  5
1CD
330
17
100
AcDbEntity
  8
A-ANNO
100
AcDbText
 10
8827.0
 20
2302.0
 30
0.0
 40
220.0
  1
STAIR
 72
1
 11
8827.0
 21
2302.0
 31
0.0
100
AcDbText
 73
1
1001
FLOORFORGE
1000
floor:0
1000
preliminary
  0
TEXT
  5
1CE
330
17
100
AcDbEntity
  8
A-ANNO
100
AcDbText
 10
3961.0
 20
2417.0
 30
0.0
 40
220.0
  1
LIVING
 72
1
 11
3961.0
 21
2417.0
 31
0.0
100
AcDbText
 73
1
1001
FLOORFORGE
1000
floor:0
1000
preliminary
  0
TEXT
  5
1CF
330
17
100
AcDbEntity
  8
A-ANNO
100
AcDbText
 10
3961.0
 20
2137.5
 30
0.0
 40
150.0
  1
7.46 x 4.14*
 72
1
 11
3961.0
 21
2137.5
 31
0.0
100
AcDbText
 73
1
1001
FLOORFORGE
1000
floor:0
1000
preliminary
  0
TEXT
  5
1D0
330
17
100
AcDbEntity
  8
A-ANNO
100
AcDbText
 10
3961.0
 20
1927.5
 30
0.0
 40
150.0
  1
31.2 m2
 72
1
 11
3961.0
 21
1927.5
 31
0.0
100
AcDbText
 73
1
1001
FLOORFORGE
1000
floor:0
1000
preliminary
  0
TEXT
  5
1D1
330
17
100
AcDbEntity
  8
A-ANNO
100
AcDbText
 10
8014.5
 20
5952.0
 30
0.0
 40
220.0
  1
KITCHEN
 72
1
 11
8014.5
 21
5952.0
 31
0.0
100
AcDbText
 73
1
1001
FLOORFORGE
1000
floor:0
1000
preliminary
  0
TEXT
  5
1D2
330
17
100
AcDbEntity
  8
A-ANNO
100
AcDbText
 10
8014.5
 20
5672.5
 30
0.0
 40
150.0
  1
3.90 x 2.70
 72
1
 11
8014.5
 21
5672.5
 31
0.0
100
AcDbText
 73
1
1001
FLOORFORGE
1000
floor:0
1000
preliminary
  0
TEXT
  5
1D3
330
17
100
AcDbEntity
  8
A-ANNO
100
AcDbText
 10
8014.5
 20
5462.5
 30
0.0
 40
150.0
  1
10.5 m2
 72
1
 11
8014.5
 21
5462.5
 31
0.0
100
AcDbText
 73
1
1001
FLOORFORGE
1000
floor:0
1000
preliminary
  0
TEXT
  5
1D4
330
17
100
AcDbEntity
  8
A-ANNO
100
AcDbText
 10
8014.5
 20
8109.5
 30
0.0
 40
170.0
  1
UTILITY
 72
1
 11
8014.5
 21
8109.5
 31
0.0
100
AcDbText
 73
1
1001
FLOORFORGE
1000
floor:0
1000
preliminary
  0
TEXT
  5
1D5
330
17
100
AcDbEntity
  8
A-ANNO
100
AcDbText
 10
8014.5
 20
7874.5
 30
0.0
 40
130.0
  1
3.90 x 1.35
 72
1
 11
8014.5
 21
7874.5
 31
0.0
100
AcDbText
 73
1
1001
FLOORFORGE
1000
floor:0
1000
preliminary
  0
TEXT
  5
1D6
330
17
100
AcDbEntity
  8
A-ANNO
100
AcDbText
 10
8014.5
 20
7692.5
 30
0.0
 40
130.0
  1
5.3 m2
 72
1
 11
8014.5
 21
7692.5
 31
0.0
100
AcDbText
 73
1
1001
FLOORFORGE
1000
floor:0
1000
preliminary
  0
TEXT
  5
1D7
330
17
100
AcDbEntity
  8
A-ANNO
100
AcDbText
 10
4042.0
 20
6852.0
 30
0.0
 40
220.0
  1
DINING
 72
1
 11
4042.0
 21
6852.0
 31
0.0
100
AcDbText
 73
1
1001
FLOORFORGE
1000
floor:0
1000
preliminary
  0
TEXT
  5
1D8
330
17
100
AcDbEntity
  8
A-ANNO
100
AcDbText
 10
4042.0
 20
6572.5
 30
0.0
 40
150.0
  1
3.75 x 4.28*
 72
1
 11
4042.0
 21
6572.5
 31
0.0
100
AcDbText
 73
1
1001
FLOORFORGE
1000
floor:0
1000
preliminary
  0
TEXT
  5
1D9
330
17
100
AcDbEntity
  8
A-ANNO
100
AcDbText
 10
4042.0
 20
6362.5
 30
0.0
 40
150.0
  1
16.1 m2
 72
1
 11
4042.0
 21
6362.5
 31
0.0
100
AcDbText
 73
1
1001
FLOORFORGE
1000
floor:0
1000
preliminary
  0
TEXT
  5
1DA
330
17
100
AcDbEntity
  8
A-ANNO
100
AcDbText
 10
1123.5
 20
5409.5
 30
0.0
 40
170.0
  1
POOJA
 72
1
 11
1123.5
 21
5409.5
 31
0.0
100
AcDbText
 73
1
1001
FLOORFORGE
1000
floor:0
1000
preliminary
  0
TEXT
  5
1DB
330
17
100
AcDbEntity
  8
A-ANNO
100
AcDbText
 10
1123.5
 20
5174.5
 30
0.0
 40
130.0
  1
1.79 x 1.65
 72
1
 11
1123.5
 21
5174.5
 31
0.0
100
AcDbText
 73
1
1001
FLOORFORGE
1000
floor:0
1000
preliminary
  0
TEXT
  5
1DC
330
17
100
AcDbEntity
  8
A-ANNO
100
AcDbText
 10
1123.5
 20
4992.5
 30
0.0
 40
130.0
  1
2.9 m2
 72
1
 11
1123.5
 21
4992.5
 31
0.0
100
AcDbText
 73
1
1001
FLOORFORGE
1000
floor:0
1000
preliminary
  0
TEXT
  5
1DD
330
17
100
AcDbEntity
  8
A-ANNO
100
AcDbText
 10
1123.5
 20
7602.0
 30
0.0
 40
220.0
  1
STORE
 72
1
 11
1123.5
 21
7602.0
 31
0.0
100
AcDbText
 73
1
1001
FLOORFORGE
1000
floor:0
1000
preliminary
  0
TEXT
  5
1DE
330
17
100
AcDbEntity
  8
A-ANNO
100
AcDbText
 10
1123.5
 20
7322.5
 30
0.0
 40
150.0
  1
1.79 x 2.40
 72
1
 11
1123.5
 21
7322.5
 31
0.0
100
AcDbText
 73
1
1001
FLOORFORGE
1000
floor:0
1000
preliminary
  0
TEXT
  5
1DF
330
17
100
AcDbEntity
  8
A-ANNO
100
AcDbText
 10
1123.5
 20
7112.5
 30
0.0
 40
150.0
  1
4.3 m2
 72
1
 11
1123.5
 21
7112.5
 31
0.0
100
AcDbText
 73
1
1001
FLOORFORGE
1000
floor:0
1000
preliminary
  0
TEXT
  5
1E0
330
17
100
AcDbEntity
  8
A-ANNO
100
AcDbText
 10
4017.0
 20
9609.5
 30
0.0
 40
170.0
  1
HALL
 72
1
 11
4017.0
 21
9609.5
 31
0.0
100
AcDbText
 73
1
1001
FLOORFORGE
1000
floor:0
1000
preliminary
  0
TEXT
  5
1E1
330
17
100
AcDbEntity
  8
A-ANNO
100
AcDbText
 10
4017.0
 20
12801.0
 30
0.0
 40
170.0
  1
LINEN STORE
 72
1
 11
4017.0
 21
12801.0
 31
0.0
100
AcDbText
 73
1
1001
FLOORFORGE
1000
floor:0
1000
preliminary
  0
TEXT
  5
1E2
330
17
100
AcDbEntity
  8
A-ANNO
100
AcDbText
 10
4017.0
 20
12566.0
 30
0.0
 40
130.0
  1
1.20 x 2.23
 72
1
 11
4017.0
 21
12566.0
 31
0.0
100
AcDbText
 73
1
1001
FLOORFORGE
1000
floor:0
1000
preliminary
  0
TEXT
  5
1E3
330
17
100
AcDbEntity
  8
A-ANNO
100
AcDbText
 10
4017.0
 20
12384.0
 30
0.0
 40
130.0
  1
2.7 m2
 72
1
 11
4017.0
 21
12384.0
 31
0.0
100
AcDbText
 73
1
1001
FLOORFORGE
1000
floor:0
1000
preliminary
  0
TEXT
  5
1E4
330
17
100
AcDbEntity
  8
A-ANNO
100
AcDbText
 10
6392.0
 20
11452.0
 30
0.0
 40
220.0
  1
BEDROOM 1
 72
1
 11
6392.0
 21
11452.0
 31
0.0
100
AcDbText
 73
1
1001
FLOORFORGE
1000
floor:0
1000
preliminary
  0
TEXT
  5
1E5
330
17
100
AcDbEntity
  8
A-ANNO
100
AcDbText
 10
6392.0
 20
11172.5
 30
0.0
 40
150.0
  1
3.25 x 4.98
 72
1
 11
6392.0
 21
11172.5
 31
0.0
100
AcDbText
 73
1
1001
FLOORFORGE
1000
floor:0
1000
preliminary
  0
TEXT
  5
1E6
330
17
100
AcDbEntity
  8
A-ANNO
100
AcDbText
 10
6392.0
 20
10962.5
 30
0.0
 40
150.0
  1
16.2 m2
 72
1
 11
6392.0
 21
10962.5
 31
0.0
100
AcDbText
 73
1
1001
FLOORFORGE
1000
floor:0
1000
preliminary
  0
TEXT
  5
1E7
330
17
100
AcDbEntity
  8
A-ANNO
100
AcDbText
 10
9064.5
 20
12721.0
 30
0.0
 40
220.0
  1
DRESS 1
 72
1
 11
9064.5
 21
12721.0
 31
0.0
100
AcDbText
 73
1
1001
FLOORFORGE
1000
floor:0
1000
preliminary
  0
TEXT
  5
1E8
330
17
100
AcDbEntity
  8
A-ANNO
100
AcDbText
 10
9064.5
 20
12441.5
 30
0.0
 40
150.0
  1
1.79 x 2.58
 72
1
 11
9064.5
 21
12441.5
 31
0.0
100
AcDbText
 73
1
1001
FLOORFORGE
1000
floor:0
1000
preliminary
  0
TEXT
  5
1E9
330
17
100
AcDbEntity
  8
A-ANNO
100
AcDbText
 10
9064.5
 20
12231.5
 30
0.0
 40
150.0
  1
4.6 m2
 72
1
 11
9064.5
 21
12231.5
 31
0.0
100
AcDbText
 73
1
1001
FLOORFORGE
1000
floor:0
1000
preliminary
  0
TEXT
  5
1EA
330
17
100
AcDbEntity
  8
A-ANNO
100
AcDbText
 10
9064.5
 20
10077.0
 30
0.0
 40
220.0
  1
BATH 1
 72
1
 11
9064.5
 21
10077.0
 31
0.0
100
AcDbText
 73
1
1001
FLOORFORGE
1000
floor:0
1000
preliminary
  0
TEXT
  5
1EB
330
17
100
AcDbEntity
  8
A-ANNO
100
AcDbText
 10
9064.5
 20
9797.5
 30
0.0
 40
150.0
  1
1.79 x 2.25
 72
1
 11
9064.5
 21
9797.5
 31
0.0
100
AcDbText
 73
1
1001
FLOORFORGE
1000
floor:0
1000
preliminary
  0
TEXT
  5
1EC
330
17
100
AcDbEntity
  8
A-ANNO
100
AcDbText
 10
9064.5
 20
9587.5
 30
0.0
 40
150.0
  1
4.0 m2
 72
1
 11
9064.5
 21
9587.5
 31
0.0
100
AcDbText
 73
1
1001
FLOORFORGE
1000
floor:0
1000
preliminary
  0
TEXT
  5
1ED
330
17
100
AcDbEntity
  8
A-ANNO
100
AcDbText
 10
1748.5
 20
9609.5
 30
0.0
 40
170.0
  1
COMMON BATH
 72
1
 11
1748.5
 21
9609.5
 31
0.0
100
AcDbText
 73
1
1001
FLOORFORGE
1000
floor:0
1000
preliminary
  0
TEXT
  5
1EE
330
17
100
AcDbEntity
  8
A-ANNO
100
AcDbText
 10
1748.5
 20
9374.5
 30
0.0
 40
130.0
  1
3.04 x 1.35
 72
1
 11
1748.5
 21
9374.5
 31
0.0
100
AcDbText
 73
1
1001
FLOORFORGE
1000
floor:0
1000
preliminary
  0
TEXT
  5
1EF
330
17
100
AcDbEntity
  8
A-ANNO
100
AcDbText
 10
1748.5
 20
9192.5
 30
0.0
 40
130.0
  1
4.1 m2
 72
1
 11
1748.5
 21
9192.5
 31
0.0
100
AcDbText
 73
1
1001
FLOORFORGE
1000
floor:0
1000
preliminary
  0
TEXT
  5
1F0
330
17
100
AcDbEntity
  8
A-ANNO
100
AcDbText
 10
1748.5
 20
12193.5
 30
0.0
 40
220.0
  1
STUDY
 72
1
 11
1748.5
 21
12193.5
 31
0.0
100
AcDbText
 73
1
1001
FLOORFORGE
1000
floor:0
1000
preliminary
  0
TEXT
  5
1F1
330
17
100
AcDbEntity
  8
A-ANNO
100
AcDbText
 10
1748.5
 20
11914.0
 30
0.0
 40
150.0
  1
3.04 x 3.48
 72
1
 11
1748.5
 21
11914.0
 31
0.0
100
AcDbText
 73
1
1001
FLOORFORGE
1000
floor:0
1000
preliminary
  0
TEXT
  5
1F2
330
17
100
AcDbEntity
  8
A-ANNO
100
AcDbText
 10
1748.5
 20
11704.0
 30
0.0
 40
150.0
  1
10.6 m2
 72
1
 11
1748.5
 21
11704.0
 31
0.0
100
AcDbText
 73
1
1001
FLOORFORGE
1000
floor:0
1000
preliminary
  0
DIMENSION
  5
1F3
330
17
100
AcDbEntity
  8
A-DIMS
100
AcDbDimension
280
0
  2
*D1
  3
FF-ARCH
 10
0.0
 20
-1800.0
 30
0.0
 11
173.0
 21
-1530.0
 31
0.0
 70
32
 71
5
  1
<>
100
AcDbAlignedDimension
 13
0.0
 23
0.0
 33
0.0
 14
346.0
 24
0.0
 34
0.0
 50
0.0
100
AcDbRotatedDimension
1001
FLOORFORGE
1000
floor:0
1000
preliminary
  0
DIMENSION
  5
206
330
17
100
AcDbEntity
  8
A-DIMS
100
AcDbDimension
280
0
  2
*D2
  3
FF-ARCH
 10
346.0
 20
-1800.0
 30
0.0
 11
2896.0
 21
-1650.0
 31
0.0
 70
32
 71
5
  1
<>
100
AcDbAlignedDimension
 13
346.0
 23
0.0
 33
0.0
 14
5446.0
 24
0.0
 34
0.0
 50
0.0
100
AcDbRotatedDimension
1001
FLOORFORGE
1000
floor:0
1000
preliminary
  0
DIMENSION
  5
215
330
17
100
AcDbEntity
  8
A-DIMS
100
AcDbDimension
280
0
  2
*D3
  3
FF-ARCH
 10
5446.0
 20
-1800.0
 30
0.0
 11
5619.0
 21
-1530.0
 31
0.0
 70
32
 71
5
  1
<>
100
AcDbAlignedDimension
 13
5446.0
 23
0.0
 33
0.0
 14
5792.0
 24
0.0
 34
0.0
 50
0.0
100
AcDbRotatedDimension
1001
FLOORFORGE
1000
floor:0
1000
preliminary
  0
DIMENSION
  5
224
330
17
100
AcDbEntity
  8
A-DIMS
100
AcDbDimension
280
0
  2
*D4
  3
FF-ARCH
 10
5792.0
 20
-1800.0
 30
0.0
 11
6392.0
 21
-1650.0
 31
0.0
 70
32
 71
5
  1
<>
100
AcDbAlignedDimension
 13
5792.0
 23
0.0
 33
0.0
 14
6992.0
 24
0.0
 34
0.0
 50
0.0
100
AcDbRotatedDimension
1001
FLOORFORGE
1000
floor:0
1000
preliminary
  0
DIMENSION
  5
233
330
17
100
AcDbEntity
  8
A-DIMS
100
AcDbDimension
280
0
  2
*D5
  3
FF-ARCH
 10
6992.0
 20
-1800.0
 30
0.0
 11
8592.0
 21
-1650.0
 31
0.0
 70
32
 71
5
  1
<>
100
AcDbAlignedDimension
 13
6992.0
 23
0.0
 33
0.0
 14
10192.0
 24
0.0
 34
0.0
 50
0.0
100
AcDbRotatedDimension
1001
FLOORFORGE
1000
floor:0
1000
preliminary
  0
DIMENSION
  5
242
330
17
100
AcDbEntity
  8
A-DIMS
100
AcDbDimension
280
0
  2
*D6
  3
FF-ARCH
 10
0.0
 20
-2250.0
 30
0.0
 11
5096.0
 21
-2100.0
 31
0.0
 70
32
 71
5
  1
<>
100
AcDbAlignedDimension
 13
0.0
 23
0.0
 33
0.0
 14
10192.0
 24
0.0
 34
0.0
 50
0.0
100
AcDbRotatedDimension
1001
FLOORFORGE
1000
floor:0
1000
preliminary
  0
DIMENSION
  5
251
330
17
100
AcDbEntity
  8
A-DIMS
100
AcDbDimension
280
0
  2
*D7
  3
FF-ARCH
 10
0.0
 20
14638.0
 30
0.0
 11
385.5
 21
14788.0
 31
0.0
 70
32
 71
5
  1
<>
100
AcDbAlignedDimension
 13
0.0
 23
14088.0
 33
0.0
 14
771.0
 24
14088.0
 34
0.0
 50
0.0
100
AcDbRotatedDimension
1001
FLOORFORGE
1000
floor:0
1000
preliminary
  0
DIMENSION
  5
260
330
17
100
AcDbEntity
  8
A-DIMS
100
AcDbDimension
280
0
  2
*D8
  3
FF-ARCH
 10
771.0
 20
14638.0
 30
0.0
 11
1671.0
 21
14788.0
 31
0.0
 70
32
 71
5
  1
<>
100
AcDbAlignedDimension
 13
771.0
 23
14088.0
 33
0.0
 14
2571.0
 24
14088.0
 34
0.0
 50
0.0
100
AcDbRotatedDimension
1001
FLOORFORGE
1000
floor:0
1000
preliminary
  0
DIMENSION
  5
26F
330
17
100
AcDbEntity
  8
A-DIMS
100
AcDbDimension
280
0
  2
*D9
  3
FF-ARCH
 10
2571.0
 20
14638.0
 30
0.0
 11
3144.0
 21
14788.0
 31
0.0
 70
32
 71
5
  1
<>
100
AcDbAlignedDimension
 13
2571.0
 23
14088.0
 33
0.0
 14
3717.0
 24
14088.0
 34
0.0
 50
0.0
100
AcDbRotatedDimension
1001
FLOORFORGE
1000
floor:0
1000
preliminary
  0
DIMENSION
  5
27E
330
17
100
AcDbEntity
  8
A-DIMS
100
AcDbDimension
280
0
  2
*D10
  3
FF-ARCH
 10
3717.0
 20
14638.0
 30
0.0
 11
4017.0
 21
14788.0
 31
0.0
 70
32
 71
5
  1
<>
100
AcDbAlignedDimension
 13
3717.0
 23
14088.0
 33
0.0
 14
4317.0
 24
14088.0
 34
0.0
 50
0.0
100
AcDbRotatedDimension
1001
FLOORFORGE
1000
floor:0
1000
preliminary
  0
DIMENSION
  5
28D
330
17
100
AcDbEntity
  8
A-DIMS
100
AcDbDimension
280
0
  2
*D11
  3
FF-ARCH
 10
4317.0
 20
14638.0
 30
0.0
 11
4829.5
 21
14788.0
 31
0.0
 70
32
 71
5
  1
<>
100
AcDbAlignedDimension
 13
4317.0
 23
14088.0
 33
0.0
 14
5342.0
 24
14088.0
 34
0.0
 50
0.0
100
AcDbRotatedDimension
1001
FLOORFORGE
1000
floor:0
1000
preliminary
  0
DIMENSION
  5
29C
330
17
100
AcDbEntity
  8
A-DIMS
100
AcDbDimension
280
0
  2
*D12
  3
FF-ARCH
 10
5342.0
 20
14638.0
 30
0.0
 11
6392.0
 21
14788.0
 31
0.0
 70
32
 71
5
  1
<>
100
AcDbAlignedDimension
 13
5342.0
 23
14088.0
 33
0.0
 14
7442.0
 24
14088.0
 34
0.0
 50
0.0
100
AcDbRotatedDimension
1001
FLOORFORGE
1000
floor:0
1000
preliminary
  0
DIMENSION
  5
2AB
330
17
100
AcDbEntity
  8
A-DIMS
100
AcDbDimension
280
0
  2
*D13
  3
FF-ARCH
 10
7442.0
 20
14638.0
 30
0.0
 11
8067.0
 21
14788.0
 31
0.0
 70
32
 71
5
  1
<>
100
AcDbAlignedDimension
 13
7442.0
 23
14088.0
 33
0.0
 14
8692.0
 24
14088.0
 34
0.0
 50
0.0
100
AcDbRotatedDimension
1001
FLOORFORGE
1000
floor:0
1000
preliminary
  0
DIMENSION
  5
2BA
330
17
100
AcDbEntity
  8
A-DIMS
100
AcDbDimension
280
0
  2
*D14
  3
FF-ARCH
 10
8692.0
 20
14638.0
 30
0.0
 11
9142.0
 21
14788.0
 31
0.0
 70
32
 71
5
  1
<>
100
AcDbAlignedDimension
 13
8692.0
 23
14088.0
 33
0.0
 14
9592.0
 24
14088.0
 34
0.0
 50
0.0
100
AcDbRotatedDimension
1001
FLOORFORGE
1000
floor:0
1000
preliminary
  0
DIMENSION
  5
2C9
330
17
100
AcDbEntity
  8
A-DIMS
100
AcDbDimension
280
0
  2
*D15
  3
FF-ARCH
 10
9592.0
 20
14638.0
 30
0.0
 11
9892.0
 21
14788.0
 31
0.0
 70
32
 71
5
  1
<>
100
AcDbAlignedDimension
 13
9592.0
 23
14088.0
 33
0.0
 14
10192.0
 24
14088.0
 34
0.0
 50
0.0
100
AcDbRotatedDimension
1001
FLOORFORGE
1000
floor:0
1000
preliminary
  0
DIMENSION
  5
2D8
330
17
100
AcDbEntity
  8
A-DIMS
100
AcDbDimension
280
0
  2
*D16
  3
FF-ARCH
 10
0.0
 20
15088.0
 30
0.0
 11
1671.0
 21
15238.0
 31
0.0
 70
32
 71
5
  1
<>
100
AcDbAlignedDimension
 13
0.0
 23
14088.0
 33
0.0
 14
3342.0
 24
14088.0
 34
0.0
 50
0.0
100
AcDbRotatedDimension
1001
FLOORFORGE
1000
floor:0
1000
preliminary
  0
DIMENSION
  5
2E7
330
17
100
AcDbEntity
  8
A-DIMS
100
AcDbDimension
280
0
  2
*D17
  3
FF-ARCH
 10
3342.0
 20
15088.0
 30
0.0
 11
4017.0
 21
15238.0
 31
0.0
 70
32
 71
5
  1
<>
100
AcDbAlignedDimension
 13
3342.0
 23
14088.0
 33
0.0
 14
4692.0
 24
14088.0
 34
0.0
 50
0.0
100
AcDbRotatedDimension
1001
FLOORFORGE
1000
floor:0
1000
preliminary
  0
DIMENSION
  5
2F6
330
17
100
AcDbEntity
  8
A-DIMS
100
AcDbDimension
280
0
  2
*D18
  3
FF-ARCH
 10
4692.0
 20
15088.0
 30
0.0
 11
6392.0
 21
15238.0
 31
0.0
 70
32
 71
5
  1
<>
100
AcDbAlignedDimension
 13
4692.0
 23
14088.0
 33
0.0
 14
8092.0
 24
14088.0
 34
0.0
 50
0.0
100
AcDbRotatedDimension
1001
FLOORFORGE
1000
floor:0
1000
preliminary
  0
DIMENSION
  5
305
330
17
100
AcDbEntity
  8
A-DIMS
100
AcDbDimension
280
0
  2
*D19
  3
FF-ARCH
 10
8092.0
 20
15088.0
 30
0.0
 11
9142.0
 21
15238.0
 31
0.0
 70
32
 71
5
  1
<>
100
AcDbAlignedDimension
 13
8092.0
 23
14088.0
 33
0.0
 14
10192.0
 24
14088.0
 34
0.0
 50
0.0
100
AcDbRotatedDimension
1001
FLOORFORGE
1000
floor:0
1000
preliminary
  0
DIMENSION
  5
314
330
17
100
AcDbEntity
  8
A-DIMS
100
AcDbDimension
280
0
  2
*D20
  3
FF-ARCH
 10
0.0
 20
15538.0
 30
0.0
 11
5096.0
 21
15688.0
 31
0.0
 70
32
 71
5
  1
<>
100
AcDbAlignedDimension
 13
0.0
 23
14088.0
 33
0.0
 14
10192.0
 24
14088.0
 34
0.0
 50
0.0
100
AcDbRotatedDimension
1001
FLOORFORGE
1000
floor:0
1000
preliminary
  0
DIMENSION
  5
323
330
17
100
AcDbEntity
  8
A-DIMS
100
AcDbDimension
280
0
  2
*D21
  3
FF-ARCH
 10
-550.0
 20
0.0
 30
0.0
 11
-820.0
 21
212.5
 31
0.0
 70
32
 71
5
  1
<>
100
AcDbAlignedDimension
 13
0.0
 23
0.0
 33
0.0
 14
0.0
 24
425.0
 34
0.0
 50
90.0
100
AcDbRotatedDimension
1001
FLOORFORGE
1000
floor:0
1000
preliminary
  0
DIMENSION
  5
332
330
17
100
AcDbEntity
  8
A-DIMS
100
AcDbDimension
280
0
  2
*D22
  3
FF-ARCH
 10
-550.0
 20
425.0
 30
0.0
 11
-700.0
 21
2225.0
 31
0.0
 70
32
 71
5
  1
<>
100
AcDbAlignedDimension
 13
0.0
 23
425.0
 33
0.0
 14
0.0
 24
4025.0
 34
0.0
 50
90.0
100
AcDbRotatedDimension
1001
FLOORFORGE
1000
floor:0
1000
preliminary
  0
DIMENSION
  5
341
330
17
100
AcDbEntity
  8
A-DIMS
100
AcDbDimension
280
0
  2
*D23
  3
FF-ARCH
 10
-550.0
 20
4025.0
 30
0.0
 11
-700.0
 21
5625.0
 31
0.0
 70
32
 71
5
  1
<>
100
AcDbAlignedDimension
 13
0.0
 23
4025.0
 33
0.0
 14
0.0
 24
7225.0
 34
0.0
 50
90.0
100
AcDbRotatedDimension
1001
FLOORFORGE
1000
floor:0
1000
preliminary
  0
DIMENSION
  5
350
330
17
100
AcDbEntity
  8
A-DIMS
100
AcDbDimension
280
0
  2
*D24
  3
FF-ARCH
 10
-550.0
 20
7225.0
 30
0.0
 11
-700.0
 21
7525.0
 31
0.0
 70
32
 71
5
  1
<>
100
AcDbAlignedDimension
 13
0.0
 23
7225.0
 33
0.0
 14
0.0
 24
7825.0
 34
0.0
 50
90.0
100
AcDbRotatedDimension
1001
FLOORFORGE
1000
floor:0
1000
preliminary
  0
DIMENSION
  5
35F
330
17
100
AcDbEntity
  8
A-DIMS
100
AcDbDimension
280
0
  2
*D25
  3
FF-ARCH
 10
-550.0
 20
7825.0
 30
0.0
 11
-700.0
 21
8500.0
 31
0.0
 70
32
 71
5
  1
<>
100
AcDbAlignedDimension
 13
0.0
 23
7825.0
 33
0.0
 14
0.0
 24
9175.0
 34
0.0
 50
90.0
100
AcDbRotatedDimension
1001
FLOORFORGE
1000
floor:0
1000
preliminary
  0
DIMENSION
  5
36E
330
17
100
AcDbEntity
  8
A-DIMS
100
AcDbDimension
280
0
  2
*D26
  3
FF-ARCH
 10
-550.0
 20
9175.0
 30
0.0
 11
-700.0
 21
9550.0
 31
0.0
 70
32
 71
5
  1
<>
100
AcDbAlignedDimension
 13
0.0
 23
9175.0
 33
0.0
 14
0.0
 24
9925.0
 34
0.0
 50
90.0
100
AcDbRotatedDimension
1001
FLOORFORGE
1000
floor:0
1000
preliminary
  0
DIMENSION
  5
37D
330
17
100
AcDbEntity
  8
A-DIMS
100
AcDbDimension
280
0
  2
*D27
  3
FF-ARCH
 10
-550.0
 20
9925.0
 30
0.0
 11
-700.0
 21
10609.5
 31
0.0
 70
32
 71
5
  1
<>
100
AcDbAlignedDimension
 13
0.0
 23
9925.0
 33
0.0
 14
0.0
 24
11294.0
 34
0.0
 50
90.0
100
AcDbRotatedDimension
1001
FLOORFORGE
1000
floor:0
1000
preliminary
  0
DIMENSION
  5
38C
330
17
100
AcDbEntity
  8
A-DIMS
100
AcDbDimension
280
0
  2
*D28
  3
FF-ARCH
 10
-550.0
 20
11294.0
 30
0.0
 11
-700.0
 21
12194.0
 31
0.0
 70
32
 71
5
  1
<>
100
AcDbAlignedDimension
 13
0.0
 23
11294.0
 33
0.0
 14
0.0
 24
13094.0
 34
0.0
 50
90.0
100
AcDbRotatedDimension
1001
FLOORFORGE
1000
floor:0
1000
preliminary
  0
DIMENSION
  5
39B
330
17
100
AcDbEntity
  8
A-DIMS
100
AcDbDimension
280
0
  2
*D29
  3
FF-ARCH
 10
-550.0
 20
13094.0
 30
0.0
 11
-700.0
 21
13591.0
 31
0.0
 70
32
 71
5
  1
<>
100
AcDbAlignedDimension
 13
0.0
 23
13094.0
 33
0.0
 14
0.0
 24
14088.0
 34
0.0
 50
90.0
100
AcDbRotatedDimension
1001
FLOORFORGE
1000
floor:0
1000
preliminary
  0
DIMENSION
  5
3AA
330
17
100
AcDbEntity
  8
A-DIMS
100
AcDbDimension
280
0
  2
*D30
  3
FF-ARCH
 10
-1000.0
 20
0.0
 30
0.0
 11
-1150.0
 21
2225.0
 31
0.0
 70
32
 71
5
  1
<>
100
AcDbAlignedDimension
 13
0.0
 23
0.0
 33
0.0
 14
0.0
 24
4450.0
 34
0.0
 50
90.0
100
AcDbRotatedDimension
1001
FLOORFORGE
1000
floor:0
1000
preliminary
  0
DIMENSION
  5
3B9
330
17
100
AcDbEntity
  8
A-DIMS
100
AcDbDimension
280
0
  2
*D31
  3
FF-ARCH
 10
-1000.0
 20
4450.0
 30
0.0
 11
-1150.0
 21
5350.0
 31
0.0
 70
32
 71
5
  1
<>
100
AcDbAlignedDimension
 13
0.0
 23
4450.0
 33
0.0
 14
0.0
 24
6250.0
 34
0.0
 50
90.0
100
AcDbRotatedDimension
1001
FLOORFORGE
1000
floor:0
1000
preliminary
  0
DIMENSION
  5
3C8
330
17
100
AcDbEntity
  8
A-DIMS
100
AcDbDimension
280
0
  2
*D32
  3
FF-ARCH
 10
-1000.0
 20
6250.0
 30
0.0
 11
-1150.0
 21
7525.0
 31
0.0
 70
32
 71
5
  1
<>
100
AcDbAlignedDimension
 13
0.0
 23
6250.0
 33
0.0
 14
0.0
 24
8800.0
 34
0.0
 50
90.0
100
AcDbRotatedDimension
1001
FLOORFORGE
1000
floor:0
1000
preliminary
  0
DIMENSION
  5
3D7
330
17
100
AcDbEntity
  8
A-DIMS
100
AcDbDimension
280
0
  2
*D33
  3
FF-ARCH
 10
-1000.0
 20
8800.0
 30
0.0
 11
-1150.0
 21
9550.0
 31
0.0
 70
32
 71
5
  1
<>
100
AcDbAlignedDimension
 13
0.0
 23
8800.0
 33
0.0
 14
0.0
 24
10300.0
 34
0.0
 50
90.0
100
AcDbRotatedDimension
1001
FLOORFORGE
1000
floor:0
1000
preliminary
  0
DIMENSION
  5
3E6
330
17
100
AcDbEntity
  8
A-DIMS
100
AcDbDimension
280
0
  2
*D34
  3
FF-ARCH
 10
-1000.0
 20
10300.0
 30
0.0
 11
-1150.0
 21
12194.0
 31
0.0
 70
32
 71
5
  1
<>
100
AcDbAlignedDimension
 13
0.0
 23
10300.0
 33
0.0
 14
0.0
 24
14088.0
 34
0.0
 50
90.0
100
AcDbRotatedDimension
1001
FLOORFORGE
1000
floor:0
1000
preliminary
  0
DIMENSION
  5
3F5
330
17
100
AcDbEntity
  8
A-DIMS
100
AcDbDimension
280
0
  2
*D35
  3
FF-ARCH
 10
-1450.0
 20
0.0
 30
0.0
 11
-1600.0
 21
7044.0
 31
0.0
 70
32
 71
5
  1
<>
100
AcDbAlignedDimension
 13
0.0
 23
0.0
 33
0.0
 14
0.0
 24
14088.0
 34
0.0
 50
90.0
100
AcDbRotatedDimension
1001
FLOORFORGE
1000
floor:0
1000
preliminary
  0
DIMENSION
  5
404
330
17
100
AcDbEntity
  8
A-DIMS
100
AcDbDimension
280
0
  2
*D36
  3
FF-ARCH
 10
10742.0
 20
0.0
 30
0.0
 11
10592.0
 21
2562.5
 31
0.0
 70
32
 71
5
  1
<>
100
AcDbAlignedDimension
 13
10192.0
 23
0.0
 33
0.0
 14
10192.0
 24
5125.0
 34
0.0
 50
90.0
100
AcDbRotatedDimension
1001
FLOORFORGE
1000
floor:0
1000
preliminary
  0
DIMENSION
  5
413
330
17
100
AcDbEntity
  8
A-DIMS
100
AcDbDimension
280
0
  2
*D37
  3
FF-ARCH
 10
10742.0
 20
5125.0
 30
0.0
 11
10592.0
 21
5875.0
 31
0.0
 70
32
 71
5
  1
<>
100
AcDbAlignedDimension
 13
10192.0
 23
5125.0
 33
0.0
 14
10192.0
 24
6625.0
 34
0.0
 50
90.0
100
AcDbRotatedDimension
1001
FLOORFORGE
1000
floor:0
1000
preliminary
  0
DIMENSION
  5
422
330
17
100
AcDbEntity
  8
A-DIMS
100
AcDbDimension
280
0
  2
*D38
  3
FF-ARCH
 10
10742.0
 20
6625.0
 30
0.0
 11
10592.0
 21
7112.5
 31
0.0
 70
32
 71
5
  1
<>
100
AcDbAlignedDimension
 13
10192.0
 23
6625.0
 33
0.0
 14
10192.0
 24
7600.0
 34
0.0
 50
90.0
100
AcDbRotatedDimension
1001
FLOORFORGE
1000
floor:0
1000
preliminary
  0
DIMENSION
  5
431
330
17
100
AcDbEntity
  8
A-DIMS
100
AcDbDimension
280
0
  2
*D39
  3
FF-ARCH
 10
10742.0
 20
7600.0
 30
0.0
 11
10592.0
 21
8050.0
 31
0.0
 70
32
 71
5
  1
<>
100
AcDbAlignedDimension
 13
10192.0
 23
7600.0
 33
0.0
 14
10192.0
 24
8500.0
 34
0.0
 50
90.0
100
AcDbRotatedDimension
1001
FLOORFORGE
1000
floor:0
1000
preliminary
  0
DIMENSION
  5
440
330
17
100
AcDbEntity
  8
A-DIMS
100
AcDbDimension
280
0
  2
*D40
  3
FF-ARCH
 10
10742.0
 20
8500.0
 30
0.0
 11
10592.0
 21
8950.0
 31
0.0
 70
32
 71
5
  1
<>
100
AcDbAlignedDimension
 13
10192.0
 23
8500.0
 33
0.0
 14
10192.0
 24
9400.0
 34
0.0
 50
90.0
100
AcDbRotatedDimension
1001
FLOORFORGE
1000
floor:0
1000
preliminary
  0
DIMENSION
  5
44F
330
17
100
AcDbEntity
  8
A-DIMS
100
AcDbDimension
280
0
  2
*D41
  3
FF-ARCH
 10
10742.0
 20
9400.0
 30
0.0
 11
10592.0
 21
10000.0
 31
0.0
 70
32
 71
5
  1
<>
100
AcDbAlignedDimension
 13
10192.0
 23
9400.0
 33
0.0
 14
10192.0
 24
10600.0
 34
0.0
 50
90.0
100
AcDbRotatedDimension
1001
FLOORFORGE
1000
floor:0
1000
preliminary
  0
DIMENSION
  5
45E
330
17
100
AcDbEntity
  8
A-DIMS
100
AcDbDimension
280
0
  2
*D42
  3
FF-ARCH
 10
10742.0
 20
10600.0
 30
0.0
 11
10592.0
 21
11397.0
 31
0.0
 70
32
 71
5
  1
<>
100
AcDbAlignedDimension
 13
10192.0
 23
10600.0
 33
0.0
 14
10192.0
 24
12194.0
 34
0.0
 50
90.0
100
AcDbRotatedDimension
1001
FLOORFORGE
1000
floor:0
1000
preliminary
  0
DIMENSION
  5
46D
330
17
100
AcDbEntity
  8
A-DIMS
100
AcDbDimension
280
0
  2
*D43
  3
FF-ARCH
 10
10742.0
 20
12194.0
 30
0.0
 11
10592.0
 21
12644.0
 31
0.0
 70
32
 71
5
  1
<>
100
AcDbAlignedDimension
 13
10192.0
 23
12194.0
 33
0.0
 14
10192.0
 24
13094.0
 34
0.0
 50
90.0
100
AcDbRotatedDimension
1001
FLOORFORGE
1000
floor:0
1000
preliminary
  0
DIMENSION
  5
47C
330
17
100
AcDbEntity
  8
A-DIMS
100
AcDbDimension
280
0
  2
*D44
  3
FF-ARCH
 10
10742.0
 20
13094.0
 30
0.0
 11
10592.0
 21
13591.0
 31
0.0
 70
32
 71
5
  1
<>
100
AcDbAlignedDimension
 13
10192.0
 23
13094.0
 33
0.0
 14
10192.0
 24
14088.0
 34
0.0
 50
90.0
100
AcDbRotatedDimension
1001
FLOORFORGE
1000
floor:0
1000
preliminary
  0
DIMENSION
  5
48B
330
17
100
AcDbEntity
  8
A-DIMS
100
AcDbDimension
280
0
  2
*D45
  3
FF-ARCH
 10
11192.0
 20
0.0
 30
0.0
 11
11042.0
 21
2225.0
 31
0.0
 70
32
 71
5
  1
<>
100
AcDbAlignedDimension
 13
10192.0
 23
0.0
 33
0.0
 14
10192.0
 24
4450.0
 34
0.0
 50
90.0
100
AcDbRotatedDimension
1001
FLOORFORGE
1000
floor:0
1000
preliminary
  0
DIMENSION
  5
49A
330
17
100
AcDbEntity
  8
A-DIMS
100
AcDbDimension
280
0
  2
*D46
  3
FF-ARCH
 10
11192.0
 20
4450.0
 30
0.0
 11
11042.0
 21
5875.0
 31
0.0
 70
32
 71
5
  1
<>
100
AcDbAlignedDimension
 13
10192.0
 23
4450.0
 33
0.0
 14
10192.0
 24
7300.0
 34
0.0
 50
90.0
100
AcDbRotatedDimension
1001
FLOORFORGE
1000
floor:0
1000
preliminary
  0
DIMENSION
  5
4A9
330
17
100
AcDbEntity
  8
A-DIMS
100
AcDbDimension
280
0
  2
*D47
  3
FF-ARCH
 10
11192.0
 20
7300.0
 30
0.0
 11
11042.0
 21
8050.0
 31
0.0
 70
32
 71
5
  1
<>
100
AcDbAlignedDimension
 13
10192.0
 23
7300.0
 33
0.0
 14
10192.0
 24
8800.0
 34
0.0
 50
90.0
100
AcDbRotatedDimension
1001
FLOORFORGE
1000
floor:0
1000
preliminary
  0
DIMENSION
  5
4B8
330
17
100
AcDbEntity
  8
A-DIMS
100
AcDbDimension
280
0
  2
*D48
  3
FF-ARCH
 10
11192.0
 20
8800.0
 30
0.0
 11
11042.0
 21
10000.0
 31
0.0
 70
32
 71
5
  1
<>
100
AcDbAlignedDimension
 13
10192.0
 23
8800.0
 33
0.0
 14
10192.0
 24
11200.0
 34
0.0
 50
90.0
100
AcDbRotatedDimension
1001
FLOORFORGE
1000
floor:0
1000
preliminary
  0
DIMENSION
  5
4C7
330
17
100
AcDbEntity
  8
A-DIMS
100
AcDbDimension
280
0
  2
*D49
  3
FF-ARCH
 10
11192.0
 20
11200.0
 30
0.0
 11
11042.0
 21
12644.0
 31
0.0
 70
32
 71
5
  1
<>
100
AcDbAlignedDimension
 13
10192.0
 23
11200.0
 33
0.0
 14
10192.0
 24
14088.0
 34
0.0
 50
90.0
100
AcDbRotatedDimension
1001
FLOORFORGE
1000
floor:0
1000
preliminary
  0
DIMENSION
  5
4D6
330
17
100
AcDbEntity
  8
A-DIMS
100
AcDbDimension
280
0
  2
*D50
  3
FF-ARCH
 10
11642.0
 20
0.0
 30
0.0
 11
11492.0
 21
7044.0
 31
0.0
 70
32
 71
5
  1
<>
100
AcDbAlignedDimension
 13
10192.0
 23
0.0
 33
0.0
 14
10192.0
 24
14088.0
 34
0.0
 50
90.0
100
AcDbRotatedDimension
1001
FLOORFORGE
1000
floor:0
1000
preliminary
  0
LINE
  5
4E5
330
17
100
AcDbEntity
  8
A-GRID
100
AcDbLine
 10
115.0
 20
-1450.0
 30
0.0
 11
115.0
 21
15888.0
 31
0.0
1001
FLOORFORGE
1000
floor:0
1000
preliminary
  0
CIRCLE
  5
4E6
330
17
100
AcDbEntity
  8
A-GRID
100
AcDbCircle
 10
115.0
 20
16188.0
 30
0.0
 40
300.0
1001
FLOORFORGE
1000
floor:0
1000
preliminary
  0
TEXT
  5
4E7
330
17
100
AcDbEntity
  8
A-GRID
100
AcDbText
 10
115.0
 20
16098.0
 30
0.0
 40
220.0
  1
A
 72
1
 11
115.0
 21
16098.0
 31
0.0
100
AcDbText
 73
1
1001
FLOORFORGE
1000
floor:0
1000
preliminary
  0
LINE
  5
4E8
330
17
100
AcDbEntity
  8
A-GRID
100
AcDbLine
 10
10077.0
 20
-1450.0
 30
0.0
 11
10077.0
 21
15888.0
 31
0.0
1001
FLOORFORGE
1000
floor:0
1000
preliminary
  0
CIRCLE
  5
4E9
330
17
100
AcDbEntity
  8
A-GRID
100
AcDbCircle
 10
10077.0
 20
16188.0
 30
0.0
 40
300.0
1001
FLOORFORGE
1000
floor:0
1000
preliminary
  0
TEXT
  5
4EA
330
17
100
AcDbEntity
  8
A-GRID
100
AcDbText
 10
10077.0
 20
16098.0
 30
0.0
 40
220.0
  1
B
 72
1
 11
10077.0
 21
16098.0
 31
0.0
100
AcDbText
 73
1
1001
FLOORFORGE
1000
floor:0
1000
preliminary
  0
LINE
  5
4EB
330
17
100
AcDbEntity
  8
A-GRID
100
AcDbLine
 10
-1800.0
 20
115.0
 30
0.0
 11
10392.0
 21
115.0
 31
0.0
1001
FLOORFORGE
1000
floor:0
1000
preliminary
  0
CIRCLE
  5
4EC
330
17
100
AcDbEntity
  8
A-GRID
100
AcDbCircle
 10
-2100.0
 20
115.0
 30
0.0
 40
300.0
1001
FLOORFORGE
1000
floor:0
1000
preliminary
  0
TEXT
  5
4ED
330
17
100
AcDbEntity
  8
A-GRID
100
AcDbText
 10
-2100.0
 20
25.0
 30
0.0
 40
220.0
  1
1
 72
1
 11
-2100.0
 21
25.0
 31
0.0
100
AcDbText
 73
1
1001
FLOORFORGE
1000
floor:0
1000
preliminary
  0
LINE
  5
4EE
330
17
100
AcDbEntity
  8
A-GRID
100
AcDbLine
 10
-1800.0
 20
4450.0
 30
0.0
 11
10392.0
 21
4450.0
 31
0.0
1001
FLOORFORGE
1000
floor:0
1000
preliminary
  0
CIRCLE
  5
4EF
330
17
100
AcDbEntity
  8
A-GRID
100
AcDbCircle
 10
-2100.0
 20
4450.0
 30
0.0
 40
300.0
1001
FLOORFORGE
1000
floor:0
1000
preliminary
  0
TEXT
  5
4F0
330
17
100
AcDbEntity
  8
A-GRID
100
AcDbText
 10
-2100.0
 20
4360.0
 30
0.0
 40
220.0
  1
2
 72
1
 11
-2100.0
 21
4360.0
 31
0.0
100
AcDbText
 73
1
1001
FLOORFORGE
1000
floor:0
1000
preliminary
  0
LINE
  5
4F1
330
17
100
AcDbEntity
  8
A-GRID
100
AcDbLine
 10
-1800.0
 20
7300.0
 30
0.0
 11
10392.0
 21
7300.0
 31
0.0
1001
FLOORFORGE
1000
floor:0
1000
preliminary
  0
CIRCLE
  5
4F2
330
17
100
AcDbEntity
  8
A-GRID
100
AcDbCircle
 10
-2100.0
 20
7300.0
 30
0.0
 40
300.0
1001
FLOORFORGE
1000
floor:0
1000
preliminary
  0
TEXT
  5
4F3
330
17
100
AcDbEntity
  8
A-GRID
100
AcDbText
 10
-2100.0
 20
7210.0
 30
0.0
 40
220.0
  1
3
 72
1
 11
-2100.0
 21
7210.0
 31
0.0
100
AcDbText
 73
1
1001
FLOORFORGE
1000
floor:0
1000
preliminary
  0
LINE
  5
4F4
330
17
100
AcDbEntity
  8
A-GRID
100
AcDbLine
 10
-1800.0
 20
8800.0
 30
0.0
 11
10392.0
 21
8800.0
 31
0.0
1001
FLOORFORGE
1000
floor:0
1000
preliminary
  0
CIRCLE
  5
4F5
330
17
100
AcDbEntity
  8
A-GRID
100
AcDbCircle
 10
-2100.0
 20
8800.0
 30
0.0
 40
300.0
1001
FLOORFORGE
1000
floor:0
1000
preliminary
  0
TEXT
  5
4F6
330
17
100
AcDbEntity
  8
A-GRID
100
AcDbText
 10
-2100.0
 20
8710.0
 30
0.0
 40
220.0
  1
4
 72
1
 11
-2100.0
 21
8710.0
 31
0.0
100
AcDbText
 73
1
1001
FLOORFORGE
1000
floor:0
1000
preliminary
  0
LINE
  5
4F7
330
17
100
AcDbEntity
  8
A-GRID
100
AcDbLine
 10
-1800.0
 20
10300.0
 30
0.0
 11
10392.0
 21
10300.0
 31
0.0
1001
FLOORFORGE
1000
floor:0
1000
preliminary
  0
CIRCLE
  5
4F8
330
17
100
AcDbEntity
  8
A-GRID
100
AcDbCircle
 10
-2100.0
 20
10300.0
 30
0.0
 40
300.0
1001
FLOORFORGE
1000
floor:0
1000
preliminary
  0
TEXT
  5
4F9
330
17
100
AcDbEntity
  8
A-GRID
100
AcDbText
 10
-2100.0
 20
10210.0
 30
0.0
 40
220.0
  1
5
 72
1
 11
-2100.0
 21
10210.0
 31
0.0
100
AcDbText
 73
1
1001
FLOORFORGE
1000
floor:0
1000
preliminary
  0
LINE
  5
4FA
330
17
100
AcDbEntity
  8
A-GRID
100
AcDbLine
 10
-1800.0
 20
11200.0
 30
0.0
 11
10392.0
 21
11200.0
 31
0.0
1001
FLOORFORGE
1000
floor:0
1000
preliminary
  0
CIRCLE
  5
4FB
330
17
100
AcDbEntity
  8
A-GRID
100
AcDbCircle
 10
-2100.0
 20
11200.0
 30
0.0
 40
300.0
1001
FLOORFORGE
1000
floor:0
1000
preliminary
  0
TEXT
  5
4FC
330
17
100
AcDbEntity
  8
A-GRID
100
AcDbText
 10
-2100.0
 20
11110.0
 30
0.0
 40
220.0
  1
6
 72
1
 11
-2100.0
 21
11110.0
 31
0.0
100
AcDbText
 73
1
1001
FLOORFORGE
1000
floor:0
1000
preliminary
  0
LINE
  5
4FD
330
17
100
AcDbEntity
  8
A-GRID
100
AcDbLine
 10
-1800.0
 20
13973.0
 30
0.0
 11
10392.0
 21
13973.0
 31
0.0
1001
FLOORFORGE
1000
floor:0
1000
preliminary
  0
CIRCLE
  5
4FE
330
17
100
AcDbEntity
  8
A-GRID
100
AcDbCircle
 10
-2100.0
 20
13973.0
 30
0.0
 40
300.0
1001
FLOORFORGE
1000
floor:0
1000
preliminary
  0
TEXT
  5
4FF
330
17
100
AcDbEntity
  8
A-GRID
100
AcDbText
 10
-2100.0
 20
13883.0
 30
0.0
 40
220.0
  1
7
 72
1
 11
-2100.0
 21
13883.0
 31
0.0
100
AcDbText
 73
1
1001
FLOORFORGE
1000
floor:0
1000
preliminary
  0
LWPOLYLINE
  5
500
330
17
100
AcDbEntity
  8
A-LEVL
100
AcDbPolyline
 90
3
 70
1
 10
5151.0
 20
1630.0
 10
5371.0
 20
1630.0
 10
5261.0
 20
1440.0
1001
FLOORFORGE
1000
floor:0
1000
preliminary
  0
HATCH
  5
501
330
17
100
AcDbEntity
  8
A-LEVL
 62
7
100
AcDbHatch
 10
0.0
 20
0.0
 30
0.0
210
0.0
220
0.0
230
1.0
  2
SOLID
 70
1
 71
0
 91
1
 92
3
 72
0
 73
1
 93
3
 10
5151.0
 20
1630.0
 10
5371.0
 20
1630.0
 10
5261.0
 20
1440.0
 97
0
 75
0
 76
1
 98
0
  0
LINE
  5
502
330
17
100
AcDbEntity
  8
A-LEVL
100
AcDbLine
 10
4881.0
 20
1440.0
 30
0.0
 11
5641.0
 21
1440.0
 31
0.0
1001
FLOORFORGE
1000
floor:0
1000
preliminary
  0
TEXT
  5
503
330
17
100
AcDbEntity
  8
A-LEVL
100
AcDbText
 10
5431.0
 20
1500.0
 30
0.0
 40
160.0
  1
FFL +0.450
 11
5431.0
 21
1500.0
 31
0.0
100
AcDbText
1001
FLOORFORGE
1000
floor:0
1000
preliminary
  0
LINE
  5
504
330
17
100
AcDbEntity
  8
A-SECT
100
AcDbLine
 10
8242.0
 20
-1350.0
 30
0.0
 11
8242.0
 21
-2820.0
 31
0.0
1001
FLOORFORGE
1000
floor:0
1000
preliminary
  0
LINE
  5
505
330
17
100
AcDbEntity
  8
A-SECT
100
AcDbLine
 10
8242.0
 20
-2820.0
 30
0.0
 11
8242.0
 21
-3120.0
 31
0.0
1001
FLOORFORGE
1000
floor:0
1000
preliminary
  0
CIRCLE
  5
506
330
17
100
AcDbEntity
  8
A-SECT
100
AcDbCircle
 10
8242.0
 20
-3400.0
 30
0.0
 40
280.0
1001
FLOORFORGE
1000
floor:0
1000
preliminary
  0
TEXT
  5
507
330
17
100
AcDbEntity
  8
A-SECT
100
AcDbText
 10
8242.0
 20
-3485.0
 30
0.0
 40
220.0
  1
A
 72
1
 11
8242.0
 21
-3485.0
 31
0.0
100
AcDbText
 73
1
1001
FLOORFORGE
1000
floor:0
1000
preliminary
  0
LWPOLYLINE
  5
508
330
17
100
AcDbEntity
  8
A-SECT
100
AcDbPolyline
 90
3
 70
1
 10
7962.0
 20
-3520.0
 10
7622.0
 20
-3400.0
 10
7962.0
 20
-3280.0
1001
FLOORFORGE
1000
floor:0
1000
preliminary
  0
HATCH
  5
509
330
17
100
AcDbEntity
  8
A-SECT
 62
7
100
AcDbHatch
 10
0.0
 20
0.0
 30
0.0
210
0.0
220
0.0
230
1.0
  2
SOLID
 70
1
 71
0
 91
1
 92
3
 72
0
 73
1
 93
3
 10
7962.0
 20
-3520.0
 10
7622.0
 20
-3400.0
 10
7962.0
 20
-3280.0
 97
0
 75
0
 76
1
 98
0
  0
LINE
  5
50A
330
17
100
AcDbEntity
  8
A-SECT
100
AcDbLine
 10
8242.0
 20
14188.0
 30
0.0
 11
8242.0
 21
15608.0
 31
0.0
1001
FLOORFORGE
1000
floor:0
1000
preliminary
  0
LINE
  5
50B
330
17
100
AcDbEntity
  8
A-SECT
100
AcDbLine
 10
8242.0
 20
15608.0
 30
0.0
 11
8242.0
 21
15908.0
 31
0.0
1001
FLOORFORGE
1000
floor:0
1000
preliminary
  0
CIRCLE
  5
50C
330
17
100
AcDbEntity
  8
A-SECT
100
AcDbCircle
 10
8242.0
 20
16188.0
 30
0.0
 40
280.0
1001
FLOORFORGE
1000
floor:0
1000
preliminary
  0
TEXT
  5
50D
330
17
100
AcDbEntity
  8
A-SECT
100
AcDbText
 10
8242.0
 20
16103.0
 30
0.0
 40
220.0
  1
A
 72
1
 11
8242.0
 21
16103.0
 31
0.0
100
AcDbText
 73
1
1001
FLOORFORGE
1000
floor:0
1000
preliminary
  0
LWPOLYLINE
  5
50E
330
17
100
AcDbEntity
  8
A-SECT
100
AcDbPolyline
 90
3
 70
1
 10
7962.0
 20
16308.0
 10
7622.0
 20
16188.0
 10
7962.0
 20
16068.0
1001
FLOORFORGE
1000
floor:0
1000
preliminary
  0
HATCH
  5
50F
330
17
100
AcDbEntity
  8
A-SECT
 62
7
100
AcDbHatch
 10
0.0
 20
0.0
 30
0.0
210
0.0
220
0.0
230
1.0
  2
SOLID
 70
1
 71
0
 91
1
 92
3
 72
0
 73
1
 93
3
 10
7962.0
 20
16308.0
 10
7622.0
 20
16188.0
 10
7962.0
 20
16068.0
 97
0
 75
0
 76
1
 98
0
  0
CIRCLE
  5
510
330
17
100
AcDbEntity
  8
A-ANNO
100
AcDbCircle
 10
-3600.0
 20
15488.0
 30
0.0
 40
550.0
1001
FLOORFORGE
1000
floor:0
1000
preliminary
  0
LWPOLYLINE
  5
511
330
17
100
AcDbEntity
  8
A-WALL
100
AcDbPolyline
 90
3
 70
1
 10
-3600.0
 20
15994.0
 10
-3754.0
 20
15185.5
 10
-3600.0
 20
15378.0
1001
FLOORFORGE
1000
floor:0
1000
preliminary
  0
HATCH
  5
512
330
17
100
AcDbEntity
  8
A-WALL
 62
7
100
AcDbHatch
 10
0.0
 20
0.0
 30
0.0
210
0.0
220
0.0
230
1.0
  2
SOLID
 70
1
 71
0
 91
1
 92
3
 72
0
 73
1
 93
3
 10
-3600.0
 20
15994.0
 10
-3754.0
 20
15185.5
 10
-3600.0
 20
15378.0
 97
0
 75
0
 76
1
 98
0
  0
LWPOLYLINE
  5
513
330
17
100
AcDbEntity
  8
A-WALL
100
AcDbPolyline
 90
3
 70
1
 10
-3600.0
 20
15994.0
 10
-3446.0
 20
15185.5
 10
-3600.0
 20
15378.0
1001
FLOORFORGE
1000
floor:0
1000
preliminary
  0
TEXT
  5
514
330
17
100
AcDbEntity
  8
A-ANNO
100
AcDbText
 10
-3600.0
 20
16208.0
 30
0.0
 40
260.0
  1
N
 72
1
 11
-3600.0
 21
16208.0
 31
0.0
100
AcDbText
 73
1
1001
FLOORFORGE
1000
floor:0
1000
preliminary
  0
TEXT
  5
515
330
17
100
AcDbEntity
  8
A-ANNO
100
AcDbText
 10
0.0
 20
-5200.0
 30
0.0
 40
190.0
  1
PRELIMINARY - ENGINEER TO REVIEW - NOT FOR CONSTRUCTION
 11
0.0
 21
-5200.0
 31
0.0
100
AcDbText
  0
TEXT
  5
516
330
17
100
AcDbEntity
  8
A-ANNO
100
AcDbText
 10
0.0
 20
18888.0
 30
0.0
 40
210.0
  1
FLOOR 0 / TRUE MILLIMETRES / NO STRUCTURAL CERTIFICATION
 11
0.0
 21
18888.0
 31
0.0
100
AcDbText
  0
LWPOLYLINE
  5
51E
330
17
100
AcDbEntity
  8
A-FLOR
100
AcDbPolyline
 90
7
 70
1
 10
29884.0
 20
4375.0
 10
29959.0
 20
4375.0
 10
32154.0
 20
4375.0
 10
32154.0
 20
4220.0
 10
32154.0
 20
230.0
 10
30114.0
 20
230.0
 10
29884.0
 20
230.0
1001
FLOORFORGE
1000
floor:1
1000
preliminary
  0
LWPOLYLINE
  5
51F
330
17
100
AcDbEntity
  8
A-FLOR
100
AcDbPolyline
 90
19
 70
1
 10
29884.0
 20
230.0
 10
29654.0
 20
230.0
 10
26999.0
 20
230.0
 10
26999.0
 20
1435.0
 10
26999.0
 20
1665.0
 10
26884.0
 20
1665.0
 10
26769.0
 20
1665.0
 10
22422.0
 20
1665.0
 10
22422.0
 20
4220.0
 10
22422.0
 20
4375.0
 10
27209.0
 20
4375.0
 10
27359.0
 20
4375.0
 10
27359.0
 20
4450.0
 10
28709.0
 20
4450.0
 10
28709.0
 20
4375.0
 10
28784.0
 20
4375.0
 10
28859.0
 20
4375.0
 10
29809.0
 20
4375.0
 10
29884.0
 20
4375.0
1001
FLOORFORGE
1000
floor:1
1000
preliminary
  0
LWPOLYLINE
  5
520
330
17
100
AcDbEntity
  8
A-FLOR
100
AcDbPolyline
 90
8
 70
1
 10
22192.0
 20
1320.0
 10
22422.0
 20
1320.0
 10
22422.0
 20
1435.0
 10
26769.0
 20
1435.0
 10
26769.0
 20
230.0
 10
26654.0
 20
230.0
 10
26654.0
 20
0.0
 10
22192.0
 20
0.0
1001
FLOORFORGE
1000
floor:1
1000
preliminary
  0
LWPOLYLINE
  5
521
330
17
100
AcDbEntity
  8
A-FLOR
100
AcDbPolyline
 90
12
 70
1
 10
27359.0
 20
4450.0
 10
27359.0
 20
4525.0
 10
27359.0
 20
7425.0
 10
27359.0
 20
7500.0
 10
27359.0
 20
7575.0
 10
27359.0
 20
8675.0
 10
28709.0
 20
8675.0
 10
28709.0
 20
6125.0
 10
28709.0
 20
6050.0
 10
28709.0
 20
5975.0
 10
28709.0
 20
4525.0
 10
28709.0
 20
4450.0
1001
FLOORFORGE
1000
floor:1
1000
preliminary
  0
LWPOLYLINE
  5
522
330
17
100
AcDbEntity
  8
A-FLOR
100
AcDbPolyline
 90
12
 70
1
 10
29884.0
 20
4525.0
 10
29809.0
 20
4525.0
 10
28859.0
 20
4525.0
 10
28859.0
 20
5975.0
 10
29909.0
 20
5975.0
 10
29984.0
 20
5975.0
 10
30059.0
 20
5975.0
 10
32154.0
 20
5975.0
 10
32154.0
 20
5820.0
 10
32154.0
 20
4680.0
 10
32154.0
 20
4525.0
 10
29959.0
 20
4525.0
1001
FLOORFORGE
1000
floor:1
1000
preliminary
  0
LWPOLYLINE
  5
523
330
17
100
AcDbEntity
  8
A-FLOR
100
AcDbPolyline
 90
17
 70
1
 10
29014.0
 20
13858.0
 10
32154.0
 20
13858.0
 10
32154.0
 20
8680.0
 10
32154.0
 20
8525.0
 10
30059.0
 20
8525.0
 10
29909.0
 20
8525.0
 10
29909.0
 20
8450.0
 10
29909.0
 20
8375.0
 10
29909.0
 20
6125.0
 10
28859.0
 20
6125.0
 10
28859.0
 20
8675.0
 10
28859.0
 20
8750.0
 10
28859.0
 20
8825.0
 10
28859.0
 20
11313.0
 10
28859.0
 20
11388.0
 10
28859.0
 20
11463.0
 10
28859.0
 20
13858.0
1001
FLOORFORGE
1000
floor:1
1000
preliminary
  0
LWPOLYLINE
  5
524
330
17
100
AcDbEntity
  8
A-FLOR
100
AcDbPolyline
 90
6
 70
1
 10
32154.0
 20
6125.0
 10
30059.0
 20
6125.0
 10
30059.0
 20
8375.0
 10
32154.0
 20
8375.0
 10
32154.0
 20
8220.0
 10
32154.0
 20
6280.0
1001
FLOORFORGE
1000
floor:1
1000
preliminary
  0
LWPOLYLINE
  5
525
330
17
100
AcDbEntity
  8
A-FLOR
100
AcDbPolyline
 90
6
 70
1
 10
27209.0
 20
4525.0
 10
22422.0
 20
4525.0
 10
22422.0
 20
4680.0
 10
22422.0
 20
7270.0
 10
22422.0
 20
7425.0
 10
27209.0
 20
7425.0
1001
FLOORFORGE
1000
floor:1
1000
preliminary
  0
LWPOLYLINE
  5
526
330
17
100
AcDbEntity
  8
A-FLOR
100
AcDbPolyline
 90
12
 70
1
 10
22422.0
 20
7575.0
 10
22422.0
 20
7730.0
 10
22422.0
 20
13858.0
 10
27054.0
 20
13858.0
 10
27209.0
 20
13858.0
 10
27209.0
 20
11463.0
 10
27209.0
 20
11388.0
 10
27209.0
 20
11313.0
 10
27209.0
 20
8825.0
 10
27209.0
 20
8750.0
 10
27209.0
 20
8675.0
 10
27209.0
 20
7575.0
1001
FLOORFORGE
1000
floor:1
1000
preliminary
  0
LWPOLYLINE
  5
527
330
17
100
AcDbEntity
  8
A-FLOR
100
AcDbPolyline
 90
4
 70
1
 10
28709.0
 20
11313.0
 10
28709.0
 20
8825.0
 10
27359.0
 20
8825.0
 10
27359.0
 20
11313.0
1001
FLOORFORGE
1000
floor:1
1000
preliminary
  0
LWPOLYLINE
  5
528
330
17
100
AcDbEntity
  8
A-FLOR
100
AcDbPolyline
 90
6
 70
1
 10
28709.0
 20
13858.0
 10
28709.0
 20
11463.0
 10
27359.0
 20
11463.0
 10
27359.0
 20
13858.0
 10
27514.0
 20
13858.0
 10
28554.0
 20
13858.0
1001
FLOORFORGE
1000
floor:1
1000
preliminary
  0
LWPOLYLINE
  5
529
330
17
100
AcDbEntity
  8
A-WALL
100
AcDbPolyline
 90
5
 70
1
 10
22422.0
 20
4050.0
 10
22192.0
 20
4050.0
 10
22192.0
 20
4680.0
 10
22422.0
 20
4680.0
 10
22422.0
 20
4050.0
1001
FLOORFORGE
1000
floor:1
1000
preliminary
  0
HATCH
  5
52A
330
17
100
AcDbEntity
  8
A-WALL
 62
7
100
AcDbHatch
 10
0.0
 20
0.0
 30
0.0
210
0.0
220
0.0
230
1.0
  2
SOLID
 70
1
 71
0
 91
1
 92
3
 72
0
 73
1
 93
5
 10
22422.0
 20
4050.0
 10
22192.0
 20
4050.0
 10
22192.0
 20
4680.0
 10
22422.0
 20
4680.0
 10
22422.0
 20
4050.0
 97
0
 75
0
 76
1
 98
0
  0
LWPOLYLINE
  5
52B
330
17
100
AcDbEntity
  8
A-WALL
100
AcDbPolyline
 90
6
 70
1
 10
22422.0
 20
1550.0
 10
22422.0
 20
1320.0
 10
22192.0
 20
1320.0
 10
22192.0
 20
1950.0
 10
22422.0
 20
1950.0
 10
22422.0
 20
1550.0
1001
FLOORFORGE
1000
floor:1
1000
preliminary
  0
HATCH
  5
52C
330
17
100
AcDbEntity
  8
A-WALL
 62
7
100
AcDbHatch
 10
0.0
 20
0.0
 30
0.0
210
0.0
220
0.0
230
1.0
  2
SOLID
 70
1
 71
0
 91
1
 92
3
 72
0
 73
1
 93
6
 10
22422.0
 20
1550.0
 10
22422.0
 20
1320.0
 10
22192.0
 20
1320.0
 10
22192.0
 20
1950.0
 10
22422.0
 20
1950.0
 10
22422.0
 20
1550.0
 97
0
 75
0
 76
1
 98
0
  0
LWPOLYLINE
  5
52D
330
17
100
AcDbEntity
  8
A-WALL
100
AcDbPolyline
 90
6
 70
1
 10
26999.0
 20
1435.0
 10
25888.0
 20
1435.0
 10
25888.0
 20
1665.0
 10
26884.0
 20
1665.0
 10
26999.0
 20
1665.0
 10
26999.0
 20
1435.0
1001
FLOORFORGE
1000
floor:1
1000
preliminary
  0
HATCH
  5
52E
330
17
100
AcDbEntity
  8
A-WALL
 62
7
100
AcDbHatch
 10
0.0
 20
0.0
 30
0.0
210
0.0
220
0.0
230
1.0
  2
SOLID
 70
1
 71
0
 91
1
 92
3
 72
0
 73
1
 93
6
 10
26999.0
 20
1435.0
 10
25888.0
 20
1435.0
 10
25888.0
 20
1665.0
 10
26884.0
 20
1665.0
 10
26999.0
 20
1665.0
 10
26999.0
 20
1435.0
 97
0
 75
0
 76
1
 98
0
  0
LWPOLYLINE
  5
52F
330
17
100
AcDbEntity
  8
A-WALL
100
AcDbPolyline
 90
5
 70
1
 10
22192.0
 20
1435.0
 10
22192.0
 20
1665.0
 10
23188.0
 20
1665.0
 10
23188.0
 20
1435.0
 10
22192.0
 20
1435.0
1001
FLOORFORGE
1000
floor:1
1000
preliminary
  0
HATCH
  5
530
330
17
100
AcDbEntity
  8
A-WALL
 62
7
100
AcDbHatch
 10
0.0
 20
0.0
 30
0.0
210
0.0
220
0.0
230
1.0
  2
SOLID
 70
1
 71
0
 91
1
 92
3
 72
0
 73
1
 93
5
 10
22192.0
 20
1435.0
 10
22192.0
 20
1665.0
 10
23188.0
 20
1665.0
 10
23188.0
 20
1435.0
 10
22192.0
 20
1435.0
 97
0
 75
0
 76
1
 98
0
  0
LWPOLYLINE
  5
531
330
17
100
AcDbEntity
  8
A-WALL
100
AcDbPolyline
 90
5
 70
1
 10
22422.0
 20
6725.0
 10
22192.0
 20
6725.0
 10
22192.0
 20
7730.0
 10
22422.0
 20
7730.0
 10
22422.0
 20
6725.0
1001
FLOORFORGE
1000
floor:1
1000
preliminary
  0
HATCH
  5
532
330
17
100
AcDbEntity
  8
A-WALL
 62
7
100
AcDbHatch
 10
0.0
 20
0.0
 30
0.0
210
0.0
220
0.0
230
1.0
  2
SOLID
 70
1
 71
0
 91
1
 92
3
 72
0
 73
1
 93
5
 10
22422.0
 20
6725.0
 10
22192.0
 20
6725.0
 10
22192.0
 20
7730.0
 10
22422.0
 20
7730.0
 10
22422.0
 20
6725.0
 97
0
 75
0
 76
1
 98
0
  0
LWPOLYLINE
  5
533
330
17
100
AcDbEntity
  8
A-WALL
100
AcDbPolyline
 90
6
 70
1
 10
22422.0
 20
4450.0
 10
22422.0
 20
4220.0
 10
22192.0
 20
4220.0
 10
22192.0
 20
5225.0
 10
22422.0
 20
5225.0
 10
22422.0
 20
4450.0
1001
FLOORFORGE
1000
floor:1
1000
preliminary
  0
HATCH
  5
534
330
17
100
AcDbEntity
  8
A-WALL
 62
7
100
AcDbHatch
 10
0.0
 20
0.0
 30
0.0
210
0.0
220
0.0
230
1.0
  2
SOLID
 70
1
 71
0
 91
1
 92
3
 72
0
 73
1
 93
6
 10
22422.0
 20
4450.0
 10
22422.0
 20
4220.0
 10
22192.0
 20
4220.0
 10
22192.0
 20
5225.0
 10
22422.0
 20
5225.0
 10
22422.0
 20
4450.0
 97
0
 75
0
 76
1
 98
0
  0
LWPOLYLINE
  5
535
330
17
100
AcDbEntity
  8
A-WALL
100
AcDbPolyline
 90
6
 70
1
 10
27359.0
 20
4525.0
 10
27359.0
 20
4375.0
 10
22192.0
 20
4375.0
 10
22192.0
 20
4525.0
 10
27284.0
 20
4525.0
 10
27359.0
 20
4525.0
1001
FLOORFORGE
1000
floor:1
1000
preliminary
  0
HATCH
  5
536
330
17
100
AcDbEntity
  8
A-WALL
 62
7
100
AcDbHatch
 10
0.0
 20
0.0
 30
0.0
210
0.0
220
0.0
230
1.0
  2
SOLID
 70
1
 71
0
 91
1
 92
3
 72
0
 73
1
 93
6
 10
27359.0
 20
4525.0
 10
27359.0
 20
4375.0
 10
22192.0
 20
4375.0
 10
22192.0
 20
4525.0
 10
27284.0
 20
4525.0
 10
27359.0
 20
4525.0
 97
0
 75
0
 76
1
 98
0
  0
LWPOLYLINE
  5
537
330
17
100
AcDbEntity
  8
A-WALL
100
AcDbPolyline
 90
6
 70
1
 10
22422.0
 20
7270.0
 10
22192.0
 20
7270.0
 10
22192.0
 20
9444.0
 10
22422.0
 20
9444.0
 10
22422.0
 20
7500.0
 10
22422.0
 20
7270.0
1001
FLOORFORGE
1000
floor:1
1000
preliminary
  0
HATCH
  5
538
330
17
100
AcDbEntity
  8
A-WALL
 62
7
100
AcDbHatch
 10
0.0
 20
0.0
 30
0.0
210
0.0
220
0.0
230
1.0
  2
SOLID
 70
1
 71
0
 91
1
 92
3
 72
0
 73
1
 93
6
 10
22422.0
 20
7270.0
 10
22192.0
 20
7270.0
 10
22192.0
 20
9444.0
 10
22422.0
 20
9444.0
 10
22422.0
 20
7500.0
 10
22422.0
 20
7270.0
 97
0
 75
0
 76
1
 98
0
  0
LWPOLYLINE
  5
539
330
17
100
AcDbEntity
  8
A-WALL
100
AcDbPolyline
 90
5
 70
1
 10
22192.0
 20
14088.0
 10
22422.0
 20
14088.0
 10
22422.0
 20
12144.0
 10
22192.0
 20
12144.0
 10
22192.0
 20
14088.0
1001
FLOORFORGE
1000
floor:1
1000
preliminary
  0
HATCH
  5
53A
330
17
100
AcDbEntity
  8
A-WALL
 62
7
100
AcDbHatch
 10
0.0
 20
0.0
 30
0.0
210
0.0
220
0.0
230
1.0
  2
SOLID
 70
1
 71
0
 91
1
 92
3
 72
0
 73
1
 93
5
 10
22192.0
 20
14088.0
 10
22422.0
 20
14088.0
 10
22422.0
 20
12144.0
 10
22192.0
 20
12144.0
 10
22192.0
 20
14088.0
 97
0
 75
0
 76
1
 98
0
  0
LWPOLYLINE
  5
53B
330
17
100
AcDbEntity
  8
A-WALL
100
AcDbPolyline
 90
6
 70
1
 10
27359.0
 20
7575.0
 10
27359.0
 20
7425.0
 10
22192.0
 20
7425.0
 10
22192.0
 20
7575.0
 10
27284.0
 20
7575.0
 10
27359.0
 20
7575.0
1001
FLOORFORGE
1000
floor:1
1000
preliminary
  0
HATCH
  5
53C
330
17
100
AcDbEntity
  8
A-WALL
 62
7
100
AcDbHatch
 10
0.0
 20
0.0
 30
0.0
210
0.0
220
0.0
230
1.0
  2
SOLID
 70
1
 71
0
 91
1
 92
3
 72
0
 73
1
 93
6
 10
27359.0
 20
7575.0
 10
27359.0
 20
7425.0
 10
22192.0
 20
7425.0
 10
22192.0
 20
7575.0
 10
27284.0
 20
7575.0
 10
27359.0
 20
7575.0
 97
0
 75
0
 76
1
 98
0
  0
LWPOLYLINE
  5
53D
330
17
100
AcDbEntity
  8
A-WALL
100
AcDbPolyline
 90
5
 70
1
 10
26088.0
 20
13858.0
 10
26088.0
 20
14088.0
 10
27514.0
 20
14088.0
 10
27514.0
 20
13858.0
 10
26088.0
 20
13858.0
1001
FLOORFORGE
1000
floor:1
1000
preliminary
  0
HATCH
  5
53E
330
17
100
AcDbEntity
  8
A-WALL
 62
7
100
AcDbHatch
 10
0.0
 20
0.0
 30
0.0
210
0.0
220
0.0
230
1.0
  2
SOLID
 70
1
 71
0
 91
1
 92
3
 72
0
 73
1
 93
5
 10
26088.0
 20
13858.0
 10
26088.0
 20
14088.0
 10
27514.0
 20
14088.0
 10
27514.0
 20
13858.0
 10
26088.0
 20
13858.0
 97
0
 75
0
 76
1
 98
0
  0
LWPOLYLINE
  5
53F
330
17
100
AcDbEntity
  8
A-WALL
100
AcDbPolyline
 90
5
 70
1
 10
22192.0
 20
13858.0
 10
22192.0
 20
14088.0
 10
23388.0
 20
14088.0
 10
23388.0
 20
13858.0
 10
22192.0
 20
13858.0
1001
FLOORFORGE
1000
floor:1
1000
preliminary
  0
HATCH
  5
540
330
17
100
AcDbEntity
  8
A-WALL
 62
7
100
AcDbHatch
 10
0.0
 20
0.0
 30
0.0
210
0.0
220
0.0
230
1.0
  2
SOLID
 70
1
 71
0
 91
1
 92
3
 72
0
 73
1
 93
5
 10
22192.0
 20
13858.0
 10
22192.0
 20
14088.0
 10
23388.0
 20
14088.0
 10
23388.0
 20
13858.0
 10
22192.0
 20
13858.0
 97
0
 75
0
 76
1
 98
0
  0
LWPOLYLINE
  5
541
330
17
100
AcDbEntity
  8
A-WALL
100
AcDbPolyline
 90
6
 70
1
 10
26769.0
 20
1665.0
 10
26999.0
 20
1665.0
 10
26999.0
 20
0.0
 10
26769.0
 20
0.0
 10
26769.0
 20
1550.0
 10
26769.0
 20
1665.0
1001
FLOORFORGE
1000
floor:1
1000
preliminary
  0
HATCH
  5
542
330
17
100
AcDbEntity
  8
A-WALL
 62
7
100
AcDbHatch
 10
0.0
 20
0.0
 30
0.0
210
0.0
220
0.0
230
1.0
  2
SOLID
 70
1
 71
0
 91
1
 92
3
 72
0
 73
1
 93
6
 10
26769.0
 20
1665.0
 10
26999.0
 20
1665.0
 10
26999.0
 20
0.0
 10
26769.0
 20
0.0
 10
26769.0
 20
1550.0
 10
26769.0
 20
1665.0
 97
0
 75
0
 76
1
 98
0
  0
LWPOLYLINE
  5
543
330
17
100
AcDbEntity
  8
A-WALL
100
AcDbPolyline
 90
6
 70
1
 10
30114.0
 20
0.0
 10
29584.0
 20
0.0
 10
29584.0
 20
230.0
 10
29884.0
 20
230.0
 10
30114.0
 20
230.0
 10
30114.0
 20
0.0
1001
FLOORFORGE
1000
floor:1
1000
preliminary
  0
HATCH
  5
544
330
17
100
AcDbEntity
  8
A-WALL
 62
7
100
AcDbHatch
 10
0.0
 20
0.0
 30
0.0
210
0.0
220
0.0
230
1.0
  2
SOLID
 70
1
 71
0
 91
1
 92
3
 72
0
 73
1
 93
6
 10
30114.0
 20
0.0
 10
29584.0
 20
0.0
 10
29584.0
 20
230.0
 10
29884.0
 20
230.0
 10
30114.0
 20
230.0
 10
30114.0
 20
0.0
 97
0
 75
0
 76
1
 98
0
  0
LWPOLYLINE
  5
545
330
17
100
AcDbEntity
  8
A-WALL
100
AcDbPolyline
 90
5
 70
1
 10
26654.0
 20
0.0
 10
26654.0
 20
230.0
 10
27184.0
 20
230.0
 10
27184.0
 20
0.0
 10
26654.0
 20
0.0
1001
FLOORFORGE
1000
floor:1
1000
preliminary
  0
HATCH
  5
546
330
17
100
AcDbEntity
  8
A-WALL
 62
7
100
AcDbHatch
 10
0.0
 20
0.0
 30
0.0
210
0.0
220
0.0
230
1.0
  2
SOLID
 70
1
 71
0
 91
1
 92
3
 72
0
 73
1
 93
5
 10
26654.0
 20
0.0
 10
26654.0
 20
230.0
 10
27184.0
 20
230.0
 10
27184.0
 20
0.0
 10
26654.0
 20
0.0
 97
0
 75
0
 76
1
 98
0
  0
LWPOLYLINE
  5
547
330
17
100
AcDbEntity
  8
A-WALL
100
AcDbPolyline
 90
6
 70
1
 10
27359.0
 20
7575.0
 10
27359.0
 20
5500.0
 10
27209.0
 20
5500.0
 10
27209.0
 20
7500.0
 10
27209.0
 20
7575.0
 10
27359.0
 20
7575.0
1001
FLOORFORGE
1000
floor:1
1000
preliminary
  0
HATCH
  5
548
330
17
100
AcDbEntity
  8
A-WALL
 62
7
100
AcDbHatch
 10
0.0
 20
0.0
 30
0.0
210
0.0
220
0.0
230
1.0
  2
SOLID
 70
1
 71
0
 91
1
 92
3
 72
0
 73
1
 93
6
 10
27359.0
 20
7575.0
 10
27359.0
 20
5500.0
 10
27209.0
 20
5500.0
 10
27209.0
 20
7500.0
 10
27209.0
 20
7575.0
 10
27359.0
 20
7575.0
 97
0
 75
0
 76
1
 98
0
  0
LWPOLYLINE
  5
549
330
17
100
AcDbEntity
  8
A-WALL
100
AcDbPolyline
 90
6
 70
1
 10
27359.0
 20
4450.0
 10
27359.0
 20
4375.0
 10
27209.0
 20
4375.0
 10
27209.0
 20
4600.0
 10
27359.0
 20
4600.0
 10
27359.0
 20
4450.0
1001
FLOORFORGE
1000
floor:1
1000
preliminary
  0
HATCH
  5
54A
330
17
100
AcDbEntity
  8
A-WALL
 62
7
100
AcDbHatch
 10
0.0
 20
0.0
 30
0.0
210
0.0
220
0.0
230
1.0
  2
SOLID
 70
1
 71
0
 91
1
 92
3
 72
0
 73
1
 93
6
 10
27359.0
 20
4450.0
 10
27359.0
 20
4375.0
 10
27209.0
 20
4375.0
 10
27209.0
 20
4600.0
 10
27359.0
 20
4600.0
 10
27359.0
 20
4450.0
 97
0
 75
0
 76
1
 98
0
  0
LWPOLYLINE
  5
54B
330
17
100
AcDbEntity
  8
A-WALL
100
AcDbPolyline
 90
6
 70
1
 10
27359.0
 20
8825.0
 10
27359.0
 20
8550.0
 10
27209.0
 20
8550.0
 10
27209.0
 20
8750.0
 10
27209.0
 20
8825.0
 10
27359.0
 20
8825.0
1001
FLOORFORGE
1000
floor:1
1000
preliminary
  0
HATCH
  5
54C
330
17
100
AcDbEntity
  8
A-WALL
 62
7
100
AcDbHatch
 10
0.0
 20
0.0
 30
0.0
210
0.0
220
0.0
230
1.0
  2
SOLID
 70
1
 71
0
 91
1
 92
3
 72
0
 73
1
 93
6
 10
27359.0
 20
8825.0
 10
27359.0
 20
8550.0
 10
27209.0
 20
8550.0
 10
27209.0
 20
8750.0
 10
27209.0
 20
8825.0
 10
27359.0
 20
8825.0
 97
0
 75
0
 76
1
 98
0
  0
LWPOLYLINE
  5
54D
330
17
100
AcDbEntity
  8
A-WALL
100
AcDbPolyline
 90
6
 70
1
 10
27359.0
 20
7500.0
 10
27359.0
 20
7425.0
 10
27209.0
 20
7425.0
 10
27209.0
 20
7650.0
 10
27359.0
 20
7650.0
 10
27359.0
 20
7500.0
1001
FLOORFORGE
1000
floor:1
1000
preliminary
  0
HATCH
  5
54E
330
17
100
AcDbEntity
  8
A-WALL
 62
7
100
AcDbHatch
 10
0.0
 20
0.0
 30
0.0
210
0.0
220
0.0
230
1.0
  2
SOLID
 70
1
 71
0
 91
1
 92
3
 72
0
 73
1
 93
6
 10
27359.0
 20
7500.0
 10
27359.0
 20
7425.0
 10
27209.0
 20
7425.0
 10
27209.0
 20
7650.0
 10
27359.0
 20
7650.0
 10
27359.0
 20
7500.0
 97
0
 75
0
 76
1
 98
0
  0
LWPOLYLINE
  5
54F
330
17
100
AcDbEntity
  8
A-WALL
100
AcDbPolyline
 90
6
 70
1
 10
27359.0
 20
11463.0
 10
27359.0
 20
10519.0
 10
27209.0
 20
10519.0
 10
27209.0
 20
11388.0
 10
27209.0
 20
11463.0
 10
27359.0
 20
11463.0
1001
FLOORFORGE
1000
floor:1
1000
preliminary
  0
HATCH
  5
550
330
17
100
AcDbEntity
  8
A-WALL
 62
7
100
AcDbHatch
 10
0.0
 20
0.0
 30
0.0
210
0.0
220
0.0
230
1.0
  2
SOLID
 70
1
 71
0
 91
1
 92
3
 72
0
 73
1
 93
6
 10
27359.0
 20
11463.0
 10
27359.0
 20
10519.0
 10
27209.0
 20
10519.0
 10
27209.0
 20
11388.0
 10
27209.0
 20
11463.0
 10
27359.0
 20
11463.0
 97
0
 75
0
 76
1
 98
0
  0
LWPOLYLINE
  5
551
330
17
100
AcDbEntity
  8
A-WALL
100
AcDbPolyline
 90
6
 70
1
 10
27359.0
 20
8750.0
 10
27359.0
 20
8675.0
 10
27209.0
 20
8675.0
 10
27209.0
 20
9619.0
 10
27359.0
 20
9619.0
 10
27359.0
 20
8750.0
1001
FLOORFORGE
1000
floor:1
1000
preliminary
  0
HATCH
  5
552
330
17
100
AcDbEntity
  8
A-WALL
 62
7
100
AcDbHatch
 10
0.0
 20
0.0
 30
0.0
210
0.0
220
0.0
230
1.0
  2
SOLID
 70
1
 71
0
 91
1
 92
3
 72
0
 73
1
 93
6
 10
27359.0
 20
8750.0
 10
27359.0
 20
8675.0
 10
27209.0
 20
8675.0
 10
27209.0
 20
9619.0
 10
27359.0
 20
9619.0
 10
27359.0
 20
8750.0
 97
0
 75
0
 76
1
 98
0
  0
LWPOLYLINE
  5
553
330
17
100
AcDbEntity
  8
A-WALL
100
AcDbPolyline
 90
7
 70
1
 10
28859.0
 20
8825.0
 10
28859.0
 20
8675.0
 10
27284.0
 20
8675.0
 10
27209.0
 20
8675.0
 10
27209.0
 20
8825.0
 10
28784.0
 20
8825.0
 10
28859.0
 20
8825.0
1001
FLOORFORGE
1000
floor:1
1000
preliminary
  0
HATCH
  5
554
330
17
100
AcDbEntity
  8
A-WALL
 62
7
100
AcDbHatch
 10
0.0
 20
0.0
 30
0.0
210
0.0
220
0.0
230
1.0
  2
SOLID
 70
1
 71
0
 91
1
 92
3
 72
0
 73
1
 93
7
 10
28859.0
 20
8825.0
 10
28859.0
 20
8675.0
 10
27284.0
 20
8675.0
 10
27209.0
 20
8675.0
 10
27209.0
 20
8825.0
 10
28784.0
 20
8825.0
 10
28859.0
 20
8825.0
 97
0
 75
0
 76
1
 98
0
  0
LWPOLYLINE
  5
555
330
17
100
AcDbEntity
  8
A-WALL
100
AcDbPolyline
 90
6
 70
1
 10
27359.0
 20
11388.0
 10
27359.0
 20
11313.0
 10
27209.0
 20
11313.0
 10
27209.0
 20
14088.0
 10
27359.0
 20
14088.0
 10
27359.0
 20
11388.0
1001
FLOORFORGE
1000
floor:1
1000
preliminary
  0
HATCH
  5
556
330
17
100
AcDbEntity
  8
A-WALL
 62
7
100
AcDbHatch
 10
0.0
 20
0.0
 30
0.0
210
0.0
220
0.0
230
1.0
  2
SOLID
 70
1
 71
0
 91
1
 92
3
 72
0
 73
1
 93
6
 10
27359.0
 20
11388.0
 10
27359.0
 20
11313.0
 10
27209.0
 20
11313.0
 10
27209.0
 20
14088.0
 10
27359.0
 20
14088.0
 10
27359.0
 20
11388.0
 97
0
 75
0
 76
1
 98
0
  0
LWPOLYLINE
  5
557
330
17
100
AcDbEntity
  8
A-WALL
100
AcDbPolyline
 90
6
 70
1
 10
28859.0
 20
11313.0
 10
28409.0
 20
11313.0
 10
28409.0
 20
11463.0
 10
28784.0
 20
11463.0
 10
28859.0
 20
11463.0
 10
28859.0
 20
11313.0
1001
FLOORFORGE
1000
floor:1
1000
preliminary
  0
HATCH
  5
558
330
17
100
AcDbEntity
  8
A-WALL
 62
7
100
AcDbHatch
 10
0.0
 20
0.0
 30
0.0
210
0.0
220
0.0
230
1.0
  2
SOLID
 70
1
 71
0
 91
1
 92
3
 72
0
 73
1
 93
6
 10
28859.0
 20
11313.0
 10
28409.0
 20
11313.0
 10
28409.0
 20
11463.0
 10
28784.0
 20
11463.0
 10
28859.0
 20
11463.0
 10
28859.0
 20
11313.0
 97
0
 75
0
 76
1
 98
0
  0
LWPOLYLINE
  5
559
330
17
100
AcDbEntity
  8
A-WALL
100
AcDbPolyline
 90
6
 70
1
 10
27284.0
 20
11313.0
 10
27209.0
 20
11313.0
 10
27209.0
 20
11463.0
 10
27659.0
 20
11463.0
 10
27659.0
 20
11313.0
 10
27284.0
 20
11313.0
1001
FLOORFORGE
1000
floor:1
1000
preliminary
  0
HATCH
  5
55A
330
17
100
AcDbEntity
  8
A-WALL
 62
7
100
AcDbHatch
 10
0.0
 20
0.0
 30
0.0
210
0.0
220
0.0
230
1.0
  2
SOLID
 70
1
 71
0
 91
1
 92
3
 72
0
 73
1
 93
6
 10
27284.0
 20
11313.0
 10
27209.0
 20
11313.0
 10
27209.0
 20
11463.0
 10
27659.0
 20
11463.0
 10
27659.0
 20
11313.0
 10
27284.0
 20
11313.0
 97
0
 75
0
 76
1
 98
0
  0
LWPOLYLINE
  5
55B
330
17
100
AcDbEntity
  8
A-WALL
100
AcDbPolyline
 90
6
 70
1
 10
29014.0
 20
13858.0
 10
27284.0
 20
13858.0
 10
27054.0
 20
13858.0
 10
27054.0
 20
14088.0
 10
29014.0
 20
14088.0
 10
29014.0
 20
13858.0
1001
FLOORFORGE
1000
floor:1
1000
preliminary
  0
HATCH
  5
55C
330
17
100
AcDbEntity
  8
A-WALL
 62
7
100
AcDbHatch
 10
0.0
 20
0.0
 30
0.0
210
0.0
220
0.0
230
1.0
  2
SOLID
 70
1
 71
0
 91
1
 92
3
 72
0
 73
1
 93
6
 10
29014.0
 20
13858.0
 10
27284.0
 20
13858.0
 10
27054.0
 20
13858.0
 10
27054.0
 20
14088.0
 10
29014.0
 20
14088.0
 10
29014.0
 20
13858.0
 97
0
 75
0
 76
1
 98
0
  0
LWPOLYLINE
  5
55D
330
17
100
AcDbEntity
  8
A-WALL
100
AcDbPolyline
 90
6
 70
1
 10
28859.0
 20
6125.0
 10
28859.0
 20
5350.0
 10
28709.0
 20
5350.0
 10
28709.0
 20
6050.0
 10
28709.0
 20
6125.0
 10
28859.0
 20
6125.0
1001
FLOORFORGE
1000
floor:1
1000
preliminary
  0
HATCH
  5
55E
330
17
100
AcDbEntity
  8
A-WALL
 62
7
100
AcDbHatch
 10
0.0
 20
0.0
 30
0.0
210
0.0
220
0.0
230
1.0
  2
SOLID
 70
1
 71
0
 91
1
 92
3
 72
0
 73
1
 93
6
 10
28859.0
 20
6125.0
 10
28859.0
 20
5350.0
 10
28709.0
 20
5350.0
 10
28709.0
 20
6050.0
 10
28709.0
 20
6125.0
 10
28859.0
 20
6125.0
 97
0
 75
0
 76
1
 98
0
  0
LWPOLYLINE
  5
55F
330
17
100
AcDbEntity
  8
A-WALL
100
AcDbPolyline
 90
6
 70
1
 10
28859.0
 20
4450.0
 10
28859.0
 20
4375.0
 10
28709.0
 20
4375.0
 10
28709.0
 20
4600.0
 10
28859.0
 20
4600.0
 10
28859.0
 20
4450.0
1001
FLOORFORGE
1000
floor:1
1000
preliminary
  0
HATCH
  5
560
330
17
100
AcDbEntity
  8
A-WALL
 62
7
100
AcDbHatch
 10
0.0
 20
0.0
 30
0.0
210
0.0
220
0.0
230
1.0
  2
SOLID
 70
1
 71
0
 91
1
 92
3
 72
0
 73
1
 93
6
 10
28859.0
 20
4450.0
 10
28859.0
 20
4375.0
 10
28709.0
 20
4375.0
 10
28709.0
 20
4600.0
 10
28859.0
 20
4600.0
 10
28859.0
 20
4450.0
 97
0
 75
0
 76
1
 98
0
  0
LWPOLYLINE
  5
561
330
17
100
AcDbEntity
  8
A-WALL
100
AcDbPolyline
 90
7
 70
1
 10
29959.0
 20
4525.0
 10
29959.0
 20
4375.0
 10
28784.0
 20
4375.0
 10
28709.0
 20
4375.0
 10
28709.0
 20
4525.0
 10
29884.0
 20
4525.0
 10
29959.0
 20
4525.0
1001
FLOORFORGE
1000
floor:1
1000
preliminary
  0
HATCH
  5
562
330
17
100
AcDbEntity
  8
A-WALL
 62
7
100
AcDbHatch
 10
0.0
 20
0.0
 30
0.0
210
0.0
220
0.0
230
1.0
  2
SOLID
 70
1
 71
0
 91
1
 92
3
 72
0
 73
1
 93
7
 10
29959.0
 20
4525.0
 10
29959.0
 20
4375.0
 10
28784.0
 20
4375.0
 10
28709.0
 20
4375.0
 10
28709.0
 20
4525.0
 10
29884.0
 20
4525.0
 10
29959.0
 20
4525.0
 97
0
 75
0
 76
1
 98
0
  0
LWPOLYLINE
  5
563
330
17
100
AcDbEntity
  8
A-WALL
100
AcDbPolyline
 90
6
 70
1
 10
28859.0
 20
8825.0
 10
28859.0
 20
7100.0
 10
28709.0
 20
7100.0
 10
28709.0
 20
8750.0
 10
28709.0
 20
8825.0
 10
28859.0
 20
8825.0
1001
FLOORFORGE
1000
floor:1
1000
preliminary
  0
HATCH
  5
564
330
17
100
AcDbEntity
  8
A-WALL
 62
7
100
AcDbHatch
 10
0.0
 20
0.0
 30
0.0
210
0.0
220
0.0
230
1.0
  2
SOLID
 70
1
 71
0
 91
1
 92
3
 72
0
 73
1
 93
6
 10
28859.0
 20
8825.0
 10
28859.0
 20
7100.0
 10
28709.0
 20
7100.0
 10
28709.0
 20
8750.0
 10
28709.0
 20
8825.0
 10
28859.0
 20
8825.0
 97
0
 75
0
 76
1
 98
0
  0
LWPOLYLINE
  5
565
330
17
100
AcDbEntity
  8
A-WALL
100
AcDbPolyline
 90
6
 70
1
 10
28859.0
 20
6050.0
 10
28859.0
 20
5975.0
 10
28709.0
 20
5975.0
 10
28709.0
 20
6200.0
 10
28859.0
 20
6200.0
 10
28859.0
 20
6050.0
1001
FLOORFORGE
1000
floor:1
1000
preliminary
  0
HATCH
  5
566
330
17
100
AcDbEntity
  8
A-WALL
 62
7
100
AcDbHatch
 10
0.0
 20
0.0
 30
0.0
210
0.0
220
0.0
230
1.0
  2
SOLID
 70
1
 71
0
 91
1
 92
3
 72
0
 73
1
 93
6
 10
28859.0
 20
6050.0
 10
28859.0
 20
5975.0
 10
28709.0
 20
5975.0
 10
28709.0
 20
6200.0
 10
28859.0
 20
6200.0
 10
28859.0
 20
6050.0
 97
0
 75
0
 76
1
 98
0
  0
LWPOLYLINE
  5
567
330
17
100
AcDbEntity
  8
A-WALL
100
AcDbPolyline
 90
7
 70
1
 10
30059.0
 20
6125.0
 10
30059.0
 20
5975.0
 10
28784.0
 20
5975.0
 10
28709.0
 20
5975.0
 10
28709.0
 20
6125.0
 10
29984.0
 20
6125.0
 10
30059.0
 20
6125.0
1001
FLOORFORGE
1000
floor:1
1000
preliminary
  0
HATCH
  5
568
330
17
100
AcDbEntity
  8
A-WALL
 62
7
100
AcDbHatch
 10
0.0
 20
0.0
 30
0.0
210
0.0
220
0.0
230
1.0
  2
SOLID
 70
1
 71
0
 91
1
 92
3
 72
0
 73
1
 93
7
 10
30059.0
 20
6125.0
 10
30059.0
 20
5975.0
 10
28784.0
 20
5975.0
 10
28709.0
 20
5975.0
 10
28709.0
 20
6125.0
 10
29984.0
 20
6125.0
 10
30059.0
 20
6125.0
 97
0
 75
0
 76
1
 98
0
  0
LWPOLYLINE
  5
569
330
17
100
AcDbEntity
  8
A-WALL
100
AcDbPolyline
 90
7
 70
1
 10
28709.0
 20
11463.0
 10
28859.0
 20
11463.0
 10
28859.0
 20
8750.0
 10
28859.0
 20
8675.0
 10
28709.0
 20
8675.0
 10
28709.0
 20
11388.0
 10
28709.0
 20
11463.0
1001
FLOORFORGE
1000
floor:1
1000
preliminary
  0
HATCH
  5
56A
330
17
100
AcDbEntity
  8
A-WALL
 62
7
100
AcDbHatch
 10
0.0
 20
0.0
 30
0.0
210
0.0
220
0.0
230
1.0
  2
SOLID
 70
1
 71
0
 91
1
 92
3
 72
0
 73
1
 93
7
 10
28709.0
 20
11463.0
 10
28859.0
 20
11463.0
 10
28859.0
 20
8750.0
 10
28859.0
 20
8675.0
 10
28709.0
 20
8675.0
 10
28709.0
 20
11388.0
 10
28709.0
 20
11463.0
 97
0
 75
0
 76
1
 98
0
  0
LWPOLYLINE
  5
56B
330
17
100
AcDbEntity
  8
A-WALL
100
AcDbPolyline
 90
6
 70
1
 10
28859.0
 20
11388.0
 10
28859.0
 20
11313.0
 10
28709.0
 20
11313.0
 10
28709.0
 20
14088.0
 10
28859.0
 20
14088.0
 10
28859.0
 20
11388.0
1001
FLOORFORGE
1000
floor:1
1000
preliminary
  0
HATCH
  5
56C
330
17
100
AcDbEntity
  8
A-WALL
 62
7
100
AcDbHatch
 10
0.0
 20
0.0
 30
0.0
210
0.0
220
0.0
230
1.0
  2
SOLID
 70
1
 71
0
 91
1
 92
3
 72
0
 73
1
 93
6
 10
28859.0
 20
11388.0
 10
28859.0
 20
11313.0
 10
28709.0
 20
11313.0
 10
28709.0
 20
14088.0
 10
28859.0
 20
14088.0
 10
28859.0
 20
11388.0
 97
0
 75
0
 76
1
 98
0
  0
LWPOLYLINE
  5
56D
330
17
100
AcDbEntity
  8
A-WALL
100
AcDbPolyline
 90
6
 70
1
 10
28554.0
 20
13858.0
 10
28554.0
 20
14088.0
 10
29534.0
 20
14088.0
 10
29534.0
 20
13858.0
 10
28784.0
 20
13858.0
 10
28554.0
 20
13858.0
1001
FLOORFORGE
1000
floor:1
1000
preliminary
  0
HATCH
  5
56E
330
17
100
AcDbEntity
  8
A-WALL
 62
7
100
AcDbHatch
 10
0.0
 20
0.0
 30
0.0
210
0.0
220
0.0
230
1.0
  2
SOLID
 70
1
 71
0
 91
1
 92
3
 72
0
 73
1
 93
6
 10
28554.0
 20
13858.0
 10
28554.0
 20
14088.0
 10
29534.0
 20
14088.0
 10
29534.0
 20
13858.0
 10
28784.0
 20
13858.0
 10
28554.0
 20
13858.0
 97
0
 75
0
 76
1
 98
0
  0
LWPOLYLINE
  5
56F
330
17
100
AcDbEntity
  8
A-WALL
100
AcDbPolyline
 90
5
 70
1
 10
32384.0
 20
14088.0
 10
32384.0
 20
13858.0
 10
31634.0
 20
13858.0
 10
31634.0
 20
14088.0
 10
32384.0
 20
14088.0
1001
FLOORFORGE
1000
floor:1
1000
preliminary
  0
HATCH
  5
570
330
17
100
AcDbEntity
  8
A-WALL
 62
7
100
AcDbHatch
 10
0.0
 20
0.0
 30
0.0
210
0.0
220
0.0
230
1.0
  2
SOLID
 70
1
 71
0
 91
1
 92
3
 72
0
 73
1
 93
5
 10
32384.0
 20
14088.0
 10
32384.0
 20
13858.0
 10
31634.0
 20
13858.0
 10
31634.0
 20
14088.0
 10
32384.0
 20
14088.0
 97
0
 75
0
 76
1
 98
0
  0
LWPOLYLINE
  5
571
330
17
100
AcDbEntity
  8
A-WALL
100
AcDbPolyline
 90
5
 70
1
 10
29654.0
 20
230.0
 10
32384.0
 20
230.0
 10
32384.0
 20
0.0
 10
29654.0
 20
0.0
 10
29654.0
 20
230.0
1001
FLOORFORGE
1000
floor:1
1000
preliminary
  0
HATCH
  5
572
330
17
100
AcDbEntity
  8
A-WALL
 62
7
100
AcDbHatch
 10
0.0
 20
0.0
 30
0.0
210
0.0
220
0.0
230
1.0
  2
SOLID
 70
1
 71
0
 91
1
 92
3
 72
0
 73
1
 93
5
 10
29654.0
 20
230.0
 10
32384.0
 20
230.0
 10
32384.0
 20
0.0
 10
29654.0
 20
0.0
 10
29654.0
 20
230.0
 97
0
 75
0
 76
1
 98
0
  0
LWPOLYLINE
  5
573
330
17
100
AcDbEntity
  8
A-WALL
100
AcDbPolyline
 90
6
 70
1
 10
29884.0
 20
4375.0
 10
29809.0
 20
4375.0
 10
29809.0
 20
4525.0
 10
32384.0
 20
4525.0
 10
32384.0
 20
4375.0
 10
29884.0
 20
4375.0
1001
FLOORFORGE
1000
floor:1
1000
preliminary
  0
HATCH
  5
574
330
17
100
AcDbEntity
  8
A-WALL
 62
7
100
AcDbHatch
 10
0.0
 20
0.0
 30
0.0
210
0.0
220
0.0
230
1.0
  2
SOLID
 70
1
 71
0
 91
1
 92
3
 72
0
 73
1
 93
6
 10
29884.0
 20
4375.0
 10
29809.0
 20
4375.0
 10
29809.0
 20
4525.0
 10
32384.0
 20
4525.0
 10
32384.0
 20
4375.0
 10
29884.0
 20
4375.0
 97
0
 75
0
 76
1
 98
0
  0
LWPOLYLINE
  5
575
330
17
100
AcDbEntity
  8
A-WALL
100
AcDbPolyline
 90
6
 70
1
 10
30059.0
 20
8525.0
 10
30059.0
 20
8300.0
 10
29909.0
 20
8300.0
 10
29909.0
 20
8450.0
 10
29909.0
 20
8525.0
 10
30059.0
 20
8525.0
1001
FLOORFORGE
1000
floor:1
1000
preliminary
  0
HATCH
  5
576
330
17
100
AcDbEntity
  8
A-WALL
 62
7
100
AcDbHatch
 10
0.0
 20
0.0
 30
0.0
210
0.0
220
0.0
230
1.0
  2
SOLID
 70
1
 71
0
 91
1
 92
3
 72
0
 73
1
 93
6
 10
30059.0
 20
8525.0
 10
30059.0
 20
8300.0
 10
29909.0
 20
8300.0
 10
29909.0
 20
8450.0
 10
29909.0
 20
8525.0
 10
30059.0
 20
8525.0
 97
0
 75
0
 76
1
 98
0
  0
LWPOLYLINE
  5
577
330
17
100
AcDbEntity
  8
A-WALL
100
AcDbPolyline
 90
6
 70
1
 10
30059.0
 20
6050.0
 10
30059.0
 20
5975.0
 10
29909.0
 20
5975.0
 10
29909.0
 20
7550.0
 10
30059.0
 20
7550.0
 10
30059.0
 20
6050.0
1001
FLOORFORGE
1000
floor:1
1000
preliminary
  0
HATCH
  5
578
330
17
100
AcDbEntity
  8
A-WALL
 62
7
100
AcDbHatch
 10
0.0
 20
0.0
 30
0.0
210
0.0
220
0.0
230
1.0
  2
SOLID
 70
1
 71
0
 91
1
 92
3
 72
0
 73
1
 93
6
 10
30059.0
 20
6050.0
 10
30059.0
 20
5975.0
 10
29909.0
 20
5975.0
 10
29909.0
 20
7550.0
 10
30059.0
 20
7550.0
 10
30059.0
 20
6050.0
 97
0
 75
0
 76
1
 98
0
  0
LWPOLYLINE
  5
579
330
17
100
AcDbEntity
  8
A-WALL
100
AcDbPolyline
 90
6
 70
1
 10
29984.0
 20
5975.0
 10
29909.0
 20
5975.0
 10
29909.0
 20
6125.0
 10
32384.0
 20
6125.0
 10
32384.0
 20
5975.0
 10
29984.0
 20
5975.0
1001
FLOORFORGE
1000
floor:1
1000
preliminary
  0
HATCH
  5
57A
330
17
100
AcDbEntity
  8
A-WALL
 62
7
100
AcDbHatch
 10
0.0
 20
0.0
 30
0.0
210
0.0
220
0.0
230
1.0
  2
SOLID
 70
1
 71
0
 91
1
 92
3
 72
0
 73
1
 93
6
 10
29984.0
 20
5975.0
 10
29909.0
 20
5975.0
 10
29909.0
 20
6125.0
 10
32384.0
 20
6125.0
 10
32384.0
 20
5975.0
 10
29984.0
 20
5975.0
 97
0
 75
0
 76
1
 98
0
  0
LWPOLYLINE
  5
57B
330
17
100
AcDbEntity
  8
A-WALL
100
AcDbPolyline
 90
6
 70
1
 10
29984.0
 20
8375.0
 10
29909.0
 20
8375.0
 10
29909.0
 20
8525.0
 10
32384.0
 20
8525.0
 10
32384.0
 20
8375.0
 10
29984.0
 20
8375.0
1001
FLOORFORGE
1000
floor:1
1000
preliminary
  0
HATCH
  5
57C
330
17
100
AcDbEntity
  8
A-WALL
 62
7
100
AcDbHatch
 10
0.0
 20
0.0
 30
0.0
210
0.0
220
0.0
230
1.0
  2
SOLID
 70
1
 71
0
 91
1
 92
3
 72
0
 73
1
 93
6
 10
29984.0
 20
8375.0
 10
29909.0
 20
8375.0
 10
29909.0
 20
8525.0
 10
32384.0
 20
8525.0
 10
32384.0
 20
8375.0
 10
29984.0
 20
8375.0
 97
0
 75
0
 76
1
 98
0
  0
LWPOLYLINE
  5
57D
330
17
100
AcDbEntity
  8
A-WALL
100
AcDbPolyline
 90
6
 70
1
 10
32154.0
 20
4680.0
 10
32384.0
 20
4680.0
 10
32384.0
 20
0.0
 10
32154.0
 20
0.0
 10
32154.0
 20
4450.0
 10
32154.0
 20
4680.0
1001
FLOORFORGE
1000
floor:1
1000
preliminary
  0
HATCH
  5
57E
330
17
100
AcDbEntity
  8
A-WALL
 62
7
100
AcDbHatch
 10
0.0
 20
0.0
 30
0.0
210
0.0
220
0.0
230
1.0
  2
SOLID
 70
1
 71
0
 91
1
 92
3
 72
0
 73
1
 93
6
 10
32154.0
 20
4680.0
 10
32384.0
 20
4680.0
 10
32384.0
 20
0.0
 10
32154.0
 20
0.0
 10
32154.0
 20
4450.0
 10
32154.0
 20
4680.0
 97
0
 75
0
 76
1
 98
0
  0
LWPOLYLINE
  5
57F
330
17
100
AcDbEntity
  8
A-WALL
100
AcDbPolyline
 90
6
 70
1
 10
32154.0
 20
6280.0
 10
32384.0
 20
6280.0
 10
32384.0
 20
4220.0
 10
32154.0
 20
4220.0
 10
32154.0
 20
6050.0
 10
32154.0
 20
6280.0
1001
FLOORFORGE
1000
floor:1
1000
preliminary
  0
HATCH
  5
580
330
17
100
AcDbEntity
  8
A-WALL
 62
7
100
AcDbHatch
 10
0.0
 20
0.0
 30
0.0
210
0.0
220
0.0
230
1.0
  2
SOLID
 70
1
 71
0
 91
1
 92
3
 72
0
 73
1
 93
6
 10
32154.0
 20
6280.0
 10
32384.0
 20
6280.0
 10
32384.0
 20
4220.0
 10
32154.0
 20
4220.0
 10
32154.0
 20
6050.0
 10
32154.0
 20
6280.0
 97
0
 75
0
 76
1
 98
0
  0
LWPOLYLINE
  5
581
330
17
100
AcDbEntity
  8
A-WALL
100
AcDbPolyline
 90
6
 70
1
 10
32154.0
 20
8680.0
 10
32384.0
 20
8680.0
 10
32384.0
 20
5820.0
 10
32154.0
 20
5820.0
 10
32154.0
 20
8450.0
 10
32154.0
 20
8680.0
1001
FLOORFORGE
1000
floor:1
1000
preliminary
  0
HATCH
  5
582
330
17
100
AcDbEntity
  8
A-WALL
 62
7
100
AcDbHatch
 10
0.0
 20
0.0
 30
0.0
210
0.0
220
0.0
230
1.0
  2
SOLID
 70
1
 71
0
 91
1
 92
3
 72
0
 73
1
 93
6
 10
32154.0
 20
8680.0
 10
32384.0
 20
8680.0
 10
32384.0
 20
5820.0
 10
32154.0
 20
5820.0
 10
32154.0
 20
8450.0
 10
32154.0
 20
8680.0
 97
0
 75
0
 76
1
 98
0
  0
LWPOLYLINE
  5
583
330
17
100
AcDbEntity
  8
A-WALL
100
AcDbPolyline
 90
5
 70
1
 10
32154.0
 20
9919.0
 10
32384.0
 20
9919.0
 10
32384.0
 20
8220.0
 10
32154.0
 20
8220.0
 10
32154.0
 20
9919.0
1001
FLOORFORGE
1000
floor:1
1000
preliminary
  0
HATCH
  5
584
330
17
100
AcDbEntity
  8
A-WALL
 62
7
100
AcDbHatch
 10
0.0
 20
0.0
 30
0.0
210
0.0
220
0.0
230
1.0
  2
SOLID
 70
1
 71
0
 91
1
 92
3
 72
0
 73
1
 93
5
 10
32154.0
 20
9919.0
 10
32384.0
 20
9919.0
 10
32384.0
 20
8220.0
 10
32154.0
 20
8220.0
 10
32154.0
 20
9919.0
 97
0
 75
0
 76
1
 98
0
  0
LWPOLYLINE
  5
585
330
17
100
AcDbEntity
  8
A-WALL
100
AcDbPolyline
 90
5
 70
1
 10
32154.0
 20
14088.0
 10
32384.0
 20
14088.0
 10
32384.0
 20
12619.0
 10
32154.0
 20
12619.0
 10
32154.0
 20
14088.0
1001
FLOORFORGE
1000
floor:1
1000
preliminary
  0
HATCH
  5
586
330
17
100
AcDbEntity
  8
A-WALL
 62
7
100
AcDbHatch
 10
0.0
 20
0.0
 30
0.0
210
0.0
220
0.0
230
1.0
  2
SOLID
 70
1
 71
0
 91
1
 92
3
 72
0
 73
1
 93
5
 10
32154.0
 20
14088.0
 10
32384.0
 20
14088.0
 10
32384.0
 20
12619.0
 10
32154.0
 20
12619.0
 10
32154.0
 20
14088.0
 97
0
 75
0
 76
1
 98
0
  0
LINE
  5
587
330
17
100
AcDbEntity
  8
A-DOOR
100
AcDbLine
 10
30059.0
 20
8300.0
 30
0.0
 11
30809.0
 21
8300.0
 31
0.0
1001
FLOORFORGE
1000
floor:1
1000
preliminary
  0
LWPOLYLINE
  5
588
330
17
100
AcDbEntity
  8
A-DOOR
100
AcDbPolyline
 90
18
 70
0
 10
30059.0
 20
7550.0
 10
30128.201269597477
 20
7553.199367778724
 10
30196.812138362428
 20
7562.770175237074
 10
30264.24724255406
 20
7578.630767620386
 10
30329.931249640365
 20
7600.645827946733
 10
30393.303766832403
 20
7628.627531483703
 10
30453.824122158017
 20
7662.33714820279
 10
30510.97597728444
 20
7701.48707953982
 10
30564.271732734916
 20
7745.743312084505
 10
30613.256687915495
 20
7794.728267265082
 10
30657.51292046018
 20
7848.024022715557
 10
30696.662851797213
 20
7905.1758778419835
 10
30730.372468516296
 20
7965.696233167596
 10
30758.354172053267
 20
8029.0687503596355
 10
30780.369232379613
 20
8094.752757445938
 10
30796.229824762926
 20
8162.1878616375725
 10
30805.800632221275
 20
8230.798730402523
 10
30809.0
 20
8300.0
1001
FLOORFORGE
1000
floor:1
1000
preliminary
  0
TEXT
  5
589
330
17
100
AcDbEntity
  8
A-TAGS
100
AcDbText
 10
29659.0
 20
7865.0
 30
0.0
 40
150.0
  1
D1
 72
1
 11
29659.0
 21
7865.0
 31
0.0
100
AcDbText
 73
1
1001
FLOORFORGE
1000
floor:1
1000
preliminary
  0
LINE
  5
58A
330
17
100
AcDbEntity
  8
A-DOOR
100
AcDbLine
 10
27659.0
 20
11463.0
 30
0.0
 11
27659.0
 21
12213.0
 31
0.0
1001
FLOORFORGE
1000
floor:1
1000
preliminary
  0
LWPOLYLINE
  5
58B
330
17
100
AcDbEntity
  8
A-DOOR
100
AcDbPolyline
 90
18
 70
0
 10
28409.0
 20
11463.0
 10
28405.800632221275
 20
11532.201269597477
 10
28396.229824762926
 20
11600.812138362428
 10
28380.369232379613
 20
11668.247242554062
 10
28358.354172053267
 20
11733.931249640365
 10
28330.372468516296
 20
11797.303766832403
 10
28296.66285179721
 20
11857.824122158017
 10
28257.51292046018
 20
11914.975977284443
 10
28213.256687915495
 20
11968.271732734918
 10
28164.271732734916
 20
12017.256687915495
 10
28110.97597728444
 20
12061.51292046018
 10
28053.824122158017
 20
12100.662851797211
 10
27993.303766832403
 20
12134.372468516296
 10
27929.931249640365
 20
12162.354172053267
 10
27864.24724255406
 20
12184.369232379615
 10
27796.812138362428
 20
12200.229824762926
 10
27728.201269597477
 20
12209.800632221275
 10
27659.0
 20
12213.0
1001
FLOORFORGE
1000
floor:1
1000
preliminary
  0
TEXT
  5
58C
330
17
100
AcDbEntity
  8
A-TAGS
100
AcDbText
 10
28034.0
 20
11003.0
 30
0.0
 40
150.0
  1
D1
 72
1
 11
28034.0
 21
11003.0
 31
0.0
100
AcDbText
 73
1
1001
FLOORFORGE
1000
floor:1
1000
preliminary
  0
LINE
  5
58D
330
17
100
AcDbEntity
  8
A-DOOR
100
AcDbLine
 10
28859.0
 20
6200.0
 30
0.0
 11
29759.0
 21
6200.0
 31
0.0
1001
FLOORFORGE
1000
floor:1
1000
preliminary
  0
LWPOLYLINE
  5
58E
330
17
100
AcDbEntity
  8
A-DOOR
100
AcDbPolyline
 90
18
 70
0
 10
28859.0
 20
7100.0
 10
28942.04152351697
 20
7096.160758665531
 10
29024.374566034912
 20
7084.675789715511
 10
29105.296691064876
 20
7065.643078855537
 10
29184.117499568438
 20
7039.22500646392
 10
29260.164520198883
 20
7005.646962219556
 10
29332.788946589622
 20
6965.195422156653
 10
29401.371172741332
 20
6918.215504552216
 10
29465.326079281902
 20
6865.108025498594
 10
29524.108025498594
 20
6806.326079281902
 10
29577.215504552216
 20
6742.371172741331
 10
29624.195422156652
 20
6673.7889465896205
 10
29664.64696221956
 20
6601.164520198885
 10
29698.22500646392
 20
6525.117499568438
 10
29724.643078855537
 20
6446.296691064875
 10
29743.67578971551
 20
6365.374566034913
 10
29755.16075866553
 20
6283.041523516972
 10
29759.0
 20
6200.0
1001
FLOORFORGE
1000
floor:1
1000
preliminary
  0
TEXT
  5
58F
330
17
100
AcDbEntity
  8
A-TAGS
100
AcDbText
 10
28459.0
 20
6590.0
 30
0.0
 40
150.0
  1
D2
 72
1
 11
28459.0
 21
6590.0
 31
0.0
100
AcDbText
 73
1
1001
FLOORFORGE
1000
floor:1
1000
preliminary
  0
LINE
  5
590
330
17
100
AcDbEntity
  8
A-DOOR
100
AcDbLine
 10
27209.0
 20
7650.0
 30
0.0
 11
26309.0
 21
7650.0
 31
0.0
1001
FLOORFORGE
1000
floor:1
1000
preliminary
  0
LWPOLYLINE
  5
591
330
17
100
AcDbEntity
  8
A-DOOR
100
AcDbPolyline
 90
18
 70
0
 10
27209.0
 20
8550.0
 10
27125.95847648303
 20
8546.160758665532
 10
27043.625433965088
 20
8534.675789715511
 10
26962.703308935124
 20
8515.643078855537
 10
26883.882500431562
 20
8489.22500646392
 10
26807.835479801117
 20
8455.646962219556
 10
26735.211053410378
 20
8415.195422156652
 10
26666.628827258668
 20
8368.215504552216
 10
26602.673920718098
 20
8315.108025498594
 10
26543.891974501406
 20
8256.326079281902
 10
26490.784495447784
 20
8192.37117274133
 10
26443.804577843348
 20
8123.7889465896205
 10
26403.35303778044
 20
8051.164520198885
 10
26369.77499353608
 20
7975.117499568438
 10
26343.356921144463
 20
7896.296691064875
 10
26324.32421028449
 20
7815.374566034913
 10
26312.83924133447
 20
7733.041523516972
 10
26309.0
 20
7650.0
1001
FLOORFORGE
1000
floor:1
1000
preliminary
  0
TEXT
  5
592
330
17
100
AcDbEntity
  8
A-TAGS
100
AcDbText
 10
27609.0
 20
8040.0
 30
0.0
 40
150.0
  1
D2
 72
1
 11
27609.0
 21
8040.0
 31
0.0
100
AcDbText
 73
1
1001
FLOORFORGE
1000
floor:1
1000
preliminary
  0
LINE
  5
593
330
17
100
AcDbEntity
  8
A-DOOR
100
AcDbLine
 10
28859.0
 20
4600.0
 30
0.0
 11
29609.0
 21
4600.0
 31
0.0
1001
FLOORFORGE
1000
floor:1
1000
preliminary
  0
LWPOLYLINE
  5
594
330
17
100
AcDbEntity
  8
A-DOOR
100
AcDbPolyline
 90
18
 70
0
 10
28859.0
 20
5350.0
 10
28928.201269597477
 20
5346.800632221276
 10
28996.812138362428
 20
5337.229824762926
 10
29064.24724255406
 20
5321.369232379614
 10
29129.931249640365
 20
5299.354172053267
 10
29193.303766832403
 20
5271.372468516297
 10
29253.824122158017
 20
5237.66285179721
 10
29310.97597728444
 20
5198.51292046018
 10
29364.271732734916
 20
5154.256687915495
 10
29413.256687915495
 20
5105.271732734918
 10
29457.51292046018
 20
5051.975977284443
 10
29496.66285179721
 20
4994.8241221580165
 10
29530.372468516296
 20
4934.303766832404
 10
29558.354172053267
 20
4870.9312496403645
 10
29580.369232379613
 20
4805.247242554062
 10
29596.229824762926
 20
4737.8121383624275
 10
29605.800632221275
 20
4669.201269597476
 10
29609.0
 20
4600.0
1001
FLOORFORGE
1000
floor:1
1000
preliminary
  0
TEXT
  5
595
330
17
100
AcDbEntity
  8
A-TAGS
100
AcDbText
 10
28459.0
 20
4915.0
 30
0.0
 40
150.0
  1
D1
 72
1
 11
28459.0
 21
4915.0
 31
0.0
100
AcDbText
 73
1
1001
FLOORFORGE
1000
floor:1
1000
preliminary
  0
LINE
  5
596
330
17
100
AcDbEntity
  8
A-DOOR
100
AcDbLine
 10
27359.0
 20
9619.0
 30
0.0
 11
27359.0
 21
10519.0
 31
0.0
1001
FLOORFORGE
1000
floor:1
1000
preliminary
  0
LINE
  5
597
330
17
100
AcDbEntity
  8
A-DOOR
100
AcDbLine
 10
27209.0
 20
9619.0
 30
0.0
 11
27209.0
 21
10519.0
 31
0.0
1001
FLOORFORGE
1000
floor:1
1000
preliminary
  0
TEXT
  5
598
330
17
100
AcDbEntity
  8
A-TAGS
100
AcDbText
 10
27609.0
 20
10009.0
 30
0.0
 40
150.0
  1
O1
 72
1
 11
27609.0
 21
10009.0
 31
0.0
100
AcDbText
 73
1
1001
FLOORFORGE
1000
floor:1
1000
preliminary
  0
LINE
  5
599
330
17
100
AcDbEntity
  8
A-DOOR
100
AcDbLine
 10
27209.0
 20
4600.0
 30
0.0
 11
26309.0
 21
4600.0
 31
0.0
1001
FLOORFORGE
1000
floor:1
1000
preliminary
  0
LWPOLYLINE
  5
59A
330
17
100
AcDbEntity
  8
A-DOOR
100
AcDbPolyline
 90
18
 70
0
 10
27209.0
 20
5500.0
 10
27125.95847648303
 20
5496.160758665531
 10
27043.625433965088
 20
5484.675789715511
 10
26962.703308935124
 20
5465.643078855537
 10
26883.882500431562
 20
5439.22500646392
 10
26807.835479801117
 20
5405.646962219556
 10
26735.211053410378
 20
5365.195422156653
 10
26666.628827258668
 20
5318.215504552216
 10
26602.673920718098
 20
5265.108025498594
 10
26543.891974501406
 20
5206.326079281902
 10
26490.784495447784
 20
5142.371172741331
 10
26443.804577843348
 20
5073.7889465896205
 10
26403.35303778044
 20
5001.164520198885
 10
26369.77499353608
 20
4925.117499568438
 10
26343.356921144463
 20
4846.296691064875
 10
26324.32421028449
 20
4765.374566034913
 10
26312.83924133447
 20
4683.041523516972
 10
26309.0
 20
4600.0
1001
FLOORFORGE
1000
floor:1
1000
preliminary
  0
TEXT
  5
59B
330
17
100
AcDbEntity
  8
A-TAGS
100
AcDbText
 10
27609.0
 20
4990.0
 30
0.0
 40
150.0
  1
D2
 72
1
 11
27609.0
 21
4990.0
 31
0.0
100
AcDbText
 73
1
1001
FLOORFORGE
1000
floor:1
1000
preliminary
  0
LWPOLYLINE
  5
59C
330
17
100
AcDbEntity
  8
A-DOOR
100
AcDbPolyline
 90
4
 70
1
 10
23188.0
 20
1556.0
 10
24578.0
 20
1556.0
 10
24578.0
 20
1588.0
 10
23188.0
 20
1588.0
1001
FLOORFORGE
1000
floor:1
1000
preliminary
  0
LWPOLYLINE
  5
59D
330
17
100
AcDbEntity
  8
A-DOOR
100
AcDbPolyline
 90
4
 70
1
 10
24498.0
 20
1512.0
 10
25888.0
 20
1512.0
 10
25888.0
 20
1544.0
 10
24498.0
 20
1544.0
1001
FLOORFORGE
1000
floor:1
1000
preliminary
  0
LINE
  5
59E
330
17
100
AcDbEntity
  8
A-DOOR
100
AcDbLine
 10
24288.0
 20
1275.0
 30
0.0
 11
24788.0
 21
1275.0
 31
0.0
1001
FLOORFORGE
1000
floor:1
1000
preliminary
  0
LINE
  5
59F
330
17
100
AcDbEntity
  8
A-DOOR
100
AcDbLine
 10
24788.0
 20
1275.0
 30
0.0
 11
24708.0
 21
1335.0
 31
0.0
1001
FLOORFORGE
1000
floor:1
1000
preliminary
  0
TEXT
  5
5A0
330
17
100
AcDbEntity
  8
A-TAGS
100
AcDbText
 10
24538.0
 20
1125.0
 30
0.0
 40
150.0
  1
SD1
 72
1
 11
24538.0
 21
1125.0
 31
0.0
100
AcDbText
 73
1
1001
FLOORFORGE
1000
floor:1
1000
preliminary
  0
LINE
  5
5A1
330
17
100
AcDbEntity
  8
A-WIND
100
AcDbLine
 10
22192.0
 20
1950.0
 30
0.0
 11
22192.0
 21
4050.0
 31
0.0
1001
FLOORFORGE
1000
floor:1
1000
preliminary
  0
LINE
  5
5A2
330
17
100
AcDbEntity
  8
A-WIND
100
AcDbLine
 10
22422.0
 20
1950.0
 30
0.0
 11
22422.0
 21
4050.0
 31
0.0
1001
FLOORFORGE
1000
floor:1
1000
preliminary
  0
LINE
  5
5A3
330
17
100
AcDbEntity
  8
A-WIND
100
AcDbLine
 10
22289.0
 20
1950.0
 30
0.0
 11
22289.0
 21
4050.0
 31
0.0
1001
FLOORFORGE
1000
floor:1
1000
preliminary
  0
LINE
  5
5A4
330
17
100
AcDbEntity
  8
A-WIND
100
AcDbLine
 10
22325.0
 20
1950.0
 30
0.0
 11
22325.0
 21
4050.0
 31
0.0
1001
FLOORFORGE
1000
floor:1
1000
preliminary
  0
LINE
  5
5A5
330
17
100
AcDbEntity
  8
A-WIND
100
AcDbLine
 10
22192.0
 20
1950.0
 30
0.0
 11
22422.0
 21
1950.0
 31
0.0
1001
FLOORFORGE
1000
floor:1
1000
preliminary
  0
LINE
  5
5A6
330
17
100
AcDbEntity
  8
A-WIND
100
AcDbLine
 10
22192.0
 20
4050.0
 30
0.0
 11
22422.0
 21
4050.0
 31
0.0
1001
FLOORFORGE
1000
floor:1
1000
preliminary
  0
TEXT
  5
5A7
330
17
100
AcDbEntity
  8
A-TAGS
100
AcDbText
 10
21812.0
 20
2940.0
 30
0.0
 40
150.0
  1
W8
 72
1
 11
21812.0
 21
2940.0
 31
0.0
100
AcDbText
 73
1
1001
FLOORFORGE
1000
floor:1
1000
preliminary
  0
LINE
  5
5A8
330
17
100
AcDbEntity
  8
A-WIND
100
AcDbLine
 10
22192.0
 20
5225.0
 30
0.0
 11
22192.0
 21
6725.0
 31
0.0
1001
FLOORFORGE
1000
floor:1
1000
preliminary
  0
LINE
  5
5A9
330
17
100
AcDbEntity
  8
A-WIND
100
AcDbLine
 10
22422.0
 20
5225.0
 30
0.0
 11
22422.0
 21
6725.0
 31
0.0
1001
FLOORFORGE
1000
floor:1
1000
preliminary
  0
LINE
  5
5AA
330
17
100
AcDbEntity
  8
A-WIND
100
AcDbLine
 10
22289.0
 20
5225.0
 30
0.0
 11
22289.0
 21
6725.0
 31
0.0
1001
FLOORFORGE
1000
floor:1
1000
preliminary
  0
LINE
  5
5AB
330
17
100
AcDbEntity
  8
A-WIND
100
AcDbLine
 10
22325.0
 20
5225.0
 30
0.0
 11
22325.0
 21
6725.0
 31
0.0
1001
FLOORFORGE
1000
floor:1
1000
preliminary
  0
LINE
  5
5AC
330
17
100
AcDbEntity
  8
A-WIND
100
AcDbLine
 10
22192.0
 20
5225.0
 30
0.0
 11
22422.0
 21
5225.0
 31
0.0
1001
FLOORFORGE
1000
floor:1
1000
preliminary
  0
LINE
  5
5AD
330
17
100
AcDbEntity
  8
A-WIND
100
AcDbLine
 10
22192.0
 20
6725.0
 30
0.0
 11
22422.0
 21
6725.0
 31
0.0
1001
FLOORFORGE
1000
floor:1
1000
preliminary
  0
TEXT
  5
5AE
330
17
100
AcDbEntity
  8
A-TAGS
100
AcDbText
 10
21812.0
 20
5915.0
 30
0.0
 40
150.0
  1
W9
 72
1
 11
21812.0
 21
5915.0
 31
0.0
100
AcDbText
 73
1
1001
FLOORFORGE
1000
floor:1
1000
preliminary
  0
LINE
  5
5AF
330
17
100
AcDbEntity
  8
A-WIND
100
AcDbLine
 10
22192.0
 20
9444.0
 30
0.0
 11
22192.0
 21
12144.0
 31
0.0
1001
FLOORFORGE
1000
floor:1
1000
preliminary
  0
LINE
  5
5B0
330
17
100
AcDbEntity
  8
A-WIND
100
AcDbLine
 10
22422.0
 20
9444.0
 30
0.0
 11
22422.0
 21
12144.0
 31
0.0
1001
FLOORFORGE
1000
floor:1
1000
preliminary
  0
LINE
  5
5B1
330
17
100
AcDbEntity
  8
A-WIND
100
AcDbLine
 10
22289.0
 20
9444.0
 30
0.0
 11
22289.0
 21
12144.0
 31
0.0
1001
FLOORFORGE
1000
floor:1
1000
preliminary
  0
LINE
  5
5B2
330
17
100
AcDbEntity
  8
A-WIND
100
AcDbLine
 10
22325.0
 20
9444.0
 30
0.0
 11
22325.0
 21
12144.0
 31
0.0
1001
FLOORFORGE
1000
floor:1
1000
preliminary
  0
LINE
  5
5B3
330
17
100
AcDbEntity
  8
A-WIND
100
AcDbLine
 10
22192.0
 20
9444.0
 30
0.0
 11
22422.0
 21
9444.0
 31
0.0
1001
FLOORFORGE
1000
floor:1
1000
preliminary
  0
LINE
  5
5B4
330
17
100
AcDbEntity
  8
A-WIND
100
AcDbLine
 10
22192.0
 20
12144.0
 30
0.0
 11
22422.0
 21
12144.0
 31
0.0
1001
FLOORFORGE
1000
floor:1
1000
preliminary
  0
TEXT
  5
5B5
330
17
100
AcDbEntity
  8
A-TAGS
100
AcDbText
 10
21812.0
 20
10734.0
 30
0.0
 40
150.0
  1
W10
 72
1
 11
21812.0
 21
10734.0
 31
0.0
100
AcDbText
 73
1
1001
FLOORFORGE
1000
floor:1
1000
preliminary
  0
LINE
  5
5B6
330
17
100
AcDbEntity
  8
A-WIND
100
AcDbLine
 10
23388.0
 20
14088.0
 30
0.0
 11
26088.0
 21
14088.0
 31
0.0
1001
FLOORFORGE
1000
floor:1
1000
preliminary
  0
LINE
  5
5B7
330
17
100
AcDbEntity
  8
A-WIND
100
AcDbLine
 10
23388.0
 20
13858.0
 30
0.0
 11
26088.0
 21
13858.0
 31
0.0
1001
FLOORFORGE
1000
floor:1
1000
preliminary
  0
LINE
  5
5B8
330
17
100
AcDbEntity
  8
A-WIND
100
AcDbLine
 10
23388.0
 20
13991.0
 30
0.0
 11
26088.0
 21
13991.0
 31
0.0
1001
FLOORFORGE
1000
floor:1
1000
preliminary
  0
LINE
  5
5B9
330
17
100
AcDbEntity
  8
A-WIND
100
AcDbLine
 10
23388.0
 20
13955.0
 30
0.0
 11
26088.0
 21
13955.0
 31
0.0
1001
FLOORFORGE
1000
floor:1
1000
preliminary
  0
LINE
  5
5BA
330
17
100
AcDbEntity
  8
A-WIND
100
AcDbLine
 10
23388.0
 20
14088.0
 30
0.0
 11
23388.0
 21
13858.0
 31
0.0
1001
FLOORFORGE
1000
floor:1
1000
preliminary
  0
LINE
  5
5BB
330
17
100
AcDbEntity
  8
A-WIND
100
AcDbLine
 10
26088.0
 20
14088.0
 30
0.0
 11
26088.0
 21
13858.0
 31
0.0
1001
FLOORFORGE
1000
floor:1
1000
preliminary
  0
TEXT
  5
5BC
330
17
100
AcDbEntity
  8
A-TAGS
100
AcDbText
 10
24738.0
 20
14408.0
 30
0.0
 40
150.0
  1
W10
 72
1
 11
24738.0
 21
14408.0
 31
0.0
100
AcDbText
 73
1
1001
FLOORFORGE
1000
floor:1
1000
preliminary
  0
LINE
  5
5BD
330
17
100
AcDbEntity
  8
A-WIND
100
AcDbLine
 10
27184.0
 20
0.0
 30
0.0
 11
29584.0
 21
0.0
 31
0.0
1001
FLOORFORGE
1000
floor:1
1000
preliminary
  0
LINE
  5
5BE
330
17
100
AcDbEntity
  8
A-WIND
100
AcDbLine
 10
27184.0
 20
230.0
 30
0.0
 11
29584.0
 21
230.0
 31
0.0
1001
FLOORFORGE
1000
floor:1
1000
preliminary
  0
LINE
  5
5BF
330
17
100
AcDbEntity
  8
A-WIND
100
AcDbLine
 10
27184.0
 20
97.0
 30
0.0
 11
29584.0
 21
97.0
 31
0.0
1001
FLOORFORGE
1000
floor:1
1000
preliminary
  0
LINE
  5
5C0
330
17
100
AcDbEntity
  8
A-WIND
100
AcDbLine
 10
27184.0
 20
133.0
 30
0.0
 11
29584.0
 21
133.0
 31
0.0
1001
FLOORFORGE
1000
floor:1
1000
preliminary
  0
LINE
  5
5C1
330
17
100
AcDbEntity
  8
A-WIND
100
AcDbLine
 10
27184.0
 20
0.0
 30
0.0
 11
27184.0
 21
230.0
 31
0.0
1001
FLOORFORGE
1000
floor:1
1000
preliminary
  0
LINE
  5
5C2
330
17
100
AcDbEntity
  8
A-WIND
100
AcDbLine
 10
29584.0
 20
0.0
 30
0.0
 11
29584.0
 21
230.0
 31
0.0
1001
FLOORFORGE
1000
floor:1
1000
preliminary
  0
TEXT
  5
5C3
330
17
100
AcDbEntity
  8
A-TAGS
100
AcDbText
 10
28384.0
 20
-440.0
 30
0.0
 40
150.0
  1
W11
 72
1
 11
28384.0
 21
-440.0
 31
0.0
100
AcDbText
 73
1
1001
FLOORFORGE
1000
floor:1
1000
preliminary
  0
LINE
  5
5C4
330
17
100
AcDbEntity
  8
A-WIND
100
AcDbLine
 10
27659.0
 20
14088.0
 30
0.0
 11
28409.0
 21
14088.0
 31
0.0
1001
FLOORFORGE
1000
floor:1
1000
preliminary
  0
LINE
  5
5C5
330
17
100
AcDbEntity
  8
A-WIND
100
AcDbLine
 10
27659.0
 20
13858.0
 30
0.0
 11
28409.0
 21
13858.0
 31
0.0
1001
FLOORFORGE
1000
floor:1
1000
preliminary
  0
LINE
  5
5C6
330
17
100
AcDbEntity
  8
A-WIND
100
AcDbLine
 10
27659.0
 20
13991.0
 30
0.0
 11
28409.0
 21
13991.0
 31
0.0
1001
FLOORFORGE
1000
floor:1
1000
preliminary
  0
LINE
  5
5C7
330
17
100
AcDbEntity
  8
A-WIND
100
AcDbLine
 10
27659.0
 20
13955.0
 30
0.0
 11
28409.0
 21
13955.0
 31
0.0
1001
FLOORFORGE
1000
floor:1
1000
preliminary
  0
LINE
  5
5C8
330
17
100
AcDbEntity
  8
A-WIND
100
AcDbLine
 10
27659.0
 20
14088.0
 30
0.0
 11
27659.0
 21
13858.0
 31
0.0
1001
FLOORFORGE
1000
floor:1
1000
preliminary
  0
LINE
  5
5C9
330
17
100
AcDbEntity
  8
A-WIND
100
AcDbLine
 10
28409.0
 20
14088.0
 30
0.0
 11
28409.0
 21
13858.0
 31
0.0
1001
FLOORFORGE
1000
floor:1
1000
preliminary
  0
TEXT
  5
5CA
330
17
100
AcDbEntity
  8
A-TAGS
100
AcDbText
 10
28034.0
 20
14408.0
 30
0.0
 40
150.0
  1
V2
 72
1
 11
28034.0
 21
14408.0
 31
0.0
100
AcDbText
 73
1
1001
FLOORFORGE
1000
floor:1
1000
preliminary
  0
LINE
  5
5CB
330
17
100
AcDbEntity
  8
A-WIND
100
AcDbLine
 10
29534.0
 20
14088.0
 30
0.0
 11
31634.0
 21
14088.0
 31
0.0
1001
FLOORFORGE
1000
floor:1
1000
preliminary
  0
LINE
  5
5CC
330
17
100
AcDbEntity
  8
A-WIND
100
AcDbLine
 10
29534.0
 20
13858.0
 30
0.0
 11
31634.0
 21
13858.0
 31
0.0
1001
FLOORFORGE
1000
floor:1
1000
preliminary
  0
LINE
  5
5CD
330
17
100
AcDbEntity
  8
A-WIND
100
AcDbLine
 10
29534.0
 20
13991.0
 30
0.0
 11
31634.0
 21
13991.0
 31
0.0
1001
FLOORFORGE
1000
floor:1
1000
preliminary
  0
LINE
  5
5CE
330
17
100
AcDbEntity
  8
A-WIND
100
AcDbLine
 10
29534.0
 20
13955.0
 30
0.0
 11
31634.0
 21
13955.0
 31
0.0
1001
FLOORFORGE
1000
floor:1
1000
preliminary
  0
LINE
  5
5CF
330
17
100
AcDbEntity
  8
A-WIND
100
AcDbLine
 10
29534.0
 20
14088.0
 30
0.0
 11
29534.0
 21
13858.0
 31
0.0
1001
FLOORFORGE
1000
floor:1
1000
preliminary
  0
LINE
  5
5D0
330
17
100
AcDbEntity
  8
A-WIND
100
AcDbLine
 10
31634.0
 20
14088.0
 30
0.0
 11
31634.0
 21
13858.0
 31
0.0
1001
FLOORFORGE
1000
floor:1
1000
preliminary
  0
TEXT
  5
5D1
330
17
100
AcDbEntity
  8
A-TAGS
100
AcDbText
 10
30584.0
 20
14408.0
 30
0.0
 40
150.0
  1
W4
 72
1
 11
30584.0
 21
14408.0
 31
0.0
100
AcDbText
 73
1
1001
FLOORFORGE
1000
floor:1
1000
preliminary
  0
LINE
  5
5D2
330
17
100
AcDbEntity
  8
A-WIND
100
AcDbLine
 10
32384.0
 20
4875.0
 30
0.0
 11
32384.0
 21
5625.0
 31
0.0
1001
FLOORFORGE
1000
floor:1
1000
preliminary
  0
LINE
  5
5D3
330
17
100
AcDbEntity
  8
A-WIND
100
AcDbLine
 10
32154.0
 20
4875.0
 30
0.0
 11
32154.0
 21
5625.0
 31
0.0
1001
FLOORFORGE
1000
floor:1
1000
preliminary
  0
LINE
  5
5D4
330
17
100
AcDbEntity
  8
A-WIND
100
AcDbLine
 10
32287.0
 20
4875.0
 30
0.0
 11
32287.0
 21
5625.0
 31
0.0
1001
FLOORFORGE
1000
floor:1
1000
preliminary
  0
LINE
  5
5D5
330
17
100
AcDbEntity
  8
A-WIND
100
AcDbLine
 10
32251.0
 20
4875.0
 30
0.0
 11
32251.0
 21
5625.0
 31
0.0
1001
FLOORFORGE
1000
floor:1
1000
preliminary
  0
LINE
  5
5D6
330
17
100
AcDbEntity
  8
A-WIND
100
AcDbLine
 10
32384.0
 20
4875.0
 30
0.0
 11
32154.0
 21
4875.0
 31
0.0
1001
FLOORFORGE
1000
floor:1
1000
preliminary
  0
LINE
  5
5D7
330
17
100
AcDbEntity
  8
A-WIND
100
AcDbLine
 10
32384.0
 20
5625.0
 30
0.0
 11
32154.0
 21
5625.0
 31
0.0
1001
FLOORFORGE
1000
floor:1
1000
preliminary
  0
TEXT
  5
5D8
330
17
100
AcDbEntity
  8
A-TAGS
100
AcDbText
 10
32764.0
 20
5190.0
 30
0.0
 40
150.0
  1
V2
 72
1
 11
32764.0
 21
5190.0
 31
0.0
100
AcDbText
 73
1
1001
FLOORFORGE
1000
floor:1
1000
preliminary
  0
LINE
  5
5D9
330
17
100
AcDbEntity
  8
A-WIND
100
AcDbLine
 10
32384.0
 20
6650.0
 30
0.0
 11
32384.0
 21
7850.0
 31
0.0
1001
FLOORFORGE
1000
floor:1
1000
preliminary
  0
LINE
  5
5DA
330
17
100
AcDbEntity
  8
A-WIND
100
AcDbLine
 10
32154.0
 20
6650.0
 30
0.0
 11
32154.0
 21
7850.0
 31
0.0
1001
FLOORFORGE
1000
floor:1
1000
preliminary
  0
LINE
  5
5DB
330
17
100
AcDbEntity
  8
A-WIND
100
AcDbLine
 10
32287.0
 20
6650.0
 30
0.0
 11
32287.0
 21
7850.0
 31
0.0
1001
FLOORFORGE
1000
floor:1
1000
preliminary
  0
LINE
  5
5DC
330
17
100
AcDbEntity
  8
A-WIND
100
AcDbLine
 10
32251.0
 20
6650.0
 30
0.0
 11
32251.0
 21
7850.0
 31
0.0
1001
FLOORFORGE
1000
floor:1
1000
preliminary
  0
LINE
  5
5DD
330
17
100
AcDbEntity
  8
A-WIND
100
AcDbLine
 10
32384.0
 20
6650.0
 30
0.0
 11
32154.0
 21
6650.0
 31
0.0
1001
FLOORFORGE
1000
floor:1
1000
preliminary
  0
LINE
  5
5DE
330
17
100
AcDbEntity
  8
A-WIND
100
AcDbLine
 10
32384.0
 20
7850.0
 30
0.0
 11
32154.0
 21
7850.0
 31
0.0
1001
FLOORFORGE
1000
floor:1
1000
preliminary
  0
TEXT
  5
5DF
330
17
100
AcDbEntity
  8
A-TAGS
100
AcDbText
 10
32764.0
 20
7190.0
 30
0.0
 40
150.0
  1
V3
 72
1
 11
32764.0
 21
7190.0
 31
0.0
100
AcDbText
 73
1
1001
FLOORFORGE
1000
floor:1
1000
preliminary
  0
LINE
  5
5E0
330
17
100
AcDbEntity
  8
A-WIND
100
AcDbLine
 10
32384.0
 20
9919.0
 30
0.0
 11
32384.0
 21
12619.0
 31
0.0
1001
FLOORFORGE
1000
floor:1
1000
preliminary
  0
LINE
  5
5E1
330
17
100
AcDbEntity
  8
A-WIND
100
AcDbLine
 10
32154.0
 20
9919.0
 30
0.0
 11
32154.0
 21
12619.0
 31
0.0
1001
FLOORFORGE
1000
floor:1
1000
preliminary
  0
LINE
  5
5E2
330
17
100
AcDbEntity
  8
A-WIND
100
AcDbLine
 10
32287.0
 20
9919.0
 30
0.0
 11
32287.0
 21
12619.0
 31
0.0
1001
FLOORFORGE
1000
floor:1
1000
preliminary
  0
LINE
  5
5E3
330
17
100
AcDbEntity
  8
A-WIND
100
AcDbLine
 10
32251.0
 20
9919.0
 30
0.0
 11
32251.0
 21
12619.0
 31
0.0
1001
FLOORFORGE
1000
floor:1
1000
preliminary
  0
LINE
  5
5E4
330
17
100
AcDbEntity
  8
A-WIND
100
AcDbLine
 10
32384.0
 20
9919.0
 30
0.0
 11
32154.0
 21
9919.0
 31
0.0
1001
FLOORFORGE
1000
floor:1
1000
preliminary
  0
LINE
  5
5E5
330
17
100
AcDbEntity
  8
A-WIND
100
AcDbLine
 10
32384.0
 20
12619.0
 30
0.0
 11
32154.0
 21
12619.0
 31
0.0
1001
FLOORFORGE
1000
floor:1
1000
preliminary
  0
TEXT
  5
5E6
330
17
100
AcDbEntity
  8
A-TAGS
100
AcDbText
 10
32764.0
 20
11209.0
 30
0.0
 40
150.0
  1
W10
 72
1
 11
32764.0
 21
11209.0
 31
0.0
100
AcDbText
 73
1
1001
FLOORFORGE
1000
floor:1
1000
preliminary
  0
LINE
  5
5E7
330
17
100
AcDbEntity
  8
A-STAIR
100
AcDbLine
 10
29934.0
 20
1300.0
 30
0.0
 11
30934.0
 21
1300.0
 31
0.0
1001
FLOORFORGE
1000
floor:1
1000
preliminary
  0
LINE
  5
5E8
330
17
100
AcDbEntity
  8
A-STAIR
100
AcDbLine
 10
31134.0
 20
1300.0
 30
0.0
 11
32134.0
 21
1300.0
 31
0.0
1001
FLOORFORGE
1000
floor:1
1000
preliminary
  0
LINE
  5
5E9
330
17
100
AcDbEntity
  8
A-STAIR
100
AcDbLine
 10
29934.0
 20
1550.0
 30
0.0
 11
30934.0
 21
1550.0
 31
0.0
1001
FLOORFORGE
1000
floor:1
1000
preliminary
  0
LINE
  5
5EA
330
17
100
AcDbEntity
  8
A-STAIR
100
AcDbLine
 10
31134.0
 20
1550.0
 30
0.0
 11
32134.0
 21
1550.0
 31
0.0
1001
FLOORFORGE
1000
floor:1
1000
preliminary
  0
LINE
  5
5EB
330
17
100
AcDbEntity
  8
A-STAIR
100
AcDbLine
 10
29934.0
 20
1800.0
 30
0.0
 11
30934.0
 21
1800.0
 31
0.0
1001
FLOORFORGE
1000
floor:1
1000
preliminary
  0
LINE
  5
5EC
330
17
100
AcDbEntity
  8
A-STAIR
100
AcDbLine
 10
31134.0
 20
1800.0
 30
0.0
 11
32134.0
 21
1800.0
 31
0.0
1001
FLOORFORGE
1000
floor:1
1000
preliminary
  0
LINE
  5
5ED
330
17
100
AcDbEntity
  8
A-STAIR
100
AcDbLine
 10
29934.0
 20
2050.0
 30
0.0
 11
30934.0
 21
2050.0
 31
0.0
1001
FLOORFORGE
1000
floor:1
1000
preliminary
  0
LINE
  5
5EE
330
17
100
AcDbEntity
  8
A-STAIR
100
AcDbLine
 10
31134.0
 20
2050.0
 30
0.0
 11
32134.0
 21
2050.0
 31
0.0
1001
FLOORFORGE
1000
floor:1
1000
preliminary
  0
LINE
  5
5EF
330
17
100
AcDbEntity
  8
A-STAIR
100
AcDbLine
 10
29934.0
 20
2300.0
 30
0.0
 11
30934.0
 21
2300.0
 31
0.0
1001
FLOORFORGE
1000
floor:1
1000
preliminary
  0
LINE
  5
5F0
330
17
100
AcDbEntity
  8
A-STAIR
100
AcDbLine
 10
31134.0
 20
2300.0
 30
0.0
 11
32134.0
 21
2300.0
 31
0.0
1001
FLOORFORGE
1000
floor:1
1000
preliminary
  0
LINE
  5
5F1
330
17
100
AcDbEntity
  8
A-STAIR
100
AcDbLine
 10
29934.0
 20
2550.0
 30
0.0
 11
30934.0
 21
2550.0
 31
0.0
1001
FLOORFORGE
1000
floor:1
1000
preliminary
  0
LINE
  5
5F2
330
17
100
AcDbEntity
  8
A-STAIR
100
AcDbLine
 10
31134.0
 20
2550.0
 30
0.0
 11
32134.0
 21
2550.0
 31
0.0
1001
FLOORFORGE
1000
floor:1
1000
preliminary
  0
LINE
  5
5F3
330
17
100
AcDbEntity
  8
A-STAIR
100
AcDbLine
 10
29934.0
 20
2800.0
 30
0.0
 11
30934.0
 21
2800.0
 31
0.0
1001
FLOORFORGE
1000
floor:1
1000
preliminary
  0
LINE
  5
5F4
330
17
100
AcDbEntity
  8
A-STAIR
100
AcDbLine
 10
31134.0
 20
2800.0
 30
0.0
 11
32134.0
 21
2800.0
 31
0.0
1001
FLOORFORGE
1000
floor:1
1000
preliminary
  0
LINE
  5
5F5
330
17
100
AcDbEntity
  8
A-STAIR
100
AcDbLine
 10
29934.0
 20
3050.0
 30
0.0
 11
30934.0
 21
3050.0
 31
0.0
1001
FLOORFORGE
1000
floor:1
1000
preliminary
  0
LINE
  5
5F6
330
17
100
AcDbEntity
  8
A-STAIR
100
AcDbLine
 10
31134.0
 20
3050.0
 30
0.0
 11
32134.0
 21
3050.0
 31
0.0
1001
FLOORFORGE
1000
floor:1
1000
preliminary
  0
LINE
  5
5F7
330
17
100
AcDbEntity
  8
A-STAIR
100
AcDbLine
 10
29934.0
 20
3300.0
 30
0.0
 11
30934.0
 21
3300.0
 31
0.0
1001
FLOORFORGE
1000
floor:1
1000
preliminary
  0
LINE
  5
5F8
330
17
100
AcDbEntity
  8
A-STAIR
100
AcDbLine
 10
31134.0
 20
3300.0
 30
0.0
 11
32134.0
 21
3300.0
 31
0.0
1001
FLOORFORGE
1000
floor:1
1000
preliminary
  0
LWPOLYLINE
  5
5F9
330
17
100
AcDbEntity
  8
A-STAIR
100
AcDbPolyline
 90
4
 70
0
 10
30434.0
 20
1300.0
 10
30434.0
 20
3825.0
 10
31634.0
 20
3825.0
 10
31634.0
 20
1300.0
1001
FLOORFORGE
1000
floor:1
1000
preliminary
  0
LWPOLYLINE
  5
5FA
330
17
100
AcDbEntity
  8
A-STAIR
100
AcDbPolyline
 90
3
 70
1
 10
31564.0
 20
1440.0
 10
31704.0
 20
1440.0
 10
31634.0
 20
1300.0
1001
FLOORFORGE
1000
floor:1
1000
preliminary
  0
HATCH
  5
5FB
330
17
100
AcDbEntity
  8
A-STAIR
 62
7
100
AcDbHatch
 10
0.0
 20
0.0
 30
0.0
210
0.0
220
0.0
230
1.0
  2
SOLID
 70
1
 71
0
 91
1
 92
3
 72
0
 73
1
 93
3
 10
31564.0
 20
1440.0
 10
31704.0
 20
1440.0
 10
31634.0
 20
1300.0
 97
0
 75
0
 76
1
 98
0
  0
TEXT
  5
5FC
330
17
100
AcDbEntity
  8
A-STAIR
100
AcDbText
 10
30434.0
 20
1040.0
 30
0.0
 40
170.0
  1
DN
 72
1
 11
30434.0
 21
1040.0
 31
0.0
100
AcDbText
 73
1
1001
FLOORFORGE
1000
floor:1
1000
preliminary
  0
TEXT
  5
5FD
330
17
100
AcDbEntity
  8
A-STAIR
100
AcDbText
 10
31034.0
 20
550.0
 30
0.0
 40
140.0
  1
18R @ 175 / T 250
 72
1
 11
31034.0
 21
550.0
 31
0.0
100
AcDbText
 73
1
1001
FLOORFORGE
1000
floor:1
1000
preliminary
  0
LWPOLYLINE
  5
5FE
330
17
100
AcDbEntity
  8
A-FURN
100
AcDbPolyline
 90
4
 70
1
 10
26472.0
 20
3195.0000000000005
 10
26472.0
 20
4175.0
 10
24122.0
 20
4175.0
 10
24122.0
 20
3195.0000000000005
1001
FLOORFORGE
1000
floor:1
1000
preliminary
  0
LWPOLYLINE
  5
5FF
330
17
100
AcDbEntity
  8
A-FURN
100
AcDbPolyline
 90
4
 70
1
 10
26852.0
 20
3495.0
 10
26852.0
 20
3855.0
 10
26492.0
 20
3855.0
 10
26492.0
 20
3495.0
1001
FLOORFORGE
1000
floor:1
1000
preliminary
  0
LWPOLYLINE
  5
600
330
17
100
AcDbEntity
  8
A-FURN
100
AcDbPolyline
 90
4
 70
1
 10
31039.0
 20
5234.999999999999
 10
31039.0
 20
5955.0
 10
30579.0
 20
5955.0
 10
30579.0
 20
5234.999999999999
1001
FLOORFORGE
1000
floor:1
1000
preliminary
  0
LWPOLYLINE
  5
601
330
17
100
AcDbEntity
  8
A-FURN
100
AcDbPolyline
 90
4
 70
1
 10
29859.0
 20
5455.0
 10
29859.0
 20
5955.0
 10
28859.0
 20
5955.0
 10
28859.0
 20
5455.0
1001
FLOORFORGE
1000
floor:1
1000
preliminary
  0
LWPOLYLINE
  5
602
330
17
100
AcDbEntity
  8
A-FURN
100
AcDbPolyline
 90
4
 70
1
 10
31049.0
 20
11545.000000000004
 10
31049.0
 20
13245.000000000004
 10
28879.0
 20
13245.000000000004
 10
28879.0
 20
11545.000000000004
1001
FLOORFORGE
1000
floor:1
1000
preliminary
  0
LWPOLYLINE
  5
603
330
17
100
AcDbEntity
  8
A-FURN
100
AcDbPolyline
 90
4
 70
1
 10
29459.0
 20
8525.000000000002
 10
29459.0
 20
10925.0
 10
28859.0
 20
10925.0
 10
28859.0
 20
8525.000000000002
1001
FLOORFORGE
1000
floor:1
1000
preliminary
  0
LWPOLYLINE
  5
604
330
17
100
AcDbEntity
  8
A-FURN
100
AcDbPolyline
 90
4
 70
1
 10
32134.0
 20
7194.999999999999
 10
32134.0
 20
7655.0
 10
31414.0
 20
7655.0
 10
31414.0
 20
7194.999999999999
1001
FLOORFORGE
1000
floor:1
1000
preliminary
  0
LWPOLYLINE
  5
605
330
17
100
AcDbEntity
  8
A-FURN
100
AcDbPolyline
 90
4
 70
1
 10
30954.0
 20
6145.0
 10
30954.0
 20
6645.0
 10
30154.0
 20
6645.0
 10
30154.0
 20
6145.0
1001
FLOORFORGE
1000
floor:1
1000
preliminary
  0
LWPOLYLINE
  5
606
330
17
100
AcDbEntity
  8
A-FURN
100
AcDbPolyline
 90
4
 70
1
 10
23672.0
 20
5125.000000000001
 10
23672.0
 20
6725.000000000001
 10
22442.0
 20
6725.000000000001
 10
22442.0
 20
5125.000000000001
1001
FLOORFORGE
1000
floor:1
1000
preliminary
  0
LWPOLYLINE
  5
607
330
17
100
AcDbEntity
  8
A-FURN
100
AcDbPolyline
 90
4
 70
1
 10
25409.0
 20
4525.0
 10
25409.0
 20
4875.0
 10
24209.0
 20
4875.0
 10
24209.0
 20
4525.0
1001
FLOORFORGE
1000
floor:1
1000
preliminary
  0
LWPOLYLINE
  5
608
330
17
100
AcDbEntity
  8
A-FURN
100
AcDbPolyline
 90
4
 70
1
 10
24889.0
 20
7595.0
 10
24889.0
 20
9765.0
 10
22989.0
 20
9765.0
 10
22989.0
 20
7595.0
1001
FLOORFORGE
1000
floor:1
1000
preliminary
  0
LWPOLYLINE
  5
609
330
17
100
AcDbEntity
  8
A-FURN
100
AcDbPolyline
 90
4
 70
1
 10
27209.0
 20
10658.000000000002
 10
27209.0
 20
13058.0
 10
26609.0
 20
13058.0
 10
26609.0
 20
10658.000000000002
1001
FLOORFORGE
1000
floor:1
1000
preliminary
  0
LWPOLYLINE
  5
60A
330
17
100
AcDbEntity
  8
A-FURN
100
AcDbPolyline
 90
4
 70
1
 10
28709.0
 20
8913.0
 10
28709.0
 20
10713.000000000002
 10
28109.0
 20
10713.000000000002
 10
28109.0
 20
8913.0
1001
FLOORFORGE
1000
floor:1
1000
preliminary
  0
LWPOLYLINE
  5
60B
330
17
100
AcDbEntity
  8
A-FURN
100
AcDbPolyline
 90
4
 70
1
 10
28689.0
 20
13228.0
 10
28689.0
 20
13688.0
 10
27969.0
 20
13688.0
 10
27969.0
 20
13228.0
1001
FLOORFORGE
1000
floor:1
1000
preliminary
  0
LWPOLYLINE
  5
60C
330
17
100
AcDbEntity
  8
A-FURN
100
AcDbPolyline
 90
4
 70
1
 10
28689.0
 20
12108.0
 10
28689.0
 20
13108.0
 10
28189.0
 20
13108.0
 10
28189.0
 20
12108.0
1001
FLOORFORGE
1000
floor:1
1000
preliminary
  0
LWPOLYLINE
  5
60D
330
17
100
AcDbEntity
  8
A-EXT
100
AcDbPolyline
 90
4
 70
1
 10
22192.0
 20
-1250.0
 10
30724.0
 20
-1250.0
 10
30724.0
 20
0.0
 10
22192.0
 20
0.0
1001
FLOORFORGE
1000
floor:1
1000
preliminary
  0
TEXT
  5
60E
330
17
100
AcDbEntity
  8
A-EXT
100
AcDbText
 10
26458.0
 20
-1130.0
 30
0.0
 40
130.0
  1
BALCONY
 72
1
 11
26458.0
 21
-1130.0
 31
0.0
100
AcDbText
 73
1
1001
FLOORFORGE
1000
floor:1
1000
preliminary
  0
TEXT
  5
60F
330
17
100
AcDbEntity
  8
A-ANNO
100
AcDbText
 10
31019.0
 20
2302.0
 30
0.0
 40
220.0
  1
STAIR
 72
1
 11
31019.0
 21
2302.0
 31
0.0
100
AcDbText
 73
1
1001
FLOORFORGE
1000
floor:1
1000
preliminary
  0
TEXT
  5
610
330
17
100
AcDbEntity
  8
A-ANNO
100
AcDbText
 10
28226.1826171875
 20
2857.8701171875
 30
0.0
 40
220.0
  1
FAMILY LOUNGE
 72
1
 11
28226.1826171875
 21
2857.8701171875
 31
0.0
100
AcDbText
 73
1
1001
FLOORFORGE
1000
floor:1
1000
preliminary
  0
TEXT
  5
611
330
17
100
AcDbEntity
  8
A-ANNO
100
AcDbText
 10
28226.1826171875
 20
2578.3701171875
 30
0.0
 40
150.0
  1
7.46 x 2.71*
 72
1
 11
28226.1826171875
 21
2578.3701171875
 31
0.0
100
AcDbText
 73
1
1001
FLOORFORGE
1000
floor:1
1000
preliminary
  0
TEXT
  5
612
330
17
100
AcDbEntity
  8
A-ANNO
100
AcDbText
 10
28226.1826171875
 20
2368.3701171875
 30
0.0
 40
150.0
  1
24.5 m2
 72
1
 11
28226.1826171875
 21
2368.3701171875
 31
0.0
100
AcDbText
 73
1
1001
FLOORFORGE
1000
floor:1
1000
preliminary
  0
TEXT
  5
613
330
17
100
AcDbEntity
  8
A-ANNO
100
AcDbText
 10
24480.5
 20
777.0
 30
0.0
 40
170.0
  1
OPEN TERRACE
 72
1
 11
24480.5
 21
777.0
 31
0.0
100
AcDbText
 73
1
1001
FLOORFORGE
1000
floor:1
1000
preliminary
  0
TEXT
  5
614
330
17
100
AcDbEntity
  8
A-ANNO
100
AcDbText
 10
24480.5
 20
542.0
 30
0.0
 40
130.0
  1
4.23 x 1.44*
 72
1
 11
24480.5
 21
542.0
 31
0.0
100
AcDbText
 73
1
1001
FLOORFORGE
1000
floor:1
1000
preliminary
  0
TEXT
  5
615
330
17
100
AcDbEntity
  8
A-ANNO
100
AcDbText
 10
24480.5
 20
360.0
 30
0.0
 40
130.0
  1
6.5 m2
 72
1
 11
24480.5
 21
360.0
 31
0.0
100
AcDbText
 73
1
1001
FLOORFORGE
1000
floor:1
1000
preliminary
  0
TEXT
  5
616
330
17
100
AcDbEntity
  8
A-ANNO
100
AcDbText
 10
28034.0
 20
6834.5
 30
0.0
 40
170.0
  1
HALL
 72
1
 11
28034.0
 21
6834.5
 31
0.0
100
AcDbText
 73
1
1001
FLOORFORGE
1000
floor:1
1000
preliminary
  0
TEXT
  5
617
330
17
100
AcDbEntity
  8
A-ANNO
100
AcDbText
 10
30506.5
 20
5309.5
 30
0.0
 40
170.0
  1
COMMON BATH
 72
1
 11
30506.5
 21
5309.5
 31
0.0
100
AcDbText
 73
1
1001
FLOORFORGE
1000
floor:1
1000
preliminary
  0
TEXT
  5
618
330
17
100
AcDbEntity
  8
A-ANNO
100
AcDbText
 10
30506.5
 20
5074.5
 30
0.0
 40
130.0
  1
3.29 x 1.45
 72
1
 11
30506.5
 21
5074.5
 31
0.0
100
AcDbText
 73
1
1001
FLOORFORGE
1000
floor:1
1000
preliminary
  0
TEXT
  5
619
330
17
100
AcDbEntity
  8
A-ANNO
100
AcDbText
 10
30506.5
 20
4892.5
 30
0.0
 40
130.0
  1
4.8 m2
 72
1
 11
30506.5
 21
4892.5
 31
0.0
100
AcDbText
 73
1
1001
FLOORFORGE
1000
floor:1
1000
preliminary
  0
TEXT
  5
61A
330
17
100
AcDbEntity
  8
A-ANNO
100
AcDbText
 10
30502.72412109375
 20
12239.63037109375
 30
0.0
 40
220.0
  1
BEDROOM 2
 72
1
 11
30502.72412109375
 21
12239.63037109375
 31
0.0
100
AcDbText
 73
1
1001
FLOORFORGE
1000
floor:1
1000
preliminary
  0
TEXT
  5
61B
330
17
100
AcDbEntity
  8
A-ANNO
100
AcDbText
 10
30502.72412109375
 20
11960.13037109375
 30
0.0
 40
150.0
  1
3.29 x 5.33*
 72
1
 11
30502.72412109375
 21
11960.13037109375
 31
0.0
100
AcDbText
 73
1
1001
FLOORFORGE
1000
floor:1
1000
preliminary
  0
TEXT
  5
61C
330
17
100
AcDbEntity
  8
A-ANNO
100
AcDbText
 10
30502.72412109375
 20
11750.13037109375
 30
0.0
 40
150.0
  1
20.1 m2
 72
1
 11
30502.72412109375
 21
11750.13037109375
 31
0.0
100
AcDbText
 73
1
1001
FLOORFORGE
1000
floor:1
1000
preliminary
  0
TEXT
  5
61D
330
17
100
AcDbEntity
  8
A-ANNO
100
AcDbText
 10
31106.5
 20
7327.0
 30
0.0
 40
220.0
  1
BATH 2
 72
1
 11
31106.5
 21
7327.0
 31
0.0
100
AcDbText
 73
1
1001
FLOORFORGE
1000
floor:1
1000
preliminary
  0
TEXT
  5
61E
330
17
100
AcDbEntity
  8
A-ANNO
100
AcDbText
 10
31106.5
 20
7047.5
 30
0.0
 40
150.0
  1
2.10 x 2.25
 72
1
 11
31106.5
 21
7047.5
 31
0.0
100
AcDbText
 73
1
1001
FLOORFORGE
1000
floor:1
1000
preliminary
  0
TEXT
  5
61F
330
17
100
AcDbEntity
  8
A-ANNO
100
AcDbText
 10
31106.5
 20
6837.5
 30
0.0
 40
150.0
  1
4.7 m2
 72
1
 11
31106.5
 21
6837.5
 31
0.0
100
AcDbText
 73
1
1001
FLOORFORGE
1000
floor:1
1000
preliminary
  0
TEXT
  5
620
330
17
100
AcDbEntity
  8
A-ANNO
100
AcDbText
 10
24815.5
 20
6052.0
 30
0.0
 40
220.0
  1
STUDY
 72
1
 11
24815.5
 21
6052.0
 31
0.0
100
AcDbText
 73
1
1001
FLOORFORGE
1000
floor:1
1000
preliminary
  0
TEXT
  5
621
330
17
100
AcDbEntity
  8
A-ANNO
100
AcDbText
 10
24815.5
 20
5772.5
 30
0.0
 40
150.0
  1
4.79 x 2.90
 72
1
 11
24815.5
 21
5772.5
 31
0.0
100
AcDbText
 73
1
1001
FLOORFORGE
1000
floor:1
1000
preliminary
  0
TEXT
  5
622
330
17
100
AcDbEntity
  8
A-ANNO
100
AcDbText
 10
24815.5
 20
5562.5
 30
0.0
 40
150.0
  1
13.9 m2
 72
1
 11
24815.5
 21
5562.5
 31
0.0
100
AcDbText
 73
1
1001
FLOORFORGE
1000
floor:1
1000
preliminary
  0
TEXT
  5
623
330
17
100
AcDbEntity
  8
A-ANNO
100
AcDbText
 10
24815.5
 20
10146.0
 30
0.0
 40
220.0
  1
MASTER BEDROOM
 72
1
 11
24815.5
 21
10146.0
 31
0.0
100
AcDbText
 73
1
1001
FLOORFORGE
1000
floor:1
1000
preliminary
  0
TEXT
  5
624
330
17
100
AcDbEntity
  8
A-ANNO
100
AcDbText
 10
24815.5
 20
9866.5
 30
0.0
 40
150.0
  1
4.79 x 6.28
 72
1
 11
24815.5
 21
9866.5
 31
0.0
100
AcDbText
 73
1
1001
FLOORFORGE
1000
floor:1
1000
preliminary
  0
TEXT
  5
625
330
17
100
AcDbEntity
  8
A-ANNO
100
AcDbText
 10
24815.5
 20
9656.5
 30
0.0
 40
150.0
  1
30.1 m2
 72
1
 11
24815.5
 21
9656.5
 31
0.0
100
AcDbText
 73
1
1001
FLOORFORGE
1000
floor:1
1000
preliminary
  0
TEXT
  5
626
330
17
100
AcDbEntity
  8
A-ANNO
100
AcDbText
 10
28034.0
 20
10128.5
 30
0.0
 40
170.0
  1
MASTER DRESS
 72
1
 11
28034.0
 21
10128.5
 31
0.0
100
AcDbText
 73
1
1001
FLOORFORGE
1000
floor:1
1000
preliminary
  0
TEXT
  5
627
330
17
100
AcDbEntity
  8
A-ANNO
100
AcDbText
 10
28034.0
 20
9893.5
 30
0.0
 40
130.0
  1
1.35 x 2.49
 72
1
 11
28034.0
 21
9893.5
 31
0.0
100
AcDbText
 73
1
1001
FLOORFORGE
1000
floor:1
1000
preliminary
  0
TEXT
  5
628
330
17
100
AcDbEntity
  8
A-ANNO
100
AcDbText
 10
28034.0
 20
9711.5
 30
0.0
 40
130.0
  1
3.4 m2
 72
1
 11
28034.0
 21
9711.5
 31
0.0
100
AcDbText
 73
1
1001
FLOORFORGE
1000
floor:1
1000
preliminary
  0
TEXT
  5
629
330
17
100
AcDbEntity
  8
A-ANNO
100
AcDbText
 10
28034.0
 20
12720.0
 30
0.0
 40
170.0
  1
MASTER BATH
 72
1
 11
28034.0
 21
12720.0
 31
0.0
100
AcDbText
 73
1
1001
FLOORFORGE
1000
floor:1
1000
preliminary
  0
TEXT
  5
62A
330
17
100
AcDbEntity
  8
A-ANNO
100
AcDbText
 10
28034.0
 20
12485.0
 30
0.0
 40
130.0
  1
1.35 x 2.40
 72
1
 11
28034.0
 21
12485.0
 31
0.0
100
AcDbText
 73
1
1001
FLOORFORGE
1000
floor:1
1000
preliminary
  0
TEXT
  5
62B
330
17
100
AcDbEntity
  8
A-ANNO
100
AcDbText
 10
28034.0
 20
12303.0
 30
0.0
 40
130.0
  1
3.2 m2
 72
1
 11
28034.0
 21
12303.0
 31
0.0
100
AcDbText
 73
1
1001
FLOORFORGE
1000
floor:1
1000
preliminary
  0
DIMENSION
  5
62C
330
17
100
AcDbEntity
  8
A-DIMS
100
AcDbDimension
280
0
  2
*D51
  3
FF-ARCH
 10
22192.0
 20
-1800.0
 30
0.0
 11
24688.0
 21
-1650.0
 31
0.0
 70
32
 71
5
  1
<>
100
AcDbAlignedDimension
 13
22192.0
 23
0.0
 33
0.0
 14
27184.0
 24
0.0
 34
0.0
 50
0.0
100
AcDbRotatedDimension
1001
FLOORFORGE
1000
floor:1
1000
preliminary
  0
DIMENSION
  5
63B
330
17
100
AcDbEntity
  8
A-DIMS
100
AcDbDimension
280
0
  2
*D52
  3
FF-ARCH
 10
27184.0
 20
-1800.0
 30
0.0
 11
28384.0
 21
-1650.0
 31
0.0
 70
32
 71
5
  1
<>
100
AcDbAlignedDimension
 13
27184.0
 23
0.0
 33
0.0
 14
29584.0
 24
0.0
 34
0.0
 50
0.0
100
AcDbRotatedDimension
1001
FLOORFORGE
1000
floor:1
1000
preliminary
  0
DIMENSION
  5
64A
330
17
100
AcDbEntity
  8
A-DIMS
100
AcDbDimension
280
0
  2
*D53
  3
FF-ARCH
 10
29584.0
 20
-1800.0
 30
0.0
 11
30984.0
 21
-1650.0
 31
0.0
 70
32
 71
5
  1
<>
100
AcDbAlignedDimension
 13
29584.0
 23
0.0
 33
0.0
 14
32384.0
 24
0.0
 34
0.0
 50
0.0
100
AcDbRotatedDimension
1001
FLOORFORGE
1000
floor:1
1000
preliminary
  0
DIMENSION
  5
659
330
17
100
AcDbEntity
  8
A-DIMS
100
AcDbDimension
280
0
  2
*D54
  3
FF-ARCH
 10
22192.0
 20
-2250.0
 30
0.0
 11
24538.0
 21
-2100.0
 31
0.0
 70
32
 71
5
  1
<>
100
AcDbAlignedDimension
 13
22192.0
 23
0.0
 33
0.0
 14
26884.0
 24
0.0
 34
0.0
 50
0.0
100
AcDbRotatedDimension
1001
FLOORFORGE
1000
floor:1
1000
preliminary
  0
DIMENSION
  5
668
330
17
100
AcDbEntity
  8
A-DIMS
100
AcDbDimension
280
0
  2
*D55
  3
FF-ARCH
 10
26884.0
 20
-2250.0
 30
0.0
 11
29634.0
 21
-2100.0
 31
0.0
 70
32
 71
5
  1
<>
100
AcDbAlignedDimension
 13
26884.0
 23
0.0
 33
0.0
 14
32384.0
 24
0.0
 34
0.0
 50
0.0
100
AcDbRotatedDimension
1001
FLOORFORGE
1000
floor:1
1000
preliminary
  0
DIMENSION
  5
677
330
17
100
AcDbEntity
  8
A-DIMS
100
AcDbDimension
280
0
  2
*D56
  3
FF-ARCH
 10
22192.0
 20
-2700.0
 30
0.0
 11
27288.0
 21
-2550.0
 31
0.0
 70
32
 71
5
  1
<>
100
AcDbAlignedDimension
 13
22192.0
 23
0.0
 33
0.0
 14
32384.0
 24
0.0
 34
0.0
 50
0.0
100
AcDbRotatedDimension
1001
FLOORFORGE
1000
floor:1
1000
preliminary
  0
DIMENSION
  5
686
330
17
100
AcDbEntity
  8
A-DIMS
100
AcDbDimension
280
0
  2
*D57
  3
FF-ARCH
 10
22192.0
 20
14638.0
 30
0.0
 11
22790.0
 21
14788.0
 31
0.0
 70
32
 71
5
  1
<>
100
AcDbAlignedDimension
 13
22192.0
 23
14088.0
 33
0.0
 14
23388.0
 24
14088.0
 34
0.0
 50
0.0
100
AcDbRotatedDimension
1001
FLOORFORGE
1000
floor:1
1000
preliminary
  0
DIMENSION
  5
695
330
17
100
AcDbEntity
  8
A-DIMS
100
AcDbDimension
280
0
  2
*D58
  3
FF-ARCH
 10
23388.0
 20
14638.0
 30
0.0
 11
24738.0
 21
14788.0
 31
0.0
 70
32
 71
5
  1
<>
100
AcDbAlignedDimension
 13
23388.0
 23
14088.0
 33
0.0
 14
26088.0
 24
14088.0
 34
0.0
 50
0.0
100
AcDbRotatedDimension
1001
FLOORFORGE
1000
floor:1
1000
preliminary
  0
DIMENSION
  5
6A4
330
17
100
AcDbEntity
  8
A-DIMS
100
AcDbDimension
280
0
  2
*D59
  3
FF-ARCH
 10
26088.0
 20
14638.0
 30
0.0
 11
26873.5
 21
14788.0
 31
0.0
 70
32
 71
5
  1
<>
100
AcDbAlignedDimension
 13
26088.0
 23
14088.0
 33
0.0
 14
27659.0
 24
14088.0
 34
0.0
 50
0.0
100
AcDbRotatedDimension
1001
FLOORFORGE
1000
floor:1
1000
preliminary
  0
DIMENSION
  5
6B3
330
17
100
AcDbEntity
  8
A-DIMS
100
AcDbDimension
280
0
  2
*D60
  3
FF-ARCH
 10
27659.0
 20
14638.0
 30
0.0
 11
28034.0
 21
14788.0
 31
0.0
 70
32
 71
5
  1
<>
100
AcDbAlignedDimension
 13
27659.0
 23
14088.0
 33
0.0
 14
28409.0
 24
14088.0
 34
0.0
 50
0.0
100
AcDbRotatedDimension
1001
FLOORFORGE
1000
floor:1
1000
preliminary
  0
DIMENSION
  5
6C2
330
17
100
AcDbEntity
  8
A-DIMS
100
AcDbDimension
280
0
  2
*D61
  3
FF-ARCH
 10
28409.0
 20
14638.0
 30
0.0
 11
28971.5
 21
14788.0
 31
0.0
 70
32
 71
5
  1
<>
100
AcDbAlignedDimension
 13
28409.0
 23
14088.0
 33
0.0
 14
29534.0
 24
14088.0
 34
0.0
 50
0.0
100
AcDbRotatedDimension
1001
FLOORFORGE
1000
floor:1
1000
preliminary
  0
DIMENSION
  5
6D1
330
17
100
AcDbEntity
  8
A-DIMS
100
AcDbDimension
280
0
  2
*D62
  3
FF-ARCH
 10
29534.0
 20
14638.0
 30
0.0
 11
30584.0
 21
14788.0
 31
0.0
 70
32
 71
5
  1
<>
100
AcDbAlignedDimension
 13
29534.0
 23
14088.0
 33
0.0
 14
31634.0
 24
14088.0
 34
0.0
 50
0.0
100
AcDbRotatedDimension
1001
FLOORFORGE
1000
floor:1
1000
preliminary
  0
DIMENSION
  5
6E0
330
17
100
AcDbEntity
  8
A-DIMS
100
AcDbDimension
280
0
  2
*D63
  3
FF-ARCH
 10
31634.0
 20
14638.0
 30
0.0
 11
32009.0
 21
14788.0
 31
0.0
 70
32
 71
5
  1
<>
100
AcDbAlignedDimension
 13
31634.0
 23
14088.0
 33
0.0
 14
32384.0
 24
14088.0
 34
0.0
 50
0.0
100
AcDbRotatedDimension
1001
FLOORFORGE
1000
floor:1
1000
preliminary
  0
DIMENSION
  5
6EF
330
17
100
AcDbEntity
  8
A-DIMS
100
AcDbDimension
280
0
  2
*D64
  3
FF-ARCH
 10
22192.0
 20
15088.0
 30
0.0
 11
24738.0
 21
15238.0
 31
0.0
 70
32
 71
5
  1
<>
100
AcDbAlignedDimension
 13
22192.0
 23
14088.0
 33
0.0
 14
27284.0
 24
14088.0
 34
0.0
 50
0.0
100
AcDbRotatedDimension
1001
FLOORFORGE
1000
floor:1
1000
preliminary
  0
DIMENSION
  5
6FE
330
17
100
AcDbEntity
  8
A-DIMS
100
AcDbDimension
280
0
  2
*D65
  3
FF-ARCH
 10
27284.0
 20
15088.0
 30
0.0
 11
28034.0
 21
15238.0
 31
0.0
 70
32
 71
5
  1
<>
100
AcDbAlignedDimension
 13
27284.0
 23
14088.0
 33
0.0
 14
28784.0
 24
14088.0
 34
0.0
 50
0.0
100
AcDbRotatedDimension
1001
FLOORFORGE
1000
floor:1
1000
preliminary
  0
DIMENSION
  5
70D
330
17
100
AcDbEntity
  8
A-DIMS
100
AcDbDimension
280
0
  2
*D66
  3
FF-ARCH
 10
28784.0
 20
15088.0
 30
0.0
 11
30584.0
 21
15238.0
 31
0.0
 70
32
 71
5
  1
<>
100
AcDbAlignedDimension
 13
28784.0
 23
14088.0
 33
0.0
 14
32384.0
 24
14088.0
 34
0.0
 50
0.0
100
AcDbRotatedDimension
1001
FLOORFORGE
1000
floor:1
1000
preliminary
  0
DIMENSION
  5
71C
330
17
100
AcDbEntity
  8
A-DIMS
100
AcDbDimension
280
0
  2
*D67
  3
FF-ARCH
 10
22192.0
 20
15538.0
 30
0.0
 11
27288.0
 21
15688.0
 31
0.0
 70
32
 71
5
  1
<>
100
AcDbAlignedDimension
 13
22192.0
 23
14088.0
 33
0.0
 14
32384.0
 24
14088.0
 34
0.0
 50
0.0
100
AcDbRotatedDimension
1001
FLOORFORGE
1000
floor:1
1000
preliminary
  0
DIMENSION
  5
72B
330
17
100
AcDbEntity
  8
A-DIMS
100
AcDbDimension
280
0
  2
*D68
  3
FF-ARCH
 10
21642.0
 20
0.0
 30
0.0
 11
21492.0
 21
975.0
 31
0.0
 70
32
 71
5
  1
<>
100
AcDbAlignedDimension
 13
22192.0
 23
0.0
 33
0.0
 14
22192.0
 24
1950.0
 34
0.0
 50
90.0
100
AcDbRotatedDimension
1001
FLOORFORGE
1000
floor:1
1000
preliminary
  0
DIMENSION
  5
73A
330
17
100
AcDbEntity
  8
A-DIMS
100
AcDbDimension
280
0
  2
*D69
  3
FF-ARCH
 10
21642.0
 20
1950.0
 30
0.0
 11
21492.0
 21
3000.0
 31
0.0
 70
32
 71
5
  1
<>
100
AcDbAlignedDimension
 13
22192.0
 23
1950.0
 33
0.0
 14
22192.0
 24
4050.0
 34
0.0
 50
90.0
100
AcDbRotatedDimension
1001
FLOORFORGE
1000
floor:1
1000
preliminary
  0
DIMENSION
  5
749
330
17
100
AcDbEntity
  8
A-DIMS
100
AcDbDimension
280
0
  2
*D70
  3
FF-ARCH
 10
21642.0
 20
4050.0
 30
0.0
 11
21492.0
 21
4637.5
 31
0.0
 70
32
 71
5
  1
<>
100
AcDbAlignedDimension
 13
22192.0
 23
4050.0
 33
0.0
 14
22192.0
 24
5225.0
 34
0.0
 50
90.0
100
AcDbRotatedDimension
1001
FLOORFORGE
1000
floor:1
1000
preliminary
  0
DIMENSION
  5
758
330
17
100
AcDbEntity
  8
A-DIMS
100
AcDbDimension
280
0
  2
*D71
  3
FF-ARCH
 10
21642.0
 20
5225.0
 30
0.0
 11
21492.0
 21
5975.0
 31
0.0
 70
32
 71
5
  1
<>
100
AcDbAlignedDimension
 13
22192.0
 23
5225.0
 33
0.0
 14
22192.0
 24
6725.0
 34
0.0
 50
90.0
100
AcDbRotatedDimension
1001
FLOORFORGE
1000
floor:1
1000
preliminary
  0
DIMENSION
  5
767
330
17
100
AcDbEntity
  8
A-DIMS
100
AcDbDimension
280
0
  2
*D72
  3
FF-ARCH
 10
21642.0
 20
6725.0
 30
0.0
 11
21492.0
 21
8084.5
 31
0.0
 70
32
 71
5
  1
<>
100
AcDbAlignedDimension
 13
22192.0
 23
6725.0
 33
0.0
 14
22192.0
 24
9444.0
 34
0.0
 50
90.0
100
AcDbRotatedDimension
1001
FLOORFORGE
1000
floor:1
1000
preliminary
  0
DIMENSION
  5
776
330
17
100
AcDbEntity
  8
A-DIMS
100
AcDbDimension
280
0
  2
*D73
  3
FF-ARCH
 10
21642.0
 20
9444.0
 30
0.0
 11
21492.0
 21
10794.0
 31
0.0
 70
32
 71
5
  1
<>
100
AcDbAlignedDimension
 13
22192.0
 23
9444.0
 33
0.0
 14
22192.0
 24
12144.0
 34
0.0
 50
90.0
100
AcDbRotatedDimension
1001
FLOORFORGE
1000
floor:1
1000
preliminary
  0
DIMENSION
  5
785
330
17
100
AcDbEntity
  8
A-DIMS
100
AcDbDimension
280
0
  2
*D74
  3
FF-ARCH
 10
21642.0
 20
12144.0
 30
0.0
 11
21492.0
 21
13116.0
 31
0.0
 70
32
 71
5
  1
<>
100
AcDbAlignedDimension
 13
22192.0
 23
12144.0
 33
0.0
 14
22192.0
 24
14088.0
 34
0.0
 50
90.0
100
AcDbRotatedDimension
1001
FLOORFORGE
1000
floor:1
1000
preliminary
  0
DIMENSION
  5
794
330
17
100
AcDbEntity
  8
A-DIMS
100
AcDbDimension
280
0
  2
*D75
  3
FF-ARCH
 10
21192.0
 20
0.0
 30
0.0
 11
21042.0
 21
775.0
 31
0.0
 70
32
 71
5
  1
<>
100
AcDbAlignedDimension
 13
22192.0
 23
0.0
 33
0.0
 14
22192.0
 24
1550.0
 34
0.0
 50
90.0
100
AcDbRotatedDimension
1001
FLOORFORGE
1000
floor:1
1000
preliminary
  0
DIMENSION
  5
7A3
330
17
100
AcDbEntity
  8
A-DIMS
100
AcDbDimension
280
0
  2
*D76
  3
FF-ARCH
 10
21192.0
 20
1550.0
 30
0.0
 11
21042.0
 21
3000.0
 31
0.0
 70
32
 71
5
  1
<>
100
AcDbAlignedDimension
 13
22192.0
 23
1550.0
 33
0.0
 14
22192.0
 24
4450.0
 34
0.0
 50
90.0
100
AcDbRotatedDimension
1001
FLOORFORGE
1000
floor:1
1000
preliminary
  0
DIMENSION
  5
7B2
330
17
100
AcDbEntity
  8
A-DIMS
100
AcDbDimension
280
0
  2
*D77
  3
FF-ARCH
 10
21192.0
 20
4450.0
 30
0.0
 11
21042.0
 21
5975.0
 31
0.0
 70
32
 71
5
  1
<>
100
AcDbAlignedDimension
 13
22192.0
 23
4450.0
 33
0.0
 14
22192.0
 24
7500.0
 34
0.0
 50
90.0
100
AcDbRotatedDimension
1001
FLOORFORGE
1000
floor:1
1000
preliminary
  0
DIMENSION
  5
7C1
330
17
100
AcDbEntity
  8
A-DIMS
100
AcDbDimension
280
0
  2
*D78
  3
FF-ARCH
 10
21192.0
 20
7500.0
 30
0.0
 11
21042.0
 21
10794.0
 31
0.0
 70
32
 71
5
  1
<>
100
AcDbAlignedDimension
 13
22192.0
 23
7500.0
 33
0.0
 14
22192.0
 24
14088.0
 34
0.0
 50
90.0
100
AcDbRotatedDimension
1001
FLOORFORGE
1000
floor:1
1000
preliminary
  0
DIMENSION
  5
7D0
330
17
100
AcDbEntity
  8
A-DIMS
100
AcDbDimension
280
0
  2
*D79
  3
FF-ARCH
 10
20742.0
 20
0.0
 30
0.0
 11
20592.0
 21
7044.0
 31
0.0
 70
32
 71
5
  1
<>
100
AcDbAlignedDimension
 13
22192.0
 23
0.0
 33
0.0
 14
22192.0
 24
14088.0
 34
0.0
 50
90.0
100
AcDbRotatedDimension
1001
FLOORFORGE
1000
floor:1
1000
preliminary
  0
DIMENSION
  5
7DF
330
17
100
AcDbEntity
  8
A-DIMS
100
AcDbDimension
280
0
  2
*D80
  3
FF-ARCH
 10
32934.0
 20
0.0
 30
0.0
 11
32784.0
 21
2437.5
 31
0.0
 70
32
 71
5
  1
<>
100
AcDbAlignedDimension
 13
32384.0
 23
0.0
 33
0.0
 14
32384.0
 24
4875.0
 34
0.0
 50
90.0
100
AcDbRotatedDimension
1001
FLOORFORGE
1000
floor:1
1000
preliminary
  0
DIMENSION
  5
7EE
330
17
100
AcDbEntity
  8
A-DIMS
100
AcDbDimension
280
0
  2
*D81
  3
FF-ARCH
 10
32934.0
 20
4875.0
 30
0.0
 11
32784.0
 21
5250.0
 31
0.0
 70
32
 71
5
  1
<>
100
AcDbAlignedDimension
 13
32384.0
 23
4875.0
 33
0.0
 14
32384.0
 24
5625.0
 34
0.0
 50
90.0
100
AcDbRotatedDimension
1001
FLOORFORGE
1000
floor:1
1000
preliminary
  0
DIMENSION
  5
7FD
330
17
100
AcDbEntity
  8
A-DIMS
100
AcDbDimension
280
0
  2
*D82
  3
FF-ARCH
 10
32934.0
 20
5625.0
 30
0.0
 11
32784.0
 21
6137.5
 31
0.0
 70
32
 71
5
  1
<>
100
AcDbAlignedDimension
 13
32384.0
 23
5625.0
 33
0.0
 14
32384.0
 24
6650.0
 34
0.0
 50
90.0
100
AcDbRotatedDimension
1001
FLOORFORGE
1000
floor:1
1000
preliminary
  0
DIMENSION
  5
80C
330
17
100
AcDbEntity
  8
A-DIMS
100
AcDbDimension
280
0
  2
*D83
  3
FF-ARCH
 10
32934.0
 20
6650.0
 30
0.0
 11
32784.0
 21
7250.0
 31
0.0
 70
32
 71
5
  1
<>
100
AcDbAlignedDimension
 13
32384.0
 23
6650.0
 33
0.0
 14
32384.0
 24
7850.0
 34
0.0
 50
90.0
100
AcDbRotatedDimension
1001
FLOORFORGE
1000
floor:1
1000
preliminary
  0
DIMENSION
  5
81B
330
17
100
AcDbEntity
  8
A-DIMS
100
AcDbDimension
280
0
  2
*D84
  3
FF-ARCH
 10
32934.0
 20
7850.0
 30
0.0
 11
32784.0
 21
8884.5
 31
0.0
 70
32
 71
5
  1
<>
100
AcDbAlignedDimension
 13
32384.0
 23
7850.0
 33
0.0
 14
32384.0
 24
9919.0
 34
0.0
 50
90.0
100
AcDbRotatedDimension
1001
FLOORFORGE
1000
floor:1
1000
preliminary
  0
DIMENSION
  5
82A
330
17
100
AcDbEntity
  8
A-DIMS
100
AcDbDimension
280
0
  2
*D85
  3
FF-ARCH
 10
32934.0
 20
9919.0
 30
0.0
 11
32784.0
 21
11269.0
 31
0.0
 70
32
 71
5
  1
<>
100
AcDbAlignedDimension
 13
32384.0
 23
9919.0
 33
0.0
 14
32384.0
 24
12619.0
 34
0.0
 50
90.0
100
AcDbRotatedDimension
1001
FLOORFORGE
1000
floor:1
1000
preliminary
  0
DIMENSION
  5
839
330
17
100
AcDbEntity
  8
A-DIMS
100
AcDbDimension
280
0
  2
*D86
  3
FF-ARCH
 10
32934.0
 20
12619.0
 30
0.0
 11
32784.0
 21
13353.5
 31
0.0
 70
32
 71
5
  1
<>
100
AcDbAlignedDimension
 13
32384.0
 23
12619.0
 33
0.0
 14
32384.0
 24
14088.0
 34
0.0
 50
90.0
100
AcDbRotatedDimension
1001
FLOORFORGE
1000
floor:1
1000
preliminary
  0
DIMENSION
  5
848
330
17
100
AcDbEntity
  8
A-DIMS
100
AcDbDimension
280
0
  2
*D87
  3
FF-ARCH
 10
33384.0
 20
0.0
 30
0.0
 11
33234.0
 21
2225.0
 31
0.0
 70
32
 71
5
  1
<>
100
AcDbAlignedDimension
 13
32384.0
 23
0.0
 33
0.0
 14
32384.0
 24
4450.0
 34
0.0
 50
90.0
100
AcDbRotatedDimension
1001
FLOORFORGE
1000
floor:1
1000
preliminary
  0
DIMENSION
  5
857
330
17
100
AcDbEntity
  8
A-DIMS
100
AcDbDimension
280
0
  2
*D88
  3
FF-ARCH
 10
33384.0
 20
4450.0
 30
0.0
 11
33234.0
 21
5250.0
 31
0.0
 70
32
 71
5
  1
<>
100
AcDbAlignedDimension
 13
32384.0
 23
4450.0
 33
0.0
 14
32384.0
 24
6050.0
 34
0.0
 50
90.0
100
AcDbRotatedDimension
1001
FLOORFORGE
1000
floor:1
1000
preliminary
  0
DIMENSION
  5
866
330
17
100
AcDbEntity
  8
A-DIMS
100
AcDbDimension
280
0
  2
*D89
  3
FF-ARCH
 10
33384.0
 20
6050.0
 30
0.0
 11
33234.0
 21
7250.0
 31
0.0
 70
32
 71
5
  1
<>
100
AcDbAlignedDimension
 13
32384.0
 23
6050.0
 33
0.0
 14
32384.0
 24
8450.0
 34
0.0
 50
90.0
100
AcDbRotatedDimension
1001
FLOORFORGE
1000
floor:1
1000
preliminary
  0
DIMENSION
  5
875
330
17
100
AcDbEntity
  8
A-DIMS
100
AcDbDimension
280
0
  2
*D90
  3
FF-ARCH
 10
33384.0
 20
8450.0
 30
0.0
 11
33234.0
 21
11269.0
 31
0.0
 70
32
 71
5
  1
<>
100
AcDbAlignedDimension
 13
32384.0
 23
8450.0
 33
0.0
 14
32384.0
 24
14088.0
 34
0.0
 50
90.0
100
AcDbRotatedDimension
1001
FLOORFORGE
1000
floor:1
1000
preliminary
  0
DIMENSION
  5
884
330
17
100
AcDbEntity
  8
A-DIMS
100
AcDbDimension
280
0
  2
*D91
  3
FF-ARCH
 10
33834.0
 20
0.0
 30
0.0
 11
33684.0
 21
7044.0
 31
0.0
 70
32
 71
5
  1
<>
100
AcDbAlignedDimension
 13
32384.0
 23
0.0
 33
0.0
 14
32384.0
 24
14088.0
 34
0.0
 50
90.0
100
AcDbRotatedDimension
1001
FLOORFORGE
1000
floor:1
1000
preliminary
  0
LINE
  5
893
330
17
100
AcDbEntity
  8
A-GRID
100
AcDbLine
 10
22307.0
 20
-1450.0
 30
0.0
 11
22307.0
 21
15888.0
 31
0.0
1001
FLOORFORGE
1000
floor:1
1000
preliminary
  0
CIRCLE
  5
894
330
17
100
AcDbEntity
  8
A-GRID
100
AcDbCircle
 10
22307.0
 20
16188.0
 30
0.0
 40
300.0
1001
FLOORFORGE
1000
floor:1
1000
preliminary
  0
TEXT
  5
895
330
17
100
AcDbEntity
  8
A-GRID
100
AcDbText
 10
22307.0
 20
16098.0
 30
0.0
 40
220.0
  1
A
 72
1
 11
22307.0
 21
16098.0
 31
0.0
100
AcDbText
 73
1
1001
FLOORFORGE
1000
floor:1
1000
preliminary
  0
LINE
  5
896
330
17
100
AcDbEntity
  8
A-GRID
100
AcDbLine
 10
27284.0
 20
-1450.0
 30
0.0
 11
27284.0
 21
15888.0
 31
0.0
1001
FLOORFORGE
1000
floor:1
1000
preliminary
  0
CIRCLE
  5
897
330
17
100
AcDbEntity
  8
A-GRID
100
AcDbCircle
 10
27284.0
 20
16188.0
 30
0.0
 40
300.0
1001
FLOORFORGE
1000
floor:1
1000
preliminary
  0
TEXT
  5
898
330
17
100
AcDbEntity
  8
A-GRID
100
AcDbText
 10
27284.0
 20
16098.0
 30
0.0
 40
220.0
  1
B
 72
1
 11
27284.0
 21
16098.0
 31
0.0
100
AcDbText
 73
1
1001
FLOORFORGE
1000
floor:1
1000
preliminary
  0
LINE
  5
899
330
17
100
AcDbEntity
  8
A-GRID
100
AcDbLine
 10
28784.0
 20
-1450.0
 30
0.0
 11
28784.0
 21
15888.0
 31
0.0
1001
FLOORFORGE
1000
floor:1
1000
preliminary
  0
CIRCLE
  5
89A
330
17
100
AcDbEntity
  8
A-GRID
100
AcDbCircle
 10
28784.0
 20
16188.0
 30
0.0
 40
300.0
1001
FLOORFORGE
1000
floor:1
1000
preliminary
  0
TEXT
  5
89B
330
17
100
AcDbEntity
  8
A-GRID
100
AcDbText
 10
28784.0
 20
16098.0
 30
0.0
 40
220.0
  1
C
 72
1
 11
28784.0
 21
16098.0
 31
0.0
100
AcDbText
 73
1
1001
FLOORFORGE
1000
floor:1
1000
preliminary
  0
LINE
  5
89C
330
17
100
AcDbEntity
  8
A-GRID
100
AcDbLine
 10
32269.0
 20
-1450.0
 30
0.0
 11
32269.0
 21
15888.0
 31
0.0
1001
FLOORFORGE
1000
floor:1
1000
preliminary
  0
CIRCLE
  5
89D
330
17
100
AcDbEntity
  8
A-GRID
100
AcDbCircle
 10
32269.0
 20
16188.0
 30
0.0
 40
300.0
1001
FLOORFORGE
1000
floor:1
1000
preliminary
  0
TEXT
  5
89E
330
17
100
AcDbEntity
  8
A-GRID
100
AcDbText
 10
32269.0
 20
16098.0
 30
0.0
 40
220.0
  1
D
 72
1
 11
32269.0
 21
16098.0
 31
0.0
100
AcDbText
 73
1
1001
FLOORFORGE
1000
floor:1
1000
preliminary
  0
LINE
  5
89F
330
17
100
AcDbEntity
  8
A-GRID
100
AcDbLine
 10
20392.0
 20
115.0
 30
0.0
 11
32584.0
 21
115.0
 31
0.0
1001
FLOORFORGE
1000
floor:1
1000
preliminary
  0
CIRCLE
  5
8A0
330
17
100
AcDbEntity
  8
A-GRID
100
AcDbCircle
 10
20092.0
 20
115.0
 30
0.0
 40
300.0
1001
FLOORFORGE
1000
floor:1
1000
preliminary
  0
TEXT
  5
8A1
330
17
100
AcDbEntity
  8
A-GRID
100
AcDbText
 10
20092.0
 20
25.0
 30
0.0
 40
220.0
  1
1
 72
1
 11
20092.0
 21
25.0
 31
0.0
100
AcDbText
 73
1
1001
FLOORFORGE
1000
floor:1
1000
preliminary
  0
LINE
  5
8A2
330
17
100
AcDbEntity
  8
A-GRID
100
AcDbLine
 10
20392.0
 20
1550.0
 30
0.0
 11
32584.0
 21
1550.0
 31
0.0
1001
FLOORFORGE
1000
floor:1
1000
preliminary
  0
CIRCLE
  5
8A3
330
17
100
AcDbEntity
  8
A-GRID
100
AcDbCircle
 10
20092.0
 20
1550.0
 30
0.0
 40
300.0
1001
FLOORFORGE
1000
floor:1
1000
preliminary
  0
TEXT
  5
8A4
330
17
100
AcDbEntity
  8
A-GRID
100
AcDbText
 10
20092.0
 20
1460.0
 30
0.0
 40
220.0
  1
2
 72
1
 11
20092.0
 21
1460.0
 31
0.0
100
AcDbText
 73
1
1001
FLOORFORGE
1000
floor:1
1000
preliminary
  0
LINE
  5
8A5
330
17
100
AcDbEntity
  8
A-GRID
100
AcDbLine
 10
20392.0
 20
4450.0
 30
0.0
 11
32584.0
 21
4450.0
 31
0.0
1001
FLOORFORGE
1000
floor:1
1000
preliminary
  0
CIRCLE
  5
8A6
330
17
100
AcDbEntity
  8
A-GRID
100
AcDbCircle
 10
20092.0
 20
4450.0
 30
0.0
 40
300.0
1001
FLOORFORGE
1000
floor:1
1000
preliminary
  0
TEXT
  5
8A7
330
17
100
AcDbEntity
  8
A-GRID
100
AcDbText
 10
20092.0
 20
4360.0
 30
0.0
 40
220.0
  1
3
 72
1
 11
20092.0
 21
4360.0
 31
0.0
100
AcDbText
 73
1
1001
FLOORFORGE
1000
floor:1
1000
preliminary
  0
LINE
  5
8A8
330
17
100
AcDbEntity
  8
A-GRID
100
AcDbLine
 10
20392.0
 20
7500.0
 30
0.0
 11
32584.0
 21
7500.0
 31
0.0
1001
FLOORFORGE
1000
floor:1
1000
preliminary
  0
CIRCLE
  5
8A9
330
17
100
AcDbEntity
  8
A-GRID
100
AcDbCircle
 10
20092.0
 20
7500.0
 30
0.0
 40
300.0
1001
FLOORFORGE
1000
floor:1
1000
preliminary
  0
TEXT
  5
8AA
330
17
100
AcDbEntity
  8
A-GRID
100
AcDbText
 10
20092.0
 20
7410.0
 30
0.0
 40
220.0
  1
4
 72
1
 11
20092.0
 21
7410.0
 31
0.0
100
AcDbText
 73
1
1001
FLOORFORGE
1000
floor:1
1000
preliminary
  0
LINE
  5
8AB
330
17
100
AcDbEntity
  8
A-GRID
100
AcDbLine
 10
20392.0
 20
11388.0
 30
0.0
 11
32584.0
 21
11388.0
 31
0.0
1001
FLOORFORGE
1000
floor:1
1000
preliminary
  0
CIRCLE
  5
8AC
330
17
100
AcDbEntity
  8
A-GRID
100
AcDbCircle
 10
20092.0
 20
11388.0
 30
0.0
 40
300.0
1001
FLOORFORGE
1000
floor:1
1000
preliminary
  0
TEXT
  5
8AD
330
17
100
AcDbEntity
  8
A-GRID
100
AcDbText
 10
20092.0
 20
11298.0
 30
0.0
 40
220.0
  1
5
 72
1
 11
20092.0
 21
11298.0
 31
0.0
100
AcDbText
 73
1
1001
FLOORFORGE
1000
floor:1
1000
preliminary
  0
LINE
  5
8AE
330
17
100
AcDbEntity
  8
A-GRID
100
AcDbLine
 10
20392.0
 20
13973.0
 30
0.0
 11
32584.0
 21
13973.0
 31
0.0
1001
FLOORFORGE
1000
floor:1
1000
preliminary
  0
CIRCLE
  5
8AF
330
17
100
AcDbEntity
  8
A-GRID
100
AcDbCircle
 10
20092.0
 20
13973.0
 30
0.0
 40
300.0
1001
FLOORFORGE
1000
floor:1
1000
preliminary
  0
TEXT
  5
8B0
330
17
100
AcDbEntity
  8
A-GRID
100
AcDbText
 10
20092.0
 20
13883.0
 30
0.0
 40
220.0
  1
6
 72
1
 11
20092.0
 21
13883.0
 31
0.0
100
AcDbText
 73
1
1001
FLOORFORGE
1000
floor:1
1000
preliminary
  0
LWPOLYLINE
  5
8B1
330
17
100
AcDbEntity
  8
A-LEVL
100
AcDbPolyline
 90
3
 70
1
 10
28374.0
 20
2070.8701171875
 10
28594.0
 20
2070.8701171875
 10
28484.0
 20
1880.8701171875
1001
FLOORFORGE
1000
floor:1
1000
preliminary
  0
HATCH
  5
8B2
330
17
100
AcDbEntity
  8
A-LEVL
 62
7
100
AcDbHatch
 10
0.0
 20
0.0
 30
0.0
210
0.0
220
0.0
230
1.0
  2
SOLID
 70
1
 71
0
 91
1
 92
3
 72
0
 73
1
 93
3
 10
28374.0
 20
2070.8701171875
 10
28594.0
 20
2070.8701171875
 10
28484.0
 20
1880.8701171875
 97
0
 75
0
 76
1
 98
0
  0
LINE
  5
8B3
330
17
100
AcDbEntity
  8
A-LEVL
100
AcDbLine
 10
28104.0
 20
1880.8701171875
 30
0.0
 11
28864.0
 21
1880.8701171875
 31
0.0
1001
FLOORFORGE
1000
floor:1
1000
preliminary
  0
TEXT
  5
8B4
330
17
100
AcDbEntity
  8
A-LEVL
100
AcDbText
 10
28654.0
 20
1940.8701171875
 30
0.0
 40
160.0
  1
FFL +3.600
 11
28654.0
 21
1940.8701171875
 31
0.0
100
AcDbText
1001
FLOORFORGE
1000
floor:1
1000
preliminary
  0
LINE
  5
8B5
330
17
100
AcDbEntity
  8
A-SECT
100
AcDbLine
 10
30434.0
 20
-1350.0
 30
0.0
 11
30434.0
 21
-2820.0
 31
0.0
1001
FLOORFORGE
1000
floor:1
1000
preliminary
  0
LINE
  5
8B6
330
17
100
AcDbEntity
  8
A-SECT
100
AcDbLine
 10
30434.0
 20
-2820.0
 30
0.0
 11
30434.0
 21
-3120.0
 31
0.0
1001
FLOORFORGE
1000
floor:1
1000
preliminary
  0
CIRCLE
  5
8B7
330
17
100
AcDbEntity
  8
A-SECT
100
AcDbCircle
 10
30434.0
 20
-3400.0
 30
0.0
 40
280.0
1001
FLOORFORGE
1000
floor:1
1000
preliminary
  0
TEXT
  5
8B8
330
17
100
AcDbEntity
  8
A-SECT
100
AcDbText
 10
30434.0
 20
-3485.0
 30
0.0
 40
220.0
  1
A
 72
1
 11
30434.0
 21
-3485.0
 31
0.0
100
AcDbText
 73
1
1001
FLOORFORGE
1000
floor:1
1000
preliminary
  0
LWPOLYLINE
  5
8B9
330
17
100
AcDbEntity
  8
A-SECT
100
AcDbPolyline
 90
3
 70
1
 10
30154.0
 20
-3520.0
 10
29814.0
 20
-3400.0
 10
30154.0
 20
-3280.0
1001
FLOORFORGE
1000
floor:1
1000
preliminary
  0
HATCH
  5
8BA
330
17
100
AcDbEntity
  8
A-SECT
 62
7
100
AcDbHatch
 10
0.0
 20
0.0
 30
0.0
210
0.0
220
0.0
230
1.0
  2
SOLID
 70
1
 71
0
 91
1
 92
3
 72
0
 73
1
 93
3
 10
30154.0
 20
-3520.0
 10
29814.0
 20
-3400.0
 10
30154.0
 20
-3280.0
 97
0
 75
0
 76
1
 98
0
  0
LINE
  5
8BB
330
17
100
AcDbEntity
  8
A-SECT
100
AcDbLine
 10
30434.0
 20
14188.0
 30
0.0
 11
30434.0
 21
15608.0
 31
0.0
1001
FLOORFORGE
1000
floor:1
1000
preliminary
  0
LINE
  5
8BC
330
17
100
AcDbEntity
  8
A-SECT
100
AcDbLine
 10
30434.0
 20
15608.0
 30
0.0
 11
30434.0
 21
15908.0
 31
0.0
1001
FLOORFORGE
1000
floor:1
1000
preliminary
  0
CIRCLE
  5
8BD
330
17
100
AcDbEntity
  8
A-SECT
100
AcDbCircle
 10
30434.0
 20
16188.0
 30
0.0
 40
280.0
1001
FLOORFORGE
1000
floor:1
1000
preliminary
  0
TEXT
  5
8BE
330
17
100
AcDbEntity
  8
A-SECT
100
AcDbText
 10
30434.0
 20
16103.0
 30
0.0
 40
220.0
  1
A
 72
1
 11
30434.0
 21
16103.0
 31
0.0
100
AcDbText
 73
1
1001
FLOORFORGE
1000
floor:1
1000
preliminary
  0
LWPOLYLINE
  5
8BF
330
17
100
AcDbEntity
  8
A-SECT
100
AcDbPolyline
 90
3
 70
1
 10
30154.0
 20
16308.0
 10
29814.0
 20
16188.0
 10
30154.0
 20
16068.0
1001
FLOORFORGE
1000
floor:1
1000
preliminary
  0
HATCH
  5
8C0
330
17
100
AcDbEntity
  8
A-SECT
 62
7
100
AcDbHatch
 10
0.0
 20
0.0
 30
0.0
210
0.0
220
0.0
230
1.0
  2
SOLID
 70
1
 71
0
 91
1
 92
3
 72
0
 73
1
 93
3
 10
30154.0
 20
16308.0
 10
29814.0
 20
16188.0
 10
30154.0
 20
16068.0
 97
0
 75
0
 76
1
 98
0
  0
CIRCLE
  5
8C1
330
17
100
AcDbEntity
  8
A-ANNO
100
AcDbCircle
 10
18592.0
 20
15488.0
 30
0.0
 40
550.0
1001
FLOORFORGE
1000
floor:1
1000
preliminary
  0
LWPOLYLINE
  5
8C2
330
17
100
AcDbEntity
  8
A-WALL
100
AcDbPolyline
 90
3
 70
1
 10
18592.0
 20
15994.0
 10
18438.0
 20
15185.5
 10
18592.0
 20
15378.0
1001
FLOORFORGE
1000
floor:1
1000
preliminary
  0
HATCH
  5
8C3
330
17
100
AcDbEntity
  8
A-WALL
 62
7
100
AcDbHatch
 10
0.0
 20
0.0
 30
0.0
210
0.0
220
0.0
230
1.0
  2
SOLID
 70
1
 71
0
 91
1
 92
3
 72
0
 73
1
 93
3
 10
18592.0
 20
15994.0
 10
18438.0
 20
15185.5
 10
18592.0
 20
15378.0
 97
0
 75
0
 76
1
 98
0
  0
LWPOLYLINE
  5
8C4
330
17
100
AcDbEntity
  8
A-WALL
100
AcDbPolyline
 90
3
 70
1
 10
18592.0
 20
15994.0
 10
18746.0
 20
15185.5
 10
18592.0
 20
15378.0
1001
FLOORFORGE
1000
floor:1
1000
preliminary
  0
TEXT
  5
8C5
330
17
100
AcDbEntity
  8
A-ANNO
100
AcDbText
 10
18592.0
 20
16208.0
 30
0.0
 40
260.0
  1
N
 72
1
 11
18592.0
 21
16208.0
 31
0.0
100
AcDbText
 73
1
1001
FLOORFORGE
1000
floor:1
1000
preliminary
  0
TEXT
  5
8C6
330
17
100
AcDbEntity
  8
A-ANNO
100
AcDbText
 10
22192.0
 20
-5200.0
 30
0.0
 40
190.0
  1
PRELIMINARY - ENGINEER TO REVIEW - NOT FOR CONSTRUCTION
 11
22192.0
 21
-5200.0
 31
0.0
100
AcDbText
  0
TEXT
  5
8C7
330
17
100
AcDbEntity
  8
A-ANNO
100
AcDbText
 10
22192.0
 20
18888.0
 30
0.0
 40
210.0
  1
FLOOR 1 / TRUE MILLIMETRES / NO STRUCTURAL CERTIFICATION
 11
22192.0
 21
18888.0
 31
0.0
100
AcDbText
  0
ENDSEC
  0
SECTION
  2
OBJECTS
  0
DICTIONARY
  5
A
330
0
100
AcDbDictionary
281
1
  3
ACAD_COLOR
350
B
  3
ACAD_GROUP
350
C
  3
ACAD_LAYOUT
350
D
  3
ACAD_MATERIAL
350
E
  3
ACAD_MLEADERSTYLE
350
F
  3
ACAD_MLINESTYLE
350
10
  3
ACAD_PLOTSETTINGS
350
11
  3
ACAD_PLOTSTYLENAME
350
12
  3
ACAD_SCALELIST
350
14
  3
ACAD_TABLESTYLE
350
15
  3
ACAD_VISUALSTYLE
350
16
  3
EZDXF_META
350
2D
  0
DICTIONARY
  5
B
330
A
100
AcDbDictionary
281
1
  0
DICTIONARY
  5
C
330
A
100
AcDbDictionary
281
1
  0
DICTIONARY
  5
D
330
A
100
AcDbDictionary
281
1
  3
Model
350
1A
  3
Layout1
350
1E
  3
GROUND
350
51A
  3
FLOOR-1
350
8CB
  0
DICTIONARY
  5
E
330
A
100
AcDbDictionary
281
1
  3
ByBlock
350
1F
  3
ByLayer
350
20
  3
Global
350
21
  0
DICTIONARY
  5
F
330
A
100
AcDbDictionary
281
1
  3
Standard
350
2C
  0
DICTIONARY
  5
10
330
A
100
AcDbDictionary
281
1
  3
Standard
350
22
  0
DICTIONARY
  5
11
330
A
100
AcDbDictionary
281
1
  0
ACDBDICTIONARYWDFLT
  5
12
330
A
100
AcDbDictionary
281
1
  3
Normal
350
13
100
AcDbDictionaryWithDefault
340
13
  0
ACDBPLACEHOLDER
  5
13
330
12
  0
DICTIONARY
  5
14
330
A
100
AcDbDictionary
281
1
  0
DICTIONARY
  5
15
330
A
100
AcDbDictionary
281
1
  0
DICTIONARY
  5
16
330
A
100
AcDbDictionary
281
1
  3
2dWireframe
350
5A
  3
Basic
350
5B
  3
Brighten
350
5C
  3
ColorChange
350
5D
  3
Conceptual
350
5E
  3
Dim
350
5F
  3
EdgeColorOff
350
60
  3
Facepattern
350
61
  3
Flat
350
62
  3
FlatWithEdges
350
63
  3
Gouraud
350
64
  3
GouraudWithEdges
350
65
  3
Hidden
350
66
  3
JitterOff
350
67
  3
Linepattern
350
68
  3
Modeling
350
69
  3
OverhangOff
350
6A
  3
Realistic
350
6B
  3
Shaded
350
6C
  3
Shaded with edges
350
6D
  3
Shades of Gray
350
6E
  3
Sketchy
350
6F
  3
Thicken
350
70
  3
Wireframe
350
71
  3
X-Ray
350
72
  0
LAYOUT
  5
1A
330
D
100
AcDbPlotSettings
  1

  4
A3
  6

 40
7.5
 41
20.0
 42
7.5
 43
20.0
 44
420.0
 45
297.0
 46
0.0
 47
0.0
 48
0.0
 49
0.0
140
0.0
141
0.0
142
1.0
143
1.0
 70
1024
 72
1
 73
0
 74
5
  7

 75
16
 76
0
 77
2
 78
300
147
1.0
148
0.0
149
0.0
100
AcDbLayout
  1
Model
 70
1
 71
0
 10
0.0
 20
0.0
 11
420.0
 21
297.0
 12
0.0
 22
0.0
 32
0.0
 14
1e+20
 24
1e+20
 34
1e+20
 15
-1e+20
 25
-1e+20
 35
-1e+20
146
0.0
 13
0.0
 23
0.0
 33
0.0
 16
1.0
 26
0.0
 36
0.0
 17
0.0
 27
1.0
 37
0.0
 76
1
330
17
  0
LAYOUT
  5
1E
330
D
100
AcDbPlotSettings
  1

  4
A3
  6

 40
7.5
 41
20.0
 42
7.5
 43
20.0
 44
420.0
 45
297.0
 46
0.0
 47
0.0
 48
0.0
 49
0.0
140
0.0
141
0.0
142
1.0
143
1.0
 70
0
 72
1
 73
0
 74
5
  7

 75
16
 76
0
 77
2
 78
300
147
1.0
148
0.0
149
0.0
100
AcDbLayout
  1
Layout1
 70
1
 71
1
 10
0.0
 20
0.0
 11
420.0
 21
297.0
 12
0.0
 22
0.0
 32
0.0
 14
1e+20
 24
1e+20
 34
1e+20
 15
-1e+20
 25
-1e+20
 35
-1e+20
146
0.0
 13
0.0
 23
0.0
 33
0.0
 16
1.0
 26
0.0
 36
0.0
 17
0.0
 27
1.0
 37
0.0
 76
1
330
1B
  0
MATERIAL
  5
1F
102
{ACAD_REACTORS
330
E
102
}
330
E
100
AcDbMaterial
  1
ByBlock
  2

 70
0
 40
1.0
 71
1
 41
1.0
 91
-1023410177
 42
1.0
 72
1
  3

 73
1
 74
1
 75
1
 44
0.5
 73
0
 45
1.0
 46
1.0
 77
1
  4

 78
1
 79
1
170
1
 48
1.0
171
1
  6

172
1
173
1
174
1
140
1.0
141
1.0
175
1
  7

176
1
177
1
178
1
143
1.0
179
1
  8

270
1
271
1
272
1
145
1.0
146
1.0
273
1
  9

274
1
275
1
276
1
 42
1.0
 72
1
  3

 73
1
 74
1
 75
1
 94
63
  0
MATERIAL
  5
20
102
{ACAD_REACTORS
330
E
102
}
330
E
100
AcDbMaterial
  1
ByLayer
  2

 70
0
 40
1.0
 71
1
 41
1.0
 91
-1023410177
 42
1.0
 72
1
  3

 73
1
 74
1
 75
1
 44
0.5
 73
0
 45
1.0
 46
1.0
 77
1
  4

 78
1
 79
1
170
1
 48
1.0
171
1
  6

172
1
173
1
174
1
140
1.0
141
1.0
175
1
  7

176
1
177
1
178
1
143
1.0
179
1
  8

270
1
271
1
272
1
145
1.0
146
1.0
273
1
  9

274
1
275
1
276
1
 42
1.0
 72
1
  3

 73
1
 74
1
 75
1
 94
63
  0
MATERIAL
  5
21
102
{ACAD_REACTORS
330
E
102
}
330
E
100
AcDbMaterial
  1
Global
  2

 70
0
 40
1.0
 71
1
 41
1.0
 91
-1023410177
 42
1.0
 72
1
  3

 73
1
 74
1
 75
1
 44
0.5
 73
0
 45
1.0
 46
1.0
 77
1
  4

 78
1
 79
1
170
1
 48
1.0
171
1
  6

172
1
173
1
174
1
140
1.0
141
1.0
175
1
  7

176
1
177
1
178
1
143
1.0
179
1
  8

270
1
271
1
272
1
145
1.0
146
1.0
273
1
  9

274
1
275
1
276
1
 42
1.0
 72
1
  3

 73
1
 74
1
 75
1
 94
63
  0
MLINESTYLE
  5
22
102
{ACAD_REACTORS
330
10
102
}
330
10
100
AcDbMlineStyle
  2
Standard
 70
0
  3

 62
256
 51
90.0
 52
90.0
 71
2
 49
0.5
 62
256
  6
BYLAYER
 49
-0.5
 62
256
  6
BYLAYER
  0
MLEADERSTYLE
  5
2C
102
{ACAD_REACTORS
330
F
102
}
330
F
100
AcDbMLeaderStyle
179
2
170
2
171
1
172
0
 90
2
 40
0.0
 41
0.0
173
1
 91
-1056964608
 92
-2
290
1
 42
2.0
291
1
 43
8.0
  3
Standard
 44
4.0
300

342
29
174
1
175
1
176
0
178
1
 93
-1056964608
 45
4.0
292
0
297
0
 46
4.0
 94
-1056964608
 47
1.0
 49
1.0
140
1.0
294
1
141
0.0
177
0
142
1.0
295
0
296
0
143
3.75
271
0
272
9
273
9
  0
DICTIONARY
  5
2D
330
A
100
AcDbDictionary
280
1
281
1
  3
CREATED_BY_EZDXF
350
2E
  3
WRITTEN_BY_EZDXF
350
8D1
  0
DICTIONARYVAR
  5
2E
330
2D
100
DictionaryVariables
280
0
  1
ezdxf 1.4.4 / FloorForge deterministic export
  0
VISUALSTYLE
  5
5A
102
{ACAD_REACTORS
330
16
102
}
330
16
100
AcDbVisualStyle
  2
2dWireframe
 70
4
177
3
291
0
 70
58
 90
2
176
1
 90
2
176
1
 90
0
176
1
 90
0
176
1
 40
0.6
176
1
 40
30.0
176
1
 62
7
420
16777215
176
1
 90
1
176
1
 90
4
176
1
 62
7
176
1
 62
257
176
1
 90
1
176
1
 90
1
176
1
 40
1.0
176
1
 90
8
176
1
 62
7
176
1
 40
1.0
176
1
 90
1
176
1
 90
6
176
1
 90
2
176
1
 62
7
176
1
 90
5
176
1
 90
0
176
1
 90
0
176
1
290
0
176
1
 90
1
176
1
 40
0.0
176
1
 90
0
176
1
290
1
176
1
290
1
176
1
290
0
176
1
290
0
176
1
290
0
176
1
290
0
176
1
290
0
176
1
290
0
176
1
290
0
176
1
 90
50
176
1
 40
0.0
176
1
 40
1.0
176
1
 90
0
176
1
 62
18
420
0
176
1
 90
50
176
1
 90
3
176
1
 62
5
420
255
176
1
290
0
176
1
 90
50
176
1
 90
50
176
1
 90
50
176
1
290
0
176
1
 90
50
176
1
 62
256
176
0
 40
1.0
176
0
 90
2
176
1
  1
strokes_ogs.tif
176
1
290
0
176
1
 40
1.0
176
1
 40
1.0
176
1
  0
VISUALSTYLE
  5
5B
102
{ACAD_REACTORS
330
16
102
}
330
16
100
AcDbVisualStyle
  2
Basic
 70
7
177
3
291
1
 70
58
 90
2
176
1
 90
2
176
1
 90
0
176
1
 90
1
176
1
 40
0.6
176
1
 40
30.0
176
1
 62
7
420
16777215
176
1
 90
1
176
1
 90
4
176
1
 62
7
176
1
 62
257
176
1
 90
1
176
1
 90
1
176
1
 40
1.0
176
1
 90
8
176
1
 62
7
176
1
 40
1.0
176
1
 90
1
176
1
 90
6
176
1
 90
2
176
1
 62
7
176
1
 90
5
176
1
 90
0
176
1
 90
0
176
1
290
0
176
1
 90
1
176
1
 40
0.0
176
1
 90
0
176
1
290
0
176
1
290
1
176
1
290
1
176
1
290
0
176
1
290
0
176
1
290
0
176
1
290
0
176
1
290
0
176
1
290
0
176
1
 90
50
176
1
 40
0.0
176
1
 40
1.0
176
1
 90
0
176
1
 62
18
420
0
176
1
 90
50
176
1
 90
3
176
1
 62
5
420
255
176
1
290
0
176
1
 90
50
176
1
 90
50
176
1
 90
50
176
1
290
0
176
1
 90
50
176
1
 62
256
176
0
 40
1.0
176
0
 90
2
176
1
  1
strokes_ogs.tif
176
1
290
0
176
1
 40
1.0
176
1
 40
1.0
176
1
  0
VISUALSTYLE
  5
5C
102
{ACAD_REACTORS
330
16
102
}
330
16
100
AcDbVisualStyle
  2
Brighten
 70
12
177
3
291
1
 70
58
 90
2
176
1
 90
2
176
1
 90
0
176
1
 90
2
176
1
 40
0.6
176
1
 40
30.0
176
1
 62
7
420
16777215
176
1
 90
1
176
1
 90
4
176
1
 62
7
176
1
 62
257
176
1
 90
1
176
1
 90
1
176
1
 40
1.0
176
1
 90
8
176
1
 62
7
176
1
 40
1.0
176
1
 90
1
176
1
 90
6
176
1
 90
2
176
1
 62
7
176
1
 90
5
176
1
 90
0
176
1
 90
0
176
1
290
0
176
1
 90
1
176
1
 40
0.0
176
1
 90
0
176
1
290
0
176
1
290
1
176
1
290
1
176
1
290
0
176
1
290
0
176
1
290
0
176
1
290
0
176
1
290
0
176
1
290
0
176
1
 90
50
176
1
 40
0.0
176
1
 40
1.0
176
1
 90
0
176
1
 62
18
420
0
176
1
 90
50
176
1
 90
3
176
1
 62
5
420
255
176
1
290
0
176
1
 90
50
176
1
 90
50
176
1
 90
50
176
1
290
0
176
1
 90
50
176
1
 62
256
176
0
 40
1.0
176
0
 90
2
176
1
  1
strokes_ogs.tif
176
1
290
0
176
1
 40
1.0
176
1
 40
1.0
176
1
  0
VISUALSTYLE
  5
5D
102
{ACAD_REACTORS
330
16
102
}
330
16
100
AcDbVisualStyle
  2
ColorChange
 70
16
177
3
291
1
 70
58
 90
2
176
1
 90
2
176
1
 90
0
176
1
 90
2
176
1
 40
0.6
176
1
 40
30.0
176
1
 62
7
420
16777215
176
1
 90
1
176
1
 90
4
176
1
 62
7
176
1
 62
257
176
1
 90
1
176
1
 90
1
176
1
 40
1.0
176
1
 90
8
176
1
 62
7
176
1
 40
1.0
176
1
 90
1
176
1
 90
6
176
1
 90
2
176
1
 62
7
176
1
 90
5
176
1
 90
0
176
1
 90
0
176
1
290
0
176
1
 90
1
176
1
 40
0.0
176
1
 90
0
176
1
290
0
176
1
290
1
176
1
290
1
176
1
290
0
176
1
290
0
176
1
290
0
176
1
290
0
176
1
290
0
176
1
290
0
176
1
 90
50
176
1
 40
0.0
176
1
 40
1.0
176
1
 90
0
176
1
 62
18
420
0
176
1
 90
50
176
1
 90
3
176
1
 62
5
420
255
176
1
290
0
176
1
 90
50
176
1
 90
50
176
1
 90
50
176
1
290
0
176
1
 90
50
176
1
 62
256
176
0
 40
1.0
176
0
 90
2
176
1
  1
strokes_ogs.tif
176
1
290
0
176
1
 40
1.0
176
1
 40
1.0
176
1
  0
VISUALSTYLE
  5
5E
102
{ACAD_REACTORS
330
16
102
}
330
16
100
AcDbVisualStyle
  2
Conceptual
 70
9
177
3
291
0
 70
58
 90
2
176
1
 90
2
176
1
 90
0
176
1
 90
3
176
1
 40
0.6
176
1
 40
30.0
176
1
 62
7
420
16777215
176
1
 90
1
176
1
 90
4
176
1
 62
7
176
1
 62
257
176
1
 90
1
176
1
 90
1
176
1
 40
1.0
176
1
 90
8
176
1
 62
7
176
1
 40
1.0
176
1
 90
1
176
1
 90
6
176
1
 90
2
176
1
 62
7
176
1
 90
5
176
1
 90
0
176
1
 90
0
176
1
290
0
176
1
 90
1
176
1
 40
0.0
176
1
 90
0
176
1
290
0
176
1
290
1
176
1
290
1
176
1
290
0
176
1
290
0
176
1
290
0
176
1
290
0
176
1
290
0
176
1
290
0
176
1
 90
50
176
1
 40
0.0
176
1
 40
1.0
176
1
 90
0
176
1
 62
18
420
0
176
1
 90
50
176
1
 90
3
176
1
 62
5
420
255
176
1
290
0
176
1
 90
50
176
1
 90
50
176
1
 90
50
176
1
290
0
176
1
 90
50
176
1
 62
256
176
0
 40
1.0
176
0
 90
2
176
1
  1
strokes_ogs.tif
176
1
290
0
176
1
 40
1.0
176
1
 40
1.0
176
1
  0
VISUALSTYLE
  5
5F
102
{ACAD_REACTORS
330
16
102
}
330
16
100
AcDbVisualStyle
  2
Dim
 70
11
177
3
291
1
 70
58
 90
2
176
1
 90
2
176
1
 90
0
176
1
 90
2
176
1
 40
0.6
176
1
 40
30.0
176
1
 62
7
420
16777215
176
1
 90
1
176
1
 90
4
176
1
 62
7
176
1
 62
257
176
1
 90
1
176
1
 90
1
176
1
 40
1.0
176
1
 90
8
176
1
 62
7
176
1
 40
1.0
176
1
 90
1
176
1
 90
6
176
1
 90
2
176
1
 62
7
176
1
 90
5
176
1
 90
0
176
1
 90
0
176
1
290
0
176
1
 90
1
176
1
 40
0.0
176
1
 90
0
176
1
290
0
176
1
290
1
176
1
290
1
176
1
290
0
176
1
290
0
176
1
290
0
176
1
290
0
176
1
290
0
176
1
290
0
176
1
 90
50
176
1
 40
0.0
176
1
 40
1.0
176
1
 90
0
176
1
 62
18
420
0
176
1
 90
50
176
1
 90
3
176
1
 62
5
420
255
176
1
290
0
176
1
 90
50
176
1
 90
50
176
1
 90
50
176
1
290
0
176
1
 90
50
176
1
 62
256
176
0
 40
1.0
176
0
 90
2
176
1
  1
strokes_ogs.tif
176
1
290
0
176
1
 40
1.0
176
1
 40
1.0
176
1
  0
VISUALSTYLE
  5
60
102
{ACAD_REACTORS
330
16
102
}
330
16
100
AcDbVisualStyle
  2
EdgeColorOff
 70
22
177
3
291
1
 70
58
 90
2
176
1
 90
2
176
1
 90
0
176
1
 90
2
176
1
 40
0.6
176
1
 40
30.0
176
1
 62
7
420
16777215
176
1
 90
1
176
1
 90
4
176
1
 62
7
176
1
 62
257
176
1
 90
1
176
1
 90
1
176
1
 40
1.0
176
1
 90
8
176
1
 62
7
176
1
 40
1.0
176
1
 90
1
176
1
 90
6
176
1
 90
2
176
1
 62
7
176
1
 90
5
176
1
 90
0
176
1
 90
0
176
1
290
0
176
1
 90
1
176
1
 40
0.0
176
1
 90
0
176
1
290
0
176
1
290
1
176
1
290
1
176
1
290
0
176
1
290
0
176
1
290
0
176
1
290
0
176
1
290
0
176
1
290
0
176
1
 90
50
176
1
 40
0.0
176
1
 40
1.0
176
1
 90
0
176
1
 62
18
420
0
176
1
 90
50
176
1
 90
3
176
1
 62
5
420
255
176
1
290
0
176
1
 90
50
176
1
 90
50
176
1
 90
50
176
1
290
0
176
1
 90
50
176
1
 62
256
176
0
 40
1.0
176
0
 90
2
176
1
  1
strokes_ogs.tif
176
1
290
0
176
1
 40
1.0
176
1
 40
1.0
176
1
  0
VISUALSTYLE
  5
61
102
{ACAD_REACTORS
330
16
102
}
330
16
100
AcDbVisualStyle
  2
Facepattern
 70
15
177
3
291
1
 70
58
 90
2
176
1
 90
2
176
1
 90
0
176
1
 90
2
176
1
 40
0.6
176
1
 40
30.0
176
1
 62
7
420
16777215
176
1
 90
1
176
1
 90
4
176
1
 62
7
176
1
 62
257
176
1
 90
1
176
1
 90
1
176
1
 40
1.0
176
1
 90
8
176
1
 62
7
176
1
 40
1.0
176
1
 90
1
176
1
 90
6
176
1
 90
2
176
1
 62
7
176
1
 90
5
176
1
 90
0
176
1
 90
0
176
1
290
0
176
1
 90
1
176
1
 40
0.0
176
1
 90
0
176
1
290
0
176
1
290
1
176
1
290
1
176
1
290
0
176
1
290
0
176
1
290
0
176
1
290
0
176
1
290
0
176
1
290
0
176
1
 90
50
176
1
 40
0.0
176
1
 40
1.0
176
1
 90
0
176
1
 62
18
420
0
176
1
 90
50
176
1
 90
3
176
1
 62
5
420
255
176
1
290
0
176
1
 90
50
176
1
 90
50
176
1
 90
50
176
1
290
0
176
1
 90
50
176
1
 62
256
176
0
 40
1.0
176
0
 90
2
176
1
  1
strokes_ogs.tif
176
1
290
0
176
1
 40
1.0
176
1
 40
1.0
176
1
  0
VISUALSTYLE
  5
62
102
{ACAD_REACTORS
330
16
102
}
330
16
100
AcDbVisualStyle
  2
Flat
 70
0
177
3
291
1
 70
58
 90
2
176
1
 90
2
176
1
 90
0
176
1
 90
2
176
1
 40
0.6
176
1
 40
30.0
176
1
 62
7
420
16777215
176
1
 90
1
176
1
 90
4
176
1
 62
7
176
1
 62
257
176
1
 90
1
176
1
 90
1
176
1
 40
1.0
176
1
 90
8
176
1
 62
7
176
1
 40
1.0
176
1
 90
1
176
1
 90
6
176
1
 90
2
176
1
 62
7
176
1
 90
5
176
1
 90
0
176
1
 90
0
176
1
290
0
176
1
 90
1
176
1
 40
0.0
176
1
 90
0
176
1
290
0
176
1
290
1
176
1
290
1
176
1
290
0
176
1
290
0
176
1
290
0
176
1
290
0
176
1
290
0
176
1
290
0
176
1
 90
50
176
1
 40
0.0
176
1
 40
1.0
176
1
 90
0
176
1
 62
18
420
0
176
1
 90
50
176
1
 90
3
176
1
 62
5
420
255
176
1
290
0
176
1
 90
50
176
1
 90
50
176
1
 90
50
176
1
290
0
176
1
 90
50
176
1
 62
256
176
0
 40
1.0
176
0
 90
2
176
1
  1
strokes_ogs.tif
176
1
290
0
176
1
 40
1.0
176
1
 40
1.0
176
1
  0
VISUALSTYLE
  5
63
102
{ACAD_REACTORS
330
16
102
}
330
16
100
AcDbVisualStyle
  2
FlatWithEdges
 70
1
177
3
291
1
 70
58
 90
2
176
1
 90
2
176
1
 90
0
176
1
 90
2
176
1
 40
0.6
176
1
 40
30.0
176
1
 62
7
420
16777215
176
1
 90
1
176
1
 90
4
176
1
 62
7
176
1
 62
257
176
1
 90
1
176
1
 90
1
176
1
 40
1.0
176
1
 90
8
176
1
 62
7
176
1
 40
1.0
176
1
 90
1
176
1
 90
6
176
1
 90
2
176
1
 62
7
176
1
 90
5
176
1
 90
0
176
1
 90
0
176
1
290
0
176
1
 90
1
176
1
 40
0.0
176
1
 90
0
176
1
290
0
176
1
290
1
176
1
290
1
176
1
290
0
176
1
290
0
176
1
290
0
176
1
290
0
176
1
290
0
176
1
290
0
176
1
 90
50
176
1
 40
0.0
176
1
 40
1.0
176
1
 90
0
176
1
 62
18
420
0
176
1
 90
50
176
1
 90
3
176
1
 62
5
420
255
176
1
290
0
176
1
 90
50
176
1
 90
50
176
1
 90
50
176
1
290
0
176
1
 90
50
176
1
 62
256
176
0
 40
1.0
176
0
 90
2
176
1
  1
strokes_ogs.tif
176
1
290
0
176
1
 40
1.0
176
1
 40
1.0
176
1
  0
VISUALSTYLE
  5
64
102
{ACAD_REACTORS
330
16
102
}
330
16
100
AcDbVisualStyle
  2
Gouraud
 70
2
177
3
291
1
 70
58
 90
2
176
1
 90
2
176
1
 90
0
176
1
 90
2
176
1
 40
0.6
176
1
 40
30.0
176
1
 62
7
420
16777215
176
1
 90
1
176
1
 90
4
176
1
 62
7
176
1
 62
257
176
1
 90
1
176
1
 90
1
176
1
 40
1.0
176
1
 90
8
176
1
 62
7
176
1
 40
1.0
176
1
 90
1
176
1
 90
6
176
1
 90
2
176
1
 62
7
176
1
 90
5
176
1
 90
0
176
1
 90
0
176
1
290
0
176
1
 90
1
176
1
 40
0.0
176
1
 90
0
176
1
290
0
176
1
290
1
176
1
290
1
176
1
290
0
176
1
290
0
176
1
290
0
176
1
290
0
176
1
290
0
176
1
290
0
176
1
 90
50
176
1
 40
0.0
176
1
 40
1.0
176
1
 90
0
176
1
 62
18
420
0
176
1
 90
50
176
1
 90
3
176
1
 62
5
420
255
176
1
290
0
176
1
 90
50
176
1
 90
50
176
1
 90
50
176
1
290
0
176
1
 90
50
176
1
 62
256
176
0
 40
1.0
176
0
 90
2
176
1
  1
strokes_ogs.tif
176
1
290
0
176
1
 40
1.0
176
1
 40
1.0
176
1
  0
VISUALSTYLE
  5
65
102
{ACAD_REACTORS
330
16
102
}
330
16
100
AcDbVisualStyle
  2
GouraudWithEdges
 70
3
177
3
291
1
 70
58
 90
2
176
1
 90
2
176
1
 90
0
176
1
 90
2
176
1
 40
0.6
176
1
 40
30.0
176
1
 62
7
420
16777215
176
1
 90
1
176
1
 90
4
176
1
 62
7
176
1
 62
257
176
1
 90
1
176
1
 90
1
176
1
 40
1.0
176
1
 90
8
176
1
 62
7
176
1
 40
1.0
176
1
 90
1
176
1
 90
6
176
1
 90
2
176
1
 62
7
176
1
 90
5
176
1
 90
0
176
1
 90
0
176
1
290
0
176
1
 90
1
176
1
 40
0.0
176
1
 90
0
176
1
290
0
176
1
290
1
176
1
290
1
176
1
290
0
176
1
290
0
176
1
290
0
176
1
290
0
176
1
290
0
176
1
290
0
176
1
 90
50
176
1
 40
0.0
176
1
 40
1.0
176
1
 90
0
176
1
 62
18
420
0
176
1
 90
50
176
1
 90
3
176
1
 62
5
420
255
176
1
290
0
176
1
 90
50
176
1
 90
50
176
1
 90
50
176
1
290
0
176
1
 90
50
176
1
 62
256
176
0
 40
1.0
176
0
 90
2
176
1
  1
strokes_ogs.tif
176
1
290
0
176
1
 40
1.0
176
1
 40
1.0
176
1
  0
VISUALSTYLE
  5
66
102
{ACAD_REACTORS
330
16
102
}
330
16
100
AcDbVisualStyle
  2
Hidden
 70
6
177
3
291
0
 70
58
 90
2
176
1
 90
2
176
1
 90
0
176
1
 90
1
176
1
 40
0.6
176
1
 40
30.0
176
1
 62
7
420
16777215
176
1
 90
1
176
1
 90
4
176
1
 62
7
176
1
 62
257
176
1
 90
1
176
1
 90
1
176
1
 40
1.0
176
1
 90
8
176
1
 62
7
176
1
 40
1.0
176
1
 90
1
176
1
 90
6
176
1
 90
2
176
1
 62
7
176
1
 90
5
176
1
 90
0
176
1
 90
0
176
1
290
0
176
1
 90
1
176
1
 40
0.0
176
1
 90
0
176
1
290
0
176
1
290
1
176
1
290
1
176
1
290
0
176
1
290
0
176
1
290
0
176
1
290
0
176
1
290
0
176
1
290
0
176
1
 90
50
176
1
 40
0.0
176
1
 40
1.0
176
1
 90
0
176
1
 62
18
420
0
176
1
 90
50
176
1
 90
3
176
1
 62
5
420
255
176
1
290
0
176
1
 90
50
176
1
 90
50
176
1
 90
50
176
1
290
0
176
1
 90
50
176
1
 62
256
176
0
 40
1.0
176
0
 90
2
176
1
  1
strokes_ogs.tif
176
1
290
0
176
1
 40
1.0
176
1
 40
1.0
176
1
  0
VISUALSTYLE
  5
67
102
{ACAD_REACTORS
330
16
102
}
330
16
100
AcDbVisualStyle
  2
JitterOff
 70
20
177
3
291
1
 70
58
 90
2
176
1
 90
2
176
1
 90
0
176
1
 90
2
176
1
 40
0.6
176
1
 40
30.0
176
1
 62
7
420
16777215
176
1
 90
1
176
1
 90
4
176
1
 62
7
176
1
 62
257
176
1
 90
1
176
1
 90
1
176
1
 40
1.0
176
1
 90
8
176
1
 62
7
176
1
 40
1.0
176
1
 90
1
176
1
 90
6
176
1
 90
2
176
1
 62
7
176
1
 90
5
176
1
 90
0
176
1
 90
0
176
1
290
0
176
1
 90
1
176
1
 40
0.0
176
1
 90
0
176
1
290
0
176
1
290
1
176
1
290
1
176
1
290
0
176
1
290
0
176
1
290
0
176
1
290
0
176
1
290
0
176
1
290
0
176
1
 90
50
176
1
 40
0.0
176
1
 40
1.0
176
1
 90
0
176
1
 62
18
420
0
176
1
 90
50
176
1
 90
3
176
1
 62
5
420
255
176
1
290
0
176
1
 90
50
176
1
 90
50
176
1
 90
50
176
1
290
0
176
1
 90
50
176
1
 62
256
176
0
 40
1.0
176
0
 90
2
176
1
  1
strokes_ogs.tif
176
1
290
0
176
1
 40
1.0
176
1
 40
1.0
176
1
  0
VISUALSTYLE
  5
68
102
{ACAD_REACTORS
330
16
102
}
330
16
100
AcDbVisualStyle
  2
Linepattern
 70
14
177
3
291
1
 70
58
 90
2
176
1
 90
2
176
1
 90
0
176
1
 90
2
176
1
 40
0.6
176
1
 40
30.0
176
1
 62
7
420
16777215
176
1
 90
1
176
1
 90
4
176
1
 62
7
176
1
 62
257
176
1
 90
1
176
1
 90
1
176
1
 40
1.0
176
1
 90
8
176
1
 62
7
176
1
 40
1.0
176
1
 90
1
176
1
 90
6
176
1
 90
2
176
1
 62
7
176
1
 90
5
176
1
 90
0
176
1
 90
0
176
1
290
0
176
1
 90
1
176
1
 40
0.0
176
1
 90
0
176
1
290
0
176
1
290
1
176
1
290
1
176
1
290
0
176
1
290
0
176
1
290
0
176
1
290
0
176
1
290
0
176
1
290
0
176
1
 90
50
176
1
 40
0.0
176
1
 40
1.0
176
1
 90
0
176
1
 62
18
420
0
176
1
 90
50
176
1
 90
3
176
1
 62
5
420
255
176
1
290
0
176
1
 90
50
176
1
 90
50
176
1
 90
50
176
1
290
0
176
1
 90
50
176
1
 62
256
176
0
 40
1.0
176
0
 90
2
176
1
  1
strokes_ogs.tif
176
1
290
0
176
1
 40
1.0
176
1
 40
1.0
176
1
  0
VISUALSTYLE
  5
69
102
{ACAD_REACTORS
330
16
102
}
330
16
100
AcDbVisualStyle
  2
Modeling
 70
10
177
3
291
0
 70
58
 90
2
176
1
 90
2
176
1
 90
0
176
1
 90
2
176
1
 40
0.6
176
1
 40
30.0
176
1
 62
7
420
16777215
176
1
 90
1
176
1
 90
4
176
1
 62
7
176
1
 62
257
176
1
 90
1
176
1
 90
1
176
1
 40
1.0
176
1
 90
8
176
1
 62
7
176
1
 40
1.0
176
1
 90
1
176
1
 90
6
176
1
 90
2
176
1
 62
7
176
1
 90
5
176
1
 90
0
176
1
 90
0
176
1
290
0
176
1
 90
1
176
1
 40
0.0
176
1
 90
0
176
1
290
0
176
1
290
1
176
1
290
1
176
1
290
0
176
1
290
0
176
1
290
0
176
1
290
0
176
1
290
0
176
1
290
0
176
1
 90
50
176
1
 40
0.0
176
1
 40
1.0
176
1
 90
0
176
1
 62
18
420
0
176
1
 90
50
176
1
 90
3
176
1
 62
5
420
255
176
1
290
0
176
1
 90
50
176
1
 90
50
176
1
 90
50
176
1
290
0
176
1
 90
50
176
1
 62
256
176
0
 40
1.0
176
0
 90
2
176
1
  1
strokes_ogs.tif
176
1
290
0
176
1
 40
1.0
176
1
 40
1.0
176
1
  0
VISUALSTYLE
  5
6A
102
{ACAD_REACTORS
330
16
102
}
330
16
100
AcDbVisualStyle
  2
OverhangOff
 70
21
177
3
291
1
 70
58
 90
2
176
1
 90
2
176
1
 90
0
176
1
 90
2
176
1
 40
0.6
176
1
 40
30.0
176
1
 62
7
420
16777215
176
1
 90
1
176
1
 90
4
176
1
 62
7
176
1
 62
257
176
1
 90
1
176
1
 90
1
176
1
 40
1.0
176
1
 90
8
176
1
 62
7
176
1
 40
1.0
176
1
 90
1
176
1
 90
6
176
1
 90
2
176
1
 62
7
176
1
 90
5
176
1
 90
0
176
1
 90
0
176
1
290
0
176
1
 90
1
176
1
 40
0.0
176
1
 90
0
176
1
290
0
176
1
290
1
176
1
290
1
176
1
290
0
176
1
290
0
176
1
290
0
176
1
290
0
176
1
290
0
176
1
290
0
176
1
 90
50
176
1
 40
0.0
176
1
 40
1.0
176
1
 90
0
176
1
 62
18
420
0
176
1
 90
50
176
1
 90
3
176
1
 62
5
420
255
176
1
290
0
176
1
 90
50
176
1
 90
50
176
1
 90
50
176
1
290
0
176
1
 90
50
176
1
 62
256
176
0
 40
1.0
176
0
 90
2
176
1
  1
strokes_ogs.tif
176
1
290
0
176
1
 40
1.0
176
1
 40
1.0
176
1
  0
VISUALSTYLE
  5
6B
102
{ACAD_REACTORS
330
16
102
}
330
16
100
AcDbVisualStyle
  2
Realistic
 70
8
177
3
291
0
 70
58
 90
2
176
1
 90
2
176
1
 90
0
176
1
 90
2
176
1
 40
0.6
176
1
 40
30.0
176
1
 62
7
420
16777215
176
1
 90
1
176
1
 90
4
176
1
 62
7
176
1
 62
257
176
1
 90
1
176
1
 90
1
176
1
 40
1.0
176
1
 90
8
176
1
 62
7
176
1
 40
1.0
176
1
 90
1
176
1
 90
6
176
1
 90
2
176
1
 62
7
176
1
 90
5
176
1
 90
0
176
1
 90
0
176
1
290
0
176
1
 90
1
176
1
 40
0.0
176
1
 90
0
176
1
290
0
176
1
290
1
176
1
290
1
176
1
290
0
176
1
290
0
176
1
290
0
176
1
290
0
176
1
290
0
176
1
290
0
176
1
 90
50
176
1
 40
0.0
176
1
 40
1.0
176
1
 90
0
176
1
 62
18
420
0
176
1
 90
50
176
1
 90
3
176
1
 62
5
420
255
176
1
290
0
176
1
 90
50
176
1
 90
50
176
1
 90
50
176
1
290
0
176
1
 90
50
176
1
 62
256
176
0
 40
1.0
176
0
 90
2
176
1
  1
strokes_ogs.tif
176
1
290
0
176
1
 40
1.0
176
1
 40
1.0
176
1
  0
VISUALSTYLE
  5
6C
102
{ACAD_REACTORS
330
16
102
}
330
16
100
AcDbVisualStyle
  2
Shaded
 70
27
177
3
291
0
 70
58
 90
2
176
1
 90
2
176
1
 90
0
176
1
 90
2
176
1
 40
0.6
176
1
 40
30.0
176
1
 62
7
420
16777215
176
1
 90
1
176
1
 90
4
176
1
 62
7
176
1
 62
257
176
1
 90
1
176
1
 90
1
176
1
 40
1.0
176
1
 90
8
176
1
 62
7
176
1
 40
1.0
176
1
 90
1
176
1
 90
6
176
1
 90
2
176
1
 62
7
176
1
 90
5
176
1
 90
0
176
1
 90
0
176
1
290
0
176
1
 90
1
176
1
 40
0.0
176
1
 90
0
176
1
290
0
176
1
290
1
176
1
290
1
176
1
290
0
176
1
290
0
176
1
290
0
176
1
290
0
176
1
290
0
176
1
290
0
176
1
 90
50
176
1
 40
0.0
176
1
 40
1.0
176
1
 90
0
176
1
 62
18
420
0
176
1
 90
50
176
1
 90
3
176
1
 62
5
420
255
176
1
290
0
176
1
 90
50
176
1
 90
50
176
1
 90
50
176
1
290
0
176
1
 90
50
176
1
 62
256
176
0
 40
1.0
176
0
 90
2
176
1
  1
strokes_ogs.tif
176
1
290
0
176
1
 40
1.0
176
1
 40
1.0
176
1
  0
VISUALSTYLE
  5
6D
102
{ACAD_REACTORS
330
16
102
}
330
16
100
AcDbVisualStyle
  2
Shaded with edges
 70
26
177
3
291
0
 70
58
 90
2
176
1
 90
2
176
1
 90
0
176
1
 90
2
176
1
 40
0.6
176
1
 40
30.0
176
1
 62
7
420
16777215
176
1
 90
1
176
1
 90
4
176
1
 62
7
176
1
 62
257
176
1
 90
1
176
1
 90
1
176
1
 40
1.0
176
1
 90
8
176
1
 62
7
176
1
 40
1.0
176
1
 90
1
176
1
 90
6
176
1
 90
2
176
1
 62
7
176
1
 90
5
176
1
 90
0
176
1
 90
0
176
1
290
0
176
1
 90
1
176
1
 40
0.0
176
1
 90
0
176
1
290
0
176
1
290
1
176
1
290
1
176
1
290
0
176
1
290
0
176
1
290
0
176
1
290
0
176
1
290
0
176
1
290
0
176
1
 90
50
176
1
 40
0.0
176
1
 40
1.0
176
1
 90
0
176
1
 62
18
420
0
176
1
 90
50
176
1
 90
3
176
1
 62
5
420
255
176
1
290
0
176
1
 90
50
176
1
 90
50
176
1
 90
50
176
1
290
0
176
1
 90
50
176
1
 62
256
176
0
 40
1.0
176
0
 90
2
176
1
  1
strokes_ogs.tif
176
1
290
0
176
1
 40
1.0
176
1
 40
1.0
176
1
  0
VISUALSTYLE
  5
6E
102
{ACAD_REACTORS
330
16
102
}
330
16
100
AcDbVisualStyle
  2
Shades of Gray
 70
23
177
3
291
0
 70
58
 90
2
176
1
 90
2
176
1
 90
0
176
1
 90
2
176
1
 40
0.6
176
1
 40
30.0
176
1
 62
7
420
16777215
176
1
 90
1
176
1
 90
4
176
1
 62
7
176
1
 62
257
176
1
 90
1
176
1
 90
1
176
1
 40
1.0
176
1
 90
8
176
1
 62
7
176
1
 40
1.0
176
1
 90
1
176
1
 90
6
176
1
 90
2
176
1
 62
7
176
1
 90
5
176
1
 90
0
176
1
 90
0
176
1
290
0
176
1
 90
1
176
1
 40
0.0
176
1
 90
0
176
1
290
0
176
1
290
1
176
1
290
1
176
1
290
0
176
1
290
0
176
1
290
0
176
1
290
0
176
1
290
0
176
1
290
0
176
1
 90
50
176
1
 40
0.0
176
1
 40
1.0
176
1
 90
0
176
1
 62
18
420
0
176
1
 90
50
176
1
 90
3
176
1
 62
5
420
255
176
1
290
0
176
1
 90
50
176
1
 90
50
176
1
 90
50
176
1
290
0
176
1
 90
50
176
1
 62
256
176
0
 40
1.0
176
0
 90
2
176
1
  1
strokes_ogs.tif
176
1
290
0
176
1
 40
1.0
176
1
 40
1.0
176
1
  0
VISUALSTYLE
  5
6F
102
{ACAD_REACTORS
330
16
102
}
330
16
100
AcDbVisualStyle
  2
Sketchy
 70
24
177
3
291
0
 70
58
 90
2
176
1
 90
2
176
1
 90
0
176
1
 90
1
176
1
 40
0.6
176
1
 40
30.0
176
1
 62
7
420
16777215
176
1
 90
1
176
1
 90
4
176
1
 62
7
176
1
 62
257
176
1
 90
1
176
1
 90
1
176
1
 40
1.0
176
1
 90
8
176
1
 62
7
176
1
 40
1.0
176
1
 90
1
176
1
 90
6
176
1
 90
2
176
1
 62
7
176
1
 90
5
176
1
 90
0
176
1
 90
0
176
1
290
0
176
1
 90
1
176
1
 40
0.0
176
1
 90
0
176
1
290
0
176
1
290
1
176
1
290
1
176
1
290
0
176
1
290
0
176
1
290
0
176
1
290
0
176
1
290
0
176
1
290
0
176
1
 90
50
176
1
 40
0.0
176
1
 40
1.0
176
1
 90
0
176
1
 62
18
420
0
176
1
 90
50
176
1
 90
3
176
1
 62
5
420
255
176
1
290
0
176
1
 90
50
176
1
 90
50
176
1
 90
50
176
1
290
0
176
1
 90
50
176
1
 62
256
176
0
 40
1.0
176
0
 90
2
176
1
  1
strokes_ogs.tif
176
1
290
0
176
1
 40
1.0
176
1
 40
1.0
176
1
  0
VISUALSTYLE
  5
70
102
{ACAD_REACTORS
330
16
102
}
330
16
100
AcDbVisualStyle
  2
Thicken
 70
13
177
3
291
1
 70
58
 90
2
176
1
 90
2
176
1
 90
0
176
1
 90
2
176
1
 40
0.6
176
1
 40
30.0
176
1
 62
7
420
16777215
176
1
 90
1
176
1
 90
4
176
1
 62
7
176
1
 62
257
176
1
 90
1
176
1
 90
1
176
1
 40
1.0
176
1
 90
8
176
1
 62
7
176
1
 40
1.0
176
1
 90
1
176
1
 90
6
176
1
 90
2
176
1
 62
7
176
1
 90
5
176
1
 90
0
176
1
 90
0
176
1
290
0
176
1
 90
1
176
1
 40
0.0
176
1
 90
0
176
1
290
0
176
1
290
1
176
1
290
1
176
1
290
0
176
1
290
0
176
1
290
0
176
1
290
0
176
1
290
0
176
1
290
0
176
1
 90
50
176
1
 40
0.0
176
1
 40
1.0
176
1
 90
0
176
1
 62
18
420
0
176
1
 90
50
176
1
 90
3
176
1
 62
5
420
255
176
1
290
0
176
1
 90
50
176
1
 90
50
176
1
 90
50
176
1
290
0
176
1
 90
50
176
1
 62
256
176
0
 40
1.0
176
0
 90
2
176
1
  1
strokes_ogs.tif
176
1
290
0
176
1
 40
1.0
176
1
 40
1.0
176
1
  0
VISUALSTYLE
  5
71
102
{ACAD_REACTORS
330
16
102
}
330
16
100
AcDbVisualStyle
  2
Wireframe
 70
5
177
3
291
0
 70
58
 90
2
176
1
 90
2
176
1
 90
0
176
1
 90
0
176
1
 40
0.6
176
1
 40
30.0
176
1
 62
7
420
16777215
176
1
 90
1
176
1
 90
4
176
1
 62
7
176
1
 62
257
176
1
 90
1
176
1
 90
1
176
1
 40
1.0
176
1
 90
8
176
1
 62
7
176
1
 40
1.0
176
1
 90
1
176
1
 90
6
176
1
 90
2
176
1
 62
7
176
1
 90
5
176
1
 90
0
176
1
 90
0
176
1
290
0
176
1
 90
1
176
1
 40
0.0
176
1
 90
0
176
1
290
0
176
1
290
1
176
1
290
1
176
1
290
0
176
1
290
0
176
1
290
0
176
1
290
0
176
1
290
0
176
1
290
0
176
1
 90
50
176
1
 40
0.0
176
1
 40
1.0
176
1
 90
0
176
1
 62
18
420
0
176
1
 90
50
176
1
 90
3
176
1
 62
5
420
255
176
1
290
0
176
1
 90
50
176
1
 90
50
176
1
 90
50
176
1
290
0
176
1
 90
50
176
1
 62
256
176
0
 40
1.0
176
0
 90
2
176
1
  1
strokes_ogs.tif
176
1
290
0
176
1
 40
1.0
176
1
 40
1.0
176
1
  0
VISUALSTYLE
  5
72
102
{ACAD_REACTORS
330
16
102
}
330
16
100
AcDbVisualStyle
  2
X-Ray
 70
25
177
3
291
0
 70
58
 90
2
176
1
 90
2
176
1
 90
0
176
1
 90
2
176
1
 40
0.5
176
1
 40
30.0
176
1
 62
7
420
16777215
176
1
 90
1
176
1
 90
4
176
1
 62
7
176
1
 62
257
176
1
 90
1
176
1
 90
1
176
1
 40
1.0
176
1
 90
8
176
1
 62
7
176
1
 40
1.0
176
1
 90
1
176
1
 90
6
176
1
 90
2
176
1
 62
7
176
1
 90
5
176
1
 90
0
176
1
 90
0
176
1
290
0
176
1
 90
1
176
1
 40
0.0
176
1
 90
0
176
1
290
0
176
1
290
1
176
1
290
1
176
1
290
0
176
1
290
0
176
1
290
0
176
1
290
0
176
1
290
0
176
1
290
0
176
1
 90
50
176
1
 40
0.0
176
1
 40
1.0
176
1
 90
0
176
1
 62
18
420
0
176
1
 90
50
176
1
 90
3
176
1
 62
5
420
255
176
1
290
0
176
1
 90
50
176
1
 90
50
176
1
 90
50
176
1
290
0
176
1
 90
50
176
1
 62
256
176
0
 40
1.0
176
0
 90
2
176
1
  1
strokes_ogs.tif
176
1
290
0
176
1
 40
1.0
176
1
 40
1.0
176
1
  0
LAYOUT
  5
51A
330
D
100
AcDbPlotSettings
  1

  2
DWG to PDF.pc3
  4
ezdxf_(420.00_x_297.00_MM)
  6

 40
10.0
 41
10.0
 42
10.0
 43
10.0
 44
420.0
 45
297.0
 46
0.0
 47
0.0
 48
0.0
 49
0.0
140
0.0
141
0.0
142
1.0
143
1.0
 70
672
 72
1
 73
0
 74
5
  7

 75
16
 76
0
 77
2
 78
300
147
1.0
148
0.0
149
0.0
100
AcDbLayout
  1
GROUND
 70
1
 71
3
 10
-10.0
 20
-10.0
 11
410.0
 21
287.0
 12
0.0
 22
0.0
 32
0.0
 14
1e+20
 24
1e+20
 34
1e+20
 15
-1e+20
 25
-1e+20
 35
-1e+20
146
0.0
 13
0.0
 23
0.0
 33
0.0
 16
1.0
 26
0.0
 36
0.0
 17
0.0
 27
1.0
 37
0.0
 76
1
330
517
331
51B
  0
LAYOUT
  5
8CB
330
D
100
AcDbPlotSettings
  1

  2
DWG to PDF.pc3
  4
ezdxf_(420.00_x_297.00_MM)
  6

 40
10.0
 41
10.0
 42
10.0
 43
10.0
 44
420.0
 45
297.0
 46
0.0
 47
0.0
 48
0.0
 49
0.0
140
0.0
141
0.0
142
1.0
143
1.0
 70
672
 72
1
 73
0
 74
5
  7

 75
16
 76
0
 77
2
 78
300
147
1.0
148
0.0
149
0.0
100
AcDbLayout
  1
FLOOR-1
 70
1
 71
4
 10
-10.0
 20
-10.0
 11
410.0
 21
287.0
 12
0.0
 22
0.0
 32
0.0
 14
1e+20
 24
1e+20
 34
1e+20
 15
-1e+20
 25
-1e+20
 35
-1e+20
146
0.0
 13
0.0
 23
0.0
 33
0.0
 16
1.0
 26
0.0
 36
0.0
 17
0.0
 27
1.0
 37
0.0
 76
1
330
8C8
331
8CC
  0
DICTIONARYVAR
  5
8D1
330
2D
100
DictionaryVariables
280
0
  1
0.0 @ 2000-01-01T00:00:00.000000+00:00
  0
ENDSEC
  0
EOF
