ISO-10303-21;
HEADER;
FILE_DESCRIPTION(('ViewDefinition [DesignTransferView]','PRELIMINARY - ENGINEER TO REVIEW'),'2;1');
FILE_NAME('FloorForge.ifc','2026-09-06T00:00:00',('FloorForge'),('FloorForge'),'FloorForge 0.2','FloorForge','');
FILE_SCHEMA(('IFC4'));
ENDSEC;
DATA;
#1=IFCCARTESIANPOINT((0.,0.,0.));
#2=IFCAXIS2PLACEMENT3D(#1,$,$);
#3=IFCLOCALPLACEMENT($,#2);
#4=IFCCARTESIANPOINT((0.,0.,0.));
#5=IFCAXIS2PLACEMENT3D(#4,$,$);
#6=IFCGEOMETRICREPRESENTATIONCONTEXT($,'Model',3,0.00001,#5,$);
#7=IFCSIUNIT(*,.LENGTHUNIT.,.MILLI.,.METRE.);
#8=IFCSIUNIT(*,.AREAUNIT.,$,.SQUARE_METRE.);
#9=IFCSIUNIT(*,.VOLUMEUNIT.,$,.CUBIC_METRE.);
#10=IFCSIUNIT(*,.PLANEANGLEUNIT.,$,.RADIAN.);
#11=IFCUNITASSIGNMENT((#7,#8,#9,#10));
#12=IFCPROJECT('2a2_X_ZHvSyuOfiZys31j4',$,'The Verandah House','PRELIMINARY - ENGINEER TO REVIEW - NOT FOR CONSTRUCTION',$,$,$,(#6),#11);
#13=IFCSITE('0IND1MtDfK1AbQ2nKV0Yfj',$,'Unsurveyed plot',$,$,#3,$,$,.ELEMENT.,$,$,$,$,$);
#14=IFCBUILDING('3d_qio$hPPbRLetmFAJFuc',$,'Preliminary house',$,$,#3,$,$,.ELEMENT.,$,$,$);
#15=IFCRELAGGREGATES('1ZAPOA5gXUm96CSQ6hMnFI',$,$,$,#12,(#13));
#16=IFCRELAGGREGATES('37xmt9XwzNWfTTFBKnonrr',$,$,$,#13,(#14));
#17=IFCCARTESIANPOINT((0.,0.,0.));
#18=IFCAXIS2PLACEMENT3D(#17,$,$);
#19=IFCLOCALPLACEMENT(#3,#18);
#20=IFCBUILDINGSTOREY('0HSym5oLvSJeN0iAUrC7hc',$,'Ground floor',$,$,#19,$,$,.ELEMENT.,0.);
#21=IFCCARTESIANPOINT((0.,0.,3150.));
#22=IFCAXIS2PLACEMENT3D(#21,$,$);
#23=IFCLOCALPLACEMENT(#3,#22);
#24=IFCBUILDINGSTOREY('3eXoXSnfLPdOwswA1vSL8S',$,'First floor',$,$,#23,$,$,.ELEMENT.,3150.);
#25=IFCRELAGGREGATES('0kttugR8vVchF2bevvlRNq',$,$,$,#14,(#20,#24));
#26=IFCCARTESIANPOINT((230.,4680.));
#27=IFCCARTESIANPOINT((230.,0.));
#28=IFCCARTESIANPOINT((0.,0.));
#29=IFCCARTESIANPOINT((0.,4680.));
#30=IFCCARTESIANPOINT((230.,4680.));
#31=IFCPOLYLINE((#26,#27,#28,#29,#30));
#32=IFCARBITRARYCLOSEDPROFILEDEF(.AREA.,$,#31);
#33=IFCCARTESIANPOINT((0.,0.,0.));
#34=IFCAXIS2PLACEMENT3D(#33,$,$);
#35=IFCDIRECTION((0.,0.,1.));
#36=IFCEXTRUDEDAREASOLID(#32,#34,#35,3000.);
#37=IFCSHAPEREPRESENTATION(#6,'Body','SweptSolid',(#36));
#38=IFCPRODUCTDEFINITIONSHAPE($,$,(#37));
#39=IFCWALL('0IVxmT9WHJCvmO4yTMhDq6',$,'F0-W001','Nominal wall; structural role unverified',$,#19,#38,'F0-W001',.NOTDEFINED.);
#40=IFCCARTESIANPOINT((7922.,230.));
#41=IFCCARTESIANPOINT((7922.,0.));
#42=IFCCARTESIANPOINT((0.,0.));
#43=IFCCARTESIANPOINT((0.,230.));
#44=IFCCARTESIANPOINT((7692.,230.));
#45=IFCCARTESIANPOINT((7922.,230.));
#46=IFCPOLYLINE((#40,#41,#42,#43,#44,#45));
#47=IFCARBITRARYCLOSEDPROFILEDEF(.AREA.,$,#46);
#48=IFCCARTESIANPOINT((0.,0.,0.));
#49=IFCAXIS2PLACEMENT3D(#48,$,$);
#50=IFCDIRECTION((0.,0.,1.));
#51=IFCEXTRUDEDAREASOLID(#47,#49,#50,3000.);
#52=IFCSHAPEREPRESENTATION(#6,'Body','SweptSolid',(#51));
#53=IFCPRODUCTDEFINITIONSHAPE($,$,(#52));
#54=IFCWALL('0TSQyhba1V0PFSkMjjDO_o',$,'F0-W002','Nominal wall; structural role unverified',$,#19,#53,'F0-W002',.NOTDEFINED.);
#55=IFCCARTESIANPOINT((230.,6480.));
#56=IFCCARTESIANPOINT((230.,4450.));
#57=IFCCARTESIANPOINT((230.,4220.));
#58=IFCCARTESIANPOINT((0.,4220.));
#59=IFCCARTESIANPOINT((0.,6480.));
#60=IFCCARTESIANPOINT((230.,6480.));
#61=IFCPOLYLINE((#55,#56,#57,#58,#59,#60));
#62=IFCARBITRARYCLOSEDPROFILEDEF(.AREA.,$,#61);
#63=IFCCARTESIANPOINT((0.,0.,0.));
#64=IFCAXIS2PLACEMENT3D(#63,$,$);
#65=IFCDIRECTION((0.,0.,1.));
#66=IFCEXTRUDEDAREASOLID(#62,#64,#65,3000.);
#67=IFCSHAPEREPRESENTATION(#6,'Body','SweptSolid',(#66));
#68=IFCPRODUCTDEFINITIONSHAPE($,$,(#67));
#69=IFCWALL('3QVSBFFy9Us8E4XRB73Gwu',$,'F0-W003','Nominal wall; structural role unverified',$,#19,#68,'F0-W003',.NOTDEFINED.);
#70=IFCCARTESIANPOINT((2167.,4525.));
#71=IFCCARTESIANPOINT((2167.,4375.));
#72=IFCCARTESIANPOINT((0.,4375.));
#73=IFCCARTESIANPOINT((0.,4525.));
#74=IFCCARTESIANPOINT((2092.,4525.));
#75=IFCCARTESIANPOINT((2167.,4525.));
#76=IFCPOLYLINE((#70,#71,#72,#73,#74,#75));
#77=IFCARBITRARYCLOSEDPROFILEDEF(.AREA.,$,#76);
#78=IFCCARTESIANPOINT((0.,0.,0.));
#79=IFCAXIS2PLACEMENT3D(#78,$,$);
#80=IFCDIRECTION((0.,0.,1.));
#81=IFCEXTRUDEDAREASOLID(#77,#79,#80,3000.);
#82=IFCSHAPEREPRESENTATION(#6,'Body','SweptSolid',(#81));
#83=IFCPRODUCTDEFINITIONSHAPE($,$,(#82));
#84=IFCWALL('0PJjSfGODNdebqIYecH63i',$,'F0-W004','Nominal wall; structural role unverified',$,#19,#83,'F0-W004',.NOTDEFINED.);
#85=IFCCARTESIANPOINT((230.,9030.));
#86=IFCCARTESIANPOINT((230.,6250.));
#87=IFCCARTESIANPOINT((230.,6020.));
#88=IFCCARTESIANPOINT((0.,6020.));
#89=IFCCARTESIANPOINT((0.,9030.));
#90=IFCCARTESIANPOINT((230.,9030.));
#91=IFCPOLYLINE((#85,#86,#87,#88,#89,#90));
#92=IFCARBITRARYCLOSEDPROFILEDEF(.AREA.,$,#91);
#93=IFCCARTESIANPOINT((0.,0.,0.));
#94=IFCAXIS2PLACEMENT3D(#93,$,$);
#95=IFCDIRECTION((0.,0.,1.));
#96=IFCEXTRUDEDAREASOLID(#92,#94,#95,3000.);
#97=IFCSHAPEREPRESENTATION(#6,'Body','SweptSolid',(#96));
#98=IFCPRODUCTDEFINITIONSHAPE($,$,(#97));
#99=IFCWALL('3LMoYkeEzIL8GVdf85a_8L',$,'F0-W005','Nominal wall; structural role unverified',$,#19,#98,'F0-W005',.NOTDEFINED.);
#100=IFCCARTESIANPOINT((2167.,6325.));
#101=IFCCARTESIANPOINT((2167.,6175.));
#102=IFCCARTESIANPOINT((0.,6175.));
#103=IFCCARTESIANPOINT((0.,6325.));
#104=IFCCARTESIANPOINT((2092.,6325.));
#105=IFCCARTESIANPOINT((2167.,6325.));
#106=IFCPOLYLINE((#100,#101,#102,#103,#104,#105));
#107=IFCARBITRARYCLOSEDPROFILEDEF(.AREA.,$,#106);
#108=IFCCARTESIANPOINT((0.,0.,0.));
#109=IFCAXIS2PLACEMENT3D(#108,$,$);
#110=IFCDIRECTION((0.,0.,1.));
#111=IFCEXTRUDEDAREASOLID(#107,#109,#110,3000.);
#112=IFCSHAPEREPRESENTATION(#6,'Body','SweptSolid',(#111));
#113=IFCPRODUCTDEFINITIONSHAPE($,$,(#112));
#114=IFCWALL('3iOL1wIJDQswl$iiP3TE9s',$,'F0-W006','Nominal wall; structural role unverified',$,#19,#113,'F0-W006',.NOTDEFINED.);
#115=IFCCARTESIANPOINT((230.,10530.));
#116=IFCCARTESIANPOINT((230.,8800.));
#117=IFCCARTESIANPOINT((230.,8570.));
#118=IFCCARTESIANPOINT((0.,8570.));
#119=IFCCARTESIANPOINT((0.,10530.));
#120=IFCCARTESIANPOINT((230.,10530.));
#121=IFCPOLYLINE((#115,#116,#117,#118,#119,#120));
#122=IFCARBITRARYCLOSEDPROFILEDEF(.AREA.,$,#121);
#123=IFCCARTESIANPOINT((0.,0.,0.));
#124=IFCAXIS2PLACEMENT3D(#123,$,$);
#125=IFCDIRECTION((0.,0.,1.));
#126=IFCEXTRUDEDAREASOLID(#122,#124,#125,3000.);
#127=IFCSHAPEREPRESENTATION(#6,'Body','SweptSolid',(#126));
#128=IFCPRODUCTDEFINITIONSHAPE($,$,(#127));
#129=IFCWALL('1fz8kV1F5UFP48E8Tc36oe',$,'F0-W007','Nominal wall; structural role unverified',$,#19,#128,'F0-W007',.NOTDEFINED.);
#130=IFCCARTESIANPOINT((2167.,8875.));
#131=IFCCARTESIANPOINT((2167.,8725.));
#132=IFCCARTESIANPOINT((0.,8725.));
#133=IFCCARTESIANPOINT((0.,8875.));
#134=IFCCARTESIANPOINT((2092.,8875.));
#135=IFCCARTESIANPOINT((2167.,8875.));
#136=IFCPOLYLINE((#130,#131,#132,#133,#134,#135));
#137=IFCARBITRARYCLOSEDPROFILEDEF(.AREA.,$,#136);
#138=IFCCARTESIANPOINT((0.,0.,0.));
#139=IFCAXIS2PLACEMENT3D(#138,$,$);
#140=IFCDIRECTION((0.,0.,1.));
#141=IFCEXTRUDEDAREASOLID(#137,#139,#140,3000.);
#142=IFCSHAPEREPRESENTATION(#6,'Body','SweptSolid',(#141));
#143=IFCPRODUCTDEFINITIONSHAPE($,$,(#142));
#144=IFCWALL('3ju1qNjfrGGPYcuMRH7tIr',$,'F0-W008','Nominal wall; structural role unverified',$,#19,#143,'F0-W008',.NOTDEFINED.);
#145=IFCCARTESIANPOINT((230.,10300.));
#146=IFCCARTESIANPOINT((230.,10070.));
#147=IFCCARTESIANPOINT((0.,10070.));
#148=IFCCARTESIANPOINT((0.,14088.));
#149=IFCCARTESIANPOINT((230.,14088.));
#150=IFCCARTESIANPOINT((230.,10300.));
#151=IFCPOLYLINE((#145,#146,#147,#148,#149,#150));
#152=IFCARBITRARYCLOSEDPROFILEDEF(.AREA.,$,#151);
#153=IFCCARTESIANPOINT((0.,0.,0.));
#154=IFCAXIS2PLACEMENT3D(#153,$,$);
#155=IFCDIRECTION((0.,0.,1.));
#156=IFCEXTRUDEDAREASOLID(#152,#154,#155,3000.);
#157=IFCSHAPEREPRESENTATION(#6,'Body','SweptSolid',(#156));
#158=IFCPRODUCTDEFINITIONSHAPE($,$,(#157));
#159=IFCWALL('06YW0W7unRDea7jva_Sw3T',$,'F0-W009','Nominal wall; structural role unverified',$,#19,#158,'F0-W009',.NOTDEFINED.);
#160=IFCCARTESIANPOINT((3417.,10375.));
#161=IFCCARTESIANPOINT((3417.,10225.));
#162=IFCCARTESIANPOINT((0.,10225.));
#163=IFCCARTESIANPOINT((0.,10375.));
#164=IFCCARTESIANPOINT((3342.,10375.));
#165=IFCCARTESIANPOINT((3417.,10375.));
#166=IFCPOLYLINE((#160,#161,#162,#163,#164,#165));
#167=IFCARBITRARYCLOSEDPROFILEDEF(.AREA.,$,#166);
#168=IFCCARTESIANPOINT((0.,0.,0.));
#169=IFCAXIS2PLACEMENT3D(#168,$,$);
#170=IFCDIRECTION((0.,0.,1.));
#171=IFCEXTRUDEDAREASOLID(#167,#169,#170,3000.);
#172=IFCSHAPEREPRESENTATION(#6,'Body','SweptSolid',(#171));
#173=IFCPRODUCTDEFINITIONSHAPE($,$,(#172));
#174=IFCWALL('2tN8NEHAvLD9PsgSlbIGG9',$,'F0-W010','Nominal wall; structural role unverified',$,#19,#173,'F0-W010',.NOTDEFINED.);
#175=IFCCARTESIANPOINT((3572.,13858.));
#176=IFCCARTESIANPOINT((0.,13858.));
#177=IFCCARTESIANPOINT((0.,14088.));
#178=IFCCARTESIANPOINT((3572.,14088.));
#179=IFCCARTESIANPOINT((3572.,13858.));
#180=IFCPOLYLINE((#175,#176,#177,#178,#179));
#181=IFCARBITRARYCLOSEDPROFILEDEF(.AREA.,$,#180);
#182=IFCCARTESIANPOINT((0.,0.,0.));
#183=IFCAXIS2PLACEMENT3D(#182,$,$);
#184=IFCDIRECTION((0.,0.,1.));
#185=IFCEXTRUDEDAREASOLID(#181,#183,#184,3000.);
#186=IFCSHAPEREPRESENTATION(#6,'Body','SweptSolid',(#185));
#187=IFCPRODUCTDEFINITIONSHAPE($,$,(#186));
#188=IFCWALL('0ivxzn$g5HEhhEmSR1GDGd',$,'F0-W011','Nominal wall; structural role unverified',$,#19,#187,'F0-W011',.NOTDEFINED.);
#189=IFCCARTESIANPOINT((2017.,6325.));
#190=IFCCARTESIANPOINT((2167.,6325.));
#191=IFCCARTESIANPOINT((2167.,4450.));
#192=IFCCARTESIANPOINT((2167.,4375.));
#193=IFCCARTESIANPOINT((2017.,4375.));
#194=IFCCARTESIANPOINT((2017.,6250.));
#195=IFCCARTESIANPOINT((2017.,6325.));
#196=IFCPOLYLINE((#189,#190,#191,#192,#193,#194,#195));
#197=IFCARBITRARYCLOSEDPROFILEDEF(.AREA.,$,#196);
#198=IFCCARTESIANPOINT((0.,0.,0.));
#199=IFCAXIS2PLACEMENT3D(#198,$,$);
#200=IFCDIRECTION((0.,0.,1.));
#201=IFCEXTRUDEDAREASOLID(#197,#199,#200,3000.);
#202=IFCSHAPEREPRESENTATION(#6,'Body','SweptSolid',(#201));
#203=IFCPRODUCTDEFINITIONSHAPE($,$,(#202));
#204=IFCWALL('16H1kuuQ9ScADYvslbUNxH',$,'F0-W012','Nominal wall; structural role unverified',$,#19,#203,'F0-W012',.NOTDEFINED.);
#205=IFCCARTESIANPOINT((2017.,8875.));
#206=IFCCARTESIANPOINT((2167.,8875.));
#207=IFCCARTESIANPOINT((2167.,6250.));
#208=IFCCARTESIANPOINT((2167.,6175.));
#209=IFCCARTESIANPOINT((2017.,6175.));
#210=IFCCARTESIANPOINT((2017.,8800.));
#211=IFCCARTESIANPOINT((2017.,8875.));
#212=IFCPOLYLINE((#205,#206,#207,#208,#209,#210,#211));
#213=IFCARBITRARYCLOSEDPROFILEDEF(.AREA.,$,#212);
#214=IFCCARTESIANPOINT((0.,0.,0.));
#215=IFCAXIS2PLACEMENT3D(#214,$,$);
#216=IFCDIRECTION((0.,0.,1.));
#217=IFCEXTRUDEDAREASOLID(#213,#215,#216,3000.);
#218=IFCSHAPEREPRESENTATION(#6,'Body','SweptSolid',(#217));
#219=IFCPRODUCTDEFINITIONSHAPE($,$,(#218));
#220=IFCWALL('1ydUaloefQtBYdv9UaoSdn',$,'F0-W013','Nominal wall; structural role unverified',$,#19,#219,'F0-W013',.NOTDEFINED.);
#221=IFCCARTESIANPOINT((3417.,8875.));
#222=IFCCARTESIANPOINT((3417.,8725.));
#223=IFCCARTESIANPOINT((2092.,8725.));
#224=IFCCARTESIANPOINT((2017.,8725.));
#225=IFCCARTESIANPOINT((2017.,8875.));
#226=IFCCARTESIANPOINT((3342.,8875.));
#227=IFCCARTESIANPOINT((3417.,8875.));
#228=IFCPOLYLINE((#221,#222,#223,#224,#225,#226,#227));
#229=IFCARBITRARYCLOSEDPROFILEDEF(.AREA.,$,#228);
#230=IFCCARTESIANPOINT((0.,0.,0.));
#231=IFCAXIS2PLACEMENT3D(#230,$,$);
#232=IFCDIRECTION((0.,0.,1.));
#233=IFCEXTRUDEDAREASOLID(#229,#231,#232,3000.);
#234=IFCSHAPEREPRESENTATION(#6,'Body','SweptSolid',(#233));
#235=IFCPRODUCTDEFINITIONSHAPE($,$,(#234));
#236=IFCWALL('0S2gSq8H9M0e76hpbjgiTy',$,'F0-W014','Nominal wall; structural role unverified',$,#19,#235,'F0-W014',.NOTDEFINED.);
#237=IFCCARTESIANPOINT((3267.,10375.));
#238=IFCCARTESIANPOINT((3417.,10375.));
#239=IFCCARTESIANPOINT((3417.,8800.));
#240=IFCCARTESIANPOINT((3417.,8725.));
#241=IFCCARTESIANPOINT((3267.,8725.));
#242=IFCCARTESIANPOINT((3267.,10300.));
#243=IFCCARTESIANPOINT((3267.,10375.));
#244=IFCPOLYLINE((#237,#238,#239,#240,#241,#242,#243));
#245=IFCARBITRARYCLOSEDPROFILEDEF(.AREA.,$,#244);
#246=IFCCARTESIANPOINT((0.,0.,0.));
#247=IFCAXIS2PLACEMENT3D(#246,$,$);
#248=IFCDIRECTION((0.,0.,1.));
#249=IFCEXTRUDEDAREASOLID(#245,#247,#248,3000.);
#250=IFCSHAPEREPRESENTATION(#6,'Body','SweptSolid',(#249));
#251=IFCPRODUCTDEFINITIONSHAPE($,$,(#250));
#252=IFCWALL('3ND9WpBWbJZBBeOfT_Whcx',$,'F0-W015','Nominal wall; structural role unverified',$,#19,#251,'F0-W015',.NOTDEFINED.);
#253=IFCCARTESIANPOINT((3267.,11625.));
#254=IFCCARTESIANPOINT((3417.,11625.));
#255=IFCCARTESIANPOINT((3417.,10300.));
#256=IFCCARTESIANPOINT((3417.,10225.));
#257=IFCCARTESIANPOINT((3267.,10225.));
#258=IFCCARTESIANPOINT((3267.,11550.));
#259=IFCCARTESIANPOINT((3267.,11625.));
#260=IFCPOLYLINE((#253,#254,#255,#256,#257,#258,#259));
#261=IFCARBITRARYCLOSEDPROFILEDEF(.AREA.,$,#260);
#262=IFCCARTESIANPOINT((0.,0.,0.));
#263=IFCAXIS2PLACEMENT3D(#262,$,$);
#264=IFCDIRECTION((0.,0.,1.));
#265=IFCEXTRUDEDAREASOLID(#261,#263,#264,3000.);
#266=IFCSHAPEREPRESENTATION(#6,'Body','SweptSolid',(#265));
#267=IFCPRODUCTDEFINITIONSHAPE($,$,(#266));
#268=IFCWALL('2ijZhWXNvGvx$EwOMaQUYr',$,'F0-W016','Nominal wall; structural role unverified',$,#19,#267,'F0-W016',.NOTDEFINED.);
#269=IFCCARTESIANPOINT((3417.,11550.));
#270=IFCCARTESIANPOINT((3417.,11475.));
#271=IFCCARTESIANPOINT((3267.,11475.));
#272=IFCCARTESIANPOINT((3267.,14088.));
#273=IFCCARTESIANPOINT((3417.,14088.));
#274=IFCCARTESIANPOINT((3417.,11550.));
#275=IFCPOLYLINE((#269,#270,#271,#272,#273,#274));
#276=IFCARBITRARYCLOSEDPROFILEDEF(.AREA.,$,#275);
#277=IFCCARTESIANPOINT((0.,0.,0.));
#278=IFCAXIS2PLACEMENT3D(#277,$,$);
#279=IFCDIRECTION((0.,0.,1.));
#280=IFCEXTRUDEDAREASOLID(#276,#278,#279,3000.);
#281=IFCSHAPEREPRESENTATION(#6,'Body','SweptSolid',(#280));
#282=IFCPRODUCTDEFINITIONSHAPE($,$,(#281));
#283=IFCWALL('26gewieb5JKPPzJu1Do1Ly',$,'F0-W017','Nominal wall; structural role unverified',$,#19,#282,'F0-W017',.NOTDEFINED.);
#284=IFCCARTESIANPOINT((4767.,11625.));
#285=IFCCARTESIANPOINT((4767.,11475.));
#286=IFCCARTESIANPOINT((3342.,11475.));
#287=IFCCARTESIANPOINT((3267.,11475.));
#288=IFCCARTESIANPOINT((3267.,11625.));
#289=IFCCARTESIANPOINT((4692.,11625.));
#290=IFCCARTESIANPOINT((4767.,11625.));
#291=IFCPOLYLINE((#284,#285,#286,#287,#288,#289,#290));
#292=IFCARBITRARYCLOSEDPROFILEDEF(.AREA.,$,#291);
#293=IFCCARTESIANPOINT((0.,0.,0.));
#294=IFCAXIS2PLACEMENT3D(#293,$,$);
#295=IFCDIRECTION((0.,0.,1.));
#296=IFCEXTRUDEDAREASOLID(#292,#294,#295,3000.);
#297=IFCSHAPEREPRESENTATION(#6,'Body','SweptSolid',(#296));
#298=IFCPRODUCTDEFINITIONSHAPE($,$,(#297));
#299=IFCWALL('1Oq9yWGyXK$hECrhRYMRza',$,'F0-W018','Nominal wall; structural role unverified',$,#19,#298,'F0-W018',.NOTDEFINED.);
#300=IFCCARTESIANPOINT((4922.,13858.));
#301=IFCCARTESIANPOINT((3342.,13858.));
#302=IFCCARTESIANPOINT((3112.,13858.));
#303=IFCCARTESIANPOINT((3112.,14088.));
#304=IFCCARTESIANPOINT((4922.,14088.));
#305=IFCCARTESIANPOINT((4922.,13858.));
#306=IFCPOLYLINE((#300,#301,#302,#303,#304,#305));
#307=IFCARBITRARYCLOSEDPROFILEDEF(.AREA.,$,#306);
#308=IFCCARTESIANPOINT((0.,0.,0.));
#309=IFCAXIS2PLACEMENT3D(#308,$,$);
#310=IFCDIRECTION((0.,0.,1.));
#311=IFCEXTRUDEDAREASOLID(#307,#309,#310,3000.);
#312=IFCSHAPEREPRESENTATION(#6,'Body','SweptSolid',(#311));
#313=IFCPRODUCTDEFINITIONSHAPE($,$,(#312));
#314=IFCWALL('2cM74skKLVFAYu59P2N9UQ',$,'F0-W019','Nominal wall; structural role unverified',$,#19,#313,'F0-W019',.NOTDEFINED.);
#315=IFCCARTESIANPOINT((4617.,11625.));
#316=IFCCARTESIANPOINT((4767.,11625.));
#317=IFCCARTESIANPOINT((4767.,8800.));
#318=IFCCARTESIANPOINT((4767.,8725.));
#319=IFCCARTESIANPOINT((4617.,8725.));
#320=IFCCARTESIANPOINT((4617.,11550.));
#321=IFCCARTESIANPOINT((4617.,11625.));
#322=IFCPOLYLINE((#315,#316,#317,#318,#319,#320,#321));
#323=IFCARBITRARYCLOSEDPROFILEDEF(.AREA.,$,#322);
#324=IFCCARTESIANPOINT((0.,0.,0.));
#325=IFCAXIS2PLACEMENT3D(#324,$,$);
#326=IFCDIRECTION((0.,0.,1.));
#327=IFCEXTRUDEDAREASOLID(#323,#325,#326,3000.);
#328=IFCSHAPEREPRESENTATION(#6,'Body','SweptSolid',(#327));
#329=IFCPRODUCTDEFINITIONSHAPE($,$,(#328));
#330=IFCWALL('0pNWN9FzvTIOJuzlKks9tQ',$,'F0-W020','Nominal wall; structural role unverified',$,#19,#329,'F0-W020',.NOTDEFINED.);
#331=IFCCARTESIANPOINT((6067.,8875.));
#332=IFCCARTESIANPOINT((6067.,8725.));
#333=IFCCARTESIANPOINT((4692.,8725.));
#334=IFCCARTESIANPOINT((4617.,8725.));
#335=IFCCARTESIANPOINT((4617.,8875.));
#336=IFCCARTESIANPOINT((5992.,8875.));
#337=IFCCARTESIANPOINT((6067.,8875.));
#338=IFCPOLYLINE((#331,#332,#333,#334,#335,#336,#337));
#339=IFCARBITRARYCLOSEDPROFILEDEF(.AREA.,$,#338);
#340=IFCCARTESIANPOINT((0.,0.,0.));
#341=IFCAXIS2PLACEMENT3D(#340,$,$);
#342=IFCDIRECTION((0.,0.,1.));
#343=IFCEXTRUDEDAREASOLID(#339,#341,#342,3000.);
#344=IFCSHAPEREPRESENTATION(#6,'Body','SweptSolid',(#343));
#345=IFCPRODUCTDEFINITIONSHAPE($,$,(#344));
#346=IFCWALL('2zSG5dLnfR0B16O$sDmNHN',$,'F0-W021','Nominal wall; structural role unverified',$,#19,#345,'F0-W021',.NOTDEFINED.);
#347=IFCCARTESIANPOINT((4767.,11550.));
#348=IFCCARTESIANPOINT((4767.,11475.));
#349=IFCCARTESIANPOINT((4617.,11475.));
#350=IFCCARTESIANPOINT((4617.,14088.));
#351=IFCCARTESIANPOINT((4767.,14088.));
#352=IFCCARTESIANPOINT((4767.,11550.));
#353=IFCPOLYLINE((#347,#348,#349,#350,#351,#352));
#354=IFCARBITRARYCLOSEDPROFILEDEF(.AREA.,$,#353);
#355=IFCCARTESIANPOINT((0.,0.,0.));
#356=IFCAXIS2PLACEMENT3D(#355,$,$);
#357=IFCDIRECTION((0.,0.,1.));
#358=IFCEXTRUDEDAREASOLID(#354,#356,#357,3000.);
#359=IFCSHAPEREPRESENTATION(#6,'Body','SweptSolid',(#358));
#360=IFCPRODUCTDEFINITIONSHAPE($,$,(#359));
#361=IFCWALL('1PnYhaEY1NW9EnSWaTiqh$',$,'F0-W022','Nominal wall; structural role unverified',$,#19,#360,'F0-W022',.NOTDEFINED.);
#362=IFCCARTESIANPOINT((8322.,13858.));
#363=IFCCARTESIANPOINT((4692.,13858.));
#364=IFCCARTESIANPOINT((4462.,13858.));
#365=IFCCARTESIANPOINT((4462.,14088.));
#366=IFCCARTESIANPOINT((8322.,14088.));
#367=IFCCARTESIANPOINT((8322.,13858.));
#368=IFCPOLYLINE((#362,#363,#364,#365,#366,#367));
#369=IFCARBITRARYCLOSEDPROFILEDEF(.AREA.,$,#368);
#370=IFCCARTESIANPOINT((0.,0.,0.));
#371=IFCAXIS2PLACEMENT3D(#370,$,$);
#372=IFCDIRECTION((0.,0.,1.));
#373=IFCEXTRUDEDAREASOLID(#369,#371,#372,3000.);
#374=IFCSHAPEREPRESENTATION(#6,'Body','SweptSolid',(#373));
#375=IFCPRODUCTDEFINITIONSHAPE($,$,(#374));
#376=IFCWALL('1hDfoZkqXRk8x6eI7KInlx',$,'F0-W023','Nominal wall; structural role unverified',$,#19,#375,'F0-W023',.NOTDEFINED.);
#377=IFCCARTESIANPOINT((5917.,7375.));
#378=IFCCARTESIANPOINT((6067.,7375.));
#379=IFCCARTESIANPOINT((6067.,4450.));
#380=IFCCARTESIANPOINT((6067.,4375.));
#381=IFCCARTESIANPOINT((5917.,4375.));
#382=IFCCARTESIANPOINT((5917.,7300.));
#383=IFCCARTESIANPOINT((5917.,7375.));
#384=IFCPOLYLINE((#377,#378,#379,#380,#381,#382,#383));
#385=IFCARBITRARYCLOSEDPROFILEDEF(.AREA.,$,#384);
#386=IFCCARTESIANPOINT((0.,0.,0.));
#387=IFCAXIS2PLACEMENT3D(#386,$,$);
#388=IFCDIRECTION((0.,0.,1.));
#389=IFCEXTRUDEDAREASOLID(#385,#387,#388,3000.);
#390=IFCSHAPEREPRESENTATION(#6,'Body','SweptSolid',(#389));
#391=IFCPRODUCTDEFINITIONSHAPE($,$,(#390));
#392=IFCWALL('0lpcQ3o6DV1RFbQLftd8SE',$,'F0-W024','Nominal wall; structural role unverified',$,#19,#391,'F0-W024',.NOTDEFINED.);
#393=IFCCARTESIANPOINT((7767.,4525.));
#394=IFCCARTESIANPOINT((7767.,4375.));
#395=IFCCARTESIANPOINT((5992.,4375.));
#396=IFCCARTESIANPOINT((5917.,4375.));
#397=IFCCARTESIANPOINT((5917.,4525.));
#398=IFCCARTESIANPOINT((7692.,4525.));
#399=IFCCARTESIANPOINT((7767.,4525.));
#400=IFCPOLYLINE((#393,#394,#395,#396,#397,#398,#399));
#401=IFCARBITRARYCLOSEDPROFILEDEF(.AREA.,$,#400);
#402=IFCCARTESIANPOINT((0.,0.,0.));
#403=IFCAXIS2PLACEMENT3D(#402,$,$);
#404=IFCDIRECTION((0.,0.,1.));
#405=IFCEXTRUDEDAREASOLID(#401,#403,#404,3000.);
#406=IFCSHAPEREPRESENTATION(#6,'Body','SweptSolid',(#405));
#407=IFCPRODUCTDEFINITIONSHAPE($,$,(#406));
#408=IFCWALL('0ZL6oX$zLUZRrKRfMSulbM',$,'F0-W025','Nominal wall; structural role unverified',$,#19,#407,'F0-W025',.NOTDEFINED.);
#409=IFCCARTESIANPOINT((5917.,8875.));
#410=IFCCARTESIANPOINT((6067.,8875.));
#411=IFCCARTESIANPOINT((6067.,7300.));
#412=IFCCARTESIANPOINT((6067.,7225.));
#413=IFCCARTESIANPOINT((5917.,7225.));
#414=IFCCARTESIANPOINT((5917.,8800.));
#415=IFCCARTESIANPOINT((5917.,8875.));
#416=IFCPOLYLINE((#409,#410,#411,#412,#413,#414,#415));
#417=IFCARBITRARYCLOSEDPROFILEDEF(.AREA.,$,#416);
#418=IFCCARTESIANPOINT((0.,0.,0.));
#419=IFCAXIS2PLACEMENT3D(#418,$,$);
#420=IFCDIRECTION((0.,0.,1.));
#421=IFCEXTRUDEDAREASOLID(#417,#419,#420,3000.);
#422=IFCSHAPEREPRESENTATION(#6,'Body','SweptSolid',(#421));
#423=IFCPRODUCTDEFINITIONSHAPE($,$,(#422));
#424=IFCWALL('1ZuYBldYTT_8LzCD3rWW_R',$,'F0-W026','Nominal wall; structural role unverified',$,#19,#423,'F0-W026',.NOTDEFINED.);
#425=IFCCARTESIANPOINT((5992.,7225.));
#426=IFCCARTESIANPOINT((5917.,7225.));
#427=IFCCARTESIANPOINT((5917.,7375.));
#428=IFCCARTESIANPOINT((10192.,7375.));
#429=IFCCARTESIANPOINT((10192.,7225.));
#430=IFCCARTESIANPOINT((5992.,7225.));
#431=IFCPOLYLINE((#425,#426,#427,#428,#429,#430));
#432=IFCARBITRARYCLOSEDPROFILEDEF(.AREA.,$,#431);
#433=IFCCARTESIANPOINT((0.,0.,0.));
#434=IFCAXIS2PLACEMENT3D(#433,$,$);
#435=IFCDIRECTION((0.,0.,1.));
#436=IFCEXTRUDEDAREASOLID(#432,#434,#435,3000.);
#437=IFCSHAPEREPRESENTATION(#6,'Body','SweptSolid',(#436));
#438=IFCPRODUCTDEFINITIONSHAPE($,$,(#437));
#439=IFCWALL('3WGLDf$H9QvO2k99FK8Ldc',$,'F0-W027','Nominal wall; structural role unverified',$,#19,#438,'F0-W027',.NOTDEFINED.);
#440=IFCCARTESIANPOINT((8167.,8875.));
#441=IFCCARTESIANPOINT((8167.,8725.));
#442=IFCCARTESIANPOINT((5992.,8725.));
#443=IFCCARTESIANPOINT((5917.,8725.));
#444=IFCCARTESIANPOINT((5917.,8875.));
#445=IFCCARTESIANPOINT((8092.,8875.));
#446=IFCCARTESIANPOINT((8167.,8875.));
#447=IFCPOLYLINE((#440,#441,#442,#443,#444,#445,#446));
#448=IFCARBITRARYCLOSEDPROFILEDEF(.AREA.,$,#447);
#449=IFCCARTESIANPOINT((0.,0.,0.));
#450=IFCAXIS2PLACEMENT3D(#449,$,$);
#451=IFCDIRECTION((0.,0.,1.));
#452=IFCEXTRUDEDAREASOLID(#448,#450,#451,3000.);
#453=IFCSHAPEREPRESENTATION(#6,'Body','SweptSolid',(#452));
#454=IFCPRODUCTDEFINITIONSHAPE($,$,(#453));
#455=IFCWALL('1SD2LY6MDKbgqunS8BcswR',$,'F0-W028','Nominal wall; structural role unverified',$,#19,#454,'F0-W028',.NOTDEFINED.);
#456=IFCCARTESIANPOINT((7462.,230.));
#457=IFCCARTESIANPOINT((10192.,230.));
#458=IFCCARTESIANPOINT((10192.,0.));
#459=IFCCARTESIANPOINT((7462.,0.));
#460=IFCCARTESIANPOINT((7462.,230.));
#461=IFCPOLYLINE((#456,#457,#458,#459,#460));
#462=IFCARBITRARYCLOSEDPROFILEDEF(.AREA.,$,#461);
#463=IFCCARTESIANPOINT((0.,0.,0.));
#464=IFCAXIS2PLACEMENT3D(#463,$,$);
#465=IFCDIRECTION((0.,0.,1.));
#466=IFCEXTRUDEDAREASOLID(#462,#464,#465,3000.);
#467=IFCSHAPEREPRESENTATION(#6,'Body','SweptSolid',(#466));
#468=IFCPRODUCTDEFINITIONSHAPE($,$,(#467));
#469=IFCWALL('3Q2WVX81fNvwVz5gmDgGyx',$,'F0-W029','Nominal wall; structural role unverified',$,#19,#468,'F0-W029',.NOTDEFINED.);
#470=IFCCARTESIANPOINT((7692.,4375.));
#471=IFCCARTESIANPOINT((7617.,4375.));
#472=IFCCARTESIANPOINT((7617.,4525.));
#473=IFCCARTESIANPOINT((10192.,4525.));
#474=IFCCARTESIANPOINT((10192.,4375.));
#475=IFCCARTESIANPOINT((7692.,4375.));
#476=IFCPOLYLINE((#470,#471,#472,#473,#474,#475));
#477=IFCARBITRARYCLOSEDPROFILEDEF(.AREA.,$,#476);
#478=IFCCARTESIANPOINT((0.,0.,0.));
#479=IFCAXIS2PLACEMENT3D(#478,$,$);
#480=IFCDIRECTION((0.,0.,1.));
#481=IFCEXTRUDEDAREASOLID(#477,#479,#480,3000.);
#482=IFCSHAPEREPRESENTATION(#6,'Body','SweptSolid',(#481));
#483=IFCPRODUCTDEFINITIONSHAPE($,$,(#482));
#484=IFCWALL('0q1bIwfgPNtQ2sOBDAacc$',$,'F0-W030','Nominal wall; structural role unverified',$,#19,#483,'F0-W030',.NOTDEFINED.);
#485=IFCCARTESIANPOINT((8017.,11275.));
#486=IFCCARTESIANPOINT((8167.,11275.));
#487=IFCCARTESIANPOINT((8167.,8800.));
#488=IFCCARTESIANPOINT((8167.,8725.));
#489=IFCCARTESIANPOINT((8017.,8725.));
#490=IFCCARTESIANPOINT((8017.,11200.));
#491=IFCCARTESIANPOINT((8017.,11275.));
#492=IFCPOLYLINE((#485,#486,#487,#488,#489,#490,#491));
#493=IFCARBITRARYCLOSEDPROFILEDEF(.AREA.,$,#492);
#494=IFCCARTESIANPOINT((0.,0.,0.));
#495=IFCAXIS2PLACEMENT3D(#494,$,$);
#496=IFCDIRECTION((0.,0.,1.));
#497=IFCEXTRUDEDAREASOLID(#493,#495,#496,3000.);
#498=IFCSHAPEREPRESENTATION(#6,'Body','SweptSolid',(#497));
#499=IFCPRODUCTDEFINITIONSHAPE($,$,(#498));
#500=IFCWALL('2Jh3h6TTHHff$DPtOmLWEs',$,'F0-W031','Nominal wall; structural role unverified',$,#19,#499,'F0-W031',.NOTDEFINED.);
#501=IFCCARTESIANPOINT((8092.,8725.));
#502=IFCCARTESIANPOINT((8017.,8725.));
#503=IFCCARTESIANPOINT((8017.,8875.));
#504=IFCCARTESIANPOINT((10192.,8875.));
#505=IFCCARTESIANPOINT((10192.,8725.));
#506=IFCCARTESIANPOINT((8092.,8725.));
#507=IFCPOLYLINE((#501,#502,#503,#504,#505,#506));
#508=IFCARBITRARYCLOSEDPROFILEDEF(.AREA.,$,#507);
#509=IFCCARTESIANPOINT((0.,0.,0.));
#510=IFCAXIS2PLACEMENT3D(#509,$,$);
#511=IFCDIRECTION((0.,0.,1.));
#512=IFCEXTRUDEDAREASOLID(#508,#510,#511,3000.);
#513=IFCSHAPEREPRESENTATION(#6,'Body','SweptSolid',(#512));
#514=IFCPRODUCTDEFINITIONSHAPE($,$,(#513));
#515=IFCWALL('0MovxpkH5TieiXjTZrW$ZX',$,'F0-W032','Nominal wall; structural role unverified',$,#19,#514,'F0-W032',.NOTDEFINED.);
#516=IFCCARTESIANPOINT((8167.,11200.));
#517=IFCCARTESIANPOINT((8167.,11125.));
#518=IFCCARTESIANPOINT((8017.,11125.));
#519=IFCCARTESIANPOINT((8017.,14088.));
#520=IFCCARTESIANPOINT((8167.,14088.));
#521=IFCCARTESIANPOINT((8167.,11200.));
#522=IFCPOLYLINE((#516,#517,#518,#519,#520,#521));
#523=IFCARBITRARYCLOSEDPROFILEDEF(.AREA.,$,#522);
#524=IFCCARTESIANPOINT((0.,0.,0.));
#525=IFCAXIS2PLACEMENT3D(#524,$,$);
#526=IFCDIRECTION((0.,0.,1.));
#527=IFCEXTRUDEDAREASOLID(#523,#525,#526,3000.);
#528=IFCSHAPEREPRESENTATION(#6,'Body','SweptSolid',(#527));
#529=IFCPRODUCTDEFINITIONSHAPE($,$,(#528));
#530=IFCWALL('0RuMjquITIAxVhvAvVEYwh',$,'F0-W033','Nominal wall; structural role unverified',$,#19,#529,'F0-W033',.NOTDEFINED.);
#531=IFCCARTESIANPOINT((8092.,11125.));
#532=IFCCARTESIANPOINT((8017.,11125.));
#533=IFCCARTESIANPOINT((8017.,11275.));
#534=IFCCARTESIANPOINT((10192.,11275.));
#535=IFCCARTESIANPOINT((10192.,11125.));
#536=IFCCARTESIANPOINT((8092.,11125.));
#537=IFCPOLYLINE((#531,#532,#533,#534,#535,#536));
#538=IFCARBITRARYCLOSEDPROFILEDEF(.AREA.,$,#537);
#539=IFCCARTESIANPOINT((0.,0.,0.));
#540=IFCAXIS2PLACEMENT3D(#539,$,$);
#541=IFCDIRECTION((0.,0.,1.));
#542=IFCEXTRUDEDAREASOLID(#538,#540,#541,3000.);
#543=IFCSHAPEREPRESENTATION(#6,'Body','SweptSolid',(#542));
#544=IFCPRODUCTDEFINITIONSHAPE($,$,(#543));
#545=IFCWALL('33wvIuMEfOpedVa3xFUgqF',$,'F0-W034','Nominal wall; structural role unverified',$,#19,#544,'F0-W034',.NOTDEFINED.);
#546=IFCCARTESIANPOINT((8092.,13858.));
#547=IFCCARTESIANPOINT((7862.,13858.));
#548=IFCCARTESIANPOINT((7862.,14088.));
#549=IFCCARTESIANPOINT((10192.,14088.));
#550=IFCCARTESIANPOINT((10192.,13858.));
#551=IFCCARTESIANPOINT((8092.,13858.));
#552=IFCPOLYLINE((#546,#547,#548,#549,#550,#551));
#553=IFCARBITRARYCLOSEDPROFILEDEF(.AREA.,$,#552);
#554=IFCCARTESIANPOINT((0.,0.,0.));
#555=IFCAXIS2PLACEMENT3D(#554,$,$);
#556=IFCDIRECTION((0.,0.,1.));
#557=IFCEXTRUDEDAREASOLID(#553,#555,#556,3000.);
#558=IFCSHAPEREPRESENTATION(#6,'Body','SweptSolid',(#557));
#559=IFCPRODUCTDEFINITIONSHAPE($,$,(#558));
#560=IFCWALL('1U94Yt$nnO_Q1ta8oqcqom',$,'F0-W035','Nominal wall; structural role unverified',$,#19,#559,'F0-W035',.NOTDEFINED.);
#561=IFCCARTESIANPOINT((9962.,4680.));
#562=IFCCARTESIANPOINT((10192.,4680.));
#563=IFCCARTESIANPOINT((10192.,0.));
#564=IFCCARTESIANPOINT((9962.,0.));
#565=IFCCARTESIANPOINT((9962.,4450.));
#566=IFCCARTESIANPOINT((9962.,4680.));
#567=IFCPOLYLINE((#561,#562,#563,#564,#565,#566));
#568=IFCARBITRARYCLOSEDPROFILEDEF(.AREA.,$,#567);
#569=IFCCARTESIANPOINT((0.,0.,0.));
#570=IFCAXIS2PLACEMENT3D(#569,$,$);
#571=IFCDIRECTION((0.,0.,1.));
#572=IFCEXTRUDEDAREASOLID(#568,#570,#571,3000.);
#573=IFCSHAPEREPRESENTATION(#6,'Body','SweptSolid',(#572));
#574=IFCPRODUCTDEFINITIONSHAPE($,$,(#573));
#575=IFCWALL('1Yz2iJHjfQKOm8NLPf71S2',$,'F0-W036','Nominal wall; structural role unverified',$,#19,#574,'F0-W036',.NOTDEFINED.);
#576=IFCCARTESIANPOINT((9962.,7530.));
#577=IFCCARTESIANPOINT((10192.,7530.));
#578=IFCCARTESIANPOINT((10192.,4220.));
#579=IFCCARTESIANPOINT((9962.,4220.));
#580=IFCCARTESIANPOINT((9962.,7300.));
#581=IFCCARTESIANPOINT((9962.,7530.));
#582=IFCPOLYLINE((#576,#577,#578,#579,#580,#581));
#583=IFCARBITRARYCLOSEDPROFILEDEF(.AREA.,$,#582);
#584=IFCCARTESIANPOINT((0.,0.,0.));
#585=IFCAXIS2PLACEMENT3D(#584,$,$);
#586=IFCDIRECTION((0.,0.,1.));
#587=IFCEXTRUDEDAREASOLID(#583,#585,#586,3000.);
#588=IFCSHAPEREPRESENTATION(#6,'Body','SweptSolid',(#587));
#589=IFCPRODUCTDEFINITIONSHAPE($,$,(#588));
#590=IFCWALL('3TSn4Jvp5RZRHZzguqOhIo',$,'F0-W037','Nominal wall; structural role unverified',$,#19,#589,'F0-W037',.NOTDEFINED.);
#591=IFCCARTESIANPOINT((9962.,9030.));
#592=IFCCARTESIANPOINT((10192.,9030.));
#593=IFCCARTESIANPOINT((10192.,7070.));
#594=IFCCARTESIANPOINT((9962.,7070.));
#595=IFCCARTESIANPOINT((9962.,8800.));
#596=IFCCARTESIANPOINT((9962.,9030.));
#597=IFCPOLYLINE((#591,#592,#593,#594,#595,#596));
#598=IFCARBITRARYCLOSEDPROFILEDEF(.AREA.,$,#597);
#599=IFCCARTESIANPOINT((0.,0.,0.));
#600=IFCAXIS2PLACEMENT3D(#599,$,$);
#601=IFCDIRECTION((0.,0.,1.));
#602=IFCEXTRUDEDAREASOLID(#598,#600,#601,3000.);
#603=IFCSHAPEREPRESENTATION(#6,'Body','SweptSolid',(#602));
#604=IFCPRODUCTDEFINITIONSHAPE($,$,(#603));
#605=IFCWALL('36rg9zgCjH1eh1AqROkuPT',$,'F0-W038','Nominal wall; structural role unverified',$,#19,#604,'F0-W038',.NOTDEFINED.);
#606=IFCCARTESIANPOINT((9962.,11430.));
#607=IFCCARTESIANPOINT((10192.,11430.));
#608=IFCCARTESIANPOINT((10192.,8570.));
#609=IFCCARTESIANPOINT((9962.,8570.));
#610=IFCCARTESIANPOINT((9962.,11200.));
#611=IFCCARTESIANPOINT((9962.,11430.));
#612=IFCPOLYLINE((#606,#607,#608,#609,#610,#611));
#613=IFCARBITRARYCLOSEDPROFILEDEF(.AREA.,$,#612);
#614=IFCCARTESIANPOINT((0.,0.,0.));
#615=IFCAXIS2PLACEMENT3D(#614,$,$);
#616=IFCDIRECTION((0.,0.,1.));
#617=IFCEXTRUDEDAREASOLID(#613,#615,#616,3000.);
#618=IFCSHAPEREPRESENTATION(#6,'Body','SweptSolid',(#617));
#619=IFCPRODUCTDEFINITIONSHAPE($,$,(#618));
#620=IFCWALL('2nWMhWPErSIR9bZklaiBpa',$,'F0-W039','Nominal wall; structural role unverified',$,#19,#619,'F0-W039',.NOTDEFINED.);
#621=IFCCARTESIANPOINT((9962.,10970.));
#622=IFCCARTESIANPOINT((9962.,14088.));
#623=IFCCARTESIANPOINT((10192.,14088.));
#624=IFCCARTESIANPOINT((10192.,10970.));
#625=IFCCARTESIANPOINT((9962.,10970.));
#626=IFCPOLYLINE((#621,#622,#623,#624,#625));
#627=IFCARBITRARYCLOSEDPROFILEDEF(.AREA.,$,#626);
#628=IFCCARTESIANPOINT((0.,0.,0.));
#629=IFCAXIS2PLACEMENT3D(#628,$,$);
#630=IFCDIRECTION((0.,0.,1.));
#631=IFCEXTRUDEDAREASOLID(#627,#629,#630,3000.);
#632=IFCSHAPEREPRESENTATION(#6,'Body','SweptSolid',(#631));
#633=IFCPRODUCTDEFINITIONSHAPE($,$,(#632));
#634=IFCWALL('0rHhV$cvbU8O9FRzE2fwR8',$,'F0-W040','Nominal wall; structural role unverified',$,#19,#633,'F0-W040',.NOTDEFINED.);
#635=IFCCARTESIANPOINT((230.,4680.));
#636=IFCCARTESIANPOINT((230.,1550.));
#637=IFCCARTESIANPOINT((230.,1320.));
#638=IFCCARTESIANPOINT((0.,1320.));
#639=IFCCARTESIANPOINT((0.,4680.));
#640=IFCCARTESIANPOINT((230.,4680.));
#641=IFCPOLYLINE((#635,#636,#637,#638,#639,#640));
#642=IFCARBITRARYCLOSEDPROFILEDEF(.AREA.,$,#641);
#643=IFCCARTESIANPOINT((0.,0.,0.));
#644=IFCAXIS2PLACEMENT3D(#643,$,$);
#645=IFCDIRECTION((0.,0.,1.));
#646=IFCEXTRUDEDAREASOLID(#642,#644,#645,3000.);
#647=IFCSHAPEREPRESENTATION(#6,'Body','SweptSolid',(#646));
#648=IFCPRODUCTDEFINITIONSHAPE($,$,(#647));
#649=IFCWALL('0kXuhX_abGIe_mZoFBrftO',$,'F1-W041','Nominal wall; structural role unverified',$,#23,#648,'F1-W041',.NOTDEFINED.);
#650=IFCCARTESIANPOINT((4807.,1665.));
#651=IFCCARTESIANPOINT((4807.,1435.));
#652=IFCCARTESIANPOINT((0.,1435.));
#653=IFCCARTESIANPOINT((0.,1665.));
#654=IFCCARTESIANPOINT((4692.,1665.));
#655=IFCCARTESIANPOINT((4807.,1665.));
#656=IFCPOLYLINE((#650,#651,#652,#653,#654,#655));
#657=IFCARBITRARYCLOSEDPROFILEDEF(.AREA.,$,#656);
#658=IFCCARTESIANPOINT((0.,0.,0.));
#659=IFCAXIS2PLACEMENT3D(#658,$,$);
#660=IFCDIRECTION((0.,0.,1.));
#661=IFCEXTRUDEDAREASOLID(#657,#659,#660,3000.);
#662=IFCSHAPEREPRESENTATION(#6,'Body','SweptSolid',(#661));
#663=IFCPRODUCTDEFINITIONSHAPE($,$,(#662));
#664=IFCWALL('1_UJc_VvTI19WVGLEO9pEu',$,'F1-W042','Nominal wall; structural role unverified',$,#23,#663,'F1-W042',.NOTDEFINED.);
#665=IFCCARTESIANPOINT((230.,7730.));
#666=IFCCARTESIANPOINT((230.,4450.));
#667=IFCCARTESIANPOINT((230.,4220.));
#668=IFCCARTESIANPOINT((0.,4220.));
#669=IFCCARTESIANPOINT((0.,7730.));
#670=IFCCARTESIANPOINT((230.,7730.));
#671=IFCPOLYLINE((#665,#666,#667,#668,#669,#670));
#672=IFCARBITRARYCLOSEDPROFILEDEF(.AREA.,$,#671);
#673=IFCCARTESIANPOINT((0.,0.,0.));
#674=IFCAXIS2PLACEMENT3D(#673,$,$);
#675=IFCDIRECTION((0.,0.,1.));
#676=IFCEXTRUDEDAREASOLID(#672,#674,#675,3000.);
#677=IFCSHAPEREPRESENTATION(#6,'Body','SweptSolid',(#676));
#678=IFCPRODUCTDEFINITIONSHAPE($,$,(#677));
#679=IFCWALL('04uqI58RDLHPHnVZbQjITw',$,'F1-W043','Nominal wall; structural role unverified',$,#23,#678,'F1-W043',.NOTDEFINED.);
#680=IFCCARTESIANPOINT((5167.,4525.));
#681=IFCCARTESIANPOINT((5167.,4375.));
#682=IFCCARTESIANPOINT((0.,4375.));
#683=IFCCARTESIANPOINT((0.,4525.));
#684=IFCCARTESIANPOINT((5092.,4525.));
#685=IFCCARTESIANPOINT((5167.,4525.));
#686=IFCPOLYLINE((#680,#681,#682,#683,#684,#685));
#687=IFCARBITRARYCLOSEDPROFILEDEF(.AREA.,$,#686);
#688=IFCCARTESIANPOINT((0.,0.,0.));
#689=IFCAXIS2PLACEMENT3D(#688,$,$);
#690=IFCDIRECTION((0.,0.,1.));
#691=IFCEXTRUDEDAREASOLID(#687,#689,#690,3000.);
#692=IFCSHAPEREPRESENTATION(#6,'Body','SweptSolid',(#691));
#693=IFCPRODUCTDEFINITIONSHAPE($,$,(#692));
#694=IFCWALL('2kmRfOTG5Imw5myq0KLun1',$,'F1-W044','Nominal wall; structural role unverified',$,#23,#693,'F1-W044',.NOTDEFINED.);
#695=IFCCARTESIANPOINT((230.,7500.));
#696=IFCCARTESIANPOINT((230.,7270.));
#697=IFCCARTESIANPOINT((0.,7270.));
#698=IFCCARTESIANPOINT((0.,14088.));
#699=IFCCARTESIANPOINT((230.,14088.));
#700=IFCCARTESIANPOINT((230.,7500.));
#701=IFCPOLYLINE((#695,#696,#697,#698,#699,#700));
#702=IFCARBITRARYCLOSEDPROFILEDEF(.AREA.,$,#701);
#703=IFCCARTESIANPOINT((0.,0.,0.));
#704=IFCAXIS2PLACEMENT3D(#703,$,$);
#705=IFCDIRECTION((0.,0.,1.));
#706=IFCEXTRUDEDAREASOLID(#702,#704,#705,3000.);
#707=IFCSHAPEREPRESENTATION(#6,'Body','SweptSolid',(#706));
#708=IFCPRODUCTDEFINITIONSHAPE($,$,(#707));
#709=IFCWALL('3PO7rycm9He9OjrIAHQkoD',$,'F1-W045','Nominal wall; structural role unverified',$,#23,#708,'F1-W045',.NOTDEFINED.);
#710=IFCCARTESIANPOINT((5167.,7575.));
#711=IFCCARTESIANPOINT((5167.,7425.));
#712=IFCCARTESIANPOINT((0.,7425.));
#713=IFCCARTESIANPOINT((0.,7575.));
#714=IFCCARTESIANPOINT((5092.,7575.));
#715=IFCCARTESIANPOINT((5167.,7575.));
#716=IFCPOLYLINE((#710,#711,#712,#713,#714,#715));
#717=IFCARBITRARYCLOSEDPROFILEDEF(.AREA.,$,#716);
#718=IFCCARTESIANPOINT((0.,0.,0.));
#719=IFCAXIS2PLACEMENT3D(#718,$,$);
#720=IFCDIRECTION((0.,0.,1.));
#721=IFCEXTRUDEDAREASOLID(#717,#719,#720,3000.);
#722=IFCSHAPEREPRESENTATION(#6,'Body','SweptSolid',(#721));
#723=IFCPRODUCTDEFINITIONSHAPE($,$,(#722));
#724=IFCWALL('38f8fV3ZDNnwrob5_QwWXS',$,'F1-W046','Nominal wall; structural role unverified',$,#23,#723,'F1-W046',.NOTDEFINED.);
#725=IFCCARTESIANPOINT((5322.,13858.));
#726=IFCCARTESIANPOINT((0.,13858.));
#727=IFCCARTESIANPOINT((0.,14088.));
#728=IFCCARTESIANPOINT((5322.,14088.));
#729=IFCCARTESIANPOINT((5322.,13858.));
#730=IFCPOLYLINE((#725,#726,#727,#728,#729));
#731=IFCARBITRARYCLOSEDPROFILEDEF(.AREA.,$,#730);
#732=IFCCARTESIANPOINT((0.,0.,0.));
#733=IFCAXIS2PLACEMENT3D(#732,$,$);
#734=IFCDIRECTION((0.,0.,1.));
#735=IFCEXTRUDEDAREASOLID(#731,#733,#734,3000.);
#736=IFCSHAPEREPRESENTATION(#6,'Body','SweptSolid',(#735));
#737=IFCPRODUCTDEFINITIONSHAPE($,$,(#736));
#738=IFCWALL('1KPnutHlvL18HYKazOJsRU',$,'F1-W047','Nominal wall; structural role unverified',$,#23,#737,'F1-W047',.NOTDEFINED.);
#739=IFCCARTESIANPOINT((4577.,1665.));
#740=IFCCARTESIANPOINT((4807.,1665.));
#741=IFCCARTESIANPOINT((4807.,0.));
#742=IFCCARTESIANPOINT((4577.,0.));
#743=IFCCARTESIANPOINT((4577.,1550.));
#744=IFCCARTESIANPOINT((4577.,1665.));
#745=IFCPOLYLINE((#739,#740,#741,#742,#743,#744));
#746=IFCARBITRARYCLOSEDPROFILEDEF(.AREA.,$,#745);
#747=IFCCARTESIANPOINT((0.,0.,0.));
#748=IFCAXIS2PLACEMENT3D(#747,$,$);
#749=IFCDIRECTION((0.,0.,1.));
#750=IFCEXTRUDEDAREASOLID(#746,#748,#749,3000.);
#751=IFCSHAPEREPRESENTATION(#6,'Body','SweptSolid',(#750));
#752=IFCPRODUCTDEFINITIONSHAPE($,$,(#751));
#753=IFCWALL('2kbaLAtEDSPfR995KNna_D',$,'F1-W048','Nominal wall; structural role unverified',$,#23,#752,'F1-W048',.NOTDEFINED.);
#754=IFCCARTESIANPOINT((7922.,230.));
#755=IFCCARTESIANPOINT((7922.,0.));
#756=IFCCARTESIANPOINT((4462.,0.));
#757=IFCCARTESIANPOINT((4462.,230.));
#758=IFCCARTESIANPOINT((7692.,230.));
#759=IFCCARTESIANPOINT((7922.,230.));
#760=IFCPOLYLINE((#754,#755,#756,#757,#758,#759));
#761=IFCARBITRARYCLOSEDPROFILEDEF(.AREA.,$,#760);
#762=IFCCARTESIANPOINT((0.,0.,0.));
#763=IFCAXIS2PLACEMENT3D(#762,$,$);
#764=IFCDIRECTION((0.,0.,1.));
#765=IFCEXTRUDEDAREASOLID(#761,#763,#764,3000.);
#766=IFCSHAPEREPRESENTATION(#6,'Body','SweptSolid',(#765));
#767=IFCPRODUCTDEFINITIONSHAPE($,$,(#766));
#768=IFCWALL('3pMuJ2PgvR7ubZVdToOgn$',$,'F1-W049','Nominal wall; structural role unverified',$,#23,#767,'F1-W049',.NOTDEFINED.);
#769=IFCCARTESIANPOINT((5017.,7575.));
#770=IFCCARTESIANPOINT((5167.,7575.));
#771=IFCCARTESIANPOINT((5167.,4450.));
#772=IFCCARTESIANPOINT((5167.,4375.));
#773=IFCCARTESIANPOINT((5017.,4375.));
#774=IFCCARTESIANPOINT((5017.,7500.));
#775=IFCCARTESIANPOINT((5017.,7575.));
#776=IFCPOLYLINE((#769,#770,#771,#772,#773,#774,#775));
#777=IFCARBITRARYCLOSEDPROFILEDEF(.AREA.,$,#776);
#778=IFCCARTESIANPOINT((0.,0.,0.));
#779=IFCAXIS2PLACEMENT3D(#778,$,$);
#780=IFCDIRECTION((0.,0.,1.));
#781=IFCEXTRUDEDAREASOLID(#777,#779,#780,3000.);
#782=IFCSHAPEREPRESENTATION(#6,'Body','SweptSolid',(#781));
#783=IFCPRODUCTDEFINITIONSHAPE($,$,(#782));
#784=IFCWALL('0VfU_y$dPO8xk0H1nExgVg',$,'F1-W050','Nominal wall; structural role unverified',$,#23,#783,'F1-W050',.NOTDEFINED.);
#785=IFCCARTESIANPOINT((5017.,8825.));
#786=IFCCARTESIANPOINT((5167.,8825.));
#787=IFCCARTESIANPOINT((5167.,7500.));
#788=IFCCARTESIANPOINT((5167.,7425.));
#789=IFCCARTESIANPOINT((5017.,7425.));
#790=IFCCARTESIANPOINT((5017.,8750.));
#791=IFCCARTESIANPOINT((5017.,8825.));
#792=IFCPOLYLINE((#785,#786,#787,#788,#789,#790,#791));
#793=IFCARBITRARYCLOSEDPROFILEDEF(.AREA.,$,#792);
#794=IFCCARTESIANPOINT((0.,0.,0.));
#795=IFCAXIS2PLACEMENT3D(#794,$,$);
#796=IFCDIRECTION((0.,0.,1.));
#797=IFCEXTRUDEDAREASOLID(#793,#795,#796,3000.);
#798=IFCSHAPEREPRESENTATION(#6,'Body','SweptSolid',(#797));
#799=IFCPRODUCTDEFINITIONSHAPE($,$,(#798));
#800=IFCWALL('3MCVN250HSHQqDQYmgr24y',$,'F1-W051','Nominal wall; structural role unverified',$,#23,#799,'F1-W051',.NOTDEFINED.);
#801=IFCCARTESIANPOINT((5017.,11463.));
#802=IFCCARTESIANPOINT((5167.,11463.));
#803=IFCCARTESIANPOINT((5167.,8750.));
#804=IFCCARTESIANPOINT((5167.,8675.));
#805=IFCCARTESIANPOINT((5017.,8675.));
#806=IFCCARTESIANPOINT((5017.,11388.));
#807=IFCCARTESIANPOINT((5017.,11463.));
#808=IFCPOLYLINE((#801,#802,#803,#804,#805,#806,#807));
#809=IFCARBITRARYCLOSEDPROFILEDEF(.AREA.,$,#808);
#810=IFCCARTESIANPOINT((0.,0.,0.));
#811=IFCAXIS2PLACEMENT3D(#810,$,$);
#812=IFCDIRECTION((0.,0.,1.));
#813=IFCEXTRUDEDAREASOLID(#809,#811,#812,3000.);
#814=IFCSHAPEREPRESENTATION(#6,'Body','SweptSolid',(#813));
#815=IFCPRODUCTDEFINITIONSHAPE($,$,(#814));
#816=IFCWALL('3ncFLFeRDSxgbxQ5q4Kewc',$,'F1-W052','Nominal wall; structural role unverified',$,#23,#815,'F1-W052',.NOTDEFINED.);
#817=IFCCARTESIANPOINT((6667.,8825.));
#818=IFCCARTESIANPOINT((6667.,8675.));
#819=IFCCARTESIANPOINT((5092.,8675.));
#820=IFCCARTESIANPOINT((5017.,8675.));
#821=IFCCARTESIANPOINT((5017.,8825.));
#822=IFCCARTESIANPOINT((6592.,8825.));
#823=IFCCARTESIANPOINT((6667.,8825.));
#824=IFCPOLYLINE((#817,#818,#819,#820,#821,#822,#823));
#825=IFCARBITRARYCLOSEDPROFILEDEF(.AREA.,$,#824);
#826=IFCCARTESIANPOINT((0.,0.,0.));
#827=IFCAXIS2PLACEMENT3D(#826,$,$);
#828=IFCDIRECTION((0.,0.,1.));
#829=IFCEXTRUDEDAREASOLID(#825,#827,#828,3000.);
#830=IFCSHAPEREPRESENTATION(#6,'Body','SweptSolid',(#829));
#831=IFCPRODUCTDEFINITIONSHAPE($,$,(#830));
#832=IFCWALL('24VCX2HvHLVBSvExZdBSVl',$,'F1-W053','Nominal wall; structural role unverified',$,#23,#831,'F1-W053',.NOTDEFINED.);
#833=IFCCARTESIANPOINT((5167.,11388.));
#834=IFCCARTESIANPOINT((5167.,11313.));
#835=IFCCARTESIANPOINT((5017.,11313.));
#836=IFCCARTESIANPOINT((5017.,14088.));
#837=IFCCARTESIANPOINT((5167.,14088.));
#838=IFCCARTESIANPOINT((5167.,11388.));
#839=IFCPOLYLINE((#833,#834,#835,#836,#837,#838));
#840=IFCARBITRARYCLOSEDPROFILEDEF(.AREA.,$,#839);
#841=IFCCARTESIANPOINT((0.,0.,0.));
#842=IFCAXIS2PLACEMENT3D(#841,$,$);
#843=IFCDIRECTION((0.,0.,1.));
#844=IFCEXTRUDEDAREASOLID(#840,#842,#843,3000.);
#845=IFCSHAPEREPRESENTATION(#6,'Body','SweptSolid',(#844));
#846=IFCPRODUCTDEFINITIONSHAPE($,$,(#845));
#847=IFCWALL('3lDghokmbL28EWqGK9lx_G',$,'F1-W054','Nominal wall; structural role unverified',$,#23,#846,'F1-W054',.NOTDEFINED.);
#848=IFCCARTESIANPOINT((6667.,11463.));
#849=IFCCARTESIANPOINT((6667.,11313.));
#850=IFCCARTESIANPOINT((5092.,11313.));
#851=IFCCARTESIANPOINT((5017.,11313.));
#852=IFCCARTESIANPOINT((5017.,11463.));
#853=IFCCARTESIANPOINT((6592.,11463.));
#854=IFCCARTESIANPOINT((6667.,11463.));
#855=IFCPOLYLINE((#848,#849,#850,#851,#852,#853,#854));
#856=IFCARBITRARYCLOSEDPROFILEDEF(.AREA.,$,#855);
#857=IFCCARTESIANPOINT((0.,0.,0.));
#858=IFCAXIS2PLACEMENT3D(#857,$,$);
#859=IFCDIRECTION((0.,0.,1.));
#860=IFCEXTRUDEDAREASOLID(#856,#858,#859,3000.);
#861=IFCSHAPEREPRESENTATION(#6,'Body','SweptSolid',(#860));
#862=IFCPRODUCTDEFINITIONSHAPE($,$,(#861));
#863=IFCWALL('0jNqabZYLTt9yeeEFuvO4_',$,'F1-W055','Nominal wall; structural role unverified',$,#23,#862,'F1-W055',.NOTDEFINED.);
#864=IFCCARTESIANPOINT((6822.,13858.));
#865=IFCCARTESIANPOINT((5092.,13858.));
#866=IFCCARTESIANPOINT((4862.,13858.));
#867=IFCCARTESIANPOINT((4862.,14088.));
#868=IFCCARTESIANPOINT((6822.,14088.));
#869=IFCCARTESIANPOINT((6822.,13858.));
#870=IFCPOLYLINE((#864,#865,#866,#867,#868,#869));
#871=IFCARBITRARYCLOSEDPROFILEDEF(.AREA.,$,#870);
#872=IFCCARTESIANPOINT((0.,0.,0.));
#873=IFCAXIS2PLACEMENT3D(#872,$,$);
#874=IFCDIRECTION((0.,0.,1.));
#875=IFCEXTRUDEDAREASOLID(#871,#873,#874,3000.);
#876=IFCSHAPEREPRESENTATION(#6,'Body','SweptSolid',(#875));
#877=IFCPRODUCTDEFINITIONSHAPE($,$,(#876));
#878=IFCWALL('29VPzgEzTGlxajnjRXfDw1',$,'F1-W056','Nominal wall; structural role unverified',$,#23,#877,'F1-W056',.NOTDEFINED.);
#879=IFCCARTESIANPOINT((6517.,6125.));
#880=IFCCARTESIANPOINT((6667.,6125.));
#881=IFCCARTESIANPOINT((6667.,4450.));
#882=IFCCARTESIANPOINT((6667.,4375.));
#883=IFCCARTESIANPOINT((6517.,4375.));
#884=IFCCARTESIANPOINT((6517.,6050.));
#885=IFCCARTESIANPOINT((6517.,6125.));
#886=IFCPOLYLINE((#879,#880,#881,#882,#883,#884,#885));
#887=IFCARBITRARYCLOSEDPROFILEDEF(.AREA.,$,#886);
#888=IFCCARTESIANPOINT((0.,0.,0.));
#889=IFCAXIS2PLACEMENT3D(#888,$,$);
#890=IFCDIRECTION((0.,0.,1.));
#891=IFCEXTRUDEDAREASOLID(#887,#889,#890,3000.);
#892=IFCSHAPEREPRESENTATION(#6,'Body','SweptSolid',(#891));
#893=IFCPRODUCTDEFINITIONSHAPE($,$,(#892));
#894=IFCWALL('1svu4ZIzrMjvB$F9iHYyT_',$,'F1-W057','Nominal wall; structural role unverified',$,#23,#893,'F1-W057',.NOTDEFINED.);
#895=IFCCARTESIANPOINT((7767.,4525.));
#896=IFCCARTESIANPOINT((7767.,4375.));
#897=IFCCARTESIANPOINT((6592.,4375.));
#898=IFCCARTESIANPOINT((6517.,4375.));
#899=IFCCARTESIANPOINT((6517.,4525.));
#900=IFCCARTESIANPOINT((7692.,4525.));
#901=IFCCARTESIANPOINT((7767.,4525.));
#902=IFCPOLYLINE((#895,#896,#897,#898,#899,#900,#901));
#903=IFCARBITRARYCLOSEDPROFILEDEF(.AREA.,$,#902);
#904=IFCCARTESIANPOINT((0.,0.,0.));
#905=IFCAXIS2PLACEMENT3D(#904,$,$);
#906=IFCDIRECTION((0.,0.,1.));
#907=IFCEXTRUDEDAREASOLID(#903,#905,#906,3000.);
#908=IFCSHAPEREPRESENTATION(#6,'Body','SweptSolid',(#907));
#909=IFCPRODUCTDEFINITIONSHAPE($,$,(#908));
#910=IFCWALL('1$C4TWZt5GlhNuHf_XcLUs',$,'F1-W058','Nominal wall; structural role unverified',$,#23,#909,'F1-W058',.NOTDEFINED.);
#911=IFCCARTESIANPOINT((6517.,8825.));
#912=IFCCARTESIANPOINT((6667.,8825.));
#913=IFCCARTESIANPOINT((6667.,6050.));
#914=IFCCARTESIANPOINT((6667.,5975.));
#915=IFCCARTESIANPOINT((6517.,5975.));
#916=IFCCARTESIANPOINT((6517.,8750.));
#917=IFCCARTESIANPOINT((6517.,8825.));
#918=IFCPOLYLINE((#911,#912,#913,#914,#915,#916,#917));
#919=IFCARBITRARYCLOSEDPROFILEDEF(.AREA.,$,#918);
#920=IFCCARTESIANPOINT((0.,0.,0.));
#921=IFCAXIS2PLACEMENT3D(#920,$,$);
#922=IFCDIRECTION((0.,0.,1.));
#923=IFCEXTRUDEDAREASOLID(#919,#921,#922,3000.);
#924=IFCSHAPEREPRESENTATION(#6,'Body','SweptSolid',(#923));
#925=IFCPRODUCTDEFINITIONSHAPE($,$,(#924));
#926=IFCWALL('2tNzA6MFPL0vuUNxovbJus',$,'F1-W059','Nominal wall; structural role unverified',$,#23,#925,'F1-W059',.NOTDEFINED.);
#927=IFCCARTESIANPOINT((7867.,6125.));
#928=IFCCARTESIANPOINT((7867.,5975.));
#929=IFCCARTESIANPOINT((6592.,5975.));
#930=IFCCARTESIANPOINT((6517.,5975.));
#931=IFCCARTESIANPOINT((6517.,6125.));
#932=IFCCARTESIANPOINT((7792.,6125.));
#933=IFCCARTESIANPOINT((7867.,6125.));
#934=IFCPOLYLINE((#927,#928,#929,#930,#931,#932,#933));
#935=IFCARBITRARYCLOSEDPROFILEDEF(.AREA.,$,#934);
#936=IFCCARTESIANPOINT((0.,0.,0.));
#937=IFCAXIS2PLACEMENT3D(#936,$,$);
#938=IFCDIRECTION((0.,0.,1.));
#939=IFCEXTRUDEDAREASOLID(#935,#937,#938,3000.);
#940=IFCSHAPEREPRESENTATION(#6,'Body','SweptSolid',(#939));
#941=IFCPRODUCTDEFINITIONSHAPE($,$,(#940));
#942=IFCWALL('11BaA04abM1AcS8HuP7mv7',$,'F1-W060','Nominal wall; structural role unverified',$,#23,#941,'F1-W060',.NOTDEFINED.);
#943=IFCCARTESIANPOINT((6517.,11463.));
#944=IFCCARTESIANPOINT((6667.,11463.));
#945=IFCCARTESIANPOINT((6667.,8750.));
#946=IFCCARTESIANPOINT((6667.,8675.));
#947=IFCCARTESIANPOINT((6517.,8675.));
#948=IFCCARTESIANPOINT((6517.,11388.));
#949=IFCCARTESIANPOINT((6517.,11463.));
#950=IFCPOLYLINE((#943,#944,#945,#946,#947,#948,#949));
#951=IFCARBITRARYCLOSEDPROFILEDEF(.AREA.,$,#950);
#952=IFCCARTESIANPOINT((0.,0.,0.));
#953=IFCAXIS2PLACEMENT3D(#952,$,$);
#954=IFCDIRECTION((0.,0.,1.));
#955=IFCEXTRUDEDAREASOLID(#951,#953,#954,3000.);
#956=IFCSHAPEREPRESENTATION(#6,'Body','SweptSolid',(#955));
#957=IFCPRODUCTDEFINITIONSHAPE($,$,(#956));
#958=IFCWALL('1jZyKjB7bSfAcg7m3A8pkQ',$,'F1-W061','Nominal wall; structural role unverified',$,#23,#957,'F1-W061',.NOTDEFINED.);
#959=IFCCARTESIANPOINT((6667.,11388.));
#960=IFCCARTESIANPOINT((6667.,11313.));
#961=IFCCARTESIANPOINT((6517.,11313.));
#962=IFCCARTESIANPOINT((6517.,14088.));
#963=IFCCARTESIANPOINT((6667.,14088.));
#964=IFCCARTESIANPOINT((6667.,11388.));
#965=IFCPOLYLINE((#959,#960,#961,#962,#963,#964));
#966=IFCARBITRARYCLOSEDPROFILEDEF(.AREA.,$,#965);
#967=IFCCARTESIANPOINT((0.,0.,0.));
#968=IFCAXIS2PLACEMENT3D(#967,$,$);
#969=IFCDIRECTION((0.,0.,1.));
#970=IFCEXTRUDEDAREASOLID(#966,#968,#969,3000.);
#971=IFCSHAPEREPRESENTATION(#6,'Body','SweptSolid',(#970));
#972=IFCPRODUCTDEFINITIONSHAPE($,$,(#971));
#973=IFCWALL('3THTwmA75NquH4xn5uEAjv',$,'F1-W062','Nominal wall; structural role unverified',$,#23,#972,'F1-W062',.NOTDEFINED.);
#974=IFCCARTESIANPOINT((6592.,13858.));
#975=IFCCARTESIANPOINT((6362.,13858.));
#976=IFCCARTESIANPOINT((6362.,14088.));
#977=IFCCARTESIANPOINT((10192.,14088.));
#978=IFCCARTESIANPOINT((10192.,13858.));
#979=IFCCARTESIANPOINT((6592.,13858.));
#980=IFCPOLYLINE((#974,#975,#976,#977,#978,#979));
#981=IFCARBITRARYCLOSEDPROFILEDEF(.AREA.,$,#980);
#982=IFCCARTESIANPOINT((0.,0.,0.));
#983=IFCAXIS2PLACEMENT3D(#982,$,$);
#984=IFCDIRECTION((0.,0.,1.));
#985=IFCEXTRUDEDAREASOLID(#981,#983,#984,3000.);
#986=IFCSHAPEREPRESENTATION(#6,'Body','SweptSolid',(#985));
#987=IFCPRODUCTDEFINITIONSHAPE($,$,(#986));
#988=IFCWALL('1lG_Sp$kTM4fx9WELGmmht',$,'F1-W063','Nominal wall; structural role unverified',$,#23,#987,'F1-W063',.NOTDEFINED.);
#989=IFCCARTESIANPOINT((7462.,230.));
#990=IFCCARTESIANPOINT((10192.,230.));
#991=IFCCARTESIANPOINT((10192.,0.));
#992=IFCCARTESIANPOINT((7462.,0.));
#993=IFCCARTESIANPOINT((7462.,230.));
#994=IFCPOLYLINE((#989,#990,#991,#992,#993));
#995=IFCARBITRARYCLOSEDPROFILEDEF(.AREA.,$,#994);
#996=IFCCARTESIANPOINT((0.,0.,0.));
#997=IFCAXIS2PLACEMENT3D(#996,$,$);
#998=IFCDIRECTION((0.,0.,1.));
#999=IFCEXTRUDEDAREASOLID(#995,#997,#998,3000.);
#1000=IFCSHAPEREPRESENTATION(#6,'Body','SweptSolid',(#999));
#1001=IFCPRODUCTDEFINITIONSHAPE($,$,(#1000));
#1002=IFCWALL('0LmoqgtMTSd90vQ5l3DjJQ',$,'F1-W064','Nominal wall; structural role unverified',$,#23,#1001,'F1-W064',.NOTDEFINED.);
#1003=IFCCARTESIANPOINT((7692.,4375.));
#1004=IFCCARTESIANPOINT((7617.,4375.));
#1005=IFCCARTESIANPOINT((7617.,4525.));
#1006=IFCCARTESIANPOINT((10192.,4525.));
#1007=IFCCARTESIANPOINT((10192.,4375.));
#1008=IFCCARTESIANPOINT((7692.,4375.));
#1009=IFCPOLYLINE((#1003,#1004,#1005,#1006,#1007,#1008));
#1010=IFCARBITRARYCLOSEDPROFILEDEF(.AREA.,$,#1009);
#1011=IFCCARTESIANPOINT((0.,0.,0.));
#1012=IFCAXIS2PLACEMENT3D(#1011,$,$);
#1013=IFCDIRECTION((0.,0.,1.));
#1014=IFCEXTRUDEDAREASOLID(#1010,#1012,#1013,3000.);
#1015=IFCSHAPEREPRESENTATION(#6,'Body','SweptSolid',(#1014));
#1016=IFCPRODUCTDEFINITIONSHAPE($,$,(#1015));
#1017=IFCWALL('0WiEAHJdnGqh3YW2$Sg4kf',$,'F1-W065','Nominal wall; structural role unverified',$,#23,#1016,'F1-W065',.NOTDEFINED.);
#1018=IFCCARTESIANPOINT((7717.,8525.));
#1019=IFCCARTESIANPOINT((7867.,8525.));
#1020=IFCCARTESIANPOINT((7867.,6050.));
#1021=IFCCARTESIANPOINT((7867.,5975.));
#1022=IFCCARTESIANPOINT((7717.,5975.));
#1023=IFCCARTESIANPOINT((7717.,8450.));
#1024=IFCCARTESIANPOINT((7717.,8525.));
#1025=IFCPOLYLINE((#1018,#1019,#1020,#1021,#1022,#1023,#1024));
#1026=IFCARBITRARYCLOSEDPROFILEDEF(.AREA.,$,#1025);
#1027=IFCCARTESIANPOINT((0.,0.,0.));
#1028=IFCAXIS2PLACEMENT3D(#1027,$,$);
#1029=IFCDIRECTION((0.,0.,1.));
#1030=IFCEXTRUDEDAREASOLID(#1026,#1028,#1029,3000.);
#1031=IFCSHAPEREPRESENTATION(#6,'Body','SweptSolid',(#1030));
#1032=IFCPRODUCTDEFINITIONSHAPE($,$,(#1031));
#1033=IFCWALL('1m6vYMacLKRP807UKxPZHT',$,'F1-W066','Nominal wall; structural role unverified',$,#23,#1032,'F1-W066',.NOTDEFINED.);
#1034=IFCCARTESIANPOINT((7792.,5975.));
#1035=IFCCARTESIANPOINT((7717.,5975.));
#1036=IFCCARTESIANPOINT((7717.,6125.));
#1037=IFCCARTESIANPOINT((10192.,6125.));
#1038=IFCCARTESIANPOINT((10192.,5975.));
#1039=IFCCARTESIANPOINT((7792.,5975.));
#1040=IFCPOLYLINE((#1034,#1035,#1036,#1037,#1038,#1039));
#1041=IFCARBITRARYCLOSEDPROFILEDEF(.AREA.,$,#1040);
#1042=IFCCARTESIANPOINT((0.,0.,0.));
#1043=IFCAXIS2PLACEMENT3D(#1042,$,$);
#1044=IFCDIRECTION((0.,0.,1.));
#1045=IFCEXTRUDEDAREASOLID(#1041,#1043,#1044,3000.);
#1046=IFCSHAPEREPRESENTATION(#6,'Body','SweptSolid',(#1045));
#1047=IFCPRODUCTDEFINITIONSHAPE($,$,(#1046));
#1048=IFCWALL('3afpZQUmDREAv6XHXm1NTb',$,'F1-W067','Nominal wall; structural role unverified',$,#23,#1047,'F1-W067',.NOTDEFINED.);
#1049=IFCCARTESIANPOINT((7792.,8375.));
#1050=IFCCARTESIANPOINT((7717.,8375.));
#1051=IFCCARTESIANPOINT((7717.,8525.));
#1052=IFCCARTESIANPOINT((10192.,8525.));
#1053=IFCCARTESIANPOINT((10192.,8375.));
#1054=IFCCARTESIANPOINT((7792.,8375.));
#1055=IFCPOLYLINE((#1049,#1050,#1051,#1052,#1053,#1054));
#1056=IFCARBITRARYCLOSEDPROFILEDEF(.AREA.,$,#1055);
#1057=IFCCARTESIANPOINT((0.,0.,0.));
#1058=IFCAXIS2PLACEMENT3D(#1057,$,$);
#1059=IFCDIRECTION((0.,0.,1.));
#1060=IFCEXTRUDEDAREASOLID(#1056,#1058,#1059,3000.);
#1061=IFCSHAPEREPRESENTATION(#6,'Body','SweptSolid',(#1060));
#1062=IFCPRODUCTDEFINITIONSHAPE($,$,(#1061));
#1063=IFCWALL('2RCj0$xRnJvgdNIBrpyN4g',$,'F1-W068','Nominal wall; structural role unverified',$,#23,#1062,'F1-W068',.NOTDEFINED.);
#1064=IFCCARTESIANPOINT((9962.,4680.));
#1065=IFCCARTESIANPOINT((10192.,4680.));
#1066=IFCCARTESIANPOINT((10192.,0.));
#1067=IFCCARTESIANPOINT((9962.,0.));
#1068=IFCCARTESIANPOINT((9962.,4450.));
#1069=IFCCARTESIANPOINT((9962.,4680.));
#1070=IFCPOLYLINE((#1064,#1065,#1066,#1067,#1068,#1069));
#1071=IFCARBITRARYCLOSEDPROFILEDEF(.AREA.,$,#1070);
#1072=IFCCARTESIANPOINT((0.,0.,0.));
#1073=IFCAXIS2PLACEMENT3D(#1072,$,$);
#1074=IFCDIRECTION((0.,0.,1.));
#1075=IFCEXTRUDEDAREASOLID(#1071,#1073,#1074,3000.);
#1076=IFCSHAPEREPRESENTATION(#6,'Body','SweptSolid',(#1075));
#1077=IFCPRODUCTDEFINITIONSHAPE($,$,(#1076));
#1078=IFCWALL('1q84HhkVLSnB_ZUamR1mMy',$,'F1-W069','Nominal wall; structural role unverified',$,#23,#1077,'F1-W069',.NOTDEFINED.);
#1079=IFCCARTESIANPOINT((9962.,6280.));
#1080=IFCCARTESIANPOINT((10192.,6280.));
#1081=IFCCARTESIANPOINT((10192.,4220.));
#1082=IFCCARTESIANPOINT((9962.,4220.));
#1083=IFCCARTESIANPOINT((9962.,6050.));
#1084=IFCCARTESIANPOINT((9962.,6280.));
#1085=IFCPOLYLINE((#1079,#1080,#1081,#1082,#1083,#1084));
#1086=IFCARBITRARYCLOSEDPROFILEDEF(.AREA.,$,#1085);
#1087=IFCCARTESIANPOINT((0.,0.,0.));
#1088=IFCAXIS2PLACEMENT3D(#1087,$,$);
#1089=IFCDIRECTION((0.,0.,1.));
#1090=IFCEXTRUDEDAREASOLID(#1086,#1088,#1089,3000.);
#1091=IFCSHAPEREPRESENTATION(#6,'Body','SweptSolid',(#1090));
#1092=IFCPRODUCTDEFINITIONSHAPE($,$,(#1091));
#1093=IFCWALL('3ekTWMqHzHHP1jPFfLIetM',$,'F1-W070','Nominal wall; structural role unverified',$,#23,#1092,'F1-W070',.NOTDEFINED.);
#1094=IFCCARTESIANPOINT((9962.,8680.));
#1095=IFCCARTESIANPOINT((10192.,8680.));
#1096=IFCCARTESIANPOINT((10192.,5820.));
#1097=IFCCARTESIANPOINT((9962.,5820.));
#1098=IFCCARTESIANPOINT((9962.,8450.));
#1099=IFCCARTESIANPOINT((9962.,8680.));
#1100=IFCPOLYLINE((#1094,#1095,#1096,#1097,#1098,#1099));
#1101=IFCARBITRARYCLOSEDPROFILEDEF(.AREA.,$,#1100);
#1102=IFCCARTESIANPOINT((0.,0.,0.));
#1103=IFCAXIS2PLACEMENT3D(#1102,$,$);
#1104=IFCDIRECTION((0.,0.,1.));
#1105=IFCEXTRUDEDAREASOLID(#1101,#1103,#1104,3000.);
#1106=IFCSHAPEREPRESENTATION(#6,'Body','SweptSolid',(#1105));
#1107=IFCPRODUCTDEFINITIONSHAPE($,$,(#1106));
#1108=IFCWALL('0ThDIRFVzUgxC5tsTOVtiX',$,'F1-W071','Nominal wall; structural role unverified',$,#23,#1107,'F1-W071',.NOTDEFINED.);
#1109=IFCCARTESIANPOINT((9962.,8220.));
#1110=IFCCARTESIANPOINT((9962.,14088.));
#1111=IFCCARTESIANPOINT((10192.,14088.));
#1112=IFCCARTESIANPOINT((10192.,8220.));
#1113=IFCCARTESIANPOINT((9962.,8220.));
#1114=IFCPOLYLINE((#1109,#1110,#1111,#1112,#1113));
#1115=IFCARBITRARYCLOSEDPROFILEDEF(.AREA.,$,#1114);
#1116=IFCCARTESIANPOINT((0.,0.,0.));
#1117=IFCAXIS2PLACEMENT3D(#1116,$,$);
#1118=IFCDIRECTION((0.,0.,1.));
#1119=IFCEXTRUDEDAREASOLID(#1115,#1117,#1118,3000.);
#1120=IFCSHAPEREPRESENTATION(#6,'Body','SweptSolid',(#1119));
#1121=IFCPRODUCTDEFINITIONSHAPE($,$,(#1120));
#1122=IFCWALL('2LyVSQju1K1O_0be2rhzRj',$,'F1-W072','Nominal wall; structural role unverified',$,#23,#1121,'F1-W072',.NOTDEFINED.);
#1123=IFCCARTESIANPOINT((7692.,4375.));
#1124=IFCCARTESIANPOINT((7767.,4375.));
#1125=IFCCARTESIANPOINT((9962.,4375.));
#1126=IFCCARTESIANPOINT((9962.,4220.));
#1127=IFCCARTESIANPOINT((9962.,230.));
#1128=IFCCARTESIANPOINT((7922.,230.));
#1129=IFCCARTESIANPOINT((7692.,230.));
#1130=IFCCARTESIANPOINT((7692.,4375.));
#1131=IFCPOLYLINE((#1123,#1124,#1125,#1126,#1127,#1128,#1129,#1130));
#1132=IFCARBITRARYCLOSEDPROFILEDEF(.AREA.,$,#1131);
#1133=IFCCARTESIANPOINT((0.,0.,0.));
#1134=IFCAXIS2PLACEMENT3D(#1133,$,$);
#1135=IFCDIRECTION((0.,0.,1.));
#1136=IFCEXTRUDEDAREASOLID(#1132,#1134,#1135,3000.);
#1137=IFCSHAPEREPRESENTATION(#6,'Body','SweptSolid',(#1136));
#1138=IFCPRODUCTDEFINITIONSHAPE($,$,(#1137));
#1139=IFCSPACE('014F1jzdTOkR1w$Qsv13RD',$,'Stair','Clear-space study volume',$,#19,#1138,'F0-stair',.ELEMENT.,.NOTDEFINED.,$);
#1140=IFCCARTESIANPOINT((5917.,4450.));
#1141=IFCCARTESIANPOINT((5917.,4375.));
#1142=IFCCARTESIANPOINT((5992.,4375.));
#1143=IFCCARTESIANPOINT((6067.,4375.));
#1144=IFCCARTESIANPOINT((7617.,4375.));
#1145=IFCCARTESIANPOINT((7692.,4375.));
#1146=IFCCARTESIANPOINT((7692.,230.));
#1147=IFCCARTESIANPOINT((7462.,230.));
#1148=IFCCARTESIANPOINT((230.,230.));
#1149=IFCCARTESIANPOINT((230.,4220.));
#1150=IFCCARTESIANPOINT((230.,4375.));
#1151=IFCCARTESIANPOINT((2017.,4375.));
#1152=IFCCARTESIANPOINT((2167.,4375.));
#1153=IFCCARTESIANPOINT((2167.,4450.));
#1154=IFCCARTESIANPOINT((5917.,4450.));
#1155=IFCPOLYLINE((#1140,#1141,#1142,#1143,#1144,#1145,#1146,#1147,#1148,#1149,#1150,#1151,#1152,#1153,#1154));
#1156=IFCARBITRARYCLOSEDPROFILEDEF(.AREA.,$,#1155);
#1157=IFCCARTESIANPOINT((0.,0.,0.));
#1158=IFCAXIS2PLACEMENT3D(#1157,$,$);
#1159=IFCDIRECTION((0.,0.,1.));
#1160=IFCEXTRUDEDAREASOLID(#1156,#1158,#1159,3000.);
#1161=IFCSHAPEREPRESENTATION(#6,'Body','SweptSolid',(#1160));
#1162=IFCPRODUCTDEFINITIONSHAPE($,$,(#1161));
#1163=IFCSPACE('1iUUA1MxXRXRgbMX6a5t7r',$,'Living','Clear-space study volume',$,#19,#1162,'F0-living',.ELEMENT.,.NOTDEFINED.,$);
#1164=IFCCARTESIANPOINT((7617.,4525.));
#1165=IFCCARTESIANPOINT((6067.,4525.));
#1166=IFCCARTESIANPOINT((6067.,7225.));
#1167=IFCCARTESIANPOINT((9962.,7225.));
#1168=IFCCARTESIANPOINT((9962.,7070.));
#1169=IFCCARTESIANPOINT((9962.,4680.));
#1170=IFCCARTESIANPOINT((9962.,4525.));
#1171=IFCCARTESIANPOINT((7767.,4525.));
#1172=IFCCARTESIANPOINT((7692.,4525.));
#1173=IFCCARTESIANPOINT((7617.,4525.));
#1174=IFCPOLYLINE((#1164,#1165,#1166,#1167,#1168,#1169,#1170,#1171,#1172,#1173));
#1175=IFCARBITRARYCLOSEDPROFILEDEF(.AREA.,$,#1174);
#1176=IFCCARTESIANPOINT((0.,0.,0.));
#1177=IFCAXIS2PLACEMENT3D(#1176,$,$);
#1178=IFCDIRECTION((0.,0.,1.));
#1179=IFCEXTRUDEDAREASOLID(#1175,#1177,#1178,3000.);
#1180=IFCSHAPEREPRESENTATION(#6,'Body','SweptSolid',(#1179));
#1181=IFCPRODUCTDEFINITIONSHAPE($,$,(#1180));
#1182=IFCSPACE('1CHRqV8bTJpOO7SSK0k3zZ',$,'Kitchen','Clear-space study volume',$,#19,#1181,'F0-kitchen',.ELEMENT.,.NOTDEFINED.,$);
#1183=IFCCARTESIANPOINT((6067.,7375.));
#1184=IFCCARTESIANPOINT((6067.,8725.));
#1185=IFCCARTESIANPOINT((8017.,8725.));
#1186=IFCCARTESIANPOINT((8092.,8725.));
#1187=IFCCARTESIANPOINT((8167.,8725.));
#1188=IFCCARTESIANPOINT((9962.,8725.));
#1189=IFCCARTESIANPOINT((9962.,8570.));
#1190=IFCCARTESIANPOINT((9962.,7530.));
#1191=IFCCARTESIANPOINT((9962.,7375.));
#1192=IFCCARTESIANPOINT((6067.,7375.));
#1193=IFCPOLYLINE((#1183,#1184,#1185,#1186,#1187,#1188,#1189,#1190,#1191,#1192));
#1194=IFCARBITRARYCLOSEDPROFILEDEF(.AREA.,$,#1193);
#1195=IFCCARTESIANPOINT((0.,0.,0.));
#1196=IFCAXIS2PLACEMENT3D(#1195,$,$);
#1197=IFCDIRECTION((0.,0.,1.));
#1198=IFCEXTRUDEDAREASOLID(#1194,#1196,#1197,3000.);
#1199=IFCSHAPEREPRESENTATION(#6,'Body','SweptSolid',(#1198));
#1200=IFCPRODUCTDEFINITIONSHAPE($,$,(#1199));
#1201=IFCSPACE('3wbK3RxKnHfg5hY43y9prE',$,'Utility','Clear-space study volume',$,#19,#1200,'F0-utility',.ELEMENT.,.NOTDEFINED.,$);
#1202=IFCCARTESIANPOINT((4617.,8800.));
#1203=IFCCARTESIANPOINT((4617.,8725.));
#1204=IFCCARTESIANPOINT((4692.,8725.));
#1205=IFCCARTESIANPOINT((4767.,8725.));
#1206=IFCCARTESIANPOINT((5917.,8725.));
#1207=IFCCARTESIANPOINT((5917.,7375.));
#1208=IFCCARTESIANPOINT((5917.,7300.));
#1209=IFCCARTESIANPOINT((5917.,7225.));
#1210=IFCCARTESIANPOINT((5917.,4525.));
#1211=IFCCARTESIANPOINT((5917.,4450.));
#1212=IFCCARTESIANPOINT((2167.,4450.));
#1213=IFCCARTESIANPOINT((2167.,4525.));
#1214=IFCCARTESIANPOINT((2167.,6175.));
#1215=IFCCARTESIANPOINT((2167.,6250.));
#1216=IFCCARTESIANPOINT((2167.,6325.));
#1217=IFCCARTESIANPOINT((2167.,8725.));
#1218=IFCCARTESIANPOINT((3267.,8725.));
#1219=IFCCARTESIANPOINT((3417.,8725.));
#1220=IFCCARTESIANPOINT((3417.,8800.));
#1221=IFCCARTESIANPOINT((4617.,8800.));
#1222=IFCPOLYLINE((#1202,#1203,#1204,#1205,#1206,#1207,#1208,#1209,#1210,#1211,#1212,#1213,#1214,#1215,#1216,#1217,#1218,#1219,#1220,#1221));
#1223=IFCARBITRARYCLOSEDPROFILEDEF(.AREA.,$,#1222);
#1224=IFCCARTESIANPOINT((0.,0.,0.));
#1225=IFCAXIS2PLACEMENT3D(#1224,$,$);
#1226=IFCDIRECTION((0.,0.,1.));
#1227=IFCEXTRUDEDAREASOLID(#1223,#1225,#1226,3000.);
#1228=IFCSHAPEREPRESENTATION(#6,'Body','SweptSolid',(#1227));
#1229=IFCPRODUCTDEFINITIONSHAPE($,$,(#1228));
#1230=IFCSPACE('1aGlGtDM9U7xpyOe24yBUp',$,'Dining','Clear-space study volume',$,#19,#1229,'F0-dining',.ELEMENT.,.NOTDEFINED.,$);
#1231=IFCCARTESIANPOINT((230.,4680.));
#1232=IFCCARTESIANPOINT((230.,6020.));
#1233=IFCCARTESIANPOINT((230.,6175.));
#1234=IFCCARTESIANPOINT((2017.,6175.));
#1235=IFCCARTESIANPOINT((2017.,4525.));
#1236=IFCCARTESIANPOINT((230.,4525.));
#1237=IFCCARTESIANPOINT((230.,4680.));
#1238=IFCPOLYLINE((#1231,#1232,#1233,#1234,#1235,#1236,#1237));
#1239=IFCARBITRARYCLOSEDPROFILEDEF(.AREA.,$,#1238);
#1240=IFCCARTESIANPOINT((0.,0.,0.));
#1241=IFCAXIS2PLACEMENT3D(#1240,$,$);
#1242=IFCDIRECTION((0.,0.,1.));
#1243=IFCEXTRUDEDAREASOLID(#1239,#1241,#1242,3000.);
#1244=IFCSHAPEREPRESENTATION(#6,'Body','SweptSolid',(#1243));
#1245=IFCPRODUCTDEFINITIONSHAPE($,$,(#1244));
#1246=IFCSPACE('1fufxas95Rt93X291NyEMz',$,'Pooja','Clear-space study volume',$,#19,#1245,'F0-pooja',.ELEMENT.,.NOTDEFINED.,$);
#1247=IFCCARTESIANPOINT((2017.,6325.));
#1248=IFCCARTESIANPOINT((230.,6325.));
#1249=IFCCARTESIANPOINT((230.,6480.));
#1250=IFCCARTESIANPOINT((230.,8570.));
#1251=IFCCARTESIANPOINT((230.,8725.));
#1252=IFCCARTESIANPOINT((2017.,8725.));
#1253=IFCCARTESIANPOINT((2017.,6325.));
#1254=IFCPOLYLINE((#1247,#1248,#1249,#1250,#1251,#1252,#1253));
#1255=IFCARBITRARYCLOSEDPROFILEDEF(.AREA.,$,#1254);
#1256=IFCCARTESIANPOINT((0.,0.,0.));
#1257=IFCAXIS2PLACEMENT3D(#1256,$,$);
#1258=IFCDIRECTION((0.,0.,1.));
#1259=IFCEXTRUDEDAREASOLID(#1255,#1257,#1258,3000.);
#1260=IFCSHAPEREPRESENTATION(#6,'Body','SweptSolid',(#1259));
#1261=IFCPRODUCTDEFINITIONSHAPE($,$,(#1260));
#1262=IFCSPACE('13LI38pNfV1eS75iZP6Xc$',$,'Store','Clear-space study volume',$,#19,#1261,'F0-store',.ELEMENT.,.NOTDEFINED.,$);
#1263=IFCCARTESIANPOINT((3417.,8800.));
#1264=IFCCARTESIANPOINT((3417.,8875.));
#1265=IFCCARTESIANPOINT((3417.,10225.));
#1266=IFCCARTESIANPOINT((3417.,10300.));
#1267=IFCCARTESIANPOINT((3417.,10375.));
#1268=IFCCARTESIANPOINT((3417.,11475.));
#1269=IFCCARTESIANPOINT((4617.,11475.));
#1270=IFCCARTESIANPOINT((4617.,8875.));
#1271=IFCCARTESIANPOINT((4617.,8800.));
#1272=IFCCARTESIANPOINT((3417.,8800.));
#1273=IFCPOLYLINE((#1263,#1264,#1265,#1266,#1267,#1268,#1269,#1270,#1271,#1272));
#1274=IFCARBITRARYCLOSEDPROFILEDEF(.AREA.,$,#1273);
#1275=IFCCARTESIANPOINT((0.,0.,0.));
#1276=IFCAXIS2PLACEMENT3D(#1275,$,$);
#1277=IFCDIRECTION((0.,0.,1.));
#1278=IFCEXTRUDEDAREASOLID(#1274,#1276,#1277,3000.);
#1279=IFCSHAPEREPRESENTATION(#6,'Body','SweptSolid',(#1278));
#1280=IFCPRODUCTDEFINITIONSHAPE($,$,(#1279));
#1281=IFCSPACE('3syy0l4frVtQFGMQtu9JVj',$,'Hall','Clear-space study volume',$,#19,#1280,'F0-hall',.ELEMENT.,.NOTDEFINED.,$);
#1282=IFCCARTESIANPOINT((4617.,13858.));
#1283=IFCCARTESIANPOINT((4617.,11625.));
#1284=IFCCARTESIANPOINT((3417.,11625.));
#1285=IFCCARTESIANPOINT((3417.,13858.));
#1286=IFCCARTESIANPOINT((3572.,13858.));
#1287=IFCCARTESIANPOINT((4462.,13858.));
#1288=IFCCARTESIANPOINT((4617.,13858.));
#1289=IFCPOLYLINE((#1282,#1283,#1284,#1285,#1286,#1287,#1288));
#1290=IFCARBITRARYCLOSEDPROFILEDEF(.AREA.,$,#1289);
#1291=IFCCARTESIANPOINT((0.,0.,0.));
#1292=IFCAXIS2PLACEMENT3D(#1291,$,$);
#1293=IFCDIRECTION((0.,0.,1.));
#1294=IFCEXTRUDEDAREASOLID(#1290,#1292,#1293,3000.);
#1295=IFCSHAPEREPRESENTATION(#6,'Body','SweptSolid',(#1294));
#1296=IFCPRODUCTDEFINITIONSHAPE($,$,(#1295));
#1297=IFCSPACE('1S2_6qB5vTq9Y3SZro2xXs',$,'Linen store','Clear-space study volume',$,#19,#1296,'F0-linen',.ELEMENT.,.NOTDEFINED.,$);
#1298=IFCCARTESIANPOINT((4922.,13858.));
#1299=IFCCARTESIANPOINT((7862.,13858.));
#1300=IFCCARTESIANPOINT((8017.,13858.));
#1301=IFCCARTESIANPOINT((8017.,11275.));
#1302=IFCCARTESIANPOINT((8017.,11200.));
#1303=IFCCARTESIANPOINT((8017.,11125.));
#1304=IFCCARTESIANPOINT((8017.,8875.));
#1305=IFCCARTESIANPOINT((6067.,8875.));
#1306=IFCCARTESIANPOINT((5992.,8875.));
#1307=IFCCARTESIANPOINT((5917.,8875.));
#1308=IFCCARTESIANPOINT((4767.,8875.));
#1309=IFCCARTESIANPOINT((4767.,11475.));
#1310=IFCCARTESIANPOINT((4767.,11550.));
#1311=IFCCARTESIANPOINT((4767.,11625.));
#1312=IFCCARTESIANPOINT((4767.,13858.));
#1313=IFCCARTESIANPOINT((4922.,13858.));
#1314=IFCPOLYLINE((#1298,#1299,#1300,#1301,#1302,#1303,#1304,#1305,#1306,#1307,#1308,#1309,#1310,#1311,#1312,#1313));
#1315=IFCARBITRARYCLOSEDPROFILEDEF(.AREA.,$,#1314);
#1316=IFCCARTESIANPOINT((0.,0.,0.));
#1317=IFCAXIS2PLACEMENT3D(#1316,$,$);
#1318=IFCDIRECTION((0.,0.,1.));
#1319=IFCEXTRUDEDAREASOLID(#1315,#1317,#1318,3000.);
#1320=IFCSHAPEREPRESENTATION(#6,'Body','SweptSolid',(#1319));
#1321=IFCPRODUCTDEFINITIONSHAPE($,$,(#1320));
#1322=IFCSPACE('15hyEX7_PQBgaFKR5cawAt',$,'Bedroom 1','Clear-space study volume',$,#19,#1321,'F0-bed-1',.ELEMENT.,.NOTDEFINED.,$);
#1323=IFCCARTESIANPOINT((9962.,11430.));
#1324=IFCCARTESIANPOINT((9962.,11275.));
#1325=IFCCARTESIANPOINT((8167.,11275.));
#1326=IFCCARTESIANPOINT((8167.,13858.));
#1327=IFCCARTESIANPOINT((8322.,13858.));
#1328=IFCCARTESIANPOINT((9962.,13858.));
#1329=IFCCARTESIANPOINT((9962.,11430.));
#1330=IFCPOLYLINE((#1323,#1324,#1325,#1326,#1327,#1328,#1329));
#1331=IFCARBITRARYCLOSEDPROFILEDEF(.AREA.,$,#1330);
#1332=IFCCARTESIANPOINT((0.,0.,0.));
#1333=IFCAXIS2PLACEMENT3D(#1332,$,$);
#1334=IFCDIRECTION((0.,0.,1.));
#1335=IFCEXTRUDEDAREASOLID(#1331,#1333,#1334,3000.);
#1336=IFCSHAPEREPRESENTATION(#6,'Body','SweptSolid',(#1335));
#1337=IFCPRODUCTDEFINITIONSHAPE($,$,(#1336));
#1338=IFCSPACE('2wm1xFDITUJBB6mhuifbVa',$,'Dress 1','Clear-space study volume',$,#19,#1337,'F0-dress-1',.ELEMENT.,.NOTDEFINED.,$);
#1339=IFCCARTESIANPOINT((9962.,9030.));
#1340=IFCCARTESIANPOINT((9962.,8875.));
#1341=IFCCARTESIANPOINT((8167.,8875.));
#1342=IFCCARTESIANPOINT((8167.,11125.));
#1343=IFCCARTESIANPOINT((9962.,11125.));
#1344=IFCCARTESIANPOINT((9962.,10970.));
#1345=IFCCARTESIANPOINT((9962.,9030.));
#1346=IFCPOLYLINE((#1339,#1340,#1341,#1342,#1343,#1344,#1345));
#1347=IFCARBITRARYCLOSEDPROFILEDEF(.AREA.,$,#1346);
#1348=IFCCARTESIANPOINT((0.,0.,0.));
#1349=IFCAXIS2PLACEMENT3D(#1348,$,$);
#1350=IFCDIRECTION((0.,0.,1.));
#1351=IFCEXTRUDEDAREASOLID(#1347,#1349,#1350,3000.);
#1352=IFCSHAPEREPRESENTATION(#6,'Body','SweptSolid',(#1351));
#1353=IFCPRODUCTDEFINITIONSHAPE($,$,(#1352));
#1354=IFCSPACE('1L$$7CdzvRnPGyP99iu7Wu',$,'Bath 1','Clear-space study volume',$,#19,#1353,'F0-bath-1',.ELEMENT.,.NOTDEFINED.,$);
#1355=IFCCARTESIANPOINT((230.,8875.));
#1356=IFCCARTESIANPOINT((230.,9030.));
#1357=IFCCARTESIANPOINT((230.,10070.));
#1358=IFCCARTESIANPOINT((230.,10225.));
#1359=IFCCARTESIANPOINT((3267.,10225.));
#1360=IFCCARTESIANPOINT((3267.,8875.));
#1361=IFCCARTESIANPOINT((2167.,8875.));
#1362=IFCCARTESIANPOINT((2092.,8875.));
#1363=IFCCARTESIANPOINT((2017.,8875.));
#1364=IFCCARTESIANPOINT((230.,8875.));
#1365=IFCPOLYLINE((#1355,#1356,#1357,#1358,#1359,#1360,#1361,#1362,#1363,#1364));
#1366=IFCARBITRARYCLOSEDPROFILEDEF(.AREA.,$,#1365);
#1367=IFCCARTESIANPOINT((0.,0.,0.));
#1368=IFCAXIS2PLACEMENT3D(#1367,$,$);
#1369=IFCDIRECTION((0.,0.,1.));
#1370=IFCEXTRUDEDAREASOLID(#1366,#1368,#1369,3000.);
#1371=IFCSHAPEREPRESENTATION(#6,'Body','SweptSolid',(#1370));
#1372=IFCPRODUCTDEFINITIONSHAPE($,$,(#1371));
#1373=IFCSPACE('1xfocFzIXLkRe4QNPF6IgP',$,'Common bath','Clear-space study volume',$,#19,#1372,'F0-cbath',.ELEMENT.,.NOTDEFINED.,$);
#1374=IFCCARTESIANPOINT((3267.,10375.));
#1375=IFCCARTESIANPOINT((230.,10375.));
#1376=IFCCARTESIANPOINT((230.,10530.));
#1377=IFCCARTESIANPOINT((230.,13858.));
#1378=IFCCARTESIANPOINT((3112.,13858.));
#1379=IFCCARTESIANPOINT((3267.,13858.));
#1380=IFCCARTESIANPOINT((3267.,11625.));
#1381=IFCCARTESIANPOINT((3267.,11550.));
#1382=IFCCARTESIANPOINT((3267.,11475.));
#1383=IFCCARTESIANPOINT((3267.,10375.));
#1384=IFCPOLYLINE((#1374,#1375,#1376,#1377,#1378,#1379,#1380,#1381,#1382,#1383));
#1385=IFCARBITRARYCLOSEDPROFILEDEF(.AREA.,$,#1384);
#1386=IFCCARTESIANPOINT((0.,0.,0.));
#1387=IFCAXIS2PLACEMENT3D(#1386,$,$);
#1388=IFCDIRECTION((0.,0.,1.));
#1389=IFCEXTRUDEDAREASOLID(#1385,#1387,#1388,3000.);
#1390=IFCSHAPEREPRESENTATION(#6,'Body','SweptSolid',(#1389));
#1391=IFCPRODUCTDEFINITIONSHAPE($,$,(#1390));
#1392=IFCSPACE('0PREa4jWzLdfV3WoK4MxWG',$,'Study','Clear-space study volume',$,#19,#1391,'F0-study',.ELEMENT.,.NOTDEFINED.,$);
#1393=IFCCARTESIANPOINT((7692.,4375.));
#1394=IFCCARTESIANPOINT((7767.,4375.));
#1395=IFCCARTESIANPOINT((9962.,4375.));
#1396=IFCCARTESIANPOINT((9962.,4220.));
#1397=IFCCARTESIANPOINT((9962.,230.));
#1398=IFCCARTESIANPOINT((7922.,230.));
#1399=IFCCARTESIANPOINT((7692.,230.));
#1400=IFCCARTESIANPOINT((7692.,4375.));
#1401=IFCPOLYLINE((#1393,#1394,#1395,#1396,#1397,#1398,#1399,#1400));
#1402=IFCARBITRARYCLOSEDPROFILEDEF(.AREA.,$,#1401);
#1403=IFCCARTESIANPOINT((0.,0.,0.));
#1404=IFCAXIS2PLACEMENT3D(#1403,$,$);
#1405=IFCDIRECTION((0.,0.,1.));
#1406=IFCEXTRUDEDAREASOLID(#1402,#1404,#1405,3000.);
#1407=IFCSHAPEREPRESENTATION(#6,'Body','SweptSolid',(#1406));
#1408=IFCPRODUCTDEFINITIONSHAPE($,$,(#1407));
#1409=IFCSPACE('3PZt$7c2fL4fiq$AQgbFV_',$,'Stair','Clear-space study volume',$,#23,#1408,'F1-stair',.ELEMENT.,.NOTDEFINED.,$);
#1410=IFCCARTESIANPOINT((7692.,230.));
#1411=IFCCARTESIANPOINT((7462.,230.));
#1412=IFCCARTESIANPOINT((4807.,230.));
#1413=IFCCARTESIANPOINT((4807.,1435.));
#1414=IFCCARTESIANPOINT((4807.,1665.));
#1415=IFCCARTESIANPOINT((4692.,1665.));
#1416=IFCCARTESIANPOINT((4577.,1665.));
#1417=IFCCARTESIANPOINT((230.,1665.));
#1418=IFCCARTESIANPOINT((230.,4220.));
#1419=IFCCARTESIANPOINT((230.,4375.));
#1420=IFCCARTESIANPOINT((5017.,4375.));
#1421=IFCCARTESIANPOINT((5167.,4375.));
#1422=IFCCARTESIANPOINT((5167.,4450.));
#1423=IFCCARTESIANPOINT((6517.,4450.));
#1424=IFCCARTESIANPOINT((6517.,4375.));
#1425=IFCCARTESIANPOINT((6592.,4375.));
#1426=IFCCARTESIANPOINT((6667.,4375.));
#1427=IFCCARTESIANPOINT((7617.,4375.));
#1428=IFCCARTESIANPOINT((7692.,4375.));
#1429=IFCCARTESIANPOINT((7692.,230.));
#1430=IFCPOLYLINE((#1410,#1411,#1412,#1413,#1414,#1415,#1416,#1417,#1418,#1419,#1420,#1421,#1422,#1423,#1424,#1425,#1426,#1427,#1428,#1429));
#1431=IFCARBITRARYCLOSEDPROFILEDEF(.AREA.,$,#1430);
#1432=IFCCARTESIANPOINT((0.,0.,0.));
#1433=IFCAXIS2PLACEMENT3D(#1432,$,$);
#1434=IFCDIRECTION((0.,0.,1.));
#1435=IFCEXTRUDEDAREASOLID(#1431,#1433,#1434,3000.);
#1436=IFCSHAPEREPRESENTATION(#6,'Body','SweptSolid',(#1435));
#1437=IFCPRODUCTDEFINITIONSHAPE($,$,(#1436));
#1438=IFCSPACE('20YxLYgXLOG9TcfAgVliCz',$,'Family lounge','Clear-space study volume',$,#23,#1437,'F1-family',.ELEMENT.,.NOTDEFINED.,$);
#1439=IFCCARTESIANPOINT((0.,1320.));
#1440=IFCCARTESIANPOINT((230.,1320.));
#1441=IFCCARTESIANPOINT((230.,1435.));
#1442=IFCCARTESIANPOINT((4577.,1435.));
#1443=IFCCARTESIANPOINT((4577.,230.));
#1444=IFCCARTESIANPOINT((4462.,230.));
#1445=IFCCARTESIANPOINT((4462.,0.));
#1446=IFCCARTESIANPOINT((0.,0.));
#1447=IFCCARTESIANPOINT((0.,1320.));
#1448=IFCPOLYLINE((#1439,#1440,#1441,#1442,#1443,#1444,#1445,#1446,#1447));
#1449=IFCARBITRARYCLOSEDPROFILEDEF(.AREA.,$,#1448);
#1450=IFCCARTESIANPOINT((0.,0.,0.));
#1451=IFCAXIS2PLACEMENT3D(#1450,$,$);
#1452=IFCDIRECTION((0.,0.,1.));
#1453=IFCEXTRUDEDAREASOLID(#1449,#1451,#1452,3000.);
#1454=IFCSHAPEREPRESENTATION(#6,'Body','SweptSolid',(#1453));
#1455=IFCPRODUCTDEFINITIONSHAPE($,$,(#1454));
#1456=IFCSPACE('1N$fu6c8vO3ujXahh$DK6_',$,'Open terrace','Clear-space study volume',$,#23,#1455,'F1-terrace',.ELEMENT.,.NOTDEFINED.,$);
#1457=IFCCARTESIANPOINT((5167.,4450.));
#1458=IFCCARTESIANPOINT((5167.,4525.));
#1459=IFCCARTESIANPOINT((5167.,7425.));
#1460=IFCCARTESIANPOINT((5167.,7500.));
#1461=IFCCARTESIANPOINT((5167.,7575.));
#1462=IFCCARTESIANPOINT((5167.,8675.));
#1463=IFCCARTESIANPOINT((6517.,8675.));
#1464=IFCCARTESIANPOINT((6517.,6125.));
#1465=IFCCARTESIANPOINT((6517.,6050.));
#1466=IFCCARTESIANPOINT((6517.,5975.));
#1467=IFCCARTESIANPOINT((6517.,4525.));
#1468=IFCCARTESIANPOINT((6517.,4450.));
#1469=IFCCARTESIANPOINT((5167.,4450.));
#1470=IFCPOLYLINE((#1457,#1458,#1459,#1460,#1461,#1462,#1463,#1464,#1465,#1466,#1467,#1468,#1469));
#1471=IFCARBITRARYCLOSEDPROFILEDEF(.AREA.,$,#1470);
#1472=IFCCARTESIANPOINT((0.,0.,0.));
#1473=IFCAXIS2PLACEMENT3D(#1472,$,$);
#1474=IFCDIRECTION((0.,0.,1.));
#1475=IFCEXTRUDEDAREASOLID(#1471,#1473,#1474,3000.);
#1476=IFCSHAPEREPRESENTATION(#6,'Body','SweptSolid',(#1475));
#1477=IFCPRODUCTDEFINITIONSHAPE($,$,(#1476));
#1478=IFCSPACE('0eI8DobpvOcR1sYhwbpA$w',$,'Hall','Clear-space study volume',$,#23,#1477,'F1-hall',.ELEMENT.,.NOTDEFINED.,$);
#1479=IFCCARTESIANPOINT((7692.,4525.));
#1480=IFCCARTESIANPOINT((7617.,4525.));
#1481=IFCCARTESIANPOINT((6667.,4525.));
#1482=IFCCARTESIANPOINT((6667.,5975.));
#1483=IFCCARTESIANPOINT((7717.,5975.));
#1484=IFCCARTESIANPOINT((7792.,5975.));
#1485=IFCCARTESIANPOINT((7867.,5975.));
#1486=IFCCARTESIANPOINT((9962.,5975.));
#1487=IFCCARTESIANPOINT((9962.,5820.));
#1488=IFCCARTESIANPOINT((9962.,4680.));
#1489=IFCCARTESIANPOINT((9962.,4525.));
#1490=IFCCARTESIANPOINT((7767.,4525.));
#1491=IFCCARTESIANPOINT((7692.,4525.));
#1492=IFCPOLYLINE((#1479,#1480,#1481,#1482,#1483,#1484,#1485,#1486,#1487,#1488,#1489,#1490,#1491));
#1493=IFCARBITRARYCLOSEDPROFILEDEF(.AREA.,$,#1492);
#1494=IFCCARTESIANPOINT((0.,0.,0.));
#1495=IFCAXIS2PLACEMENT3D(#1494,$,$);
#1496=IFCDIRECTION((0.,0.,1.));
#1497=IFCEXTRUDEDAREASOLID(#1493,#1495,#1496,3000.);
#1498=IFCSHAPEREPRESENTATION(#6,'Body','SweptSolid',(#1497));
#1499=IFCPRODUCTDEFINITIONSHAPE($,$,(#1498));
#1500=IFCSPACE('1ftgXFuGvU980vvNN8thLx',$,'Common bath','Clear-space study volume',$,#23,#1499,'F1-cbath',.ELEMENT.,.NOTDEFINED.,$);
#1501=IFCCARTESIANPOINT((6822.,13858.));
#1502=IFCCARTESIANPOINT((9962.,13858.));
#1503=IFCCARTESIANPOINT((9962.,8680.));
#1504=IFCCARTESIANPOINT((9962.,8525.));
#1505=IFCCARTESIANPOINT((7867.,8525.));
#1506=IFCCARTESIANPOINT((7717.,8525.));
#1507=IFCCARTESIANPOINT((7717.,8450.));
#1508=IFCCARTESIANPOINT((7717.,8375.));
#1509=IFCCARTESIANPOINT((7717.,6125.));
#1510=IFCCARTESIANPOINT((6667.,6125.));
#1511=IFCCARTESIANPOINT((6667.,8675.));
#1512=IFCCARTESIANPOINT((6667.,8750.));
#1513=IFCCARTESIANPOINT((6667.,8825.));
#1514=IFCCARTESIANPOINT((6667.,11313.));
#1515=IFCCARTESIANPOINT((6667.,11388.));
#1516=IFCCARTESIANPOINT((6667.,11463.));
#1517=IFCCARTESIANPOINT((6667.,13858.));
#1518=IFCCARTESIANPOINT((6822.,13858.));
#1519=IFCPOLYLINE((#1501,#1502,#1503,#1504,#1505,#1506,#1507,#1508,#1509,#1510,#1511,#1512,#1513,#1514,#1515,#1516,#1517,#1518));
#1520=IFCARBITRARYCLOSEDPROFILEDEF(.AREA.,$,#1519);
#1521=IFCCARTESIANPOINT((0.,0.,0.));
#1522=IFCAXIS2PLACEMENT3D(#1521,$,$);
#1523=IFCDIRECTION((0.,0.,1.));
#1524=IFCEXTRUDEDAREASOLID(#1520,#1522,#1523,3000.);
#1525=IFCSHAPEREPRESENTATION(#6,'Body','SweptSolid',(#1524));
#1526=IFCPRODUCTDEFINITIONSHAPE($,$,(#1525));
#1527=IFCSPACE('15eF2icgTLh9GhkQQfnbxp',$,'Bedroom 2','Clear-space study volume',$,#23,#1526,'F1-bed-2',.ELEMENT.,.NOTDEFINED.,$);
#1528=IFCCARTESIANPOINT((9962.,6125.));
#1529=IFCCARTESIANPOINT((7867.,6125.));
#1530=IFCCARTESIANPOINT((7867.,8375.));
#1531=IFCCARTESIANPOINT((9962.,8375.));
#1532=IFCCARTESIANPOINT((9962.,8220.));
#1533=IFCCARTESIANPOINT((9962.,6280.));
#1534=IFCCARTESIANPOINT((9962.,6125.));
#1535=IFCPOLYLINE((#1528,#1529,#1530,#1531,#1532,#1533,#1534));
#1536=IFCARBITRARYCLOSEDPROFILEDEF(.AREA.,$,#1535);
#1537=IFCCARTESIANPOINT((0.,0.,0.));
#1538=IFCAXIS2PLACEMENT3D(#1537,$,$);
#1539=IFCDIRECTION((0.,0.,1.));
#1540=IFCEXTRUDEDAREASOLID(#1536,#1538,#1539,3000.);
#1541=IFCSHAPEREPRESENTATION(#6,'Body','SweptSolid',(#1540));
#1542=IFCPRODUCTDEFINITIONSHAPE($,$,(#1541));
#1543=IFCSPACE('01Oq$8Z$TJRQ2XU05amFQt',$,'Bath 2','Clear-space study volume',$,#23,#1542,'F1-bath-2',.ELEMENT.,.NOTDEFINED.,$);
#1544=IFCCARTESIANPOINT((5017.,4525.));
#1545=IFCCARTESIANPOINT((230.,4525.));
#1546=IFCCARTESIANPOINT((230.,4680.));
#1547=IFCCARTESIANPOINT((230.,7270.));
#1548=IFCCARTESIANPOINT((230.,7425.));
#1549=IFCCARTESIANPOINT((5017.,7425.));
#1550=IFCCARTESIANPOINT((5017.,4525.));
#1551=IFCPOLYLINE((#1544,#1545,#1546,#1547,#1548,#1549,#1550));
#1552=IFCARBITRARYCLOSEDPROFILEDEF(.AREA.,$,#1551);
#1553=IFCCARTESIANPOINT((0.,0.,0.));
#1554=IFCAXIS2PLACEMENT3D(#1553,$,$);
#1555=IFCDIRECTION((0.,0.,1.));
#1556=IFCEXTRUDEDAREASOLID(#1552,#1554,#1555,3000.);
#1557=IFCSHAPEREPRESENTATION(#6,'Body','SweptSolid',(#1556));
#1558=IFCPRODUCTDEFINITIONSHAPE($,$,(#1557));
#1559=IFCSPACE('3TgNbrQBPKEOtIGATGdUY2',$,'Study','Clear-space study volume',$,#23,#1558,'F1-study',.ELEMENT.,.NOTDEFINED.,$);
#1560=IFCCARTESIANPOINT((230.,7575.));
#1561=IFCCARTESIANPOINT((230.,7730.));
#1562=IFCCARTESIANPOINT((230.,13858.));
#1563=IFCCARTESIANPOINT((4862.,13858.));
#1564=IFCCARTESIANPOINT((5017.,13858.));
#1565=IFCCARTESIANPOINT((5017.,11463.));
#1566=IFCCARTESIANPOINT((5017.,11388.));
#1567=IFCCARTESIANPOINT((5017.,11313.));
#1568=IFCCARTESIANPOINT((5017.,8825.));
#1569=IFCCARTESIANPOINT((5017.,8750.));
#1570=IFCCARTESIANPOINT((5017.,8675.));
#1571=IFCCARTESIANPOINT((5017.,7575.));
#1572=IFCCARTESIANPOINT((230.,7575.));
#1573=IFCPOLYLINE((#1560,#1561,#1562,#1563,#1564,#1565,#1566,#1567,#1568,#1569,#1570,#1571,#1572));
#1574=IFCARBITRARYCLOSEDPROFILEDEF(.AREA.,$,#1573);
#1575=IFCCARTESIANPOINT((0.,0.,0.));
#1576=IFCAXIS2PLACEMENT3D(#1575,$,$);
#1577=IFCDIRECTION((0.,0.,1.));
#1578=IFCEXTRUDEDAREASOLID(#1574,#1576,#1577,3000.);
#1579=IFCSHAPEREPRESENTATION(#6,'Body','SweptSolid',(#1578));
#1580=IFCPRODUCTDEFINITIONSHAPE($,$,(#1579));
#1581=IFCSPACE('2Jbb2QHKPI$g9gztmNzakj',$,'Master bedroom','Clear-space study volume',$,#23,#1580,'F1-bed-m',.ELEMENT.,.NOTDEFINED.,$);
#1582=IFCCARTESIANPOINT((6517.,11313.));
#1583=IFCCARTESIANPOINT((6517.,8825.));
#1584=IFCCARTESIANPOINT((5167.,8825.));
#1585=IFCCARTESIANPOINT((5167.,11313.));
#1586=IFCCARTESIANPOINT((6517.,11313.));
#1587=IFCPOLYLINE((#1582,#1583,#1584,#1585,#1586));
#1588=IFCARBITRARYCLOSEDPROFILEDEF(.AREA.,$,#1587);
#1589=IFCCARTESIANPOINT((0.,0.,0.));
#1590=IFCAXIS2PLACEMENT3D(#1589,$,$);
#1591=IFCDIRECTION((0.,0.,1.));
#1592=IFCEXTRUDEDAREASOLID(#1588,#1590,#1591,3000.);
#1593=IFCSHAPEREPRESENTATION(#6,'Body','SweptSolid',(#1592));
#1594=IFCPRODUCTDEFINITIONSHAPE($,$,(#1593));
#1595=IFCSPACE('168wYVRpzMt85_$t90d8ws',$,'Master dress','Clear-space study volume',$,#23,#1594,'F1-dress-m',.ELEMENT.,.NOTDEFINED.,$);
#1596=IFCCARTESIANPOINT((6517.,13858.));
#1597=IFCCARTESIANPOINT((6517.,11463.));
#1598=IFCCARTESIANPOINT((5167.,11463.));
#1599=IFCCARTESIANPOINT((5167.,13858.));
#1600=IFCCARTESIANPOINT((5322.,13858.));
#1601=IFCCARTESIANPOINT((6362.,13858.));
#1602=IFCCARTESIANPOINT((6517.,13858.));
#1603=IFCPOLYLINE((#1596,#1597,#1598,#1599,#1600,#1601,#1602));
#1604=IFCARBITRARYCLOSEDPROFILEDEF(.AREA.,$,#1603);
#1605=IFCCARTESIANPOINT((0.,0.,0.));
#1606=IFCAXIS2PLACEMENT3D(#1605,$,$);
#1607=IFCDIRECTION((0.,0.,1.));
#1608=IFCEXTRUDEDAREASOLID(#1604,#1606,#1607,3000.);
#1609=IFCSHAPEREPRESENTATION(#6,'Body','SweptSolid',(#1608));
#1610=IFCPRODUCTDEFINITIONSHAPE($,$,(#1609));
#1611=IFCSPACE('296uaEcZ1MnOJDslw5nPnM',$,'Master bath','Clear-space study volume',$,#23,#1610,'F1-bath-m',.ELEMENT.,.NOTDEFINED.,$);
#1612=IFCCARTESIANPOINT((8542.,9625.));
#1613=IFCCARTESIANPOINT((8542.,10375.));
#1614=IFCCARTESIANPOINT((7642.,10375.));
#1615=IFCCARTESIANPOINT((7642.,9625.));
#1616=IFCCARTESIANPOINT((8542.,9625.));
#1617=IFCPOLYLINE((#1612,#1613,#1614,#1615,#1616));
#1618=IFCARBITRARYCLOSEDPROFILEDEF(.AREA.,$,#1617);
#1619=IFCCARTESIANPOINT((0.,0.,0.));
#1620=IFCAXIS2PLACEMENT3D(#1619,$,$);
#1621=IFCDIRECTION((0.,0.,1.));
#1622=IFCEXTRUDEDAREASOLID(#1618,#1620,#1621,2100.);
#1623=IFCSHAPEREPRESENTATION(#6,'Body','SweptSolid',(#1622));
#1624=IFCPRODUCTDEFINITIONSHAPE($,$,(#1623));
#1625=IFCOPENINGELEMENT('1xW1t1f1DMpuTSXL9IYfJp',$,'F0-D001','Nominal door aperture',$,#19,#1624,'F0-D001',.OPENING.);
#1626=IFCRELVOIDSELEMENT('1WtEEe77DMHvgRO_qPW65r',$,$,$,#500,#1625);
#1627=IFCCARTESIANPOINT((5142.,8950.));
#1628=IFCCARTESIANPOINT((5142.,9850.));
#1629=IFCCARTESIANPOINT((4242.,9850.));
#1630=IFCCARTESIANPOINT((4242.,8950.));
#1631=IFCCARTESIANPOINT((5142.,8950.));
#1632=IFCPOLYLINE((#1627,#1628,#1629,#1630,#1631));
#1633=IFCARBITRARYCLOSEDPROFILEDEF(.AREA.,$,#1632);
#1634=IFCCARTESIANPOINT((0.,0.,0.));
#1635=IFCAXIS2PLACEMENT3D(#1634,$,$);
#1636=IFCDIRECTION((0.,0.,1.));
#1637=IFCEXTRUDEDAREASOLID(#1633,#1635,#1636,2100.);
#1638=IFCSHAPEREPRESENTATION(#6,'Body','SweptSolid',(#1637));
#1639=IFCPRODUCTDEFINITIONSHAPE($,$,(#1638));
#1640=IFCOPENINGELEMENT('25P_f5R$DJA8a$BVn965V9',$,'F0-D002','Nominal door aperture',$,#19,#1639,'F0-D002',.OPENING.);
#1641=IFCRELVOIDSELEMENT('20NTvaOR9SGOdGbAkawkUT',$,$,$,#330,#1640);
#1642=IFCCARTESIANPOINT((3792.,8950.));
#1643=IFCCARTESIANPOINT((3792.,9700.));
#1644=IFCCARTESIANPOINT((2892.,9700.));
#1645=IFCCARTESIANPOINT((2892.,8950.));
#1646=IFCCARTESIANPOINT((3792.,8950.));
#1647=IFCPOLYLINE((#1642,#1643,#1644,#1645,#1646));
#1648=IFCARBITRARYCLOSEDPROFILEDEF(.AREA.,$,#1647);
#1649=IFCCARTESIANPOINT((0.,0.,0.));
#1650=IFCAXIS2PLACEMENT3D(#1649,$,$);
#1651=IFCDIRECTION((0.,0.,1.));
#1652=IFCEXTRUDEDAREASOLID(#1648,#1650,#1651,2100.);
#1653=IFCSHAPEREPRESENTATION(#6,'Body','SweptSolid',(#1652));
#1654=IFCPRODUCTDEFINITIONSHAPE($,$,(#1653));
#1655=IFCOPENINGELEMENT('0u5tgTaLLRWxI1lgmK27jB',$,'F0-D003','Nominal door aperture',$,#19,#1654,'F0-D003',.OPENING.);
#1656=IFCRELVOIDSELEMENT('2v5INTrOjPqvLN0$$SOsLE',$,$,$,#252,#1655);
#1657=IFCCARTESIANPOINT((8542.,12194.));
#1658=IFCCARTESIANPOINT((8542.,13094.));
#1659=IFCCARTESIANPOINT((7642.,13094.));
#1660=IFCCARTESIANPOINT((7642.,12194.));
#1661=IFCCARTESIANPOINT((8542.,12194.));
#1662=IFCPOLYLINE((#1657,#1658,#1659,#1660,#1661));
#1663=IFCARBITRARYCLOSEDPROFILEDEF(.AREA.,$,#1662);
#1664=IFCCARTESIANPOINT((0.,0.,0.));
#1665=IFCAXIS2PLACEMENT3D(#1664,$,$);
#1666=IFCDIRECTION((0.,0.,1.));
#1667=IFCEXTRUDEDAREASOLID(#1663,#1665,#1666,2100.);
#1668=IFCSHAPEREPRESENTATION(#6,'Body','SweptSolid',(#1667));
#1669=IFCPRODUCTDEFINITIONSHAPE($,$,(#1668));
#1670=IFCOPENINGELEMENT('0nlfNBW09MbQa_MMZWa91N',$,'F0-D004','Nominal cased aperture',$,#19,#1669,'F0-D004',.OPENING.);
#1671=IFCRELVOIDSELEMENT('0bhaqcqEPO99GXETE$ks7e',$,$,$,#530,#1670);
#1672=IFCCARTESIANPOINT((6442.,5375.));
#1673=IFCCARTESIANPOINT((6442.,6875.));
#1674=IFCCARTESIANPOINT((5542.,6875.));
#1675=IFCCARTESIANPOINT((5542.,5375.));
#1676=IFCCARTESIANPOINT((6442.,5375.));
#1677=IFCPOLYLINE((#1672,#1673,#1674,#1675,#1676));
#1678=IFCARBITRARYCLOSEDPROFILEDEF(.AREA.,$,#1677);
#1679=IFCCARTESIANPOINT((0.,0.,0.));
#1680=IFCAXIS2PLACEMENT3D(#1679,$,$);
#1681=IFCDIRECTION((0.,0.,1.));
#1682=IFCEXTRUDEDAREASOLID(#1678,#1680,#1681,2100.);
#1683=IFCSHAPEREPRESENTATION(#6,'Body','SweptSolid',(#1682));
#1684=IFCPRODUCTDEFINITIONSHAPE($,$,(#1683));
#1685=IFCOPENINGELEMENT('2hnI07_GvR5Oq3$AVau8yV',$,'F0-D005','Nominal cased aperture',$,#19,#1684,'F0-D005',.OPENING.);
#1686=IFCRELVOIDSELEMENT('0JvVEVokLO4uPe1pxnstts',$,$,$,#392,#1685);
#1687=IFCCARTESIANPOINT((3642.,11100.));
#1688=IFCCARTESIANPOINT((4392.,11100.));
#1689=IFCCARTESIANPOINT((4392.,12000.));
#1690=IFCCARTESIANPOINT((3642.,12000.));
#1691=IFCCARTESIANPOINT((3642.,11100.));
#1692=IFCPOLYLINE((#1687,#1688,#1689,#1690,#1691));
#1693=IFCARBITRARYCLOSEDPROFILEDEF(.AREA.,$,#1692);
#1694=IFCCARTESIANPOINT((0.,0.,0.));
#1695=IFCAXIS2PLACEMENT3D(#1694,$,$);
#1696=IFCDIRECTION((0.,0.,1.));
#1697=IFCEXTRUDEDAREASOLID(#1693,#1695,#1696,2100.);
#1698=IFCSHAPEREPRESENTATION(#6,'Body','SweptSolid',(#1697));
#1699=IFCPRODUCTDEFINITIONSHAPE($,$,(#1698));
#1700=IFCOPENINGELEMENT('34ThgFon9VX8cmdJwgFCck',$,'F0-D006','Nominal door aperture',$,#19,#1699,'F0-D006',.OPENING.);
#1701=IFCRELVOIDSELEMENT('0f312z2dPIsPc9iN0DarHf',$,$,$,#299,#1700);
#1702=IFCCARTESIANPOINT((2542.,4900.));
#1703=IFCCARTESIANPOINT((2542.,5800.));
#1704=IFCCARTESIANPOINT((1642.,5800.));
#1705=IFCCARTESIANPOINT((1642.,4900.));
#1706=IFCCARTESIANPOINT((2542.,4900.));
#1707=IFCPOLYLINE((#1702,#1703,#1704,#1705,#1706));
#1708=IFCARBITRARYCLOSEDPROFILEDEF(.AREA.,$,#1707);
#1709=IFCCARTESIANPOINT((0.,0.,0.));
#1710=IFCAXIS2PLACEMENT3D(#1709,$,$);
#1711=IFCDIRECTION((0.,0.,1.));
#1712=IFCEXTRUDEDAREASOLID(#1708,#1710,#1711,2100.);
#1713=IFCSHAPEREPRESENTATION(#6,'Body','SweptSolid',(#1712));
#1714=IFCPRODUCTDEFINITIONSHAPE($,$,(#1713));
#1715=IFCOPENINGELEMENT('3OAX6MsYHKqfcA4uoyNfm9',$,'F0-D007','Nominal door aperture',$,#19,#1714,'F0-D007',.OPENING.);
#1716=IFCRELVOIDSELEMENT('1lgTzEWB1Li827QHb8kftF',$,$,$,#204,#1715);
#1717=IFCCARTESIANPOINT((2542.,7150.));
#1718=IFCCARTESIANPOINT((2542.,7900.));
#1719=IFCCARTESIANPOINT((1642.,7900.));
#1720=IFCCARTESIANPOINT((1642.,7150.));
#1721=IFCCARTESIANPOINT((2542.,7150.));
#1722=IFCPOLYLINE((#1717,#1718,#1719,#1720,#1721));
#1723=IFCARBITRARYCLOSEDPROFILEDEF(.AREA.,$,#1722);
#1724=IFCCARTESIANPOINT((0.,0.,0.));
#1725=IFCAXIS2PLACEMENT3D(#1724,$,$);
#1726=IFCDIRECTION((0.,0.,1.));
#1727=IFCEXTRUDEDAREASOLID(#1723,#1725,#1726,2100.);
#1728=IFCSHAPEREPRESENTATION(#6,'Body','SweptSolid',(#1727));
#1729=IFCPRODUCTDEFINITIONSHAPE($,$,(#1728));
#1730=IFCOPENINGELEMENT('1K5BmbVHHMgPXnZEy3TQ6U',$,'F0-D008','Nominal door aperture',$,#19,#1729,'F0-D008',.OPENING.);
#1731=IFCRELVOIDSELEMENT('2pqQuwbznLiQmXCTHQIyRC',$,$,$,#220,#1730);
#1732=IFCCARTESIANPOINT((3792.,10450.));
#1733=IFCCARTESIANPOINT((3792.,11350.));
#1734=IFCCARTESIANPOINT((2892.,11350.));
#1735=IFCCARTESIANPOINT((2892.,10450.));
#1736=IFCCARTESIANPOINT((3792.,10450.));
#1737=IFCPOLYLINE((#1732,#1733,#1734,#1735,#1736));
#1738=IFCARBITRARYCLOSEDPROFILEDEF(.AREA.,$,#1737);
#1739=IFCCARTESIANPOINT((0.,0.,0.));
#1740=IFCAXIS2PLACEMENT3D(#1739,$,$);
#1741=IFCDIRECTION((0.,0.,1.));
#1742=IFCEXTRUDEDAREASOLID(#1738,#1740,#1741,2100.);
#1743=IFCSHAPEREPRESENTATION(#6,'Body','SweptSolid',(#1742));
#1744=IFCPRODUCTDEFINITIONSHAPE($,$,(#1743));
#1745=IFCOPENINGELEMENT('15b78aCXDUShoTHiaGnoBI',$,'F0-D009','Nominal door aperture',$,#19,#1744,'F0-D009',.OPENING.);
#1746=IFCRELVOIDSELEMENT('2jPFZRV5zRowiL$WiI46p0',$,$,$,#268,#1745);
#1747=IFCCARTESIANPOINT((6142.,6850.));
#1748=IFCCARTESIANPOINT((6892.,6850.));
#1749=IFCCARTESIANPOINT((6892.,7750.));
#1750=IFCCARTESIANPOINT((6142.,7750.));
#1751=IFCCARTESIANPOINT((6142.,6850.));
#1752=IFCPOLYLINE((#1747,#1748,#1749,#1750,#1751));
#1753=IFCARBITRARYCLOSEDPROFILEDEF(.AREA.,$,#1752);
#1754=IFCCARTESIANPOINT((0.,0.,0.));
#1755=IFCAXIS2PLACEMENT3D(#1754,$,$);
#1756=IFCDIRECTION((0.,0.,1.));
#1757=IFCEXTRUDEDAREASOLID(#1753,#1755,#1756,2100.);
#1758=IFCSHAPEREPRESENTATION(#6,'Body','SweptSolid',(#1757));
#1759=IFCPRODUCTDEFINITIONSHAPE($,$,(#1758));
#1760=IFCOPENINGELEMENT('2tb_zgqCPOpRbgsQG3Fqtx',$,'F0-D010','Nominal door aperture',$,#19,#1759,'F0-D010',.OPENING.);
#1761=IFCRELVOIDSELEMENT('0oUSkdC29Mgvv_U1aikXkU',$,$,$,#439,#1760);
#1762=IFCCARTESIANPOINT((8242.,7550.));
#1763=IFCCARTESIANPOINT((8242.,8300.));
#1764=IFCCARTESIANPOINT((7342.,8300.));
#1765=IFCCARTESIANPOINT((7342.,7550.));
#1766=IFCCARTESIANPOINT((8242.,7550.));
#1767=IFCPOLYLINE((#1762,#1763,#1764,#1765,#1766));
#1768=IFCARBITRARYCLOSEDPROFILEDEF(.AREA.,$,#1767);
#1769=IFCCARTESIANPOINT((0.,0.,0.));
#1770=IFCAXIS2PLACEMENT3D(#1769,$,$);
#1771=IFCDIRECTION((0.,0.,1.));
#1772=IFCEXTRUDEDAREASOLID(#1768,#1770,#1771,2100.);
#1773=IFCSHAPEREPRESENTATION(#6,'Body','SweptSolid',(#1772));
#1774=IFCPRODUCTDEFINITIONSHAPE($,$,(#1773));
#1775=IFCOPENINGELEMENT('3VKCi0NbLKUhKnztGobccr',$,'F1-D011','Nominal door aperture',$,#23,#1774,'F1-D011',.OPENING.);
#1776=IFCRELVOIDSELEMENT('36133SB1jPePNkmMztP4xF',$,$,$,#1033,#1775);
#1777=IFCCARTESIANPOINT((5467.,10938.));
#1778=IFCCARTESIANPOINT((6217.,10938.));
#1779=IFCCARTESIANPOINT((6217.,11838.));
#1780=IFCCARTESIANPOINT((5467.,11838.));
#1781=IFCCARTESIANPOINT((5467.,10938.));
#1782=IFCPOLYLINE((#1777,#1778,#1779,#1780,#1781));
#1783=IFCARBITRARYCLOSEDPROFILEDEF(.AREA.,$,#1782);
#1784=IFCCARTESIANPOINT((0.,0.,0.));
#1785=IFCAXIS2PLACEMENT3D(#1784,$,$);
#1786=IFCDIRECTION((0.,0.,1.));
#1787=IFCEXTRUDEDAREASOLID(#1783,#1785,#1786,2100.);
#1788=IFCSHAPEREPRESENTATION(#6,'Body','SweptSolid',(#1787));
#1789=IFCPRODUCTDEFINITIONSHAPE($,$,(#1788));
#1790=IFCOPENINGELEMENT('2kxhGTqzPLZvErPwlSQ4ur',$,'F1-D012','Nominal door aperture',$,#23,#1789,'F1-D012',.OPENING.);
#1791=IFCRELVOIDSELEMENT('0ndyBadOzLS852n4w4hWt0',$,$,$,#863,#1790);
#1792=IFCCARTESIANPOINT((7042.,6200.));
#1793=IFCCARTESIANPOINT((7042.,7100.));
#1794=IFCCARTESIANPOINT((6142.,7100.));
#1795=IFCCARTESIANPOINT((6142.,6200.));
#1796=IFCCARTESIANPOINT((7042.,6200.));
#1797=IFCPOLYLINE((#1792,#1793,#1794,#1795,#1796));
#1798=IFCARBITRARYCLOSEDPROFILEDEF(.AREA.,$,#1797);
#1799=IFCCARTESIANPOINT((0.,0.,0.));
#1800=IFCAXIS2PLACEMENT3D(#1799,$,$);
#1801=IFCDIRECTION((0.,0.,1.));
#1802=IFCEXTRUDEDAREASOLID(#1798,#1800,#1801,2100.);
#1803=IFCSHAPEREPRESENTATION(#6,'Body','SweptSolid',(#1802));
#1804=IFCPRODUCTDEFINITIONSHAPE($,$,(#1803));
#1805=IFCOPENINGELEMENT('2_I8h8_avPA8d7suXEhkqe',$,'F1-D013','Nominal door aperture',$,#23,#1804,'F1-D013',.OPENING.);
#1806=IFCRELVOIDSELEMENT('1VPWl3yF1ME9kzw71cfLzL',$,$,$,#926,#1805);
#1807=IFCCARTESIANPOINT((5542.,7650.));
#1808=IFCCARTESIANPOINT((5542.,8550.));
#1809=IFCCARTESIANPOINT((4642.,8550.));
#1810=IFCCARTESIANPOINT((4642.,7650.));
#1811=IFCCARTESIANPOINT((5542.,7650.));
#1812=IFCPOLYLINE((#1807,#1808,#1809,#1810,#1811));
#1813=IFCARBITRARYCLOSEDPROFILEDEF(.AREA.,$,#1812);
#1814=IFCCARTESIANPOINT((0.,0.,0.));
#1815=IFCAXIS2PLACEMENT3D(#1814,$,$);
#1816=IFCDIRECTION((0.,0.,1.));
#1817=IFCEXTRUDEDAREASOLID(#1813,#1815,#1816,2100.);
#1818=IFCSHAPEREPRESENTATION(#6,'Body','SweptSolid',(#1817));
#1819=IFCPRODUCTDEFINITIONSHAPE($,$,(#1818));
#1820=IFCOPENINGELEMENT('2k2b1Ik01LauAnimXQPtHa',$,'F1-D014','Nominal door aperture',$,#23,#1819,'F1-D014',.OPENING.);
#1821=IFCRELVOIDSELEMENT('2ToE_E3ivJMPQz8oGwIGZZ',$,$,$,#800,#1820);
#1822=IFCCARTESIANPOINT((7042.,4600.));
#1823=IFCCARTESIANPOINT((7042.,5350.));
#1824=IFCCARTESIANPOINT((6142.,5350.));
#1825=IFCCARTESIANPOINT((6142.,4600.));
#1826=IFCCARTESIANPOINT((7042.,4600.));
#1827=IFCPOLYLINE((#1822,#1823,#1824,#1825,#1826));
#1828=IFCARBITRARYCLOSEDPROFILEDEF(.AREA.,$,#1827);
#1829=IFCCARTESIANPOINT((0.,0.,0.));
#1830=IFCAXIS2PLACEMENT3D(#1829,$,$);
#1831=IFCDIRECTION((0.,0.,1.));
#1832=IFCEXTRUDEDAREASOLID(#1828,#1830,#1831,2100.);
#1833=IFCSHAPEREPRESENTATION(#6,'Body','SweptSolid',(#1832));
#1834=IFCPRODUCTDEFINITIONSHAPE($,$,(#1833));
#1835=IFCOPENINGELEMENT('3uMhqr9ZfPbOvheOSb06Bv',$,'F1-D015','Nominal door aperture',$,#23,#1834,'F1-D015',.OPENING.);
#1836=IFCRELVOIDSELEMENT('1DeBB3AAzGUx38UhkqU6NU',$,$,$,#894,#1835);
#1837=IFCCARTESIANPOINT((5542.,9619.));
#1838=IFCCARTESIANPOINT((5542.,10519.));
#1839=IFCCARTESIANPOINT((4642.,10519.));
#1840=IFCCARTESIANPOINT((4642.,9619.));
#1841=IFCCARTESIANPOINT((5542.,9619.));
#1842=IFCPOLYLINE((#1837,#1838,#1839,#1840,#1841));
#1843=IFCARBITRARYCLOSEDPROFILEDEF(.AREA.,$,#1842);
#1844=IFCCARTESIANPOINT((0.,0.,0.));
#1845=IFCAXIS2PLACEMENT3D(#1844,$,$);
#1846=IFCDIRECTION((0.,0.,1.));
#1847=IFCEXTRUDEDAREASOLID(#1843,#1845,#1846,2100.);
#1848=IFCSHAPEREPRESENTATION(#6,'Body','SweptSolid',(#1847));
#1849=IFCPRODUCTDEFINITIONSHAPE($,$,(#1848));
#1850=IFCOPENINGELEMENT('3nsmb5SFPPleEwdlb_15EB',$,'F1-D016','Nominal cased aperture',$,#23,#1849,'F1-D016',.OPENING.);
#1851=IFCRELVOIDSELEMENT('1XnskWVhTVkBlCpBdSHZn8',$,$,$,#816,#1850);
#1852=IFCCARTESIANPOINT((5542.,4600.));
#1853=IFCCARTESIANPOINT((5542.,5500.));
#1854=IFCCARTESIANPOINT((4642.,5500.));
#1855=IFCCARTESIANPOINT((4642.,4600.));
#1856=IFCCARTESIANPOINT((5542.,4600.));
#1857=IFCPOLYLINE((#1852,#1853,#1854,#1855,#1856));
#1858=IFCARBITRARYCLOSEDPROFILEDEF(.AREA.,$,#1857);
#1859=IFCCARTESIANPOINT((0.,0.,0.));
#1860=IFCAXIS2PLACEMENT3D(#1859,$,$);
#1861=IFCDIRECTION((0.,0.,1.));
#1862=IFCEXTRUDEDAREASOLID(#1858,#1860,#1861,2100.);
#1863=IFCSHAPEREPRESENTATION(#6,'Body','SweptSolid',(#1862));
#1864=IFCPRODUCTDEFINITIONSHAPE($,$,(#1863));
#1865=IFCOPENINGELEMENT('3TPTnSWHrG2gZWaPkbPRRs',$,'F1-D017','Nominal door aperture',$,#23,#1864,'F1-D017',.OPENING.);
#1866=IFCRELVOIDSELEMENT('2AKq7bbqDLFv9EyymmNIPr',$,$,$,#784,#1865);
#1867=IFCCARTESIANPOINT((996.,1020.));
#1868=IFCCARTESIANPOINT((3696.,1020.));
#1869=IFCCARTESIANPOINT((3696.,2080.));
#1870=IFCCARTESIANPOINT((996.,2080.));
#1871=IFCCARTESIANPOINT((996.,1020.));
#1872=IFCPOLYLINE((#1867,#1868,#1869,#1870,#1871));
#1873=IFCARBITRARYCLOSEDPROFILEDEF(.AREA.,$,#1872);
#1874=IFCCARTESIANPOINT((0.,0.,0.));
#1875=IFCAXIS2PLACEMENT3D(#1874,$,$);
#1876=IFCDIRECTION((0.,0.,1.));
#1877=IFCEXTRUDEDAREASOLID(#1873,#1875,#1876,2600.);
#1878=IFCSHAPEREPRESENTATION(#6,'Body','SweptSolid',(#1877));
#1879=IFCPRODUCTDEFINITIONSHAPE($,$,(#1878));
#1880=IFCOPENINGELEMENT('3s7D6g2vvTsRyinmkIJN7U',$,'F1-D018','Nominal glazed aperture',$,#23,#1879,'F1-D018',.OPENING.);
#1881=IFCRELVOIDSELEMENT('0GSF58fWXNdhG7o0oHleuS',$,$,$,#664,#1880);
#1882=IFCCARTESIANPOINT((645.,425.));
#1883=IFCCARTESIANPOINT((645.,4025.));
#1884=IFCCARTESIANPOINT((-415.,4025.));
#1885=IFCCARTESIANPOINT((-415.,425.));
#1886=IFCCARTESIANPOINT((645.,425.));
#1887=IFCPOLYLINE((#1882,#1883,#1884,#1885,#1886));
#1888=IFCARBITRARYCLOSEDPROFILEDEF(.AREA.,$,#1887);
#1889=IFCCARTESIANPOINT((0.,0.,0.));
#1890=IFCAXIS2PLACEMENT3D(#1889,$,$);
#1891=IFCDIRECTION((0.,0.,1.));
#1892=IFCEXTRUDEDAREASOLID(#1888,#1890,#1891,2700.);
#1893=IFCSHAPEREPRESENTATION(#6,'Body','SweptSolid',(#1892));
#1894=IFCPRODUCTDEFINITIONSHAPE($,$,(#1893));
#1895=IFCOPENINGELEMENT('1zvcrluW9OmeZ8q6qtD7Q0',$,'F0-N019','Nominal window aperture',$,#19,#1894,'F0-N019',.OPENING.);
#1896=IFCRELVOIDSELEMENT('2h65PFB1DN4gwwZ16OrOmE',$,$,$,#39,#1895);
#1897=IFCCARTESIANPOINT((5792.,-415.));
#1898=IFCCARTESIANPOINT((6992.,-415.));
#1899=IFCCARTESIANPOINT((6992.,645.));
#1900=IFCCARTESIANPOINT((5792.,645.));
#1901=IFCCARTESIANPOINT((5792.,-415.));
#1902=IFCPOLYLINE((#1897,#1898,#1899,#1900,#1901));
#1903=IFCARBITRARYCLOSEDPROFILEDEF(.AREA.,$,#1902);
#1904=IFCCARTESIANPOINT((0.,0.,0.));
#1905=IFCAXIS2PLACEMENT3D(#1904,$,$);
#1906=IFCDIRECTION((0.,0.,1.));
#1907=IFCEXTRUDEDAREASOLID(#1903,#1905,#1906,2600.);
#1908=IFCSHAPEREPRESENTATION(#6,'Body','SweptSolid',(#1907));
#1909=IFCPRODUCTDEFINITIONSHAPE($,$,(#1908));
#1910=IFCOPENINGELEMENT('1HAath3f9H1BXEGymmp1B6',$,'F0-D020','Nominal entry aperture',$,#19,#1909,'F0-D020',.OPENING.);
#1911=IFCRELVOIDSELEMENT('2KApiGpLLSTO3nHm4XF4yR',$,$,$,#54,#1910);
#1912=IFCCARTESIANPOINT((346.,-415.));
#1913=IFCCARTESIANPOINT((5446.,-415.));
#1914=IFCCARTESIANPOINT((5446.,645.));
#1915=IFCCARTESIANPOINT((346.,645.));
#1916=IFCCARTESIANPOINT((346.,-415.));
#1917=IFCPOLYLINE((#1912,#1913,#1914,#1915,#1916));
#1918=IFCARBITRARYCLOSEDPROFILEDEF(.AREA.,$,#1917);
#1919=IFCCARTESIANPOINT((0.,0.,0.));
#1920=IFCAXIS2PLACEMENT3D(#1919,$,$);
#1921=IFCDIRECTION((0.,0.,1.));
#1922=IFCEXTRUDEDAREASOLID(#1918,#1920,#1921,2700.);
#1923=IFCSHAPEREPRESENTATION(#6,'Body','SweptSolid',(#1922));
#1924=IFCPRODUCTDEFINITIONSHAPE($,$,(#1923));
#1925=IFCOPENINGELEMENT('3MAsximLnJOxGjizfuvFtG',$,'F0-N021','Nominal window aperture',$,#19,#1924,'F0-N021',.OPENING.);
#1926=IFCRELVOIDSELEMENT('3ixYrk7irMJvPhQbnn42$W',$,$,$,#54,#1925);
#1927=IFCCARTESIANPOINT((645.,7225.));
#1928=IFCCARTESIANPOINT((645.,7825.));
#1929=IFCCARTESIANPOINT((-415.,7825.));
#1930=IFCCARTESIANPOINT((-415.,7225.));
#1931=IFCCARTESIANPOINT((645.,7225.));
#1932=IFCPOLYLINE((#1927,#1928,#1929,#1930,#1931));
#1933=IFCARBITRARYCLOSEDPROFILEDEF(.AREA.,$,#1932);
#1934=IFCCARTESIANPOINT((0.,0.,1800.));
#1935=IFCAXIS2PLACEMENT3D(#1934,$,$);
#1936=IFCDIRECTION((0.,0.,1.));
#1937=IFCEXTRUDEDAREASOLID(#1933,#1935,#1936,450.);
#1938=IFCSHAPEREPRESENTATION(#6,'Body','SweptSolid',(#1937));
#1939=IFCPRODUCTDEFINITIONSHAPE($,$,(#1938));
#1940=IFCOPENINGELEMENT('3$oVWLNRrGFORW4VoktfDX',$,'F0-N022','Nominal window aperture',$,#19,#1939,'F0-N022',.OPENING.);
#1941=IFCRELVOIDSELEMENT('316W60UpfPj8T$Z2JQpBp2',$,$,$,#99,#1940);
#1942=IFCCARTESIANPOINT((645.,9175.));
#1943=IFCCARTESIANPOINT((645.,9925.));
#1944=IFCCARTESIANPOINT((-415.,9925.));
#1945=IFCCARTESIANPOINT((-415.,9175.));
#1946=IFCCARTESIANPOINT((645.,9175.));
#1947=IFCPOLYLINE((#1942,#1943,#1944,#1945,#1946));
#1948=IFCARBITRARYCLOSEDPROFILEDEF(.AREA.,$,#1947);
#1949=IFCCARTESIANPOINT((0.,0.,1650.));
#1950=IFCAXIS2PLACEMENT3D(#1949,$,$);
#1951=IFCDIRECTION((0.,0.,1.));
#1952=IFCEXTRUDEDAREASOLID(#1948,#1950,#1951,700.);
#1953=IFCSHAPEREPRESENTATION(#6,'Body','SweptSolid',(#1952));
#1954=IFCPRODUCTDEFINITIONSHAPE($,$,(#1953));
#1955=IFCOPENINGELEMENT('0NGoA47wHIsRqyN0wEXz1c',$,'F0-N023','Nominal window aperture',$,#19,#1954,'F0-N023',.OPENING.);
#1956=IFCRELVOIDSELEMENT('3HbQ1mnY9KXBbjqqRweLQK',$,$,$,#129,#1955);
#1957=IFCCARTESIANPOINT((645.,11294.));
#1958=IFCCARTESIANPOINT((645.,13094.));
#1959=IFCCARTESIANPOINT((-415.,13094.));
#1960=IFCCARTESIANPOINT((-415.,11294.));
#1961=IFCCARTESIANPOINT((645.,11294.));
#1962=IFCPOLYLINE((#1957,#1958,#1959,#1960,#1961));
#1963=IFCARBITRARYCLOSEDPROFILEDEF(.AREA.,$,#1962);
#1964=IFCCARTESIANPOINT((0.,0.,850.));
#1965=IFCAXIS2PLACEMENT3D(#1964,$,$);
#1966=IFCDIRECTION((0.,0.,1.));
#1967=IFCEXTRUDEDAREASOLID(#1963,#1965,#1966,1450.);
#1968=IFCSHAPEREPRESENTATION(#6,'Body','SweptSolid',(#1967));
#1969=IFCPRODUCTDEFINITIONSHAPE($,$,(#1968));
#1970=IFCOPENINGELEMENT('0OMkTpHd1SA9TSKrJsRqgo',$,'F0-N024','Nominal window aperture',$,#19,#1969,'F0-N024',.OPENING.);
#1971=IFCRELVOIDSELEMENT('1tbWVzn4fJNfBmd0LTb31T',$,$,$,#159,#1970);
#1972=IFCCARTESIANPOINT((771.,13443.));
#1973=IFCCARTESIANPOINT((2571.,13443.));
#1974=IFCCARTESIANPOINT((2571.,14503.));
#1975=IFCCARTESIANPOINT((771.,14503.));
#1976=IFCCARTESIANPOINT((771.,13443.));
#1977=IFCPOLYLINE((#1972,#1973,#1974,#1975,#1976));
#1978=IFCARBITRARYCLOSEDPROFILEDEF(.AREA.,$,#1977);
#1979=IFCCARTESIANPOINT((0.,0.,850.));
#1980=IFCAXIS2PLACEMENT3D(#1979,$,$);
#1981=IFCDIRECTION((0.,0.,1.));
#1982=IFCEXTRUDEDAREASOLID(#1978,#1980,#1981,1450.);
#1983=IFCSHAPEREPRESENTATION(#6,'Body','SweptSolid',(#1982));
#1984=IFCPRODUCTDEFINITIONSHAPE($,$,(#1983));
#1985=IFCOPENINGELEMENT('2jpEUqGOnUvgpZi91MPRx$',$,'F0-N025','Nominal window aperture',$,#19,#1984,'F0-N025',.OPENING.);
#1986=IFCRELVOIDSELEMENT('21ddLSxgTKXwJl3Bf1vFll',$,$,$,#188,#1985);
#1987=IFCCARTESIANPOINT((3717.,13443.));
#1988=IFCCARTESIANPOINT((4317.,13443.));
#1989=IFCCARTESIANPOINT((4317.,14503.));
#1990=IFCCARTESIANPOINT((3717.,14503.));
#1991=IFCCARTESIANPOINT((3717.,13443.));
#1992=IFCPOLYLINE((#1987,#1988,#1989,#1990,#1991));
#1993=IFCARBITRARYCLOSEDPROFILEDEF(.AREA.,$,#1992);
#1994=IFCCARTESIANPOINT((0.,0.,1800.));
#1995=IFCAXIS2PLACEMENT3D(#1994,$,$);
#1996=IFCDIRECTION((0.,0.,1.));
#1997=IFCEXTRUDEDAREASOLID(#1993,#1995,#1996,450.);
#1998=IFCSHAPEREPRESENTATION(#6,'Body','SweptSolid',(#1997));
#1999=IFCPRODUCTDEFINITIONSHAPE($,$,(#1998));
#2000=IFCOPENINGELEMENT('3zFcdtjKnGkRyclaDYYViA',$,'F0-N026','Nominal window aperture',$,#19,#1999,'F0-N026',.OPENING.);
#2001=IFCRELVOIDSELEMENT('3oYqXb4i5Tg8aDFDC51oyx',$,$,$,#314,#2000);
#2002=IFCCARTESIANPOINT((5342.,13443.));
#2003=IFCCARTESIANPOINT((7442.,13443.));
#2004=IFCCARTESIANPOINT((7442.,14503.));
#2005=IFCCARTESIANPOINT((5342.,14503.));
#2006=IFCCARTESIANPOINT((5342.,13443.));
#2007=IFCPOLYLINE((#2002,#2003,#2004,#2005,#2006));
#2008=IFCARBITRARYCLOSEDPROFILEDEF(.AREA.,$,#2007);
#2009=IFCCARTESIANPOINT((0.,0.,450.));
#2010=IFCAXIS2PLACEMENT3D(#2009,$,$);
#2011=IFCDIRECTION((0.,0.,1.));
#2012=IFCEXTRUDEDAREASOLID(#2008,#2010,#2011,2250.);
#2013=IFCSHAPEREPRESENTATION(#6,'Body','SweptSolid',(#2012));
#2014=IFCPRODUCTDEFINITIONSHAPE($,$,(#2013));
#2015=IFCOPENINGELEMENT('0sO9DDzSLGWuoPuLY$mPcM',$,'F0-N027','Nominal window aperture',$,#19,#2014,'F0-N027',.OPENING.);
#2016=IFCRELVOIDSELEMENT('2MfWPbHKTQ6PVOI9IRJ1b$',$,$,$,#376,#2015);
#2017=IFCCARTESIANPOINT((8692.,13443.));
#2018=IFCCARTESIANPOINT((9592.,13443.));
#2019=IFCCARTESIANPOINT((9592.,14503.));
#2020=IFCCARTESIANPOINT((8692.,14503.));
#2021=IFCCARTESIANPOINT((8692.,13443.));
#2022=IFCPOLYLINE((#2017,#2018,#2019,#2020,#2021));
#2023=IFCARBITRARYCLOSEDPROFILEDEF(.AREA.,$,#2022);
#2024=IFCCARTESIANPOINT((0.,0.,1000.));
#2025=IFCAXIS2PLACEMENT3D(#2024,$,$);
#2026=IFCDIRECTION((0.,0.,1.));
#2027=IFCEXTRUDEDAREASOLID(#2023,#2025,#2026,1200.);
#2028=IFCSHAPEREPRESENTATION(#6,'Body','SweptSolid',(#2027));
#2029=IFCPRODUCTDEFINITIONSHAPE($,$,(#2028));
#2030=IFCOPENINGELEMENT('0mFTzMlVXRCAr6F1ctC4LV',$,'F0-N028','Nominal window aperture',$,#19,#2029,'F0-N028',.OPENING.);
#2031=IFCRELVOIDSELEMENT('2X$mzl15TKr9aqPbKEIzsu',$,$,$,#560,#2030);
#2032=IFCCARTESIANPOINT((10607.,5125.));
#2033=IFCCARTESIANPOINT((10607.,6625.));
#2034=IFCCARTESIANPOINT((9547.,6625.));
#2035=IFCCARTESIANPOINT((9547.,5125.));
#2036=IFCCARTESIANPOINT((10607.,5125.));
#2037=IFCPOLYLINE((#2032,#2033,#2034,#2035,#2036));
#2038=IFCARBITRARYCLOSEDPROFILEDEF(.AREA.,$,#2037);
#2039=IFCCARTESIANPOINT((0.,0.,1000.));
#2040=IFCAXIS2PLACEMENT3D(#2039,$,$);
#2041=IFCDIRECTION((0.,0.,1.));
#2042=IFCEXTRUDEDAREASOLID(#2038,#2040,#2041,1350.);
#2043=IFCSHAPEREPRESENTATION(#6,'Body','SweptSolid',(#2042));
#2044=IFCPRODUCTDEFINITIONSHAPE($,$,(#2043));
#2045=IFCOPENINGELEMENT('0ZkqMZeLrUeAVMxX7Nd73v',$,'F0-N029','Nominal window aperture',$,#19,#2044,'F0-N029',.OPENING.);
#2046=IFCRELVOIDSELEMENT('17UnIupjXOtwqUeUfduR6F',$,$,$,#590,#2045);
#2047=IFCCARTESIANPOINT((10607.,7600.));
#2048=IFCCARTESIANPOINT((10607.,8500.));
#2049=IFCCARTESIANPOINT((9547.,8500.));
#2050=IFCCARTESIANPOINT((9547.,7600.));
#2051=IFCCARTESIANPOINT((10607.,7600.));
#2052=IFCPOLYLINE((#2047,#2048,#2049,#2050,#2051));
#2053=IFCARBITRARYCLOSEDPROFILEDEF(.AREA.,$,#2052);
#2054=IFCCARTESIANPOINT((0.,0.,1000.));
#2055=IFCAXIS2PLACEMENT3D(#2054,$,$);
#2056=IFCDIRECTION((0.,0.,1.));
#2057=IFCEXTRUDEDAREASOLID(#2053,#2055,#2056,1050.);
#2058=IFCSHAPEREPRESENTATION(#6,'Body','SweptSolid',(#2057));
#2059=IFCPRODUCTDEFINITIONSHAPE($,$,(#2058));
#2060=IFCOPENINGELEMENT('3Oxhj5D2vQ5RcLq7Hr83Bv',$,'F0-N030','Nominal window aperture',$,#19,#2059,'F0-N030',.OPENING.);
#2061=IFCRELVOIDSELEMENT('3VCK4midHSeh5J7D9sSQL6',$,$,$,#605,#2060);
#2062=IFCCARTESIANPOINT((10607.,9400.));
#2063=IFCCARTESIANPOINT((10607.,10600.));
#2064=IFCCARTESIANPOINT((9547.,10600.));
#2065=IFCCARTESIANPOINT((9547.,9400.));
#2066=IFCCARTESIANPOINT((10607.,9400.));
#2067=IFCPOLYLINE((#2062,#2063,#2064,#2065,#2066));
#2068=IFCARBITRARYCLOSEDPROFILEDEF(.AREA.,$,#2067);
#2069=IFCCARTESIANPOINT((0.,0.,1650.));
#2070=IFCAXIS2PLACEMENT3D(#2069,$,$);
#2071=IFCDIRECTION((0.,0.,1.));
#2072=IFCEXTRUDEDAREASOLID(#2068,#2070,#2071,700.);
#2073=IFCSHAPEREPRESENTATION(#6,'Body','SweptSolid',(#2072));
#2074=IFCPRODUCTDEFINITIONSHAPE($,$,(#2073));
#2075=IFCOPENINGELEMENT('2FomLIJEfHOBUyq8oFsVGn',$,'F0-N031','Nominal window aperture',$,#19,#2074,'F0-N031',.OPENING.);
#2076=IFCRELVOIDSELEMENT('34vF2gnonT$enya7US$srI',$,$,$,#620,#2075);
#2077=IFCCARTESIANPOINT((10607.,12194.));
#2078=IFCCARTESIANPOINT((10607.,13094.));
#2079=IFCCARTESIANPOINT((9547.,13094.));
#2080=IFCCARTESIANPOINT((9547.,12194.));
#2081=IFCCARTESIANPOINT((10607.,12194.));
#2082=IFCPOLYLINE((#2077,#2078,#2079,#2080,#2081));
#2083=IFCARBITRARYCLOSEDPROFILEDEF(.AREA.,$,#2082);
#2084=IFCCARTESIANPOINT((0.,0.,1000.));
#2085=IFCAXIS2PLACEMENT3D(#2084,$,$);
#2086=IFCDIRECTION((0.,0.,1.));
#2087=IFCEXTRUDEDAREASOLID(#2083,#2085,#2086,1200.);
#2088=IFCSHAPEREPRESENTATION(#6,'Body','SweptSolid',(#2087));
#2089=IFCPRODUCTDEFINITIONSHAPE($,$,(#2088));
#2090=IFCOPENINGELEMENT('0YgFDdSRTQrvhVH0DTkpEa',$,'F0-N032','Nominal window aperture',$,#19,#2089,'F0-N032',.OPENING.);
#2091=IFCRELVOIDSELEMENT('0wnZPtD8jGnB2lfd4pHnQH',$,$,$,#634,#2090);
#2092=IFCCARTESIANPOINT((645.,1950.));
#2093=IFCCARTESIANPOINT((645.,4050.));
#2094=IFCCARTESIANPOINT((-415.,4050.));
#2095=IFCCARTESIANPOINT((-415.,1950.));
#2096=IFCCARTESIANPOINT((645.,1950.));
#2097=IFCPOLYLINE((#2092,#2093,#2094,#2095,#2096));
#2098=IFCARBITRARYCLOSEDPROFILEDEF(.AREA.,$,#2097);
#2099=IFCCARTESIANPOINT((0.,0.,0.));
#2100=IFCAXIS2PLACEMENT3D(#2099,$,$);
#2101=IFCDIRECTION((0.,0.,1.));
#2102=IFCEXTRUDEDAREASOLID(#2098,#2100,#2101,2700.);
#2103=IFCSHAPEREPRESENTATION(#6,'Body','SweptSolid',(#2102));
#2104=IFCPRODUCTDEFINITIONSHAPE($,$,(#2103));
#2105=IFCOPENINGELEMENT('1tBGxiDy5Uhg8iibpd7rkw',$,'F1-N033','Nominal window aperture',$,#23,#2104,'F1-N033',.OPENING.);
#2106=IFCRELVOIDSELEMENT('1Y4ai$WG1Ufw9wV1LVjh5b',$,$,$,#649,#2105);
#2107=IFCCARTESIANPOINT((645.,5225.));
#2108=IFCCARTESIANPOINT((645.,6725.));
#2109=IFCCARTESIANPOINT((-415.,6725.));
#2110=IFCCARTESIANPOINT((-415.,5225.));
#2111=IFCCARTESIANPOINT((645.,5225.));
#2112=IFCPOLYLINE((#2107,#2108,#2109,#2110,#2111));
#2113=IFCARBITRARYCLOSEDPROFILEDEF(.AREA.,$,#2112);
#2114=IFCCARTESIANPOINT((0.,0.,850.));
#2115=IFCAXIS2PLACEMENT3D(#2114,$,$);
#2116=IFCDIRECTION((0.,0.,1.));
#2117=IFCEXTRUDEDAREASOLID(#2113,#2115,#2116,1450.);
#2118=IFCSHAPEREPRESENTATION(#6,'Body','SweptSolid',(#2117));
#2119=IFCPRODUCTDEFINITIONSHAPE($,$,(#2118));
#2120=IFCOPENINGELEMENT('0Mmau_gYPM6hT04mvEMbaS',$,'F1-N034','Nominal window aperture',$,#23,#2119,'F1-N034',.OPENING.);
#2121=IFCRELVOIDSELEMENT('2M$qpY$0fPSOu9NRlUG7tM',$,$,$,#679,#2120);
#2122=IFCCARTESIANPOINT((645.,9444.));
#2123=IFCCARTESIANPOINT((645.,12144.));
#2124=IFCCARTESIANPOINT((-415.,12144.));
#2125=IFCCARTESIANPOINT((-415.,9444.));
#2126=IFCCARTESIANPOINT((645.,9444.));
#2127=IFCPOLYLINE((#2122,#2123,#2124,#2125,#2126));
#2128=IFCARBITRARYCLOSEDPROFILEDEF(.AREA.,$,#2127);
#2129=IFCCARTESIANPOINT((0.,0.,450.));
#2130=IFCAXIS2PLACEMENT3D(#2129,$,$);
#2131=IFCDIRECTION((0.,0.,1.));
#2132=IFCEXTRUDEDAREASOLID(#2128,#2130,#2131,2250.);
#2133=IFCSHAPEREPRESENTATION(#6,'Body','SweptSolid',(#2132));
#2134=IFCPRODUCTDEFINITIONSHAPE($,$,(#2133));
#2135=IFCOPENINGELEMENT('3PIjSOZIjTdw18JN$jsJ5i',$,'F1-N035','Nominal window aperture',$,#23,#2134,'F1-N035',.OPENING.);
#2136=IFCRELVOIDSELEMENT('1rK16qzuPP6xlLGXMoG2fR',$,$,$,#709,#2135);
#2137=IFCCARTESIANPOINT((1196.,13443.));
#2138=IFCCARTESIANPOINT((3896.,13443.));
#2139=IFCCARTESIANPOINT((3896.,14503.));
#2140=IFCCARTESIANPOINT((1196.,14503.));
#2141=IFCCARTESIANPOINT((1196.,13443.));
#2142=IFCPOLYLINE((#2137,#2138,#2139,#2140,#2141));
#2143=IFCARBITRARYCLOSEDPROFILEDEF(.AREA.,$,#2142);
#2144=IFCCARTESIANPOINT((0.,0.,450.));
#2145=IFCAXIS2PLACEMENT3D(#2144,$,$);
#2146=IFCDIRECTION((0.,0.,1.));
#2147=IFCEXTRUDEDAREASOLID(#2143,#2145,#2146,2250.);
#2148=IFCSHAPEREPRESENTATION(#6,'Body','SweptSolid',(#2147));
#2149=IFCPRODUCTDEFINITIONSHAPE($,$,(#2148));
#2150=IFCOPENINGELEMENT('0_ntzDKULPv8pa$EzeDNmh',$,'F1-N036','Nominal window aperture',$,#23,#2149,'F1-N036',.OPENING.);
#2151=IFCRELVOIDSELEMENT('06LE0VCVPJpPHf5rONwwbr',$,$,$,#738,#2150);
#2152=IFCCARTESIANPOINT((4992.,-415.));
#2153=IFCCARTESIANPOINT((7392.,-415.));
#2154=IFCCARTESIANPOINT((7392.,645.));
#2155=IFCCARTESIANPOINT((4992.,645.));
#2156=IFCCARTESIANPOINT((4992.,-415.));
#2157=IFCPOLYLINE((#2152,#2153,#2154,#2155,#2156));
#2158=IFCARBITRARYCLOSEDPROFILEDEF(.AREA.,$,#2157);
#2159=IFCCARTESIANPOINT((0.,0.,0.));
#2160=IFCAXIS2PLACEMENT3D(#2159,$,$);
#2161=IFCDIRECTION((0.,0.,1.));
#2162=IFCEXTRUDEDAREASOLID(#2158,#2160,#2161,2700.);
#2163=IFCSHAPEREPRESENTATION(#6,'Body','SweptSolid',(#2162));
#2164=IFCPRODUCTDEFINITIONSHAPE($,$,(#2163));
#2165=IFCOPENINGELEMENT('3Nt$Th4WjIVRbmhfwG3Kqb',$,'F1-N037','Nominal window aperture',$,#23,#2164,'F1-N037',.OPENING.);
#2166=IFCRELVOIDSELEMENT('3n5Fcis1jTHvUkYfgFhl$3',$,$,$,#768,#2165);
#2167=IFCCARTESIANPOINT((5467.,13443.));
#2168=IFCCARTESIANPOINT((6217.,13443.));
#2169=IFCCARTESIANPOINT((6217.,14503.));
#2170=IFCCARTESIANPOINT((5467.,14503.));
#2171=IFCCARTESIANPOINT((5467.,13443.));
#2172=IFCPOLYLINE((#2167,#2168,#2169,#2170,#2171));
#2173=IFCARBITRARYCLOSEDPROFILEDEF(.AREA.,$,#2172);
#2174=IFCCARTESIANPOINT((0.,0.,1650.));
#2175=IFCAXIS2PLACEMENT3D(#2174,$,$);
#2176=IFCDIRECTION((0.,0.,1.));
#2177=IFCEXTRUDEDAREASOLID(#2173,#2175,#2176,700.);
#2178=IFCSHAPEREPRESENTATION(#6,'Body','SweptSolid',(#2177));
#2179=IFCPRODUCTDEFINITIONSHAPE($,$,(#2178));
#2180=IFCOPENINGELEMENT('2AJqVrLNDNGA5oFrWvUnYr',$,'F1-N038','Nominal window aperture',$,#23,#2179,'F1-N038',.OPENING.);
#2181=IFCRELVOIDSELEMENT('0dRh8umAPKPuirzl7kMtAt',$,$,$,#878,#2180);
#2182=IFCCARTESIANPOINT((7342.,13443.));
#2183=IFCCARTESIANPOINT((9442.,13443.));
#2184=IFCCARTESIANPOINT((9442.,14503.));
#2185=IFCCARTESIANPOINT((7342.,14503.));
#2186=IFCCARTESIANPOINT((7342.,13443.));
#2187=IFCPOLYLINE((#2182,#2183,#2184,#2185,#2186));
#2188=IFCARBITRARYCLOSEDPROFILEDEF(.AREA.,$,#2187);
#2189=IFCCARTESIANPOINT((0.,0.,450.));
#2190=IFCAXIS2PLACEMENT3D(#2189,$,$);
#2191=IFCDIRECTION((0.,0.,1.));
#2192=IFCEXTRUDEDAREASOLID(#2188,#2190,#2191,2250.);
#2193=IFCSHAPEREPRESENTATION(#6,'Body','SweptSolid',(#2192));
#2194=IFCPRODUCTDEFINITIONSHAPE($,$,(#2193));
#2195=IFCOPENINGELEMENT('17S3VsWKLJaBOm9hMj9dBY',$,'F1-N039','Nominal window aperture',$,#23,#2194,'F1-N039',.OPENING.);
#2196=IFCRELVOIDSELEMENT('2$alwLIGTVyvQhuc4Q93Zu',$,$,$,#988,#2195);
#2197=IFCCARTESIANPOINT((10607.,4875.));
#2198=IFCCARTESIANPOINT((10607.,5625.));
#2199=IFCCARTESIANPOINT((9547.,5625.));
#2200=IFCCARTESIANPOINT((9547.,4875.));
#2201=IFCCARTESIANPOINT((10607.,4875.));
#2202=IFCPOLYLINE((#2197,#2198,#2199,#2200,#2201));
#2203=IFCARBITRARYCLOSEDPROFILEDEF(.AREA.,$,#2202);
#2204=IFCCARTESIANPOINT((0.,0.,1650.));
#2205=IFCAXIS2PLACEMENT3D(#2204,$,$);
#2206=IFCDIRECTION((0.,0.,1.));
#2207=IFCEXTRUDEDAREASOLID(#2203,#2205,#2206,700.);
#2208=IFCSHAPEREPRESENTATION(#6,'Body','SweptSolid',(#2207));
#2209=IFCPRODUCTDEFINITIONSHAPE($,$,(#2208));
#2210=IFCOPENINGELEMENT('0xuHuSqmfSbOiqvKDrlRpN',$,'F1-N040','Nominal window aperture',$,#23,#2209,'F1-N040',.OPENING.);
#2211=IFCRELVOIDSELEMENT('2PMLae18vJ8ALIiT9x_wbE',$,$,$,#1093,#2210);
#2212=IFCCARTESIANPOINT((10607.,6650.));
#2213=IFCCARTESIANPOINT((10607.,7850.));
#2214=IFCCARTESIANPOINT((9547.,7850.));
#2215=IFCCARTESIANPOINT((9547.,6650.));
#2216=IFCCARTESIANPOINT((10607.,6650.));
#2217=IFCPOLYLINE((#2212,#2213,#2214,#2215,#2216));
#2218=IFCARBITRARYCLOSEDPROFILEDEF(.AREA.,$,#2217);
#2219=IFCCARTESIANPOINT((0.,0.,1650.));
#2220=IFCAXIS2PLACEMENT3D(#2219,$,$);
#2221=IFCDIRECTION((0.,0.,1.));
#2222=IFCEXTRUDEDAREASOLID(#2218,#2220,#2221,700.);
#2223=IFCSHAPEREPRESENTATION(#6,'Body','SweptSolid',(#2222));
#2224=IFCPRODUCTDEFINITIONSHAPE($,$,(#2223));
#2225=IFCOPENINGELEMENT('0sLBnqkzbLHw4CGSw6jp_e',$,'F1-N041','Nominal window aperture',$,#23,#2224,'F1-N041',.OPENING.);
#2226=IFCRELVOIDSELEMENT('1QalMXHdPHLBuYhn9gUIkB',$,$,$,#1108,#2225);
#2227=IFCCARTESIANPOINT((10607.,9919.));
#2228=IFCCARTESIANPOINT((10607.,12619.));
#2229=IFCCARTESIANPOINT((9547.,12619.));
#2230=IFCCARTESIANPOINT((9547.,9919.));
#2231=IFCCARTESIANPOINT((10607.,9919.));
#2232=IFCPOLYLINE((#2227,#2228,#2229,#2230,#2231));
#2233=IFCARBITRARYCLOSEDPROFILEDEF(.AREA.,$,#2232);
#2234=IFCCARTESIANPOINT((0.,0.,450.));
#2235=IFCAXIS2PLACEMENT3D(#2234,$,$);
#2236=IFCDIRECTION((0.,0.,1.));
#2237=IFCEXTRUDEDAREASOLID(#2233,#2235,#2236,2250.);
#2238=IFCSHAPEREPRESENTATION(#6,'Body','SweptSolid',(#2237));
#2239=IFCPRODUCTDEFINITIONSHAPE($,$,(#2238));
#2240=IFCOPENINGELEMENT('3G3mwZbVTOE9eeOJkyDVq3',$,'F1-N042','Nominal window aperture',$,#23,#2239,'F1-N042',.OPENING.);
#2241=IFCRELVOIDSELEMENT('1crLqUSBnVlwS3lzyAsoOS',$,$,$,#1122,#2240);
#2242=IFCCARTESIANPOINT((10192.,0.));
#2243=IFCCARTESIANPOINT((10192.,14088.));
#2244=IFCCARTESIANPOINT((0.,14088.));
#2245=IFCCARTESIANPOINT((0.,0.));
#2246=IFCCARTESIANPOINT((10192.,0.));
#2247=IFCPOLYLINE((#2242,#2243,#2244,#2245,#2246));
#2248=IFCARBITRARYCLOSEDPROFILEDEF(.AREA.,$,#2247);
#2249=IFCCARTESIANPOINT((0.,0.,-150.));
#2250=IFCAXIS2PLACEMENT3D(#2249,$,$);
#2251=IFCDIRECTION((0.,0.,1.));
#2252=IFCEXTRUDEDAREASOLID(#2248,#2250,#2251,150.);
#2253=IFCSHAPEREPRESENTATION(#6,'Body','SweptSolid',(#2252));
#2254=IFCPRODUCTDEFINITIONSHAPE($,$,(#2253));
#2255=IFCSLAB('1v9wu8f99G2AwTaXePbR7m',$,'Floor slab / thickness assumption',$,$,#19,#2254,'SL-0',.FLOOR.);
#2256=IFCPROPERTYSINGLEVALUE('ReviewStatus',$,IFCLABEL('PRELIMINARY - NOT FOR CONSTRUCTION'),$);
#2257=IFCPROPERTYSET('2fnf7uDhTRvhcppHLMqrf9',$,'FloorForge_Review',$,(#2256));
#2258=IFCRELDEFINESBYPROPERTIES('1Nc1YnL2HLvwvkSgTlLwjB',$,$,$,(#2255),#2257);
#2259=IFCCARTESIANPOINT((9942.,4350.));
#2260=IFCCARTESIANPOINT((7742.,4350.));
#2261=IFCCARTESIANPOINT((7742.,1300.));
#2262=IFCCARTESIANPOINT((9942.,1300.));
#2263=IFCCARTESIANPOINT((9942.,4350.));
#2264=IFCPOLYLINE((#2259,#2260,#2261,#2262,#2263));
#2265=IFCCARTESIANPOINT((0.,0.));
#2266=IFCCARTESIANPOINT((0.,14088.));
#2267=IFCCARTESIANPOINT((10192.,14088.));
#2268=IFCCARTESIANPOINT((10192.,0.));
#2269=IFCCARTESIANPOINT((0.,0.));
#2270=IFCPOLYLINE((#2265,#2266,#2267,#2268,#2269));
#2271=IFCARBITRARYPROFILEDEFWITHVOIDS(.AREA.,$,#2270,(#2264));
#2272=IFCCARTESIANPOINT((0.,0.,-150.));
#2273=IFCAXIS2PLACEMENT3D(#2272,$,$);
#2274=IFCDIRECTION((0.,0.,1.));
#2275=IFCEXTRUDEDAREASOLID(#2271,#2273,#2274,150.);
#2276=IFCSHAPEREPRESENTATION(#6,'Body','SweptSolid',(#2275));
#2277=IFCPRODUCTDEFINITIONSHAPE($,$,(#2276));
#2278=IFCSLAB('30sGG_WCzTRw5hv3$YP8CQ',$,'Floor slab / thickness assumption',$,$,#23,#2277,'SL-1',.FLOOR.);
#2279=IFCPROPERTYSINGLEVALUE('ReviewStatus',$,IFCLABEL('PRELIMINARY - NOT FOR CONSTRUCTION'),$);
#2280=IFCPROPERTYSET('2m01pdrUHSthJuYXMrogf6',$,'FloorForge_Review',$,(#2279));
#2281=IFCRELDEFINESBYPROPERTIES('1lMhasWdTN6wu6GF9UrRGs',$,$,$,(#2278),#2280);
#2282=IFCCARTESIANPOINT((0.,14088.));
#2283=IFCCARTESIANPOINT((10192.,14088.));
#2284=IFCCARTESIANPOINT((10192.,0.));
#2285=IFCCARTESIANPOINT((4692.,0.));
#2286=IFCCARTESIANPOINT((4692.,1550.));
#2287=IFCCARTESIANPOINT((0.,1550.));
#2288=IFCCARTESIANPOINT((0.,14088.));
#2289=IFCPOLYLINE((#2282,#2283,#2284,#2285,#2286,#2287,#2288));
#2290=IFCARBITRARYCLOSEDPROFILEDEF(.AREA.,$,#2289);
#2291=IFCCARTESIANPOINT((0.,0.,3000.));
#2292=IFCAXIS2PLACEMENT3D(#2291,$,$);
#2293=IFCDIRECTION((0.,0.,1.));
#2294=IFCEXTRUDEDAREASOLID(#2290,#2292,#2293,150.);
#2295=IFCSHAPEREPRESENTATION(#6,'Body','SweptSolid',(#2294));
#2296=IFCPRODUCTDEFINITIONSHAPE($,$,(#2295));
#2297=IFCSLAB('3fUPM_OEHR8hHF6eYV3ROx',$,'Roof / thickness assumption',$,$,#23,#2296,'ROOF',.ROOF.);
#2298=IFCRELCONTAINEDINSPATIALSTRUCTURE('2HKaWjR0bOKOUO4b13xbHD',$,$,$,(#39,#54,#69,#84,#99,#114,#129,#144,#159,#174,#188,#204,#220,#236,#252,#268,#283,#299,#314,#330,#346,#361,#376,#392,#408,#424,#439,#455,#469,#484,#500,#515,#530,#545,#560,#575,#590,#605,#620,#634,#2255),#20);
#2299=IFCRELAGGREGATES('0rPXE1JNzQUAbNN65eEx6H',$,$,$,#20,(#1139,#1163,#1182,#1201,#1230,#1246,#1262,#1281,#1297,#1322,#1338,#1354,#1373,#1392));
#2300=IFCRELCONTAINEDINSPATIALSTRUCTURE('0PRSCnu9PGDPLG0cNFLhuK',$,$,$,(#649,#664,#679,#694,#709,#724,#738,#753,#768,#784,#800,#816,#832,#847,#863,#878,#894,#910,#926,#942,#958,#973,#988,#1002,#1017,#1033,#1048,#1063,#1078,#1093,#1108,#1122,#2278,#2297),#24);
#2301=IFCRELAGGREGATES('1GPboQ1zHUeuIs5sZ7dOaF',$,$,$,#24,(#1409,#1438,#1456,#1478,#1500,#1527,#1543,#1559,#1581,#1595,#1611));
#2302=IFCPROPERTYSINGLEVALUE('ReviewStatus',$,IFCLABEL('PRELIMINARY - NOT FOR CONSTRUCTION'),$);
#2303=IFCPROPERTYSET('2$0IFeFQLN4fOLNU0u0DsJ',$,'FloorForge_Review',$,(#2302));
#2304=IFCRELDEFINESBYPROPERTIES('2Ws3_YXaDOWhF57XpEg3fr',$,$,$,(#14),#2303);
ENDSEC;
END-ISO-10303-21;
