  0
SECTION
  2
HEADER
  9
$ACADVER
  1
AC1032
  9
$ACADMAINTVER
 90
4
  9
$DWGCODEPAGE
  3
ANSI_1252
  9
$LASTSAVEDBY
  1
ezdxf
  9
$REQUIREDVERSIONS
160
0
  9
$INSBASE
 10
0.0
 20
0.0
 30
0.0
  9
$EXTMIN
 10
1e+20
 20
1e+20
 30
1e+20
  9
$EXTMAX
 10
-1e+20
 20
-1e+20
 30
-1e+20
  9
$LIMMIN
 10
0.0
 20
0.0
  9
$LIMMAX
 10
420.0
 20
297.0
  9
$ORTHOMODE
 70
0
  9
$REGENMODE
 70
1
  9
$FILLMODE
 70
1
  9
$QTEXTMODE
 70
0
  9
$MIRRTEXT
 70
1
  9
$LTSCALE
 40
1.0
  9
$ATTMODE
 70
1
  9
$TEXTSIZE
 40
2.5
  9
$TRACEWID
 40
1.0
  9
$TEXTSTYLE
  7
OpenSans
  9
$CLAYER
  8
0
  9
$CELTYPE
  6
ByLayer
  9
$CECOLOR
 62
256
  9
$CELTSCALE
 40
1.0
  9
$DISPSILH
 70
0
  9
$DIMSCALE
 40
1.0
  9
$DIMASZ
 40
0.175
  9
$DIMEXO
 40
0.125
  9
$DIMDLI
 40
3.75
  9
$DIMRND
 40
0.0
  9
$DIMDLE
 40
0.0
  9
$DIMEXE
 40
0.375
  9
$DIMTP
 40
0.0
  9
$DIMTM
 40
0.0
  9
$DIMTXT
 40
0.25
  9
$DIMCEN
 40
2.5
  9
$DIMTSZ
 40
0.0
  9
$DIMTOL
 70
0
  9
$DIMLIM
 70
0
  9
$DIMTIH
 70
0
  9
$DIMTOH
 70
0
  9
$DIMSE1
 70
0
  9
$DIMSE2
 70
0
  9
$DIMTAD
 70
1
  9
$DIMZIN
 70
12
  9
$DIMBLK
  1
ARCHTICK
  9
$DIMASO
 70
1
  9
$DIMSHO
 70
1
  9
$DIMPOST
  1

  9
$DIMAPOST
  1

  9
$DIMALT
 70
0
  9
$DIMALTD
 70
3
  9
$DIMALTF
 40
0.03937007874
  9
$DIMLFAC
 40
100.0
  9
$DIMTOFL
 70
1
  9
$DIMTVP
 40
0.0
  9
$DIMTIX
 70
0
  9
$DIMSOXD
 70
0
  9
$DIMSAH
 70
0
  9
$DIMBLK1
  1

  9
$DIMBLK2
  1

  9
$DIMSTYLE
  2
EZDXF
  9
$DIMCLRD
 70
0
  9
$DIMCLRE
 70
0
  9
$DIMCLRT
 70
0
  9
$DIMTFAC
 40
0.5
  9
$DIMGAP
 40
0.1
  9
$DIMJUST
 70
0
  9
$DIMSD1
 70
0
  9
$DIMSD2
 70
0
  9
$DIMTOLJ
 70
0
  9
$DIMTZIN
 70
8
  9
$DIMALTZ
 70
0
  9
$DIMALTTZ
 70
0
  9
$DIMUPT
 70
1
  9
$DIMDEC
 70
2
  9
$DIMTDEC
 70
2
  9
$DIMALTU
 70
2
  9
$DIMALTTD
 70
3
  9
$DIMTXSTY
  7
OpenSansCondensed-Light
  9
$DIMAUNIT
 70
0
  9
$DIMADEC
 70
2
  9
$DIMALTRND
 40
0.0
  9
$DIMAZIN
 70
3
  9
$DIMDSEP
 70
46
  9
$DIMATFIT
 70
3
  9
$DIMFRAC
 70
0
  9
$DIMLDRBLK
  1

  9
$DIMLUNIT
 70
2
  9
$DIMLWD
 70
-2
  9
$DIMLWE
 70
-2
  9
$DIMTMOVE
 70
2
  9
$DIMFXL
 40
1.0
  9
$DIMFXLON
 70
0
  9
$DIMJOGANG
 40
0.785398163397
  9
$DIMTFILL
 70
0
  9
$DIMTFILLCLR
 70
0
  9
$DIMARCSYM
 70
0
  9
$DIMLTYPE
  6

  9
$DIMLTEX1
  6

  9
$DIMLTEX2
  6

  9
$DIMTXTDIRECTION
 70
0
  9
$LUNITS
 70
2
  9
$LUPREC
 70
4
  9
$SKETCHINC
 40
1.0
  9
$FILLETRAD
 40
10.0
  9
$AUNITS
 70
0
  9
$AUPREC
 70
2
  9
$MENU
  1
.
  9
$ELEVATION
 40
0.0
  9
$PELEVATION
 40
0.0
  9
$THICKNESS
 40
0.0
  9
$LIMCHECK
 70
0
  9
$CHAMFERA
 40
0.0
  9
$CHAMFERB
 40
0.0
  9
$CHAMFERC
 40
0.0
  9
$CHAMFERD
 40
0.0
  9
$SKPOLY
 70
0
  9
$TDCREATE
 40
2451545.0
  9
$TDUCREATE
 40
2451545.0
  9
$TDUPDATE
 40
2451545.0
  9
$TDUUPDATE
 40
2451545.0
  9
$TDINDWG
 40
0.0
  9
$TDUSRTIMER
 40
0.0
  9
$USRTIMER
 70
1
  9
$ANGBASE
 50
0.0
  9
$ANGDIR
 70
0
  9
$PDMODE
 70
0
  9
$PDSIZE
 40
0.0
  9
$PLINEWID
 40
0.0
  9
$SPLFRAME
 70
0
  9
$SPLINETYPE
 70
6
  9
$SPLINESEGS
 70
8
  9
$HANDSEED
  5
9D3
  9
$SURFTAB1
 70
6
  9
$SURFTAB2
 70
6
  9
$SURFTYPE
 70
6
  9
$SURFU
 70
6
  9
$SURFV
 70
6
  9
$UCSBASE
  2

  9
$UCSNAME
  2

  9
$UCSORG
 10
0.0
 20
0.0
 30
0.0
  9
$UCSXDIR
 10
1.0
 20
0.0
 30
0.0
  9
$UCSYDIR
 10
0.0
 20
1.0
 30
0.0
  9
$UCSORTHOREF
  2

  9
$UCSORTHOVIEW
 70
0
  9
$UCSORGTOP
 10
0.0
 20
0.0
 30
0.0
  9
$UCSORGBOTTOM
 10
0.0
 20
0.0
 30
0.0
  9
$UCSORGLEFT
 10
0.0
 20
0.0
 30
0.0
  9
$UCSORGRIGHT
 10
0.0
 20
0.0
 30
0.0
  9
$UCSORGFRONT
 10
0.0
 20
0.0
 30
0.0
  9
$UCSORGBACK
 10
0.0
 20
0.0
 30
0.0
  9
$PUCSBASE
  2

  9
$PUCSNAME
  2

  9
$PUCSORG
 10
0.0
 20
0.0
 30
0.0
  9
$PUCSXDIR
 10
1.0
 20
0.0
 30
0.0
  9
$PUCSYDIR
 10
0.0
 20
1.0
 30
0.0
  9
$PUCSORTHOREF
  2

  9
$PUCSORTHOVIEW
 70
0
  9
$PUCSORGTOP
 10
0.0
 20
0.0
 30
0.0
  9
$PUCSORGBOTTOM
 10
0.0
 20
0.0
 30
0.0
  9
$PUCSORGLEFT
 10
0.0
 20
0.0
 30
0.0
  9
$PUCSORGRIGHT
 10
0.0
 20
0.0
 30
0.0
  9
$PUCSORGFRONT
 10
0.0
 20
0.0
 30
0.0
  9
$PUCSORGBACK
 10
0.0
 20
0.0
 30
0.0
  9
$USERI1
 70
0
  9
$USERI2
 70
0
  9
$USERI3
 70
0
  9
$USERI4
 70
0
  9
$USERI5
 70
0
  9
$USERR1
 40
0.0
  9
$USERR2
 40
0.0
  9
$USERR3
 40
0.0
  9
$USERR4
 40
0.0
  9
$USERR5
 40
0.0
  9
$WORLDVIEW
 70
1
  9
$SHADEDGE
 70
3
  9
$SHADEDIF
 70
70
  9
$TILEMODE
 70
1
  9
$MAXACTVP
 70
64
  9
$PINSBASE
 10
0.0
 20
0.0
 30
0.0
  9
$PLIMCHECK
 70
0
  9
$PEXTMIN
 10
1e+20
 20
1e+20
 30
1e+20
  9
$PEXTMAX
 10
-1e+20
 20
-1e+20
 30
-1e+20
  9
$PLIMMIN
 10
0.0
 20
0.0
  9
$PLIMMAX
 10
420.0
 20
297.0
  9
$UNITMODE
 70
0
  9
$VISRETAIN
 70
1
  9
$PLINEGEN
 70
0
  9
$PSLTSCALE
 70
1
  9
$TREEDEPTH
 70
3020
  9
$CMLSTYLE
  2
Standard
  9
$CMLJUST
 70
0
  9
$CMLSCALE
 40
20.0
  9
$PROXYGRAPHICS
 70
1
  9
$MEASUREMENT
 70
1
  9
$CELWEIGHT
370
-1
  9
$ENDCAPS
280
0
  9
$JOINSTYLE
280
0
  9
$LWDISPLAY
290
0
  9
$INSUNITS
 70
4
  9
$HYPERLINKBASE
  1

  9
$STYLESHEET
  1

  9
$XEDIT
290
1
  9
$CEPSNTYPE
380
0
  9
$PSTYLEMODE
290
1
  9
$FINGERPRINTGUID
  2
{436AC15E-6DFC-5E2A-A222-F91CA59939AA}
  9
$VERSIONGUID
  2
{254EEC27-05F1-5AA0-A37F-CF1D7C465D9A}
  9
$EXTNAMES
290
1
  9
$PSVPSCALE
 40
0.0
  9
$OLESTARTUP
290
0
  9
$SORTENTS
280
127
  9
$INDEXCTL
280
0
  9
$HIDETEXT
280
1
  9
$XCLIPFRAME
280
1
  9
$HALOGAP
280
0
  9
$OBSCOLOR
 70
257
  9
$OBSLTYPE
280
0
  9
$INTERSECTIONDISPLAY
280
0
  9
$INTERSECTIONCOLOR
 70
257
  9
$DIMASSOC
280
2
  9
$PROJECTNAME
  1

  9
$CAMERADISPLAY
290
0
  9
$LENSLENGTH
 40
50.0
  9
$CAMERAHEIGHT
 40
0.0
  9
$STEPSPERSEC
 40
24.0
  9
$STEPSIZE
 40
100.0
  9
$3DDWFPREC
 40
2.0
  9
$PSOLWIDTH
 40
0.005
  9
$PSOLHEIGHT
 40
0.08
  9
$LOFTANG1
 40
1.570796326795
  9
$LOFTANG2
 40
1.570796326795
  9
$LOFTMAG1
 40
0.0
  9
$LOFTMAG2
 40
0.0
  9
$LOFTPARAM
 70
7
  9
$LOFTNORMALS
280
1
  9
$LATITUDE
 40
37.795
  9
$LONGITUDE
 40
-122.394
  9
$NORTHDIRECTION
 40
0.0
  9
$TIMEZONE
 70
-8000
  9
$LIGHTGLYPHDISPLAY
280
1
  9
$TILEMODELIGHTSYNCH
280
1
  9
$CMATERIAL
347
20
  9
$SOLIDHIST
280
0
  9
$SHOWHIST
280
1
  9
$DWFFRAME
280
2
  9
$DGNFRAME
280
2
  9
$REALWORLDSCALE
290
1
  9
$INTERFERECOLOR
 62
256
  9
$CSHADOW
280
0
  9
$SHADOWPLANELOCATION
 40
0.0
  0
ENDSEC
  0
SECTION
  2
CLASSES
  0
CLASS
  1
ACDBDICTIONARYWDFLT
  2
AcDbDictionaryWithDefault
  3
ObjectDBX Classes
 90
0
 91
0
280
0
281
0
  0
CLASS
  1
SUN
  2
AcDbSun
  3
SCENEOE
 90
1153
 91
0
280
0
281
0
  0
CLASS
  1
VISUALSTYLE
  2
AcDbVisualStyle
  3
ObjectDBX Classes
 90
4095
 91
0
280
0
281
0
  0
CLASS
  1
MATERIAL
  2
AcDbMaterial
  3
ObjectDBX Classes
 90
1153
 91
0
280
0
281
0
  0
CLASS
  1
SCALE
  2
AcDbScale
  3
ObjectDBX Classes
 90
1153
 91
0
280
0
281
0
  0
CLASS
  1
TABLESTYLE
  2
AcDbTableStyle
  3
ObjectDBX Classes
 90
4095
 91
0
280
0
281
0
  0
CLASS
  1
MLEADERSTYLE
  2
AcDbMLeaderStyle
  3
ACDB_MLEADERSTYLE_CLASS
 90
4095
 91
0
280
0
281
0
  0
CLASS
  1
DICTIONARYVAR
  2
AcDbDictionaryVar
  3
ObjectDBX Classes
 90
0
 91
0
280
0
281
0
  0
CLASS
  1
CELLSTYLEMAP
  2
AcDbCellStyleMap
  3
ObjectDBX Classes
 90
1152
 91
0
280
0
281
0
  0
CLASS
  1
MENTALRAYRENDERSETTINGS
  2
AcDbMentalRayRenderSettings
  3
SCENEOE
 90
1024
 91
0
280
0
281
0
  0
CLASS
  1
ACDBDETAILVIEWSTYLE
  2
AcDbDetailViewStyle
  3
ObjectDBX Classes
 90
1025
 91
0
280
0
281
0
  0
CLASS
  1
ACDBSECTIONVIEWSTYLE
  2
AcDbSectionViewStyle
  3
ObjectDBX Classes
 90
1025
 91
0
280
0
281
0
  0
CLASS
  1
RASTERVARIABLES
  2
AcDbRasterVariables
  3
ISM
 90
0
 91
0
280
0
281
0
  0
CLASS
  1
LAYOUT
  2
AcDbLayout
  3
ObjectDBX Classes
 90
0
 91
0
280
0
281
0
  0
CLASS
  1
ACDBPLACEHOLDER
  2
AcDbPlaceHolder
  3
ObjectDBX Classes
 90
0
 91
0
280
0
281
0
  0
ENDSEC
  0
SECTION
  2
TABLES
  0
TABLE
  2
VPORT
  5
8
330
0
100
AcDbSymbolTable
 70
1
  0
VPORT
  5
23
330
8
100
AcDbSymbolTableRecord
100
AcDbViewportTableRecord
  2
*Active
 70
0
 10
0.0
 20
0.0
 11
1.0
 21
1.0
 12
0.0
 22
0.0
 13
0.0
 23
0.0
 14
0.5
 24
0.5
 15
0.5
 25
0.5
 16
0.0
 26
0.0
 36
1.0
 17
0.0
 27
0.0
 37
0.0
 40
1000.0
 41
1.34
 42
50.0
 43
0.0
 44
0.0
 50
0.0
 51
0.0
 71
0
 72
1000
 73
1
 74
3
 75
0
 76
0
 77
0
 78
0
281
0
 65
0
146
0.0
  0
ENDTAB
  0
TABLE
  2
LTYPE
  5
2
330
0
100
AcDbSymbolTable
 70
21
  0
LTYPE
  5
24
330
2
100
AcDbSymbolTableRecord
100
AcDbLinetypeTableRecord
  2
ByBlock
 70
0
  3

 72
65
 73
0
 40
0.0
  0
LTYPE
  5
25
330
2
100
AcDbSymbolTableRecord
100
AcDbLinetypeTableRecord
  2
ByLayer
 70
0
  3

 72
65
 73
0
 40
0.0
  0
LTYPE
  5
26
330
2
100
AcDbSymbolTableRecord
100
AcDbLinetypeTableRecord
  2
Continuous
 70
0
  3

 72
65
 73
0
 40
0.0
  0
LTYPE
  5
2F
330
2
100
AcDbSymbolTableRecord
100
AcDbLinetypeTableRecord
  2
CENTER
 70
0
  3
Center ____ _ ____ _ ____ _ ____ _ ____ _ ____
 72
65
 73
4
 40
5.08
 49
3.175
 74
0
 49
-0.635
 74
0
 49
0.635
 74
0
 49
-0.635
 74
0
  0
LTYPE
  5
30
330
2
100
AcDbSymbolTableRecord
100
AcDbLinetypeTableRecord
  2
CENTERX2
 70
0
  3
Center (2x) ________  __  ________  __  ________
 72
65
 73
4
 40
8.89
 49
6.35
 74
0
 49
-0.635
 74
0
 49
1.27
 74
0
 49
-0.635
 74
0
  0
LTYPE
  5
31
330
2
100
AcDbSymbolTableRecord
100
AcDbLinetypeTableRecord
  2
CENTER2
 70
0
  3
Center (.5x) ____ _ ____ _ ____ _ ____ _ ____
 72
65
 73
4
 40
2.54
 49
1.587
 74
0
 49
-0.318
 74
0
 49
0.318
 74
0
 49
-0.318
 74
0
  0
LTYPE
  5
32
330
2
100
AcDbSymbolTableRecord
100
AcDbLinetypeTableRecord
  2
DASHED
 70
0
  3
Dashed __ __ __ __ __ __ __ __ __ __ __ __ __ _
 72
65
 73
2
 40
1.524
 49
1.27
 74
0
 49
-0.254
 74
0
  0
LTYPE
  5
33
330
2
100
AcDbSymbolTableRecord
100
AcDbLinetypeTableRecord
  2
DASHEDX2
 70
0
  3
Dashed (2x) ____  ____  ____  ____  ____  ____
 72
65
 73
2
 40
3.048
 49
2.54
 74
0
 49
-0.508
 74
0
  0
LTYPE
  5
34
330
2
100
AcDbSymbolTableRecord
100
AcDbLinetypeTableRecord
  2
DASHED2
 70
0
  3
Dashed (.5x) _ _ _ _ _ _ _ _ _ _ _ _ _ _
 72
65
 73
2
 40
0.762
 49
0.635
 74
0
 49
-0.127
 74
0
  0
LTYPE
  5
35
330
2
100
AcDbSymbolTableRecord
100
AcDbLinetypeTableRecord
  2
PHANTOM
 70
0
  3
Phantom ______  __  __  ______  __  __  ______
 72
65
 73
6
 40
6.35
 49
3.175
 74
0
 49
-0.635
 74
0
 49
0.635
 74
0
 49
-0.635
 74
0
 49
0.635
 74
0
 49
-0.635
 74
0
  0
LTYPE
  5
36
330
2
100
AcDbSymbolTableRecord
100
AcDbLinetypeTableRecord
  2
PHANTOMX2
 70
0
  3
Phantom (2x)____________    ____    ____    ____________
 72
65
 73
6
 40
10.795
 49
6.35
 74
0
 49
-0.635
 74
0
 49
1.27
 74
0
 49
-0.635
 74
0
 49
1.27
 74
0
 49
-0.635
 74
0
  0
LTYPE
  5
37
330
2
100
AcDbSymbolTableRecord
100
AcDbLinetypeTableRecord
  2
PHANTOM2
 70
0
  3
Phantom (.5x) ___ _ _ ___ _ _ ___ _ _ ___ _ _ ___
 72
65
 73
6
 40
3.175
 49
1.587
 74
0
 49
-0.318
 74
0
 49
0.318
 74
0
 49
-0.318
 74
0
 49
0.318
 74
0
 49
-0.318
 74
0
  0
LTYPE
  5
38
330
2
100
AcDbSymbolTableRecord
100
AcDbLinetypeTableRecord
  2
DASHDOT
 70
0
  3
Dash dot __ . __ . __ . __ . __ . __ . __ . __
 72
65
 73
4
 40
3.556
 49
2.54
 74
0
 49
-0.508
 74
0
 49
0.0
 74
0
 49
-0.508
 74
0
  0
LTYPE
  5
39
330
2
100
AcDbSymbolTableRecord
100
AcDbLinetypeTableRecord
  2
DASHDOTX2
 70
0
  3
Dash dot (2x) ____  .  ____  .  ____  .  ____
 72
65
 73
4
 40
6.096
 49
5.08
 74
0
 49
-0.508
 74
0
 49
0.0
 74
0
 49
-0.508
 74
0
  0
LTYPE
  5
3A
330
2
100
AcDbSymbolTableRecord
100
AcDbLinetypeTableRecord
  2
DASHDOT2
 70
0
  3
Dash dot (.5x) _ . _ . _ . _ . _ . _ . _ . _
 72
65
 73
4
 40
1.778
 49
1.27
 74
0
 49
-0.254
 74
0
 49
0.0
 74
0
 49
-0.254
 74
0
  0
LTYPE
  5
3B
330
2
100
AcDbSymbolTableRecord
100
AcDbLinetypeTableRecord
  2
DOT
 70
0
  3
Dot .  .  .  .  .  .  .  .  .  .  .  .  .  .  .  .
 72
65
 73
2
 40
0.508
 49
0.0
 74
0
 49
-0.508
 74
0
  0
LTYPE
  5
3C
330
2
100
AcDbSymbolTableRecord
100
AcDbLinetypeTableRecord
  2
DOTX2
 70
0
  3
Dot (2x) .    .    .    .    .    .    .    . 
 72
65
 73
2
 40
1.016
 49
0.0
 74
0
 49
-1.016
 74
0
  0
LTYPE
  5
3D
330
2
100
AcDbSymbolTableRecord
100
AcDbLinetypeTableRecord
  2
DOT2
 70
0
  3
Dot (.5) . . . . . . . . . . . . . . . . . . . 
 72
65
 73
2
 40
0.254
 49
0.0
 74
0
 49
-0.254
 74
0
  0
LTYPE
  5
3E
330
2
100
AcDbSymbolTableRecord
100
AcDbLinetypeTableRecord
  2
DIVIDE
 70
0
  3
Divide __ . . __ . . __ . . __ . . __ . . __
 72
65
 73
6
 40
4.064
 49
2.54
 74
0
 49
-0.508
 74
0
 49
0.0
 74
0
 49
-0.508
 74
0
 49
0.0
 74
0
 49
-0.508
 74
0
  0
LTYPE
  5
3F
330
2
100
AcDbSymbolTableRecord
100
AcDbLinetypeTableRecord
  2
DIVIDEX2
 70
0
  3
Divide (2x) ____  . .  ____  . .  ____  . .  ____
 72
65
 73
6
 40
6.604
 49
5.08
 74
0
 49
-0.508
 74
0
 49
0.0
 74
0
 49
-0.508
 74
0
 49
0.0
 74
0
 49
-0.508
 74
0
  0
LTYPE
  5
40
330
2
100
AcDbSymbolTableRecord
100
AcDbLinetypeTableRecord
  2
DIVIDE2
 70
0
  3
Divide(.5x) _ . _ . _ . _ . _ . _ . _ . _
 72
65
 73
6
 40
2.032
 49
1.27
 74
0
 49
-0.254
 74
0
 49
0.0
 74
0
 49
-0.254
 74
0
 49
0.0
 74
0
 49
-0.254
 74
0
  0
ENDTAB
  0
TABLE
  2
LAYER
  5
1
330
0
100
AcDbSymbolTable
 70
19
  0
LAYER
  5
27
330
1
100
AcDbSymbolTableRecord
100
AcDbLayerTableRecord
  2
0
 70
0
 62
7
  6
Continuous
370
-3
390
13
347
21
  0
LAYER
  5
28
330
1
100
AcDbSymbolTableRecord
100
AcDbLayerTableRecord
  2
Defpoints
 70
0
 62
7
  6
Continuous
290
0
370
-3
390
13
347
21
  0
LAYER
  5
8B
330
1
100
AcDbSymbolTableRecord
100
AcDbLayerTableRecord
  2
A-WALL
 70
0
 62
7
  6
Continuous
370
35
390
13
347
21
  0
LAYER
  5
8C
330
1
100
AcDbSymbolTableRecord
100
AcDbLayerTableRecord
  2
A-WIND
 70
0
 62
4
  6
Continuous
370
18
390
13
347
21
  0
LAYER
  5
8D
330
1
100
AcDbSymbolTableRecord
100
AcDbLayerTableRecord
  2
A-DOOR
 70
0
 62
3
  6
Continuous
370
18
390
13
347
21
  0
LAYER
  5
8E
330
1
100
AcDbSymbolTableRecord
100
AcDbLayerTableRecord
  2
A-FLOR
 70
0
 62
8
  6
Continuous
370
13
390
13
347
21
  0
LAYER
  5
8F
330
1
100
AcDbSymbolTableRecord
100
AcDbLayerTableRecord
  2
A-FURN
 70
0
 62
8
  6
Continuous
370
13
390
13
347
21
  0
LAYER
  5
90
330
1
100
AcDbSymbolTableRecord
100
AcDbLayerTableRecord
  2
A-ANNO
 70
0
 62
7
  6
Continuous
370
18
390
13
347
21
  0
LAYER
  5
91
330
1
100
AcDbSymbolTableRecord
100
AcDbLayerTableRecord
  2
A-DIMS
 70
0
 62
7
  6
Continuous
370
13
390
13
347
21
  0
LAYER
  5
92
330
1
100
AcDbSymbolTableRecord
100
AcDbLayerTableRecord
  2
A-STAIR
 70
0
 62
7
  6
Continuous
370
18
390
13
347
21
  0
LAYER
  5
93
330
1
100
AcDbSymbolTableRecord
100
AcDbLayerTableRecord
  2
A-SITE
 70
0
 62
8
  6
Continuous
370
18
390
13
347
21
  0
LAYER
  5
94
330
1
100
AcDbSymbolTableRecord
100
AcDbLayerTableRecord
  2
A-TAGS
 70
0
 62
1
  6
Continuous
370
13
390
13
347
21
  0
LAYER
  5
95
330
1
100
AcDbSymbolTableRecord
100
AcDbLayerTableRecord
  2
A-GRID
 70
0
 62
8
  6
Continuous
370
13
390
13
347
21
  0
LAYER
  5
96
330
1
100
AcDbSymbolTableRecord
100
AcDbLayerTableRecord
  2
A-LEVL
 70
0
 62
7
  6
Continuous
370
13
390
13
347
21
  0
LAYER
  5
97
330
1
100
AcDbSymbolTableRecord
100
AcDbLayerTableRecord
  2
A-SECT
 70
0
 62
1
  6
Continuous
370
35
390
13
347
21
  0
LAYER
  5
98
330
1
100
AcDbSymbolTableRecord
100
AcDbLayerTableRecord
  2
A-EXT
 70
0
 62
30
  6
Continuous
370
18
390
13
347
21
  0
LAYER
  5
99
330
1
100
AcDbSymbolTableRecord
100
AcDbLayerTableRecord
  2
A-GATE
 70
0
 62
30
  6
Continuous
370
18
390
13
347
21
  0
LAYER
  5
9A
330
1
100
AcDbSymbolTableRecord
100
AcDbLayerTableRecord
  2
A-LAND
 70
0
 62
3
  6
Continuous
370
13
390
13
347
21
  0
LAYER
  5
9B
330
1
100
AcDbSymbolTableRecord
100
AcDbLayerTableRecord
  2
S-GRID
 70
0
 62
8
  6
Continuous
370
13
390
13
347
21
  0
ENDTAB
  0
TABLE
  2
STYLE
  5
5
330
0
100
AcDbSymbolTable
 70
26
  0
STYLE
  5
29
330
5
100
AcDbSymbolTableRecord
100
AcDbTextStyleTableRecord
  2
Standard
 70
0
 40
0.0
 41
1.0
 50
0.0
 71
0
 42
2.5
  3
txt
  4

  0
STYLE
  5
41
330
5
100
AcDbSymbolTableRecord
100
AcDbTextStyleTableRecord
  2
OpenSans-Light
 70
0
 40
0.0
 41
1.0
 50
0.0
 71
0
 42
2.5
  3
OpenSans-Light.ttf
  4

  0
STYLE
  5
42
330
5
100
AcDbSymbolTableRecord
100
AcDbTextStyleTableRecord
  2
OpenSans-Light-Italic
 70
0
 40
0.0
 41
1.0
 50
0.0
 71
0
 42
2.5
  3
OpenSans-LightItalic.ttf
  4

  0
STYLE
  5
43
330
5
100
AcDbSymbolTableRecord
100
AcDbTextStyleTableRecord
  2
OpenSans
 70
0
 40
0.0
 41
1.0
 50
0.0
 71
0
 42
2.5
  3
OpenSans-Regular.ttf
  4

  0
STYLE
  5
44
330
5
100
AcDbSymbolTableRecord
100
AcDbTextStyleTableRecord
  2
OpenSans-Italic
 70
0
 40
0.0
 41
1.0
 50
0.0
 71
0
 42
2.5
  3
OpenSans-Italic.ttf
  4

  0
STYLE
  5
45
330
5
100
AcDbSymbolTableRecord
100
AcDbTextStyleTableRecord
  2
OpenSans-SemiBold
 70
0
 40
0.0
 41
1.0
 50
0.0
 71
0
 42
2.5
  3
OpenSans-SemiBold.ttf
  4

  0
STYLE
  5
46
330
5
100
AcDbSymbolTableRecord
100
AcDbTextStyleTableRecord
  2
OpenSans-SemiBoldItalic
 70
0
 40
0.0
 41
1.0
 50
0.0
 71
0
 42
2.5
  3
OpenSans-SemiBoldItalic.ttf
  4

  0
STYLE
  5
47
330
5
100
AcDbSymbolTableRecord
100
AcDbTextStyleTableRecord
  2
OpenSans-Bold
 70
0
 40
0.0
 41
1.0
 50
0.0
 71
0
 42
2.5
  3
OpenSans-Bold.ttf
  4

  0
STYLE
  5
48
330
5
100
AcDbSymbolTableRecord
100
AcDbTextStyleTableRecord
  2
OpenSans-BoldItalic
 70
0
 40
0.0
 41
1.0
 50
0.0
 71
0
 42
2.5
  3
OpenSans-BoldItalic.ttf
  4

  0
STYLE
  5
49
330
5
100
AcDbSymbolTableRecord
100
AcDbTextStyleTableRecord
  2
OpenSans-ExtraBold
 70
0
 40
0.0
 41
1.0
 50
0.0
 71
0
 42
2.5
  3
OpenSans-ExtraBold.ttf
  4

  0
STYLE
  5
4A
330
5
100
AcDbSymbolTableRecord
100
AcDbTextStyleTableRecord
  2
OpenSans-ExtraBoldItalic
 70
0
 40
0.0
 41
1.0
 50
0.0
 71
0
 42
2.5
  3
OpenSans-ExtraBoldItalic.ttf
  4

  0
STYLE
  5
4B
330
5
100
AcDbSymbolTableRecord
100
AcDbTextStyleTableRecord
  2
OpenSansCondensed-Bold
 70
0
 40
0.0
 41
1.0
 50
0.0
 71
0
 42
2.5
  3
OpenSansCondensed-Bold.ttf
  4

  0
STYLE
  5
4C
330
5
100
AcDbSymbolTableRecord
100
AcDbTextStyleTableRecord
  2
OpenSansCondensed-Light
 70
0
 40
0.0
 41
1.0
 50
0.0
 71
0
 42
2.5
  3
OpenSansCondensed-Light.ttf
  4

  0
STYLE
  5
4D
330
5
100
AcDbSymbolTableRecord
100
AcDbTextStyleTableRecord
  2
OpenSansCondensed-Italic
 70
0
 40
0.0
 41
1.0
 50
0.0
 71
0
 42
2.5
  3
OpenSansCondensed-LightItalic.ttf
  4

  0
STYLE
  5
4E
330
5
100
AcDbSymbolTableRecord
100
AcDbTextStyleTableRecord
  2
LiberationSans
 70
0
 40
0.0
 41
1.0
 50
0.0
 71
0
 42
2.5
  3
LiberationSans-Regular.ttf
  4

  0
STYLE
  5
4F
330
5
100
AcDbSymbolTableRecord
100
AcDbTextStyleTableRecord
  2
LiberationSans-Bold
 70
0
 40
0.0
 41
1.0
 50
0.0
 71
0
 42
2.5
  3
LiberationSans-Bold.ttf
  4

  0
STYLE
  5
50
330
5
100
AcDbSymbolTableRecord
100
AcDbTextStyleTableRecord
  2
LiberationSans-BoldItalic
 70
0
 40
0.0
 41
1.0
 50
0.0
 71
0
 42
2.5
  3
LiberationSans-BoldItalic.ttf
  4

  0
STYLE
  5
51
330
5
100
AcDbSymbolTableRecord
100
AcDbTextStyleTableRecord
  2
LiberationSans-Italic
 70
0
 40
0.0
 41
1.0
 50
0.0
 71
0
 42
2.5
  3
LiberationSans-Italic.ttf
  4

  0
STYLE
  5
52
330
5
100
AcDbSymbolTableRecord
100
AcDbTextStyleTableRecord
  2
LiberationSerif
 70
0
 40
0.0
 41
1.0
 50
0.0
 71
0
 42
2.5
  3
LiberationSerif-Regular.ttf
  4

  0
STYLE
  5
53
330
5
100
AcDbSymbolTableRecord
100
AcDbTextStyleTableRecord
  2
LiberationSerif-Bold
 70
0
 40
0.0
 41
1.0
 50
0.0
 71
0
 42
2.5
  3
LiberationSerif-Bold.ttf
  4

  0
STYLE
  5
54
330
5
100
AcDbSymbolTableRecord
100
AcDbTextStyleTableRecord
  2
LiberationSerif-BoldItalic
 70
0
 40
0.0
 41
1.0
 50
0.0
 71
0
 42
2.5
  3
LiberationSerif-BoldItalic.ttf
  4

  0
STYLE
  5
55
330
5
100
AcDbSymbolTableRecord
100
AcDbTextStyleTableRecord
  2
LiberationSerif-Italic
 70
0
 40
0.0
 41
1.0
 50
0.0
 71
0
 42
2.5
  3
LiberationSerif-Italic.ttf
  4

  0
STYLE
  5
56
330
5
100
AcDbSymbolTableRecord
100
AcDbTextStyleTableRecord
  2
LiberationMono
 70
0
 40
0.0
 41
1.0
 50
0.0
 71
0
 42
2.5
  3
LiberationMono-Regular.ttf
  4

  0
STYLE
  5
57
330
5
100
AcDbSymbolTableRecord
100
AcDbTextStyleTableRecord
  2
LiberationMono-Bold
 70
0
 40
0.0
 41
1.0
 50
0.0
 71
0
 42
2.5
  3
LiberationMono-Bold.ttf
  4

  0
STYLE
  5
58
330
5
100
AcDbSymbolTableRecord
100
AcDbTextStyleTableRecord
  2
LiberationMono-BoldItalic
 70
0
 40
0.0
 41
1.0
 50
0.0
 71
0
 42
2.5
  3
LiberationMono-BoldItalic.ttf
  4

  0
STYLE
  5
59
330
5
100
AcDbSymbolTableRecord
100
AcDbTextStyleTableRecord
  2
LiberationMono-Italic
 70
0
 40
0.0
 41
1.0
 50
0.0
 71
0
 42
2.5
  3
LiberationMono-Italic.ttf
  4

  0
ENDTAB
  0
TABLE
  2
VIEW
  5
7
330
0
100
AcDbSymbolTable
 70
0
  0
ENDTAB
  0
TABLE
  2
UCS
  5
6
330
0
100
AcDbSymbolTable
 70
0
  0
ENDTAB
  0
TABLE
  2
APPID
  5
3
330
0
100
AcDbSymbolTable
 70
4
  0
APPID
  5
2A
330
3
100
AcDbSymbolTableRecord
100
AcDbRegAppTableRecord
  2
ACAD
 70
0
  0
APPID
  5
9D
330
3
100
AcDbSymbolTableRecord
100
AcDbRegAppTableRecord
  2
FLOORFORGE
 70
0
  0
APPID
  5
9D0
330
3
100
AcDbSymbolTableRecord
100
AcDbRegAppTableRecord
  2
HATCHBACKGROUNDCOLOR
 70
0
  0
APPID
  5
9D1
330
3
100
AcDbSymbolTableRecord
100
AcDbRegAppTableRecord
  2
EZDXF
 70
0
  0
ENDTAB
  0
TABLE
  2
DIMSTYLE
  5
4
330
0
100
AcDbSymbolTable
 70
13
100
AcDbDimStyleTable
  0
DIMSTYLE
105
2B
330
4
100
AcDbSymbolTableRecord
100
AcDbDimStyleTableRecord
  2
Standard
 70
0
 40
1.0
 41
2.5
 42
0.625
 43
3.75
 44
1.25
 45
0.0
 46
0.0
 47
0.0
 48
0.0
 49
2.5
140
2.5
141
2.5
142
0.0
143
0.03937007874
144
1.0
145
0.0
146
1.0
147
0.625
148
0.0
 69
0
 70
0
 71
0
 72
0
 73
0
 74
0
 75
0
 76
0
 77
1
 78
8
 79
3
170
0
171
3
172
1
173
0
174
0
175
0
176
0
177
0
178
0
179
2
271
2
272
2
273
2
274
3
275
0
276
0
277
2
278
44
279
0
280
0
281
0
282
0
283
0
284
8
285
0
286
0
288
0
289
3
290
0
371
-2
372
-2
  0
DIMSTYLE
105
73
330
4
100
AcDbSymbolTableRecord
100
AcDbDimStyleTableRecord
  2
EZDXF
 70
0
 40
1.0
 41
0.175
 42
0.125
 43
3.75
 44
0.375
 45
0.0
 46
0.0
 47
0.0
 48
0.0
 49
2.5
140
0.25
141
2.5
142
0.0
143
0.03937007874
144
100.0
145
0.0
146
0.5
147
0.1
148
0.0
 69
0
 70
0
 71
0
 72
0
 73
0
 74
0
 75
0
 76
0
 77
1
 78
12
 79
3
170
0
171
3
172
1
173
0
174
0
175
0
176
0
177
0
178
0
179
2
271
2
272
2
273
2
274
3
275
0
276
0
277
2
278
46
279
2
280
0
281
0
282
0
283
0
284
8
285
0
286
0
288
1
289
3
290
0
340
4C
342
74
371
-2
372
-2
  0
DIMSTYLE
105
7C
330
4
100
AcDbSymbolTableRecord
100
AcDbDimStyleTableRecord
  2
EZ_M_100_H25_CM
 70
0
 40
1.0
 41
0.25
 42
0.125
 43
3.75
 44
0.375
 45
0.0
 46
0.0
 47
0.0
 48
0.0
 49
2.5
140
0.25
141
2.5
142
0.125
143
0.03937007874
144
100.0
145
0.0
146
0.5
147
0.1
148
0.0
 69
0
 70
0
 71
0
 72
0
 73
0
 74
0
 75
0
 76
0
 77
1
 78
12
 79
3
170
0
171
3
172
1
173
0
174
0
175
0
176
0
177
0
178
0
179
2
271
2
272
2
273
2
274
3
275
0
276
0
277
2
278
46
279
2
280
0
281
0
282
0
283
0
284
8
285
0
286
0
288
1
289
3
290
0
340
4C
371
-2
372
-2
  0
DIMSTYLE
105
7D
330
4
100
AcDbSymbolTableRecord
100
AcDbDimStyleTableRecord
  2
EZ_M_50_H25_CM
 70
0
 40
1.0
 41
0.125
 42
0.0625
 43
3.75
 44
0.1875
 45
0.0
 46
0.0
 47
0.0
 48
0.0
 49
2.5
140
0.125
141
2.5
142
0.0625
143
0.03937007874
144
100.0
145
0.0
146
0.5
147
0.05
148
0.0
 69
0
 70
0
 71
0
 72
0
 73
0
 74
0
 75
0
 76
0
 77
1
 78
12
 79
3
170
0
171
3
172
1
173
0
174
0
175
0
176
0
177
0
178
0
179
2
271
2
272
2
273
2
274
3
275
0
276
0
277
2
278
46
279
2
280
0
281
0
282
0
283
0
284
8
285
0
286
0
288
1
289
3
290
0
340
4C
371
-2
372
-2
  0
DIMSTYLE
105
7E
330
4
100
AcDbSymbolTableRecord
100
AcDbDimStyleTableRecord
  2
EZ_M_25_H25_CM
 70
0
 40
1.0
 41
0.0625
 42
0.03125
 43
3.75
 44
0.09375
 45
0.0
 46
0.0
 47
0.0
 48
0.0
 49
2.5
140
0.0625
141
2.5
142
0.03125
143
0.03937007874
144
100.0
145
0.0
146
0.5
147
0.025
148
0.0
 69
0
 70
0
 71
0
 72
0
 73
0
 74
0
 75
0
 76
0
 77
1
 78
12
 79
3
170
0
171
3
172
1
173
0
174
0
175
0
176
0
177
0
178
0
179
2
271
2
272
2
273
2
274
3
275
0
276
0
277
2
278
46
279
2
280
0
281
0
282
0
283
0
284
8
285
0
286
0
288
1
289
3
290
0
340
4C
371
-2
372
-2
  0
DIMSTYLE
105
7F
330
4
100
AcDbSymbolTableRecord
100
AcDbDimStyleTableRecord
  2
EZ_M_20_H25_CM
 70
0
 40
1.0
 41
0.05
 42
0.025
 43
3.75
 44
0.07500000000000001
 45
0.0
 46
0.0
 47
0.0
 48
0.0
 49
2.5
140
0.05
141
2.5
142
0.025
143
0.03937007874
144
100.0
145
0.0
146
0.5
147
0.020000000000000004
148
0.0
 69
0
 70
0
 71
0
 72
0
 73
0
 74
0
 75
0
 76
0
 77
1
 78
12
 79
3
170
0
171
3
172
1
173
0
174
0
175
0
176
0
177
0
178
0
179
2
271
2
272
2
273
2
274
3
275
0
276
0
277
2
278
46
279
2
280
0
281
0
282
0
283
0
284
8
285
0
286
0
288
1
289
3
290
0
340
4C
371
-2
372
-2
  0
DIMSTYLE
105
80
330
4
100
AcDbSymbolTableRecord
100
AcDbDimStyleTableRecord
  2
EZ_M_10_H25_CM
 70
0
 40
1.0
 41
0.025
 42
0.0125
 43
3.75
 44
0.037500000000000006
 45
0.0
 46
0.0
 47
0.0
 48
0.0
 49
2.5
140
0.025
141
2.5
142
0.0125
143
0.03937007874
144
100.0
145
0.0
146
0.5
147
0.010000000000000002
148
0.0
 69
0
 70
0
 71
0
 72
0
 73
0
 74
0
 75
0
 76
0
 77
1
 78
12
 79
3
170
0
171
3
172
1
173
0
174
0
175
0
176
0
177
0
178
0
179
2
271
2
272
2
273
2
274
3
275
0
276
0
277
2
278
46
279
2
280
0
281
0
282
0
283
0
284
8
285
0
286
0
288
1
289
3
290
0
340
4C
371
-2
372
-2
  0
DIMSTYLE
105
81
330
4
100
AcDbSymbolTableRecord
100
AcDbDimStyleTableRecord
  2
EZ_M_5_H25_CM
 70
0
 40
1.0
 41
0.0125
 42
0.00625
 43
3.75
 44
0.018750000000000003
 45
0.0
 46
0.0
 47
0.0
 48
0.0
 49
2.5
140
0.0125
141
2.5
142
0.00625
143
0.03937007874
144
100.0
145
0.0
146
0.5
147
0.005000000000000001
148
0.0
 69
0
 70
0
 71
0
 72
0
 73
0
 74
0
 75
0
 76
0
 77
1
 78
12
 79
3
170
0
171
3
172
1
173
0
174
0
175
0
176
0
177
0
178
0
179
2
271
2
272
2
273
2
274
3
275
0
276
0
277
2
278
46
279
2
280
0
281
0
282
0
283
0
284
8
285
0
286
0
288
1
289
3
290
0
340
4C
371
-2
372
-2
  0
DIMSTYLE
105
82
330
4
100
AcDbSymbolTableRecord
100
AcDbDimStyleTableRecord
  2
EZ_M_1_H25_CM
 70
0
 40
1.0
 41
0.0025
 42
0.00125
 43
3.75
 44
0.00375
 45
0.0
 46
0.0
 47
0.0
 48
0.0
 49
2.5
140
0.0025
141
2.5
142
0.00125
143
0.03937007874
144
100.0
145
0.0
146
0.5
147
0.001
148
0.0
 69
0
 70
0
 71
0
 72
0
 73
0
 74
0
 75
0
 76
0
 77
1
 78
12
 79
3
170
0
171
3
172
1
173
0
174
0
175
0
176
0
177
0
178
0
179
2
271
2
272
2
273
2
274
3
275
0
276
0
277
2
278
46
279
2
280
0
281
0
282
0
283
0
284
8
285
0
286
0
288
1
289
3
290
0
340
4C
371
-2
372
-2
  0
DIMSTYLE
105
83
330
4
100
AcDbSymbolTableRecord
100
AcDbDimStyleTableRecord
  2
EZ_RADIUS
 70
0
 40
1.0
 41
0.25
 42
0.125
 43
3.75
 44
0.375
 45
0.0
 46
0.0
 47
0.0
 48
0.0
 49
2.5
140
0.25
141
0.0
142
0.0
143
0.03937007874
144
100.0
145
0.0
146
0.5
147
0.1
148
0.0
 69
0
 70
0
 71
0
 72
0
 73
0
 74
0
 75
0
 76
0
 77
1
 78
12
 79
3
170
0
171
3
172
0
173
0
174
0
175
0
176
0
177
0
178
0
179
2
271
2
272
2
273
2
274
3
275
0
276
0
277
2
278
46
279
1
280
0
281
0
282
0
283
0
284
8
285
0
286
0
288
1
289
3
290
0
340
4C
342
84
371
-2
372
-2
  0
DIMSTYLE
105
88
330
4
100
AcDbSymbolTableRecord
100
AcDbDimStyleTableRecord
  2
EZ_RADIUS_INSIDE
 70
0
 40
1.0
 41
0.25
 42
0.125
 43
3.75
 44
0.375
 45
0.0
 46
0.0
 47
0.0
 48
0.0
 49
2.5
140
0.25
141
0.0
142
0.0
143
0.03937007874
144
100.0
145
0.0
146
0.5
147
0.1
148
0.0
 69
0
 70
0
 71
0
 72
0
 73
0
 74
0
 75
0
 76
0
 77
0
 78
12
 79
3
170
0
171
3
172
0
173
0
174
1
175
0
176
0
177
0
178
0
179
2
271
2
272
2
273
2
274
3
275
0
276
0
277
2
278
46
279
0
280
0
281
0
282
0
283
0
284
8
285
0
286
0
288
1
289
0
290
0
340
4C
342
84
371
-2
372
-2
  0
DIMSTYLE
105
89
330
4
100
AcDbSymbolTableRecord
100
AcDbDimStyleTableRecord
  2
EZ_CURVED
 70
0
 40
1.0
 41
0.25
 42
0.125
 43
3.75
 44
0.375
 45
0.0
 46
0.0
 47
0.0
 48
0.0
 49
2.5
140
0.25
141
2.5
142
0.0
143
0.03937007874
144
100.0
145
0.0
146
0.5
147
0.1
148
0.0
 69
0
 70
0
 71
0
 72
0
 73
0
 74
0
 75
0
 76
0
 77
1
 78
12
 79
2
 90
2
170
0
171
3
172
1
173
0
174
0
175
0
176
0
177
0
178
0
179
2
271
2
272
2
273
2
274
3
275
0
276
0
277
2
278
46
279
2
280
0
281
0
282
0
283
0
284
8
285
0
286
0
288
1
289
3
290
0
340
4C
371
-2
372
-2
  0
DIMSTYLE
105
9C
330
4
100
AcDbSymbolTableRecord
100
AcDbDimStyleTableRecord
  2
FF-ARCH
 70
0
 40
1.0
 41
90.0
 42
120.0
 43
3.75
 44
120.0
 45
0.0
 46
0.0
 47
0.0
 48
0.0
 49
2.5
140
180.0
141
2.5
142
60.0
143
0.03937007874
144
1.0
145
0.0
146
1.0
147
60.0
148
0.0
 69
0
 70
0
 71
0
 72
0
 73
0
 74
0
 75
0
 76
0
 77
1
 78
8
 79
3
170
0
171
3
172
1
173
0
174
0
175
0
176
0
177
0
178
0
179
2
271
0
272
2
273
2
274
3
275
0
276
0
277
2
278
44
279
0
280
0
281
0
282
0
283
0
284
8
285
0
286
0
288
0
289
3
290
0
371
-2
372
-2
  0
ENDTAB
  0
TABLE
  2
BLOCK_RECORD
  5
9
330
0
100
AcDbSymbolTable
 70
110
  0
BLOCK_RECORD
  5
17
330
9
100
AcDbSymbolTableRecord
100
AcDbBlockTableRecord
  2
*Model_Space
340
1A
 70
0
280
1
281
0
  0
BLOCK_RECORD
  5
1B
330
9
100
AcDbSymbolTableRecord
100
AcDbBlockTableRecord
  2
*Paper_Space
340
1E
 70
0
280
1
281
0
  0
BLOCK_RECORD
  5
74
330
9
100
AcDbSymbolTableRecord
100
AcDbBlockTableRecord
  2
_ARCHTICK
340
0
 70
0
280
1
281
0
  0
BLOCK_RECORD
  5
78
330
9
100
AcDbSymbolTableRecord
100
AcDbBlockTableRecord
  2
_CLOSEDFILLED
340
0
 70
0
280
1
281
0
  0
BLOCK_RECORD
  5
84
330
9
100
AcDbSymbolTableRecord
100
AcDbBlockTableRecord
  2
_CLOSEDBLANK
340
0
 70
0
280
1
281
0
  0
BLOCK_RECORD
  5
211
330
9
100
AcDbSymbolTableRecord
100
AcDbBlockTableRecord
  2
*D1
340
0
 70
0
280
1
281
0
  0
BLOCK_RECORD
  5
216
330
9
100
AcDbSymbolTableRecord
100
AcDbBlockTableRecord
  2
_OBLIQUE
340
0
 70
0
280
1
281
0
  0
BLOCK_RECORD
  5
224
330
9
100
AcDbSymbolTableRecord
100
AcDbBlockTableRecord
  2
*D2
340
0
 70
0
280
1
281
0
  0
BLOCK_RECORD
  5
233
330
9
100
AcDbSymbolTableRecord
100
AcDbBlockTableRecord
  2
*D3
340
0
 70
0
280
1
281
0
  0
BLOCK_RECORD
  5
242
330
9
100
AcDbSymbolTableRecord
100
AcDbBlockTableRecord
  2
*D4
340
0
 70
0
280
1
281
0
  0
BLOCK_RECORD
  5
251
330
9
100
AcDbSymbolTableRecord
100
AcDbBlockTableRecord
  2
*D5
340
0
 70
0
280
1
281
0
  0
BLOCK_RECORD
  5
260
330
9
100
AcDbSymbolTableRecord
100
AcDbBlockTableRecord
  2
*D6
340
0
 70
0
280
1
281
0
  0
BLOCK_RECORD
  5
26F
330
9
100
AcDbSymbolTableRecord
100
AcDbBlockTableRecord
  2
*D7
340
0
 70
0
280
1
281
0
  0
BLOCK_RECORD
  5
27E
330
9
100
AcDbSymbolTableRecord
100
AcDbBlockTableRecord
  2
*D8
340
0
 70
0
280
1
281
0
  0
BLOCK_RECORD
  5
28D
330
9
100
AcDbSymbolTableRecord
100
AcDbBlockTableRecord
  2
*D9
340
0
 70
0
280
1
281
0
  0
BLOCK_RECORD
  5
29C
330
9
100
AcDbSymbolTableRecord
100
AcDbBlockTableRecord
  2
*D10
340
0
 70
0
280
1
281
0
  0
BLOCK_RECORD
  5
2AB
330
9
100
AcDbSymbolTableRecord
100
AcDbBlockTableRecord
  2
*D11
340
0
 70
0
280
1
281
0
  0
BLOCK_RECORD
  5
2BA
330
9
100
AcDbSymbolTableRecord
100
AcDbBlockTableRecord
  2
*D12
340
0
 70
0
280
1
281
0
  0
BLOCK_RECORD
  5
2C9
330
9
100
AcDbSymbolTableRecord
100
AcDbBlockTableRecord
  2
*D13
340
0
 70
0
280
1
281
0
  0
BLOCK_RECORD
  5
2D8
330
9
100
AcDbSymbolTableRecord
100
AcDbBlockTableRecord
  2
*D14
340
0
 70
0
280
1
281
0
  0
BLOCK_RECORD
  5
2E7
330
9
100
AcDbSymbolTableRecord
100
AcDbBlockTableRecord
  2
*D15
340
0
 70
0
280
1
281
0
  0
BLOCK_RECORD
  5
2F6
330
9
100
AcDbSymbolTableRecord
100
AcDbBlockTableRecord
  2
*D16
340
0
 70
0
280
1
281
0
  0
BLOCK_RECORD
  5
305
330
9
100
AcDbSymbolTableRecord
100
AcDbBlockTableRecord
  2
*D17
340
0
 70
0
280
1
281
0
  0
BLOCK_RECORD
  5
314
330
9
100
AcDbSymbolTableRecord
100
AcDbBlockTableRecord
  2
*D18
340
0
 70
0
280
1
281
0
  0
BLOCK_RECORD
  5
323
330
9
100
AcDbSymbolTableRecord
100
AcDbBlockTableRecord
  2
*D19
340
0
 70
0
280
1
281
0
  0
BLOCK_RECORD
  5
332
330
9
100
AcDbSymbolTableRecord
100
AcDbBlockTableRecord
  2
*D20
340
0
 70
0
280
1
281
0
  0
BLOCK_RECORD
  5
341
330
9
100
AcDbSymbolTableRecord
100
AcDbBlockTableRecord
  2
*D21
340
0
 70
0
280
1
281
0
  0
BLOCK_RECORD
  5
350
330
9
100
AcDbSymbolTableRecord
100
AcDbBlockTableRecord
  2
*D22
340
0
 70
0
280
1
281
0
  0
BLOCK_RECORD
  5
35F
330
9
100
AcDbSymbolTableRecord
100
AcDbBlockTableRecord
  2
*D23
340
0
 70
0
280
1
281
0
  0
BLOCK_RECORD
  5
36E
330
9
100
AcDbSymbolTableRecord
100
AcDbBlockTableRecord
  2
*D24
340
0
 70
0
280
1
281
0
  0
BLOCK_RECORD
  5
37D
330
9
100
AcDbSymbolTableRecord
100
AcDbBlockTableRecord
  2
*D25
340
0
 70
0
280
1
281
0
  0
BLOCK_RECORD
  5
38C
330
9
100
AcDbSymbolTableRecord
100
AcDbBlockTableRecord
  2
*D26
340
0
 70
0
280
1
281
0
  0
BLOCK_RECORD
  5
39B
330
9
100
AcDbSymbolTableRecord
100
AcDbBlockTableRecord
  2
*D27
340
0
 70
0
280
1
281
0
  0
BLOCK_RECORD
  5
3AA
330
9
100
AcDbSymbolTableRecord
100
AcDbBlockTableRecord
  2
*D28
340
0
 70
0
280
1
281
0
  0
BLOCK_RECORD
  5
3B9
330
9
100
AcDbSymbolTableRecord
100
AcDbBlockTableRecord
  2
*D29
340
0
 70
0
280
1
281
0
  0
BLOCK_RECORD
  5
3C8
330
9
100
AcDbSymbolTableRecord
100
AcDbBlockTableRecord
  2
*D30
340
0
 70
0
280
1
281
0
  0
BLOCK_RECORD
  5
3D7
330
9
100
AcDbSymbolTableRecord
100
AcDbBlockTableRecord
  2
*D31
340
0
 70
0
280
1
281
0
  0
BLOCK_RECORD
  5
3E6
330
9
100
AcDbSymbolTableRecord
100
AcDbBlockTableRecord
  2
*D32
340
0
 70
0
280
1
281
0
  0
BLOCK_RECORD
  5
3F5
330
9
100
AcDbSymbolTableRecord
100
AcDbBlockTableRecord
  2
*D33
340
0
 70
0
280
1
281
0
  0
BLOCK_RECORD
  5
404
330
9
100
AcDbSymbolTableRecord
100
AcDbBlockTableRecord
  2
*D34
340
0
 70
0
280
1
281
0
  0
BLOCK_RECORD
  5
413
330
9
100
AcDbSymbolTableRecord
100
AcDbBlockTableRecord
  2
*D35
340
0
 70
0
280
1
281
0
  0
BLOCK_RECORD
  5
422
330
9
100
AcDbSymbolTableRecord
100
AcDbBlockTableRecord
  2
*D36
340
0
 70
0
280
1
281
0
  0
BLOCK_RECORD
  5
431
330
9
100
AcDbSymbolTableRecord
100
AcDbBlockTableRecord
  2
*D37
340
0
 70
0
280
1
281
0
  0
BLOCK_RECORD
  5
440
330
9
100
AcDbSymbolTableRecord
100
AcDbBlockTableRecord
  2
*D38
340
0
 70
0
280
1
281
0
  0
BLOCK_RECORD
  5
44F
330
9
100
AcDbSymbolTableRecord
100
AcDbBlockTableRecord
  2
*D39
340
0
 70
0
280
1
281
0
  0
BLOCK_RECORD
  5
45E
330
9
100
AcDbSymbolTableRecord
100
AcDbBlockTableRecord
  2
*D40
340
0
 70
0
280
1
281
0
  0
BLOCK_RECORD
  5
46D
330
9
100
AcDbSymbolTableRecord
100
AcDbBlockTableRecord
  2
*D41
340
0
 70
0
280
1
281
0
  0
BLOCK_RECORD
  5
47C
330
9
100
AcDbSymbolTableRecord
100
AcDbBlockTableRecord
  2
*D42
340
0
 70
0
280
1
281
0
  0
BLOCK_RECORD
  5
48B
330
9
100
AcDbSymbolTableRecord
100
AcDbBlockTableRecord
  2
*D43
340
0
 70
0
280
1
281
0
  0
BLOCK_RECORD
  5
49A
330
9
100
AcDbSymbolTableRecord
100
AcDbBlockTableRecord
  2
*D44
340
0
 70
0
280
1
281
0
  0
BLOCK_RECORD
  5
4A9
330
9
100
AcDbSymbolTableRecord
100
AcDbBlockTableRecord
  2
*D45
340
0
 70
0
280
1
281
0
  0
BLOCK_RECORD
  5
4B8
330
9
100
AcDbSymbolTableRecord
100
AcDbBlockTableRecord
  2
*D46
340
0
 70
0
280
1
281
0
  0
BLOCK_RECORD
  5
4C7
330
9
100
AcDbSymbolTableRecord
100
AcDbBlockTableRecord
  2
*D47
340
0
 70
0
280
1
281
0
  0
BLOCK_RECORD
  5
4D6
330
9
100
AcDbSymbolTableRecord
100
AcDbBlockTableRecord
  2
*D48
340
0
 70
0
280
1
281
0
  0
BLOCK_RECORD
  5
4E5
330
9
100
AcDbSymbolTableRecord
100
AcDbBlockTableRecord
  2
*D49
340
0
 70
0
280
1
281
0
  0
BLOCK_RECORD
  5
4F4
330
9
100
AcDbSymbolTableRecord
100
AcDbBlockTableRecord
  2
*D50
340
0
 70
0
280
1
281
0
  0
BLOCK_RECORD
  5
503
330
9
100
AcDbSymbolTableRecord
100
AcDbBlockTableRecord
  2
*D51
340
0
 70
0
280
1
281
0
  0
BLOCK_RECORD
  5
512
330
9
100
AcDbSymbolTableRecord
100
AcDbBlockTableRecord
  2
*D52
340
0
 70
0
280
1
281
0
  0
BLOCK_RECORD
  5
521
330
9
100
AcDbSymbolTableRecord
100
AcDbBlockTableRecord
  2
*D53
340
0
 70
0
280
1
281
0
  0
BLOCK_RECORD
  5
567
330
9
100
AcDbSymbolTableRecord
100
AcDbBlockTableRecord
  2
*Paper_Space0
340
56A
 70
0
280
1
281
0
  0
BLOCK_RECORD
  5
688
330
9
100
AcDbSymbolTableRecord
100
AcDbBlockTableRecord
  2
*D54
340
0
 70
0
280
1
281
0
  0
BLOCK_RECORD
  5
697
330
9
100
AcDbSymbolTableRecord
100
AcDbBlockTableRecord
  2
*D55
340
0
 70
0
280
1
281
0
  0
BLOCK_RECORD
  5
6A6
330
9
100
AcDbSymbolTableRecord
100
AcDbBlockTableRecord
  2
*D56
340
0
 70
0
280
1
281
0
  0
BLOCK_RECORD
  5
6B5
330
9
100
AcDbSymbolTableRecord
100
AcDbBlockTableRecord
  2
*D57
340
0
 70
0
280
1
281
0
  0
BLOCK_RECORD
  5
6C4
330
9
100
AcDbSymbolTableRecord
100
AcDbBlockTableRecord
  2
*D58
340
0
 70
0
280
1
281
0
  0
BLOCK_RECORD
  5
6D3
330
9
100
AcDbSymbolTableRecord
100
AcDbBlockTableRecord
  2
*D59
340
0
 70
0
280
1
281
0
  0
BLOCK_RECORD
  5
6E2
330
9
100
AcDbSymbolTableRecord
100
AcDbBlockTableRecord
  2
*D60
340
0
 70
0
280
1
281
0
  0
BLOCK_RECORD
  5
6F1
330
9
100
AcDbSymbolTableRecord
100
AcDbBlockTableRecord
  2
*D61
340
0
 70
0
280
1
281
0
  0
BLOCK_RECORD
  5
700
330
9
100
AcDbSymbolTableRecord
100
AcDbBlockTableRecord
  2
*D62
340
0
 70
0
280
1
281
0
  0
BLOCK_RECORD
  5
70F
330
9
100
AcDbSymbolTableRecord
100
AcDbBlockTableRecord
  2
*D63
340
0
 70
0
280
1
281
0
  0
BLOCK_RECORD
  5
71E
330
9
100
AcDbSymbolTableRecord
100
AcDbBlockTableRecord
  2
*D64
340
0
 70
0
280
1
281
0
  0
BLOCK_RECORD
  5
72D
330
9
100
AcDbSymbolTableRecord
100
AcDbBlockTableRecord
  2
*D65
340
0
 70
0
280
1
281
0
  0
BLOCK_RECORD
  5
73C
330
9
100
AcDbSymbolTableRecord
100
AcDbBlockTableRecord
  2
*D66
340
0
 70
0
280
1
281
0
  0
BLOCK_RECORD
  5
74B
330
9
100
AcDbSymbolTableRecord
100
AcDbBlockTableRecord
  2
*D67
340
0
 70
0
280
1
281
0
  0
BLOCK_RECORD
  5
75A
330
9
100
AcDbSymbolTableRecord
100
AcDbBlockTableRecord
  2
*D68
340
0
 70
0
280
1
281
0
  0
BLOCK_RECORD
  5
769
330
9
100
AcDbSymbolTableRecord
100
AcDbBlockTableRecord
  2
*D69
340
0
 70
0
280
1
281
0
  0
BLOCK_RECORD
  5
778
330
9
100
AcDbSymbolTableRecord
100
AcDbBlockTableRecord
  2
*D70
340
0
 70
0
280
1
281
0
  0
BLOCK_RECORD
  5
787
330
9
100
AcDbSymbolTableRecord
100
AcDbBlockTableRecord
  2
*D71
340
0
 70
0
280
1
281
0
  0
BLOCK_RECORD
  5
796
330
9
100
AcDbSymbolTableRecord
100
AcDbBlockTableRecord
  2
*D72
340
0
 70
0
280
1
281
0
  0
BLOCK_RECORD
  5
7A5
330
9
100
AcDbSymbolTableRecord
100
AcDbBlockTableRecord
  2
*D73
340
0
 70
0
280
1
281
0
  0
BLOCK_RECORD
  5
7B4
330
9
100
AcDbSymbolTableRecord
100
AcDbBlockTableRecord
  2
*D74
340
0
 70
0
280
1
281
0
  0
BLOCK_RECORD
  5
7C3
330
9
100
AcDbSymbolTableRecord
100
AcDbBlockTableRecord
  2
*D75
340
0
 70
0
280
1
281
0
  0
BLOCK_RECORD
  5
7D2
330
9
100
AcDbSymbolTableRecord
100
AcDbBlockTableRecord
  2
*D76
340
0
 70
0
280
1
281
0
  0
BLOCK_RECORD
  5
7E1
330
9
100
AcDbSymbolTableRecord
100
AcDbBlockTableRecord
  2
*D77
340
0
 70
0
280
1
281
0
  0
BLOCK_RECORD
  5
7F0
330
9
100
AcDbSymbolTableRecord
100
AcDbBlockTableRecord
  2
*D78
340
0
 70
0
280
1
281
0
  0
BLOCK_RECORD
  5
7FF
330
9
100
AcDbSymbolTableRecord
100
AcDbBlockTableRecord
  2
*D79
340
0
 70
0
280
1
281
0
  0
BLOCK_RECORD
  5
80E
330
9
100
AcDbSymbolTableRecord
100
AcDbBlockTableRecord
  2
*D80
340
0
 70
0
280
1
281
0
  0
BLOCK_RECORD
  5
81D
330
9
100
AcDbSymbolTableRecord
100
AcDbBlockTableRecord
  2
*D81
340
0
 70
0
280
1
281
0
  0
BLOCK_RECORD
  5
82C
330
9
100
AcDbSymbolTableRecord
100
AcDbBlockTableRecord
  2
*D82
340
0
 70
0
280
1
281
0
  0
BLOCK_RECORD
  5
83B
330
9
100
AcDbSymbolTableRecord
100
AcDbBlockTableRecord
  2
*D83
340
0
 70
0
280
1
281
0
  0
BLOCK_RECORD
  5
84A
330
9
100
AcDbSymbolTableRecord
100
AcDbBlockTableRecord
  2
*D84
340
0
 70
0
280
1
281
0
  0
BLOCK_RECORD
  5
859
330
9
100
AcDbSymbolTableRecord
100
AcDbBlockTableRecord
  2
*D85
340
0
 70
0
280
1
281
0
  0
BLOCK_RECORD
  5
868
330
9
100
AcDbSymbolTableRecord
100
AcDbBlockTableRecord
  2
*D86
340
0
 70
0
280
1
281
0
  0
BLOCK_RECORD
  5
877
330
9
100
AcDbSymbolTableRecord
100
AcDbBlockTableRecord
  2
*D87
340
0
 70
0
280
1
281
0
  0
BLOCK_RECORD
  5
886
330
9
100
AcDbSymbolTableRecord
100
AcDbBlockTableRecord
  2
*D88
340
0
 70
0
280
1
281
0
  0
BLOCK_RECORD
  5
895
330
9
100
AcDbSymbolTableRecord
100
AcDbBlockTableRecord
  2
*D89
340
0
 70
0
280
1
281
0
  0
BLOCK_RECORD
  5
8A4
330
9
100
AcDbSymbolTableRecord
100
AcDbBlockTableRecord
  2
*D90
340
0
 70
0
280
1
281
0
  0
BLOCK_RECORD
  5
8B3
330
9
100
AcDbSymbolTableRecord
100
AcDbBlockTableRecord
  2
*D91
340
0
 70
0
280
1
281
0
  0
BLOCK_RECORD
  5
8C2
330
9
100
AcDbSymbolTableRecord
100
AcDbBlockTableRecord
  2
*D92
340
0
 70
0
280
1
281
0
  0
BLOCK_RECORD
  5
8D1
330
9
100
AcDbSymbolTableRecord
100
AcDbBlockTableRecord
  2
*D93
340
0
 70
0
280
1
281
0
  0
BLOCK_RECORD
  5
8E0
330
9
100
AcDbSymbolTableRecord
100
AcDbBlockTableRecord
  2
*D94
340
0
 70
0
280
1
281
0
  0
BLOCK_RECORD
  5
8EF
330
9
100
AcDbSymbolTableRecord
100
AcDbBlockTableRecord
  2
*D95
340
0
 70
0
280
1
281
0
  0
BLOCK_RECORD
  5
8FE
330
9
100
AcDbSymbolTableRecord
100
AcDbBlockTableRecord
  2
*D96
340
0
 70
0
280
1
281
0
  0
BLOCK_RECORD
  5
90D
330
9
100
AcDbSymbolTableRecord
100
AcDbBlockTableRecord
  2
*D97
340
0
 70
0
280
1
281
0
  0
BLOCK_RECORD
  5
953
330
9
100
AcDbSymbolTableRecord
100
AcDbBlockTableRecord
  2
*Paper_Space1
340
956
 70
0
280
1
281
0
  0
BLOCK_RECORD
  5
971
330
9
100
AcDbSymbolTableRecord
100
AcDbBlockTableRecord
  2
*D98
340
0
 70
0
280
1
281
0
  0
BLOCK_RECORD
  5
980
330
9
100
AcDbSymbolTableRecord
100
AcDbBlockTableRecord
  2
*D99
340
0
 70
0
280
1
281
0
  0
BLOCK_RECORD
  5
98F
330
9
100
AcDbSymbolTableRecord
100
AcDbBlockTableRecord
  2
*D100
340
0
 70
0
280
1
281
0
  0
BLOCK_RECORD
  5
99E
330
9
100
AcDbSymbolTableRecord
100
AcDbBlockTableRecord
  2
*D101
340
0
 70
0
280
1
281
0
  0
BLOCK_RECORD
  5
9C9
330
9
100
AcDbSymbolTableRecord
100
AcDbBlockTableRecord
  2
*Paper_Space2
340
9CC
 70
0
280
1
281
0
  0
ENDTAB
  0
ENDSEC
  0
SECTION
  2
BLOCKS
  0
BLOCK
  5
18
330
17
100
AcDbEntity
  8
0
100
AcDbBlockBegin
  2
*Model_Space
 70
0
 10
0.0
 20
0.0
 30
0.0
  3
*Model_Space
  1

  0
ENDBLK
  5
19
330
17
100
AcDbEntity
  8
0
100
AcDbBlockEnd
  0
BLOCK
  5
1C
330
1B
100
AcDbEntity
  8
0
100
AcDbBlockBegin
  2
*Paper_Space
 70
0
 10
0.0
 20
0.0
 30
0.0
  3
*Paper_Space
  1

  0
ENDBLK
  5
1D
330
1B
100
AcDbEntity
  8
0
100
AcDbBlockEnd
  0
BLOCK
  5
75
330
74
100
AcDbEntity
  8
0
100
AcDbBlockBegin
  2
_ARCHTICK
 70
0
 10
0.0
 20
0.0
 30
0.0
  3
_ARCHTICK
  1

  0
LWPOLYLINE
  5
77
330
74
100
AcDbEntity
  8
0
  6
BYBLOCK
 62
0
100
AcDbPolyline
 90
2
 70
0
 43
0.15
 10
-0.5
 20
-0.5
 10
0.5
 20
0.5
  0
ENDBLK
  5
76
330
74
100
AcDbEntity
  8
0
100
AcDbBlockEnd
  0
BLOCK
  5
79
330
78
100
AcDbEntity
  8
0
100
AcDbBlockBegin
  2
_CLOSEDFILLED
 70
0
 10
0.0
 20
0.0
 30
0.0
  3
_CLOSEDFILLED
  1

  0
SOLID
  5
7B
330
78
100
AcDbEntity
  8
0
  6
BYBLOCK
 62
0
100
AcDbTrace
 10
-1.0
 20
0.16439898372402537
 30
0.0
 11
0.0
 21
0.0
 31
0.0
 12
-1.0
 22
-0.16439898372402537
 32
0.0
 13
-1.0
 23
-0.16439898372402537
 33
0.0
  0
ENDBLK
  5
7A
330
78
100
AcDbEntity
  8
0
100
AcDbBlockEnd
  0
BLOCK
  5
85
330
84
100
AcDbEntity
  8
0
100
AcDbBlockBegin
  2
_CLOSEDBLANK
 70
0
 10
0.0
 20
0.0
 30
0.0
  3
_CLOSEDBLANK
  1

  0
LWPOLYLINE
  5
87
330
84
100
AcDbEntity
  8
0
  6
BYBLOCK
 62
0
100
AcDbPolyline
 90
3
 70
1
 10
-1.0
 20
0.16439898372402537
 10
0.0
 20
0.0
 10
-1.0
 20
-0.16439898372402537
  0
ENDBLK
  5
86
330
84
100
AcDbEntity
  8
0
100
AcDbBlockEnd
  0
BLOCK
  5
212
330
211
100
AcDbEntity
  8
0
100
AcDbBlockBegin
  2
*D1
 70
1
 10
0.0
 20
0.0
 30
0.0
  3
*D1
  1

  0
LINE
  5
214
330
211
100
AcDbEntity
  8
0
100
AcDbLine
 10
0.0
 20
-120.0
 30
0.0
 11
0.0
 21
-3070.0
 31
0.0
  0
LINE
  5
215
330
211
100
AcDbEntity
  8
0
100
AcDbLine
 10
3200.0
 20
-120.0
 30
0.0
 11
3200.0
 21
-3070.0
 31
0.0
  0
INSERT
  5
21A
330
211
100
AcDbEntity
  8
A-DIMS
100
AcDbBlockReference
  2
_OBLIQUE
 10
0.0
 20
-2950.0
 30
0.0
 41
120.0
 42
120.0
  0
INSERT
  5
21C
330
211
100
AcDbEntity
  8
A-DIMS
100
AcDbBlockReference
  2
_OBLIQUE
 10
3200.0
 20
-2950.0
 30
0.0
 41
120.0
 42
120.0
  0
LINE
  5
21E
330
211
100
AcDbEntity
  8
0
100
AcDbLine
 10
0.0
 20
-2950.0
 30
0.0
 11
3200.0
 21
-2950.0
 31
0.0
  0
MTEXT
  5
21F
330
211
100
AcDbEntity
  8
A-DIMS
100
AcDbMText
 10
1600.0
 20
-2800.0
 30
0.0
 40
180.0
 71
5
  1
3200
  7
OpenSansCondensed-Light
  0
POINT
  5
220
330
211
100
AcDbEntity
  8
Defpoints
100
AcDbPoint
 10
0.0
 20
-2950.0
 30
0.0
  0
POINT
  5
221
330
211
100
AcDbEntity
  8
Defpoints
100
AcDbPoint
 10
0.0
 20
0.0
 30
0.0
  0
POINT
  5
222
330
211
100
AcDbEntity
  8
Defpoints
100
AcDbPoint
 10
3200.0
 20
0.0
 30
0.0
  0
ENDBLK
  5
213
330
211
100
AcDbEntity
  8
0
100
AcDbBlockEnd
  0
BLOCK
  5
217
330
216
100
AcDbEntity
  8
0
100
AcDbBlockBegin
  2
_OBLIQUE
 70
0
 10
0.0
 20
0.0
 30
0.0
  3
_OBLIQUE
  1

  0
LINE
  5
219
330
216
100
AcDbEntity
  8
0
  6
BYBLOCK
 62
0
100
AcDbLine
 10
-0.5
 20
-0.5
 30
0.0
 11
0.5
 21
0.5
 31
0.0
  0
ENDBLK
  5
218
330
216
100
AcDbEntity
  8
0
100
AcDbBlockEnd
  0
BLOCK
  5
225
330
224
100
AcDbEntity
  8
0
100
AcDbBlockBegin
  2
*D2
 70
1
 10
0.0
 20
0.0
 30
0.0
  3
*D2
  1

  0
LINE
  5
227
330
224
100
AcDbEntity
  8
0
100
AcDbLine
 10
3200.0
 20
-120.0
 30
0.0
 11
3200.0
 21
-3070.0
 31
0.0
  0
LINE
  5
228
330
224
100
AcDbEntity
  8
0
100
AcDbLine
 10
4400.0
 20
-120.0
 30
0.0
 11
4400.0
 21
-3070.0
 31
0.0
  0
INSERT
  5
229
330
224
100
AcDbEntity
  8
A-DIMS
100
AcDbBlockReference
  2
_OBLIQUE
 10
3200.0
 20
-2950.0
 30
0.0
 41
120.0
 42
120.0
  0
INSERT
  5
22B
330
224
100
AcDbEntity
  8
A-DIMS
100
AcDbBlockReference
  2
_OBLIQUE
 10
4400.0
 20
-2950.0
 30
0.0
 41
120.0
 42
120.0
  0
LINE
  5
22D
330
224
100
AcDbEntity
  8
0
100
AcDbLine
 10
3200.0
 20
-2950.0
 30
0.0
 11
4400.0
 21
-2950.0
 31
0.0
  0
MTEXT
  5
22E
330
224
100
AcDbEntity
  8
A-DIMS
100
AcDbMText
 10
3800.0
 20
-2800.0
 30
0.0
 40
180.0
 71
5
  1
1200
  7
OpenSansCondensed-Light
  0
POINT
  5
22F
330
224
100
AcDbEntity
  8
Defpoints
100
AcDbPoint
 10
3200.0
 20
-2950.0
 30
0.0
  0
POINT
  5
230
330
224
100
AcDbEntity
  8
Defpoints
100
AcDbPoint
 10
3200.0
 20
0.0
 30
0.0
  0
POINT
  5
231
330
224
100
AcDbEntity
  8
Defpoints
100
AcDbPoint
 10
4400.0
 20
0.0
 30
0.0
  0
ENDBLK
  5
226
330
224
100
AcDbEntity
  8
0
100
AcDbBlockEnd
  0
BLOCK
  5
234
330
233
100
AcDbEntity
  8
0
100
AcDbBlockBegin
  2
*D3
 70
1
 10
0.0
 20
0.0
 30
0.0
  3
*D3
  1

  0
LINE
  5
236
330
233
100
AcDbEntity
  8
0
100
AcDbLine
 10
4400.0
 20
-120.0
 30
0.0
 11
4400.0
 21
-3070.0
 31
0.0
  0
LINE
  5
237
330
233
100
AcDbEntity
  8
0
100
AcDbLine
 10
6358.0
 20
-120.0
 30
0.0
 11
6358.0
 21
-3070.0
 31
0.0
  0
INSERT
  5
238
330
233
100
AcDbEntity
  8
A-DIMS
100
AcDbBlockReference
  2
_OBLIQUE
 10
4400.0
 20
-2950.0
 30
0.0
 41
120.0
 42
120.0
  0
INSERT
  5
23A
330
233
100
AcDbEntity
  8
A-DIMS
100
AcDbBlockReference
  2
_OBLIQUE
 10
6358.0
 20
-2950.0
 30
0.0
 41
120.0
 42
120.0
  0
LINE
  5
23C
330
233
100
AcDbEntity
  8
0
100
AcDbLine
 10
4400.0
 20
-2950.0
 30
0.0
 11
6358.0
 21
-2950.0
 31
0.0
  0
MTEXT
  5
23D
330
233
100
AcDbEntity
  8
A-DIMS
100
AcDbMText
 10
5379.0
 20
-2800.0
 30
0.0
 40
180.0
 71
5
  1
1958
  7
OpenSansCondensed-Light
  0
POINT
  5
23E
330
233
100
AcDbEntity
  8
Defpoints
100
AcDbPoint
 10
4400.0
 20
-2950.0
 30
0.0
  0
POINT
  5
23F
330
233
100
AcDbEntity
  8
Defpoints
100
AcDbPoint
 10
4400.0
 20
0.0
 30
0.0
  0
POINT
  5
240
330
233
100
AcDbEntity
  8
Defpoints
100
AcDbPoint
 10
6358.0
 20
0.0
 30
0.0
  0
ENDBLK
  5
235
330
233
100
AcDbEntity
  8
0
100
AcDbBlockEnd
  0
BLOCK
  5
243
330
242
100
AcDbEntity
  8
0
100
AcDbBlockBegin
  2
*D4
 70
1
 10
0.0
 20
0.0
 30
0.0
  3
*D4
  1

  0
LINE
  5
245
330
242
100
AcDbEntity
  8
0
100
AcDbLine
 10
6358.0
 20
-120.0
 30
0.0
 11
6358.0
 21
-3070.0
 31
0.0
  0
LINE
  5
246
330
242
100
AcDbEntity
  8
0
100
AcDbLine
 10
8758.0
 20
-120.0
 30
0.0
 11
8758.0
 21
-3070.0
 31
0.0
  0
INSERT
  5
247
330
242
100
AcDbEntity
  8
A-DIMS
100
AcDbBlockReference
  2
_OBLIQUE
 10
6358.0
 20
-2950.0
 30
0.0
 41
120.0
 42
120.0
  0
INSERT
  5
249
330
242
100
AcDbEntity
  8
A-DIMS
100
AcDbBlockReference
  2
_OBLIQUE
 10
8758.0
 20
-2950.0
 30
0.0
 41
120.0
 42
120.0
  0
LINE
  5
24B
330
242
100
AcDbEntity
  8
0
100
AcDbLine
 10
6358.0
 20
-2950.0
 30
0.0
 11
8758.0
 21
-2950.0
 31
0.0
  0
MTEXT
  5
24C
330
242
100
AcDbEntity
  8
A-DIMS
100
AcDbMText
 10
7558.0
 20
-2800.0
 30
0.0
 40
180.0
 71
5
  1
2400
  7
OpenSansCondensed-Light
  0
POINT
  5
24D
330
242
100
AcDbEntity
  8
Defpoints
100
AcDbPoint
 10
6358.0
 20
-2950.0
 30
0.0
  0
POINT
  5
24E
330
242
100
AcDbEntity
  8
Defpoints
100
AcDbPoint
 10
6358.0
 20
0.0
 30
0.0
  0
POINT
  5
24F
330
242
100
AcDbEntity
  8
Defpoints
100
AcDbPoint
 10
8758.0
 20
0.0
 30
0.0
  0
ENDBLK
  5
244
330
242
100
AcDbEntity
  8
0
100
AcDbBlockEnd
  0
BLOCK
  5
252
330
251
100
AcDbEntity
  8
0
100
AcDbBlockBegin
  2
*D5
 70
1
 10
0.0
 20
0.0
 30
0.0
  3
*D5
  1

  0
LINE
  5
254
330
251
100
AcDbEntity
  8
0
100
AcDbLine
 10
8758.0
 20
-120.0
 30
0.0
 11
8758.0
 21
-3070.0
 31
0.0
  0
LINE
  5
255
330
251
100
AcDbEntity
  8
0
100
AcDbLine
 10
10716.0
 20
-120.0
 30
0.0
 11
10716.0
 21
-3070.0
 31
0.0
  0
INSERT
  5
256
330
251
100
AcDbEntity
  8
A-DIMS
100
AcDbBlockReference
  2
_OBLIQUE
 10
8758.0
 20
-2950.0
 30
0.0
 41
120.0
 42
120.0
  0
INSERT
  5
258
330
251
100
AcDbEntity
  8
A-DIMS
100
AcDbBlockReference
  2
_OBLIQUE
 10
10716.0
 20
-2950.0
 30
0.0
 41
120.0
 42
120.0
  0
LINE
  5
25A
330
251
100
AcDbEntity
  8
0
100
AcDbLine
 10
8758.0
 20
-2950.0
 30
0.0
 11
10716.0
 21
-2950.0
 31
0.0
  0
MTEXT
  5
25B
330
251
100
AcDbEntity
  8
A-DIMS
100
AcDbMText
 10
9737.0
 20
-2800.0
 30
0.0
 40
180.0
 71
5
  1
1958
  7
OpenSansCondensed-Light
  0
POINT
  5
25C
330
251
100
AcDbEntity
  8
Defpoints
100
AcDbPoint
 10
8758.0
 20
-2950.0
 30
0.0
  0
POINT
  5
25D
330
251
100
AcDbEntity
  8
Defpoints
100
AcDbPoint
 10
8758.0
 20
0.0
 30
0.0
  0
POINT
  5
25E
330
251
100
AcDbEntity
  8
Defpoints
100
AcDbPoint
 10
10716.0
 20
0.0
 30
0.0
  0
ENDBLK
  5
253
330
251
100
AcDbEntity
  8
0
100
AcDbBlockEnd
  0
BLOCK
  5
261
330
260
100
AcDbEntity
  8
0
100
AcDbBlockBegin
  2
*D6
 70
1
 10
0.0
 20
0.0
 30
0.0
  3
*D6
  1

  0
LINE
  5
263
330
260
100
AcDbEntity
  8
0
100
AcDbLine
 10
0.0
 20
-119.99999999999999
 30
0.0
 11
0.0
 21
-3520.0
 31
0.0
  0
LINE
  5
264
330
260
100
AcDbEntity
  8
0
100
AcDbLine
 10
10716.0
 20
-119.99999999999999
 30
0.0
 11
10716.0
 21
-3520.0
 31
0.0
  0
INSERT
  5
265
330
260
100
AcDbEntity
  8
A-DIMS
100
AcDbBlockReference
  2
_OBLIQUE
 10
0.0
 20
-3400.0
 30
0.0
 41
120.0
 42
120.0
  0
INSERT
  5
267
330
260
100
AcDbEntity
  8
A-DIMS
100
AcDbBlockReference
  2
_OBLIQUE
 10
10716.0
 20
-3400.0
 30
0.0
 41
120.0
 42
120.0
  0
LINE
  5
269
330
260
100
AcDbEntity
  8
0
100
AcDbLine
 10
0.0
 20
-3400.0
 30
0.0
 11
10716.0
 21
-3400.0
 31
0.0
  0
MTEXT
  5
26A
330
260
100
AcDbEntity
  8
A-DIMS
100
AcDbMText
 10
5358.0
 20
-3250.0
 30
0.0
 40
180.0
 71
5
  1
10716
  7
OpenSansCondensed-Light
  0
POINT
  5
26B
330
260
100
AcDbEntity
  8
Defpoints
100
AcDbPoint
 10
0.0
 20
-3400.0
 30
0.0
  0
POINT
  5
26C
330
260
100
AcDbEntity
  8
Defpoints
100
AcDbPoint
 10
0.0
 20
0.0
 30
0.0
  0
POINT
  5
26D
330
260
100
AcDbEntity
  8
Defpoints
100
AcDbPoint
 10
10716.0
 20
0.0
 30
0.0
  0
ENDBLK
  5
262
330
260
100
AcDbEntity
  8
0
100
AcDbBlockEnd
  0
BLOCK
  5
270
330
26F
100
AcDbEntity
  8
0
100
AcDbBlockBegin
  2
*D7
 70
1
 10
0.0
 20
0.0
 30
0.0
  3
*D7
  1

  0
LINE
  5
272
330
26F
100
AcDbEntity
  8
0
100
AcDbLine
 10
0.0
 20
15732.0
 30
0.0
 11
0.0
 21
16282.0
 31
0.0
  0
LINE
  5
273
330
26F
100
AcDbEntity
  8
0
100
AcDbLine
 10
900.0
 20
15732.0
 30
0.0
 11
900.0
 21
16282.0
 31
0.0
  0
INSERT
  5
274
330
26F
100
AcDbEntity
  8
A-DIMS
100
AcDbBlockReference
  2
_OBLIQUE
 10
0.0
 20
16162.0
 30
0.0
 41
120.0
 42
120.0
  0
INSERT
  5
276
330
26F
100
AcDbEntity
  8
A-DIMS
100
AcDbBlockReference
  2
_OBLIQUE
 10
900.0
 20
16162.0
 30
0.0
 41
120.0
 42
120.0
  0
LINE
  5
278
330
26F
100
AcDbEntity
  8
0
100
AcDbLine
 10
0.0
 20
16162.0
 30
0.0
 11
900.0
 21
16162.0
 31
0.0
  0
MTEXT
  5
279
330
26F
100
AcDbEntity
  8
A-DIMS
100
AcDbMText
 10
450.0
 20
16312.0
 30
0.0
 40
180.0
 71
5
  1
900
  7
OpenSansCondensed-Light
  0
POINT
  5
27A
330
26F
100
AcDbEntity
  8
Defpoints
100
AcDbPoint
 10
0.0
 20
16162.0
 30
0.0
  0
POINT
  5
27B
330
26F
100
AcDbEntity
  8
Defpoints
100
AcDbPoint
 10
0.0
 20
15612.0
 30
0.0
  0
POINT
  5
27C
330
26F
100
AcDbEntity
  8
Defpoints
100
AcDbPoint
 10
900.0
 20
15612.0
 30
0.0
  0
ENDBLK
  5
271
330
26F
100
AcDbEntity
  8
0
100
AcDbBlockEnd
  0
BLOCK
  5
27F
330
27E
100
AcDbEntity
  8
0
100
AcDbBlockBegin
  2
*D8
 70
1
 10
0.0
 20
0.0
 30
0.0
  3
*D8
  1

  0
LINE
  5
281
330
27E
100
AcDbEntity
  8
0
100
AcDbLine
 10
900.0
 20
15732.0
 30
0.0
 11
900.0
 21
16282.0
 31
0.0
  0
LINE
  5
282
330
27E
100
AcDbEntity
  8
0
100
AcDbLine
 10
2700.0
 20
15732.0
 30
0.0
 11
2700.0
 21
16282.0
 31
0.0
  0
INSERT
  5
283
330
27E
100
AcDbEntity
  8
A-DIMS
100
AcDbBlockReference
  2
_OBLIQUE
 10
900.0
 20
16162.0
 30
0.0
 41
120.0
 42
120.0
  0
INSERT
  5
285
330
27E
100
AcDbEntity
  8
A-DIMS
100
AcDbBlockReference
  2
_OBLIQUE
 10
2700.0
 20
16162.0
 30
0.0
 41
120.0
 42
120.0
  0
LINE
  5
287
330
27E
100
AcDbEntity
  8
0
100
AcDbLine
 10
900.0
 20
16162.0
 30
0.0
 11
2700.0
 21
16162.0
 31
0.0
  0
MTEXT
  5
288
330
27E
100
AcDbEntity
  8
A-DIMS
100
AcDbMText
 10
1800.0
 20
16312.0
 30
0.0
 40
180.0
 71
5
  1
1800
  7
OpenSansCondensed-Light
  0
POINT
  5
289
330
27E
100
AcDbEntity
  8
Defpoints
100
AcDbPoint
 10
900.0
 20
16162.0
 30
0.0
  0
POINT
  5
28A
330
27E
100
AcDbEntity
  8
Defpoints
100
AcDbPoint
 10
900.0
 20
15612.0
 30
0.0
  0
POINT
  5
28B
330
27E
100
AcDbEntity
  8
Defpoints
100
AcDbPoint
 10
2700.0
 20
15612.0
 30
0.0
  0
ENDBLK
  5
280
330
27E
100
AcDbEntity
  8
0
100
AcDbBlockEnd
  0
BLOCK
  5
28E
330
28D
100
AcDbEntity
  8
0
100
AcDbBlockBegin
  2
*D9
 70
1
 10
0.0
 20
0.0
 30
0.0
  3
*D9
  1

  0
LINE
  5
290
330
28D
100
AcDbEntity
  8
0
100
AcDbLine
 10
2700.0
 20
15732.0
 30
0.0
 11
2700.0
 21
16282.0
 31
0.0
  0
LINE
  5
291
330
28D
100
AcDbEntity
  8
0
100
AcDbLine
 10
3975.0
 20
15732.0
 30
0.0
 11
3975.0
 21
16282.0
 31
0.0
  0
INSERT
  5
292
330
28D
100
AcDbEntity
  8
A-DIMS
100
AcDbBlockReference
  2
_OBLIQUE
 10
2700.0
 20
16162.0
 30
0.0
 41
120.0
 42
120.0
  0
INSERT
  5
294
330
28D
100
AcDbEntity
  8
A-DIMS
100
AcDbBlockReference
  2
_OBLIQUE
 10
3975.0
 20
16162.0
 30
0.0
 41
120.0
 42
120.0
  0
LINE
  5
296
330
28D
100
AcDbEntity
  8
0
100
AcDbLine
 10
2700.0
 20
16162.0
 30
0.0
 11
3975.0
 21
16162.0
 31
0.0
  0
MTEXT
  5
297
330
28D
100
AcDbEntity
  8
A-DIMS
100
AcDbMText
 10
3337.5
 20
16312.0
 30
0.0
 40
180.0
 71
5
  1
1275
  7
OpenSansCondensed-Light
  0
POINT
  5
298
330
28D
100
AcDbEntity
  8
Defpoints
100
AcDbPoint
 10
2700.0
 20
16162.0
 30
0.0
  0
POINT
  5
299
330
28D
100
AcDbEntity
  8
Defpoints
100
AcDbPoint
 10
2700.0
 20
15612.0
 30
0.0
  0
POINT
  5
29A
330
28D
100
AcDbEntity
  8
Defpoints
100
AcDbPoint
 10
3975.0
 20
15612.0
 30
0.0
  0
ENDBLK
  5
28F
330
28D
100
AcDbEntity
  8
0
100
AcDbBlockEnd
  0
BLOCK
  5
29D
330
29C
100
AcDbEntity
  8
0
100
AcDbBlockBegin
  2
*D10
 70
1
 10
0.0
 20
0.0
 30
0.0
  3
*D10
  1

  0
LINE
  5
29F
330
29C
100
AcDbEntity
  8
0
100
AcDbLine
 10
3975.0
 20
15732.0
 30
0.0
 11
3975.0
 21
16282.0
 31
0.0
  0
LINE
  5
2A0
330
29C
100
AcDbEntity
  8
0
100
AcDbLine
 10
4725.0
 20
15732.0
 30
0.0
 11
4725.0
 21
16282.0
 31
0.0
  0
INSERT
  5
2A1
330
29C
100
AcDbEntity
  8
A-DIMS
100
AcDbBlockReference
  2
_OBLIQUE
 10
3975.0
 20
16162.0
 30
0.0
 41
120.0
 42
120.0
  0
INSERT
  5
2A3
330
29C
100
AcDbEntity
  8
A-DIMS
100
AcDbBlockReference
  2
_OBLIQUE
 10
4725.0
 20
16162.0
 30
0.0
 41
120.0
 42
120.0
  0
LINE
  5
2A5
330
29C
100
AcDbEntity
  8
0
100
AcDbLine
 10
3975.0
 20
16162.0
 30
0.0
 11
4725.0
 21
16162.0
 31
0.0
  0
MTEXT
  5
2A6
330
29C
100
AcDbEntity
  8
A-DIMS
100
AcDbMText
 10
4350.0
 20
16312.0
 30
0.0
 40
180.0
 71
5
  1
750
  7
OpenSansCondensed-Light
  0
POINT
  5
2A7
330
29C
100
AcDbEntity
  8
Defpoints
100
AcDbPoint
 10
3975.0
 20
16162.0
 30
0.0
  0
POINT
  5
2A8
330
29C
100
AcDbEntity
  8
Defpoints
100
AcDbPoint
 10
3975.0
 20
15612.0
 30
0.0
  0
POINT
  5
2A9
330
29C
100
AcDbEntity
  8
Defpoints
100
AcDbPoint
 10
4725.0
 20
15612.0
 30
0.0
  0
ENDBLK
  5
29E
330
29C
100
AcDbEntity
  8
0
100
AcDbBlockEnd
  0
BLOCK
  5
2AC
330
2AB
100
AcDbEntity
  8
0
100
AcDbBlockBegin
  2
*D11
 70
1
 10
0.0
 20
0.0
 30
0.0
  3
*D11
  1

  0
LINE
  5
2AE
330
2AB
100
AcDbEntity
  8
0
100
AcDbLine
 10
4725.0
 20
15732.0
 30
0.0
 11
4725.0
 21
16282.0
 31
0.0
  0
LINE
  5
2AF
330
2AB
100
AcDbEntity
  8
0
100
AcDbLine
 10
5958.0
 20
15732.0
 30
0.0
 11
5958.0
 21
16282.0
 31
0.0
  0
INSERT
  5
2B0
330
2AB
100
AcDbEntity
  8
A-DIMS
100
AcDbBlockReference
  2
_OBLIQUE
 10
4725.0
 20
16162.0
 30
0.0
 41
120.0
 42
120.0
  0
INSERT
  5
2B2
330
2AB
100
AcDbEntity
  8
A-DIMS
100
AcDbBlockReference
  2
_OBLIQUE
 10
5958.0
 20
16162.0
 30
0.0
 41
120.0
 42
120.0
  0
LINE
  5
2B4
330
2AB
100
AcDbEntity
  8
0
100
AcDbLine
 10
4725.0
 20
16162.0
 30
0.0
 11
5958.0
 21
16162.0
 31
0.0
  0
MTEXT
  5
2B5
330
2AB
100
AcDbEntity
  8
A-DIMS
100
AcDbMText
 10
5341.5
 20
16312.0
 30
0.0
 40
180.0
 71
5
  1
1233
  7
OpenSansCondensed-Light
  0
POINT
  5
2B6
330
2AB
100
AcDbEntity
  8
Defpoints
100
AcDbPoint
 10
4725.0
 20
16162.0
 30
0.0
  0
POINT
  5
2B7
330
2AB
100
AcDbEntity
  8
Defpoints
100
AcDbPoint
 10
4725.0
 20
15612.0
 30
0.0
  0
POINT
  5
2B8
330
2AB
100
AcDbEntity
  8
Defpoints
100
AcDbPoint
 10
5958.0
 20
15612.0
 30
0.0
  0
ENDBLK
  5
2AD
330
2AB
100
AcDbEntity
  8
0
100
AcDbBlockEnd
  0
BLOCK
  5
2BB
330
2BA
100
AcDbEntity
  8
0
100
AcDbBlockBegin
  2
*D12
 70
1
 10
0.0
 20
0.0
 30
0.0
  3
*D12
  1

  0
LINE
  5
2BD
330
2BA
100
AcDbEntity
  8
0
100
AcDbLine
 10
5958.0
 20
15732.0
 30
0.0
 11
5958.0
 21
16282.0
 31
0.0
  0
LINE
  5
2BE
330
2BA
100
AcDbEntity
  8
0
100
AcDbLine
 10
7758.0
 20
15732.0
 30
0.0
 11
7758.0
 21
16282.0
 31
0.0
  0
INSERT
  5
2BF
330
2BA
100
AcDbEntity
  8
A-DIMS
100
AcDbBlockReference
  2
_OBLIQUE
 10
5958.0
 20
16162.0
 30
0.0
 41
120.0
 42
120.0
  0
INSERT
  5
2C1
330
2BA
100
AcDbEntity
  8
A-DIMS
100
AcDbBlockReference
  2
_OBLIQUE
 10
7758.0
 20
16162.0
 30
0.0
 41
120.0
 42
120.0
  0
LINE
  5
2C3
330
2BA
100
AcDbEntity
  8
0
100
AcDbLine
 10
5958.0
 20
16162.0
 30
0.0
 11
7758.0
 21
16162.0
 31
0.0
  0
MTEXT
  5
2C4
330
2BA
100
AcDbEntity
  8
A-DIMS
100
AcDbMText
 10
6858.0
 20
16312.0
 30
0.0
 40
180.0
 71
5
  1
1800
  7
OpenSansCondensed-Light
  0
POINT
  5
2C5
330
2BA
100
AcDbEntity
  8
Defpoints
100
AcDbPoint
 10
5958.0
 20
16162.0
 30
0.0
  0
POINT
  5
2C6
330
2BA
100
AcDbEntity
  8
Defpoints
100
AcDbPoint
 10
5958.0
 20
15612.0
 30
0.0
  0
POINT
  5
2C7
330
2BA
100
AcDbEntity
  8
Defpoints
100
AcDbPoint
 10
7758.0
 20
15612.0
 30
0.0
  0
ENDBLK
  5
2BC
330
2BA
100
AcDbEntity
  8
0
100
AcDbBlockEnd
  0
BLOCK
  5
2CA
330
2C9
100
AcDbEntity
  8
0
100
AcDbBlockBegin
  2
*D13
 70
1
 10
0.0
 20
0.0
 30
0.0
  3
*D13
  1

  0
LINE
  5
2CC
330
2C9
100
AcDbEntity
  8
0
100
AcDbLine
 10
7758.0
 20
15732.0
 30
0.0
 11
7758.0
 21
16282.0
 31
0.0
  0
LINE
  5
2CD
330
2C9
100
AcDbEntity
  8
0
100
AcDbLine
 10
9216.0
 20
15732.0
 30
0.0
 11
9216.0
 21
16282.0
 31
0.0
  0
INSERT
  5
2CE
330
2C9
100
AcDbEntity
  8
A-DIMS
100
AcDbBlockReference
  2
_OBLIQUE
 10
7758.0
 20
16162.0
 30
0.0
 41
120.0
 42
120.0
  0
INSERT
  5
2D0
330
2C9
100
AcDbEntity
  8
A-DIMS
100
AcDbBlockReference
  2
_OBLIQUE
 10
9216.0
 20
16162.0
 30
0.0
 41
120.0
 42
120.0
  0
LINE
  5
2D2
330
2C9
100
AcDbEntity
  8
0
100
AcDbLine
 10
7758.0
 20
16162.0
 30
0.0
 11
9216.0
 21
16162.0
 31
0.0
  0
MTEXT
  5
2D3
330
2C9
100
AcDbEntity
  8
A-DIMS
100
AcDbMText
 10
8487.0
 20
16312.0
 30
0.0
 40
180.0
 71
5
  1
1458
  7
OpenSansCondensed-Light
  0
POINT
  5
2D4
330
2C9
100
AcDbEntity
  8
Defpoints
100
AcDbPoint
 10
7758.0
 20
16162.0
 30
0.0
  0
POINT
  5
2D5
330
2C9
100
AcDbEntity
  8
Defpoints
100
AcDbPoint
 10
7758.0
 20
15612.0
 30
0.0
  0
POINT
  5
2D6
330
2C9
100
AcDbEntity
  8
Defpoints
100
AcDbPoint
 10
9216.0
 20
15612.0
 30
0.0
  0
ENDBLK
  5
2CB
330
2C9
100
AcDbEntity
  8
0
100
AcDbBlockEnd
  0
BLOCK
  5
2D9
330
2D8
100
AcDbEntity
  8
0
100
AcDbBlockBegin
  2
*D14
 70
1
 10
0.0
 20
0.0
 30
0.0
  3
*D14
  1

  0
LINE
  5
2DB
330
2D8
100
AcDbEntity
  8
0
100
AcDbLine
 10
9216.0
 20
15732.0
 30
0.0
 11
9216.0
 21
16282.0
 31
0.0
  0
LINE
  5
2DC
330
2D8
100
AcDbEntity
  8
0
100
AcDbLine
 10
10116.0
 20
15732.0
 30
0.0
 11
10116.0
 21
16282.0
 31
0.0
  0
INSERT
  5
2DD
330
2D8
100
AcDbEntity
  8
A-DIMS
100
AcDbBlockReference
  2
_OBLIQUE
 10
9216.0
 20
16162.0
 30
0.0
 41
120.0
 42
120.0
  0
INSERT
  5
2DF
330
2D8
100
AcDbEntity
  8
A-DIMS
100
AcDbBlockReference
  2
_OBLIQUE
 10
10116.0
 20
16162.0
 30
0.0
 41
120.0
 42
120.0
  0
LINE
  5
2E1
330
2D8
100
AcDbEntity
  8
0
100
AcDbLine
 10
9216.0
 20
16162.0
 30
0.0
 11
10116.0
 21
16162.0
 31
0.0
  0
MTEXT
  5
2E2
330
2D8
100
AcDbEntity
  8
A-DIMS
100
AcDbMText
 10
9666.0
 20
16312.0
 30
0.0
 40
180.0
 71
5
  1
900
  7
OpenSansCondensed-Light
  0
POINT
  5
2E3
330
2D8
100
AcDbEntity
  8
Defpoints
100
AcDbPoint
 10
9216.0
 20
16162.0
 30
0.0
  0
POINT
  5
2E4
330
2D8
100
AcDbEntity
  8
Defpoints
100
AcDbPoint
 10
9216.0
 20
15612.0
 30
0.0
  0
POINT
  5
2E5
330
2D8
100
AcDbEntity
  8
Defpoints
100
AcDbPoint
 10
10116.0
 20
15612.0
 30
0.0
  0
ENDBLK
  5
2DA
330
2D8
100
AcDbEntity
  8
0
100
AcDbBlockEnd
  0
BLOCK
  5
2E8
330
2E7
100
AcDbEntity
  8
0
100
AcDbBlockBegin
  2
*D15
 70
1
 10
0.0
 20
0.0
 30
0.0
  3
*D15
  1

  0
LINE
  5
2EA
330
2E7
100
AcDbEntity
  8
0
100
AcDbLine
 10
10116.0
 20
15732.0
 30
0.0
 11
10116.0
 21
16282.0
 31
0.0
  0
LINE
  5
2EB
330
2E7
100
AcDbEntity
  8
0
100
AcDbLine
 10
10716.0
 20
15732.0
 30
0.0
 11
10716.0
 21
16282.0
 31
0.0
  0
INSERT
  5
2EC
330
2E7
100
AcDbEntity
  8
A-DIMS
100
AcDbBlockReference
  2
_OBLIQUE
 10
10116.0
 20
16162.0
 30
0.0
 41
120.0
 42
120.0
  0
INSERT
  5
2EE
330
2E7
100
AcDbEntity
  8
A-DIMS
100
AcDbBlockReference
  2
_OBLIQUE
 10
10716.0
 20
16162.0
 30
0.0
 41
120.0
 42
120.0
  0
LINE
  5
2F0
330
2E7
100
AcDbEntity
  8
0
100
AcDbLine
 10
10116.0
 20
16162.0
 30
0.0
 11
10716.0
 21
16162.0
 31
0.0
  0
MTEXT
  5
2F1
330
2E7
100
AcDbEntity
  8
A-DIMS
100
AcDbMText
 10
10416.0
 20
16312.0
 30
0.0
 40
180.0
 71
5
  1
600
  7
OpenSansCondensed-Light
  0
POINT
  5
2F2
330
2E7
100
AcDbEntity
  8
Defpoints
100
AcDbPoint
 10
10116.0
 20
16162.0
 30
0.0
  0
POINT
  5
2F3
330
2E7
100
AcDbEntity
  8
Defpoints
100
AcDbPoint
 10
10116.0
 20
15612.0
 30
0.0
  0
POINT
  5
2F4
330
2E7
100
AcDbEntity
  8
Defpoints
100
AcDbPoint
 10
10716.0
 20
15612.0
 30
0.0
  0
ENDBLK
  5
2E9
330
2E7
100
AcDbEntity
  8
0
100
AcDbBlockEnd
  0
BLOCK
  5
2F7
330
2F6
100
AcDbEntity
  8
0
100
AcDbBlockBegin
  2
*D16
 70
1
 10
0.0
 20
0.0
 30
0.0
  3
*D16
  1

  0
LINE
  5
2F9
330
2F6
100
AcDbEntity
  8
0
100
AcDbLine
 10
0.0
 20
15732.0
 30
0.0
 11
0.0
 21
16732.0
 31
0.0
  0
LINE
  5
2FA
330
2F6
100
AcDbEntity
  8
0
100
AcDbLine
 10
3600.0
 20
15732.0
 30
0.0
 11
3600.0
 21
16732.0
 31
0.0
  0
INSERT
  5
2FB
330
2F6
100
AcDbEntity
  8
A-DIMS
100
AcDbBlockReference
  2
_OBLIQUE
 10
0.0
 20
16612.0
 30
0.0
 41
120.0
 42
120.0
  0
INSERT
  5
2FD
330
2F6
100
AcDbEntity
  8
A-DIMS
100
AcDbBlockReference
  2
_OBLIQUE
 10
3600.0
 20
16612.0
 30
0.0
 41
120.0
 42
120.0
  0
LINE
  5
2FF
330
2F6
100
AcDbEntity
  8
0
100
AcDbLine
 10
0.0
 20
16612.0
 30
0.0
 11
3600.0
 21
16612.0
 31
0.0
  0
MTEXT
  5
300
330
2F6
100
AcDbEntity
  8
A-DIMS
100
AcDbMText
 10
1800.0
 20
16762.0
 30
0.0
 40
180.0
 71
5
  1
3600
  7
OpenSansCondensed-Light
  0
POINT
  5
301
330
2F6
100
AcDbEntity
  8
Defpoints
100
AcDbPoint
 10
0.0
 20
16612.0
 30
0.0
  0
POINT
  5
302
330
2F6
100
AcDbEntity
  8
Defpoints
100
AcDbPoint
 10
0.0
 20
15612.0
 30
0.0
  0
POINT
  5
303
330
2F6
100
AcDbEntity
  8
Defpoints
100
AcDbPoint
 10
3600.0
 20
15612.0
 30
0.0
  0
ENDBLK
  5
2F8
330
2F6
100
AcDbEntity
  8
0
100
AcDbBlockEnd
  0
BLOCK
  5
306
330
305
100
AcDbEntity
  8
0
100
AcDbBlockBegin
  2
*D17
 70
1
 10
0.0
 20
0.0
 30
0.0
  3
*D17
  1

  0
LINE
  5
308
330
305
100
AcDbEntity
  8
0
100
AcDbLine
 10
3600.0
 20
15732.0
 30
0.0
 11
3600.0
 21
16732.0
 31
0.0
  0
LINE
  5
309
330
305
100
AcDbEntity
  8
0
100
AcDbLine
 10
5100.0
 20
15732.0
 30
0.0
 11
5100.0
 21
16732.0
 31
0.0
  0
INSERT
  5
30A
330
305
100
AcDbEntity
  8
A-DIMS
100
AcDbBlockReference
  2
_OBLIQUE
 10
3600.0
 20
16612.0
 30
0.0
 41
120.0
 42
120.0
  0
INSERT
  5
30C
330
305
100
AcDbEntity
  8
A-DIMS
100
AcDbBlockReference
  2
_OBLIQUE
 10
5100.0
 20
16612.0
 30
0.0
 41
120.0
 42
120.0
  0
LINE
  5
30E
330
305
100
AcDbEntity
  8
0
100
AcDbLine
 10
3600.0
 20
16612.0
 30
0.0
 11
5100.0
 21
16612.0
 31
0.0
  0
MTEXT
  5
30F
330
305
100
AcDbEntity
  8
A-DIMS
100
AcDbMText
 10
4350.0
 20
16762.0
 30
0.0
 40
180.0
 71
5
  1
1500
  7
OpenSansCondensed-Light
  0
POINT
  5
310
330
305
100
AcDbEntity
  8
Defpoints
100
AcDbPoint
 10
3600.0
 20
16612.0
 30
0.0
  0
POINT
  5
311
330
305
100
AcDbEntity
  8
Defpoints
100
AcDbPoint
 10
3600.0
 20
15612.0
 30
0.0
  0
POINT
  5
312
330
305
100
AcDbEntity
  8
Defpoints
100
AcDbPoint
 10
5100.0
 20
15612.0
 30
0.0
  0
ENDBLK
  5
307
330
305
100
AcDbEntity
  8
0
100
AcDbBlockEnd
  0
BLOCK
  5
315
330
314
100
AcDbEntity
  8
0
100
AcDbBlockBegin
  2
*D18
 70
1
 10
0.0
 20
0.0
 30
0.0
  3
*D18
  1

  0
LINE
  5
317
330
314
100
AcDbEntity
  8
0
100
AcDbLine
 10
5100.0
 20
15732.0
 30
0.0
 11
5100.0
 21
16732.0
 31
0.0
  0
LINE
  5
318
330
314
100
AcDbEntity
  8
0
100
AcDbLine
 10
8616.0
 20
15732.0
 30
0.0
 11
8616.0
 21
16732.0
 31
0.0
  0
INSERT
  5
319
330
314
100
AcDbEntity
  8
A-DIMS
100
AcDbBlockReference
  2
_OBLIQUE
 10
5100.0
 20
16612.0
 30
0.0
 41
120.0
 42
120.0
  0
INSERT
  5
31B
330
314
100
AcDbEntity
  8
A-DIMS
100
AcDbBlockReference
  2
_OBLIQUE
 10
8616.0
 20
16612.0
 30
0.0
 41
120.0
 42
120.0
  0
LINE
  5
31D
330
314
100
AcDbEntity
  8
0
100
AcDbLine
 10
5100.0
 20
16612.0
 30
0.0
 11
8616.0
 21
16612.0
 31
0.0
  0
MTEXT
  5
31E
330
314
100
AcDbEntity
  8
A-DIMS
100
AcDbMText
 10
6858.0
 20
16762.0
 30
0.0
 40
180.0
 71
5
  1
3516
  7
OpenSansCondensed-Light
  0
POINT
  5
31F
330
314
100
AcDbEntity
  8
Defpoints
100
AcDbPoint
 10
5100.0
 20
16612.0
 30
0.0
  0
POINT
  5
320
330
314
100
AcDbEntity
  8
Defpoints
100
AcDbPoint
 10
5100.0
 20
15612.0
 30
0.0
  0
POINT
  5
321
330
314
100
AcDbEntity
  8
Defpoints
100
AcDbPoint
 10
8616.0
 20
15612.0
 30
0.0
  0
ENDBLK
  5
316
330
314
100
AcDbEntity
  8
0
100
AcDbBlockEnd
  0
BLOCK
  5
324
330
323
100
AcDbEntity
  8
0
100
AcDbBlockBegin
  2
*D19
 70
1
 10
0.0
 20
0.0
 30
0.0
  3
*D19
  1

  0
LINE
  5
326
330
323
100
AcDbEntity
  8
0
100
AcDbLine
 10
8616.0
 20
15732.0
 30
0.0
 11
8616.0
 21
16732.0
 31
0.0
  0
LINE
  5
327
330
323
100
AcDbEntity
  8
0
100
AcDbLine
 10
10716.0
 20
15732.0
 30
0.0
 11
10716.0
 21
16732.0
 31
0.0
  0
INSERT
  5
328
330
323
100
AcDbEntity
  8
A-DIMS
100
AcDbBlockReference
  2
_OBLIQUE
 10
8616.0
 20
16612.0
 30
0.0
 41
120.0
 42
120.0
  0
INSERT
  5
32A
330
323
100
AcDbEntity
  8
A-DIMS
100
AcDbBlockReference
  2
_OBLIQUE
 10
10716.0
 20
16612.0
 30
0.0
 41
120.0
 42
120.0
  0
LINE
  5
32C
330
323
100
AcDbEntity
  8
0
100
AcDbLine
 10
8616.0
 20
16612.0
 30
0.0
 11
10716.0
 21
16612.0
 31
0.0
  0
MTEXT
  5
32D
330
323
100
AcDbEntity
  8
A-DIMS
100
AcDbMText
 10
9666.0
 20
16762.0
 30
0.0
 40
180.0
 71
5
  1
2100
  7
OpenSansCondensed-Light
  0
POINT
  5
32E
330
323
100
AcDbEntity
  8
Defpoints
100
AcDbPoint
 10
8616.0
 20
16612.0
 30
0.0
  0
POINT
  5
32F
330
323
100
AcDbEntity
  8
Defpoints
100
AcDbPoint
 10
8616.0
 20
15612.0
 30
0.0
  0
POINT
  5
330
330
323
100
AcDbEntity
  8
Defpoints
100
AcDbPoint
 10
10716.0
 20
15612.0
 30
0.0
  0
ENDBLK
  5
325
330
323
100
AcDbEntity
  8
0
100
AcDbBlockEnd
  0
BLOCK
  5
333
330
332
100
AcDbEntity
  8
0
100
AcDbBlockBegin
  2
*D20
 70
1
 10
0.0
 20
0.0
 30
0.0
  3
*D20
  1

  0
LINE
  5
335
330
332
100
AcDbEntity
  8
0
100
AcDbLine
 10
0.0
 20
15732.0
 30
0.0
 11
0.0
 21
17182.0
 31
0.0
  0
LINE
  5
336
330
332
100
AcDbEntity
  8
0
100
AcDbLine
 10
10716.0
 20
15732.0
 30
0.0
 11
10716.0
 21
17182.0
 31
0.0
  0
INSERT
  5
337
330
332
100
AcDbEntity
  8
A-DIMS
100
AcDbBlockReference
  2
_OBLIQUE
 10
0.0
 20
17062.0
 30
0.0
 41
120.0
 42
120.0
  0
INSERT
  5
339
330
332
100
AcDbEntity
  8
A-DIMS
100
AcDbBlockReference
  2
_OBLIQUE
 10
10716.0
 20
17062.0
 30
0.0
 41
120.0
 42
120.0
  0
LINE
  5
33B
330
332
100
AcDbEntity
  8
0
100
AcDbLine
 10
0.0
 20
17062.0
 30
0.0
 11
10716.0
 21
17062.0
 31
0.0
  0
MTEXT
  5
33C
330
332
100
AcDbEntity
  8
A-DIMS
100
AcDbMText
 10
5358.0
 20
17212.0
 30
0.0
 40
180.0
 71
5
  1
10716
  7
OpenSansCondensed-Light
  0
POINT
  5
33D
330
332
100
AcDbEntity
  8
Defpoints
100
AcDbPoint
 10
0.0
 20
17062.0
 30
0.0
  0
POINT
  5
33E
330
332
100
AcDbEntity
  8
Defpoints
100
AcDbPoint
 10
0.0
 20
15612.0
 30
0.0
  0
POINT
  5
33F
330
332
100
AcDbEntity
  8
Defpoints
100
AcDbPoint
 10
10716.0
 20
15612.0
 30
0.0
  0
ENDBLK
  5
334
330
332
100
AcDbEntity
  8
0
100
AcDbBlockEnd
  0
BLOCK
  5
342
330
341
100
AcDbEntity
  8
0
100
AcDbBlockBegin
  2
*D21
 70
1
 10
0.0
 20
0.0
 30
0.0
  3
*D21
  1

  0
LINE
  5
344
330
341
100
AcDbEntity
  8
0
100
AcDbLine
 10
-120.0
 20
0.0
 30
0.0
 11
-670.0
 21
0.0
 31
0.0
  0
LINE
  5
345
330
341
100
AcDbEntity
  8
0
100
AcDbLine
 10
-120.0
 20
5125.0
 30
0.0
 11
-670.0
 21
5125.0
 31
0.0
  0
INSERT
  5
346
330
341
100
AcDbEntity
  8
A-DIMS
100
AcDbBlockReference
  2
_OBLIQUE
 10
-550.0
 20
0.0
 30
0.0
 41
120.0
 42
120.0
 50
90.0
  0
INSERT
  5
348
330
341
100
AcDbEntity
  8
A-DIMS
100
AcDbBlockReference
  2
_OBLIQUE
 10
-550.0
 20
5125.0
 30
0.0
 41
120.0
 42
120.0
 50
90.0
  0
LINE
  5
34A
330
341
100
AcDbEntity
  8
0
100
AcDbLine
 10
-550.0
 20
0.0
 30
0.0
 11
-550.0
 21
5125.0
 31
0.0
  0
MTEXT
  5
34B
330
341
100
AcDbEntity
  8
A-DIMS
100
AcDbMText
 10
-700.0
 20
2562.5
 30
0.0
 40
180.0
 71
5
  1
5125
  7
OpenSansCondensed-Light
 50
90.0
  0
POINT
  5
34C
330
341
100
AcDbEntity
  8
Defpoints
100
AcDbPoint
 10
-550.0
 20
0.0
 30
0.0
  0
POINT
  5
34D
330
341
100
AcDbEntity
  8
Defpoints
100
AcDbPoint
 10
0.0
 20
0.0
 30
0.0
  0
POINT
  5
34E
330
341
100
AcDbEntity
  8
Defpoints
100
AcDbPoint
 10
0.0
 20
5125.0
 30
0.0
  0
ENDBLK
  5
343
330
341
100
AcDbEntity
  8
0
100
AcDbBlockEnd
  0
BLOCK
  5
351
330
350
100
AcDbEntity
  8
0
100
AcDbBlockBegin
  2
*D22
 70
1
 10
0.0
 20
0.0
 30
0.0
  3
*D22
  1

  0
LINE
  5
353
330
350
100
AcDbEntity
  8
0
100
AcDbLine
 10
-120.0
 20
5125.0
 30
0.0
 11
-670.0
 21
5125.0
 31
0.0
  0
LINE
  5
354
330
350
100
AcDbEntity
  8
0
100
AcDbLine
 10
-120.0
 20
6625.0
 30
0.0
 11
-670.0
 21
6625.0
 31
0.0
  0
INSERT
  5
355
330
350
100
AcDbEntity
  8
A-DIMS
100
AcDbBlockReference
  2
_OBLIQUE
 10
-550.0
 20
5125.0
 30
0.0
 41
120.0
 42
120.0
 50
90.0
  0
INSERT
  5
357
330
350
100
AcDbEntity
  8
A-DIMS
100
AcDbBlockReference
  2
_OBLIQUE
 10
-550.0
 20
6625.0
 30
0.0
 41
120.0
 42
120.0
 50
90.0
  0
LINE
  5
359
330
350
100
AcDbEntity
  8
0
100
AcDbLine
 10
-550.0
 20
5125.0
 30
0.0
 11
-550.0
 21
6625.0
 31
0.0
  0
MTEXT
  5
35A
330
350
100
AcDbEntity
  8
A-DIMS
100
AcDbMText
 10
-700.0
 20
5875.0
 30
0.0
 40
180.0
 71
5
  1
1500
  7
OpenSansCondensed-Light
 50
90.0
  0
POINT
  5
35B
330
350
100
AcDbEntity
  8
Defpoints
100
AcDbPoint
 10
-550.0
 20
5125.0
 30
0.0
  0
POINT
  5
35C
330
350
100
AcDbEntity
  8
Defpoints
100
AcDbPoint
 10
0.0
 20
5125.0
 30
0.0
  0
POINT
  5
35D
330
350
100
AcDbEntity
  8
Defpoints
100
AcDbPoint
 10
0.0
 20
6625.0
 30
0.0
  0
ENDBLK
  5
352
330
350
100
AcDbEntity
  8
0
100
AcDbBlockEnd
  0
BLOCK
  5
360
330
35F
100
AcDbEntity
  8
0
100
AcDbBlockBegin
  2
*D23
 70
1
 10
0.0
 20
0.0
 30
0.0
  3
*D23
  1

  0
LINE
  5
362
330
35F
100
AcDbEntity
  8
0
100
AcDbLine
 10
-120.0
 20
6625.0
 30
0.0
 11
-670.0
 21
6625.0
 31
0.0
  0
LINE
  5
363
330
35F
100
AcDbEntity
  8
0
100
AcDbLine
 10
-120.0
 20
7675.0
 30
0.0
 11
-670.0
 21
7675.0
 31
0.0
  0
INSERT
  5
364
330
35F
100
AcDbEntity
  8
A-DIMS
100
AcDbBlockReference
  2
_OBLIQUE
 10
-550.0
 20
6625.0
 30
0.0
 41
120.0
 42
120.0
 50
90.0
  0
INSERT
  5
366
330
35F
100
AcDbEntity
  8
A-DIMS
100
AcDbBlockReference
  2
_OBLIQUE
 10
-550.0
 20
7675.0
 30
0.0
 41
120.0
 42
120.0
 50
90.0
  0
LINE
  5
368
330
35F
100
AcDbEntity
  8
0
100
AcDbLine
 10
-550.0
 20
6625.0
 30
0.0
 11
-550.0
 21
7675.0
 31
0.0
  0
MTEXT
  5
369
330
35F
100
AcDbEntity
  8
A-DIMS
100
AcDbMText
 10
-700.0
 20
7150.0
 30
0.0
 40
180.0
 71
5
  1
1050
  7
OpenSansCondensed-Light
 50
90.0
  0
POINT
  5
36A
330
35F
100
AcDbEntity
  8
Defpoints
100
AcDbPoint
 10
-550.0
 20
6625.0
 30
0.0
  0
POINT
  5
36B
330
35F
100
AcDbEntity
  8
Defpoints
100
AcDbPoint
 10
0.0
 20
6625.0
 30
0.0
  0
POINT
  5
36C
330
35F
100
AcDbEntity
  8
Defpoints
100
AcDbPoint
 10
0.0
 20
7675.0
 30
0.0
  0
ENDBLK
  5
361
330
35F
100
AcDbEntity
  8
0
100
AcDbBlockEnd
  0
BLOCK
  5
36F
330
36E
100
AcDbEntity
  8
0
100
AcDbBlockBegin
  2
*D24
 70
1
 10
0.0
 20
0.0
 30
0.0
  3
*D24
  1

  0
LINE
  5
371
330
36E
100
AcDbEntity
  8
0
100
AcDbLine
 10
-120.0
 20
7675.0
 30
0.0
 11
-670.0
 21
7675.0
 31
0.0
  0
LINE
  5
372
330
36E
100
AcDbEntity
  8
0
100
AcDbLine
 10
-120.0
 20
8275.0
 30
0.0
 11
-670.0
 21
8275.0
 31
0.0
  0
INSERT
  5
373
330
36E
100
AcDbEntity
  8
A-DIMS
100
AcDbBlockReference
  2
_OBLIQUE
 10
-550.0
 20
7675.0
 30
0.0
 41
120.0
 42
120.0
 50
90.0
  0
INSERT
  5
375
330
36E
100
AcDbEntity
  8
A-DIMS
100
AcDbBlockReference
  2
_OBLIQUE
 10
-550.0
 20
8275.0
 30
0.0
 41
120.0
 42
120.0
 50
90.0
  0
LINE
  5
377
330
36E
100
AcDbEntity
  8
0
100
AcDbLine
 10
-550.0
 20
7675.0
 30
0.0
 11
-550.0
 21
8275.0
 31
0.0
  0
MTEXT
  5
378
330
36E
100
AcDbEntity
  8
A-DIMS
100
AcDbMText
 10
-700.0
 20
7975.0
 30
0.0
 40
180.0
 71
5
  1
600
  7
OpenSansCondensed-Light
 50
90.0
  0
POINT
  5
379
330
36E
100
AcDbEntity
  8
Defpoints
100
AcDbPoint
 10
-550.0
 20
7675.0
 30
0.0
  0
POINT
  5
37A
330
36E
100
AcDbEntity
  8
Defpoints
100
AcDbPoint
 10
0.0
 20
7675.0
 30
0.0
  0
POINT
  5
37B
330
36E
100
AcDbEntity
  8
Defpoints
100
AcDbPoint
 10
0.0
 20
8275.0
 30
0.0
  0
ENDBLK
  5
370
330
36E
100
AcDbEntity
  8
0
100
AcDbBlockEnd
  0
BLOCK
  5
37E
330
37D
100
AcDbEntity
  8
0
100
AcDbBlockBegin
  2
*D25
 70
1
 10
0.0
 20
0.0
 30
0.0
  3
*D25
  1

  0
LINE
  5
380
330
37D
100
AcDbEntity
  8
0
100
AcDbLine
 10
-120.0
 20
8275.0
 30
0.0
 11
-670.0
 21
8275.0
 31
0.0
  0
LINE
  5
381
330
37D
100
AcDbEntity
  8
0
100
AcDbLine
 10
-120.0
 20
9025.0
 30
0.0
 11
-670.0
 21
9025.0
 31
0.0
  0
INSERT
  5
382
330
37D
100
AcDbEntity
  8
A-DIMS
100
AcDbBlockReference
  2
_OBLIQUE
 10
-550.0
 20
8275.0
 30
0.0
 41
120.0
 42
120.0
 50
90.0
  0
INSERT
  5
384
330
37D
100
AcDbEntity
  8
A-DIMS
100
AcDbBlockReference
  2
_OBLIQUE
 10
-550.0
 20
9025.0
 30
0.0
 41
120.0
 42
120.0
 50
90.0
  0
LINE
  5
386
330
37D
100
AcDbEntity
  8
0
100
AcDbLine
 10
-550.0
 20
8275.0
 30
0.0
 11
-550.0
 21
9025.0
 31
0.0
  0
MTEXT
  5
387
330
37D
100
AcDbEntity
  8
A-DIMS
100
AcDbMText
 10
-700.0
 20
8650.0
 30
0.0
 40
180.0
 71
5
  1
750
  7
OpenSansCondensed-Light
 50
90.0
  0
POINT
  5
388
330
37D
100
AcDbEntity
  8
Defpoints
100
AcDbPoint
 10
-550.0
 20
8275.0
 30
0.0
  0
POINT
  5
389
330
37D
100
AcDbEntity
  8
Defpoints
100
AcDbPoint
 10
0.0
 20
8275.0
 30
0.0
  0
POINT
  5
38A
330
37D
100
AcDbEntity
  8
Defpoints
100
AcDbPoint
 10
0.0
 20
9025.0
 30
0.0
  0
ENDBLK
  5
37F
330
37D
100
AcDbEntity
  8
0
100
AcDbBlockEnd
  0
BLOCK
  5
38D
330
38C
100
AcDbEntity
  8
0
100
AcDbBlockBegin
  2
*D26
 70
1
 10
0.0
 20
0.0
 30
0.0
  3
*D26
  1

  0
LINE
  5
38F
330
38C
100
AcDbEntity
  8
0
100
AcDbLine
 10
-120.0
 20
9025.0
 30
0.0
 11
-670.0
 21
9025.0
 31
0.0
  0
LINE
  5
390
330
38C
100
AcDbEntity
  8
0
100
AcDbLine
 10
-120.0
 20
9775.0
 30
0.0
 11
-670.0
 21
9775.0
 31
0.0
  0
INSERT
  5
391
330
38C
100
AcDbEntity
  8
A-DIMS
100
AcDbBlockReference
  2
_OBLIQUE
 10
-550.0
 20
9025.0
 30
0.0
 41
120.0
 42
120.0
 50
90.0
  0
INSERT
  5
393
330
38C
100
AcDbEntity
  8
A-DIMS
100
AcDbBlockReference
  2
_OBLIQUE
 10
-550.0
 20
9775.0
 30
0.0
 41
120.0
 42
120.0
 50
90.0
  0
LINE
  5
395
330
38C
100
AcDbEntity
  8
0
100
AcDbLine
 10
-550.0
 20
9025.0
 30
0.0
 11
-550.0
 21
9775.0
 31
0.0
  0
MTEXT
  5
396
330
38C
100
AcDbEntity
  8
A-DIMS
100
AcDbMText
 10
-700.0
 20
9400.0
 30
0.0
 40
180.0
 71
5
  1
750
  7
OpenSansCondensed-Light
 50
90.0
  0
POINT
  5
397
330
38C
100
AcDbEntity
  8
Defpoints
100
AcDbPoint
 10
-550.0
 20
9025.0
 30
0.0
  0
POINT
  5
398
330
38C
100
AcDbEntity
  8
Defpoints
100
AcDbPoint
 10
0.0
 20
9025.0
 30
0.0
  0
POINT
  5
399
330
38C
100
AcDbEntity
  8
Defpoints
100
AcDbPoint
 10
0.0
 20
9775.0
 30
0.0
  0
ENDBLK
  5
38E
330
38C
100
AcDbEntity
  8
0
100
AcDbBlockEnd
  0
BLOCK
  5
39C
330
39B
100
AcDbEntity
  8
0
100
AcDbBlockBegin
  2
*D27
 70
1
 10
0.0
 20
0.0
 30
0.0
  3
*D27
  1

  0
LINE
  5
39E
330
39B
100
AcDbEntity
  8
0
100
AcDbLine
 10
-120.0
 20
9775.0
 30
0.0
 11
-670.0
 21
9775.0
 31
0.0
  0
LINE
  5
39F
330
39B
100
AcDbEntity
  8
0
100
AcDbLine
 10
-120.0
 20
11831.0
 30
0.0
 11
-670.0
 21
11831.0
 31
0.0
  0
INSERT
  5
3A0
330
39B
100
AcDbEntity
  8
A-DIMS
100
AcDbBlockReference
  2
_OBLIQUE
 10
-550.0
 20
9775.0
 30
0.0
 41
120.0
 42
120.0
 50
90.0
  0
INSERT
  5
3A2
330
39B
100
AcDbEntity
  8
A-DIMS
100
AcDbBlockReference
  2
_OBLIQUE
 10
-550.0
 20
11831.0
 30
0.0
 41
120.0
 42
120.0
 50
90.0
  0
LINE
  5
3A4
330
39B
100
AcDbEntity
  8
0
100
AcDbLine
 10
-550.0
 20
9775.0
 30
0.0
 11
-550.0
 21
11831.0
 31
0.0
  0
MTEXT
  5
3A5
330
39B
100
AcDbEntity
  8
A-DIMS
100
AcDbMText
 10
-700.0
 20
10803.0
 30
0.0
 40
180.0
 71
5
  1
2056
  7
OpenSansCondensed-Light
 50
90.0
  0
POINT
  5
3A6
330
39B
100
AcDbEntity
  8
Defpoints
100
AcDbPoint
 10
-550.0
 20
9775.0
 30
0.0
  0
POINT
  5
3A7
330
39B
100
AcDbEntity
  8
Defpoints
100
AcDbPoint
 10
0.0
 20
9775.0
 30
0.0
  0
POINT
  5
3A8
330
39B
100
AcDbEntity
  8
Defpoints
100
AcDbPoint
 10
0.0
 20
11831.0
 30
0.0
  0
ENDBLK
  5
39D
330
39B
100
AcDbEntity
  8
0
100
AcDbBlockEnd
  0
BLOCK
  5
3AB
330
3AA
100
AcDbEntity
  8
0
100
AcDbBlockBegin
  2
*D28
 70
1
 10
0.0
 20
0.0
 30
0.0
  3
*D28
  1

  0
LINE
  5
3AD
330
3AA
100
AcDbEntity
  8
0
100
AcDbLine
 10
-120.0
 20
11831.0
 30
0.0
 11
-670.0
 21
11831.0
 31
0.0
  0
LINE
  5
3AE
330
3AA
100
AcDbEntity
  8
0
100
AcDbLine
 10
-120.0
 20
13931.0
 30
0.0
 11
-670.0
 21
13931.0
 31
0.0
  0
INSERT
  5
3AF
330
3AA
100
AcDbEntity
  8
A-DIMS
100
AcDbBlockReference
  2
_OBLIQUE
 10
-550.0
 20
11831.0
 30
0.0
 41
120.0
 42
120.0
 50
90.0
  0
INSERT
  5
3B1
330
3AA
100
AcDbEntity
  8
A-DIMS
100
AcDbBlockReference
  2
_OBLIQUE
 10
-550.0
 20
13931.0
 30
0.0
 41
120.0
 42
120.0
 50
90.0
  0
LINE
  5
3B3
330
3AA
100
AcDbEntity
  8
0
100
AcDbLine
 10
-550.0
 20
11831.0
 30
0.0
 11
-550.0
 21
13931.0
 31
0.0
  0
MTEXT
  5
3B4
330
3AA
100
AcDbEntity
  8
A-DIMS
100
AcDbMText
 10
-700.0
 20
12881.0
 30
0.0
 40
180.0
 71
5
  1
2100
  7
OpenSansCondensed-Light
 50
90.0
  0
POINT
  5
3B5
330
3AA
100
AcDbEntity
  8
Defpoints
100
AcDbPoint
 10
-550.0
 20
11831.0
 30
0.0
  0
POINT
  5
3B6
330
3AA
100
AcDbEntity
  8
Defpoints
100
AcDbPoint
 10
0.0
 20
11831.0
 30
0.0
  0
POINT
  5
3B7
330
3AA
100
AcDbEntity
  8
Defpoints
100
AcDbPoint
 10
0.0
 20
13931.0
 30
0.0
  0
ENDBLK
  5
3AC
330
3AA
100
AcDbEntity
  8
0
100
AcDbBlockEnd
  0
BLOCK
  5
3BA
330
3B9
100
AcDbEntity
  8
0
100
AcDbBlockBegin
  2
*D29
 70
1
 10
0.0
 20
0.0
 30
0.0
  3
*D29
  1

  0
LINE
  5
3BC
330
3B9
100
AcDbEntity
  8
0
100
AcDbLine
 10
-120.0
 20
13931.0
 30
0.0
 11
-670.0
 21
13931.0
 31
0.0
  0
LINE
  5
3BD
330
3B9
100
AcDbEntity
  8
0
100
AcDbLine
 10
-120.0
 20
15612.0
 30
0.0
 11
-670.0
 21
15612.0
 31
0.0
  0
INSERT
  5
3BE
330
3B9
100
AcDbEntity
  8
A-DIMS
100
AcDbBlockReference
  2
_OBLIQUE
 10
-550.0
 20
13931.0
 30
0.0
 41
120.0
 42
120.0
 50
90.0
  0
INSERT
  5
3C0
330
3B9
100
AcDbEntity
  8
A-DIMS
100
AcDbBlockReference
  2
_OBLIQUE
 10
-550.0
 20
15612.0
 30
0.0
 41
120.0
 42
120.0
 50
90.0
  0
LINE
  5
3C2
330
3B9
100
AcDbEntity
  8
0
100
AcDbLine
 10
-550.0
 20
13931.0
 30
0.0
 11
-550.0
 21
15612.0
 31
0.0
  0
MTEXT
  5
3C3
330
3B9
100
AcDbEntity
  8
A-DIMS
100
AcDbMText
 10
-700.0
 20
14771.5
 30
0.0
 40
180.0
 71
5
  1
1681
  7
OpenSansCondensed-Light
 50
90.0
  0
POINT
  5
3C4
330
3B9
100
AcDbEntity
  8
Defpoints
100
AcDbPoint
 10
-550.0
 20
13931.0
 30
0.0
  0
POINT
  5
3C5
330
3B9
100
AcDbEntity
  8
Defpoints
100
AcDbPoint
 10
0.0
 20
13931.0
 30
0.0
  0
POINT
  5
3C6
330
3B9
100
AcDbEntity
  8
Defpoints
100
AcDbPoint
 10
0.0
 20
15612.0
 30
0.0
  0
ENDBLK
  5
3BB
330
3B9
100
AcDbEntity
  8
0
100
AcDbBlockEnd
  0
BLOCK
  5
3C9
330
3C8
100
AcDbEntity
  8
0
100
AcDbBlockBegin
  2
*D30
 70
1
 10
0.0
 20
0.0
 30
0.0
  3
*D30
  1

  0
LINE
  5
3CB
330
3C8
100
AcDbEntity
  8
0
100
AcDbLine
 10
-120.0
 20
0.0
 30
0.0
 11
-1120.0
 21
0.0
 31
0.0
  0
LINE
  5
3CC
330
3C8
100
AcDbEntity
  8
0
100
AcDbLine
 10
-120.0
 20
4450.0
 30
0.0
 11
-1120.0
 21
4450.0
 31
0.0
  0
INSERT
  5
3CD
330
3C8
100
AcDbEntity
  8
A-DIMS
100
AcDbBlockReference
  2
_OBLIQUE
 10
-1000.0
 20
0.0
 30
0.0
 41
120.0
 42
120.0
 50
90.0
  0
INSERT
  5
3CF
330
3C8
100
AcDbEntity
  8
A-DIMS
100
AcDbBlockReference
  2
_OBLIQUE
 10
-1000.0
 20
4450.0
 30
0.0
 41
120.0
 42
120.0
 50
90.0
  0
LINE
  5
3D1
330
3C8
100
AcDbEntity
  8
0
100
AcDbLine
 10
-1000.0
 20
0.0
 30
0.0
 11
-1000.0
 21
4450.0
 31
0.0
  0
MTEXT
  5
3D2
330
3C8
100
AcDbEntity
  8
A-DIMS
100
AcDbMText
 10
-1150.0
 20
2225.0
 30
0.0
 40
180.0
 71
5
  1
4450
  7
OpenSansCondensed-Light
 50
90.0
  0
POINT
  5
3D3
330
3C8
100
AcDbEntity
  8
Defpoints
100
AcDbPoint
 10
-1000.0
 20
0.0
 30
0.0
  0
POINT
  5
3D4
330
3C8
100
AcDbEntity
  8
Defpoints
100
AcDbPoint
 10
0.0
 20
0.0
 30
0.0
  0
POINT
  5
3D5
330
3C8
100
AcDbEntity
  8
Defpoints
100
AcDbPoint
 10
0.0
 20
4450.0
 30
0.0
  0
ENDBLK
  5
3CA
330
3C8
100
AcDbEntity
  8
0
100
AcDbBlockEnd
  0
BLOCK
  5
3D8
330
3D7
100
AcDbEntity
  8
0
100
AcDbBlockBegin
  2
*D31
 70
1
 10
0.0
 20
0.0
 30
0.0
  3
*D31
  1

  0
LINE
  5
3DA
330
3D7
100
AcDbEntity
  8
0
100
AcDbLine
 10
-120.0
 20
4450.0
 30
0.0
 11
-1120.0
 21
4450.0
 31
0.0
  0
LINE
  5
3DB
330
3D7
100
AcDbEntity
  8
0
100
AcDbLine
 10
-120.0
 20
7300.0
 30
0.0
 11
-1120.0
 21
7300.0
 31
0.0
  0
INSERT
  5
3DC
330
3D7
100
AcDbEntity
  8
A-DIMS
100
AcDbBlockReference
  2
_OBLIQUE
 10
-1000.0
 20
4450.0
 30
0.0
 41
120.0
 42
120.0
 50
90.0
  0
INSERT
  5
3DE
330
3D7
100
AcDbEntity
  8
A-DIMS
100
AcDbBlockReference
  2
_OBLIQUE
 10
-1000.0
 20
7300.0
 30
0.0
 41
120.0
 42
120.0
 50
90.0
  0
LINE
  5
3E0
330
3D7
100
AcDbEntity
  8
0
100
AcDbLine
 10
-1000.0
 20
4450.0
 30
0.0
 11
-1000.0
 21
7300.0
 31
0.0
  0
MTEXT
  5
3E1
330
3D7
100
AcDbEntity
  8
A-DIMS
100
AcDbMText
 10
-1150.0
 20
5875.0
 30
0.0
 40
180.0
 71
5
  1
2850
  7
OpenSansCondensed-Light
 50
90.0
  0
POINT
  5
3E2
330
3D7
100
AcDbEntity
  8
Defpoints
100
AcDbPoint
 10
-1000.0
 20
4450.0
 30
0.0
  0
POINT
  5
3E3
330
3D7
100
AcDbEntity
  8
Defpoints
100
AcDbPoint
 10
0.0
 20
4450.0
 30
0.0
  0
POINT
  5
3E4
330
3D7
100
AcDbEntity
  8
Defpoints
100
AcDbPoint
 10
0.0
 20
7300.0
 30
0.0
  0
ENDBLK
  5
3D9
330
3D7
100
AcDbEntity
  8
0
100
AcDbBlockEnd
  0
BLOCK
  5
3E7
330
3E6
100
AcDbEntity
  8
0
100
AcDbBlockBegin
  2
*D32
 70
1
 10
0.0
 20
0.0
 30
0.0
  3
*D32
  1

  0
LINE
  5
3E9
330
3E6
100
AcDbEntity
  8
0
100
AcDbLine
 10
-120.0
 20
7300.0
 30
0.0
 11
-1120.0
 21
7300.0
 31
0.0
  0
LINE
  5
3EA
330
3E6
100
AcDbEntity
  8
0
100
AcDbLine
 10
-120.0
 20
8650.0
 30
0.0
 11
-1120.0
 21
8650.0
 31
0.0
  0
INSERT
  5
3EB
330
3E6
100
AcDbEntity
  8
A-DIMS
100
AcDbBlockReference
  2
_OBLIQUE
 10
-1000.0
 20
7300.0
 30
0.0
 41
120.0
 42
120.0
 50
90.0
  0
INSERT
  5
3ED
330
3E6
100
AcDbEntity
  8
A-DIMS
100
AcDbBlockReference
  2
_OBLIQUE
 10
-1000.0
 20
8650.0
 30
0.0
 41
120.0
 42
120.0
 50
90.0
  0
LINE
  5
3EF
330
3E6
100
AcDbEntity
  8
0
100
AcDbLine
 10
-1000.0
 20
7300.0
 30
0.0
 11
-1000.0
 21
8650.0
 31
0.0
  0
MTEXT
  5
3F0
330
3E6
100
AcDbEntity
  8
A-DIMS
100
AcDbMText
 10
-1150.0
 20
7975.0
 30
0.0
 40
180.0
 71
5
  1
1350
  7
OpenSansCondensed-Light
 50
90.0
  0
POINT
  5
3F1
330
3E6
100
AcDbEntity
  8
Defpoints
100
AcDbPoint
 10
-1000.0
 20
7300.0
 30
0.0
  0
POINT
  5
3F2
330
3E6
100
AcDbEntity
  8
Defpoints
100
AcDbPoint
 10
0.0
 20
7300.0
 30
0.0
  0
POINT
  5
3F3
330
3E6
100
AcDbEntity
  8
Defpoints
100
AcDbPoint
 10
0.0
 20
8650.0
 30
0.0
  0
ENDBLK
  5
3E8
330
3E6
100
AcDbEntity
  8
0
100
AcDbBlockEnd
  0
BLOCK
  5
3F6
330
3F5
100
AcDbEntity
  8
0
100
AcDbBlockBegin
  2
*D33
 70
1
 10
0.0
 20
0.0
 30
0.0
  3
*D33
  1

  0
LINE
  5
3F8
330
3F5
100
AcDbEntity
  8
0
100
AcDbLine
 10
-120.0
 20
8650.0
 30
0.0
 11
-1120.0
 21
8650.0
 31
0.0
  0
LINE
  5
3F9
330
3F5
100
AcDbEntity
  8
0
100
AcDbLine
 10
-120.0
 20
10150.0
 30
0.0
 11
-1120.0
 21
10150.0
 31
0.0
  0
INSERT
  5
3FA
330
3F5
100
AcDbEntity
  8
A-DIMS
100
AcDbBlockReference
  2
_OBLIQUE
 10
-1000.0
 20
8650.0
 30
0.0
 41
120.0
 42
120.0
 50
90.0
  0
INSERT
  5
3FC
330
3F5
100
AcDbEntity
  8
A-DIMS
100
AcDbBlockReference
  2
_OBLIQUE
 10
-1000.0
 20
10150.0
 30
0.0
 41
120.0
 42
120.0
 50
90.0
  0
LINE
  5
3FE
330
3F5
100
AcDbEntity
  8
0
100
AcDbLine
 10
-1000.0
 20
8650.0
 30
0.0
 11
-1000.0
 21
10150.0
 31
0.0
  0
MTEXT
  5
3FF
330
3F5
100
AcDbEntity
  8
A-DIMS
100
AcDbMText
 10
-1150.0
 20
9400.0
 30
0.0
 40
180.0
 71
5
  1
1500
  7
OpenSansCondensed-Light
 50
90.0
  0
POINT
  5
400
330
3F5
100
AcDbEntity
  8
Defpoints
100
AcDbPoint
 10
-1000.0
 20
8650.0
 30
0.0
  0
POINT
  5
401
330
3F5
100
AcDbEntity
  8
Defpoints
100
AcDbPoint
 10
0.0
 20
8650.0
 30
0.0
  0
POINT
  5
402
330
3F5
100
AcDbEntity
  8
Defpoints
100
AcDbPoint
 10
0.0
 20
10150.0
 30
0.0
  0
ENDBLK
  5
3F7
330
3F5
100
AcDbEntity
  8
0
100
AcDbBlockEnd
  0
BLOCK
  5
405
330
404
100
AcDbEntity
  8
0
100
AcDbBlockBegin
  2
*D34
 70
1
 10
0.0
 20
0.0
 30
0.0
  3
*D34
  1

  0
LINE
  5
407
330
404
100
AcDbEntity
  8
0
100
AcDbLine
 10
-120.0
 20
10150.0
 30
0.0
 11
-1120.0
 21
10150.0
 31
0.0
  0
LINE
  5
408
330
404
100
AcDbEntity
  8
0
100
AcDbLine
 10
-120.0
 20
15612.0
 30
0.0
 11
-1120.0
 21
15612.0
 31
0.0
  0
INSERT
  5
409
330
404
100
AcDbEntity
  8
A-DIMS
100
AcDbBlockReference
  2
_OBLIQUE
 10
-1000.0
 20
10150.0
 30
0.0
 41
120.0
 42
120.0
 50
90.0
  0
INSERT
  5
40B
330
404
100
AcDbEntity
  8
A-DIMS
100
AcDbBlockReference
  2
_OBLIQUE
 10
-1000.0
 20
15612.0
 30
0.0
 41
120.0
 42
120.0
 50
90.0
  0
LINE
  5
40D
330
404
100
AcDbEntity
  8
0
100
AcDbLine
 10
-1000.0
 20
10150.0
 30
0.0
 11
-1000.0
 21
15612.0
 31
0.0
  0
MTEXT
  5
40E
330
404
100
AcDbEntity
  8
A-DIMS
100
AcDbMText
 10
-1150.0
 20
12881.0
 30
0.0
 40
180.0
 71
5
  1
5462
  7
OpenSansCondensed-Light
 50
90.0
  0
POINT
  5
40F
330
404
100
AcDbEntity
  8
Defpoints
100
AcDbPoint
 10
-1000.0
 20
10150.0
 30
0.0
  0
POINT
  5
410
330
404
100
AcDbEntity
  8
Defpoints
100
AcDbPoint
 10
0.0
 20
10150.0
 30
0.0
  0
POINT
  5
411
330
404
100
AcDbEntity
  8
Defpoints
100
AcDbPoint
 10
0.0
 20
15612.0
 30
0.0
  0
ENDBLK
  5
406
330
404
100
AcDbEntity
  8
0
100
AcDbBlockEnd
  0
BLOCK
  5
414
330
413
100
AcDbEntity
  8
0
100
AcDbBlockBegin
  2
*D35
 70
1
 10
0.0
 20
0.0
 30
0.0
  3
*D35
  1

  0
LINE
  5
416
330
413
100
AcDbEntity
  8
0
100
AcDbLine
 10
-119.99999999999999
 20
0.0
 30
0.0
 11
-1570.0
 21
0.0
 31
0.0
  0
LINE
  5
417
330
413
100
AcDbEntity
  8
0
100
AcDbLine
 10
-119.99999999999999
 20
15612.0
 30
0.0
 11
-1570.0
 21
15612.0
 31
0.0
  0
INSERT
  5
418
330
413
100
AcDbEntity
  8
A-DIMS
100
AcDbBlockReference
  2
_OBLIQUE
 10
-1450.0
 20
0.0
 30
0.0
 41
120.0
 42
120.0
 50
90.0
  0
INSERT
  5
41A
330
413
100
AcDbEntity
  8
A-DIMS
100
AcDbBlockReference
  2
_OBLIQUE
 10
-1450.0
 20
15612.0
 30
0.0
 41
120.0
 42
120.0
 50
90.0
  0
LINE
  5
41C
330
413
100
AcDbEntity
  8
0
100
AcDbLine
 10
-1450.0
 20
0.0
 30
0.0
 11
-1450.0
 21
15612.0
 31
0.0
  0
MTEXT
  5
41D
330
413
100
AcDbEntity
  8
A-DIMS
100
AcDbMText
 10
-1600.0
 20
7806.0
 30
0.0
 40
180.0
 71
5
  1
15612
  7
OpenSansCondensed-Light
 50
90.0
  0
POINT
  5
41E
330
413
100
AcDbEntity
  8
Defpoints
100
AcDbPoint
 10
-1450.0
 20
0.0
 30
0.0
  0
POINT
  5
41F
330
413
100
AcDbEntity
  8
Defpoints
100
AcDbPoint
 10
0.0
 20
0.0
 30
0.0
  0
POINT
  5
420
330
413
100
AcDbEntity
  8
Defpoints
100
AcDbPoint
 10
0.0
 20
15612.0
 30
0.0
  0
ENDBLK
  5
415
330
413
100
AcDbEntity
  8
0
100
AcDbBlockEnd
  0
BLOCK
  5
423
330
422
100
AcDbEntity
  8
0
100
AcDbBlockBegin
  2
*D36
 70
1
 10
0.0
 20
0.0
 30
0.0
  3
*D36
  1

  0
LINE
  5
425
330
422
100
AcDbEntity
  8
0
100
AcDbLine
 10
10836.0
 20
0.0
 30
0.0
 11
11386.0
 21
0.0
 31
0.0
  0
LINE
  5
426
330
422
100
AcDbEntity
  8
0
100
AcDbLine
 10
10836.0
 20
1175.0
 30
0.0
 11
11386.0
 21
1175.0
 31
0.0
  0
INSERT
  5
427
330
422
100
AcDbEntity
  8
A-DIMS
100
AcDbBlockReference
  2
_OBLIQUE
 10
11266.0
 20
0.0
 30
0.0
 41
120.0
 42
120.0
 50
90.0
  0
INSERT
  5
429
330
422
100
AcDbEntity
  8
A-DIMS
100
AcDbBlockReference
  2
_OBLIQUE
 10
11266.0
 20
1175.0
 30
0.0
 41
120.0
 42
120.0
 50
90.0
  0
LINE
  5
42B
330
422
100
AcDbEntity
  8
0
100
AcDbLine
 10
11266.0
 20
0.0
 30
0.0
 11
11266.0
 21
1175.0
 31
0.0
  0
MTEXT
  5
42C
330
422
100
AcDbEntity
  8
A-DIMS
100
AcDbMText
 10
11116.0
 20
587.5
 30
0.0
 40
180.0
 71
5
  1
1175
  7
OpenSansCondensed-Light
 50
90.0
  0
POINT
  5
42D
330
422
100
AcDbEntity
  8
Defpoints
100
AcDbPoint
 10
11266.0
 20
0.0
 30
0.0
  0
POINT
  5
42E
330
422
100
AcDbEntity
  8
Defpoints
100
AcDbPoint
 10
10716.0
 20
0.0
 30
0.0
  0
POINT
  5
42F
330
422
100
AcDbEntity
  8
Defpoints
100
AcDbPoint
 10
10716.0
 20
1175.0
 30
0.0
  0
ENDBLK
  5
424
330
422
100
AcDbEntity
  8
0
100
AcDbBlockEnd
  0
BLOCK
  5
432
330
431
100
AcDbEntity
  8
0
100
AcDbBlockBegin
  2
*D37
 70
1
 10
0.0
 20
0.0
 30
0.0
  3
*D37
  1

  0
LINE
  5
434
330
431
100
AcDbEntity
  8
0
100
AcDbLine
 10
10836.0
 20
1175.0
 30
0.0
 11
11386.0
 21
1175.0
 31
0.0
  0
LINE
  5
435
330
431
100
AcDbEntity
  8
0
100
AcDbLine
 10
10836.0
 20
3275.0
 30
0.0
 11
11386.0
 21
3275.0
 31
0.0
  0
INSERT
  5
436
330
431
100
AcDbEntity
  8
A-DIMS
100
AcDbBlockReference
  2
_OBLIQUE
 10
11266.0
 20
1175.0
 30
0.0
 41
120.0
 42
120.0
 50
90.0
  0
INSERT
  5
438
330
431
100
AcDbEntity
  8
A-DIMS
100
AcDbBlockReference
  2
_OBLIQUE
 10
11266.0
 20
3275.0
 30
0.0
 41
120.0
 42
120.0
 50
90.0
  0
LINE
  5
43A
330
431
100
AcDbEntity
  8
0
100
AcDbLine
 10
11266.0
 20
1175.0
 30
0.0
 11
11266.0
 21
3275.0
 31
0.0
  0
MTEXT
  5
43B
330
431
100
AcDbEntity
  8
A-DIMS
100
AcDbMText
 10
11116.0
 20
2225.0
 30
0.0
 40
180.0
 71
5
  1
2100
  7
OpenSansCondensed-Light
 50
90.0
  0
POINT
  5
43C
330
431
100
AcDbEntity
  8
Defpoints
100
AcDbPoint
 10
11266.0
 20
1175.0
 30
0.0
  0
POINT
  5
43D
330
431
100
AcDbEntity
  8
Defpoints
100
AcDbPoint
 10
10716.0
 20
1175.0
 30
0.0
  0
POINT
  5
43E
330
431
100
AcDbEntity
  8
Defpoints
100
AcDbPoint
 10
10716.0
 20
3275.0
 30
0.0
  0
ENDBLK
  5
433
330
431
100
AcDbEntity
  8
0
100
AcDbBlockEnd
  0
BLOCK
  5
441
330
440
100
AcDbEntity
  8
0
100
AcDbBlockBegin
  2
*D38
 70
1
 10
0.0
 20
0.0
 30
0.0
  3
*D38
  1

  0
LINE
  5
443
330
440
100
AcDbEntity
  8
0
100
AcDbLine
 10
10836.0
 20
3275.0
 30
0.0
 11
11386.0
 21
3275.0
 31
0.0
  0
LINE
  5
444
330
440
100
AcDbEntity
  8
0
100
AcDbLine
 10
10836.0
 20
7150.0
 30
0.0
 11
11386.0
 21
7150.0
 31
0.0
  0
INSERT
  5
445
330
440
100
AcDbEntity
  8
A-DIMS
100
AcDbBlockReference
  2
_OBLIQUE
 10
11266.0
 20
3275.0
 30
0.0
 41
120.0
 42
120.0
 50
90.0
  0
INSERT
  5
447
330
440
100
AcDbEntity
  8
A-DIMS
100
AcDbBlockReference
  2
_OBLIQUE
 10
11266.0
 20
7150.0
 30
0.0
 41
120.0
 42
120.0
 50
90.0
  0
LINE
  5
449
330
440
100
AcDbEntity
  8
0
100
AcDbLine
 10
11266.0
 20
3275.0
 30
0.0
 11
11266.0
 21
7150.0
 31
0.0
  0
MTEXT
  5
44A
330
440
100
AcDbEntity
  8
A-DIMS
100
AcDbMText
 10
11116.0
 20
5212.5
 30
0.0
 40
180.0
 71
5
  1
3875
  7
OpenSansCondensed-Light
 50
90.0
  0
POINT
  5
44B
330
440
100
AcDbEntity
  8
Defpoints
100
AcDbPoint
 10
11266.0
 20
3275.0
 30
0.0
  0
POINT
  5
44C
330
440
100
AcDbEntity
  8
Defpoints
100
AcDbPoint
 10
10716.0
 20
3275.0
 30
0.0
  0
POINT
  5
44D
330
440
100
AcDbEntity
  8
Defpoints
100
AcDbPoint
 10
10716.0
 20
7150.0
 30
0.0
  0
ENDBLK
  5
442
330
440
100
AcDbEntity
  8
0
100
AcDbBlockEnd
  0
BLOCK
  5
450
330
44F
100
AcDbEntity
  8
0
100
AcDbBlockBegin
  2
*D39
 70
1
 10
0.0
 20
0.0
 30
0.0
  3
*D39
  1

  0
LINE
  5
452
330
44F
100
AcDbEntity
  8
0
100
AcDbLine
 10
10836.0
 20
7150.0
 30
0.0
 11
11386.0
 21
7150.0
 31
0.0
  0
LINE
  5
453
330
44F
100
AcDbEntity
  8
0
100
AcDbLine
 10
10836.0
 20
7750.0
 30
0.0
 11
11386.0
 21
7750.0
 31
0.0
  0
INSERT
  5
454
330
44F
100
AcDbEntity
  8
A-DIMS
100
AcDbBlockReference
  2
_OBLIQUE
 10
11266.0
 20
7150.0
 30
0.0
 41
120.0
 42
120.0
 50
90.0
  0
INSERT
  5
456
330
44F
100
AcDbEntity
  8
A-DIMS
100
AcDbBlockReference
  2
_OBLIQUE
 10
11266.0
 20
7750.0
 30
0.0
 41
120.0
 42
120.0
 50
90.0
  0
LINE
  5
458
330
44F
100
AcDbEntity
  8
0
100
AcDbLine
 10
11266.0
 20
7150.0
 30
0.0
 11
11266.0
 21
7750.0
 31
0.0
  0
MTEXT
  5
459
330
44F
100
AcDbEntity
  8
A-DIMS
100
AcDbMText
 10
11116.0
 20
7450.0
 30
0.0
 40
180.0
 71
5
  1
600
  7
OpenSansCondensed-Light
 50
90.0
  0
POINT
  5
45A
330
44F
100
AcDbEntity
  8
Defpoints
100
AcDbPoint
 10
11266.0
 20
7150.0
 30
0.0
  0
POINT
  5
45B
330
44F
100
AcDbEntity
  8
Defpoints
100
AcDbPoint
 10
10716.0
 20
7150.0
 30
0.0
  0
POINT
  5
45C
330
44F
100
AcDbEntity
  8
Defpoints
100
AcDbPoint
 10
10716.0
 20
7750.0
 30
0.0
  0
ENDBLK
  5
451
330
44F
100
AcDbEntity
  8
0
100
AcDbBlockEnd
  0
BLOCK
  5
45F
330
45E
100
AcDbEntity
  8
0
100
AcDbBlockBegin
  2
*D40
 70
1
 10
0.0
 20
0.0
 30
0.0
  3
*D40
  1

  0
LINE
  5
461
330
45E
100
AcDbEntity
  8
0
100
AcDbLine
 10
10836.0
 20
7750.0
 30
0.0
 11
11386.0
 21
7750.0
 31
0.0
  0
LINE
  5
462
330
45E
100
AcDbEntity
  8
0
100
AcDbLine
 10
10836.0
 20
9300.0
 30
0.0
 11
11386.0
 21
9300.0
 31
0.0
  0
INSERT
  5
463
330
45E
100
AcDbEntity
  8
A-DIMS
100
AcDbBlockReference
  2
_OBLIQUE
 10
11266.0
 20
7750.0
 30
0.0
 41
120.0
 42
120.0
 50
90.0
  0
INSERT
  5
465
330
45E
100
AcDbEntity
  8
A-DIMS
100
AcDbBlockReference
  2
_OBLIQUE
 10
11266.0
 20
9300.0
 30
0.0
 41
120.0
 42
120.0
 50
90.0
  0
LINE
  5
467
330
45E
100
AcDbEntity
  8
0
100
AcDbLine
 10
11266.0
 20
7750.0
 30
0.0
 11
11266.0
 21
9300.0
 31
0.0
  0
MTEXT
  5
468
330
45E
100
AcDbEntity
  8
A-DIMS
100
AcDbMText
 10
11116.0
 20
8525.0
 30
0.0
 40
180.0
 71
5
  1
1550
  7
OpenSansCondensed-Light
 50
90.0
  0
POINT
  5
469
330
45E
100
AcDbEntity
  8
Defpoints
100
AcDbPoint
 10
11266.0
 20
7750.0
 30
0.0
  0
POINT
  5
46A
330
45E
100
AcDbEntity
  8
Defpoints
100
AcDbPoint
 10
10716.0
 20
7750.0
 30
0.0
  0
POINT
  5
46B
330
45E
100
AcDbEntity
  8
Defpoints
100
AcDbPoint
 10
10716.0
 20
9300.0
 30
0.0
  0
ENDBLK
  5
460
330
45E
100
AcDbEntity
  8
0
100
AcDbBlockEnd
  0
BLOCK
  5
46E
330
46D
100
AcDbEntity
  8
0
100
AcDbBlockBegin
  2
*D41
 70
1
 10
0.0
 20
0.0
 30
0.0
  3
*D41
  1

  0
LINE
  5
470
330
46D
100
AcDbEntity
  8
0
100
AcDbLine
 10
10836.0
 20
9300.0
 30
0.0
 11
11386.0
 21
9300.0
 31
0.0
  0
LINE
  5
471
330
46D
100
AcDbEntity
  8
0
100
AcDbLine
 10
10836.0
 20
10800.0
 30
0.0
 11
11386.0
 21
10800.0
 31
0.0
  0
INSERT
  5
472
330
46D
100
AcDbEntity
  8
A-DIMS
100
AcDbBlockReference
  2
_OBLIQUE
 10
11266.0
 20
9300.0
 30
0.0
 41
120.0
 42
120.0
 50
90.0
  0
INSERT
  5
474
330
46D
100
AcDbEntity
  8
A-DIMS
100
AcDbBlockReference
  2
_OBLIQUE
 10
11266.0
 20
10800.0
 30
0.0
 41
120.0
 42
120.0
 50
90.0
  0
LINE
  5
476
330
46D
100
AcDbEntity
  8
0
100
AcDbLine
 10
11266.0
 20
9300.0
 30
0.0
 11
11266.0
 21
10800.0
 31
0.0
  0
MTEXT
  5
477
330
46D
100
AcDbEntity
  8
A-DIMS
100
AcDbMText
 10
11116.0
 20
10050.0
 30
0.0
 40
180.0
 71
5
  1
1500
  7
OpenSansCondensed-Light
 50
90.0
  0
POINT
  5
478
330
46D
100
AcDbEntity
  8
Defpoints
100
AcDbPoint
 10
11266.0
 20
9300.0
 30
0.0
  0
POINT
  5
479
330
46D
100
AcDbEntity
  8
Defpoints
100
AcDbPoint
 10
10716.0
 20
9300.0
 30
0.0
  0
POINT
  5
47A
330
46D
100
AcDbEntity
  8
Defpoints
100
AcDbPoint
 10
10716.0
 20
10800.0
 30
0.0
  0
ENDBLK
  5
46F
330
46D
100
AcDbEntity
  8
0
100
AcDbBlockEnd
  0
BLOCK
  5
47D
330
47C
100
AcDbEntity
  8
0
100
AcDbBlockBegin
  2
*D42
 70
1
 10
0.0
 20
0.0
 30
0.0
  3
*D42
  1

  0
LINE
  5
47F
330
47C
100
AcDbEntity
  8
0
100
AcDbLine
 10
10836.0
 20
10800.0
 30
0.0
 11
11386.0
 21
10800.0
 31
0.0
  0
LINE
  5
480
330
47C
100
AcDbEntity
  8
0
100
AcDbLine
 10
10836.0
 20
11975.0
 30
0.0
 11
11386.0
 21
11975.0
 31
0.0
  0
INSERT
  5
481
330
47C
100
AcDbEntity
  8
A-DIMS
100
AcDbBlockReference
  2
_OBLIQUE
 10
11266.0
 20
10800.0
 30
0.0
 41
120.0
 42
120.0
 50
90.0
  0
INSERT
  5
483
330
47C
100
AcDbEntity
  8
A-DIMS
100
AcDbBlockReference
  2
_OBLIQUE
 10
11266.0
 20
11975.0
 30
0.0
 41
120.0
 42
120.0
 50
90.0
  0
LINE
  5
485
330
47C
100
AcDbEntity
  8
0
100
AcDbLine
 10
11266.0
 20
10800.0
 30
0.0
 11
11266.0
 21
11975.0
 31
0.0
  0
MTEXT
  5
486
330
47C
100
AcDbEntity
  8
A-DIMS
100
AcDbMText
 10
11116.0
 20
11387.5
 30
0.0
 40
180.0
 71
5
  1
1175
  7
OpenSansCondensed-Light
 50
90.0
  0
POINT
  5
487
330
47C
100
AcDbEntity
  8
Defpoints
100
AcDbPoint
 10
11266.0
 20
10800.0
 30
0.0
  0
POINT
  5
488
330
47C
100
AcDbEntity
  8
Defpoints
100
AcDbPoint
 10
10716.0
 20
10800.0
 30
0.0
  0
POINT
  5
489
330
47C
100
AcDbEntity
  8
Defpoints
100
AcDbPoint
 10
10716.0
 20
11975.0
 30
0.0
  0
ENDBLK
  5
47E
330
47C
100
AcDbEntity
  8
0
100
AcDbBlockEnd
  0
BLOCK
  5
48C
330
48B
100
AcDbEntity
  8
0
100
AcDbBlockBegin
  2
*D43
 70
1
 10
0.0
 20
0.0
 30
0.0
  3
*D43
  1

  0
LINE
  5
48E
330
48B
100
AcDbEntity
  8
0
100
AcDbLine
 10
10836.0
 20
11975.0
 30
0.0
 11
11386.0
 21
11975.0
 31
0.0
  0
LINE
  5
48F
330
48B
100
AcDbEntity
  8
0
100
AcDbLine
 10
10836.0
 20
12875.0
 30
0.0
 11
11386.0
 21
12875.0
 31
0.0
  0
INSERT
  5
490
330
48B
100
AcDbEntity
  8
A-DIMS
100
AcDbBlockReference
  2
_OBLIQUE
 10
11266.0
 20
11975.0
 30
0.0
 41
120.0
 42
120.0
 50
90.0
  0
INSERT
  5
492
330
48B
100
AcDbEntity
  8
A-DIMS
100
AcDbBlockReference
  2
_OBLIQUE
 10
11266.0
 20
12875.0
 30
0.0
 41
120.0
 42
120.0
 50
90.0
  0
LINE
  5
494
330
48B
100
AcDbEntity
  8
0
100
AcDbLine
 10
11266.0
 20
11975.0
 30
0.0
 11
11266.0
 21
12875.0
 31
0.0
  0
MTEXT
  5
495
330
48B
100
AcDbEntity
  8
A-DIMS
100
AcDbMText
 10
11116.0
 20
12425.0
 30
0.0
 40
180.0
 71
5
  1
900
  7
OpenSansCondensed-Light
 50
90.0
  0
POINT
  5
496
330
48B
100
AcDbEntity
  8
Defpoints
100
AcDbPoint
 10
11266.0
 20
11975.0
 30
0.0
  0
POINT
  5
497
330
48B
100
AcDbEntity
  8
Defpoints
100
AcDbPoint
 10
10716.0
 20
11975.0
 30
0.0
  0
POINT
  5
498
330
48B
100
AcDbEntity
  8
Defpoints
100
AcDbPoint
 10
10716.0
 20
12875.0
 30
0.0
  0
ENDBLK
  5
48D
330
48B
100
AcDbEntity
  8
0
100
AcDbBlockEnd
  0
BLOCK
  5
49B
330
49A
100
AcDbEntity
  8
0
100
AcDbBlockBegin
  2
*D44
 70
1
 10
0.0
 20
0.0
 30
0.0
  3
*D44
  1

  0
LINE
  5
49D
330
49A
100
AcDbEntity
  8
0
100
AcDbLine
 10
10836.0
 20
12875.0
 30
0.0
 11
11386.0
 21
12875.0
 31
0.0
  0
LINE
  5
49E
330
49A
100
AcDbEntity
  8
0
100
AcDbLine
 10
10836.0
 20
14056.0
 30
0.0
 11
11386.0
 21
14056.0
 31
0.0
  0
INSERT
  5
49F
330
49A
100
AcDbEntity
  8
A-DIMS
100
AcDbBlockReference
  2
_OBLIQUE
 10
11266.0
 20
12875.0
 30
0.0
 41
120.0
 42
120.0
 50
90.0
  0
INSERT
  5
4A1
330
49A
100
AcDbEntity
  8
A-DIMS
100
AcDbBlockReference
  2
_OBLIQUE
 10
11266.0
 20
14056.0
 30
0.0
 41
120.0
 42
120.0
 50
90.0
  0
LINE
  5
4A3
330
49A
100
AcDbEntity
  8
0
100
AcDbLine
 10
11266.0
 20
12875.0
 30
0.0
 11
11266.0
 21
14056.0
 31
0.0
  0
MTEXT
  5
4A4
330
49A
100
AcDbEntity
  8
A-DIMS
100
AcDbMText
 10
11116.0
 20
13465.5
 30
0.0
 40
180.0
 71
5
  1
1181
  7
OpenSansCondensed-Light
 50
90.0
  0
POINT
  5
4A5
330
49A
100
AcDbEntity
  8
Defpoints
100
AcDbPoint
 10
11266.0
 20
12875.0
 30
0.0
  0
POINT
  5
4A6
330
49A
100
AcDbEntity
  8
Defpoints
100
AcDbPoint
 10
10716.0
 20
12875.0
 30
0.0
  0
POINT
  5
4A7
330
49A
100
AcDbEntity
  8
Defpoints
100
AcDbPoint
 10
10716.0
 20
14056.0
 30
0.0
  0
ENDBLK
  5
49C
330
49A
100
AcDbEntity
  8
0
100
AcDbBlockEnd
  0
BLOCK
  5
4AA
330
4A9
100
AcDbEntity
  8
0
100
AcDbBlockBegin
  2
*D45
 70
1
 10
0.0
 20
0.0
 30
0.0
  3
*D45
  1

  0
LINE
  5
4AC
330
4A9
100
AcDbEntity
  8
0
100
AcDbLine
 10
10836.0
 20
14056.0
 30
0.0
 11
11386.0
 21
14056.0
 31
0.0
  0
LINE
  5
4AD
330
4A9
100
AcDbEntity
  8
0
100
AcDbLine
 10
10836.0
 20
14956.0
 30
0.0
 11
11386.0
 21
14956.0
 31
0.0
  0
INSERT
  5
4AE
330
4A9
100
AcDbEntity
  8
A-DIMS
100
AcDbBlockReference
  2
_OBLIQUE
 10
11266.0
 20
14056.0
 30
0.0
 41
120.0
 42
120.0
 50
90.0
  0
INSERT
  5
4B0
330
4A9
100
AcDbEntity
  8
A-DIMS
100
AcDbBlockReference
  2
_OBLIQUE
 10
11266.0
 20
14956.0
 30
0.0
 41
120.0
 42
120.0
 50
90.0
  0
LINE
  5
4B2
330
4A9
100
AcDbEntity
  8
0
100
AcDbLine
 10
11266.0
 20
14056.0
 30
0.0
 11
11266.0
 21
14956.0
 31
0.0
  0
MTEXT
  5
4B3
330
4A9
100
AcDbEntity
  8
A-DIMS
100
AcDbMText
 10
11116.0
 20
14506.0
 30
0.0
 40
180.0
 71
5
  1
900
  7
OpenSansCondensed-Light
 50
90.0
  0
POINT
  5
4B4
330
4A9
100
AcDbEntity
  8
Defpoints
100
AcDbPoint
 10
11266.0
 20
14056.0
 30
0.0
  0
POINT
  5
4B5
330
4A9
100
AcDbEntity
  8
Defpoints
100
AcDbPoint
 10
10716.0
 20
14056.0
 30
0.0
  0
POINT
  5
4B6
330
4A9
100
AcDbEntity
  8
Defpoints
100
AcDbPoint
 10
10716.0
 20
14956.0
 30
0.0
  0
ENDBLK
  5
4AB
330
4A9
100
AcDbEntity
  8
0
100
AcDbBlockEnd
  0
BLOCK
  5
4B9
330
4B8
100
AcDbEntity
  8
0
100
AcDbBlockBegin
  2
*D46
 70
1
 10
0.0
 20
0.0
 30
0.0
  3
*D46
  1

  0
LINE
  5
4BB
330
4B8
100
AcDbEntity
  8
0
100
AcDbLine
 10
10836.0
 20
14956.0
 30
0.0
 11
11386.0
 21
14956.0
 31
0.0
  0
LINE
  5
4BC
330
4B8
100
AcDbEntity
  8
0
100
AcDbLine
 10
10836.0
 20
15612.0
 30
0.0
 11
11386.0
 21
15612.0
 31
0.0
  0
INSERT
  5
4BD
330
4B8
100
AcDbEntity
  8
A-DIMS
100
AcDbBlockReference
  2
_OBLIQUE
 10
11266.0
 20
14956.0
 30
0.0
 41
120.0
 42
120.0
 50
90.0
  0
INSERT
  5
4BF
330
4B8
100
AcDbEntity
  8
A-DIMS
100
AcDbBlockReference
  2
_OBLIQUE
 10
11266.0
 20
15612.0
 30
0.0
 41
120.0
 42
120.0
 50
90.0
  0
LINE
  5
4C1
330
4B8
100
AcDbEntity
  8
0
100
AcDbLine
 10
11266.0
 20
14956.0
 30
0.0
 11
11266.0
 21
15612.0
 31
0.0
  0
MTEXT
  5
4C2
330
4B8
100
AcDbEntity
  8
A-DIMS
100
AcDbMText
 10
11116.0
 20
15284.0
 30
0.0
 40
180.0
 71
5
  1
656
  7
OpenSansCondensed-Light
 50
90.0
  0
POINT
  5
4C3
330
4B8
100
AcDbEntity
  8
Defpoints
100
AcDbPoint
 10
11266.0
 20
14956.0
 30
0.0
  0
POINT
  5
4C4
330
4B8
100
AcDbEntity
  8
Defpoints
100
AcDbPoint
 10
10716.0
 20
14956.0
 30
0.0
  0
POINT
  5
4C5
330
4B8
100
AcDbEntity
  8
Defpoints
100
AcDbPoint
 10
10716.0
 20
15612.0
 30
0.0
  0
ENDBLK
  5
4BA
330
4B8
100
AcDbEntity
  8
0
100
AcDbBlockEnd
  0
BLOCK
  5
4C8
330
4C7
100
AcDbEntity
  8
0
100
AcDbBlockBegin
  2
*D47
 70
1
 10
0.0
 20
0.0
 30
0.0
  3
*D47
  1

  0
LINE
  5
4CA
330
4C7
100
AcDbEntity
  8
0
100
AcDbLine
 10
10836.0
 20
0.0
 30
0.0
 11
11836.0
 21
0.0
 31
0.0
  0
LINE
  5
4CB
330
4C7
100
AcDbEntity
  8
0
100
AcDbLine
 10
10836.0
 20
4450.0
 30
0.0
 11
11836.0
 21
4450.0
 31
0.0
  0
INSERT
  5
4CC
330
4C7
100
AcDbEntity
  8
A-DIMS
100
AcDbBlockReference
  2
_OBLIQUE
 10
11716.0
 20
0.0
 30
0.0
 41
120.0
 42
120.0
 50
90.0
  0
INSERT
  5
4CE
330
4C7
100
AcDbEntity
  8
A-DIMS
100
AcDbBlockReference
  2
_OBLIQUE
 10
11716.0
 20
4450.0
 30
0.0
 41
120.0
 42
120.0
 50
90.0
  0
LINE
  5
4D0
330
4C7
100
AcDbEntity
  8
0
100
AcDbLine
 10
11716.0
 20
0.0
 30
0.0
 11
11716.0
 21
4450.0
 31
0.0
  0
MTEXT
  5
4D1
330
4C7
100
AcDbEntity
  8
A-DIMS
100
AcDbMText
 10
11566.0
 20
2225.0
 30
0.0
 40
180.0
 71
5
  1
4450
  7
OpenSansCondensed-Light
 50
90.0
  0
POINT
  5
4D2
330
4C7
100
AcDbEntity
  8
Defpoints
100
AcDbPoint
 10
11716.0
 20
0.0
 30
0.0
  0
POINT
  5
4D3
330
4C7
100
AcDbEntity
  8
Defpoints
100
AcDbPoint
 10
10716.0
 20
0.0
 30
0.0
  0
POINT
  5
4D4
330
4C7
100
AcDbEntity
  8
Defpoints
100
AcDbPoint
 10
10716.0
 20
4450.0
 30
0.0
  0
ENDBLK
  5
4C9
330
4C7
100
AcDbEntity
  8
0
100
AcDbBlockEnd
  0
BLOCK
  5
4D7
330
4D6
100
AcDbEntity
  8
0
100
AcDbBlockBegin
  2
*D48
 70
1
 10
0.0
 20
0.0
 30
0.0
  3
*D48
  1

  0
LINE
  5
4D9
330
4D6
100
AcDbEntity
  8
0
100
AcDbLine
 10
10836.0
 20
4450.0
 30
0.0
 11
11836.0
 21
4450.0
 31
0.0
  0
LINE
  5
4DA
330
4D6
100
AcDbEntity
  8
0
100
AcDbLine
 10
10836.0
 20
6250.0
 30
0.0
 11
11836.0
 21
6250.0
 31
0.0
  0
INSERT
  5
4DB
330
4D6
100
AcDbEntity
  8
A-DIMS
100
AcDbBlockReference
  2
_OBLIQUE
 10
11716.0
 20
4450.0
 30
0.0
 41
120.0
 42
120.0
 50
90.0
  0
INSERT
  5
4DD
330
4D6
100
AcDbEntity
  8
A-DIMS
100
AcDbBlockReference
  2
_OBLIQUE
 10
11716.0
 20
6250.0
 30
0.0
 41
120.0
 42
120.0
 50
90.0
  0
LINE
  5
4DF
330
4D6
100
AcDbEntity
  8
0
100
AcDbLine
 10
11716.0
 20
4450.0
 30
0.0
 11
11716.0
 21
6250.0
 31
0.0
  0
MTEXT
  5
4E0
330
4D6
100
AcDbEntity
  8
A-DIMS
100
AcDbMText
 10
11566.0
 20
5350.0
 30
0.0
 40
180.0
 71
5
  1
1800
  7
OpenSansCondensed-Light
 50
90.0
  0
POINT
  5
4E1
330
4D6
100
AcDbEntity
  8
Defpoints
100
AcDbPoint
 10
11716.0
 20
4450.0
 30
0.0
  0
POINT
  5
4E2
330
4D6
100
AcDbEntity
  8
Defpoints
100
AcDbPoint
 10
10716.0
 20
4450.0
 30
0.0
  0
POINT
  5
4E3
330
4D6
100
AcDbEntity
  8
Defpoints
100
AcDbPoint
 10
10716.0
 20
6250.0
 30
0.0
  0
ENDBLK
  5
4D8
330
4D6
100
AcDbEntity
  8
0
100
AcDbBlockEnd
  0
BLOCK
  5
4E6
330
4E5
100
AcDbEntity
  8
0
100
AcDbBlockBegin
  2
*D49
 70
1
 10
0.0
 20
0.0
 30
0.0
  3
*D49
  1

  0
LINE
  5
4E8
330
4E5
100
AcDbEntity
  8
0
100
AcDbLine
 10
10836.0
 20
6250.0
 30
0.0
 11
11836.0
 21
6250.0
 31
0.0
  0
LINE
  5
4E9
330
4E5
100
AcDbEntity
  8
0
100
AcDbLine
 10
10836.0
 20
8650.0
 30
0.0
 11
11836.0
 21
8650.0
 31
0.0
  0
INSERT
  5
4EA
330
4E5
100
AcDbEntity
  8
A-DIMS
100
AcDbBlockReference
  2
_OBLIQUE
 10
11716.0
 20
6250.0
 30
0.0
 41
120.0
 42
120.0
 50
90.0
  0
INSERT
  5
4EC
330
4E5
100
AcDbEntity
  8
A-DIMS
100
AcDbBlockReference
  2
_OBLIQUE
 10
11716.0
 20
8650.0
 30
0.0
 41
120.0
 42
120.0
 50
90.0
  0
LINE
  5
4EE
330
4E5
100
AcDbEntity
  8
0
100
AcDbLine
 10
11716.0
 20
6250.0
 30
0.0
 11
11716.0
 21
8650.0
 31
0.0
  0
MTEXT
  5
4EF
330
4E5
100
AcDbEntity
  8
A-DIMS
100
AcDbMText
 10
11566.0
 20
7450.0
 30
0.0
 40
180.0
 71
5
  1
2400
  7
OpenSansCondensed-Light
 50
90.0
  0
POINT
  5
4F0
330
4E5
100
AcDbEntity
  8
Defpoints
100
AcDbPoint
 10
11716.0
 20
6250.0
 30
0.0
  0
POINT
  5
4F1
330
4E5
100
AcDbEntity
  8
Defpoints
100
AcDbPoint
 10
10716.0
 20
6250.0
 30
0.0
  0
POINT
  5
4F2
330
4E5
100
AcDbEntity
  8
Defpoints
100
AcDbPoint
 10
10716.0
 20
8650.0
 30
0.0
  0
ENDBLK
  5
4E7
330
4E5
100
AcDbEntity
  8
0
100
AcDbBlockEnd
  0
BLOCK
  5
4F5
330
4F4
100
AcDbEntity
  8
0
100
AcDbBlockBegin
  2
*D50
 70
1
 10
0.0
 20
0.0
 30
0.0
  3
*D50
  1

  0
LINE
  5
4F7
330
4F4
100
AcDbEntity
  8
0
100
AcDbLine
 10
10836.0
 20
8650.0
 30
0.0
 11
11836.0
 21
8650.0
 31
0.0
  0
LINE
  5
4F8
330
4F4
100
AcDbEntity
  8
0
100
AcDbLine
 10
10836.0
 20
11450.0
 30
0.0
 11
11836.0
 21
11450.0
 31
0.0
  0
INSERT
  5
4F9
330
4F4
100
AcDbEntity
  8
A-DIMS
100
AcDbBlockReference
  2
_OBLIQUE
 10
11716.0
 20
8650.0
 30
0.0
 41
120.0
 42
120.0
 50
90.0
  0
INSERT
  5
4FB
330
4F4
100
AcDbEntity
  8
A-DIMS
100
AcDbBlockReference
  2
_OBLIQUE
 10
11716.0
 20
11450.0
 30
0.0
 41
120.0
 42
120.0
 50
90.0
  0
LINE
  5
4FD
330
4F4
100
AcDbEntity
  8
0
100
AcDbLine
 10
11716.0
 20
8650.0
 30
0.0
 11
11716.0
 21
11450.0
 31
0.0
  0
MTEXT
  5
4FE
330
4F4
100
AcDbEntity
  8
A-DIMS
100
AcDbMText
 10
11566.0
 20
10050.0
 30
0.0
 40
180.0
 71
5
  1
2800
  7
OpenSansCondensed-Light
 50
90.0
  0
POINT
  5
4FF
330
4F4
100
AcDbEntity
  8
Defpoints
100
AcDbPoint
 10
11716.0
 20
8650.0
 30
0.0
  0
POINT
  5
500
330
4F4
100
AcDbEntity
  8
Defpoints
100
AcDbPoint
 10
10716.0
 20
8650.0
 30
0.0
  0
POINT
  5
501
330
4F4
100
AcDbEntity
  8
Defpoints
100
AcDbPoint
 10
10716.0
 20
11450.0
 30
0.0
  0
ENDBLK
  5
4F6
330
4F4
100
AcDbEntity
  8
0
100
AcDbBlockEnd
  0
BLOCK
  5
504
330
503
100
AcDbEntity
  8
0
100
AcDbBlockBegin
  2
*D51
 70
1
 10
0.0
 20
0.0
 30
0.0
  3
*D51
  1

  0
LINE
  5
506
330
503
100
AcDbEntity
  8
0
100
AcDbLine
 10
10836.0
 20
11450.0
 30
0.0
 11
11836.0
 21
11450.0
 31
0.0
  0
LINE
  5
507
330
503
100
AcDbEntity
  8
0
100
AcDbLine
 10
10836.0
 20
13400.0
 30
0.0
 11
11836.0
 21
13400.0
 31
0.0
  0
INSERT
  5
508
330
503
100
AcDbEntity
  8
A-DIMS
100
AcDbBlockReference
  2
_OBLIQUE
 10
11716.0
 20
11450.0
 30
0.0
 41
120.0
 42
120.0
 50
90.0
  0
INSERT
  5
50A
330
503
100
AcDbEntity
  8
A-DIMS
100
AcDbBlockReference
  2
_OBLIQUE
 10
11716.0
 20
13400.0
 30
0.0
 41
120.0
 42
120.0
 50
90.0
  0
LINE
  5
50C
330
503
100
AcDbEntity
  8
0
100
AcDbLine
 10
11716.0
 20
11450.0
 30
0.0
 11
11716.0
 21
13400.0
 31
0.0
  0
MTEXT
  5
50D
330
503
100
AcDbEntity
  8
A-DIMS
100
AcDbMText
 10
11566.0
 20
12425.0
 30
0.0
 40
180.0
 71
5
  1
1950
  7
OpenSansCondensed-Light
 50
90.0
  0
POINT
  5
50E
330
503
100
AcDbEntity
  8
Defpoints
100
AcDbPoint
 10
11716.0
 20
11450.0
 30
0.0
  0
POINT
  5
50F
330
503
100
AcDbEntity
  8
Defpoints
100
AcDbPoint
 10
10716.0
 20
11450.0
 30
0.0
  0
POINT
  5
510
330
503
100
AcDbEntity
  8
Defpoints
100
AcDbPoint
 10
10716.0
 20
13400.0
 30
0.0
  0
ENDBLK
  5
505
330
503
100
AcDbEntity
  8
0
100
AcDbBlockEnd
  0
BLOCK
  5
513
330
512
100
AcDbEntity
  8
0
100
AcDbBlockBegin
  2
*D52
 70
1
 10
0.0
 20
0.0
 30
0.0
  3
*D52
  1

  0
LINE
  5
515
330
512
100
AcDbEntity
  8
0
100
AcDbLine
 10
10836.0
 20
13400.0
 30
0.0
 11
11836.0
 21
13400.0
 31
0.0
  0
LINE
  5
516
330
512
100
AcDbEntity
  8
0
100
AcDbLine
 10
10836.0
 20
15612.0
 30
0.0
 11
11836.0
 21
15612.0
 31
0.0
  0
INSERT
  5
517
330
512
100
AcDbEntity
  8
A-DIMS
100
AcDbBlockReference
  2
_OBLIQUE
 10
11716.0
 20
13400.0
 30
0.0
 41
120.0
 42
120.0
 50
90.0
  0
INSERT
  5
519
330
512
100
AcDbEntity
  8
A-DIMS
100
AcDbBlockReference
  2
_OBLIQUE
 10
11716.0
 20
15612.0
 30
0.0
 41
120.0
 42
120.0
 50
90.0
  0
LINE
  5
51B
330
512
100
AcDbEntity
  8
0
100
AcDbLine
 10
11716.0
 20
13400.0
 30
0.0
 11
11716.0
 21
15612.0
 31
0.0
  0
MTEXT
  5
51C
330
512
100
AcDbEntity
  8
A-DIMS
100
AcDbMText
 10
11566.0
 20
14506.0
 30
0.0
 40
180.0
 71
5
  1
2212
  7
OpenSansCondensed-Light
 50
90.0
  0
POINT
  5
51D
330
512
100
AcDbEntity
  8
Defpoints
100
AcDbPoint
 10
11716.0
 20
13400.0
 30
0.0
  0
POINT
  5
51E
330
512
100
AcDbEntity
  8
Defpoints
100
AcDbPoint
 10
10716.0
 20
13400.0
 30
0.0
  0
POINT
  5
51F
330
512
100
AcDbEntity
  8
Defpoints
100
AcDbPoint
 10
10716.0
 20
15612.0
 30
0.0
  0
ENDBLK
  5
514
330
512
100
AcDbEntity
  8
0
100
AcDbBlockEnd
  0
BLOCK
  5
522
330
521
100
AcDbEntity
  8
0
100
AcDbBlockBegin
  2
*D53
 70
1
 10
0.0
 20
0.0
 30
0.0
  3
*D53
  1

  0
LINE
  5
524
330
521
100
AcDbEntity
  8
0
100
AcDbLine
 10
10836.0
 20
0.0
 30
0.0
 11
12286.0
 21
0.0
 31
0.0
  0
LINE
  5
525
330
521
100
AcDbEntity
  8
0
100
AcDbLine
 10
10836.0
 20
15612.0
 30
0.0
 11
12286.0
 21
15612.0
 31
0.0
  0
INSERT
  5
526
330
521
100
AcDbEntity
  8
A-DIMS
100
AcDbBlockReference
  2
_OBLIQUE
 10
12166.0
 20
0.0
 30
0.0
 41
120.0
 42
120.0
 50
90.0
  0
INSERT
  5
528
330
521
100
AcDbEntity
  8
A-DIMS
100
AcDbBlockReference
  2
_OBLIQUE
 10
12166.0
 20
15612.0
 30
0.0
 41
120.0
 42
120.0
 50
90.0
  0
LINE
  5
52A
330
521
100
AcDbEntity
  8
0
100
AcDbLine
 10
12166.0
 20
0.0
 30
0.0
 11
12166.0
 21
15612.0
 31
0.0
  0
MTEXT
  5
52B
330
521
100
AcDbEntity
  8
A-DIMS
100
AcDbMText
 10
12016.0
 20
7806.0
 30
0.0
 40
180.0
 71
5
  1
15612
  7
OpenSansCondensed-Light
 50
90.0
  0
POINT
  5
52C
330
521
100
AcDbEntity
  8
Defpoints
100
AcDbPoint
 10
12166.0
 20
0.0
 30
0.0
  0
POINT
  5
52D
330
521
100
AcDbEntity
  8
Defpoints
100
AcDbPoint
 10
10716.0
 20
0.0
 30
0.0
  0
POINT
  5
52E
330
521
100
AcDbEntity
  8
Defpoints
100
AcDbPoint
 10
10716.0
 20
15612.0
 30
0.0
  0
ENDBLK
  5
523
330
521
100
AcDbEntity
  8
0
100
AcDbBlockEnd
  0
BLOCK
  5
568
330
567
100
AcDbEntity
  8
0
100
AcDbBlockBegin
  2
*Paper_Space0
 70
0
 10
0.0
 20
0.0
 30
0.0
  3
*Paper_Space0
  1

  0
VIEWPORT
  5
56B
330
567
100
AcDbEntity
 67
1
  8
VIEWPORTS
100
AcDbViewport
 10
200.0
 20
138.5
 30
0.0
 40
462.00000000000006
 41
326.70000000000005
 68
1
 69
1
 12
200.0
 22
138.5
 13
0.0
 23
0.0
 14
10.0
 24
10.0
 15
10.0
 25
10.0
 16
0.0
 26
0.0
 36
1.0
 17
0.0
 27
0.0
 37
0.0
 42
50.0
 43
0.0
 44
0.0
 45
326.70000000000005
 50
0.0
 51
0.0
 72
100
 90
557088
  1

281
0
 71
0
 74
0
110
0.0
120
0.0
130
0.0
111
1.0
121
0.0
131
0.0
112
0.0
122
1.0
132
0.0
 79
0
146
0.0
282
0
  0
VIEWPORT
  5
56C
330
567
100
AcDbEntity
 67
1
  8
VIEWPORTS
100
AcDbViewport
 10
140.0
 20
145.0
 30
0.0
 40
240.0
 41
230.0
 68
2
 69
3
 12
5358.0
 22
7806.0
 13
0.0
 23
0.0
 14
10.0
 24
10.0
 15
10.0
 25
10.0
 16
0.0
 26
0.0
 36
1.0
 17
0.0
 27
0.0
 37
0.0
 42
50.0
 43
0.0
 44
0.0
 45
24612.0
 50
0.0
 51
0.0
 72
100
 90
0
  1

281
0
 71
0
 74
0
110
0.0
120
0.0
130
0.0
111
1.0
121
0.0
131
0.0
112
0.0
122
1.0
132
0.0
 79
0
146
0.0
282
0
  0
TEXT
  5
56D
330
567
100
AcDbEntity
 67
1
  8
0
100
AcDbText
 10
268.0
 20
255.0
 30
0.0
 40
4.0
  1
FLOORFORGE / PRELIMINARY
 11
268.0
 21
255.0
 31
0.0
100
AcDbText
  0
ENDBLK
  5
569
330
567
100
AcDbEntity
  8
0
100
AcDbBlockEnd
  0
BLOCK
  5
689
330
688
100
AcDbEntity
  8
0
100
AcDbBlockBegin
  2
*D54
 70
1
 10
0.0
 20
0.0
 30
0.0
  3
*D54
  1

  0
LINE
  5
68B
330
688
100
AcDbEntity
  8
0
100
AcDbLine
 10
22716.0
 20
-120.0
 30
0.0
 11
22716.0
 21
-2570.0
 31
0.0
  0
LINE
  5
68C
330
688
100
AcDbEntity
  8
0
100
AcDbLine
 10
25966.0
 20
-120.0
 30
0.0
 11
25966.0
 21
-2570.0
 31
0.0
  0
INSERT
  5
68D
330
688
100
AcDbEntity
  8
A-DIMS
100
AcDbBlockReference
  2
_OBLIQUE
 10
22716.0
 20
-2450.0
 30
0.0
 41
120.0
 42
120.0
  0
INSERT
  5
68F
330
688
100
AcDbEntity
  8
A-DIMS
100
AcDbBlockReference
  2
_OBLIQUE
 10
25966.0
 20
-2450.0
 30
0.0
 41
120.0
 42
120.0
  0
LINE
  5
691
330
688
100
AcDbEntity
  8
0
100
AcDbLine
 10
22716.0
 20
-2450.0
 30
0.0
 11
25966.0
 21
-2450.0
 31
0.0
  0
MTEXT
  5
692
330
688
100
AcDbEntity
  8
A-DIMS
100
AcDbMText
 10
24341.0
 20
-2300.0
 30
0.0
 40
180.0
 71
5
  1
3250
  7
OpenSansCondensed-Light
  0
POINT
  5
693
330
688
100
AcDbEntity
  8
Defpoints
100
AcDbPoint
 10
22716.0
 20
-2450.0
 30
0.0
  0
POINT
  5
694
330
688
100
AcDbEntity
  8
Defpoints
100
AcDbPoint
 10
22716.0
 20
0.0
 30
0.0
  0
POINT
  5
695
330
688
100
AcDbEntity
  8
Defpoints
100
AcDbPoint
 10
25966.0
 20
0.0
 30
0.0
  0
ENDBLK
  5
68A
330
688
100
AcDbEntity
  8
0
100
AcDbBlockEnd
  0
BLOCK
  5
698
330
697
100
AcDbEntity
  8
0
100
AcDbBlockBegin
  2
*D55
 70
1
 10
0.0
 20
0.0
 30
0.0
  3
*D55
  1

  0
LINE
  5
69A
330
697
100
AcDbEntity
  8
0
100
AcDbLine
 10
25966.0
 20
-120.0
 30
0.0
 11
25966.0
 21
-2570.0
 31
0.0
  0
LINE
  5
69B
330
697
100
AcDbEntity
  8
0
100
AcDbLine
 10
27766.0
 20
-120.0
 30
0.0
 11
27766.0
 21
-2570.0
 31
0.0
  0
INSERT
  5
69C
330
697
100
AcDbEntity
  8
A-DIMS
100
AcDbBlockReference
  2
_OBLIQUE
 10
25966.0
 20
-2450.0
 30
0.0
 41
120.0
 42
120.0
  0
INSERT
  5
69E
330
697
100
AcDbEntity
  8
A-DIMS
100
AcDbBlockReference
  2
_OBLIQUE
 10
27766.0
 20
-2450.0
 30
0.0
 41
120.0
 42
120.0
  0
LINE
  5
6A0
330
697
100
AcDbEntity
  8
0
100
AcDbLine
 10
25966.0
 20
-2450.0
 30
0.0
 11
27766.0
 21
-2450.0
 31
0.0
  0
MTEXT
  5
6A1
330
697
100
AcDbEntity
  8
A-DIMS
100
AcDbMText
 10
26866.0
 20
-2300.0
 30
0.0
 40
180.0
 71
5
  1
1800
  7
OpenSansCondensed-Light
  0
POINT
  5
6A2
330
697
100
AcDbEntity
  8
Defpoints
100
AcDbPoint
 10
25966.0
 20
-2450.0
 30
0.0
  0
POINT
  5
6A3
330
697
100
AcDbEntity
  8
Defpoints
100
AcDbPoint
 10
25966.0
 20
0.0
 30
0.0
  0
POINT
  5
6A4
330
697
100
AcDbEntity
  8
Defpoints
100
AcDbPoint
 10
27766.0
 20
0.0
 30
0.0
  0
ENDBLK
  5
699
330
697
100
AcDbEntity
  8
0
100
AcDbBlockEnd
  0
BLOCK
  5
6A7
330
6A6
100
AcDbEntity
  8
0
100
AcDbBlockBegin
  2
*D56
 70
1
 10
0.0
 20
0.0
 30
0.0
  3
*D56
  1

  0
LINE
  5
6A9
330
6A6
100
AcDbEntity
  8
0
100
AcDbLine
 10
27766.0
 20
-120.0
 30
0.0
 11
27766.0
 21
-2570.0
 31
0.0
  0
LINE
  5
6AA
330
6A6
100
AcDbEntity
  8
0
100
AcDbLine
 10
33432.0
 20
-120.0
 30
0.0
 11
33432.0
 21
-2570.0
 31
0.0
  0
INSERT
  5
6AB
330
6A6
100
AcDbEntity
  8
A-DIMS
100
AcDbBlockReference
  2
_OBLIQUE
 10
27766.0
 20
-2450.0
 30
0.0
 41
120.0
 42
120.0
  0
INSERT
  5
6AD
330
6A6
100
AcDbEntity
  8
A-DIMS
100
AcDbBlockReference
  2
_OBLIQUE
 10
33432.0
 20
-2450.0
 30
0.0
 41
120.0
 42
120.0
  0
LINE
  5
6AF
330
6A6
100
AcDbEntity
  8
0
100
AcDbLine
 10
27766.0
 20
-2450.0
 30
0.0
 11
33432.0
 21
-2450.0
 31
0.0
  0
MTEXT
  5
6B0
330
6A6
100
AcDbEntity
  8
A-DIMS
100
AcDbMText
 10
30599.0
 20
-2300.0
 30
0.0
 40
180.0
 71
5
  1
5666
  7
OpenSansCondensed-Light
  0
POINT
  5
6B1
330
6A6
100
AcDbEntity
  8
Defpoints
100
AcDbPoint
 10
27766.0
 20
-2450.0
 30
0.0
  0
POINT
  5
6B2
330
6A6
100
AcDbEntity
  8
Defpoints
100
AcDbPoint
 10
27766.0
 20
0.0
 30
0.0
  0
POINT
  5
6B3
330
6A6
100
AcDbEntity
  8
Defpoints
100
AcDbPoint
 10
33432.0
 20
0.0
 30
0.0
  0
ENDBLK
  5
6A8
330
6A6
100
AcDbEntity
  8
0
100
AcDbBlockEnd
  0
BLOCK
  5
6B6
330
6B5
100
AcDbEntity
  8
0
100
AcDbBlockBegin
  2
*D57
 70
1
 10
0.0
 20
0.0
 30
0.0
  3
*D57
  1

  0
LINE
  5
6B8
330
6B5
100
AcDbEntity
  8
0
100
AcDbLine
 10
22716.0
 20
-119.99999999999999
 30
0.0
 11
22716.0
 21
-3020.0
 31
0.0
  0
LINE
  5
6B9
330
6B5
100
AcDbEntity
  8
0
100
AcDbLine
 10
28516.0
 20
-119.99999999999999
 30
0.0
 11
28516.0
 21
-3020.0
 31
0.0
  0
INSERT
  5
6BA
330
6B5
100
AcDbEntity
  8
A-DIMS
100
AcDbBlockReference
  2
_OBLIQUE
 10
22716.0
 20
-2900.0
 30
0.0
 41
120.0
 42
120.0
  0
INSERT
  5
6BC
330
6B5
100
AcDbEntity
  8
A-DIMS
100
AcDbBlockReference
  2
_OBLIQUE
 10
28516.0
 20
-2900.0
 30
0.0
 41
120.0
 42
120.0
  0
LINE
  5
6BE
330
6B5
100
AcDbEntity
  8
0
100
AcDbLine
 10
22716.0
 20
-2900.0
 30
0.0
 11
28516.0
 21
-2900.0
 31
0.0
  0
MTEXT
  5
6BF
330
6B5
100
AcDbEntity
  8
A-DIMS
100
AcDbMText
 10
25616.0
 20
-2750.0
 30
0.0
 40
180.0
 71
5
  1
5800
  7
OpenSansCondensed-Light
  0
POINT
  5
6C0
330
6B5
100
AcDbEntity
  8
Defpoints
100
AcDbPoint
 10
22716.0
 20
-2900.0
 30
0.0
  0
POINT
  5
6C1
330
6B5
100
AcDbEntity
  8
Defpoints
100
AcDbPoint
 10
22716.0
 20
0.0
 30
0.0
  0
POINT
  5
6C2
330
6B5
100
AcDbEntity
  8
Defpoints
100
AcDbPoint
 10
28516.0
 20
0.0
 30
0.0
  0
ENDBLK
  5
6B7
330
6B5
100
AcDbEntity
  8
0
100
AcDbBlockEnd
  0
BLOCK
  5
6C5
330
6C4
100
AcDbEntity
  8
0
100
AcDbBlockBegin
  2
*D58
 70
1
 10
0.0
 20
0.0
 30
0.0
  3
*D58
  1

  0
LINE
  5
6C7
330
6C4
100
AcDbEntity
  8
0
100
AcDbLine
 10
28516.0
 20
-119.99999999999999
 30
0.0
 11
28516.0
 21
-3020.0
 31
0.0
  0
LINE
  5
6C8
330
6C4
100
AcDbEntity
  8
0
100
AcDbLine
 10
33432.0
 20
-119.99999999999999
 30
0.0
 11
33432.0
 21
-3020.0
 31
0.0
  0
INSERT
  5
6C9
330
6C4
100
AcDbEntity
  8
A-DIMS
100
AcDbBlockReference
  2
_OBLIQUE
 10
28516.0
 20
-2900.0
 30
0.0
 41
120.0
 42
120.0
  0
INSERT
  5
6CB
330
6C4
100
AcDbEntity
  8
A-DIMS
100
AcDbBlockReference
  2
_OBLIQUE
 10
33432.0
 20
-2900.0
 30
0.0
 41
120.0
 42
120.0
  0
LINE
  5
6CD
330
6C4
100
AcDbEntity
  8
0
100
AcDbLine
 10
28516.0
 20
-2900.0
 30
0.0
 11
33432.0
 21
-2900.0
 31
0.0
  0
MTEXT
  5
6CE
330
6C4
100
AcDbEntity
  8
A-DIMS
100
AcDbMText
 10
30974.0
 20
-2750.0
 30
0.0
 40
180.0
 71
5
  1
4916
  7
OpenSansCondensed-Light
  0
POINT
  5
6CF
330
6C4
100
AcDbEntity
  8
Defpoints
100
AcDbPoint
 10
28516.0
 20
-2900.0
 30
0.0
  0
POINT
  5
6D0
330
6C4
100
AcDbEntity
  8
Defpoints
100
AcDbPoint
 10
28516.0
 20
0.0
 30
0.0
  0
POINT
  5
6D1
330
6C4
100
AcDbEntity
  8
Defpoints
100
AcDbPoint
 10
33432.0
 20
0.0
 30
0.0
  0
ENDBLK
  5
6C6
330
6C4
100
AcDbEntity
  8
0
100
AcDbBlockEnd
  0
BLOCK
  5
6D4
330
6D3
100
AcDbEntity
  8
0
100
AcDbBlockBegin
  2
*D59
 70
1
 10
0.0
 20
0.0
 30
0.0
  3
*D59
  1

  0
LINE
  5
6D6
330
6D3
100
AcDbEntity
  8
0
100
AcDbLine
 10
22716.0
 20
-120.0
 30
0.0
 11
22716.0
 21
-3470.0
 31
0.0
  0
LINE
  5
6D7
330
6D3
100
AcDbEntity
  8
0
100
AcDbLine
 10
33432.0
 20
-120.0
 30
0.0
 11
33432.0
 21
-3470.0
 31
0.0
  0
INSERT
  5
6D8
330
6D3
100
AcDbEntity
  8
A-DIMS
100
AcDbBlockReference
  2
_OBLIQUE
 10
22716.0
 20
-3350.0
 30
0.0
 41
120.0
 42
120.0
  0
INSERT
  5
6DA
330
6D3
100
AcDbEntity
  8
A-DIMS
100
AcDbBlockReference
  2
_OBLIQUE
 10
33432.0
 20
-3350.0
 30
0.0
 41
120.0
 42
120.0
  0
LINE
  5
6DC
330
6D3
100
AcDbEntity
  8
0
100
AcDbLine
 10
22716.0
 20
-3350.0
 30
0.0
 11
33432.0
 21
-3350.0
 31
0.0
  0
MTEXT
  5
6DD
330
6D3
100
AcDbEntity
  8
A-DIMS
100
AcDbMText
 10
28074.0
 20
-3200.0
 30
0.0
 40
180.0
 71
5
  1
10716
  7
OpenSansCondensed-Light
  0
POINT
  5
6DE
330
6D3
100
AcDbEntity
  8
Defpoints
100
AcDbPoint
 10
22716.0
 20
-3350.0
 30
0.0
  0
POINT
  5
6DF
330
6D3
100
AcDbEntity
  8
Defpoints
100
AcDbPoint
 10
22716.0
 20
0.0
 30
0.0
  0
POINT
  5
6E0
330
6D3
100
AcDbEntity
  8
Defpoints
100
AcDbPoint
 10
33432.0
 20
0.0
 30
0.0
  0
ENDBLK
  5
6D5
330
6D3
100
AcDbEntity
  8
0
100
AcDbBlockEnd
  0
BLOCK
  5
6E3
330
6E2
100
AcDbEntity
  8
0
100
AcDbBlockBegin
  2
*D60
 70
1
 10
0.0
 20
0.0
 30
0.0
  3
*D60
  1

  0
LINE
  5
6E5
330
6E2
100
AcDbEntity
  8
0
100
AcDbLine
 10
22716.0
 20
15732.0
 30
0.0
 11
22716.0
 21
16282.0
 31
0.0
  0
LINE
  5
6E6
330
6E2
100
AcDbEntity
  8
0
100
AcDbLine
 10
23166.0
 20
15732.0
 30
0.0
 11
23166.0
 21
16282.0
 31
0.0
  0
INSERT
  5
6E7
330
6E2
100
AcDbEntity
  8
A-DIMS
100
AcDbBlockReference
  2
_OBLIQUE
 10
22716.0
 20
16162.0
 30
0.0
 41
120.0
 42
120.0
  0
INSERT
  5
6E9
330
6E2
100
AcDbEntity
  8
A-DIMS
100
AcDbBlockReference
  2
_OBLIQUE
 10
23166.0
 20
16162.0
 30
0.0
 41
120.0
 42
120.0
  0
LINE
  5
6EB
330
6E2
100
AcDbEntity
  8
0
100
AcDbLine
 10
22716.0
 20
16162.0
 30
0.0
 11
23166.0
 21
16162.0
 31
0.0
  0
MTEXT
  5
6EC
330
6E2
100
AcDbEntity
  8
A-DIMS
100
AcDbMText
 10
22941.0
 20
16432.0
 30
0.0
 40
180.0
 71
5
  1
450
  7
OpenSansCondensed-Light
  0
POINT
  5
6ED
330
6E2
100
AcDbEntity
  8
Defpoints
100
AcDbPoint
 10
22716.0
 20
16162.0
 30
0.0
  0
POINT
  5
6EE
330
6E2
100
AcDbEntity
  8
Defpoints
100
AcDbPoint
 10
22716.0
 20
15612.0
 30
0.0
  0
POINT
  5
6EF
330
6E2
100
AcDbEntity
  8
Defpoints
100
AcDbPoint
 10
23166.0
 20
15612.0
 30
0.0
  0
ENDBLK
  5
6E4
330
6E2
100
AcDbEntity
  8
0
100
AcDbBlockEnd
  0
BLOCK
  5
6F2
330
6F1
100
AcDbEntity
  8
0
100
AcDbBlockBegin
  2
*D61
 70
1
 10
0.0
 20
0.0
 30
0.0
  3
*D61
  1

  0
LINE
  5
6F4
330
6F1
100
AcDbEntity
  8
0
100
AcDbLine
 10
23166.0
 20
15732.0
 30
0.0
 11
23166.0
 21
16282.0
 31
0.0
  0
LINE
  5
6F5
330
6F1
100
AcDbEntity
  8
0
100
AcDbLine
 10
24066.0
 20
15732.0
 30
0.0
 11
24066.0
 21
16282.0
 31
0.0
  0
INSERT
  5
6F6
330
6F1
100
AcDbEntity
  8
A-DIMS
100
AcDbBlockReference
  2
_OBLIQUE
 10
23166.0
 20
16162.0
 30
0.0
 41
120.0
 42
120.0
  0
INSERT
  5
6F8
330
6F1
100
AcDbEntity
  8
A-DIMS
100
AcDbBlockReference
  2
_OBLIQUE
 10
24066.0
 20
16162.0
 30
0.0
 41
120.0
 42
120.0
  0
LINE
  5
6FA
330
6F1
100
AcDbEntity
  8
0
100
AcDbLine
 10
23166.0
 20
16162.0
 30
0.0
 11
24066.0
 21
16162.0
 31
0.0
  0
MTEXT
  5
6FB
330
6F1
100
AcDbEntity
  8
A-DIMS
100
AcDbMText
 10
23616.0
 20
16312.0
 30
0.0
 40
180.0
 71
5
  1
900
  7
OpenSansCondensed-Light
  0
POINT
  5
6FC
330
6F1
100
AcDbEntity
  8
Defpoints
100
AcDbPoint
 10
23166.0
 20
16162.0
 30
0.0
  0
POINT
  5
6FD
330
6F1
100
AcDbEntity
  8
Defpoints
100
AcDbPoint
 10
23166.0
 20
15612.0
 30
0.0
  0
POINT
  5
6FE
330
6F1
100
AcDbEntity
  8
Defpoints
100
AcDbPoint
 10
24066.0
 20
15612.0
 30
0.0
  0
ENDBLK
  5
6F3
330
6F1
100
AcDbEntity
  8
0
100
AcDbBlockEnd
  0
BLOCK
  5
701
330
700
100
AcDbEntity
  8
0
100
AcDbBlockBegin
  2
*D62
 70
1
 10
0.0
 20
0.0
 30
0.0
  3
*D62
  1

  0
LINE
  5
703
330
700
100
AcDbEntity
  8
0
100
AcDbLine
 10
24066.0
 20
15732.0
 30
0.0
 11
24066.0
 21
16282.0
 31
0.0
  0
LINE
  5
704
330
700
100
AcDbEntity
  8
0
100
AcDbLine
 10
25791.0
 20
15732.0
 30
0.0
 11
25791.0
 21
16282.0
 31
0.0
  0
INSERT
  5
705
330
700
100
AcDbEntity
  8
A-DIMS
100
AcDbBlockReference
  2
_OBLIQUE
 10
24066.0
 20
16162.0
 30
0.0
 41
120.0
 42
120.0
  0
INSERT
  5
707
330
700
100
AcDbEntity
  8
A-DIMS
100
AcDbBlockReference
  2
_OBLIQUE
 10
25791.0
 20
16162.0
 30
0.0
 41
120.0
 42
120.0
  0
LINE
  5
709
330
700
100
AcDbEntity
  8
0
100
AcDbLine
 10
24066.0
 20
16162.0
 30
0.0
 11
25791.0
 21
16162.0
 31
0.0
  0
MTEXT
  5
70A
330
700
100
AcDbEntity
  8
A-DIMS
100
AcDbMText
 10
24928.5
 20
16312.0
 30
0.0
 40
180.0
 71
5
  1
1725
  7
OpenSansCondensed-Light
  0
POINT
  5
70B
330
700
100
AcDbEntity
  8
Defpoints
100
AcDbPoint
 10
24066.0
 20
16162.0
 30
0.0
  0
POINT
  5
70C
330
700
100
AcDbEntity
  8
Defpoints
100
AcDbPoint
 10
24066.0
 20
15612.0
 30
0.0
  0
POINT
  5
70D
330
700
100
AcDbEntity
  8
Defpoints
100
AcDbPoint
 10
25791.0
 20
15612.0
 30
0.0
  0
ENDBLK
  5
702
330
700
100
AcDbEntity
  8
0
100
AcDbBlockEnd
  0
BLOCK
  5
710
330
70F
100
AcDbEntity
  8
0
100
AcDbBlockBegin
  2
*D63
 70
1
 10
0.0
 20
0.0
 30
0.0
  3
*D63
  1

  0
LINE
  5
712
330
70F
100
AcDbEntity
  8
0
100
AcDbLine
 10
25791.0
 20
15732.0
 30
0.0
 11
25791.0
 21
16282.0
 31
0.0
  0
LINE
  5
713
330
70F
100
AcDbEntity
  8
0
100
AcDbLine
 10
27891.0
 20
15732.0
 30
0.0
 11
27891.0
 21
16282.0
 31
0.0
  0
INSERT
  5
714
330
70F
100
AcDbEntity
  8
A-DIMS
100
AcDbBlockReference
  2
_OBLIQUE
 10
25791.0
 20
16162.0
 30
0.0
 41
120.0
 42
120.0
  0
INSERT
  5
716
330
70F
100
AcDbEntity
  8
A-DIMS
100
AcDbBlockReference
  2
_OBLIQUE
 10
27891.0
 20
16162.0
 30
0.0
 41
120.0
 42
120.0
  0
LINE
  5
718
330
70F
100
AcDbEntity
  8
0
100
AcDbLine
 10
25791.0
 20
16162.0
 30
0.0
 11
27891.0
 21
16162.0
 31
0.0
  0
MTEXT
  5
719
330
70F
100
AcDbEntity
  8
A-DIMS
100
AcDbMText
 10
26841.0
 20
16312.0
 30
0.0
 40
180.0
 71
5
  1
2100
  7
OpenSansCondensed-Light
  0
POINT
  5
71A
330
70F
100
AcDbEntity
  8
Defpoints
100
AcDbPoint
 10
25791.0
 20
16162.0
 30
0.0
  0
POINT
  5
71B
330
70F
100
AcDbEntity
  8
Defpoints
100
AcDbPoint
 10
25791.0
 20
15612.0
 30
0.0
  0
POINT
  5
71C
330
70F
100
AcDbEntity
  8
Defpoints
100
AcDbPoint
 10
27891.0
 20
15612.0
 30
0.0
  0
ENDBLK
  5
711
330
70F
100
AcDbEntity
  8
0
100
AcDbBlockEnd
  0
BLOCK
  5
71F
330
71E
100
AcDbEntity
  8
0
100
AcDbBlockBegin
  2
*D64
 70
1
 10
0.0
 20
0.0
 30
0.0
  3
*D64
  1

  0
LINE
  5
721
330
71E
100
AcDbEntity
  8
0
100
AcDbLine
 10
27891.0
 20
15732.0
 30
0.0
 11
27891.0
 21
16282.0
 31
0.0
  0
LINE
  5
722
330
71E
100
AcDbEntity
  8
0
100
AcDbLine
 10
29649.0
 20
15732.0
 30
0.0
 11
29649.0
 21
16282.0
 31
0.0
  0
INSERT
  5
723
330
71E
100
AcDbEntity
  8
A-DIMS
100
AcDbBlockReference
  2
_OBLIQUE
 10
27891.0
 20
16162.0
 30
0.0
 41
120.0
 42
120.0
  0
INSERT
  5
725
330
71E
100
AcDbEntity
  8
A-DIMS
100
AcDbBlockReference
  2
_OBLIQUE
 10
29649.0
 20
16162.0
 30
0.0
 41
120.0
 42
120.0
  0
LINE
  5
727
330
71E
100
AcDbEntity
  8
0
100
AcDbLine
 10
27891.0
 20
16162.0
 30
0.0
 11
29649.0
 21
16162.0
 31
0.0
  0
MTEXT
  5
728
330
71E
100
AcDbEntity
  8
A-DIMS
100
AcDbMText
 10
28770.0
 20
16312.0
 30
0.0
 40
180.0
 71
5
  1
1758
  7
OpenSansCondensed-Light
  0
POINT
  5
729
330
71E
100
AcDbEntity
  8
Defpoints
100
AcDbPoint
 10
27891.0
 20
16162.0
 30
0.0
  0
POINT
  5
72A
330
71E
100
AcDbEntity
  8
Defpoints
100
AcDbPoint
 10
27891.0
 20
15612.0
 30
0.0
  0
POINT
  5
72B
330
71E
100
AcDbEntity
  8
Defpoints
100
AcDbPoint
 10
29649.0
 20
15612.0
 30
0.0
  0
ENDBLK
  5
720
330
71E
100
AcDbEntity
  8
0
100
AcDbBlockEnd
  0
BLOCK
  5
72E
330
72D
100
AcDbEntity
  8
0
100
AcDbBlockBegin
  2
*D65
 70
1
 10
0.0
 20
0.0
 30
0.0
  3
*D65
  1

  0
LINE
  5
730
330
72D
100
AcDbEntity
  8
0
100
AcDbLine
 10
29649.0
 20
15732.0
 30
0.0
 11
29649.0
 21
16282.0
 31
0.0
  0
LINE
  5
731
330
72D
100
AcDbEntity
  8
0
100
AcDbLine
 10
30549.0
 20
15732.0
 30
0.0
 11
30549.0
 21
16282.0
 31
0.0
  0
INSERT
  5
732
330
72D
100
AcDbEntity
  8
A-DIMS
100
AcDbBlockReference
  2
_OBLIQUE
 10
29649.0
 20
16162.0
 30
0.0
 41
120.0
 42
120.0
  0
INSERT
  5
734
330
72D
100
AcDbEntity
  8
A-DIMS
100
AcDbBlockReference
  2
_OBLIQUE
 10
30549.0
 20
16162.0
 30
0.0
 41
120.0
 42
120.0
  0
LINE
  5
736
330
72D
100
AcDbEntity
  8
0
100
AcDbLine
 10
29649.0
 20
16162.0
 30
0.0
 11
30549.0
 21
16162.0
 31
0.0
  0
MTEXT
  5
737
330
72D
100
AcDbEntity
  8
A-DIMS
100
AcDbMText
 10
30099.0
 20
16312.0
 30
0.0
 40
180.0
 71
5
  1
900
  7
OpenSansCondensed-Light
  0
POINT
  5
738
330
72D
100
AcDbEntity
  8
Defpoints
100
AcDbPoint
 10
29649.0
 20
16162.0
 30
0.0
  0
POINT
  5
739
330
72D
100
AcDbEntity
  8
Defpoints
100
AcDbPoint
 10
29649.0
 20
15612.0
 30
0.0
  0
POINT
  5
73A
330
72D
100
AcDbEntity
  8
Defpoints
100
AcDbPoint
 10
30549.0
 20
15612.0
 30
0.0
  0
ENDBLK
  5
72F
330
72D
100
AcDbEntity
  8
0
100
AcDbBlockEnd
  0
BLOCK
  5
73D
330
73C
100
AcDbEntity
  8
0
100
AcDbBlockBegin
  2
*D66
 70
1
 10
0.0
 20
0.0
 30
0.0
  3
*D66
  1

  0
LINE
  5
73F
330
73C
100
AcDbEntity
  8
0
100
AcDbLine
 10
30549.0
 20
15732.0
 30
0.0
 11
30549.0
 21
16282.0
 31
0.0
  0
LINE
  5
740
330
73C
100
AcDbEntity
  8
0
100
AcDbLine
 10
31782.0
 20
15732.0
 30
0.0
 11
31782.0
 21
16282.0
 31
0.0
  0
INSERT
  5
741
330
73C
100
AcDbEntity
  8
A-DIMS
100
AcDbBlockReference
  2
_OBLIQUE
 10
30549.0
 20
16162.0
 30
0.0
 41
120.0
 42
120.0
  0
INSERT
  5
743
330
73C
100
AcDbEntity
  8
A-DIMS
100
AcDbBlockReference
  2
_OBLIQUE
 10
31782.0
 20
16162.0
 30
0.0
 41
120.0
 42
120.0
  0
LINE
  5
745
330
73C
100
AcDbEntity
  8
0
100
AcDbLine
 10
30549.0
 20
16162.0
 30
0.0
 11
31782.0
 21
16162.0
 31
0.0
  0
MTEXT
  5
746
330
73C
100
AcDbEntity
  8
A-DIMS
100
AcDbMText
 10
31165.5
 20
16312.0
 30
0.0
 40
180.0
 71
5
  1
1233
  7
OpenSansCondensed-Light
  0
POINT
  5
747
330
73C
100
AcDbEntity
  8
Defpoints
100
AcDbPoint
 10
30549.0
 20
16162.0
 30
0.0
  0
POINT
  5
748
330
73C
100
AcDbEntity
  8
Defpoints
100
AcDbPoint
 10
30549.0
 20
15612.0
 30
0.0
  0
POINT
  5
749
330
73C
100
AcDbEntity
  8
Defpoints
100
AcDbPoint
 10
31782.0
 20
15612.0
 30
0.0
  0
ENDBLK
  5
73E
330
73C
100
AcDbEntity
  8
0
100
AcDbBlockEnd
  0
BLOCK
  5
74C
330
74B
100
AcDbEntity
  8
0
100
AcDbBlockBegin
  2
*D67
 70
1
 10
0.0
 20
0.0
 30
0.0
  3
*D67
  1

  0
LINE
  5
74E
330
74B
100
AcDbEntity
  8
0
100
AcDbLine
 10
31782.0
 20
15732.0
 30
0.0
 11
31782.0
 21
16282.0
 31
0.0
  0
LINE
  5
74F
330
74B
100
AcDbEntity
  8
0
100
AcDbLine
 10
32682.0
 20
15732.0
 30
0.0
 11
32682.0
 21
16282.0
 31
0.0
  0
INSERT
  5
750
330
74B
100
AcDbEntity
  8
A-DIMS
100
AcDbBlockReference
  2
_OBLIQUE
 10
31782.0
 20
16162.0
 30
0.0
 41
120.0
 42
120.0
  0
INSERT
  5
752
330
74B
100
AcDbEntity
  8
A-DIMS
100
AcDbBlockReference
  2
_OBLIQUE
 10
32682.0
 20
16162.0
 30
0.0
 41
120.0
 42
120.0
  0
LINE
  5
754
330
74B
100
AcDbEntity
  8
0
100
AcDbLine
 10
31782.0
 20
16162.0
 30
0.0
 11
32682.0
 21
16162.0
 31
0.0
  0
MTEXT
  5
755
330
74B
100
AcDbEntity
  8
A-DIMS
100
AcDbMText
 10
32232.0
 20
16312.0
 30
0.0
 40
180.0
 71
5
  1
900
  7
OpenSansCondensed-Light
  0
POINT
  5
756
330
74B
100
AcDbEntity
  8
Defpoints
100
AcDbPoint
 10
31782.0
 20
16162.0
 30
0.0
  0
POINT
  5
757
330
74B
100
AcDbEntity
  8
Defpoints
100
AcDbPoint
 10
31782.0
 20
15612.0
 30
0.0
  0
POINT
  5
758
330
74B
100
AcDbEntity
  8
Defpoints
100
AcDbPoint
 10
32682.0
 20
15612.0
 30
0.0
  0
ENDBLK
  5
74D
330
74B
100
AcDbEntity
  8
0
100
AcDbBlockEnd
  0
BLOCK
  5
75B
330
75A
100
AcDbEntity
  8
0
100
AcDbBlockBegin
  2
*D68
 70
1
 10
0.0
 20
0.0
 30
0.0
  3
*D68
  1

  0
LINE
  5
75D
330
75A
100
AcDbEntity
  8
0
100
AcDbLine
 10
32682.0
 20
15732.0
 30
0.0
 11
32682.0
 21
16282.0
 31
0.0
  0
LINE
  5
75E
330
75A
100
AcDbEntity
  8
0
100
AcDbLine
 10
33432.0
 20
15732.0
 30
0.0
 11
33432.0
 21
16282.0
 31
0.0
  0
INSERT
  5
75F
330
75A
100
AcDbEntity
  8
A-DIMS
100
AcDbBlockReference
  2
_OBLIQUE
 10
32682.0
 20
16162.0
 30
0.0
 41
120.0
 42
120.0
  0
INSERT
  5
761
330
75A
100
AcDbEntity
  8
A-DIMS
100
AcDbBlockReference
  2
_OBLIQUE
 10
33432.0
 20
16162.0
 30
0.0
 41
120.0
 42
120.0
  0
LINE
  5
763
330
75A
100
AcDbEntity
  8
0
100
AcDbLine
 10
32682.0
 20
16162.0
 30
0.0
 11
33432.0
 21
16162.0
 31
0.0
  0
MTEXT
  5
764
330
75A
100
AcDbEntity
  8
A-DIMS
100
AcDbMText
 10
33057.0
 20
16312.0
 30
0.0
 40
180.0
 71
5
  1
750
  7
OpenSansCondensed-Light
  0
POINT
  5
765
330
75A
100
AcDbEntity
  8
Defpoints
100
AcDbPoint
 10
32682.0
 20
16162.0
 30
0.0
  0
POINT
  5
766
330
75A
100
AcDbEntity
  8
Defpoints
100
AcDbPoint
 10
32682.0
 20
15612.0
 30
0.0
  0
POINT
  5
767
330
75A
100
AcDbEntity
  8
Defpoints
100
AcDbPoint
 10
33432.0
 20
15612.0
 30
0.0
  0
ENDBLK
  5
75C
330
75A
100
AcDbEntity
  8
0
100
AcDbBlockEnd
  0
BLOCK
  5
76A
330
769
100
AcDbEntity
  8
0
100
AcDbBlockBegin
  2
*D69
 70
1
 10
0.0
 20
0.0
 30
0.0
  3
*D69
  1

  0
LINE
  5
76C
330
769
100
AcDbEntity
  8
0
100
AcDbLine
 10
22716.0
 20
15732.0
 30
0.0
 11
22716.0
 21
16732.0
 31
0.0
  0
LINE
  5
76D
330
769
100
AcDbEntity
  8
0
100
AcDbLine
 10
24516.0
 20
15732.0
 30
0.0
 11
24516.0
 21
16732.0
 31
0.0
  0
INSERT
  5
76E
330
769
100
AcDbEntity
  8
A-DIMS
100
AcDbBlockReference
  2
_OBLIQUE
 10
22716.0
 20
16612.0
 30
0.0
 41
120.0
 42
120.0
  0
INSERT
  5
770
330
769
100
AcDbEntity
  8
A-DIMS
100
AcDbBlockReference
  2
_OBLIQUE
 10
24516.0
 20
16612.0
 30
0.0
 41
120.0
 42
120.0
  0
LINE
  5
772
330
769
100
AcDbEntity
  8
0
100
AcDbLine
 10
22716.0
 20
16612.0
 30
0.0
 11
24516.0
 21
16612.0
 31
0.0
  0
MTEXT
  5
773
330
769
100
AcDbEntity
  8
A-DIMS
100
AcDbMText
 10
23616.0
 20
16762.0
 30
0.0
 40
180.0
 71
5
  1
1800
  7
OpenSansCondensed-Light
  0
POINT
  5
774
330
769
100
AcDbEntity
  8
Defpoints
100
AcDbPoint
 10
22716.0
 20
16612.0
 30
0.0
  0
POINT
  5
775
330
769
100
AcDbEntity
  8
Defpoints
100
AcDbPoint
 10
22716.0
 20
15612.0
 30
0.0
  0
POINT
  5
776
330
769
100
AcDbEntity
  8
Defpoints
100
AcDbPoint
 10
24516.0
 20
15612.0
 30
0.0
  0
ENDBLK
  5
76B
330
769
100
AcDbEntity
  8
0
100
AcDbBlockEnd
  0
BLOCK
  5
779
330
778
100
AcDbEntity
  8
0
100
AcDbBlockBegin
  2
*D70
 70
1
 10
0.0
 20
0.0
 30
0.0
  3
*D70
  1

  0
LINE
  5
77B
330
778
100
AcDbEntity
  8
0
100
AcDbLine
 10
24516.0
 20
15732.0
 30
0.0
 11
24516.0
 21
16732.0
 31
0.0
  0
LINE
  5
77C
330
778
100
AcDbEntity
  8
0
100
AcDbLine
 10
29166.0
 20
15732.0
 30
0.0
 11
29166.0
 21
16732.0
 31
0.0
  0
INSERT
  5
77D
330
778
100
AcDbEntity
  8
A-DIMS
100
AcDbBlockReference
  2
_OBLIQUE
 10
24516.0
 20
16612.0
 30
0.0
 41
120.0
 42
120.0
  0
INSERT
  5
77F
330
778
100
AcDbEntity
  8
A-DIMS
100
AcDbBlockReference
  2
_OBLIQUE
 10
29166.0
 20
16612.0
 30
0.0
 41
120.0
 42
120.0
  0
LINE
  5
781
330
778
100
AcDbEntity
  8
0
100
AcDbLine
 10
24516.0
 20
16612.0
 30
0.0
 11
29166.0
 21
16612.0
 31
0.0
  0
MTEXT
  5
782
330
778
100
AcDbEntity
  8
A-DIMS
100
AcDbMText
 10
26841.0
 20
16762.0
 30
0.0
 40
180.0
 71
5
  1
4650
  7
OpenSansCondensed-Light
  0
POINT
  5
783
330
778
100
AcDbEntity
  8
Defpoints
100
AcDbPoint
 10
24516.0
 20
16612.0
 30
0.0
  0
POINT
  5
784
330
778
100
AcDbEntity
  8
Defpoints
100
AcDbPoint
 10
24516.0
 20
15612.0
 30
0.0
  0
POINT
  5
785
330
778
100
AcDbEntity
  8
Defpoints
100
AcDbPoint
 10
29166.0
 20
15612.0
 30
0.0
  0
ENDBLK
  5
77A
330
778
100
AcDbEntity
  8
0
100
AcDbBlockEnd
  0
BLOCK
  5
788
330
787
100
AcDbEntity
  8
0
100
AcDbBlockBegin
  2
*D71
 70
1
 10
0.0
 20
0.0
 30
0.0
  3
*D71
  1

  0
LINE
  5
78A
330
787
100
AcDbEntity
  8
0
100
AcDbLine
 10
29166.0
 20
15732.0
 30
0.0
 11
29166.0
 21
16732.0
 31
0.0
  0
LINE
  5
78B
330
787
100
AcDbEntity
  8
0
100
AcDbLine
 10
31032.0
 20
15732.0
 30
0.0
 11
31032.0
 21
16732.0
 31
0.0
  0
INSERT
  5
78C
330
787
100
AcDbEntity
  8
A-DIMS
100
AcDbBlockReference
  2
_OBLIQUE
 10
29166.0
 20
16612.0
 30
0.0
 41
120.0
 42
120.0
  0
INSERT
  5
78E
330
787
100
AcDbEntity
  8
A-DIMS
100
AcDbBlockReference
  2
_OBLIQUE
 10
31032.0
 20
16612.0
 30
0.0
 41
120.0
 42
120.0
  0
LINE
  5
790
330
787
100
AcDbEntity
  8
0
100
AcDbLine
 10
29166.0
 20
16612.0
 30
0.0
 11
31032.0
 21
16612.0
 31
0.0
  0
MTEXT
  5
791
330
787
100
AcDbEntity
  8
A-DIMS
100
AcDbMText
 10
30099.0
 20
16762.0
 30
0.0
 40
180.0
 71
5
  1
1866
  7
OpenSansCondensed-Light
  0
POINT
  5
792
330
787
100
AcDbEntity
  8
Defpoints
100
AcDbPoint
 10
29166.0
 20
16612.0
 30
0.0
  0
POINT
  5
793
330
787
100
AcDbEntity
  8
Defpoints
100
AcDbPoint
 10
29166.0
 20
15612.0
 30
0.0
  0
POINT
  5
794
330
787
100
AcDbEntity
  8
Defpoints
100
AcDbPoint
 10
31032.0
 20
15612.0
 30
0.0
  0
ENDBLK
  5
789
330
787
100
AcDbEntity
  8
0
100
AcDbBlockEnd
  0
BLOCK
  5
797
330
796
100
AcDbEntity
  8
0
100
AcDbBlockBegin
  2
*D72
 70
1
 10
0.0
 20
0.0
 30
0.0
  3
*D72
  1

  0
LINE
  5
799
330
796
100
AcDbEntity
  8
0
100
AcDbLine
 10
31032.0
 20
15732.0
 30
0.0
 11
31032.0
 21
16732.0
 31
0.0
  0
LINE
  5
79A
330
796
100
AcDbEntity
  8
0
100
AcDbLine
 10
33432.0
 20
15732.0
 30
0.0
 11
33432.0
 21
16732.0
 31
0.0
  0
INSERT
  5
79B
330
796
100
AcDbEntity
  8
A-DIMS
100
AcDbBlockReference
  2
_OBLIQUE
 10
31032.0
 20
16612.0
 30
0.0
 41
120.0
 42
120.0
  0
INSERT
  5
79D
330
796
100
AcDbEntity
  8
A-DIMS
100
AcDbBlockReference
  2
_OBLIQUE
 10
33432.0
 20
16612.0
 30
0.0
 41
120.0
 42
120.0
  0
LINE
  5
79F
330
796
100
AcDbEntity
  8
0
100
AcDbLine
 10
31032.0
 20
16612.0
 30
0.0
 11
33432.0
 21
16612.0
 31
0.0
  0
MTEXT
  5
7A0
330
796
100
AcDbEntity
  8
A-DIMS
100
AcDbMText
 10
32232.0
 20
16762.0
 30
0.0
 40
180.0
 71
5
  1
2400
  7
OpenSansCondensed-Light
  0
POINT
  5
7A1
330
796
100
AcDbEntity
  8
Defpoints
100
AcDbPoint
 10
31032.0
 20
16612.0
 30
0.0
  0
POINT
  5
7A2
330
796
100
AcDbEntity
  8
Defpoints
100
AcDbPoint
 10
31032.0
 20
15612.0
 30
0.0
  0
POINT
  5
7A3
330
796
100
AcDbEntity
  8
Defpoints
100
AcDbPoint
 10
33432.0
 20
15612.0
 30
0.0
  0
ENDBLK
  5
798
330
796
100
AcDbEntity
  8
0
100
AcDbBlockEnd
  0
BLOCK
  5
7A6
330
7A5
100
AcDbEntity
  8
0
100
AcDbBlockBegin
  2
*D73
 70
1
 10
0.0
 20
0.0
 30
0.0
  3
*D73
  1

  0
LINE
  5
7A8
330
7A5
100
AcDbEntity
  8
0
100
AcDbLine
 10
22716.0
 20
15732.0
 30
0.0
 11
22716.0
 21
17182.0
 31
0.0
  0
LINE
  5
7A9
330
7A5
100
AcDbEntity
  8
0
100
AcDbLine
 10
33432.0
 20
15732.0
 30
0.0
 11
33432.0
 21
17182.0
 31
0.0
  0
INSERT
  5
7AA
330
7A5
100
AcDbEntity
  8
A-DIMS
100
AcDbBlockReference
  2
_OBLIQUE
 10
22716.0
 20
17062.0
 30
0.0
 41
120.0
 42
120.0
  0
INSERT
  5
7AC
330
7A5
100
AcDbEntity
  8
A-DIMS
100
AcDbBlockReference
  2
_OBLIQUE
 10
33432.0
 20
17062.0
 30
0.0
 41
120.0
 42
120.0
  0
LINE
  5
7AE
330
7A5
100
AcDbEntity
  8
0
100
AcDbLine
 10
22716.0
 20
17062.0
 30
0.0
 11
33432.0
 21
17062.0
 31
0.0
  0
MTEXT
  5
7AF
330
7A5
100
AcDbEntity
  8
A-DIMS
100
AcDbMText
 10
28074.0
 20
17212.0
 30
0.0
 40
180.0
 71
5
  1
10716
  7
OpenSansCondensed-Light
  0
POINT
  5
7B0
330
7A5
100
AcDbEntity
  8
Defpoints
100
AcDbPoint
 10
22716.0
 20
17062.0
 30
0.0
  0
POINT
  5
7B1
330
7A5
100
AcDbEntity
  8
Defpoints
100
AcDbPoint
 10
22716.0
 20
15612.0
 30
0.0
  0
POINT
  5
7B2
330
7A5
100
AcDbEntity
  8
Defpoints
100
AcDbPoint
 10
33432.0
 20
15612.0
 30
0.0
  0
ENDBLK
  5
7A7
330
7A5
100
AcDbEntity
  8
0
100
AcDbBlockEnd
  0
BLOCK
  5
7B5
330
7B4
100
AcDbEntity
  8
0
100
AcDbBlockBegin
  2
*D74
 70
1
 10
0.0
 20
0.0
 30
0.0
  3
*D74
  1

  0
LINE
  5
7B7
330
7B4
100
AcDbEntity
  8
0
100
AcDbLine
 10
22596.0
 20
0.0
 30
0.0
 11
22046.0
 21
0.0
 31
0.0
  0
LINE
  5
7B8
330
7B4
100
AcDbEntity
  8
0
100
AcDbLine
 10
22596.0
 20
5600.0
 30
0.0
 11
22046.0
 21
5600.0
 31
0.0
  0
INSERT
  5
7B9
330
7B4
100
AcDbEntity
  8
A-DIMS
100
AcDbBlockReference
  2
_OBLIQUE
 10
22166.0
 20
0.0
 30
0.0
 41
120.0
 42
120.0
 50
90.0
  0
INSERT
  5
7BB
330
7B4
100
AcDbEntity
  8
A-DIMS
100
AcDbBlockReference
  2
_OBLIQUE
 10
22166.0
 20
5600.0
 30
0.0
 41
120.0
 42
120.0
 50
90.0
  0
LINE
  5
7BD
330
7B4
100
AcDbEntity
  8
0
100
AcDbLine
 10
22166.0
 20
0.0
 30
0.0
 11
22166.0
 21
5600.0
 31
0.0
  0
MTEXT
  5
7BE
330
7B4
100
AcDbEntity
  8
A-DIMS
100
AcDbMText
 10
22016.0
 20
2800.0
 30
0.0
 40
180.0
 71
5
  1
5600
  7
OpenSansCondensed-Light
 50
90.0
  0
POINT
  5
7BF
330
7B4
100
AcDbEntity
  8
Defpoints
100
AcDbPoint
 10
22166.0
 20
0.0
 30
0.0
  0
POINT
  5
7C0
330
7B4
100
AcDbEntity
  8
Defpoints
100
AcDbPoint
 10
22716.0
 20
0.0
 30
0.0
  0
POINT
  5
7C1
330
7B4
100
AcDbEntity
  8
Defpoints
100
AcDbPoint
 10
22716.0
 20
5600.0
 30
0.0
  0
ENDBLK
  5
7B6
330
7B4
100
AcDbEntity
  8
0
100
AcDbBlockEnd
  0
BLOCK
  5
7C4
330
7C3
100
AcDbEntity
  8
0
100
AcDbBlockBegin
  2
*D75
 70
1
 10
0.0
 20
0.0
 30
0.0
  3
*D75
  1

  0
LINE
  5
7C6
330
7C3
100
AcDbEntity
  8
0
100
AcDbLine
 10
22596.0
 20
5600.0
 30
0.0
 11
22046.0
 21
5600.0
 31
0.0
  0
LINE
  5
7C7
330
7C3
100
AcDbEntity
  8
0
100
AcDbLine
 10
22596.0
 20
7700.0
 30
0.0
 11
22046.0
 21
7700.0
 31
0.0
  0
INSERT
  5
7C8
330
7C3
100
AcDbEntity
  8
A-DIMS
100
AcDbBlockReference
  2
_OBLIQUE
 10
22166.0
 20
5600.0
 30
0.0
 41
120.0
 42
120.0
 50
90.0
  0
INSERT
  5
7CA
330
7C3
100
AcDbEntity
  8
A-DIMS
100
AcDbBlockReference
  2
_OBLIQUE
 10
22166.0
 20
7700.0
 30
0.0
 41
120.0
 42
120.0
 50
90.0
  0
LINE
  5
7CC
330
7C3
100
AcDbEntity
  8
0
100
AcDbLine
 10
22166.0
 20
5600.0
 30
0.0
 11
22166.0
 21
7700.0
 31
0.0
  0
MTEXT
  5
7CD
330
7C3
100
AcDbEntity
  8
A-DIMS
100
AcDbMText
 10
22016.0
 20
6650.0
 30
0.0
 40
180.0
 71
5
  1
2100
  7
OpenSansCondensed-Light
 50
90.0
  0
POINT
  5
7CE
330
7C3
100
AcDbEntity
  8
Defpoints
100
AcDbPoint
 10
22166.0
 20
5600.0
 30
0.0
  0
POINT
  5
7CF
330
7C3
100
AcDbEntity
  8
Defpoints
100
AcDbPoint
 10
22716.0
 20
5600.0
 30
0.0
  0
POINT
  5
7D0
330
7C3
100
AcDbEntity
  8
Defpoints
100
AcDbPoint
 10
22716.0
 20
7700.0
 30
0.0
  0
ENDBLK
  5
7C5
330
7C3
100
AcDbEntity
  8
0
100
AcDbBlockEnd
  0
BLOCK
  5
7D3
330
7D2
100
AcDbEntity
  8
0
100
AcDbBlockBegin
  2
*D76
 70
1
 10
0.0
 20
0.0
 30
0.0
  3
*D76
  1

  0
LINE
  5
7D5
330
7D2
100
AcDbEntity
  8
0
100
AcDbLine
 10
22596.0
 20
7700.0
 30
0.0
 11
22046.0
 21
7700.0
 31
0.0
  0
LINE
  5
7D6
330
7D2
100
AcDbEntity
  8
0
100
AcDbLine
 10
22596.0
 20
9750.0
 30
0.0
 11
22046.0
 21
9750.0
 31
0.0
  0
INSERT
  5
7D7
330
7D2
100
AcDbEntity
  8
A-DIMS
100
AcDbBlockReference
  2
_OBLIQUE
 10
22166.0
 20
7700.0
 30
0.0
 41
120.0
 42
120.0
 50
90.0
  0
INSERT
  5
7D9
330
7D2
100
AcDbEntity
  8
A-DIMS
100
AcDbBlockReference
  2
_OBLIQUE
 10
22166.0
 20
9750.0
 30
0.0
 41
120.0
 42
120.0
 50
90.0
  0
LINE
  5
7DB
330
7D2
100
AcDbEntity
  8
0
100
AcDbLine
 10
22166.0
 20
7700.0
 30
0.0
 11
22166.0
 21
9750.0
 31
0.0
  0
MTEXT
  5
7DC
330
7D2
100
AcDbEntity
  8
A-DIMS
100
AcDbMText
 10
22016.0
 20
8725.0
 30
0.0
 40
180.0
 71
5
  1
2050
  7
OpenSansCondensed-Light
 50
90.0
  0
POINT
  5
7DD
330
7D2
100
AcDbEntity
  8
Defpoints
100
AcDbPoint
 10
22166.0
 20
7700.0
 30
0.0
  0
POINT
  5
7DE
330
7D2
100
AcDbEntity
  8
Defpoints
100
AcDbPoint
 10
22716.0
 20
7700.0
 30
0.0
  0
POINT
  5
7DF
330
7D2
100
AcDbEntity
  8
Defpoints
100
AcDbPoint
 10
22716.0
 20
9750.0
 30
0.0
  0
ENDBLK
  5
7D4
330
7D2
100
AcDbEntity
  8
0
100
AcDbBlockEnd
  0
BLOCK
  5
7E2
330
7E1
100
AcDbEntity
  8
0
100
AcDbBlockBegin
  2
*D77
 70
1
 10
0.0
 20
0.0
 30
0.0
  3
*D77
  1

  0
LINE
  5
7E4
330
7E1
100
AcDbEntity
  8
0
100
AcDbLine
 10
22596.0
 20
9750.0
 30
0.0
 11
22046.0
 21
9750.0
 31
0.0
  0
LINE
  5
7E5
330
7E1
100
AcDbEntity
  8
0
100
AcDbLine
 10
22596.0
 20
10650.0
 30
0.0
 11
22046.0
 21
10650.0
 31
0.0
  0
INSERT
  5
7E6
330
7E1
100
AcDbEntity
  8
A-DIMS
100
AcDbBlockReference
  2
_OBLIQUE
 10
22166.0
 20
9750.0
 30
0.0
 41
120.0
 42
120.0
 50
90.0
  0
INSERT
  5
7E8
330
7E1
100
AcDbEntity
  8
A-DIMS
100
AcDbBlockReference
  2
_OBLIQUE
 10
22166.0
 20
10650.0
 30
0.0
 41
120.0
 42
120.0
 50
90.0
  0
LINE
  5
7EA
330
7E1
100
AcDbEntity
  8
0
100
AcDbLine
 10
22166.0
 20
9750.0
 30
0.0
 11
22166.0
 21
10650.0
 31
0.0
  0
MTEXT
  5
7EB
330
7E1
100
AcDbEntity
  8
A-DIMS
100
AcDbMText
 10
22016.0
 20
10200.0
 30
0.0
 40
180.0
 71
5
  1
900
  7
OpenSansCondensed-Light
 50
90.0
  0
POINT
  5
7EC
330
7E1
100
AcDbEntity
  8
Defpoints
100
AcDbPoint
 10
22166.0
 20
9750.0
 30
0.0
  0
POINT
  5
7ED
330
7E1
100
AcDbEntity
  8
Defpoints
100
AcDbPoint
 10
22716.0
 20
9750.0
 30
0.0
  0
POINT
  5
7EE
330
7E1
100
AcDbEntity
  8
Defpoints
100
AcDbPoint
 10
22716.0
 20
10650.0
 30
0.0
  0
ENDBLK
  5
7E3
330
7E1
100
AcDbEntity
  8
0
100
AcDbBlockEnd
  0
BLOCK
  5
7F1
330
7F0
100
AcDbEntity
  8
0
100
AcDbBlockBegin
  2
*D78
 70
1
 10
0.0
 20
0.0
 30
0.0
  3
*D78
  1

  0
LINE
  5
7F3
330
7F0
100
AcDbEntity
  8
0
100
AcDbLine
 10
22596.0
 20
10650.0
 30
0.0
 11
22046.0
 21
10650.0
 31
0.0
  0
LINE
  5
7F4
330
7F0
100
AcDbEntity
  8
0
100
AcDbLine
 10
22596.0
 20
13131.0
 30
0.0
 11
22046.0
 21
13131.0
 31
0.0
  0
INSERT
  5
7F5
330
7F0
100
AcDbEntity
  8
A-DIMS
100
AcDbBlockReference
  2
_OBLIQUE
 10
22166.0
 20
10650.0
 30
0.0
 41
120.0
 42
120.0
 50
90.0
  0
INSERT
  5
7F7
330
7F0
100
AcDbEntity
  8
A-DIMS
100
AcDbBlockReference
  2
_OBLIQUE
 10
22166.0
 20
13131.0
 30
0.0
 41
120.0
 42
120.0
 50
90.0
  0
LINE
  5
7F9
330
7F0
100
AcDbEntity
  8
0
100
AcDbLine
 10
22166.0
 20
10650.0
 30
0.0
 11
22166.0
 21
13131.0
 31
0.0
  0
MTEXT
  5
7FA
330
7F0
100
AcDbEntity
  8
A-DIMS
100
AcDbMText
 10
22016.0
 20
11890.5
 30
0.0
 40
180.0
 71
5
  1
2481
  7
OpenSansCondensed-Light
 50
90.0
  0
POINT
  5
7FB
330
7F0
100
AcDbEntity
  8
Defpoints
100
AcDbPoint
 10
22166.0
 20
10650.0
 30
0.0
  0
POINT
  5
7FC
330
7F0
100
AcDbEntity
  8
Defpoints
100
AcDbPoint
 10
22716.0
 20
10650.0
 30
0.0
  0
POINT
  5
7FD
330
7F0
100
AcDbEntity
  8
Defpoints
100
AcDbPoint
 10
22716.0
 20
13131.0
 30
0.0
  0
ENDBLK
  5
7F2
330
7F0
100
AcDbEntity
  8
0
100
AcDbBlockEnd
  0
BLOCK
  5
800
330
7FF
100
AcDbEntity
  8
0
100
AcDbBlockBegin
  2
*D79
 70
1
 10
0.0
 20
0.0
 30
0.0
  3
*D79
  1

  0
LINE
  5
802
330
7FF
100
AcDbEntity
  8
0
100
AcDbLine
 10
22596.0
 20
13131.0
 30
0.0
 11
22046.0
 21
13131.0
 31
0.0
  0
LINE
  5
803
330
7FF
100
AcDbEntity
  8
0
100
AcDbLine
 10
22596.0
 20
14031.0
 30
0.0
 11
22046.0
 21
14031.0
 31
0.0
  0
INSERT
  5
804
330
7FF
100
AcDbEntity
  8
A-DIMS
100
AcDbBlockReference
  2
_OBLIQUE
 10
22166.0
 20
13131.0
 30
0.0
 41
120.0
 42
120.0
 50
90.0
  0
INSERT
  5
806
330
7FF
100
AcDbEntity
  8
A-DIMS
100
AcDbBlockReference
  2
_OBLIQUE
 10
22166.0
 20
14031.0
 30
0.0
 41
120.0
 42
120.0
 50
90.0
  0
LINE
  5
808
330
7FF
100
AcDbEntity
  8
0
100
AcDbLine
 10
22166.0
 20
13131.0
 30
0.0
 11
22166.0
 21
14031.0
 31
0.0
  0
MTEXT
  5
809
330
7FF
100
AcDbEntity
  8
A-DIMS
100
AcDbMText
 10
22016.0
 20
13581.0
 30
0.0
 40
180.0
 71
5
  1
900
  7
OpenSansCondensed-Light
 50
90.0
  0
POINT
  5
80A
330
7FF
100
AcDbEntity
  8
Defpoints
100
AcDbPoint
 10
22166.0
 20
13131.0
 30
0.0
  0
POINT
  5
80B
330
7FF
100
AcDbEntity
  8
Defpoints
100
AcDbPoint
 10
22716.0
 20
13131.0
 30
0.0
  0
POINT
  5
80C
330
7FF
100
AcDbEntity
  8
Defpoints
100
AcDbPoint
 10
22716.0
 20
14031.0
 30
0.0
  0
ENDBLK
  5
801
330
7FF
100
AcDbEntity
  8
0
100
AcDbBlockEnd
  0
BLOCK
  5
80F
330
80E
100
AcDbEntity
  8
0
100
AcDbBlockBegin
  2
*D80
 70
1
 10
0.0
 20
0.0
 30
0.0
  3
*D80
  1

  0
LINE
  5
811
330
80E
100
AcDbEntity
  8
0
100
AcDbLine
 10
22596.0
 20
14031.0
 30
0.0
 11
22046.0
 21
14031.0
 31
0.0
  0
LINE
  5
812
330
80E
100
AcDbEntity
  8
0
100
AcDbLine
 10
22596.0
 20
15612.0
 30
0.0
 11
22046.0
 21
15612.0
 31
0.0
  0
INSERT
  5
813
330
80E
100
AcDbEntity
  8
A-DIMS
100
AcDbBlockReference
  2
_OBLIQUE
 10
22166.0
 20
14031.0
 30
0.0
 41
120.0
 42
120.0
 50
90.0
  0
INSERT
  5
815
330
80E
100
AcDbEntity
  8
A-DIMS
100
AcDbBlockReference
  2
_OBLIQUE
 10
22166.0
 20
15612.0
 30
0.0
 41
120.0
 42
120.0
 50
90.0
  0
LINE
  5
817
330
80E
100
AcDbEntity
  8
0
100
AcDbLine
 10
22166.0
 20
14031.0
 30
0.0
 11
22166.0
 21
15612.0
 31
0.0
  0
MTEXT
  5
818
330
80E
100
AcDbEntity
  8
A-DIMS
100
AcDbMText
 10
22016.0
 20
14821.5
 30
0.0
 40
180.0
 71
5
  1
1581
  7
OpenSansCondensed-Light
 50
90.0
  0
POINT
  5
819
330
80E
100
AcDbEntity
  8
Defpoints
100
AcDbPoint
 10
22166.0
 20
14031.0
 30
0.0
  0
POINT
  5
81A
330
80E
100
AcDbEntity
  8
Defpoints
100
AcDbPoint
 10
22716.0
 20
14031.0
 30
0.0
  0
POINT
  5
81B
330
80E
100
AcDbEntity
  8
Defpoints
100
AcDbPoint
 10
22716.0
 20
15612.0
 30
0.0
  0
ENDBLK
  5
810
330
80E
100
AcDbEntity
  8
0
100
AcDbBlockEnd
  0
BLOCK
  5
81E
330
81D
100
AcDbEntity
  8
0
100
AcDbBlockBegin
  2
*D81
 70
1
 10
0.0
 20
0.0
 30
0.0
  3
*D81
  1

  0
LINE
  5
820
330
81D
100
AcDbEntity
  8
0
100
AcDbLine
 10
22596.0
 20
0.0
 30
0.0
 11
21596.0
 21
0.0
 31
0.0
  0
LINE
  5
821
330
81D
100
AcDbEntity
  8
0
100
AcDbLine
 10
22596.0
 20
4450.0
 30
0.0
 11
21596.0
 21
4450.0
 31
0.0
  0
INSERT
  5
822
330
81D
100
AcDbEntity
  8
A-DIMS
100
AcDbBlockReference
  2
_OBLIQUE
 10
21716.0
 20
0.0
 30
0.0
 41
120.0
 42
120.0
 50
90.0
  0
INSERT
  5
824
330
81D
100
AcDbEntity
  8
A-DIMS
100
AcDbBlockReference
  2
_OBLIQUE
 10
21716.0
 20
4450.0
 30
0.0
 41
120.0
 42
120.0
 50
90.0
  0
LINE
  5
826
330
81D
100
AcDbEntity
  8
0
100
AcDbLine
 10
21716.0
 20
0.0
 30
0.0
 11
21716.0
 21
4450.0
 31
0.0
  0
MTEXT
  5
827
330
81D
100
AcDbEntity
  8
A-DIMS
100
AcDbMText
 10
21566.0
 20
2225.0
 30
0.0
 40
180.0
 71
5
  1
4450
  7
OpenSansCondensed-Light
 50
90.0
  0
POINT
  5
828
330
81D
100
AcDbEntity
  8
Defpoints
100
AcDbPoint
 10
21716.0
 20
0.0
 30
0.0
  0
POINT
  5
829
330
81D
100
AcDbEntity
  8
Defpoints
100
AcDbPoint
 10
22716.0
 20
0.0
 30
0.0
  0
POINT
  5
82A
330
81D
100
AcDbEntity
  8
Defpoints
100
AcDbPoint
 10
22716.0
 20
4450.0
 30
0.0
  0
ENDBLK
  5
81F
330
81D
100
AcDbEntity
  8
0
100
AcDbBlockEnd
  0
BLOCK
  5
82D
330
82C
100
AcDbEntity
  8
0
100
AcDbBlockBegin
  2
*D82
 70
1
 10
0.0
 20
0.0
 30
0.0
  3
*D82
  1

  0
LINE
  5
82F
330
82C
100
AcDbEntity
  8
0
100
AcDbLine
 10
22596.0
 20
4450.0
 30
0.0
 11
21596.0
 21
4450.0
 31
0.0
  0
LINE
  5
830
330
82C
100
AcDbEntity
  8
0
100
AcDbLine
 10
22596.0
 20
8850.0
 30
0.0
 11
21596.0
 21
8850.0
 31
0.0
  0
INSERT
  5
831
330
82C
100
AcDbEntity
  8
A-DIMS
100
AcDbBlockReference
  2
_OBLIQUE
 10
21716.0
 20
4450.0
 30
0.0
 41
120.0
 42
120.0
 50
90.0
  0
INSERT
  5
833
330
82C
100
AcDbEntity
  8
A-DIMS
100
AcDbBlockReference
  2
_OBLIQUE
 10
21716.0
 20
8850.0
 30
0.0
 41
120.0
 42
120.0
 50
90.0
  0
LINE
  5
835
330
82C
100
AcDbEntity
  8
0
100
AcDbLine
 10
21716.0
 20
4450.0
 30
0.0
 11
21716.0
 21
8850.0
 31
0.0
  0
MTEXT
  5
836
330
82C
100
AcDbEntity
  8
A-DIMS
100
AcDbMText
 10
21566.0
 20
6650.0
 30
0.0
 40
180.0
 71
5
  1
4400
  7
OpenSansCondensed-Light
 50
90.0
  0
POINT
  5
837
330
82C
100
AcDbEntity
  8
Defpoints
100
AcDbPoint
 10
21716.0
 20
4450.0
 30
0.0
  0
POINT
  5
838
330
82C
100
AcDbEntity
  8
Defpoints
100
AcDbPoint
 10
22716.0
 20
4450.0
 30
0.0
  0
POINT
  5
839
330
82C
100
AcDbEntity
  8
Defpoints
100
AcDbPoint
 10
22716.0
 20
8850.0
 30
0.0
  0
ENDBLK
  5
82E
330
82C
100
AcDbEntity
  8
0
100
AcDbBlockEnd
  0
BLOCK
  5
83C
330
83B
100
AcDbEntity
  8
0
100
AcDbBlockBegin
  2
*D83
 70
1
 10
0.0
 20
0.0
 30
0.0
  3
*D83
  1

  0
LINE
  5
83E
330
83B
100
AcDbEntity
  8
0
100
AcDbLine
 10
22596.0
 20
8850.0
 30
0.0
 11
21596.0
 21
8850.0
 31
0.0
  0
LINE
  5
83F
330
83B
100
AcDbEntity
  8
0
100
AcDbLine
 10
22596.0
 20
11550.0
 30
0.0
 11
21596.0
 21
11550.0
 31
0.0
  0
INSERT
  5
840
330
83B
100
AcDbEntity
  8
A-DIMS
100
AcDbBlockReference
  2
_OBLIQUE
 10
21716.0
 20
8850.0
 30
0.0
 41
120.0
 42
120.0
 50
90.0
  0
INSERT
  5
842
330
83B
100
AcDbEntity
  8
A-DIMS
100
AcDbBlockReference
  2
_OBLIQUE
 10
21716.0
 20
11550.0
 30
0.0
 41
120.0
 42
120.0
 50
90.0
  0
LINE
  5
844
330
83B
100
AcDbEntity
  8
0
100
AcDbLine
 10
21716.0
 20
8850.0
 30
0.0
 11
21716.0
 21
11550.0
 31
0.0
  0
MTEXT
  5
845
330
83B
100
AcDbEntity
  8
A-DIMS
100
AcDbMText
 10
21566.0
 20
10200.0
 30
0.0
 40
180.0
 71
5
  1
2700
  7
OpenSansCondensed-Light
 50
90.0
  0
POINT
  5
846
330
83B
100
AcDbEntity
  8
Defpoints
100
AcDbPoint
 10
21716.0
 20
8850.0
 30
0.0
  0
POINT
  5
847
330
83B
100
AcDbEntity
  8
Defpoints
100
AcDbPoint
 10
22716.0
 20
8850.0
 30
0.0
  0
POINT
  5
848
330
83B
100
AcDbEntity
  8
Defpoints
100
AcDbPoint
 10
22716.0
 20
11550.0
 30
0.0
  0
ENDBLK
  5
83D
330
83B
100
AcDbEntity
  8
0
100
AcDbBlockEnd
  0
BLOCK
  5
84B
330
84A
100
AcDbEntity
  8
0
100
AcDbBlockBegin
  2
*D84
 70
1
 10
0.0
 20
0.0
 30
0.0
  3
*D84
  1

  0
LINE
  5
84D
330
84A
100
AcDbEntity
  8
0
100
AcDbLine
 10
22596.0
 20
11550.0
 30
0.0
 11
21596.0
 21
11550.0
 31
0.0
  0
LINE
  5
84E
330
84A
100
AcDbEntity
  8
0
100
AcDbLine
 10
22596.0
 20
15612.0
 30
0.0
 11
21596.0
 21
15612.0
 31
0.0
  0
INSERT
  5
84F
330
84A
100
AcDbEntity
  8
A-DIMS
100
AcDbBlockReference
  2
_OBLIQUE
 10
21716.0
 20
11550.0
 30
0.0
 41
120.0
 42
120.0
 50
90.0
  0
INSERT
  5
851
330
84A
100
AcDbEntity
  8
A-DIMS
100
AcDbBlockReference
  2
_OBLIQUE
 10
21716.0
 20
15612.0
 30
0.0
 41
120.0
 42
120.0
 50
90.0
  0
LINE
  5
853
330
84A
100
AcDbEntity
  8
0
100
AcDbLine
 10
21716.0
 20
11550.0
 30
0.0
 11
21716.0
 21
15612.0
 31
0.0
  0
MTEXT
  5
854
330
84A
100
AcDbEntity
  8
A-DIMS
100
AcDbMText
 10
21566.0
 20
13581.0
 30
0.0
 40
180.0
 71
5
  1
4062
  7
OpenSansCondensed-Light
 50
90.0
  0
POINT
  5
855
330
84A
100
AcDbEntity
  8
Defpoints
100
AcDbPoint
 10
21716.0
 20
11550.0
 30
0.0
  0
POINT
  5
856
330
84A
100
AcDbEntity
  8
Defpoints
100
AcDbPoint
 10
22716.0
 20
11550.0
 30
0.0
  0
POINT
  5
857
330
84A
100
AcDbEntity
  8
Defpoints
100
AcDbPoint
 10
22716.0
 20
15612.0
 30
0.0
  0
ENDBLK
  5
84C
330
84A
100
AcDbEntity
  8
0
100
AcDbBlockEnd
  0
BLOCK
  5
85A
330
859
100
AcDbEntity
  8
0
100
AcDbBlockBegin
  2
*D85
 70
1
 10
0.0
 20
0.0
 30
0.0
  3
*D85
  1

  0
LINE
  5
85C
330
859
100
AcDbEntity
  8
0
100
AcDbLine
 10
22596.0
 20
0.0
 30
0.0
 11
21146.0
 21
0.0
 31
0.0
  0
LINE
  5
85D
330
859
100
AcDbEntity
  8
0
100
AcDbLine
 10
22596.0
 20
15612.0
 30
0.0
 11
21146.0
 21
15612.0
 31
0.0
  0
INSERT
  5
85E
330
859
100
AcDbEntity
  8
A-DIMS
100
AcDbBlockReference
  2
_OBLIQUE
 10
21266.0
 20
0.0
 30
0.0
 41
120.0
 42
120.0
 50
90.0
  0
INSERT
  5
860
330
859
100
AcDbEntity
  8
A-DIMS
100
AcDbBlockReference
  2
_OBLIQUE
 10
21266.0
 20
15612.0
 30
0.0
 41
120.0
 42
120.0
 50
90.0
  0
LINE
  5
862
330
859
100
AcDbEntity
  8
0
100
AcDbLine
 10
21266.0
 20
0.0
 30
0.0
 11
21266.0
 21
15612.0
 31
0.0
  0
MTEXT
  5
863
330
859
100
AcDbEntity
  8
A-DIMS
100
AcDbMText
 10
21116.0
 20
7806.0
 30
0.0
 40
180.0
 71
5
  1
15612
  7
OpenSansCondensed-Light
 50
90.0
  0
POINT
  5
864
330
859
100
AcDbEntity
  8
Defpoints
100
AcDbPoint
 10
21266.0
 20
0.0
 30
0.0
  0
POINT
  5
865
330
859
100
AcDbEntity
  8
Defpoints
100
AcDbPoint
 10
22716.0
 20
0.0
 30
0.0
  0
POINT
  5
866
330
859
100
AcDbEntity
  8
Defpoints
100
AcDbPoint
 10
22716.0
 20
15612.0
 30
0.0
  0
ENDBLK
  5
85B
330
859
100
AcDbEntity
  8
0
100
AcDbBlockEnd
  0
BLOCK
  5
869
330
868
100
AcDbEntity
  8
0
100
AcDbBlockBegin
  2
*D86
 70
1
 10
0.0
 20
0.0
 30
0.0
  3
*D86
  1

  0
LINE
  5
86B
330
868
100
AcDbEntity
  8
0
100
AcDbLine
 10
33552.0
 20
0.0
 30
0.0
 11
34102.0
 21
0.0
 31
0.0
  0
LINE
  5
86C
330
868
100
AcDbEntity
  8
0
100
AcDbLine
 10
33552.0
 20
2250.0
 30
0.0
 11
34102.0
 21
2250.0
 31
0.0
  0
INSERT
  5
86D
330
868
100
AcDbEntity
  8
A-DIMS
100
AcDbBlockReference
  2
_OBLIQUE
 10
33982.0
 20
0.0
 30
0.0
 41
120.0
 42
120.0
 50
90.0
  0
INSERT
  5
86F
330
868
100
AcDbEntity
  8
A-DIMS
100
AcDbBlockReference
  2
_OBLIQUE
 10
33982.0
 20
2250.0
 30
0.0
 41
120.0
 42
120.0
 50
90.0
  0
LINE
  5
871
330
868
100
AcDbEntity
  8
0
100
AcDbLine
 10
33982.0
 20
0.0
 30
0.0
 11
33982.0
 21
2250.0
 31
0.0
  0
MTEXT
  5
872
330
868
100
AcDbEntity
  8
A-DIMS
100
AcDbMText
 10
33832.0
 20
1125.0
 30
0.0
 40
180.0
 71
5
  1
2250
  7
OpenSansCondensed-Light
 50
90.0
  0
POINT
  5
873
330
868
100
AcDbEntity
  8
Defpoints
100
AcDbPoint
 10
33982.0
 20
0.0
 30
0.0
  0
POINT
  5
874
330
868
100
AcDbEntity
  8
Defpoints
100
AcDbPoint
 10
33432.0
 20
0.0
 30
0.0
  0
POINT
  5
875
330
868
100
AcDbEntity
  8
Defpoints
100
AcDbPoint
 10
33432.0
 20
2250.0
 30
0.0
  0
ENDBLK
  5
86A
330
868
100
AcDbEntity
  8
0
100
AcDbBlockEnd
  0
BLOCK
  5
878
330
877
100
AcDbEntity
  8
0
100
AcDbBlockBegin
  2
*D87
 70
1
 10
0.0
 20
0.0
 30
0.0
  3
*D87
  1

  0
LINE
  5
87A
330
877
100
AcDbEntity
  8
0
100
AcDbLine
 10
33552.0
 20
2250.0
 30
0.0
 11
34102.0
 21
2250.0
 31
0.0
  0
LINE
  5
87B
330
877
100
AcDbEntity
  8
0
100
AcDbLine
 10
33552.0
 20
3750.0
 30
0.0
 11
34102.0
 21
3750.0
 31
0.0
  0
INSERT
  5
87C
330
877
100
AcDbEntity
  8
A-DIMS
100
AcDbBlockReference
  2
_OBLIQUE
 10
33982.0
 20
2250.0
 30
0.0
 41
120.0
 42
120.0
 50
90.0
  0
INSERT
  5
87E
330
877
100
AcDbEntity
  8
A-DIMS
100
AcDbBlockReference
  2
_OBLIQUE
 10
33982.0
 20
3750.0
 30
0.0
 41
120.0
 42
120.0
 50
90.0
  0
LINE
  5
880
330
877
100
AcDbEntity
  8
0
100
AcDbLine
 10
33982.0
 20
2250.0
 30
0.0
 11
33982.0
 21
3750.0
 31
0.0
  0
MTEXT
  5
881
330
877
100
AcDbEntity
  8
A-DIMS
100
AcDbMText
 10
33832.0
 20
3000.0
 30
0.0
 40
180.0
 71
5
  1
1500
  7
OpenSansCondensed-Light
 50
90.0
  0
POINT
  5
882
330
877
100
AcDbEntity
  8
Defpoints
100
AcDbPoint
 10
33982.0
 20
2250.0
 30
0.0
  0
POINT
  5
883
330
877
100
AcDbEntity
  8
Defpoints
100
AcDbPoint
 10
33432.0
 20
2250.0
 30
0.0
  0
POINT
  5
884
330
877
100
AcDbEntity
  8
Defpoints
100
AcDbPoint
 10
33432.0
 20
3750.0
 30
0.0
  0
ENDBLK
  5
879
330
877
100
AcDbEntity
  8
0
100
AcDbBlockEnd
  0
BLOCK
  5
887
330
886
100
AcDbEntity
  8
0
100
AcDbBlockBegin
  2
*D88
 70
1
 10
0.0
 20
0.0
 30
0.0
  3
*D88
  1

  0
LINE
  5
889
330
886
100
AcDbEntity
  8
0
100
AcDbLine
 10
33552.0
 20
3750.0
 30
0.0
 11
34102.0
 21
3750.0
 31
0.0
  0
LINE
  5
88A
330
886
100
AcDbEntity
  8
0
100
AcDbLine
 10
33552.0
 20
7631.0
 30
0.0
 11
34102.0
 21
7631.0
 31
0.0
  0
INSERT
  5
88B
330
886
100
AcDbEntity
  8
A-DIMS
100
AcDbBlockReference
  2
_OBLIQUE
 10
33982.0
 20
3750.0
 30
0.0
 41
120.0
 42
120.0
 50
90.0
  0
INSERT
  5
88D
330
886
100
AcDbEntity
  8
A-DIMS
100
AcDbBlockReference
  2
_OBLIQUE
 10
33982.0
 20
7631.0
 30
0.0
 41
120.0
 42
120.0
 50
90.0
  0
LINE
  5
88F
330
886
100
AcDbEntity
  8
0
100
AcDbLine
 10
33982.0
 20
3750.0
 30
0.0
 11
33982.0
 21
7631.0
 31
0.0
  0
MTEXT
  5
890
330
886
100
AcDbEntity
  8
A-DIMS
100
AcDbMText
 10
33832.0
 20
5690.5
 30
0.0
 40
180.0
 71
5
  1
3881
  7
OpenSansCondensed-Light
 50
90.0
  0
POINT
  5
891
330
886
100
AcDbEntity
  8
Defpoints
100
AcDbPoint
 10
33982.0
 20
3750.0
 30
0.0
  0
POINT
  5
892
330
886
100
AcDbEntity
  8
Defpoints
100
AcDbPoint
 10
33432.0
 20
3750.0
 30
0.0
  0
POINT
  5
893
330
886
100
AcDbEntity
  8
Defpoints
100
AcDbPoint
 10
33432.0
 20
7631.0
 30
0.0
  0
ENDBLK
  5
888
330
886
100
AcDbEntity
  8
0
100
AcDbBlockEnd
  0
BLOCK
  5
896
330
895
100
AcDbEntity
  8
0
100
AcDbBlockBegin
  2
*D89
 70
1
 10
0.0
 20
0.0
 30
0.0
  3
*D89
  1

  0
LINE
  5
898
330
895
100
AcDbEntity
  8
0
100
AcDbLine
 10
33552.0
 20
7631.0
 30
0.0
 11
34102.0
 21
7631.0
 31
0.0
  0
LINE
  5
899
330
895
100
AcDbEntity
  8
0
100
AcDbLine
 10
33552.0
 20
9731.0
 30
0.0
 11
34102.0
 21
9731.0
 31
0.0
  0
INSERT
  5
89A
330
895
100
AcDbEntity
  8
A-DIMS
100
AcDbBlockReference
  2
_OBLIQUE
 10
33982.0
 20
7631.0
 30
0.0
 41
120.0
 42
120.0
 50
90.0
  0
INSERT
  5
89C
330
895
100
AcDbEntity
  8
A-DIMS
100
AcDbBlockReference
  2
_OBLIQUE
 10
33982.0
 20
9731.0
 30
0.0
 41
120.0
 42
120.0
 50
90.0
  0
LINE
  5
89E
330
895
100
AcDbEntity
  8
0
100
AcDbLine
 10
33982.0
 20
7631.0
 30
0.0
 11
33982.0
 21
9731.0
 31
0.0
  0
MTEXT
  5
89F
330
895
100
AcDbEntity
  8
A-DIMS
100
AcDbMText
 10
33832.0
 20
8681.0
 30
0.0
 40
180.0
 71
5
  1
2100
  7
OpenSansCondensed-Light
 50
90.0
  0
POINT
  5
8A0
330
895
100
AcDbEntity
  8
Defpoints
100
AcDbPoint
 10
33982.0
 20
7631.0
 30
0.0
  0
POINT
  5
8A1
330
895
100
AcDbEntity
  8
Defpoints
100
AcDbPoint
 10
33432.0
 20
7631.0
 30
0.0
  0
POINT
  5
8A2
330
895
100
AcDbEntity
  8
Defpoints
100
AcDbPoint
 10
33432.0
 20
9731.0
 30
0.0
  0
ENDBLK
  5
897
330
895
100
AcDbEntity
  8
0
100
AcDbBlockEnd
  0
BLOCK
  5
8A5
330
8A4
100
AcDbEntity
  8
0
100
AcDbBlockBegin
  2
*D90
 70
1
 10
0.0
 20
0.0
 30
0.0
  3
*D90
  1

  0
LINE
  5
8A7
330
8A4
100
AcDbEntity
  8
0
100
AcDbLine
 10
33552.0
 20
9731.0
 30
0.0
 11
34102.0
 21
9731.0
 31
0.0
  0
LINE
  5
8A8
330
8A4
100
AcDbEntity
  8
0
100
AcDbLine
 10
33552.0
 20
13812.0
 30
0.0
 11
34102.0
 21
13812.0
 31
0.0
  0
INSERT
  5
8A9
330
8A4
100
AcDbEntity
  8
A-DIMS
100
AcDbBlockReference
  2
_OBLIQUE
 10
33982.0
 20
9731.0
 30
0.0
 41
120.0
 42
120.0
 50
90.0
  0
INSERT
  5
8AB
330
8A4
100
AcDbEntity
  8
A-DIMS
100
AcDbBlockReference
  2
_OBLIQUE
 10
33982.0
 20
13812.0
 30
0.0
 41
120.0
 42
120.0
 50
90.0
  0
LINE
  5
8AD
330
8A4
100
AcDbEntity
  8
0
100
AcDbLine
 10
33982.0
 20
9731.0
 30
0.0
 11
33982.0
 21
13812.0
 31
0.0
  0
MTEXT
  5
8AE
330
8A4
100
AcDbEntity
  8
A-DIMS
100
AcDbMText
 10
33832.0
 20
11771.5
 30
0.0
 40
180.0
 71
5
  1
4081
  7
OpenSansCondensed-Light
 50
90.0
  0
POINT
  5
8AF
330
8A4
100
AcDbEntity
  8
Defpoints
100
AcDbPoint
 10
33982.0
 20
9731.0
 30
0.0
  0
POINT
  5
8B0
330
8A4
100
AcDbEntity
  8
Defpoints
100
AcDbPoint
 10
33432.0
 20
9731.0
 30
0.0
  0
POINT
  5
8B1
330
8A4
100
AcDbEntity
  8
Defpoints
100
AcDbPoint
 10
33432.0
 20
13812.0
 30
0.0
  0
ENDBLK
  5
8A6
330
8A4
100
AcDbEntity
  8
0
100
AcDbBlockEnd
  0
BLOCK
  5
8B4
330
8B3
100
AcDbEntity
  8
0
100
AcDbBlockBegin
  2
*D91
 70
1
 10
0.0
 20
0.0
 30
0.0
  3
*D91
  1

  0
LINE
  5
8B6
330
8B3
100
AcDbEntity
  8
0
100
AcDbLine
 10
33552.0
 20
13812.0
 30
0.0
 11
34102.0
 21
13812.0
 31
0.0
  0
LINE
  5
8B7
330
8B3
100
AcDbEntity
  8
0
100
AcDbLine
 10
33552.0
 20
14712.0
 30
0.0
 11
34102.0
 21
14712.0
 31
0.0
  0
INSERT
  5
8B8
330
8B3
100
AcDbEntity
  8
A-DIMS
100
AcDbBlockReference
  2
_OBLIQUE
 10
33982.0
 20
13812.0
 30
0.0
 41
120.0
 42
120.0
 50
90.0
  0
INSERT
  5
8BA
330
8B3
100
AcDbEntity
  8
A-DIMS
100
AcDbBlockReference
  2
_OBLIQUE
 10
33982.0
 20
14712.0
 30
0.0
 41
120.0
 42
120.0
 50
90.0
  0
LINE
  5
8BC
330
8B3
100
AcDbEntity
  8
0
100
AcDbLine
 10
33982.0
 20
13812.0
 30
0.0
 11
33982.0
 21
14712.0
 31
0.0
  0
MTEXT
  5
8BD
330
8B3
100
AcDbEntity
  8
A-DIMS
100
AcDbMText
 10
33832.0
 20
14262.0
 30
0.0
 40
180.0
 71
5
  1
900
  7
OpenSansCondensed-Light
 50
90.0
  0
POINT
  5
8BE
330
8B3
100
AcDbEntity
  8
Defpoints
100
AcDbPoint
 10
33982.0
 20
13812.0
 30
0.0
  0
POINT
  5
8BF
330
8B3
100
AcDbEntity
  8
Defpoints
100
AcDbPoint
 10
33432.0
 20
13812.0
 30
0.0
  0
POINT
  5
8C0
330
8B3
100
AcDbEntity
  8
Defpoints
100
AcDbPoint
 10
33432.0
 20
14712.0
 30
0.0
  0
ENDBLK
  5
8B5
330
8B3
100
AcDbEntity
  8
0
100
AcDbBlockEnd
  0
BLOCK
  5
8C3
330
8C2
100
AcDbEntity
  8
0
100
AcDbBlockBegin
  2
*D92
 70
1
 10
0.0
 20
0.0
 30
0.0
  3
*D92
  1

  0
LINE
  5
8C5
330
8C2
100
AcDbEntity
  8
0
100
AcDbLine
 10
33552.0
 20
14712.0
 30
0.0
 11
34102.0
 21
14712.0
 31
0.0
  0
LINE
  5
8C6
330
8C2
100
AcDbEntity
  8
0
100
AcDbLine
 10
33552.0
 20
15612.0
 30
0.0
 11
34102.0
 21
15612.0
 31
0.0
  0
INSERT
  5
8C7
330
8C2
100
AcDbEntity
  8
A-DIMS
100
AcDbBlockReference
  2
_OBLIQUE
 10
33982.0
 20
14712.0
 30
0.0
 41
120.0
 42
120.0
 50
90.0
  0
INSERT
  5
8C9
330
8C2
100
AcDbEntity
  8
A-DIMS
100
AcDbBlockReference
  2
_OBLIQUE
 10
33982.0
 20
15612.0
 30
0.0
 41
120.0
 42
120.0
 50
90.0
  0
LINE
  5
8CB
330
8C2
100
AcDbEntity
  8
0
100
AcDbLine
 10
33982.0
 20
14712.0
 30
0.0
 11
33982.0
 21
15612.0
 31
0.0
  0
MTEXT
  5
8CC
330
8C2
100
AcDbEntity
  8
A-DIMS
100
AcDbMText
 10
33832.0
 20
15162.0
 30
0.0
 40
180.0
 71
5
  1
900
  7
OpenSansCondensed-Light
 50
90.0
  0
POINT
  5
8CD
330
8C2
100
AcDbEntity
  8
Defpoints
100
AcDbPoint
 10
33982.0
 20
14712.0
 30
0.0
  0
POINT
  5
8CE
330
8C2
100
AcDbEntity
  8
Defpoints
100
AcDbPoint
 10
33432.0
 20
14712.0
 30
0.0
  0
POINT
  5
8CF
330
8C2
100
AcDbEntity
  8
Defpoints
100
AcDbPoint
 10
33432.0
 20
15612.0
 30
0.0
  0
ENDBLK
  5
8C4
330
8C2
100
AcDbEntity
  8
0
100
AcDbBlockEnd
  0
BLOCK
  5
8D2
330
8D1
100
AcDbEntity
  8
0
100
AcDbBlockBegin
  2
*D93
 70
1
 10
0.0
 20
0.0
 30
0.0
  3
*D93
  1

  0
LINE
  5
8D4
330
8D1
100
AcDbEntity
  8
0
100
AcDbLine
 10
33552.0
 20
0.0
 30
0.0
 11
34552.0
 21
0.0
 31
0.0
  0
LINE
  5
8D5
330
8D1
100
AcDbEntity
  8
0
100
AcDbLine
 10
33552.0
 20
1550.0
 30
0.0
 11
34552.0
 21
1550.0
 31
0.0
  0
INSERT
  5
8D6
330
8D1
100
AcDbEntity
  8
A-DIMS
100
AcDbBlockReference
  2
_OBLIQUE
 10
34432.0
 20
0.0
 30
0.0
 41
120.0
 42
120.0
 50
90.0
  0
INSERT
  5
8D8
330
8D1
100
AcDbEntity
  8
A-DIMS
100
AcDbBlockReference
  2
_OBLIQUE
 10
34432.0
 20
1550.0
 30
0.0
 41
120.0
 42
120.0
 50
90.0
  0
LINE
  5
8DA
330
8D1
100
AcDbEntity
  8
0
100
AcDbLine
 10
34432.0
 20
0.0
 30
0.0
 11
34432.0
 21
1550.0
 31
0.0
  0
MTEXT
  5
8DB
330
8D1
100
AcDbEntity
  8
A-DIMS
100
AcDbMText
 10
34282.0
 20
775.0
 30
0.0
 40
180.0
 71
5
  1
1550
  7
OpenSansCondensed-Light
 50
90.0
  0
POINT
  5
8DC
330
8D1
100
AcDbEntity
  8
Defpoints
100
AcDbPoint
 10
34432.0
 20
0.0
 30
0.0
  0
POINT
  5
8DD
330
8D1
100
AcDbEntity
  8
Defpoints
100
AcDbPoint
 10
33432.0
 20
0.0
 30
0.0
  0
POINT
  5
8DE
330
8D1
100
AcDbEntity
  8
Defpoints
100
AcDbPoint
 10
33432.0
 20
1550.0
 30
0.0
  0
ENDBLK
  5
8D3
330
8D1
100
AcDbEntity
  8
0
100
AcDbBlockEnd
  0
BLOCK
  5
8E1
330
8E0
100
AcDbEntity
  8
0
100
AcDbBlockBegin
  2
*D94
 70
1
 10
0.0
 20
0.0
 30
0.0
  3
*D94
  1

  0
LINE
  5
8E3
330
8E0
100
AcDbEntity
  8
0
100
AcDbLine
 10
33552.0
 20
1550.0
 30
0.0
 11
34552.0
 21
1550.0
 31
0.0
  0
LINE
  5
8E4
330
8E0
100
AcDbEntity
  8
0
100
AcDbLine
 10
33552.0
 20
4450.0
 30
0.0
 11
34552.0
 21
4450.0
 31
0.0
  0
INSERT
  5
8E5
330
8E0
100
AcDbEntity
  8
A-DIMS
100
AcDbBlockReference
  2
_OBLIQUE
 10
34432.0
 20
1550.0
 30
0.0
 41
120.0
 42
120.0
 50
90.0
  0
INSERT
  5
8E7
330
8E0
100
AcDbEntity
  8
A-DIMS
100
AcDbBlockReference
  2
_OBLIQUE
 10
34432.0
 20
4450.0
 30
0.0
 41
120.0
 42
120.0
 50
90.0
  0
LINE
  5
8E9
330
8E0
100
AcDbEntity
  8
0
100
AcDbLine
 10
34432.0
 20
1550.0
 30
0.0
 11
34432.0
 21
4450.0
 31
0.0
  0
MTEXT
  5
8EA
330
8E0
100
AcDbEntity
  8
A-DIMS
100
AcDbMText
 10
34282.0
 20
3000.0
 30
0.0
 40
180.0
 71
5
  1
2900
  7
OpenSansCondensed-Light
 50
90.0
  0
POINT
  5
8EB
330
8E0
100
AcDbEntity
  8
Defpoints
100
AcDbPoint
 10
34432.0
 20
1550.0
 30
0.0
  0
POINT
  5
8EC
330
8E0
100
AcDbEntity
  8
Defpoints
100
AcDbPoint
 10
33432.0
 20
1550.0
 30
0.0
  0
POINT
  5
8ED
330
8E0
100
AcDbEntity
  8
Defpoints
100
AcDbPoint
 10
33432.0
 20
4450.0
 30
0.0
  0
ENDBLK
  5
8E2
330
8E0
100
AcDbEntity
  8
0
100
AcDbBlockEnd
  0
BLOCK
  5
8F0
330
8EF
100
AcDbEntity
  8
0
100
AcDbBlockBegin
  2
*D95
 70
1
 10
0.0
 20
0.0
 30
0.0
  3
*D95
  1

  0
LINE
  5
8F2
330
8EF
100
AcDbEntity
  8
0
100
AcDbLine
 10
33552.0
 20
4450.0
 30
0.0
 11
34552.0
 21
4450.0
 31
0.0
  0
LINE
  5
8F3
330
8EF
100
AcDbEntity
  8
0
100
AcDbLine
 10
33552.0
 20
12912.0
 30
0.0
 11
34552.0
 21
12912.0
 31
0.0
  0
INSERT
  5
8F4
330
8EF
100
AcDbEntity
  8
A-DIMS
100
AcDbBlockReference
  2
_OBLIQUE
 10
34432.0
 20
4450.0
 30
0.0
 41
120.0
 42
120.0
 50
90.0
  0
INSERT
  5
8F6
330
8EF
100
AcDbEntity
  8
A-DIMS
100
AcDbBlockReference
  2
_OBLIQUE
 10
34432.0
 20
12912.0
 30
0.0
 41
120.0
 42
120.0
 50
90.0
  0
LINE
  5
8F8
330
8EF
100
AcDbEntity
  8
0
100
AcDbLine
 10
34432.0
 20
4450.0
 30
0.0
 11
34432.0
 21
12912.0
 31
0.0
  0
MTEXT
  5
8F9
330
8EF
100
AcDbEntity
  8
A-DIMS
100
AcDbMText
 10
34282.0
 20
8681.0
 30
0.0
 40
180.0
 71
5
  1
8462
  7
OpenSansCondensed-Light
 50
90.0
  0
POINT
  5
8FA
330
8EF
100
AcDbEntity
  8
Defpoints
100
AcDbPoint
 10
34432.0
 20
4450.0
 30
0.0
  0
POINT
  5
8FB
330
8EF
100
AcDbEntity
  8
Defpoints
100
AcDbPoint
 10
33432.0
 20
4450.0
 30
0.0
  0
POINT
  5
8FC
330
8EF
100
AcDbEntity
  8
Defpoints
100
AcDbPoint
 10
33432.0
 20
12912.0
 30
0.0
  0
ENDBLK
  5
8F1
330
8EF
100
AcDbEntity
  8
0
100
AcDbBlockEnd
  0
BLOCK
  5
8FF
330
8FE
100
AcDbEntity
  8
0
100
AcDbBlockBegin
  2
*D96
 70
1
 10
0.0
 20
0.0
 30
0.0
  3
*D96
  1

  0
LINE
  5
901
330
8FE
100
AcDbEntity
  8
0
100
AcDbLine
 10
33552.0
 20
12912.0
 30
0.0
 11
34552.0
 21
12912.0
 31
0.0
  0
LINE
  5
902
330
8FE
100
AcDbEntity
  8
0
100
AcDbLine
 10
33552.0
 20
15612.0
 30
0.0
 11
34552.0
 21
15612.0
 31
0.0
  0
INSERT
  5
903
330
8FE
100
AcDbEntity
  8
A-DIMS
100
AcDbBlockReference
  2
_OBLIQUE
 10
34432.0
 20
12912.0
 30
0.0
 41
120.0
 42
120.0
 50
90.0
  0
INSERT
  5
905
330
8FE
100
AcDbEntity
  8
A-DIMS
100
AcDbBlockReference
  2
_OBLIQUE
 10
34432.0
 20
15612.0
 30
0.0
 41
120.0
 42
120.0
 50
90.0
  0
LINE
  5
907
330
8FE
100
AcDbEntity
  8
0
100
AcDbLine
 10
34432.0
 20
12912.0
 30
0.0
 11
34432.0
 21
15612.0
 31
0.0
  0
MTEXT
  5
908
330
8FE
100
AcDbEntity
  8
A-DIMS
100
AcDbMText
 10
34282.0
 20
14262.0
 30
0.0
 40
180.0
 71
5
  1
2700
  7
OpenSansCondensed-Light
 50
90.0
  0
POINT
  5
909
330
8FE
100
AcDbEntity
  8
Defpoints
100
AcDbPoint
 10
34432.0
 20
12912.0
 30
0.0
  0
POINT
  5
90A
330
8FE
100
AcDbEntity
  8
Defpoints
100
AcDbPoint
 10
33432.0
 20
12912.0
 30
0.0
  0
POINT
  5
90B
330
8FE
100
AcDbEntity
  8
Defpoints
100
AcDbPoint
 10
33432.0
 20
15612.0
 30
0.0
  0
ENDBLK
  5
900
330
8FE
100
AcDbEntity
  8
0
100
AcDbBlockEnd
  0
BLOCK
  5
90E
330
90D
100
AcDbEntity
  8
0
100
AcDbBlockBegin
  2
*D97
 70
1
 10
0.0
 20
0.0
 30
0.0
  3
*D97
  1

  0
LINE
  5
910
330
90D
100
AcDbEntity
  8
0
100
AcDbLine
 10
33552.0
 20
0.0
 30
0.0
 11
35002.0
 21
0.0
 31
0.0
  0
LINE
  5
911
330
90D
100
AcDbEntity
  8
0
100
AcDbLine
 10
33552.0
 20
15612.0
 30
0.0
 11
35002.0
 21
15612.0
 31
0.0
  0
INSERT
  5
912
330
90D
100
AcDbEntity
  8
A-DIMS
100
AcDbBlockReference
  2
_OBLIQUE
 10
34882.0
 20
0.0
 30
0.0
 41
120.0
 42
120.0
 50
90.0
  0
INSERT
  5
914
330
90D
100
AcDbEntity
  8
A-DIMS
100
AcDbBlockReference
  2
_OBLIQUE
 10
34882.0
 20
15612.0
 30
0.0
 41
120.0
 42
120.0
 50
90.0
  0
LINE
  5
916
330
90D
100
AcDbEntity
  8
0
100
AcDbLine
 10
34882.0
 20
0.0
 30
0.0
 11
34882.0
 21
15612.0
 31
0.0
  0
MTEXT
  5
917
330
90D
100
AcDbEntity
  8
A-DIMS
100
AcDbMText
 10
34732.0
 20
7806.0
 30
0.0
 40
180.0
 71
5
  1
15612
  7
OpenSansCondensed-Light
 50
90.0
  0
POINT
  5
918
330
90D
100
AcDbEntity
  8
Defpoints
100
AcDbPoint
 10
34882.0
 20
0.0
 30
0.0
  0
POINT
  5
919
330
90D
100
AcDbEntity
  8
Defpoints
100
AcDbPoint
 10
33432.0
 20
0.0
 30
0.0
  0
POINT
  5
91A
330
90D
100
AcDbEntity
  8
Defpoints
100
AcDbPoint
 10
33432.0
 20
15612.0
 30
0.0
  0
ENDBLK
  5
90F
330
90D
100
AcDbEntity
  8
0
100
AcDbBlockEnd
  0
BLOCK
  5
954
330
953
100
AcDbEntity
  8
0
100
AcDbBlockBegin
  2
*Paper_Space1
 70
0
 10
0.0
 20
0.0
 30
0.0
  3
*Paper_Space1
  1

  0
VIEWPORT
  5
957
330
953
100
AcDbEntity
 67
1
  8
VIEWPORTS
100
AcDbViewport
 10
200.0
 20
138.5
 30
0.0
 40
462.00000000000006
 41
326.70000000000005
 68
1
 69
1
 12
200.0
 22
138.5
 13
0.0
 23
0.0
 14
10.0
 24
10.0
 15
10.0
 25
10.0
 16
0.0
 26
0.0
 36
1.0
 17
0.0
 27
0.0
 37
0.0
 42
50.0
 43
0.0
 44
0.0
 45
326.70000000000005
 50
0.0
 51
0.0
 72
100
 90
557088
  1

281
0
 71
0
 74
0
110
0.0
120
0.0
130
0.0
111
1.0
121
0.0
131
0.0
112
0.0
122
1.0
132
0.0
 79
0
146
0.0
282
0
  0
VIEWPORT
  5
958
330
953
100
AcDbEntity
 67
1
  8
VIEWPORTS
100
AcDbViewport
 10
140.0
 20
145.0
 30
0.0
 40
240.0
 41
230.0
 68
2
 69
3
 12
28074.0
 22
7806.0
 13
0.0
 23
0.0
 14
10.0
 24
10.0
 15
10.0
 25
10.0
 16
0.0
 26
0.0
 36
1.0
 17
0.0
 27
0.0
 37
0.0
 42
50.0
 43
0.0
 44
0.0
 45
24612.0
 50
0.0
 51
0.0
 72
100
 90
0
  1

281
0
 71
0
 74
0
110
0.0
120
0.0
130
0.0
111
1.0
121
0.0
131
0.0
112
0.0
122
1.0
132
0.0
 79
0
146
0.0
282
0
  0
TEXT
  5
959
330
953
100
AcDbEntity
 67
1
  8
0
100
AcDbText
 10
268.0
 20
255.0
 30
0.0
 40
4.0
  1
FLOORFORGE / PRELIMINARY
 11
268.0
 21
255.0
 31
0.0
100
AcDbText
  0
ENDBLK
  5
955
330
953
100
AcDbEntity
  8
0
100
AcDbBlockEnd
  0
BLOCK
  5
972
330
971
100
AcDbEntity
  8
0
100
AcDbBlockBegin
  2
*D98
 70
1
 10
0.0
 20
0.0
 30
0.0
  3
*D98
  1

  0
LINE
  5
974
330
971
100
AcDbEntity
  8
0
100
AcDbLine
 10
45432.0
 20
-120.0
 30
0.0
 11
45432.0
 21
-670.0
 31
0.0
  0
LINE
  5
975
330
971
100
AcDbEntity
  8
0
100
AcDbLine
 10
56148.0
 20
-120.0
 30
0.0
 11
56148.0
 21
-670.0
 31
0.0
  0
INSERT
  5
976
330
971
100
AcDbEntity
  8
A-DIMS
100
AcDbBlockReference
  2
_OBLIQUE
 10
45432.0
 20
-550.0
 30
0.0
 41
120.0
 42
120.0
  0
INSERT
  5
978
330
971
100
AcDbEntity
  8
A-DIMS
100
AcDbBlockReference
  2
_OBLIQUE
 10
56148.0
 20
-550.0
 30
0.0
 41
120.0
 42
120.0
  0
LINE
  5
97A
330
971
100
AcDbEntity
  8
0
100
AcDbLine
 10
45432.0
 20
-550.0
 30
0.0
 11
56148.0
 21
-550.0
 31
0.0
  0
MTEXT
  5
97B
330
971
100
AcDbEntity
  8
A-DIMS
100
AcDbMText
 10
50790.0
 20
-400.0
 30
0.0
 40
180.0
 71
5
  1
10716
  7
OpenSansCondensed-Light
  0
POINT
  5
97C
330
971
100
AcDbEntity
  8
Defpoints
100
AcDbPoint
 10
45432.0
 20
-550.0
 30
0.0
  0
POINT
  5
97D
330
971
100
AcDbEntity
  8
Defpoints
100
AcDbPoint
 10
45432.0
 20
0.0
 30
0.0
  0
POINT
  5
97E
330
971
100
AcDbEntity
  8
Defpoints
100
AcDbPoint
 10
56148.0
 20
0.0
 30
0.0
  0
ENDBLK
  5
973
330
971
100
AcDbEntity
  8
0
100
AcDbBlockEnd
  0
BLOCK
  5
981
330
980
100
AcDbEntity
  8
0
100
AcDbBlockBegin
  2
*D99
 70
1
 10
0.0
 20
0.0
 30
0.0
  3
*D99
  1

  0
LINE
  5
983
330
980
100
AcDbEntity
  8
0
100
AcDbLine
 10
45432.0
 20
15732.0
 30
0.0
 11
45432.0
 21
16282.0
 31
0.0
  0
LINE
  5
984
330
980
100
AcDbEntity
  8
0
100
AcDbLine
 10
56148.0
 20
15732.0
 30
0.0
 11
56148.0
 21
16282.0
 31
0.0
  0
INSERT
  5
985
330
980
100
AcDbEntity
  8
A-DIMS
100
AcDbBlockReference
  2
_OBLIQUE
 10
45432.0
 20
16162.0
 30
0.0
 41
120.0
 42
120.0
  0
INSERT
  5
987
330
980
100
AcDbEntity
  8
A-DIMS
100
AcDbBlockReference
  2
_OBLIQUE
 10
56148.0
 20
16162.0
 30
0.0
 41
120.0
 42
120.0
  0
LINE
  5
989
330
980
100
AcDbEntity
  8
0
100
AcDbLine
 10
45432.0
 20
16162.0
 30
0.0
 11
56148.0
 21
16162.0
 31
0.0
  0
MTEXT
  5
98A
330
980
100
AcDbEntity
  8
A-DIMS
100
AcDbMText
 10
50790.0
 20
16312.0
 30
0.0
 40
180.0
 71
5
  1
10716
  7
OpenSansCondensed-Light
  0
POINT
  5
98B
330
980
100
AcDbEntity
  8
Defpoints
100
AcDbPoint
 10
45432.0
 20
16162.0
 30
0.0
  0
POINT
  5
98C
330
980
100
AcDbEntity
  8
Defpoints
100
AcDbPoint
 10
45432.0
 20
15612.0
 30
0.0
  0
POINT
  5
98D
330
980
100
AcDbEntity
  8
Defpoints
100
AcDbPoint
 10
56148.0
 20
15612.0
 30
0.0
  0
ENDBLK
  5
982
330
980
100
AcDbEntity
  8
0
100
AcDbBlockEnd
  0
BLOCK
  5
990
330
98F
100
AcDbEntity
  8
0
100
AcDbBlockBegin
  2
*D100
 70
1
 10
0.0
 20
0.0
 30
0.0
  3
*D100
  1

  0
LINE
  5
992
330
98F
100
AcDbEntity
  8
0
100
AcDbLine
 10
45312.0
 20
0.0
 30
0.0
 11
44762.0
 21
0.0
 31
0.0
  0
LINE
  5
993
330
98F
100
AcDbEntity
  8
0
100
AcDbLine
 10
45312.0
 20
15612.0
 30
0.0
 11
44762.0
 21
15612.0
 31
0.0
  0
INSERT
  5
994
330
98F
100
AcDbEntity
  8
A-DIMS
100
AcDbBlockReference
  2
_OBLIQUE
 10
44882.0
 20
0.0
 30
0.0
 41
120.0
 42
120.0
 50
90.0
  0
INSERT
  5
996
330
98F
100
AcDbEntity
  8
A-DIMS
100
AcDbBlockReference
  2
_OBLIQUE
 10
44882.0
 20
15612.0
 30
0.0
 41
120.0
 42
120.0
 50
90.0
  0
LINE
  5
998
330
98F
100
AcDbEntity
  8
0
100
AcDbLine
 10
44882.0
 20
0.0
 30
0.0
 11
44882.0
 21
15612.0
 31
0.0
  0
MTEXT
  5
999
330
98F
100
AcDbEntity
  8
A-DIMS
100
AcDbMText
 10
44732.0
 20
7806.0
 30
0.0
 40
180.0
 71
5
  1
15612
  7
OpenSansCondensed-Light
 50
90.0
  0
POINT
  5
99A
330
98F
100
AcDbEntity
  8
Defpoints
100
AcDbPoint
 10
44882.0
 20
0.0
 30
0.0
  0
POINT
  5
99B
330
98F
100
AcDbEntity
  8
Defpoints
100
AcDbPoint
 10
45432.0
 20
0.0
 30
0.0
  0
POINT
  5
99C
330
98F
100
AcDbEntity
  8
Defpoints
100
AcDbPoint
 10
45432.0
 20
15612.0
 30
0.0
  0
ENDBLK
  5
991
330
98F
100
AcDbEntity
  8
0
100
AcDbBlockEnd
  0
BLOCK
  5
99F
330
99E
100
AcDbEntity
  8
0
100
AcDbBlockBegin
  2
*D101
 70
1
 10
0.0
 20
0.0
 30
0.0
  3
*D101
  1

  0
LINE
  5
9A1
330
99E
100
AcDbEntity
  8
0
100
AcDbLine
 10
56268.0
 20
0.0
 30
0.0
 11
56818.0
 21
0.0
 31
0.0
  0
LINE
  5
9A2
330
99E
100
AcDbEntity
  8
0
100
AcDbLine
 10
56268.0
 20
15612.0
 30
0.0
 11
56818.0
 21
15612.0
 31
0.0
  0
INSERT
  5
9A3
330
99E
100
AcDbEntity
  8
A-DIMS
100
AcDbBlockReference
  2
_OBLIQUE
 10
56698.0
 20
0.0
 30
0.0
 41
120.0
 42
120.0
 50
90.0
  0
INSERT
  5
9A5
330
99E
100
AcDbEntity
  8
A-DIMS
100
AcDbBlockReference
  2
_OBLIQUE
 10
56698.0
 20
15612.0
 30
0.0
 41
120.0
 42
120.0
 50
90.0
  0
LINE
  5
9A7
330
99E
100
AcDbEntity
  8
0
100
AcDbLine
 10
56698.0
 20
0.0
 30
0.0
 11
56698.0
 21
15612.0
 31
0.0
  0
MTEXT
  5
9A8
330
99E
100
AcDbEntity
  8
A-DIMS
100
AcDbMText
 10
56548.0
 20
7806.0
 30
0.0
 40
180.0
 71
5
  1
15612
  7
OpenSansCondensed-Light
 50
90.0
  0
POINT
  5
9A9
330
99E
100
AcDbEntity
  8
Defpoints
100
AcDbPoint
 10
56698.0
 20
0.0
 30
0.0
  0
POINT
  5
9AA
330
99E
100
AcDbEntity
  8
Defpoints
100
AcDbPoint
 10
56148.0
 20
0.0
 30
0.0
  0
POINT
  5
9AB
330
99E
100
AcDbEntity
  8
Defpoints
100
AcDbPoint
 10
56148.0
 20
15612.0
 30
0.0
  0
ENDBLK
  5
9A0
330
99E
100
AcDbEntity
  8
0
100
AcDbBlockEnd
  0
BLOCK
  5
9CA
330
9C9
100
AcDbEntity
  8
0
100
AcDbBlockBegin
  2
*Paper_Space2
 70
0
 10
0.0
 20
0.0
 30
0.0
  3
*Paper_Space2
  1

  0
VIEWPORT
  5
9CD
330
9C9
100
AcDbEntity
 67
1
  8
VIEWPORTS
100
AcDbViewport
 10
200.0
 20
138.5
 30
0.0
 40
462.00000000000006
 41
326.70000000000005
 68
1
 69
1
 12
200.0
 22
138.5
 13
0.0
 23
0.0
 14
10.0
 24
10.0
 15
10.0
 25
10.0
 16
0.0
 26
0.0
 36
1.0
 17
0.0
 27
0.0
 37
0.0
 42
50.0
 43
0.0
 44
0.0
 45
326.70000000000005
 50
0.0
 51
0.0
 72
100
 90
557088
  1

281
0
 71
0
 74
0
110
0.0
120
0.0
130
0.0
111
1.0
121
0.0
131
0.0
112
0.0
122
1.0
132
0.0
 79
0
146
0.0
282
0
  0
VIEWPORT
  5
9CE
330
9C9
100
AcDbEntity
 67
1
  8
VIEWPORTS
100
AcDbViewport
 10
140.0
 20
145.0
 30
0.0
 40
240.0
 41
230.0
 68
2
 69
3
 12
50790.0
 22
7806.0
 13
0.0
 23
0.0
 14
10.0
 24
10.0
 15
10.0
 25
10.0
 16
0.0
 26
0.0
 36
1.0
 17
0.0
 27
0.0
 37
0.0
 42
50.0
 43
0.0
 44
0.0
 45
24612.0
 50
0.0
 51
0.0
 72
100
 90
0
  1

281
0
 71
0
 74
0
110
0.0
120
0.0
130
0.0
111
1.0
121
0.0
131
0.0
112
0.0
122
1.0
132
0.0
 79
0
146
0.0
282
0
  0
TEXT
  5
9CF
330
9C9
100
AcDbEntity
 67
1
  8
0
100
AcDbText
 10
268.0
 20
255.0
 30
0.0
 40
4.0
  1
FLOORFORGE / PRELIMINARY
 11
268.0
 21
255.0
 31
0.0
100
AcDbText
  0
ENDBLK
  5
9CB
330
9C9
100
AcDbEntity
  8
0
100
AcDbBlockEnd
  0
ENDSEC
  0
SECTION
  2
ENTITIES
  0
LWPOLYLINE
  5
9E
330
17
100
AcDbEntity
  8
A-FLOR
100
AcDbPolyline
 90
7
 70
1
 10
2500.0
 20
230.0
 10
2270.0
 20
230.0
 10
230.0
 20
230.0
 10
230.0
 20
4220.0
 10
230.0
 20
4375.0
 10
2425.0
 20
4375.0
 10
2500.0
 20
4375.0
1001
FLOORFORGE
1000
floor:0
1000
preliminary
  0
LWPOLYLINE
  5
9F
330
17
100
AcDbEntity
  8
A-FLOR
100
AcDbPolyline
 90
14
 70
1
 10
8325.0
 20
4450.0
 10
8325.0
 20
4375.0
 10
8400.0
 20
4375.0
 10
8475.0
 20
4375.0
 10
10486.0
 20
4375.0
 10
10486.0
 20
4220.0
 10
10486.0
 20
230.0
 10
2730.0
 20
230.0
 10
2500.0
 20
230.0
 10
2500.0
 20
4375.0
 10
2575.0
 20
4375.0
 10
3525.0
 20
4375.0
 10
3675.0
 20
4375.0
 10
3675.0
 20
4450.0
1001
FLOORFORGE
1000
floor:0
1000
preliminary
  0
LWPOLYLINE
  5
A0
330
17
100
AcDbEntity
  8
A-FLOR
100
AcDbPolyline
 90
9
 70
1
 10
230.0
 20
4680.0
 10
230.0
 20
7070.0
 10
230.0
 20
7225.0
 10
3525.0
 20
7225.0
 10
3525.0
 20
4525.0
 10
2575.0
 20
4525.0
 10
2500.0
 20
4525.0
 10
2425.0
 20
4525.0
 10
230.0
 20
4525.0
1001
FLOORFORGE
1000
floor:0
1000
preliminary
  0
LWPOLYLINE
  5
A1
330
17
100
AcDbEntity
  8
A-FLOR
100
AcDbPolyline
 90
6
 70
1
 10
3525.0
 20
7375.0
 10
230.0
 20
7375.0
 10
230.0
 20
7530.0
 10
230.0
 20
8420.0
 10
230.0
 20
8575.0
 10
3525.0
 20
8575.0
1001
FLOORFORGE
1000
floor:0
1000
preliminary
  0
LWPOLYLINE
  5
A2
330
17
100
AcDbEntity
  8
A-FLOR
100
AcDbPolyline
 90
17
 70
1
 10
5025.0
 20
8650.0
 10
5025.0
 20
8575.0
 10
5100.0
 20
8575.0
 10
5175.0
 20
8575.0
 10
8325.0
 20
8575.0
 10
8325.0
 20
6325.0
 10
8325.0
 20
6250.0
 10
8325.0
 20
6175.0
 10
8325.0
 20
4525.0
 10
8325.0
 20
4450.0
 10
3675.0
 20
4450.0
 10
3675.0
 20
4525.0
 10
3675.0
 20
7225.0
 10
3675.0
 20
7300.0
 10
3675.0
 20
7375.0
 10
3675.0
 20
8575.0
 10
3675.0
 20
8650.0
1001
FLOORFORGE
1000
floor:0
1000
preliminary
  0
LWPOLYLINE
  5
A3
330
17
100
AcDbEntity
  8
A-FLOR
100
AcDbPolyline
 90
6
 70
1
 10
8475.0
 20
6175.0
 10
10486.0
 20
6175.0
 10
10486.0
 20
6020.0
 10
10486.0
 20
4680.0
 10
10486.0
 20
4525.0
 10
8475.0
 20
4525.0
1001
FLOORFORGE
1000
floor:0
1000
preliminary
  0
LWPOLYLINE
  5
A4
330
17
100
AcDbEntity
  8
A-FLOR
100
AcDbPolyline
 90
6
 70
1
 10
8475.0
 20
8575.0
 10
10486.0
 20
8575.0
 10
10486.0
 20
8420.0
 10
10486.0
 20
6480.0
 10
10486.0
 20
6325.0
 10
8475.0
 20
6325.0
1001
FLOORFORGE
1000
floor:0
1000
preliminary
  0
LWPOLYLINE
  5
A5
330
17
100
AcDbEntity
  8
A-FLOR
100
AcDbPolyline
 90
12
 70
1
 10
3675.0
 20
8650.0
 10
3675.0
 20
8725.0
 10
3675.0
 20
10075.0
 10
3675.0
 20
10150.0
 10
3675.0
 20
10225.0
 10
3675.0
 20
12625.0
 10
5025.0
 20
12625.0
 10
5025.0
 20
11525.0
 10
5025.0
 20
11450.0
 10
5025.0
 20
11375.0
 10
5025.0
 20
8725.0
 10
5025.0
 20
8650.0
1001
FLOORFORGE
1000
floor:0
1000
preliminary
  0
LWPOLYLINE
  5
A6
330
17
100
AcDbEntity
  8
A-FLOR
100
AcDbPolyline
 90
6
 70
1
 10
230.0
 20
8725.0
 10
230.0
 20
8880.0
 10
230.0
 20
9920.0
 10
230.0
 20
10075.0
 10
3525.0
 20
10075.0
 10
3525.0
 20
8725.0
1001
FLOORFORGE
1000
floor:0
1000
preliminary
  0
LWPOLYLINE
  5
A7
330
17
100
AcDbEntity
  8
A-FLOR
100
AcDbPolyline
 90
9
 70
1
 10
3525.0
 20
15382.0
 10
3525.0
 20
12775.0
 10
3525.0
 20
12700.0
 10
3525.0
 20
12625.0
 10
3525.0
 20
10225.0
 10
230.0
 20
10225.0
 10
230.0
 20
10380.0
 10
230.0
 20
15382.0
 10
3370.0
 20
15382.0
1001
FLOORFORGE
1000
floor:0
1000
preliminary
  0
LWPOLYLINE
  5
A8
330
17
100
AcDbEntity
  8
A-FLOR
100
AcDbPolyline
 90
6
 70
1
 10
3830.0
 20
15382.0
 10
4870.0
 20
15382.0
 10
5025.0
 20
15382.0
 10
5025.0
 20
12775.0
 10
3675.0
 20
12775.0
 10
3675.0
 20
15382.0
1001
FLOORFORGE
1000
floor:0
1000
preliminary
  0
LWPOLYLINE
  5
A9
330
17
100
AcDbEntity
  8
A-FLOR
100
AcDbPolyline
 90
12
 70
1
 10
5175.0
 20
11375.0
 10
8541.0
 20
11375.0
 10
8616.0
 20
11375.0
 10
8691.0
 20
11375.0
 10
10486.0
 20
11375.0
 10
10486.0
 20
11220.0
 10
10486.0
 20
8880.0
 10
10486.0
 20
8725.0
 10
8475.0
 20
8725.0
 10
8400.0
 20
8725.0
 10
8325.0
 20
8725.0
 10
5175.0
 20
8725.0
1001
FLOORFORGE
1000
floor:0
1000
preliminary
  0
LWPOLYLINE
  5
AA
330
17
100
AcDbEntity
  8
A-FLOR
100
AcDbPolyline
 90
12
 70
1
 10
8386.0
 20
15382.0
 10
8541.0
 20
15382.0
 10
8541.0
 20
13475.0
 10
8541.0
 20
13400.0
 10
8541.0
 20
13325.0
 10
8541.0
 20
11525.0
 10
5175.0
 20
11525.0
 10
5175.0
 20
12625.0
 10
5175.0
 20
12700.0
 10
5175.0
 20
12775.0
 10
5175.0
 20
15382.0
 10
5330.0
 20
15382.0
1001
FLOORFORGE
1000
floor:0
1000
preliminary
  0
LWPOLYLINE
  5
AB
330
17
100
AcDbEntity
  8
A-FLOR
100
AcDbPolyline
 90
6
 70
1
 10
8691.0
 20
15382.0
 10
8846.0
 20
15382.0
 10
10486.0
 20
15382.0
 10
10486.0
 20
13630.0
 10
10486.0
 20
13475.0
 10
8691.0
 20
13475.0
1001
FLOORFORGE
1000
floor:0
1000
preliminary
  0
LWPOLYLINE
  5
AC
330
17
100
AcDbEntity
  8
A-FLOR
100
AcDbPolyline
 90
6
 70
1
 10
10486.0
 20
11680.0
 10
10486.0
 20
11525.0
 10
8691.0
 20
11525.0
 10
8691.0
 20
13325.0
 10
10486.0
 20
13325.0
 10
10486.0
 20
13170.0
1001
FLOORFORGE
1000
floor:0
1000
preliminary
  0
LWPOLYLINE
  5
AD
330
17
100
AcDbEntity
  8
A-FLOR
100
AcDbPolyline
 90
5
 70
1
 10
10716.0
 20
0.0
 10
10716.0
 20
15612.0
 10
0.0
 20
15612.0
 10
0.0
 20
0.0
 10
10716.0
 20
0.0
1001
FLOORFORGE
1000
floor:0
1000
preliminary
  0
LWPOLYLINE
  5
AE
330
17
100
AcDbEntity
  8
A-WALL
100
AcDbPolyline
 90
5
 70
1
 10
230.0
 20
4680.0
 10
230.0
 20
0.0
 10
0.0
 20
0.0
 10
0.0
 20
4680.0
 10
230.0
 20
4680.0
1001
FLOORFORGE
1000
floor:0
1000
preliminary
  0
HATCH
  5
AF
330
17
100
AcDbEntity
  8
A-WALL
 62
7
100
AcDbHatch
 10
0.0
 20
0.0
 30
0.0
210
0.0
220
0.0
230
1.0
  2
SOLID
 70
1
 71
0
 91
1
 92
3
 72
0
 73
1
 93
5
 10
230.0
 20
4680.0
 10
230.0
 20
0.0
 10
0.0
 20
0.0
 10
0.0
 20
4680.0
 10
230.0
 20
4680.0
 97
0
 75
0
 76
1
 98
0
  0
LWPOLYLINE
  5
B0
330
17
100
AcDbEntity
  8
A-WALL
100
AcDbPolyline
 90
6
 70
1
 10
2730.0
 20
230.0
 10
2730.0
 20
0.0
 10
0.0
 20
0.0
 10
0.0
 20
230.0
 10
2500.0
 20
230.0
 10
2730.0
 20
230.0
1001
FLOORFORGE
1000
floor:0
1000
preliminary
  0
HATCH
  5
B1
330
17
100
AcDbEntity
  8
A-WALL
 62
7
100
AcDbHatch
 10
0.0
 20
0.0
 30
0.0
210
0.0
220
0.0
230
1.0
  2
SOLID
 70
1
 71
0
 91
1
 92
3
 72
0
 73
1
 93
6
 10
2730.0
 20
230.0
 10
2730.0
 20
0.0
 10
0.0
 20
0.0
 10
0.0
 20
230.0
 10
2500.0
 20
230.0
 10
2730.0
 20
230.0
 97
0
 75
0
 76
1
 98
0
  0
LWPOLYLINE
  5
B2
330
17
100
AcDbEntity
  8
A-WALL
100
AcDbPolyline
 90
5
 70
1
 10
230.0
 20
6625.0
 10
0.0
 20
6625.0
 10
0.0
 20
7530.0
 10
230.0
 20
7530.0
 10
230.0
 20
6625.0
1001
FLOORFORGE
1000
floor:0
1000
preliminary
  0
HATCH
  5
B3
330
17
100
AcDbEntity
  8
A-WALL
 62
7
100
AcDbHatch
 10
0.0
 20
0.0
 30
0.0
210
0.0
220
0.0
230
1.0
  2
SOLID
 70
1
 71
0
 91
1
 92
3
 72
0
 73
1
 93
5
 10
230.0
 20
6625.0
 10
0.0
 20
6625.0
 10
0.0
 20
7530.0
 10
230.0
 20
7530.0
 10
230.0
 20
6625.0
 97
0
 75
0
 76
1
 98
0
  0
LWPOLYLINE
  5
B4
330
17
100
AcDbEntity
  8
A-WALL
100
AcDbPolyline
 90
6
 70
1
 10
230.0
 20
4450.0
 10
230.0
 20
4220.0
 10
0.0
 20
4220.0
 10
0.0
 20
5125.0
 10
230.0
 20
5125.0
 10
230.0
 20
4450.0
1001
FLOORFORGE
1000
floor:0
1000
preliminary
  0
HATCH
  5
B5
330
17
100
AcDbEntity
  8
A-WALL
 62
7
100
AcDbHatch
 10
0.0
 20
0.0
 30
0.0
210
0.0
220
0.0
230
1.0
  2
SOLID
 70
1
 71
0
 91
1
 92
3
 72
0
 73
1
 93
6
 10
230.0
 20
4450.0
 10
230.0
 20
4220.0
 10
0.0
 20
4220.0
 10
0.0
 20
5125.0
 10
230.0
 20
5125.0
 10
230.0
 20
4450.0
 97
0
 75
0
 76
1
 98
0
  0
LWPOLYLINE
  5
B6
330
17
100
AcDbEntity
  8
A-WALL
100
AcDbPolyline
 90
6
 70
1
 10
2575.0
 20
4525.0
 10
2575.0
 20
4375.0
 10
0.0
 20
4375.0
 10
0.0
 20
4525.0
 10
2500.0
 20
4525.0
 10
2575.0
 20
4525.0
1001
FLOORFORGE
1000
floor:0
1000
preliminary
  0
HATCH
  5
B7
330
17
100
AcDbEntity
  8
A-WALL
 62
7
100
AcDbHatch
 10
0.0
 20
0.0
 30
0.0
210
0.0
220
0.0
230
1.0
  2
SOLID
 70
1
 71
0
 91
1
 92
3
 72
0
 73
1
 93
6
 10
2575.0
 20
4525.0
 10
2575.0
 20
4375.0
 10
0.0
 20
4375.0
 10
0.0
 20
4525.0
 10
2500.0
 20
4525.0
 10
2575.0
 20
4525.0
 97
0
 75
0
 76
1
 98
0
  0
LWPOLYLINE
  5
B8
330
17
100
AcDbEntity
  8
A-WALL
100
AcDbPolyline
 90
5
 70
1
 10
230.0
 20
8275.0
 10
0.0
 20
8275.0
 10
0.0
 20
8880.0
 10
230.0
 20
8880.0
 10
230.0
 20
8275.0
1001
FLOORFORGE
1000
floor:0
1000
preliminary
  0
HATCH
  5
B9
330
17
100
AcDbEntity
  8
A-WALL
 62
7
100
AcDbHatch
 10
0.0
 20
0.0
 30
0.0
210
0.0
220
0.0
230
1.0
  2
SOLID
 70
1
 71
0
 91
1
 92
3
 72
0
 73
1
 93
5
 10
230.0
 20
8275.0
 10
0.0
 20
8275.0
 10
0.0
 20
8880.0
 10
230.0
 20
8880.0
 10
230.0
 20
8275.0
 97
0
 75
0
 76
1
 98
0
  0
LWPOLYLINE
  5
BA
330
17
100
AcDbEntity
  8
A-WALL
100
AcDbPolyline
 90
6
 70
1
 10
230.0
 20
7300.0
 10
230.0
 20
7070.0
 10
0.0
 20
7070.0
 10
0.0
 20
7675.0
 10
230.0
 20
7675.0
 10
230.0
 20
7300.0
1001
FLOORFORGE
1000
floor:0
1000
preliminary
  0
HATCH
  5
BB
330
17
100
AcDbEntity
  8
A-WALL
 62
7
100
AcDbHatch
 10
0.0
 20
0.0
 30
0.0
210
0.0
220
0.0
230
1.0
  2
SOLID
 70
1
 71
0
 91
1
 92
3
 72
0
 73
1
 93
6
 10
230.0
 20
7300.0
 10
230.0
 20
7070.0
 10
0.0
 20
7070.0
 10
0.0
 20
7675.0
 10
230.0
 20
7675.0
 10
230.0
 20
7300.0
 97
0
 75
0
 76
1
 98
0
  0
LWPOLYLINE
  5
BC
330
17
100
AcDbEntity
  8
A-WALL
100
AcDbPolyline
 90
6
 70
1
 10
3675.0
 20
7225.0
 10
3450.0
 20
7225.0
 10
3450.0
 20
7375.0
 10
3600.0
 20
7375.0
 10
3675.0
 20
7375.0
 10
3675.0
 20
7225.0
1001
FLOORFORGE
1000
floor:0
1000
preliminary
  0
HATCH
  5
BD
330
17
100
AcDbEntity
  8
A-WALL
 62
7
100
AcDbHatch
 10
0.0
 20
0.0
 30
0.0
210
0.0
220
0.0
230
1.0
  2
SOLID
 70
1
 71
0
 91
1
 92
3
 72
0
 73
1
 93
6
 10
3675.0
 20
7225.0
 10
3450.0
 20
7225.0
 10
3450.0
 20
7375.0
 10
3600.0
 20
7375.0
 10
3675.0
 20
7375.0
 10
3675.0
 20
7225.0
 97
0
 75
0
 76
1
 98
0
  0
LWPOLYLINE
  5
BE
330
17
100
AcDbEntity
  8
A-WALL
100
AcDbPolyline
 90
5
 70
1
 10
0.0
 20
7225.0
 10
0.0
 20
7375.0
 10
2700.0
 20
7375.0
 10
2700.0
 20
7225.0
 10
0.0
 20
7225.0
1001
FLOORFORGE
1000
floor:0
1000
preliminary
  0
HATCH
  5
BF
330
17
100
AcDbEntity
  8
A-WALL
 62
7
100
AcDbHatch
 10
0.0
 20
0.0
 30
0.0
210
0.0
220
0.0
230
1.0
  2
SOLID
 70
1
 71
0
 91
1
 92
3
 72
0
 73
1
 93
5
 10
0.0
 20
7225.0
 10
0.0
 20
7375.0
 10
2700.0
 20
7375.0
 10
2700.0
 20
7225.0
 10
0.0
 20
7225.0
 97
0
 75
0
 76
1
 98
0
  0
LWPOLYLINE
  5
C0
330
17
100
AcDbEntity
  8
A-WALL
100
AcDbPolyline
 90
6
 70
1
 10
230.0
 20
10380.0
 10
230.0
 20
8650.0
 10
230.0
 20
8420.0
 10
0.0
 20
8420.0
 10
0.0
 20
10380.0
 10
230.0
 20
10380.0
1001
FLOORFORGE
1000
floor:0
1000
preliminary
  0
HATCH
  5
C1
330
17
100
AcDbEntity
  8
A-WALL
 62
7
100
AcDbHatch
 10
0.0
 20
0.0
 30
0.0
210
0.0
220
0.0
230
1.0
  2
SOLID
 70
1
 71
0
 91
1
 92
3
 72
0
 73
1
 93
6
 10
230.0
 20
10380.0
 10
230.0
 20
8650.0
 10
230.0
 20
8420.0
 10
0.0
 20
8420.0
 10
0.0
 20
10380.0
 10
230.0
 20
10380.0
 97
0
 75
0
 76
1
 98
0
  0
LWPOLYLINE
  5
C2
330
17
100
AcDbEntity
  8
A-WALL
100
AcDbPolyline
 90
6
 70
1
 10
3675.0
 20
8725.0
 10
3675.0
 20
8575.0
 10
0.0
 20
8575.0
 10
0.0
 20
8725.0
 10
3600.0
 20
8725.0
 10
3675.0
 20
8725.0
1001
FLOORFORGE
1000
floor:0
1000
preliminary
  0
HATCH
  5
C3
330
17
100
AcDbEntity
  8
A-WALL
 62
7
100
AcDbHatch
 10
0.0
 20
0.0
 30
0.0
210
0.0
220
0.0
230
1.0
  2
SOLID
 70
1
 71
0
 91
1
 92
3
 72
0
 73
1
 93
6
 10
3675.0
 20
8725.0
 10
3675.0
 20
8575.0
 10
0.0
 20
8575.0
 10
0.0
 20
8725.0
 10
3600.0
 20
8725.0
 10
3675.0
 20
8725.0
 97
0
 75
0
 76
1
 98
0
  0
LWPOLYLINE
  5
C4
330
17
100
AcDbEntity
  8
A-WALL
100
AcDbPolyline
 90
6
 70
1
 10
230.0
 20
9920.0
 10
0.0
 20
9920.0
 10
0.0
 20
11831.0
 10
230.0
 20
11831.0
 10
230.0
 20
10150.0
 10
230.0
 20
9920.0
1001
FLOORFORGE
1000
floor:0
1000
preliminary
  0
HATCH
  5
C5
330
17
100
AcDbEntity
  8
A-WALL
 62
7
100
AcDbHatch
 10
0.0
 20
0.0
 30
0.0
210
0.0
220
0.0
230
1.0
  2
SOLID
 70
1
 71
0
 91
1
 92
3
 72
0
 73
1
 93
6
 10
230.0
 20
9920.0
 10
0.0
 20
9920.0
 10
0.0
 20
11831.0
 10
230.0
 20
11831.0
 10
230.0
 20
10150.0
 10
230.0
 20
9920.0
 97
0
 75
0
 76
1
 98
0
  0
LWPOLYLINE
  5
C6
330
17
100
AcDbEntity
  8
A-WALL
100
AcDbPolyline
 90
5
 70
1
 10
0.0
 20
15612.0
 10
230.0
 20
15612.0
 10
230.0
 20
13931.0
 10
0.0
 20
13931.0
 10
0.0
 20
15612.0
1001
FLOORFORGE
1000
floor:0
1000
preliminary
  0
HATCH
  5
C7
330
17
100
AcDbEntity
  8
A-WALL
 62
7
100
AcDbHatch
 10
0.0
 20
0.0
 30
0.0
210
0.0
220
0.0
230
1.0
  2
SOLID
 70
1
 71
0
 91
1
 92
3
 72
0
 73
1
 93
5
 10
0.0
 20
15612.0
 10
230.0
 20
15612.0
 10
230.0
 20
13931.0
 10
0.0
 20
13931.0
 10
0.0
 20
15612.0
 97
0
 75
0
 76
1
 98
0
  0
LWPOLYLINE
  5
C8
330
17
100
AcDbEntity
  8
A-WALL
100
AcDbPolyline
 90
6
 70
1
 10
3675.0
 20
10225.0
 10
3675.0
 20
10075.0
 10
0.0
 20
10075.0
 10
0.0
 20
10225.0
 10
3600.0
 20
10225.0
 10
3675.0
 20
10225.0
1001
FLOORFORGE
1000
floor:0
1000
preliminary
  0
HATCH
  5
C9
330
17
100
AcDbEntity
  8
A-WALL
 62
7
100
AcDbHatch
 10
0.0
 20
0.0
 30
0.0
210
0.0
220
0.0
230
1.0
  2
SOLID
 70
1
 71
0
 91
1
 92
3
 72
0
 73
1
 93
6
 10
3675.0
 20
10225.0
 10
3675.0
 20
10075.0
 10
0.0
 20
10075.0
 10
0.0
 20
10225.0
 10
3600.0
 20
10225.0
 10
3675.0
 20
10225.0
 97
0
 75
0
 76
1
 98
0
  0
LWPOLYLINE
  5
CA
330
17
100
AcDbEntity
  8
A-WALL
100
AcDbPolyline
 90
5
 70
1
 10
2700.0
 20
15382.0
 10
2700.0
 20
15612.0
 10
3830.0
 20
15612.0
 10
3830.0
 20
15382.0
 10
2700.0
 20
15382.0
1001
FLOORFORGE
1000
floor:0
1000
preliminary
  0
HATCH
  5
CB
330
17
100
AcDbEntity
  8
A-WALL
 62
7
100
AcDbHatch
 10
0.0
 20
0.0
 30
0.0
210
0.0
220
0.0
230
1.0
  2
SOLID
 70
1
 71
0
 91
1
 92
3
 72
0
 73
1
 93
5
 10
2700.0
 20
15382.0
 10
2700.0
 20
15612.0
 10
3830.0
 20
15612.0
 10
3830.0
 20
15382.0
 10
2700.0
 20
15382.0
 97
0
 75
0
 76
1
 98
0
  0
LWPOLYLINE
  5
CC
330
17
100
AcDbEntity
  8
A-WALL
100
AcDbPolyline
 90
5
 70
1
 10
0.0
 20
15382.0
 10
0.0
 20
15612.0
 10
900.0
 20
15612.0
 10
900.0
 20
15382.0
 10
0.0
 20
15382.0
1001
FLOORFORGE
1000
floor:0
1000
preliminary
  0
HATCH
  5
CD
330
17
100
AcDbEntity
  8
A-WALL
 62
7
100
AcDbHatch
 10
0.0
 20
0.0
 30
0.0
210
0.0
220
0.0
230
1.0
  2
SOLID
 70
1
 71
0
 91
1
 92
3
 72
0
 73
1
 93
5
 10
0.0
 20
15382.0
 10
0.0
 20
15612.0
 10
900.0
 20
15612.0
 10
900.0
 20
15382.0
 10
0.0
 20
15382.0
 97
0
 75
0
 76
1
 98
0
  0
LWPOLYLINE
  5
CE
330
17
100
AcDbEntity
  8
A-WALL
100
AcDbPolyline
 90
5
 70
1
 10
3200.0
 20
0.0
 10
2270.0
 20
0.0
 10
2270.0
 20
230.0
 10
3200.0
 20
230.0
 10
3200.0
 20
0.0
1001
FLOORFORGE
1000
floor:0
1000
preliminary
  0
HATCH
  5
CF
330
17
100
AcDbEntity
  8
A-WALL
 62
7
100
AcDbHatch
 10
0.0
 20
0.0
 30
0.0
210
0.0
220
0.0
230
1.0
  2
SOLID
 70
1
 71
0
 91
1
 92
3
 72
0
 73
1
 93
5
 10
3200.0
 20
0.0
 10
2270.0
 20
0.0
 10
2270.0
 20
230.0
 10
3200.0
 20
230.0
 10
3200.0
 20
0.0
 97
0
 75
0
 76
1
 98
0
  0
LWPOLYLINE
  5
D0
330
17
100
AcDbEntity
  8
A-WALL
100
AcDbPolyline
 90
5
 70
1
 10
10716.0
 20
0.0
 10
8758.0
 20
0.0
 10
8758.0
 20
230.0
 10
10716.0
 20
230.0
 10
10716.0
 20
0.0
1001
FLOORFORGE
1000
floor:0
1000
preliminary
  0
HATCH
  5
D1
330
17
100
AcDbEntity
  8
A-WALL
 62
7
100
AcDbHatch
 10
0.0
 20
0.0
 30
0.0
210
0.0
220
0.0
230
1.0
  2
SOLID
 70
1
 71
0
 91
1
 92
3
 72
0
 73
1
 93
5
 10
10716.0
 20
0.0
 10
8758.0
 20
0.0
 10
8758.0
 20
230.0
 10
10716.0
 20
230.0
 10
10716.0
 20
0.0
 97
0
 75
0
 76
1
 98
0
  0
LWPOLYLINE
  5
D2
330
17
100
AcDbEntity
  8
A-WALL
100
AcDbPolyline
 90
5
 70
1
 10
4400.0
 20
0.0
 10
4400.0
 20
230.0
 10
6358.0
 20
230.0
 10
6358.0
 20
0.0
 10
4400.0
 20
0.0
1001
FLOORFORGE
1000
floor:0
1000
preliminary
  0
HATCH
  5
D3
330
17
100
AcDbEntity
  8
A-WALL
 62
7
100
AcDbHatch
 10
0.0
 20
0.0
 30
0.0
210
0.0
220
0.0
230
1.0
  2
SOLID
 70
1
 71
0
 91
1
 92
3
 72
0
 73
1
 93
5
 10
4400.0
 20
0.0
 10
4400.0
 20
230.0
 10
6358.0
 20
230.0
 10
6358.0
 20
0.0
 10
4400.0
 20
0.0
 97
0
 75
0
 76
1
 98
0
  0
LWPOLYLINE
  5
D4
330
17
100
AcDbEntity
  8
A-WALL
100
AcDbPolyline
 90
7
 70
1
 10
3675.0
 20
4525.0
 10
3675.0
 20
4375.0
 10
2500.0
 20
4375.0
 10
2425.0
 20
4375.0
 10
2425.0
 20
4525.0
 10
3600.0
 20
4525.0
 10
3675.0
 20
4525.0
1001
FLOORFORGE
1000
floor:0
1000
preliminary
  0
HATCH
  5
D5
330
17
100
AcDbEntity
  8
A-WALL
 62
7
100
AcDbHatch
 10
0.0
 20
0.0
 30
0.0
210
0.0
220
0.0
230
1.0
  2
SOLID
 70
1
 71
0
 91
1
 92
3
 72
0
 73
1
 93
7
 10
3675.0
 20
4525.0
 10
3675.0
 20
4375.0
 10
2500.0
 20
4375.0
 10
2425.0
 20
4375.0
 10
2425.0
 20
4525.0
 10
3600.0
 20
4525.0
 10
3675.0
 20
4525.0
 97
0
 75
0
 76
1
 98
0
  0
LWPOLYLINE
  5
D6
330
17
100
AcDbEntity
  8
A-WALL
100
AcDbPolyline
 90
6
 70
1
 10
3675.0
 20
7375.0
 10
3675.0
 20
6875.0
 10
3525.0
 20
6875.0
 10
3525.0
 20
7300.0
 10
3525.0
 20
7375.0
 10
3675.0
 20
7375.0
1001
FLOORFORGE
1000
floor:0
1000
preliminary
  0
HATCH
  5
D7
330
17
100
AcDbEntity
  8
A-WALL
 62
7
100
AcDbHatch
 10
0.0
 20
0.0
 30
0.0
210
0.0
220
0.0
230
1.0
  2
SOLID
 70
1
 71
0
 91
1
 92
3
 72
0
 73
1
 93
6
 10
3675.0
 20
7375.0
 10
3675.0
 20
6875.0
 10
3525.0
 20
6875.0
 10
3525.0
 20
7300.0
 10
3525.0
 20
7375.0
 10
3675.0
 20
7375.0
 97
0
 75
0
 76
1
 98
0
  0
LWPOLYLINE
  5
D8
330
17
100
AcDbEntity
  8
A-WALL
100
AcDbPolyline
 90
6
 70
1
 10
3675.0
 20
4450.0
 10
3675.0
 20
4375.0
 10
3525.0
 20
4375.0
 10
3525.0
 20
5375.0
 10
3675.0
 20
5375.0
 10
3675.0
 20
4450.0
1001
FLOORFORGE
1000
floor:0
1000
preliminary
  0
HATCH
  5
D9
330
17
100
AcDbEntity
  8
A-WALL
 62
7
100
AcDbHatch
 10
0.0
 20
0.0
 30
0.0
210
0.0
220
0.0
230
1.0
  2
SOLID
 70
1
 71
0
 91
1
 92
3
 72
0
 73
1
 93
6
 10
3675.0
 20
4450.0
 10
3675.0
 20
4375.0
 10
3525.0
 20
4375.0
 10
3525.0
 20
5375.0
 10
3675.0
 20
5375.0
 10
3675.0
 20
4450.0
 97
0
 75
0
 76
1
 98
0
  0
LWPOLYLINE
  5
DA
330
17
100
AcDbEntity
  8
A-WALL
100
AcDbPolyline
 90
7
 70
1
 10
3525.0
 20
8725.0
 10
3675.0
 20
8725.0
 10
3675.0
 20
7300.0
 10
3675.0
 20
7225.0
 10
3525.0
 20
7225.0
 10
3525.0
 20
8650.0
 10
3525.0
 20
8725.0
1001
FLOORFORGE
1000
floor:0
1000
preliminary
  0
HATCH
  5
DB
330
17
100
AcDbEntity
  8
A-WALL
 62
7
100
AcDbHatch
 10
0.0
 20
0.0
 30
0.0
210
0.0
220
0.0
230
1.0
  2
SOLID
 70
1
 71
0
 91
1
 92
3
 72
0
 73
1
 93
7
 10
3525.0
 20
8725.0
 10
3675.0
 20
8725.0
 10
3675.0
 20
7300.0
 10
3675.0
 20
7225.0
 10
3525.0
 20
7225.0
 10
3525.0
 20
8650.0
 10
3525.0
 20
8725.0
 97
0
 75
0
 76
1
 98
0
  0
LWPOLYLINE
  5
DC
330
17
100
AcDbEntity
  8
A-WALL
100
AcDbPolyline
 90
6
 70
1
 10
3675.0
 20
10225.0
 10
3675.0
 20
9550.0
 10
3525.0
 20
9550.0
 10
3525.0
 20
10150.0
 10
3525.0
 20
10225.0
 10
3675.0
 20
10225.0
1001
FLOORFORGE
1000
floor:0
1000
preliminary
  0
HATCH
  5
DD
330
17
100
AcDbEntity
  8
A-WALL
 62
7
100
AcDbHatch
 10
0.0
 20
0.0
 30
0.0
210
0.0
220
0.0
230
1.0
  2
SOLID
 70
1
 71
0
 91
1
 92
3
 72
0
 73
1
 93
6
 10
3675.0
 20
10225.0
 10
3675.0
 20
9550.0
 10
3525.0
 20
9550.0
 10
3525.0
 20
10150.0
 10
3525.0
 20
10225.0
 10
3675.0
 20
10225.0
 97
0
 75
0
 76
1
 98
0
  0
LWPOLYLINE
  5
DE
330
17
100
AcDbEntity
  8
A-WALL
100
AcDbPolyline
 90
6
 70
1
 10
3675.0
 20
8650.0
 10
3675.0
 20
8575.0
 10
3525.0
 20
8575.0
 10
3525.0
 20
8800.0
 10
3675.0
 20
8800.0
 10
3675.0
 20
8650.0
1001
FLOORFORGE
1000
floor:0
1000
preliminary
  0
HATCH
  5
DF
330
17
100
AcDbEntity
  8
A-WALL
 62
7
100
AcDbHatch
 10
0.0
 20
0.0
 30
0.0
210
0.0
220
0.0
230
1.0
  2
SOLID
 70
1
 71
0
 91
1
 92
3
 72
0
 73
1
 93
6
 10
3675.0
 20
8650.0
 10
3675.0
 20
8575.0
 10
3525.0
 20
8575.0
 10
3525.0
 20
8800.0
 10
3675.0
 20
8800.0
 10
3675.0
 20
8650.0
 97
0
 75
0
 76
1
 98
0
  0
LWPOLYLINE
  5
E0
330
17
100
AcDbEntity
  8
A-WALL
100
AcDbPolyline
 90
6
 70
1
 10
3675.0
 20
12775.0
 10
3675.0
 20
11200.0
 10
3525.0
 20
11200.0
 10
3525.0
 20
12700.0
 10
3525.0
 20
12775.0
 10
3675.0
 20
12775.0
1001
FLOORFORGE
1000
floor:0
1000
preliminary
  0
HATCH
  5
E1
330
17
100
AcDbEntity
  8
A-WALL
 62
7
100
AcDbHatch
 10
0.0
 20
0.0
 30
0.0
210
0.0
220
0.0
230
1.0
  2
SOLID
 70
1
 71
0
 91
1
 92
3
 72
0
 73
1
 93
6
 10
3675.0
 20
12775.0
 10
3675.0
 20
11200.0
 10
3525.0
 20
11200.0
 10
3525.0
 20
12700.0
 10
3525.0
 20
12775.0
 10
3675.0
 20
12775.0
 97
0
 75
0
 76
1
 98
0
  0
LWPOLYLINE
  5
E2
330
17
100
AcDbEntity
  8
A-WALL
100
AcDbPolyline
 90
6
 70
1
 10
3675.0
 20
10150.0
 10
3675.0
 20
10075.0
 10
3525.0
 20
10075.0
 10
3525.0
 20
10300.0
 10
3675.0
 20
10300.0
 10
3675.0
 20
10150.0
1001
FLOORFORGE
1000
floor:0
1000
preliminary
  0
HATCH
  5
E3
330
17
100
AcDbEntity
  8
A-WALL
 62
7
100
AcDbHatch
 10
0.0
 20
0.0
 30
0.0
210
0.0
220
0.0
230
1.0
  2
SOLID
 70
1
 71
0
 91
1
 92
3
 72
0
 73
1
 93
6
 10
3675.0
 20
10150.0
 10
3675.0
 20
10075.0
 10
3525.0
 20
10075.0
 10
3525.0
 20
10300.0
 10
3675.0
 20
10300.0
 10
3675.0
 20
10150.0
 97
0
 75
0
 76
1
 98
0
  0
LWPOLYLINE
  5
E4
330
17
100
AcDbEntity
  8
A-WALL
100
AcDbPolyline
 90
6
 70
1
 10
3675.0
 20
12625.0
 10
3525.0
 20
12625.0
 10
3525.0
 20
13781.0
 10
3675.0
 20
13781.0
 10
3675.0
 20
12700.0
 10
3675.0
 20
12625.0
1001
FLOORFORGE
1000
floor:0
1000
preliminary
  0
HATCH
  5
E5
330
17
100
AcDbEntity
  8
A-WALL
 62
7
100
AcDbHatch
 10
0.0
 20
0.0
 30
0.0
210
0.0
220
0.0
230
1.0
  2
SOLID
 70
1
 71
0
 91
1
 92
3
 72
0
 73
1
 93
6
 10
3675.0
 20
12625.0
 10
3525.0
 20
12625.0
 10
3525.0
 20
13781.0
 10
3675.0
 20
13781.0
 10
3675.0
 20
12700.0
 10
3675.0
 20
12625.0
 97
0
 75
0
 76
1
 98
0
  0
LWPOLYLINE
  5
E6
330
17
100
AcDbEntity
  8
A-WALL
100
AcDbPolyline
 90
5
 70
1
 10
3525.0
 20
15612.0
 10
3675.0
 20
15612.0
 10
3675.0
 20
14531.0
 10
3525.0
 20
14531.0
 10
3525.0
 20
15612.0
1001
FLOORFORGE
1000
floor:0
1000
preliminary
  0
HATCH
  5
E7
330
17
100
AcDbEntity
  8
A-WALL
 62
7
100
AcDbHatch
 10
0.0
 20
0.0
 30
0.0
210
0.0
220
0.0
230
1.0
  2
SOLID
 70
1
 71
0
 91
1
 92
3
 72
0
 73
1
 93
5
 10
3525.0
 20
15612.0
 10
3675.0
 20
15612.0
 10
3675.0
 20
14531.0
 10
3525.0
 20
14531.0
 10
3525.0
 20
15612.0
 97
0
 75
0
 76
1
 98
0
  0
LWPOLYLINE
  5
E8
330
17
100
AcDbEntity
  8
A-WALL
100
AcDbPolyline
 90
7
 70
1
 10
5175.0
 20
12775.0
 10
5175.0
 20
12625.0
 10
3600.0
 20
12625.0
 10
3525.0
 20
12625.0
 10
3525.0
 20
12775.0
 10
5100.0
 20
12775.0
 10
5175.0
 20
12775.0
1001
FLOORFORGE
1000
floor:0
1000
preliminary
  0
HATCH
  5
E9
330
17
100
AcDbEntity
  8
A-WALL
 62
7
100
AcDbHatch
 10
0.0
 20
0.0
 30
0.0
210
0.0
220
0.0
230
1.0
  2
SOLID
 70
1
 71
0
 91
1
 92
3
 72
0
 73
1
 93
7
 10
5175.0
 20
12775.0
 10
5175.0
 20
12625.0
 10
3600.0
 20
12625.0
 10
3525.0
 20
12625.0
 10
3525.0
 20
12775.0
 10
5100.0
 20
12775.0
 10
5175.0
 20
12775.0
 97
0
 75
0
 76
1
 98
0
  0
LWPOLYLINE
  5
EA
330
17
100
AcDbEntity
  8
A-WALL
100
AcDbPolyline
 90
6
 70
1
 10
5330.0
 20
15382.0
 10
3600.0
 20
15382.0
 10
3370.0
 20
15382.0
 10
3370.0
 20
15612.0
 10
5330.0
 20
15612.0
 10
5330.0
 20
15382.0
1001
FLOORFORGE
1000
floor:0
1000
preliminary
  0
HATCH
  5
EB
330
17
100
AcDbEntity
  8
A-WALL
 62
7
100
AcDbHatch
 10
0.0
 20
0.0
 30
0.0
210
0.0
220
0.0
230
1.0
  2
SOLID
 70
1
 71
0
 91
1
 92
3
 72
0
 73
1
 93
6
 10
5330.0
 20
15382.0
 10
3600.0
 20
15382.0
 10
3370.0
 20
15382.0
 10
3370.0
 20
15612.0
 10
5330.0
 20
15612.0
 10
5330.0
 20
15382.0
 97
0
 75
0
 76
1
 98
0
  0
LWPOLYLINE
  5
EC
330
17
100
AcDbEntity
  8
A-WALL
100
AcDbPolyline
 90
6
 70
1
 10
5175.0
 20
11525.0
 10
5175.0
 20
9700.0
 10
5025.0
 20
9700.0
 10
5025.0
 20
11450.0
 10
5025.0
 20
11525.0
 10
5175.0
 20
11525.0
1001
FLOORFORGE
1000
floor:0
1000
preliminary
  0
HATCH
  5
ED
330
17
100
AcDbEntity
  8
A-WALL
 62
7
100
AcDbHatch
 10
0.0
 20
0.0
 30
0.0
210
0.0
220
0.0
230
1.0
  2
SOLID
 70
1
 71
0
 91
1
 92
3
 72
0
 73
1
 93
6
 10
5175.0
 20
11525.0
 10
5175.0
 20
9700.0
 10
5025.0
 20
9700.0
 10
5025.0
 20
11450.0
 10
5025.0
 20
11525.0
 10
5175.0
 20
11525.0
 97
0
 75
0
 76
1
 98
0
  0
LWPOLYLINE
  5
EE
330
17
100
AcDbEntity
  8
A-WALL
100
AcDbPolyline
 90
6
 70
1
 10
5175.0
 20
8650.0
 10
5175.0
 20
8575.0
 10
5025.0
 20
8575.0
 10
5025.0
 20
8800.0
 10
5175.0
 20
8800.0
 10
5175.0
 20
8650.0
1001
FLOORFORGE
1000
floor:0
1000
preliminary
  0
HATCH
  5
EF
330
17
100
AcDbEntity
  8
A-WALL
 62
7
100
AcDbHatch
 10
0.0
 20
0.0
 30
0.0
210
0.0
220
0.0
230
1.0
  2
SOLID
 70
1
 71
0
 91
1
 92
3
 72
0
 73
1
 93
6
 10
5175.0
 20
8650.0
 10
5175.0
 20
8575.0
 10
5025.0
 20
8575.0
 10
5025.0
 20
8800.0
 10
5175.0
 20
8800.0
 10
5175.0
 20
8650.0
 97
0
 75
0
 76
1
 98
0
  0
LWPOLYLINE
  5
F0
330
17
100
AcDbEntity
  8
A-WALL
100
AcDbPolyline
 90
7
 70
1
 10
8475.0
 20
8725.0
 10
8475.0
 20
8575.0
 10
5100.0
 20
8575.0
 10
5025.0
 20
8575.0
 10
5025.0
 20
8725.0
 10
8400.0
 20
8725.0
 10
8475.0
 20
8725.0
1001
FLOORFORGE
1000
floor:0
1000
preliminary
  0
HATCH
  5
F1
330
17
100
AcDbEntity
  8
A-WALL
 62
7
100
AcDbHatch
 10
0.0
 20
0.0
 30
0.0
210
0.0
220
0.0
230
1.0
  2
SOLID
 70
1
 71
0
 91
1
 92
3
 72
0
 73
1
 93
7
 10
8475.0
 20
8725.0
 10
8475.0
 20
8575.0
 10
5100.0
 20
8575.0
 10
5025.0
 20
8575.0
 10
5025.0
 20
8725.0
 10
8400.0
 20
8725.0
 10
8475.0
 20
8725.0
 97
0
 75
0
 76
1
 98
0
  0
LWPOLYLINE
  5
F2
330
17
100
AcDbEntity
  8
A-WALL
100
AcDbPolyline
 90
6
 70
1
 10
5175.0
 20
12775.0
 10
5175.0
 20
12500.0
 10
5025.0
 20
12500.0
 10
5025.0
 20
12700.0
 10
5025.0
 20
12775.0
 10
5175.0
 20
12775.0
1001
FLOORFORGE
1000
floor:0
1000
preliminary
  0
HATCH
  5
F3
330
17
100
AcDbEntity
  8
A-WALL
 62
7
100
AcDbHatch
 10
0.0
 20
0.0
 30
0.0
210
0.0
220
0.0
230
1.0
  2
SOLID
 70
1
 71
0
 91
1
 92
3
 72
0
 73
1
 93
6
 10
5175.0
 20
12775.0
 10
5175.0
 20
12500.0
 10
5025.0
 20
12500.0
 10
5025.0
 20
12700.0
 10
5025.0
 20
12775.0
 10
5175.0
 20
12775.0
 97
0
 75
0
 76
1
 98
0
  0
LWPOLYLINE
  5
F4
330
17
100
AcDbEntity
  8
A-WALL
100
AcDbPolyline
 90
6
 70
1
 10
5175.0
 20
11450.0
 10
5175.0
 20
11375.0
 10
5025.0
 20
11375.0
 10
5025.0
 20
11600.0
 10
5175.0
 20
11600.0
 10
5175.0
 20
11450.0
1001
FLOORFORGE
1000
floor:0
1000
preliminary
  0
HATCH
  5
F5
330
17
100
AcDbEntity
  8
A-WALL
 62
7
100
AcDbHatch
 10
0.0
 20
0.0
 30
0.0
210
0.0
220
0.0
230
1.0
  2
SOLID
 70
1
 71
0
 91
1
 92
3
 72
0
 73
1
 93
6
 10
5175.0
 20
11450.0
 10
5175.0
 20
11375.0
 10
5025.0
 20
11375.0
 10
5025.0
 20
11600.0
 10
5175.0
 20
11600.0
 10
5175.0
 20
11450.0
 97
0
 75
0
 76
1
 98
0
  0
LWPOLYLINE
  5
F6
330
17
100
AcDbEntity
  8
A-WALL
100
AcDbPolyline
 90
7
 70
1
 10
8691.0
 20
11525.0
 10
8691.0
 20
11375.0
 10
5100.0
 20
11375.0
 10
5025.0
 20
11375.0
 10
5025.0
 20
11525.0
 10
8616.0
 20
11525.0
 10
8691.0
 20
11525.0
1001
FLOORFORGE
1000
floor:0
1000
preliminary
  0
HATCH
  5
F7
330
17
100
AcDbEntity
  8
A-WALL
 62
7
100
AcDbHatch
 10
0.0
 20
0.0
 30
0.0
210
0.0
220
0.0
230
1.0
  2
SOLID
 70
1
 71
0
 91
1
 92
3
 72
0
 73
1
 93
7
 10
8691.0
 20
11525.0
 10
8691.0
 20
11375.0
 10
5100.0
 20
11375.0
 10
5025.0
 20
11375.0
 10
5025.0
 20
11525.0
 10
8616.0
 20
11525.0
 10
8691.0
 20
11525.0
 97
0
 75
0
 76
1
 98
0
  0
LWPOLYLINE
  5
F8
330
17
100
AcDbEntity
  8
A-WALL
100
AcDbPolyline
 90
6
 70
1
 10
5175.0
 20
12700.0
 10
5175.0
 20
12625.0
 10
5025.0
 20
12625.0
 10
5025.0
 20
15612.0
 10
5175.0
 20
15612.0
 10
5175.0
 20
12700.0
1001
FLOORFORGE
1000
floor:0
1000
preliminary
  0
HATCH
  5
F9
330
17
100
AcDbEntity
  8
A-WALL
 62
7
100
AcDbHatch
 10
0.0
 20
0.0
 30
0.0
210
0.0
220
0.0
230
1.0
  2
SOLID
 70
1
 71
0
 91
1
 92
3
 72
0
 73
1
 93
6
 10
5175.0
 20
12700.0
 10
5175.0
 20
12625.0
 10
5025.0
 20
12625.0
 10
5025.0
 20
15612.0
 10
5175.0
 20
15612.0
 10
5175.0
 20
12700.0
 97
0
 75
0
 76
1
 98
0
  0
LWPOLYLINE
  5
FA
330
17
100
AcDbEntity
  8
A-WALL
100
AcDbPolyline
 90
5
 70
1
 10
7758.0
 20
15382.0
 10
7758.0
 20
15612.0
 10
8846.0
 20
15612.0
 10
8846.0
 20
15382.0
 10
7758.0
 20
15382.0
1001
FLOORFORGE
1000
floor:0
1000
preliminary
  0
HATCH
  5
FB
330
17
100
AcDbEntity
  8
A-WALL
 62
7
100
AcDbHatch
 10
0.0
 20
0.0
 30
0.0
210
0.0
220
0.0
230
1.0
  2
SOLID
 70
1
 71
0
 91
1
 92
3
 72
0
 73
1
 93
5
 10
7758.0
 20
15382.0
 10
7758.0
 20
15612.0
 10
8846.0
 20
15612.0
 10
8846.0
 20
15382.0
 10
7758.0
 20
15382.0
 97
0
 75
0
 76
1
 98
0
  0
LWPOLYLINE
  5
FC
330
17
100
AcDbEntity
  8
A-WALL
100
AcDbPolyline
 90
6
 70
1
 10
5100.0
 20
15382.0
 10
4870.0
 20
15382.0
 10
4870.0
 20
15612.0
 10
5958.0
 20
15612.0
 10
5958.0
 20
15382.0
 10
5100.0
 20
15382.0
1001
FLOORFORGE
1000
floor:0
1000
preliminary
  0
HATCH
  5
FD
330
17
100
AcDbEntity
  8
A-WALL
 62
7
100
AcDbHatch
 10
0.0
 20
0.0
 30
0.0
210
0.0
220
0.0
230
1.0
  2
SOLID
 70
1
 71
0
 91
1
 92
3
 72
0
 73
1
 93
6
 10
5100.0
 20
15382.0
 10
4870.0
 20
15382.0
 10
4870.0
 20
15612.0
 10
5958.0
 20
15612.0
 10
5958.0
 20
15382.0
 10
5100.0
 20
15382.0
 97
0
 75
0
 76
1
 98
0
  0
LWPOLYLINE
  5
FE
330
17
100
AcDbEntity
  8
A-WALL
100
AcDbPolyline
 90
6
 70
1
 10
8475.0
 20
6325.0
 10
8475.0
 20
5800.0
 10
8325.0
 20
5800.0
 10
8325.0
 20
6250.0
 10
8325.0
 20
6325.0
 10
8475.0
 20
6325.0
1001
FLOORFORGE
1000
floor:0
1000
preliminary
  0
HATCH
  5
FF
330
17
100
AcDbEntity
  8
A-WALL
 62
7
100
AcDbHatch
 10
0.0
 20
0.0
 30
0.0
210
0.0
220
0.0
230
1.0
  2
SOLID
 70
1
 71
0
 91
1
 92
3
 72
0
 73
1
 93
6
 10
8475.0
 20
6325.0
 10
8475.0
 20
5800.0
 10
8325.0
 20
5800.0
 10
8325.0
 20
6250.0
 10
8325.0
 20
6325.0
 10
8475.0
 20
6325.0
 97
0
 75
0
 76
1
 98
0
  0
LWPOLYLINE
  5
100
330
17
100
AcDbEntity
  8
A-WALL
100
AcDbPolyline
 90
6
 70
1
 10
8475.0
 20
4450.0
 10
8475.0
 20
4375.0
 10
8325.0
 20
4375.0
 10
8325.0
 20
4900.0
 10
8475.0
 20
4900.0
 10
8475.0
 20
4450.0
1001
FLOORFORGE
1000
floor:0
1000
preliminary
  0
HATCH
  5
101
330
17
100
AcDbEntity
  8
A-WALL
 62
7
100
AcDbHatch
 10
0.0
 20
0.0
 30
0.0
210
0.0
220
0.0
230
1.0
  2
SOLID
 70
1
 71
0
 91
1
 92
3
 72
0
 73
1
 93
6
 10
8475.0
 20
4450.0
 10
8475.0
 20
4375.0
 10
8325.0
 20
4375.0
 10
8325.0
 20
4900.0
 10
8475.0
 20
4900.0
 10
8475.0
 20
4450.0
 97
0
 75
0
 76
1
 98
0
  0
LWPOLYLINE
  5
102
330
17
100
AcDbEntity
  8
A-WALL
100
AcDbPolyline
 90
6
 70
1
 10
8400.0
 20
4375.0
 10
8325.0
 20
4375.0
 10
8325.0
 20
4525.0
 10
10716.0
 20
4525.0
 10
10716.0
 20
4375.0
 10
8400.0
 20
4375.0
1001
FLOORFORGE
1000
floor:0
1000
preliminary
  0
HATCH
  5
103
330
17
100
AcDbEntity
  8
A-WALL
 62
7
100
AcDbHatch
 10
0.0
 20
0.0
 30
0.0
210
0.0
220
0.0
230
1.0
  2
SOLID
 70
1
 71
0
 91
1
 92
3
 72
0
 73
1
 93
6
 10
8400.0
 20
4375.0
 10
8325.0
 20
4375.0
 10
8325.0
 20
4525.0
 10
10716.0
 20
4525.0
 10
10716.0
 20
4375.0
 10
8400.0
 20
4375.0
 97
0
 75
0
 76
1
 98
0
  0
LWPOLYLINE
  5
104
330
17
100
AcDbEntity
  8
A-WALL
100
AcDbPolyline
 90
6
 70
1
 10
8475.0
 20
8725.0
 10
8475.0
 20
7825.0
 10
8325.0
 20
7825.0
 10
8325.0
 20
8650.0
 10
8325.0
 20
8725.0
 10
8475.0
 20
8725.0
1001
FLOORFORGE
1000
floor:0
1000
preliminary
  0
HATCH
  5
105
330
17
100
AcDbEntity
  8
A-WALL
 62
7
100
AcDbHatch
 10
0.0
 20
0.0
 30
0.0
210
0.0
220
0.0
230
1.0
  2
SOLID
 70
1
 71
0
 91
1
 92
3
 72
0
 73
1
 93
6
 10
8475.0
 20
8725.0
 10
8475.0
 20
7825.0
 10
8325.0
 20
7825.0
 10
8325.0
 20
8650.0
 10
8325.0
 20
8725.0
 10
8475.0
 20
8725.0
 97
0
 75
0
 76
1
 98
0
  0
LWPOLYLINE
  5
106
330
17
100
AcDbEntity
  8
A-WALL
100
AcDbPolyline
 90
6
 70
1
 10
8475.0
 20
6250.0
 10
8475.0
 20
6175.0
 10
8325.0
 20
6175.0
 10
8325.0
 20
7075.0
 10
8475.0
 20
7075.0
 10
8475.0
 20
6250.0
1001
FLOORFORGE
1000
floor:0
1000
preliminary
  0
HATCH
  5
107
330
17
100
AcDbEntity
  8
A-WALL
 62
7
100
AcDbHatch
 10
0.0
 20
0.0
 30
0.0
210
0.0
220
0.0
230
1.0
  2
SOLID
 70
1
 71
0
 91
1
 92
3
 72
0
 73
1
 93
6
 10
8475.0
 20
6250.0
 10
8475.0
 20
6175.0
 10
8325.0
 20
6175.0
 10
8325.0
 20
7075.0
 10
8475.0
 20
7075.0
 10
8475.0
 20
6250.0
 97
0
 75
0
 76
1
 98
0
  0
LWPOLYLINE
  5
108
330
17
100
AcDbEntity
  8
A-WALL
100
AcDbPolyline
 90
6
 70
1
 10
8400.0
 20
6175.0
 10
8325.0
 20
6175.0
 10
8325.0
 20
6325.0
 10
10716.0
 20
6325.0
 10
10716.0
 20
6175.0
 10
8400.0
 20
6175.0
1001
FLOORFORGE
1000
floor:0
1000
preliminary
  0
HATCH
  5
109
330
17
100
AcDbEntity
  8
A-WALL
 62
7
100
AcDbHatch
 10
0.0
 20
0.0
 30
0.0
210
0.0
220
0.0
230
1.0
  2
SOLID
 70
1
 71
0
 91
1
 92
3
 72
0
 73
1
 93
6
 10
8400.0
 20
6175.0
 10
8325.0
 20
6175.0
 10
8325.0
 20
6325.0
 10
10716.0
 20
6325.0
 10
10716.0
 20
6175.0
 10
8400.0
 20
6175.0
 97
0
 75
0
 76
1
 98
0
  0
LWPOLYLINE
  5
10A
330
17
100
AcDbEntity
  8
A-WALL
100
AcDbPolyline
 90
6
 70
1
 10
8400.0
 20
8575.0
 10
8325.0
 20
8575.0
 10
8325.0
 20
8725.0
 10
10716.0
 20
8725.0
 10
10716.0
 20
8575.0
 10
8400.0
 20
8575.0
1001
FLOORFORGE
1000
floor:0
1000
preliminary
  0
HATCH
  5
10B
330
17
100
AcDbEntity
  8
A-WALL
 62
7
100
AcDbHatch
 10
0.0
 20
0.0
 30
0.0
210
0.0
220
0.0
230
1.0
  2
SOLID
 70
1
 71
0
 91
1
 92
3
 72
0
 73
1
 93
6
 10
8400.0
 20
8575.0
 10
8325.0
 20
8575.0
 10
8325.0
 20
8725.0
 10
10716.0
 20
8725.0
 10
10716.0
 20
8575.0
 10
8400.0
 20
8575.0
 97
0
 75
0
 76
1
 98
0
  0
LWPOLYLINE
  5
10C
330
17
100
AcDbEntity
  8
A-WALL
100
AcDbPolyline
 90
6
 70
1
 10
8691.0
 20
13475.0
 10
8691.0
 20
12800.0
 10
8541.0
 20
12800.0
 10
8541.0
 20
13400.0
 10
8541.0
 20
13475.0
 10
8691.0
 20
13475.0
1001
FLOORFORGE
1000
floor:0
1000
preliminary
  0
HATCH
  5
10D
330
17
100
AcDbEntity
  8
A-WALL
 62
7
100
AcDbHatch
 10
0.0
 20
0.0
 30
0.0
210
0.0
220
0.0
230
1.0
  2
SOLID
 70
1
 71
0
 91
1
 92
3
 72
0
 73
1
 93
6
 10
8691.0
 20
13475.0
 10
8691.0
 20
12800.0
 10
8541.0
 20
12800.0
 10
8541.0
 20
13400.0
 10
8541.0
 20
13475.0
 10
8691.0
 20
13475.0
 97
0
 75
0
 76
1
 98
0
  0
LWPOLYLINE
  5
10E
330
17
100
AcDbEntity
  8
A-WALL
100
AcDbPolyline
 90
6
 70
1
 10
8691.0
 20
11450.0
 10
8691.0
 20
11375.0
 10
8541.0
 20
11375.0
 10
8541.0
 20
12050.0
 10
8691.0
 20
12050.0
 10
8691.0
 20
11450.0
1001
FLOORFORGE
1000
floor:0
1000
preliminary
  0
HATCH
  5
10F
330
17
100
AcDbEntity
  8
A-WALL
 62
7
100
AcDbHatch
 10
0.0
 20
0.0
 30
0.0
210
0.0
220
0.0
230
1.0
  2
SOLID
 70
1
 71
0
 91
1
 92
3
 72
0
 73
1
 93
6
 10
8691.0
 20
11450.0
 10
8691.0
 20
11375.0
 10
8541.0
 20
11375.0
 10
8541.0
 20
12050.0
 10
8691.0
 20
12050.0
 10
8691.0
 20
11450.0
 97
0
 75
0
 76
1
 98
0
  0
LWPOLYLINE
  5
110
330
17
100
AcDbEntity
  8
A-WALL
100
AcDbPolyline
 90
6
 70
1
 10
8616.0
 20
11375.0
 10
8541.0
 20
11375.0
 10
8541.0
 20
11525.0
 10
10716.0
 20
11525.0
 10
10716.0
 20
11375.0
 10
8616.0
 20
11375.0
1001
FLOORFORGE
1000
floor:0
1000
preliminary
  0
HATCH
  5
111
330
17
100
AcDbEntity
  8
A-WALL
 62
7
100
AcDbHatch
 10
0.0
 20
0.0
 30
0.0
210
0.0
220
0.0
230
1.0
  2
SOLID
 70
1
 71
0
 91
1
 92
3
 72
0
 73
1
 93
6
 10
8616.0
 20
11375.0
 10
8541.0
 20
11375.0
 10
8541.0
 20
11525.0
 10
10716.0
 20
11525.0
 10
10716.0
 20
11375.0
 10
8616.0
 20
11375.0
 97
0
 75
0
 76
1
 98
0
  0
LWPOLYLINE
  5
112
330
17
100
AcDbEntity
  8
A-WALL
100
AcDbPolyline
 90
6
 70
1
 10
8691.0
 20
13325.0
 10
8541.0
 20
13325.0
 10
8541.0
 20
14056.0
 10
8691.0
 20
14056.0
 10
8691.0
 20
13400.0
 10
8691.0
 20
13325.0
1001
FLOORFORGE
1000
floor:0
1000
preliminary
  0
HATCH
  5
113
330
17
100
AcDbEntity
  8
A-WALL
 62
7
100
AcDbHatch
 10
0.0
 20
0.0
 30
0.0
210
0.0
220
0.0
230
1.0
  2
SOLID
 70
1
 71
0
 91
1
 92
3
 72
0
 73
1
 93
6
 10
8691.0
 20
13325.0
 10
8541.0
 20
13325.0
 10
8541.0
 20
14056.0
 10
8691.0
 20
14056.0
 10
8691.0
 20
13400.0
 10
8691.0
 20
13325.0
 97
0
 75
0
 76
1
 98
0
  0
LWPOLYLINE
  5
114
330
17
100
AcDbEntity
  8
A-WALL
100
AcDbPolyline
 90
5
 70
1
 10
8541.0
 20
15612.0
 10
8691.0
 20
15612.0
 10
8691.0
 20
14956.0
 10
8541.0
 20
14956.0
 10
8541.0
 20
15612.0
1001
FLOORFORGE
1000
floor:0
1000
preliminary
  0
HATCH
  5
115
330
17
100
AcDbEntity
  8
A-WALL
 62
7
100
AcDbHatch
 10
0.0
 20
0.0
 30
0.0
210
0.0
220
0.0
230
1.0
  2
SOLID
 70
1
 71
0
 91
1
 92
3
 72
0
 73
1
 93
5
 10
8541.0
 20
15612.0
 10
8691.0
 20
15612.0
 10
8691.0
 20
14956.0
 10
8541.0
 20
14956.0
 10
8541.0
 20
15612.0
 97
0
 75
0
 76
1
 98
0
  0
LWPOLYLINE
  5
116
330
17
100
AcDbEntity
  8
A-WALL
100
AcDbPolyline
 90
6
 70
1
 10
8616.0
 20
13325.0
 10
8541.0
 20
13325.0
 10
8541.0
 20
13475.0
 10
10716.0
 20
13475.0
 10
10716.0
 20
13325.0
 10
8616.0
 20
13325.0
1001
FLOORFORGE
1000
floor:0
1000
preliminary
  0
HATCH
  5
117
330
17
100
AcDbEntity
  8
A-WALL
 62
7
100
AcDbHatch
 10
0.0
 20
0.0
 30
0.0
210
0.0
220
0.0
230
1.0
  2
SOLID
 70
1
 71
0
 91
1
 92
3
 72
0
 73
1
 93
6
 10
8616.0
 20
13325.0
 10
8541.0
 20
13325.0
 10
8541.0
 20
13475.0
 10
10716.0
 20
13475.0
 10
10716.0
 20
13325.0
 10
8616.0
 20
13325.0
 97
0
 75
0
 76
1
 98
0
  0
LWPOLYLINE
  5
118
330
17
100
AcDbEntity
  8
A-WALL
100
AcDbPolyline
 90
6
 70
1
 10
8386.0
 20
15382.0
 10
8386.0
 20
15612.0
 10
9216.0
 20
15612.0
 10
9216.0
 20
15382.0
 10
8616.0
 20
15382.0
 10
8386.0
 20
15382.0
1001
FLOORFORGE
1000
floor:0
1000
preliminary
  0
HATCH
  5
119
330
17
100
AcDbEntity
  8
A-WALL
 62
7
100
AcDbHatch
 10
0.0
 20
0.0
 30
0.0
210
0.0
220
0.0
230
1.0
  2
SOLID
 70
1
 71
0
 91
1
 92
3
 72
0
 73
1
 93
6
 10
8386.0
 20
15382.0
 10
8386.0
 20
15612.0
 10
9216.0
 20
15612.0
 10
9216.0
 20
15382.0
 10
8616.0
 20
15382.0
 10
8386.0
 20
15382.0
 97
0
 75
0
 76
1
 98
0
  0
LWPOLYLINE
  5
11A
330
17
100
AcDbEntity
  8
A-WALL
100
AcDbPolyline
 90
5
 70
1
 10
10716.0
 20
15612.0
 10
10716.0
 20
15382.0
 10
10116.0
 20
15382.0
 10
10116.0
 20
15612.0
 10
10716.0
 20
15612.0
1001
FLOORFORGE
1000
floor:0
1000
preliminary
  0
HATCH
  5
11B
330
17
100
AcDbEntity
  8
A-WALL
 62
7
100
AcDbHatch
 10
0.0
 20
0.0
 30
0.0
210
0.0
220
0.0
230
1.0
  2
SOLID
 70
1
 71
0
 91
1
 92
3
 72
0
 73
1
 93
5
 10
10716.0
 20
15612.0
 10
10716.0
 20
15382.0
 10
10116.0
 20
15382.0
 10
10116.0
 20
15612.0
 10
10716.0
 20
15612.0
 97
0
 75
0
 76
1
 98
0
  0
LWPOLYLINE
  5
11C
330
17
100
AcDbEntity
  8
A-WALL
100
AcDbPolyline
 90
6
 70
1
 10
10716.0
 20
4680.0
 10
10716.0
 20
3275.0
 10
10486.0
 20
3275.0
 10
10486.0
 20
4450.0
 10
10486.0
 20
4680.0
 10
10716.0
 20
4680.0
1001
FLOORFORGE
1000
floor:0
1000
preliminary
  0
HATCH
  5
11D
330
17
100
AcDbEntity
  8
A-WALL
 62
7
100
AcDbHatch
 10
0.0
 20
0.0
 30
0.0
210
0.0
220
0.0
230
1.0
  2
SOLID
 70
1
 71
0
 91
1
 92
3
 72
0
 73
1
 93
6
 10
10716.0
 20
4680.0
 10
10716.0
 20
3275.0
 10
10486.0
 20
3275.0
 10
10486.0
 20
4450.0
 10
10486.0
 20
4680.0
 10
10716.0
 20
4680.0
 97
0
 75
0
 76
1
 98
0
  0
LWPOLYLINE
  5
11E
330
17
100
AcDbEntity
  8
A-WALL
100
AcDbPolyline
 90
5
 70
1
 10
10716.0
 20
0.0
 10
10486.0
 20
0.0
 10
10486.0
 20
1175.0
 10
10716.0
 20
1175.0
 10
10716.0
 20
0.0
1001
FLOORFORGE
1000
floor:0
1000
preliminary
  0
HATCH
  5
11F
330
17
100
AcDbEntity
  8
A-WALL
 62
7
100
AcDbHatch
 10
0.0
 20
0.0
 30
0.0
210
0.0
220
0.0
230
1.0
  2
SOLID
 70
1
 71
0
 91
1
 92
3
 72
0
 73
1
 93
5
 10
10716.0
 20
0.0
 10
10486.0
 20
0.0
 10
10486.0
 20
1175.0
 10
10716.0
 20
1175.0
 10
10716.0
 20
0.0
 97
0
 75
0
 76
1
 98
0
  0
LWPOLYLINE
  5
120
330
17
100
AcDbEntity
  8
A-WALL
100
AcDbPolyline
 90
6
 70
1
 10
10486.0
 20
6480.0
 10
10716.0
 20
6480.0
 10
10716.0
 20
4220.0
 10
10486.0
 20
4220.0
 10
10486.0
 20
6250.0
 10
10486.0
 20
6480.0
1001
FLOORFORGE
1000
floor:0
1000
preliminary
  0
HATCH
  5
121
330
17
100
AcDbEntity
  8
A-WALL
 62
7
100
AcDbHatch
 10
0.0
 20
0.0
 30
0.0
210
0.0
220
0.0
230
1.0
  2
SOLID
 70
1
 71
0
 91
1
 92
3
 72
0
 73
1
 93
6
 10
10486.0
 20
6480.0
 10
10716.0
 20
6480.0
 10
10716.0
 20
4220.0
 10
10486.0
 20
4220.0
 10
10486.0
 20
6250.0
 10
10486.0
 20
6480.0
 97
0
 75
0
 76
1
 98
0
  0
LWPOLYLINE
  5
122
330
17
100
AcDbEntity
  8
A-WALL
100
AcDbPolyline
 90
6
 70
1
 10
10486.0
 20
8880.0
 10
10716.0
 20
8880.0
 10
10716.0
 20
6020.0
 10
10486.0
 20
6020.0
 10
10486.0
 20
8650.0
 10
10486.0
 20
8880.0
1001
FLOORFORGE
1000
floor:0
1000
preliminary
  0
HATCH
  5
123
330
17
100
AcDbEntity
  8
A-WALL
 62
7
100
AcDbHatch
 10
0.0
 20
0.0
 30
0.0
210
0.0
220
0.0
230
1.0
  2
SOLID
 70
1
 71
0
 91
1
 92
3
 72
0
 73
1
 93
6
 10
10486.0
 20
8880.0
 10
10716.0
 20
8880.0
 10
10716.0
 20
6020.0
 10
10486.0
 20
6020.0
 10
10486.0
 20
8650.0
 10
10486.0
 20
8880.0
 97
0
 75
0
 76
1
 98
0
  0
LWPOLYLINE
  5
124
330
17
100
AcDbEntity
  8
A-WALL
100
AcDbPolyline
 90
6
 70
1
 10
10716.0
 20
11680.0
 10
10716.0
 20
10800.0
 10
10486.0
 20
10800.0
 10
10486.0
 20
11450.0
 10
10486.0
 20
11680.0
 10
10716.0
 20
11680.0
1001
FLOORFORGE
1000
floor:0
1000
preliminary
  0
HATCH
  5
125
330
17
100
AcDbEntity
  8
A-WALL
 62
7
100
AcDbHatch
 10
0.0
 20
0.0
 30
0.0
210
0.0
220
0.0
230
1.0
  2
SOLID
 70
1
 71
0
 91
1
 92
3
 72
0
 73
1
 93
6
 10
10716.0
 20
11680.0
 10
10716.0
 20
10800.0
 10
10486.0
 20
10800.0
 10
10486.0
 20
11450.0
 10
10486.0
 20
11680.0
 10
10716.0
 20
11680.0
 97
0
 75
0
 76
1
 98
0
  0
LWPOLYLINE
  5
126
330
17
100
AcDbEntity
  8
A-WALL
100
AcDbPolyline
 90
5
 70
1
 10
10716.0
 20
8420.0
 10
10486.0
 20
8420.0
 10
10486.0
 20
9300.0
 10
10716.0
 20
9300.0
 10
10716.0
 20
8420.0
1001
FLOORFORGE
1000
floor:0
1000
preliminary
  0
HATCH
  5
127
330
17
100
AcDbEntity
  8
A-WALL
 62
7
100
AcDbHatch
 10
0.0
 20
0.0
 30
0.0
210
0.0
220
0.0
230
1.0
  2
SOLID
 70
1
 71
0
 91
1
 92
3
 72
0
 73
1
 93
5
 10
10716.0
 20
8420.0
 10
10486.0
 20
8420.0
 10
10486.0
 20
9300.0
 10
10716.0
 20
9300.0
 10
10716.0
 20
8420.0
 97
0
 75
0
 76
1
 98
0
  0
LWPOLYLINE
  5
128
330
17
100
AcDbEntity
  8
A-WALL
100
AcDbPolyline
 90
6
 70
1
 10
10486.0
 20
13630.0
 10
10716.0
 20
13630.0
 10
10716.0
 20
11220.0
 10
10486.0
 20
11220.0
 10
10486.0
 20
13400.0
 10
10486.0
 20
13630.0
1001
FLOORFORGE
1000
floor:0
1000
preliminary
  0
HATCH
  5
129
330
17
100
AcDbEntity
  8
A-WALL
 62
7
100
AcDbHatch
 10
0.0
 20
0.0
 30
0.0
210
0.0
220
0.0
230
1.0
  2
SOLID
 70
1
 71
0
 91
1
 92
3
 72
0
 73
1
 93
6
 10
10486.0
 20
13630.0
 10
10716.0
 20
13630.0
 10
10716.0
 20
11220.0
 10
10486.0
 20
11220.0
 10
10486.0
 20
13400.0
 10
10486.0
 20
13630.0
 97
0
 75
0
 76
1
 98
0
  0
LWPOLYLINE
  5
12A
330
17
100
AcDbEntity
  8
A-WALL
100
AcDbPolyline
 90
5
 70
1
 10
10486.0
 20
14056.0
 10
10716.0
 20
14056.0
 10
10716.0
 20
13170.0
 10
10486.0
 20
13170.0
 10
10486.0
 20
14056.0
1001
FLOORFORGE
1000
floor:0
1000
preliminary
  0
HATCH
  5
12B
330
17
100
AcDbEntity
  8
A-WALL
 62
7
100
AcDbHatch
 10
0.0
 20
0.0
 30
0.0
210
0.0
220
0.0
230
1.0
  2
SOLID
 70
1
 71
0
 91
1
 92
3
 72
0
 73
1
 93
5
 10
10486.0
 20
14056.0
 10
10716.0
 20
14056.0
 10
10716.0
 20
13170.0
 10
10486.0
 20
13170.0
 10
10486.0
 20
14056.0
 97
0
 75
0
 76
1
 98
0
  0
LWPOLYLINE
  5
12C
330
17
100
AcDbEntity
  8
A-WALL
100
AcDbPolyline
 90
5
 70
1
 10
10486.0
 20
15612.0
 10
10716.0
 20
15612.0
 10
10716.0
 20
14956.0
 10
10486.0
 20
14956.0
 10
10486.0
 20
15612.0
1001
FLOORFORGE
1000
floor:0
1000
preliminary
  0
HATCH
  5
12D
330
17
100
AcDbEntity
  8
A-WALL
 62
7
100
AcDbHatch
 10
0.0
 20
0.0
 30
0.0
210
0.0
220
0.0
230
1.0
  2
SOLID
 70
1
 71
0
 91
1
 92
3
 72
0
 73
1
 93
5
 10
10486.0
 20
15612.0
 10
10716.0
 20
15612.0
 10
10716.0
 20
14956.0
 10
10486.0
 20
14956.0
 10
10486.0
 20
15612.0
 97
0
 75
0
 76
1
 98
0
  0
LINE
  5
12E
330
17
100
AcDbEntity
  8
A-DOOR
100
AcDbLine
 10
8691.0
 20
12050.0
 30
0.0
 11
9441.0
 21
12050.0
 31
0.0
1001
FLOORFORGE
1000
floor:0
1000
preliminary
  0
LWPOLYLINE
  5
12F
330
17
100
AcDbEntity
  8
A-DOOR
100
AcDbPolyline
 90
18
 70
0
 10
8691.0
 20
12800.0
 10
8760.201269597477
 20
12796.800632221275
 10
8828.812138362428
 20
12787.229824762926
 10
8896.247242554062
 20
12771.369232379615
 10
8961.931249640365
 20
12749.354172053267
 10
9025.303766832403
 20
12721.372468516296
 10
9085.824122158017
 20
12687.662851797211
 10
9142.975977284443
 20
12648.51292046018
 10
9196.271732734918
 20
12604.256687915495
 10
9245.256687915495
 20
12555.271732734918
 10
9289.51292046018
 20
12501.975977284443
 10
9328.662851797211
 20
12444.824122158017
 10
9362.372468516296
 20
12384.303766832403
 10
9390.354172053267
 20
12320.931249640365
 10
9412.369232379615
 20
12255.247242554062
 10
9428.229824762926
 20
12187.812138362428
 10
9437.800632221275
 20
12119.201269597477
 10
9441.0
 20
12050.0
1001
FLOORFORGE
1000
floor:0
1000
preliminary
  0
TEXT
  5
130
330
17
100
AcDbEntity
  8
A-TAGS
100
AcDbText
 10
8291.0
 20
12365.0
 30
0.0
 40
150.0
  1
D1
 72
1
 11
8291.0
 21
12365.0
 31
0.0
100
AcDbText
 73
1
1001
FLOORFORGE
1000
floor:0
1000
preliminary
  0
LINE
  5
131
330
17
100
AcDbEntity
  8
A-DOOR
100
AcDbLine
 10
3675.0
 20
13781.0
 30
0.0
 11
4425.0
 21
13781.0
 31
0.0
1001
FLOORFORGE
1000
floor:0
1000
preliminary
  0
LWPOLYLINE
  5
132
330
17
100
AcDbEntity
  8
A-DOOR
100
AcDbPolyline
 90
18
 70
0
 10
3675.0
 20
14531.0
 10
3744.2012695974763
 20
14527.800632221275
 10
3812.812138362428
 20
14518.229824762926
 10
3880.2472425540623
 20
14502.369232379615
 10
3945.9312496403645
 20
14480.354172053267
 10
4009.3037668324037
 20
14452.372468516296
 10
4069.824122158017
 20
14418.662851797211
 10
4126.975977284443
 20
14379.51292046018
 10
4180.271732734918
 20
14335.256687915495
 10
4229.256687915495
 20
14286.271732734918
 10
4273.51292046018
 20
14232.975977284443
 10
4312.66285179721
 20
14175.824122158017
 10
4346.372468516297
 20
14115.303766832403
 10
4374.354172053267
 20
14051.931249640365
 10
4396.369232379614
 20
13986.247242554062
 10
4412.229824762926
 20
13918.812138362428
 10
4421.800632221276
 20
13850.201269597477
 10
4425.0
 20
13781.0
1001
FLOORFORGE
1000
floor:0
1000
preliminary
  0
TEXT
  5
133
330
17
100
AcDbEntity
  8
A-TAGS
100
AcDbText
 10
3275.0
 20
14096.0
 30
0.0
 40
150.0
  1
D1
 72
1
 11
3275.0
 21
14096.0
 31
0.0
100
AcDbText
 73
1
1001
FLOORFORGE
1000
floor:0
1000
preliminary
  0
LINE
  5
134
330
17
100
AcDbEntity
  8
A-DOOR
100
AcDbLine
 10
5175.0
 20
11600.0
 30
0.0
 11
6075.0
 21
11600.0
 31
0.0
1001
FLOORFORGE
1000
floor:0
1000
preliminary
  0
LWPOLYLINE
  5
135
330
17
100
AcDbEntity
  8
A-DOOR
100
AcDbPolyline
 90
18
 70
0
 10
5175.0
 20
12500.0
 10
5258.041523516972
 20
12496.160758665532
 10
5340.374566034913
 20
12484.675789715511
 10
5421.296691064875
 20
12465.643078855537
 10
5500.117499568438
 20
12439.22500646392
 10
5576.164520198884
 20
12405.646962219556
 10
5648.7889465896205
 20
12365.195422156652
 10
5717.371172741331
 20
12318.215504552216
 10
5781.326079281902
 20
12265.108025498594
 10
5840.108025498594
 20
12206.326079281902
 10
5893.215504552216
 20
12142.37117274133
 10
5940.195422156653
 20
12073.78894658962
 10
5980.646962219556
 20
12001.164520198885
 10
6014.22500646392
 20
11925.117499568438
 10
6040.643078855537
 20
11846.296691064874
 10
6059.675789715511
 20
11765.374566034914
 10
6071.160758665531
 20
11683.041523516971
 10
6075.0
 20
11600.0
1001
FLOORFORGE
1000
floor:0
1000
preliminary
  0
TEXT
  5
136
330
17
100
AcDbEntity
  8
A-TAGS
100
AcDbText
 10
4775.0
 20
11990.0
 30
0.0
 40
150.0
  1
D2
 72
1
 11
4775.0
 21
11990.0
 31
0.0
100
AcDbText
 73
1
1001
FLOORFORGE
1000
floor:0
1000
preliminary
  0
LINE
  5
137
330
17
100
AcDbEntity
  8
A-DOOR
100
AcDbLine
 10
3525.0
 20
10300.0
 30
0.0
 11
2625.0
 21
10300.0
 31
0.0
1001
FLOORFORGE
1000
floor:0
1000
preliminary
  0
LWPOLYLINE
  5
138
330
17
100
AcDbEntity
  8
A-DOOR
100
AcDbPolyline
 90
18
 70
0
 10
3525.0
 20
11200.0
 10
3441.9584764830283
 20
11196.160758665532
 10
3359.625433965087
 20
11184.675789715511
 10
3278.7033089351253
 20
11165.643078855537
 10
3199.882500431562
 20
11139.22500646392
 10
3123.8354798011155
 20
11105.646962219556
 10
3051.21105341038
 20
11065.195422156652
 10
2982.6288272586694
 20
11018.215504552216
 10
2918.6739207180985
 20
10965.108025498594
 10
2859.891974501407
 20
10906.326079281902
 10
2806.7844954477846
 20
10842.37117274133
 10
2759.804577843347
 20
10773.78894658962
 10
2719.3530377804436
 20
10701.164520198885
 10
2685.77499353608
 20
10625.117499568438
 10
2659.356921144463
 20
10546.296691064874
 10
2640.3242102844883
 20
10465.374566034914
 10
2628.839241334469
 20
10383.041523516971
 10
2625.0
 20
10300.0
1001
FLOORFORGE
1000
floor:0
1000
preliminary
  0
TEXT
  5
139
330
17
100
AcDbEntity
  8
A-TAGS
100
AcDbText
 10
3925.0
 20
10690.0
 30
0.0
 40
150.0
  1
D2
 72
1
 11
3925.0
 21
10690.0
 31
0.0
100
AcDbText
 73
1
1001
FLOORFORGE
1000
floor:0
1000
preliminary
  0
LINE
  5
13A
330
17
100
AcDbEntity
  8
A-DOOR
100
AcDbLine
 10
3525.0
 20
8800.0
 30
0.0
 11
2775.0
 21
8800.0
 31
0.0
1001
FLOORFORGE
1000
floor:0
1000
preliminary
  0
LWPOLYLINE
  5
13B
330
17
100
AcDbEntity
  8
A-DOOR
100
AcDbPolyline
 90
18
 70
0
 10
3525.0
 20
9550.0
 10
3455.7987304025237
 20
9546.800632221275
 10
3387.187861637572
 20
9537.229824762926
 10
3319.7527574459377
 20
9521.369232379615
 10
3254.0687503596355
 20
9499.354172053267
 10
3190.6962331675963
 20
9471.372468516296
 10
3130.175877841983
 20
9437.662851797211
 10
3073.0240227155577
 20
9398.51292046018
 10
3019.728267265082
 20
9354.256687915495
 10
2970.7433120845058
 20
9305.271732734918
 10
2926.48707953982
 20
9251.975977284443
 10
2887.3371482027896
 20
9194.824122158017
 10
2853.627531483703
 20
9134.303766832403
 10
2825.6458279467333
 20
9070.931249640365
 10
2803.630767620386
 20
9005.247242554062
 10
2787.7701752370735
 20
8937.812138362428
 10
2778.199367778724
 20
8869.201269597477
 10
2775.0
 20
8800.0
1001
FLOORFORGE
1000
floor:0
1000
preliminary
  0
TEXT
  5
13C
330
17
100
AcDbEntity
  8
A-TAGS
100
AcDbText
 10
3925.0
 20
9115.0
 30
0.0
 40
150.0
  1
D1
 72
1
 11
3925.0
 21
9115.0
 31
0.0
100
AcDbText
 73
1
1001
FLOORFORGE
1000
floor:0
1000
preliminary
  0
LINE
  5
13D
330
17
100
AcDbEntity
  8
A-DOOR
100
AcDbLine
 10
8691.0
 20
14056.0
 30
0.0
 11
8691.0
 21
14956.0
 31
0.0
1001
FLOORFORGE
1000
floor:0
1000
preliminary
  0
LINE
  5
13E
330
17
100
AcDbEntity
  8
A-DOOR
100
AcDbLine
 10
8541.0
 20
14056.0
 30
0.0
 11
8541.0
 21
14956.0
 31
0.0
1001
FLOORFORGE
1000
floor:0
1000
preliminary
  0
TEXT
  5
13F
330
17
100
AcDbEntity
  8
A-TAGS
100
AcDbText
 10
8941.0
 20
14446.0
 30
0.0
 40
150.0
  1
O1
 72
1
 11
8941.0
 21
14446.0
 31
0.0
100
AcDbText
 73
1
1001
FLOORFORGE
1000
floor:0
1000
preliminary
  0
LINE
  5
140
330
17
100
AcDbEntity
  8
A-DOOR
100
AcDbLine
 10
3525.0
 20
5375.0
 30
0.0
 11
3525.0
 21
6875.0
 31
0.0
1001
FLOORFORGE
1000
floor:0
1000
preliminary
  0
LINE
  5
141
330
17
100
AcDbEntity
  8
A-DOOR
100
AcDbLine
 10
3675.0
 20
5375.0
 30
0.0
 11
3675.0
 21
6875.0
 31
0.0
1001
FLOORFORGE
1000
floor:0
1000
preliminary
  0
TEXT
  5
142
330
17
100
AcDbEntity
  8
A-TAGS
100
AcDbText
 10
3275.0
 20
6065.0
 30
0.0
 40
150.0
  1
O2
 72
1
 11
3275.0
 21
6065.0
 31
0.0
100
AcDbText
 73
1
1001
FLOORFORGE
1000
floor:0
1000
preliminary
  0
LINE
  5
143
330
17
100
AcDbEntity
  8
A-DOOR
100
AcDbLine
 10
8475.0
 20
4900.0
 30
0.0
 11
9375.0
 21
4900.0
 31
0.0
1001
FLOORFORGE
1000
floor:0
1000
preliminary
  0
LWPOLYLINE
  5
144
330
17
100
AcDbEntity
  8
A-DOOR
100
AcDbPolyline
 90
18
 70
0
 10
8475.0
 20
5800.0
 10
8558.041523516971
 20
5796.160758665531
 10
8640.374566034914
 20
5784.675789715511
 10
8721.296691064874
 20
5765.643078855537
 10
8800.117499568438
 20
5739.22500646392
 10
8876.164520198885
 20
5705.646962219556
 10
8948.78894658962
 20
5665.195422156653
 10
9017.37117274133
 20
5618.215504552216
 10
9081.326079281902
 20
5565.108025498594
 10
9140.108025498594
 20
5506.326079281902
 10
9193.215504552216
 20
5442.371172741331
 10
9240.195422156652
 20
5373.7889465896205
 10
9280.646962219556
 20
5301.164520198885
 10
9314.22500646392
 20
5225.117499568438
 10
9340.643078855537
 20
5146.296691064875
 10
9359.675789715511
 20
5065.374566034913
 10
9371.160758665532
 20
4983.041523516972
 10
9375.0
 20
4900.0
1001
FLOORFORGE
1000
floor:0
1000
preliminary
  0
TEXT
  5
145
330
17
100
AcDbEntity
  8
A-TAGS
100
AcDbText
 10
8075.0
 20
5290.0
 30
0.0
 40
150.0
  1
D2
 72
1
 11
8075.0
 21
5290.0
 31
0.0
100
AcDbText
 73
1
1001
FLOORFORGE
1000
floor:0
1000
preliminary
  0
LINE
  5
146
330
17
100
AcDbEntity
  8
A-DOOR
100
AcDbLine
 10
8475.0
 20
7075.0
 30
0.0
 11
9225.0
 21
7075.0
 31
0.0
1001
FLOORFORGE
1000
floor:0
1000
preliminary
  0
LWPOLYLINE
  5
147
330
17
100
AcDbEntity
  8
A-DOOR
100
AcDbPolyline
 90
18
 70
0
 10
8475.0
 20
7825.0
 10
8544.201269597477
 20
7821.800632221276
 10
8612.812138362428
 20
7812.229824762926
 10
8680.247242554062
 20
7796.369232379614
 10
8745.931249640365
 20
7774.354172053267
 10
8809.303766832403
 20
7746.372468516297
 10
8869.824122158017
 20
7712.66285179721
 10
8926.975977284443
 20
7673.51292046018
 10
8980.271732734918
 20
7629.256687915495
 10
9029.256687915495
 20
7580.271732734918
 10
9073.51292046018
 20
7526.975977284443
 10
9112.662851797211
 20
7469.8241221580165
 10
9146.372468516296
 20
7409.303766832404
 10
9174.354172053267
 20
7345.9312496403645
 10
9196.369232379615
 20
7280.247242554062
 10
9212.229824762926
 20
7212.8121383624275
 10
9221.800632221275
 20
7144.201269597476
 10
9225.0
 20
7075.0
1001
FLOORFORGE
1000
floor:0
1000
preliminary
  0
TEXT
  5
148
330
17
100
AcDbEntity
  8
A-TAGS
100
AcDbText
 10
8075.0
 20
7390.0
 30
0.0
 40
150.0
  1
D1
 72
1
 11
8075.0
 21
7390.0
 31
0.0
100
AcDbText
 73
1
1001
FLOORFORGE
1000
floor:0
1000
preliminary
  0
LINE
  5
149
330
17
100
AcDbEntity
  8
A-DOOR
100
AcDbLine
 10
5175.0
 20
8800.0
 30
0.0
 11
6075.0
 21
8800.0
 31
0.0
1001
FLOORFORGE
1000
floor:0
1000
preliminary
  0
LWPOLYLINE
  5
14A
330
17
100
AcDbEntity
  8
A-DOOR
100
AcDbPolyline
 90
18
 70
0
 10
5175.0
 20
9700.0
 10
5258.041523516972
 20
9696.160758665532
 10
5340.374566034913
 20
9684.675789715511
 10
5421.296691064875
 20
9665.643078855537
 10
5500.117499568438
 20
9639.22500646392
 10
5576.164520198884
 20
9605.646962219556
 10
5648.7889465896205
 20
9565.195422156652
 10
5717.371172741331
 20
9518.215504552216
 10
5781.326079281902
 20
9465.108025498594
 10
5840.108025498594
 20
9406.326079281902
 10
5893.215504552216
 20
9342.37117274133
 10
5940.195422156653
 20
9273.78894658962
 10
5980.646962219556
 20
9201.164520198885
 10
6014.22500646392
 20
9125.117499568438
 10
6040.643078855537
 20
9046.296691064874
 10
6059.675789715511
 20
8965.374566034914
 10
6071.160758665531
 20
8883.041523516971
 10
6075.0
 20
8800.0
1001
FLOORFORGE
1000
floor:0
1000
preliminary
  0
TEXT
  5
14B
330
17
100
AcDbEntity
  8
A-TAGS
100
AcDbText
 10
4775.0
 20
9190.0
 30
0.0
 40
150.0
  1
D2
 72
1
 11
4775.0
 21
9190.0
 31
0.0
100
AcDbText
 73
1
1001
FLOORFORGE
1000
floor:0
1000
preliminary
  0
LINE
  5
14C
330
17
100
AcDbEntity
  8
A-DOOR
100
AcDbLine
 10
3450.0
 20
7375.0
 30
0.0
 11
3450.0
 21
8125.0
 31
0.0
1001
FLOORFORGE
1000
floor:0
1000
preliminary
  0
LWPOLYLINE
  5
14D
330
17
100
AcDbEntity
  8
A-DOOR
100
AcDbPolyline
 90
18
 70
0
 10
2700.0
 20
7375.0
 10
2703.199367778724
 20
7444.201269597476
 10
2712.7701752370735
 20
7512.8121383624275
 10
2728.630767620386
 20
7580.247242554062
 10
2750.6458279467333
 20
7645.9312496403645
 10
2778.627531483703
 20
7709.303766832404
 10
2812.337148202789
 20
7769.8241221580165
 10
2851.48707953982
 20
7826.975977284443
 10
2895.7433120845058
 20
7880.271732734918
 10
2944.728267265082
 20
7929.256687915495
 10
2998.0240227155577
 20
7973.51292046018
 10
3055.175877841983
 20
8012.66285179721
 10
3115.6962331675963
 20
8046.372468516297
 10
3179.068750359635
 20
8074.354172053267
 10
3244.7527574459377
 20
8096.369232379614
 10
3312.1878616375725
 20
8112.229824762926
 10
3380.7987304025237
 20
8121.800632221276
 10
3450.0
 20
8125.0
1001
FLOORFORGE
1000
floor:0
1000
preliminary
  0
TEXT
  5
14E
330
17
100
AcDbEntity
  8
A-TAGS
100
AcDbText
 10
3075.0
 20
6915.0
 30
0.0
 40
150.0
  1
D1
 72
1
 11
3075.0
 21
6915.0
 31
0.0
100
AcDbText
 73
1
1001
FLOORFORGE
1000
floor:0
1000
preliminary
  0
LINE
  5
14F
330
17
100
AcDbEntity
  8
A-WIND
100
AcDbLine
 10
0.0
 20
5125.0
 30
0.0
 11
0.0
 21
6625.0
 31
0.0
1001
FLOORFORGE
1000
floor:0
1000
preliminary
  0
LINE
  5
150
330
17
100
AcDbEntity
  8
A-WIND
100
AcDbLine
 10
230.0
 20
5125.0
 30
0.0
 11
230.0
 21
6625.0
 31
0.0
1001
FLOORFORGE
1000
floor:0
1000
preliminary
  0
LINE
  5
151
330
17
100
AcDbEntity
  8
A-WIND
100
AcDbLine
 10
97.0
 20
5125.0
 30
0.0
 11
97.0
 21
6625.0
 31
0.0
1001
FLOORFORGE
1000
floor:0
1000
preliminary
  0
LINE
  5
152
330
17
100
AcDbEntity
  8
A-WIND
100
AcDbLine
 10
133.0
 20
5125.0
 30
0.0
 11
133.0
 21
6625.0
 31
0.0
1001
FLOORFORGE
1000
floor:0
1000
preliminary
  0
LINE
  5
153
330
17
100
AcDbEntity
  8
A-WIND
100
AcDbLine
 10
0.0
 20
5125.0
 30
0.0
 11
230.0
 21
5125.0
 31
0.0
1001
FLOORFORGE
1000
floor:0
1000
preliminary
  0
LINE
  5
154
330
17
100
AcDbEntity
  8
A-WIND
100
AcDbLine
 10
0.0
 20
6625.0
 30
0.0
 11
230.0
 21
6625.0
 31
0.0
1001
FLOORFORGE
1000
floor:0
1000
preliminary
  0
TEXT
  5
155
330
17
100
AcDbEntity
  8
A-TAGS
100
AcDbText
 10
-380.0
 20
5815.0
 30
0.0
 40
150.0
  1
W1
 72
1
 11
-380.0
 21
5815.0
 31
0.0
100
AcDbText
 73
1
1001
FLOORFORGE
1000
floor:0
1000
preliminary
  0
LINE
  5
156
330
17
100
AcDbEntity
  8
A-WIND
100
AcDbLine
 10
0.0
 20
7675.0
 30
0.0
 11
0.0
 21
8275.0
 31
0.0
1001
FLOORFORGE
1000
floor:0
1000
preliminary
  0
LINE
  5
157
330
17
100
AcDbEntity
  8
A-WIND
100
AcDbLine
 10
230.0
 20
7675.0
 30
0.0
 11
230.0
 21
8275.0
 31
0.0
1001
FLOORFORGE
1000
floor:0
1000
preliminary
  0
LINE
  5
158
330
17
100
AcDbEntity
  8
A-WIND
100
AcDbLine
 10
97.0
 20
7675.0
 30
0.0
 11
97.0
 21
8275.0
 31
0.0
1001
FLOORFORGE
1000
floor:0
1000
preliminary
  0
LINE
  5
159
330
17
100
AcDbEntity
  8
A-WIND
100
AcDbLine
 10
133.0
 20
7675.0
 30
0.0
 11
133.0
 21
8275.0
 31
0.0
1001
FLOORFORGE
1000
floor:0
1000
preliminary
  0
LINE
  5
15A
330
17
100
AcDbEntity
  8
A-WIND
100
AcDbLine
 10
0.0
 20
7675.0
 30
0.0
 11
230.0
 21
7675.0
 31
0.0
1001
FLOORFORGE
1000
floor:0
1000
preliminary
  0
LINE
  5
15B
330
17
100
AcDbEntity
  8
A-WIND
100
AcDbLine
 10
0.0
 20
8275.0
 30
0.0
 11
230.0
 21
8275.0
 31
0.0
1001
FLOORFORGE
1000
floor:0
1000
preliminary
  0
TEXT
  5
15C
330
17
100
AcDbEntity
  8
A-TAGS
100
AcDbText
 10
-380.0
 20
7915.0
 30
0.0
 40
150.0
  1
W2
 72
1
 11
-380.0
 21
7915.0
 31
0.0
100
AcDbText
 73
1
1001
FLOORFORGE
1000
floor:0
1000
preliminary
  0
LINE
  5
15D
330
17
100
AcDbEntity
  8
A-WIND
100
AcDbLine
 10
0.0
 20
9025.0
 30
0.0
 11
0.0
 21
9775.0
 31
0.0
1001
FLOORFORGE
1000
floor:0
1000
preliminary
  0
LINE
  5
15E
330
17
100
AcDbEntity
  8
A-WIND
100
AcDbLine
 10
230.0
 20
9025.0
 30
0.0
 11
230.0
 21
9775.0
 31
0.0
1001
FLOORFORGE
1000
floor:0
1000
preliminary
  0
LINE
  5
15F
330
17
100
AcDbEntity
  8
A-WIND
100
AcDbLine
 10
97.0
 20
9025.0
 30
0.0
 11
97.0
 21
9775.0
 31
0.0
1001
FLOORFORGE
1000
floor:0
1000
preliminary
  0
LINE
  5
160
330
17
100
AcDbEntity
  8
A-WIND
100
AcDbLine
 10
133.0
 20
9025.0
 30
0.0
 11
133.0
 21
9775.0
 31
0.0
1001
FLOORFORGE
1000
floor:0
1000
preliminary
  0
LINE
  5
161
330
17
100
AcDbEntity
  8
A-WIND
100
AcDbLine
 10
0.0
 20
9025.0
 30
0.0
 11
230.0
 21
9025.0
 31
0.0
1001
FLOORFORGE
1000
floor:0
1000
preliminary
  0
LINE
  5
162
330
17
100
AcDbEntity
  8
A-WIND
100
AcDbLine
 10
0.0
 20
9775.0
 30
0.0
 11
230.0
 21
9775.0
 31
0.0
1001
FLOORFORGE
1000
floor:0
1000
preliminary
  0
TEXT
  5
163
330
17
100
AcDbEntity
  8
A-TAGS
100
AcDbText
 10
-380.0
 20
9340.0
 30
0.0
 40
150.0
  1
V1
 72
1
 11
-380.0
 21
9340.0
 31
0.0
100
AcDbText
 73
1
1001
FLOORFORGE
1000
floor:0
1000
preliminary
  0
LINE
  5
164
330
17
100
AcDbEntity
  8
A-WIND
100
AcDbLine
 10
0.0
 20
11831.0
 30
0.0
 11
0.0
 21
13931.0
 31
0.0
1001
FLOORFORGE
1000
floor:0
1000
preliminary
  0
LINE
  5
165
330
17
100
AcDbEntity
  8
A-WIND
100
AcDbLine
 10
230.0
 20
11831.0
 30
0.0
 11
230.0
 21
13931.0
 31
0.0
1001
FLOORFORGE
1000
floor:0
1000
preliminary
  0
LINE
  5
166
330
17
100
AcDbEntity
  8
A-WIND
100
AcDbLine
 10
97.0
 20
11831.0
 30
0.0
 11
97.0
 21
13931.0
 31
0.0
1001
FLOORFORGE
1000
floor:0
1000
preliminary
  0
LINE
  5
167
330
17
100
AcDbEntity
  8
A-WIND
100
AcDbLine
 10
133.0
 20
11831.0
 30
0.0
 11
133.0
 21
13931.0
 31
0.0
1001
FLOORFORGE
1000
floor:0
1000
preliminary
  0
LINE
  5
168
330
17
100
AcDbEntity
  8
A-WIND
100
AcDbLine
 10
0.0
 20
11831.0
 30
0.0
 11
230.0
 21
11831.0
 31
0.0
1001
FLOORFORGE
1000
floor:0
1000
preliminary
  0
LINE
  5
169
330
17
100
AcDbEntity
  8
A-WIND
100
AcDbLine
 10
0.0
 20
13931.0
 30
0.0
 11
230.0
 21
13931.0
 31
0.0
1001
FLOORFORGE
1000
floor:0
1000
preliminary
  0
TEXT
  5
16A
330
17
100
AcDbEntity
  8
A-TAGS
100
AcDbText
 10
-380.0
 20
12821.0
 30
0.0
 40
150.0
  1
W3
 72
1
 11
-380.0
 21
12821.0
 31
0.0
100
AcDbText
 73
1
1001
FLOORFORGE
1000
floor:0
1000
preliminary
  0
LINE
  5
16B
330
17
100
AcDbEntity
  8
A-WIND
100
AcDbLine
 10
900.0
 20
15612.0
 30
0.0
 11
2700.0
 21
15612.0
 31
0.0
1001
FLOORFORGE
1000
floor:0
1000
preliminary
  0
LINE
  5
16C
330
17
100
AcDbEntity
  8
A-WIND
100
AcDbLine
 10
900.0
 20
15382.0
 30
0.0
 11
2700.0
 21
15382.0
 31
0.0
1001
FLOORFORGE
1000
floor:0
1000
preliminary
  0
LINE
  5
16D
330
17
100
AcDbEntity
  8
A-WIND
100
AcDbLine
 10
900.0
 20
15515.0
 30
0.0
 11
2700.0
 21
15515.0
 31
0.0
1001
FLOORFORGE
1000
floor:0
1000
preliminary
  0
LINE
  5
16E
330
17
100
AcDbEntity
  8
A-WIND
100
AcDbLine
 10
900.0
 20
15479.0
 30
0.0
 11
2700.0
 21
15479.0
 31
0.0
1001
FLOORFORGE
1000
floor:0
1000
preliminary
  0
LINE
  5
16F
330
17
100
AcDbEntity
  8
A-WIND
100
AcDbLine
 10
900.0
 20
15612.0
 30
0.0
 11
900.0
 21
15382.0
 31
0.0
1001
FLOORFORGE
1000
floor:0
1000
preliminary
  0
LINE
  5
170
330
17
100
AcDbEntity
  8
A-WIND
100
AcDbLine
 10
2700.0
 20
15612.0
 30
0.0
 11
2700.0
 21
15382.0
 31
0.0
1001
FLOORFORGE
1000
floor:0
1000
preliminary
  0
TEXT
  5
171
330
17
100
AcDbEntity
  8
A-TAGS
100
AcDbText
 10
1800.0
 20
15932.0
 30
0.0
 40
150.0
  1
W4
 72
1
 11
1800.0
 21
15932.0
 31
0.0
100
AcDbText
 73
1
1001
FLOORFORGE
1000
floor:0
1000
preliminary
  0
LINE
  5
172
330
17
100
AcDbEntity
  8
A-DOOR
100
AcDbLine
 10
3200.0
 20
230.0
 30
0.0
 11
3200.0
 21
1430.0
 31
0.0
1001
FLOORFORGE
1000
floor:0
1000
preliminary
  0
LWPOLYLINE
  5
173
330
17
100
AcDbEntity
  8
A-DOOR
100
AcDbPolyline
 90
18
 70
0
 10
4400.0
 20
230.0
 10
4394.881011554042
 20
340.7220313559624
 10
4379.567719620682
 20
450.49942137988444
 10
4354.190771807383
 20
558.3955880864994
 10
4318.966675285227
 20
663.4899994245835
 10
4274.195949626075
 20
764.8860269318459
 10
4220.260562875537
 20
861.7185954528269
 10
4157.620672736288
 20
953.1615636551077
 10
4086.810700664791
 20
1038.4347723758688
 10
4008.4347723758688
 20
1116.810700664791
 10
3923.161563655108
 20
1187.6206727362874
 10
3831.718595452827
 20
1250.2605628755368
 10
3734.886026931846
 20
1304.1959496260747
 10
3633.4899994245834
 20
1348.966675285227
 10
3528.395588086499
 20
1384.1907718073828
 10
3420.4994213798846
 20
1409.567719620682
 10
3310.7220313559624
 20
1424.8810115540414
 10
3200.0
 20
1430.0
1001
FLOORFORGE
1000
floor:0
1000
preliminary
  0
TEXT
  5
174
330
17
100
AcDbEntity
  8
A-TAGS
100
AcDbText
 10
3800.0
 20
-310.0
 30
0.0
 40
150.0
  1
D3
 72
1
 11
3800.0
 21
-310.0
 31
0.0
100
AcDbText
 73
1
1001
FLOORFORGE
1000
floor:0
1000
preliminary
  0
LINE
  5
175
330
17
100
AcDbEntity
  8
A-WIND
100
AcDbLine
 10
6358.0
 20
0.0
 30
0.0
 11
8758.0
 21
0.0
 31
0.0
1001
FLOORFORGE
1000
floor:0
1000
preliminary
  0
LINE
  5
176
330
17
100
AcDbEntity
  8
A-WIND
100
AcDbLine
 10
6358.0
 20
230.0
 30
0.0
 11
8758.0
 21
230.0
 31
0.0
1001
FLOORFORGE
1000
floor:0
1000
preliminary
  0
LINE
  5
177
330
17
100
AcDbEntity
  8
A-WIND
100
AcDbLine
 10
6358.0
 20
97.0
 30
0.0
 11
8758.0
 21
97.0
 31
0.0
1001
FLOORFORGE
1000
floor:0
1000
preliminary
  0
LINE
  5
178
330
17
100
AcDbEntity
  8
A-WIND
100
AcDbLine
 10
6358.0
 20
133.0
 30
0.0
 11
8758.0
 21
133.0
 31
0.0
1001
FLOORFORGE
1000
floor:0
1000
preliminary
  0
LINE
  5
179
330
17
100
AcDbEntity
  8
A-WIND
100
AcDbLine
 10
6358.0
 20
0.0
 30
0.0
 11
6358.0
 21
230.0
 31
0.0
1001
FLOORFORGE
1000
floor:0
1000
preliminary
  0
LINE
  5
17A
330
17
100
AcDbEntity
  8
A-WIND
100
AcDbLine
 10
8758.0
 20
0.0
 30
0.0
 11
8758.0
 21
230.0
 31
0.0
1001
FLOORFORGE
1000
floor:0
1000
preliminary
  0
TEXT
  5
17B
330
17
100
AcDbEntity
  8
A-TAGS
100
AcDbText
 10
7558.0
 20
-440.0
 30
0.0
 40
150.0
  1
W5
 72
1
 11
7558.0
 21
-440.0
 31
0.0
100
AcDbText
 73
1
1001
FLOORFORGE
1000
floor:0
1000
preliminary
  0
LINE
  5
17C
330
17
100
AcDbEntity
  8
A-WIND
100
AcDbLine
 10
3975.0
 20
15612.0
 30
0.0
 11
4725.0
 21
15612.0
 31
0.0
1001
FLOORFORGE
1000
floor:0
1000
preliminary
  0
LINE
  5
17D
330
17
100
AcDbEntity
  8
A-WIND
100
AcDbLine
 10
3975.0
 20
15382.0
 30
0.0
 11
4725.0
 21
15382.0
 31
0.0
1001
FLOORFORGE
1000
floor:0
1000
preliminary
  0
LINE
  5
17E
330
17
100
AcDbEntity
  8
A-WIND
100
AcDbLine
 10
3975.0
 20
15515.0
 30
0.0
 11
4725.0
 21
15515.0
 31
0.0
1001
FLOORFORGE
1000
floor:0
1000
preliminary
  0
LINE
  5
17F
330
17
100
AcDbEntity
  8
A-WIND
100
AcDbLine
 10
3975.0
 20
15479.0
 30
0.0
 11
4725.0
 21
15479.0
 31
0.0
1001
FLOORFORGE
1000
floor:0
1000
preliminary
  0
LINE
  5
180
330
17
100
AcDbEntity
  8
A-WIND
100
AcDbLine
 10
3975.0
 20
15612.0
 30
0.0
 11
3975.0
 21
15382.0
 31
0.0
1001
FLOORFORGE
1000
floor:0
1000
preliminary
  0
LINE
  5
181
330
17
100
AcDbEntity
  8
A-WIND
100
AcDbLine
 10
4725.0
 20
15612.0
 30
0.0
 11
4725.0
 21
15382.0
 31
0.0
1001
FLOORFORGE
1000
floor:0
1000
preliminary
  0
TEXT
  5
182
330
17
100
AcDbEntity
  8
A-TAGS
100
AcDbText
 10
4350.0
 20
15932.0
 30
0.0
 40
150.0
  1
V1
 72
1
 11
4350.0
 21
15932.0
 31
0.0
100
AcDbText
 73
1
1001
FLOORFORGE
1000
floor:0
1000
preliminary
  0
LINE
  5
183
330
17
100
AcDbEntity
  8
A-WIND
100
AcDbLine
 10
5958.0
 20
15612.0
 30
0.0
 11
7758.0
 21
15612.0
 31
0.0
1001
FLOORFORGE
1000
floor:0
1000
preliminary
  0
LINE
  5
184
330
17
100
AcDbEntity
  8
A-WIND
100
AcDbLine
 10
5958.0
 20
15382.0
 30
0.0
 11
7758.0
 21
15382.0
 31
0.0
1001
FLOORFORGE
1000
floor:0
1000
preliminary
  0
LINE
  5
185
330
17
100
AcDbEntity
  8
A-WIND
100
AcDbLine
 10
5958.0
 20
15515.0
 30
0.0
 11
7758.0
 21
15515.0
 31
0.0
1001
FLOORFORGE
1000
floor:0
1000
preliminary
  0
LINE
  5
186
330
17
100
AcDbEntity
  8
A-WIND
100
AcDbLine
 10
5958.0
 20
15479.0
 30
0.0
 11
7758.0
 21
15479.0
 31
0.0
1001
FLOORFORGE
1000
floor:0
1000
preliminary
  0
LINE
  5
187
330
17
100
AcDbEntity
  8
A-WIND
100
AcDbLine
 10
5958.0
 20
15612.0
 30
0.0
 11
5958.0
 21
15382.0
 31
0.0
1001
FLOORFORGE
1000
floor:0
1000
preliminary
  0
LINE
  5
188
330
17
100
AcDbEntity
  8
A-WIND
100
AcDbLine
 10
7758.0
 20
15612.0
 30
0.0
 11
7758.0
 21
15382.0
 31
0.0
1001
FLOORFORGE
1000
floor:0
1000
preliminary
  0
TEXT
  5
189
330
17
100
AcDbEntity
  8
A-TAGS
100
AcDbText
 10
6858.0
 20
15932.0
 30
0.0
 40
150.0
  1
W4
 72
1
 11
6858.0
 21
15932.0
 31
0.0
100
AcDbText
 73
1
1001
FLOORFORGE
1000
floor:0
1000
preliminary
  0
LINE
  5
18A
330
17
100
AcDbEntity
  8
A-WIND
100
AcDbLine
 10
9216.0
 20
15612.0
 30
0.0
 11
10116.0
 21
15612.0
 31
0.0
1001
FLOORFORGE
1000
floor:0
1000
preliminary
  0
LINE
  5
18B
330
17
100
AcDbEntity
  8
A-WIND
100
AcDbLine
 10
9216.0
 20
15382.0
 30
0.0
 11
10116.0
 21
15382.0
 31
0.0
1001
FLOORFORGE
1000
floor:0
1000
preliminary
  0
LINE
  5
18C
330
17
100
AcDbEntity
  8
A-WIND
100
AcDbLine
 10
9216.0
 20
15515.0
 30
0.0
 11
10116.0
 21
15515.0
 31
0.0
1001
FLOORFORGE
1000
floor:0
1000
preliminary
  0
LINE
  5
18D
330
17
100
AcDbEntity
  8
A-WIND
100
AcDbLine
 10
9216.0
 20
15479.0
 30
0.0
 11
10116.0
 21
15479.0
 31
0.0
1001
FLOORFORGE
1000
floor:0
1000
preliminary
  0
LINE
  5
18E
330
17
100
AcDbEntity
  8
A-WIND
100
AcDbLine
 10
9216.0
 20
15612.0
 30
0.0
 11
9216.0
 21
15382.0
 31
0.0
1001
FLOORFORGE
1000
floor:0
1000
preliminary
  0
LINE
  5
18F
330
17
100
AcDbEntity
  8
A-WIND
100
AcDbLine
 10
10116.0
 20
15612.0
 30
0.0
 11
10116.0
 21
15382.0
 31
0.0
1001
FLOORFORGE
1000
floor:0
1000
preliminary
  0
TEXT
  5
190
330
17
100
AcDbEntity
  8
A-TAGS
100
AcDbText
 10
9666.0
 20
15932.0
 30
0.0
 40
150.0
  1
W6
 72
1
 11
9666.0
 21
15932.0
 31
0.0
100
AcDbText
 73
1
1001
FLOORFORGE
1000
floor:0
1000
preliminary
  0
LINE
  5
191
330
17
100
AcDbEntity
  8
A-WIND
100
AcDbLine
 10
10716.0
 20
1175.0
 30
0.0
 11
10716.0
 21
3275.0
 31
0.0
1001
FLOORFORGE
1000
floor:0
1000
preliminary
  0
LINE
  5
192
330
17
100
AcDbEntity
  8
A-WIND
100
AcDbLine
 10
10486.0
 20
1175.0
 30
0.0
 11
10486.0
 21
3275.0
 31
0.0
1001
FLOORFORGE
1000
floor:0
1000
preliminary
  0
LINE
  5
193
330
17
100
AcDbEntity
  8
A-WIND
100
AcDbLine
 10
10619.0
 20
1175.0
 30
0.0
 11
10619.0
 21
3275.0
 31
0.0
1001
FLOORFORGE
1000
floor:0
1000
preliminary
  0
LINE
  5
194
330
17
100
AcDbEntity
  8
A-WIND
100
AcDbLine
 10
10583.0
 20
1175.0
 30
0.0
 11
10583.0
 21
3275.0
 31
0.0
1001
FLOORFORGE
1000
floor:0
1000
preliminary
  0
LINE
  5
195
330
17
100
AcDbEntity
  8
A-WIND
100
AcDbLine
 10
10716.0
 20
1175.0
 30
0.0
 11
10486.0
 21
1175.0
 31
0.0
1001
FLOORFORGE
1000
floor:0
1000
preliminary
  0
LINE
  5
196
330
17
100
AcDbEntity
  8
A-WIND
100
AcDbLine
 10
10716.0
 20
3275.0
 30
0.0
 11
10486.0
 21
3275.0
 31
0.0
1001
FLOORFORGE
1000
floor:0
1000
preliminary
  0
TEXT
  5
197
330
17
100
AcDbEntity
  8
A-TAGS
100
AcDbText
 10
11096.0
 20
2165.0
 30
0.0
 40
150.0
  1
W7
 72
1
 11
11096.0
 21
2165.0
 31
0.0
100
AcDbText
 73
1
1001
FLOORFORGE
1000
floor:0
1000
preliminary
  0
LINE
  5
198
330
17
100
AcDbEntity
  8
A-WIND
100
AcDbLine
 10
10716.0
 20
7150.0
 30
0.0
 11
10716.0
 21
7750.0
 31
0.0
1001
FLOORFORGE
1000
floor:0
1000
preliminary
  0
LINE
  5
199
330
17
100
AcDbEntity
  8
A-WIND
100
AcDbLine
 10
10486.0
 20
7150.0
 30
0.0
 11
10486.0
 21
7750.0
 31
0.0
1001
FLOORFORGE
1000
floor:0
1000
preliminary
  0
LINE
  5
19A
330
17
100
AcDbEntity
  8
A-WIND
100
AcDbLine
 10
10619.0
 20
7150.0
 30
0.0
 11
10619.0
 21
7750.0
 31
0.0
1001
FLOORFORGE
1000
floor:0
1000
preliminary
  0
LINE
  5
19B
330
17
100
AcDbEntity
  8
A-WIND
100
AcDbLine
 10
10583.0
 20
7150.0
 30
0.0
 11
10583.0
 21
7750.0
 31
0.0
1001
FLOORFORGE
1000
floor:0
1000
preliminary
  0
LINE
  5
19C
330
17
100
AcDbEntity
  8
A-WIND
100
AcDbLine
 10
10716.0
 20
7150.0
 30
0.0
 11
10486.0
 21
7150.0
 31
0.0
1001
FLOORFORGE
1000
floor:0
1000
preliminary
  0
LINE
  5
19D
330
17
100
AcDbEntity
  8
A-WIND
100
AcDbLine
 10
10716.0
 20
7750.0
 30
0.0
 11
10486.0
 21
7750.0
 31
0.0
1001
FLOORFORGE
1000
floor:0
1000
preliminary
  0
TEXT
  5
19E
330
17
100
AcDbEntity
  8
A-TAGS
100
AcDbText
 10
11096.0
 20
7390.0
 30
0.0
 40
150.0
  1
V2
 72
1
 11
11096.0
 21
7390.0
 31
0.0
100
AcDbText
 73
1
1001
FLOORFORGE
1000
floor:0
1000
preliminary
  0
LINE
  5
19F
330
17
100
AcDbEntity
  8
A-WIND
100
AcDbLine
 10
10716.0
 20
9300.0
 30
0.0
 11
10716.0
 21
10800.0
 31
0.0
1001
FLOORFORGE
1000
floor:0
1000
preliminary
  0
LINE
  5
1A0
330
17
100
AcDbEntity
  8
A-WIND
100
AcDbLine
 10
10486.0
 20
9300.0
 30
0.0
 11
10486.0
 21
10800.0
 31
0.0
1001
FLOORFORGE
1000
floor:0
1000
preliminary
  0
LINE
  5
1A1
330
17
100
AcDbEntity
  8
A-WIND
100
AcDbLine
 10
10619.0
 20
9300.0
 30
0.0
 11
10619.0
 21
10800.0
 31
0.0
1001
FLOORFORGE
1000
floor:0
1000
preliminary
  0
LINE
  5
1A2
330
17
100
AcDbEntity
  8
A-WIND
100
AcDbLine
 10
10583.0
 20
9300.0
 30
0.0
 11
10583.0
 21
10800.0
 31
0.0
1001
FLOORFORGE
1000
floor:0
1000
preliminary
  0
LINE
  5
1A3
330
17
100
AcDbEntity
  8
A-WIND
100
AcDbLine
 10
10716.0
 20
9300.0
 30
0.0
 11
10486.0
 21
9300.0
 31
0.0
1001
FLOORFORGE
1000
floor:0
1000
preliminary
  0
LINE
  5
1A4
330
17
100
AcDbEntity
  8
A-WIND
100
AcDbLine
 10
10716.0
 20
10800.0
 30
0.0
 11
10486.0
 21
10800.0
 31
0.0
1001
FLOORFORGE
1000
floor:0
1000
preliminary
  0
TEXT
  5
1A5
330
17
100
AcDbEntity
  8
A-TAGS
100
AcDbText
 10
11096.0
 20
9990.0
 30
0.0
 40
150.0
  1
W8
 72
1
 11
11096.0
 21
9990.0
 31
0.0
100
AcDbText
 73
1
1001
FLOORFORGE
1000
floor:0
1000
preliminary
  0
LINE
  5
1A6
330
17
100
AcDbEntity
  8
A-WIND
100
AcDbLine
 10
10716.0
 20
11975.0
 30
0.0
 11
10716.0
 21
12875.0
 31
0.0
1001
FLOORFORGE
1000
floor:0
1000
preliminary
  0
LINE
  5
1A7
330
17
100
AcDbEntity
  8
A-WIND
100
AcDbLine
 10
10486.0
 20
11975.0
 30
0.0
 11
10486.0
 21
12875.0
 31
0.0
1001
FLOORFORGE
1000
floor:0
1000
preliminary
  0
LINE
  5
1A8
330
17
100
AcDbEntity
  8
A-WIND
100
AcDbLine
 10
10619.0
 20
11975.0
 30
0.0
 11
10619.0
 21
12875.0
 31
0.0
1001
FLOORFORGE
1000
floor:0
1000
preliminary
  0
LINE
  5
1A9
330
17
100
AcDbEntity
  8
A-WIND
100
AcDbLine
 10
10583.0
 20
11975.0
 30
0.0
 11
10583.0
 21
12875.0
 31
0.0
1001
FLOORFORGE
1000
floor:0
1000
preliminary
  0
LINE
  5
1AA
330
17
100
AcDbEntity
  8
A-WIND
100
AcDbLine
 10
10716.0
 20
11975.0
 30
0.0
 11
10486.0
 21
11975.0
 31
0.0
1001
FLOORFORGE
1000
floor:0
1000
preliminary
  0
LINE
  5
1AB
330
17
100
AcDbEntity
  8
A-WIND
100
AcDbLine
 10
10716.0
 20
12875.0
 30
0.0
 11
10486.0
 21
12875.0
 31
0.0
1001
FLOORFORGE
1000
floor:0
1000
preliminary
  0
TEXT
  5
1AC
330
17
100
AcDbEntity
  8
A-TAGS
100
AcDbText
 10
11096.0
 20
12365.0
 30
0.0
 40
150.0
  1
V3
 72
1
 11
11096.0
 21
12365.0
 31
0.0
100
AcDbText
 73
1
1001
FLOORFORGE
1000
floor:0
1000
preliminary
  0
LINE
  5
1AD
330
17
100
AcDbEntity
  8
A-WIND
100
AcDbLine
 10
10716.0
 20
14056.0
 30
0.0
 11
10716.0
 21
14956.0
 31
0.0
1001
FLOORFORGE
1000
floor:0
1000
preliminary
  0
LINE
  5
1AE
330
17
100
AcDbEntity
  8
A-WIND
100
AcDbLine
 10
10486.0
 20
14056.0
 30
0.0
 11
10486.0
 21
14956.0
 31
0.0
1001
FLOORFORGE
1000
floor:0
1000
preliminary
  0
LINE
  5
1AF
330
17
100
AcDbEntity
  8
A-WIND
100
AcDbLine
 10
10619.0
 20
14056.0
 30
0.0
 11
10619.0
 21
14956.0
 31
0.0
1001
FLOORFORGE
1000
floor:0
1000
preliminary
  0
LINE
  5
1B0
330
17
100
AcDbEntity
  8
A-WIND
100
AcDbLine
 10
10583.0
 20
14056.0
 30
0.0
 11
10583.0
 21
14956.0
 31
0.0
1001
FLOORFORGE
1000
floor:0
1000
preliminary
  0
LINE
  5
1B1
330
17
100
AcDbEntity
  8
A-WIND
100
AcDbLine
 10
10716.0
 20
14056.0
 30
0.0
 11
10486.0
 21
14056.0
 31
0.0
1001
FLOORFORGE
1000
floor:0
1000
preliminary
  0
LINE
  5
1B2
330
17
100
AcDbEntity
  8
A-WIND
100
AcDbLine
 10
10716.0
 20
14956.0
 30
0.0
 11
10486.0
 21
14956.0
 31
0.0
1001
FLOORFORGE
1000
floor:0
1000
preliminary
  0
TEXT
  5
1B3
330
17
100
AcDbEntity
  8
A-TAGS
100
AcDbText
 10
11096.0
 20
14446.0
 30
0.0
 40
150.0
  1
W6
 72
1
 11
11096.0
 21
14446.0
 31
0.0
100
AcDbText
 73
1
1001
FLOORFORGE
1000
floor:0
1000
preliminary
  0
LINE
  5
1B4
330
17
100
AcDbEntity
  8
A-STAIR
100
AcDbLine
 10
250.0
 20
1300.0
 30
0.0
 11
1250.0
 21
1300.0
 31
0.0
1001
FLOORFORGE
1000
floor:0
1000
preliminary
  0
LINE
  5
1B5
330
17
100
AcDbEntity
  8
A-STAIR
100
AcDbLine
 10
1450.0
 20
1300.0
 30
0.0
 11
2450.0
 21
1300.0
 31
0.0
1001
FLOORFORGE
1000
floor:0
1000
preliminary
  0
LINE
  5
1B6
330
17
100
AcDbEntity
  8
A-STAIR
100
AcDbLine
 10
250.0
 20
1550.0
 30
0.0
 11
1250.0
 21
1550.0
 31
0.0
1001
FLOORFORGE
1000
floor:0
1000
preliminary
  0
LINE
  5
1B7
330
17
100
AcDbEntity
  8
A-STAIR
100
AcDbLine
 10
1450.0
 20
1550.0
 30
0.0
 11
2450.0
 21
1550.0
 31
0.0
1001
FLOORFORGE
1000
floor:0
1000
preliminary
  0
LINE
  5
1B8
330
17
100
AcDbEntity
  8
A-STAIR
100
AcDbLine
 10
250.0
 20
1800.0
 30
0.0
 11
1250.0
 21
1800.0
 31
0.0
1001
FLOORFORGE
1000
floor:0
1000
preliminary
  0
LINE
  5
1B9
330
17
100
AcDbEntity
  8
A-STAIR
100
AcDbLine
 10
1450.0
 20
1800.0
 30
0.0
 11
2450.0
 21
1800.0
 31
0.0
1001
FLOORFORGE
1000
floor:0
1000
preliminary
  0
LINE
  5
1BA
330
17
100
AcDbEntity
  8
A-STAIR
100
AcDbLine
 10
250.0
 20
2050.0
 30
0.0
 11
1250.0
 21
2050.0
 31
0.0
1001
FLOORFORGE
1000
floor:0
1000
preliminary
  0
LINE
  5
1BB
330
17
100
AcDbEntity
  8
A-STAIR
100
AcDbLine
 10
1450.0
 20
2050.0
 30
0.0
 11
2450.0
 21
2050.0
 31
0.0
1001
FLOORFORGE
1000
floor:0
1000
preliminary
  0
LINE
  5
1BC
330
17
100
AcDbEntity
  8
A-STAIR
100
AcDbLine
 10
250.0
 20
2300.0
 30
0.0
 11
1250.0
 21
2300.0
 31
0.0
1001
FLOORFORGE
1000
floor:0
1000
preliminary
  0
LINE
  5
1BD
330
17
100
AcDbEntity
  8
A-STAIR
100
AcDbLine
 10
1450.0
 20
2300.0
 30
0.0
 11
2450.0
 21
2300.0
 31
0.0
1001
FLOORFORGE
1000
floor:0
1000
preliminary
  0
LINE
  5
1BE
330
17
100
AcDbEntity
  8
A-STAIR
100
AcDbLine
 10
250.0
 20
2550.0
 30
0.0
 11
1250.0
 21
2550.0
 31
0.0
1001
FLOORFORGE
1000
floor:0
1000
preliminary
  0
LINE
  5
1BF
330
17
100
AcDbEntity
  8
A-STAIR
100
AcDbLine
 10
1450.0
 20
2550.0
 30
0.0
 11
2450.0
 21
2550.0
 31
0.0
1001
FLOORFORGE
1000
floor:0
1000
preliminary
  0
LINE
  5
1C0
330
17
100
AcDbEntity
  8
A-STAIR
100
AcDbLine
 10
250.0
 20
2800.0
 30
0.0
 11
1250.0
 21
2800.0
 31
0.0
1001
FLOORFORGE
1000
floor:0
1000
preliminary
  0
LINE
  5
1C1
330
17
100
AcDbEntity
  8
A-STAIR
100
AcDbLine
 10
1450.0
 20
2800.0
 30
0.0
 11
2450.0
 21
2800.0
 31
0.0
1001
FLOORFORGE
1000
floor:0
1000
preliminary
  0
LINE
  5
1C2
330
17
100
AcDbEntity
  8
A-STAIR
100
AcDbLine
 10
250.0
 20
3050.0
 30
0.0
 11
1250.0
 21
3050.0
 31
0.0
1001
FLOORFORGE
1000
floor:0
1000
preliminary
  0
LINE
  5
1C3
330
17
100
AcDbEntity
  8
A-STAIR
100
AcDbLine
 10
1450.0
 20
3050.0
 30
0.0
 11
2450.0
 21
3050.0
 31
0.0
1001
FLOORFORGE
1000
floor:0
1000
preliminary
  0
LINE
  5
1C4
330
17
100
AcDbEntity
  8
A-STAIR
100
AcDbLine
 10
250.0
 20
3300.0
 30
0.0
 11
1250.0
 21
3300.0
 31
0.0
1001
FLOORFORGE
1000
floor:0
1000
preliminary
  0
LINE
  5
1C5
330
17
100
AcDbEntity
  8
A-STAIR
100
AcDbLine
 10
1450.0
 20
3300.0
 30
0.0
 11
2450.0
 21
3300.0
 31
0.0
1001
FLOORFORGE
1000
floor:0
1000
preliminary
  0
LWPOLYLINE
  5
1C6
330
17
100
AcDbEntity
  8
A-STAIR
100
AcDbPolyline
 90
4
 70
0
 10
750.0
 20
1300.0
 10
750.0
 20
3825.0
 10
1950.0
 20
3825.0
 10
1950.0
 20
1300.0
1001
FLOORFORGE
1000
floor:0
1000
preliminary
  0
LWPOLYLINE
  5
1C7
330
17
100
AcDbEntity
  8
A-STAIR
100
AcDbPolyline
 90
3
 70
1
 10
1880.0
 20
1440.0
 10
2020.0
 20
1440.0
 10
1950.0
 20
1300.0
1001
FLOORFORGE
1000
floor:0
1000
preliminary
  0
HATCH
  5
1C8
330
17
100
AcDbEntity
  8
A-STAIR
 62
7
100
AcDbHatch
 10
0.0
 20
0.0
 30
0.0
210
0.0
220
0.0
230
1.0
  2
SOLID
 70
1
 71
0
 91
1
 92
3
 72
0
 73
1
 93
3
 10
1880.0
 20
1440.0
 10
2020.0
 20
1440.0
 10
1950.0
 20
1300.0
 97
0
 75
0
 76
1
 98
0
  0
TEXT
  5
1C9
330
17
100
AcDbEntity
  8
A-STAIR
100
AcDbText
 10
750.0
 20
1040.0
 30
0.0
 40
170.0
  1
UP
 72
1
 11
750.0
 21
1040.0
 31
0.0
100
AcDbText
 73
1
1001
FLOORFORGE
1000
floor:0
1000
preliminary
  0
TEXT
  5
1CA
330
17
100
AcDbEntity
  8
A-STAIR
100
AcDbText
 10
1350.0
 20
550.0
 30
0.0
 40
140.0
  1
18R @ 175 / T 250
 72
1
 11
1350.0
 21
550.0
 31
0.0
100
AcDbText
 73
1
1001
FLOORFORGE
1000
floor:0
1000
preliminary
  0
LWPOLYLINE
  5
1CB
330
17
100
AcDbEntity
  8
A-FURN
100
AcDbPolyline
 90
4
 70
1
 10
6285.999999999997
 20
430.00000000000006
 10
6285.999999999997
 20
1410.0
 10
4485.999999999996
 20
1410.0
 10
4485.999999999996
 20
430.00000000000006
1001
FLOORFORGE
1000
floor:0
1000
preliminary
  0
LWPOLYLINE
  5
1CC
330
17
100
AcDbEntity
  8
A-FURN
100
AcDbPolyline
 90
4
 70
1
 10
5935.999999999996
 20
1755.0
 10
5935.999999999996
 20
2505.0
 10
4835.999999999996
 20
2505.0
 10
4835.999999999996
 20
1755.0
1001
FLOORFORGE
1000
floor:0
1000
preliminary
  0
LWPOLYLINE
  5
1CD
330
17
100
AcDbEntity
  8
A-FURN
100
AcDbPolyline
 90
4
 70
1
 10
6665.999999999996
 20
750.0
 10
6665.999999999996
 20
1110.0
 10
6305.999999999996
 20
1110.0
 10
6305.999999999996
 20
750.0
1001
FLOORFORGE
1000
floor:0
1000
preliminary
  0
LWPOLYLINE
  5
1CE
330
17
100
AcDbEntity
  8
A-FURN
100
AcDbPolyline
 90
4
 70
1
 10
7385.999999999996
 20
1780.0
 10
7385.999999999996
 20
2480.0
 10
6685.999999999996
 20
2480.0
 10
6685.999999999996
 20
1780.0
1001
FLOORFORGE
1000
floor:0
1000
preliminary
  0
LWPOLYLINE
  5
1CF
330
17
100
AcDbEntity
  8
A-FURN
100
AcDbPolyline
 90
4
 70
1
 10
3514.9999999999995
 20
4530.0
 10
3514.9999999999995
 20
5185.000000000001
 10
254.99999999999966
 20
5185.000000000001
 10
254.99999999999966
 20
4530.0
1001
FLOORFORGE
1000
floor:0
1000
preliminary
  0
LWPOLYLINE
  5
1D0
330
17
100
AcDbEntity
  8
A-FURN
100
AcDbPolyline
 90
4
 70
1
 10
850.0
 20
7375.0
 10
850.0
 20
8575.0
 10
250.0
 20
8575.0
 10
250.0
 20
7375.0
1001
FLOORFORGE
1000
floor:0
1000
preliminary
  0
LWPOLYLINE
  5
1D1
330
17
100
AcDbEntity
  8
A-FURN
100
AcDbPolyline
 90
4
 70
1
 10
7024.999999999996
 20
5579.999999999997
 10
7024.999999999996
 20
7419.999999999997
 10
5024.999999999996
 20
7419.999999999997
 10
5024.999999999996
 20
5579.999999999997
1001
FLOORFORGE
1000
floor:0
1000
preliminary
  0
LWPOLYLINE
  5
1D2
330
17
100
AcDbEntity
  8
A-FURN
100
AcDbPolyline
 90
4
 70
1
 10
10466.000000000002
 20
4775.0
 10
10466.000000000002
 20
5975.0
 10
10016.0
 20
5975.0
 10
10016.0
 20
4775.0
1001
FLOORFORGE
1000
floor:0
1000
preliminary
  0
LWPOLYLINE
  5
1D3
330
17
100
AcDbEntity
  8
A-FURN
100
AcDbPolyline
 90
4
 70
1
 10
10275.0
 20
8125.0
 10
10275.0
 20
8575.0
 10
8475.0
 20
8575.0
 10
8475.0
 20
8125.0
1001
FLOORFORGE
1000
floor:0
1000
preliminary
  0
LWPOLYLINE
  5
1D4
330
17
100
AcDbEntity
  8
A-FURN
100
AcDbPolyline
 90
4
 70
1
 10
10486.0
 20
6325.0
 10
10486.0
 20
6775.0
 10
8686.0
 20
6775.0
 10
8686.0
 20
6325.0
1001
FLOORFORGE
1000
floor:0
1000
preliminary
  0
LWPOLYLINE
  5
1D5
330
17
100
AcDbEntity
  8
A-FURN
100
AcDbPolyline
 90
4
 70
1
 10
1809.9999999999998
 20
9334.999999999998
 10
1809.9999999999998
 20
10055.0
 10
1349.9999999999998
 20
10055.0
 10
1349.9999999999998
 20
9334.999999999998
1001
FLOORFORGE
1000
floor:0
1000
preliminary
  0
LWPOLYLINE
  5
1D6
330
17
100
AcDbEntity
  8
A-FURN
100
AcDbPolyline
 90
4
 70
1
 10
2879.9999999999995
 20
9555.0
 10
2879.9999999999995
 20
10055.0
 10
2079.9999999999995
 20
10055.0
 10
2079.9999999999995
 20
9555.0
1001
FLOORFORGE
1000
floor:0
1000
preliminary
  0
LWPOLYLINE
  5
1D7
330
17
100
AcDbEntity
  8
A-FURN
100
AcDbPolyline
 90
4
 70
1
 10
2025.0000000000005
 20
10245.0
 10
2025.0000000000005
 20
12415.0
 10
325.00000000000017
 20
12415.0
 10
325.00000000000017
 20
10245.0
1001
FLOORFORGE
1000
floor:0
1000
preliminary
  0
LWPOLYLINE
  5
1D8
330
17
100
AcDbEntity
  8
A-FURN
100
AcDbPolyline
 90
4
 70
1
 10
3525.0
 20
11282.0
 10
3525.0
 20
13681.999999999998
 10
2925.0
 20
13681.999999999998
 10
2925.0
 20
11282.0
1001
FLOORFORGE
1000
floor:0
1000
preliminary
  0
LWPOLYLINE
  5
1D9
330
17
100
AcDbEntity
  8
A-FURN
100
AcDbPolyline
 90
4
 70
1
 10
4855.0
 20
14642.0
 10
4855.0
 20
15362.0
 10
4395.0
 20
15362.0
 10
4395.0
 20
14642.0
1001
FLOORFORGE
1000
floor:0
1000
preliminary
  0
LWPOLYLINE
  5
1DA
330
17
100
AcDbEntity
  8
A-FURN
100
AcDbPolyline
 90
4
 70
1
 10
5005.000000000001
 20
13682.0
 10
5005.000000000001
 20
14482.000000000002
 10
4505.000000000001
 20
14482.000000000002
 10
4505.000000000001
 20
13682.0
1001
FLOORFORGE
1000
floor:0
1000
preliminary
  0
LWPOLYLINE
  5
1DB
330
17
100
AcDbEntity
  8
A-FURN
100
AcDbPolyline
 90
4
 70
1
 10
10466.000000000002
 20
9274.999999999998
 10
10466.000000000002
 20
10875.0
 10
9236.0
 20
10875.0
 10
9236.0
 20
9274.999999999998
1001
FLOORFORGE
1000
floor:0
1000
preliminary
  0
LWPOLYLINE
  5
1DC
330
17
100
AcDbEntity
  8
A-FURN
100
AcDbPolyline
 90
4
 70
1
 10
8475.0
 20
11025.0
 10
8475.0
 20
11375.0
 10
7274.999999999999
 20
11375.0
 10
7274.999999999999
 20
11025.0
1001
FLOORFORGE
1000
floor:0
1000
preliminary
  0
LWPOLYLINE
  5
1DD
330
17
100
AcDbEntity
  8
A-FURN
100
AcDbPolyline
 90
4
 70
1
 10
7365.0
 20
13145.000000000002
 10
7365.0
 20
14845.0
 10
5194.999999999999
 20
14845.0
 10
5194.999999999999
 20
13145.000000000002
1001
FLOORFORGE
1000
floor:0
1000
preliminary
  0
LWPOLYLINE
  5
1DE
330
17
100
AcDbEntity
  8
A-FURN
100
AcDbPolyline
 90
4
 70
1
 10
7440.999999999999
 20
11545.0
 10
7440.999999999999
 20
12025.0
 10
6241.0
 20
12025.0
 10
6241.0
 20
11545.0
1001
FLOORFORGE
1000
floor:0
1000
preliminary
  0
LWPOLYLINE
  5
1DF
330
17
100
AcDbEntity
  8
A-FURN
100
AcDbPolyline
 90
4
 70
1
 10
10266.000000000002
 20
11545.0
 10
10266.000000000002
 20
12265.0
 10
9806.000000000002
 20
12265.0
 10
9806.000000000002
 20
11545.0
1001
FLOORFORGE
1000
floor:0
1000
preliminary
  0
LWPOLYLINE
  5
1E0
330
17
100
AcDbEntity
  8
A-FURN
100
AcDbPolyline
 90
4
 70
1
 10
10466.000000000002
 20
12274.999999999998
 10
10466.000000000002
 20
13274.999999999998
 10
9966.000000000002
 20
13274.999999999998
 10
9966.000000000002
 20
12274.999999999998
1001
FLOORFORGE
1000
floor:0
1000
preliminary
  0
LWPOLYLINE
  5
1E1
330
17
100
AcDbEntity
  8
A-EXT
100
AcDbPolyline
 90
4
 70
1
 10
1100.0
 20
-2400.0
 10
6500.0
 20
-2400.0
 10
6500.0
 20
0.0
 10
1100.0
 20
0.0
1001
FLOORFORGE
1000
floor:0
1000
preliminary
  0
TEXT
  5
1E2
330
17
100
AcDbEntity
  8
A-EXT
100
AcDbText
 10
3800.0
 20
-2280.0
 30
0.0
 40
130.0
  1
PORCH
 72
1
 11
3800.0
 21
-2280.0
 31
0.0
100
AcDbText
 73
1
1001
FLOORFORGE
1000
floor:0
1000
preliminary
  0
LWPOLYLINE
  5
1E3
330
17
100
AcDbEntity
  8
A-EXT
100
AcDbPolyline
 90
4
 70
1
 10
1100.0
 20
-2400.0
 10
6500.0
 20
-2400.0
 10
6500.0
 20
0.0
 10
1100.0
 20
0.0
1001
FLOORFORGE
1000
floor:0
1000
preliminary
  0
TEXT
  5
1E4
330
17
100
AcDbEntity
  8
A-EXT
100
AcDbText
 10
3800.0
 20
-2280.0
 30
0.0
 40
130.0
  1
PERGOLA
 72
1
 11
3800.0
 21
-2280.0
 31
0.0
100
AcDbText
 73
1
1001
FLOORFORGE
1000
floor:0
1000
preliminary
  0
LWPOLYLINE
  5
1E5
330
17
100
AcDbEntity
  8
A-EXT
100
AcDbPolyline
 90
4
 70
1
 10
1100.0
 20
-2150.0
 10
1190.0
 20
-2150.0
 10
1190.0
 20
-350.0
 10
1100.0
 20
-350.0
1001
FLOORFORGE
1000
floor:0
1000
preliminary
  0
TEXT
  5
1E6
330
17
100
AcDbEntity
  8
A-EXT
100
AcDbText
 10
1145.0
 20
-2030.0
 30
0.0
 40
130.0
  1
SCREEN
 72
1
 11
1145.0
 21
-2030.0
 31
0.0
100
AcDbText
 73
1
1001
FLOORFORGE
1000
floor:0
1000
preliminary
  0
TEXT
  5
1E7
330
17
100
AcDbEntity
  8
A-ANNO
100
AcDbText
 10
1365.0
 20
2302.0
 30
0.0
 40
220.0
  1
STAIR
 72
1
 11
1365.0
 21
2302.0
 31
0.0
100
AcDbText
 73
1
1001
FLOORFORGE
1000
floor:0
1000
preliminary
  0
TEXT
  5
1E8
330
17
100
AcDbEntity
  8
A-ANNO
100
AcDbText
 10
6493.0
 20
2417.0
 30
0.0
 40
220.0
  1
LIVING
 72
1
 11
6493.0
 21
2417.0
 31
0.0
100
AcDbText
 73
1
1001
FLOORFORGE
1000
floor:0
1000
preliminary
  0
TEXT
  5
1E9
330
17
100
AcDbEntity
  8
A-ANNO
100
AcDbText
 10
6493.0
 20
2137.5
 30
0.0
 40
150.0
  1
7.99 x 4.14*
 72
1
 11
6493.0
 21
2137.5
 31
0.0
100
AcDbText
 73
1
1001
FLOORFORGE
1000
floor:0
1000
preliminary
  0
TEXT
  5
1EA
330
17
100
AcDbEntity
  8
A-ANNO
100
AcDbText
 10
6493.0
 20
1927.5
 30
0.0
 40
150.0
  1
33.5 m2
 72
1
 11
6493.0
 21
1927.5
 31
0.0
100
AcDbText
 73
1
1001
FLOORFORGE
1000
floor:0
1000
preliminary
  0
TEXT
  5
1EB
330
17
100
AcDbEntity
  8
A-ANNO
100
AcDbText
 10
1877.5
 20
5952.0
 30
0.0
 40
220.0
  1
KITCHEN
 72
1
 11
1877.5
 21
5952.0
 31
0.0
100
AcDbText
 73
1
1001
FLOORFORGE
1000
floor:0
1000
preliminary
  0
TEXT
  5
1EC
330
17
100
AcDbEntity
  8
A-ANNO
100
AcDbText
 10
1877.5
 20
5672.5
 30
0.0
 40
150.0
  1
3.29 x 2.70
 72
1
 11
1877.5
 21
5672.5
 31
0.0
100
AcDbText
 73
1
1001
FLOORFORGE
1000
floor:0
1000
preliminary
  0
TEXT
  5
1ED
330
17
100
AcDbEntity
  8
A-ANNO
100
AcDbText
 10
1877.5
 20
5462.5
 30
0.0
 40
150.0
  1
8.9 m2
 72
1
 11
1877.5
 21
5462.5
 31
0.0
100
AcDbText
 73
1
1001
FLOORFORGE
1000
floor:0
1000
preliminary
  0
TEXT
  5
1EE
330
17
100
AcDbEntity
  8
A-ANNO
100
AcDbText
 10
1877.5
 20
8034.5
 30
0.0
 40
170.0
  1
UTILITY
 72
1
 11
1877.5
 21
8034.5
 31
0.0
100
AcDbText
 73
1
1001
FLOORFORGE
1000
floor:0
1000
preliminary
  0
TEXT
  5
1EF
330
17
100
AcDbEntity
  8
A-ANNO
100
AcDbText
 10
1877.5
 20
7799.5
 30
0.0
 40
130.0
  1
3.29 x 1.20
 72
1
 11
1877.5
 21
7799.5
 31
0.0
100
AcDbText
 73
1
1001
FLOORFORGE
1000
floor:0
1000
preliminary
  0
TEXT
  5
1F0
330
17
100
AcDbEntity
  8
A-ANNO
100
AcDbText
 10
1877.5
 20
7617.5
 30
0.0
 40
130.0
  1
4.0 m2
 72
1
 11
1877.5
 21
7617.5
 31
0.0
100
AcDbText
 73
1
1001
FLOORFORGE
1000
floor:0
1000
preliminary
  0
TEXT
  5
1F1
330
17
100
AcDbEntity
  8
A-ANNO
100
AcDbText
 10
6036.328125
 20
6590.671875
 30
0.0
 40
220.0
  1
DINING
 72
1
 11
6036.328125
 21
6590.671875
 31
0.0
100
AcDbText
 73
1
1001
FLOORFORGE
1000
floor:0
1000
preliminary
  0
TEXT
  5
1F2
330
17
100
AcDbEntity
  8
A-ANNO
100
AcDbText
 10
6036.328125
 20
6311.171875
 30
0.0
 40
150.0
  1
4.65 x 4.12*
 72
1
 11
6036.328125
 21
6311.171875
 31
0.0
100
AcDbText
 73
1
1001
FLOORFORGE
1000
floor:0
1000
preliminary
  0
TEXT
  5
1F3
330
17
100
AcDbEntity
  8
A-ANNO
100
AcDbText
 10
6036.328125
 20
6101.171875
 30
0.0
 40
150.0
  1
19.3 m2
 72
1
 11
6036.328125
 21
6101.171875
 31
0.0
100
AcDbText
 73
1
1001
FLOORFORGE
1000
floor:0
1000
preliminary
  0
TEXT
  5
1F4
330
17
100
AcDbEntity
  8
A-ANNO
100
AcDbText
 10
9480.5
 20
5409.5
 30
0.0
 40
170.0
  1
POOJA
 72
1
 11
9480.5
 21
5409.5
 31
0.0
100
AcDbText
 73
1
1001
FLOORFORGE
1000
floor:0
1000
preliminary
  0
TEXT
  5
1F5
330
17
100
AcDbEntity
  8
A-ANNO
100
AcDbText
 10
9480.5
 20
5174.5
 30
0.0
 40
130.0
  1
2.01 x 1.65
 72
1
 11
9480.5
 21
5174.5
 31
0.0
100
AcDbText
 73
1
1001
FLOORFORGE
1000
floor:0
1000
preliminary
  0
TEXT
  5
1F6
330
17
100
AcDbEntity
  8
A-ANNO
100
AcDbText
 10
9480.5
 20
4992.5
 30
0.0
 40
130.0
  1
3.3 m2
 72
1
 11
9480.5
 21
4992.5
 31
0.0
100
AcDbText
 73
1
1001
FLOORFORGE
1000
floor:0
1000
preliminary
  0
TEXT
  5
1F7
330
17
100
AcDbEntity
  8
A-ANNO
100
AcDbText
 10
9480.5
 20
7527.0
 30
0.0
 40
220.0
  1
STORE
 72
1
 11
9480.5
 21
7527.0
 31
0.0
100
AcDbText
 73
1
1001
FLOORFORGE
1000
floor:0
1000
preliminary
  0
TEXT
  5
1F8
330
17
100
AcDbEntity
  8
A-ANNO
100
AcDbText
 10
9480.5
 20
7247.5
 30
0.0
 40
150.0
  1
2.01 x 2.25
 72
1
 11
9480.5
 21
7247.5
 31
0.0
100
AcDbText
 73
1
1001
FLOORFORGE
1000
floor:0
1000
preliminary
  0
TEXT
  5
1F9
330
17
100
AcDbEntity
  8
A-ANNO
100
AcDbText
 10
9480.5
 20
7037.5
 30
0.0
 40
150.0
  1
4.5 m2
 72
1
 11
9480.5
 21
7037.5
 31
0.0
100
AcDbText
 73
1
1001
FLOORFORGE
1000
floor:0
1000
preliminary
  0
TEXT
  5
1FA
330
17
100
AcDbEntity
  8
A-ANNO
100
AcDbText
 10
4350.0
 20
10859.5
 30
0.0
 40
170.0
  1
HALL
 72
1
 11
4350.0
 21
10859.5
 31
0.0
100
AcDbText
 73
1
1001
FLOORFORGE
1000
floor:0
1000
preliminary
  0
TEXT
  5
1FB
330
17
100
AcDbEntity
  8
A-ANNO
100
AcDbText
 10
1877.5
 20
9459.5
 30
0.0
 40
170.0
  1
COMMON BATH
 72
1
 11
1877.5
 21
9459.5
 31
0.0
100
AcDbText
 73
1
1001
FLOORFORGE
1000
floor:0
1000
preliminary
  0
TEXT
  5
1FC
330
17
100
AcDbEntity
  8
A-ANNO
100
AcDbText
 10
1877.5
 20
9224.5
 30
0.0
 40
130.0
  1
3.29 x 1.35
 72
1
 11
1877.5
 21
9224.5
 31
0.0
100
AcDbText
 73
1
1001
FLOORFORGE
1000
floor:0
1000
preliminary
  0
TEXT
  5
1FD
330
17
100
AcDbEntity
  8
A-ANNO
100
AcDbText
 10
1877.5
 20
9042.5
 30
0.0
 40
130.0
  1
4.4 m2
 72
1
 11
1877.5
 21
9042.5
 31
0.0
100
AcDbText
 73
1
1001
FLOORFORGE
1000
floor:0
1000
preliminary
  0
TEXT
  5
1FE
330
17
100
AcDbEntity
  8
A-ANNO
100
AcDbText
 10
1877.5
 20
12880.5
 30
0.0
 40
220.0
  1
BEDROOM 2
 72
1
 11
1877.5
 21
12880.5
 31
0.0
100
AcDbText
 73
1
1001
FLOORFORGE
1000
floor:0
1000
preliminary
  0
TEXT
  5
1FF
330
17
100
AcDbEntity
  8
A-ANNO
100
AcDbText
 10
1877.5
 20
12601.0
 30
0.0
 40
150.0
  1
3.29 x 5.16
 72
1
 11
1877.5
 21
12601.0
 31
0.0
100
AcDbText
 73
1
1001
FLOORFORGE
1000
floor:0
1000
preliminary
  0
TEXT
  5
200
330
17
100
AcDbEntity
  8
A-ANNO
100
AcDbText
 10
1877.5
 20
12391.0
 30
0.0
 40
150.0
  1
17.0 m2
 72
1
 11
1877.5
 21
12391.0
 31
0.0
100
AcDbText
 73
1
1001
FLOORFORGE
1000
floor:0
1000
preliminary
  0
TEXT
  5
201
330
17
100
AcDbEntity
  8
A-ANNO
100
AcDbText
 10
4350.0
 20
14138.0
 30
0.0
 40
170.0
  1
BATH 2
 72
1
 11
4350.0
 21
14138.0
 31
0.0
100
AcDbText
 73
1
1001
FLOORFORGE
1000
floor:0
1000
preliminary
  0
TEXT
  5
202
330
17
100
AcDbEntity
  8
A-ANNO
100
AcDbText
 10
4350.0
 20
13903.0
 30
0.0
 40
130.0
  1
1.35 x 2.61
 72
1
 11
4350.0
 21
13903.0
 31
0.0
100
AcDbText
 73
1
1001
FLOORFORGE
1000
floor:0
1000
preliminary
  0
TEXT
  5
203
330
17
100
AcDbEntity
  8
A-ANNO
100
AcDbText
 10
4350.0
 20
13721.0
 30
0.0
 40
130.0
  1
3.5 m2
 72
1
 11
4350.0
 21
13721.0
 31
0.0
100
AcDbText
 73
1
1001
FLOORFORGE
1000
floor:0
1000
preliminary
  0
TEXT
  5
204
330
17
100
AcDbEntity
  8
A-ANNO
100
AcDbText
 10
7830.5
 20
10127.0
 30
0.0
 40
220.0
  1
STUDY
 72
1
 11
7830.5
 21
10127.0
 31
0.0
100
AcDbText
 73
1
1001
FLOORFORGE
1000
floor:0
1000
preliminary
  0
TEXT
  5
205
330
17
100
AcDbEntity
  8
A-ANNO
100
AcDbText
 10
7830.5
 20
9847.5
 30
0.0
 40
150.0
  1
5.31 x 2.65
 72
1
 11
7830.5
 21
9847.5
 31
0.0
100
AcDbText
 73
1
1001
FLOORFORGE
1000
floor:0
1000
preliminary
  0
TEXT
  5
206
330
17
100
AcDbEntity
  8
A-ANNO
100
AcDbText
 10
7830.5
 20
9637.5
 30
0.0
 40
150.0
  1
14.1 m2
 72
1
 11
7830.5
 21
9637.5
 31
0.0
100
AcDbText
 73
1
1001
FLOORFORGE
1000
floor:0
1000
preliminary
  0
TEXT
  5
207
330
17
100
AcDbEntity
  8
A-ANNO
100
AcDbText
 10
6858.0
 20
13514.5
 30
0.0
 40
220.0
  1
BEDROOM 1
 72
1
 11
6858.0
 21
13514.5
 31
0.0
100
AcDbText
 73
1
1001
FLOORFORGE
1000
floor:0
1000
preliminary
  0
TEXT
  5
208
330
17
100
AcDbEntity
  8
A-ANNO
100
AcDbText
 10
6858.0
 20
13235.0
 30
0.0
 40
150.0
  1
3.37 x 3.86
 72
1
 11
6858.0
 21
13235.0
 31
0.0
100
AcDbText
 73
1
1001
FLOORFORGE
1000
floor:0
1000
preliminary
  0
TEXT
  5
209
330
17
100
AcDbEntity
  8
A-ANNO
100
AcDbText
 10
6858.0
 20
13025.0
 30
0.0
 40
150.0
  1
13.0 m2
 72
1
 11
6858.0
 21
13025.0
 31
0.0
100
AcDbText
 73
1
1001
FLOORFORGE
1000
floor:0
1000
preliminary
  0
TEXT
  5
20A
330
17
100
AcDbEntity
  8
A-ANNO
100
AcDbText
 10
9588.5
 20
14505.5
 30
0.0
 40
220.0
  1
DRESS 1
 72
1
 11
9588.5
 21
14505.5
 31
0.0
100
AcDbText
 73
1
1001
FLOORFORGE
1000
floor:0
1000
preliminary
  0
TEXT
  5
20B
330
17
100
AcDbEntity
  8
A-ANNO
100
AcDbText
 10
9588.5
 20
14226.0
 30
0.0
 40
150.0
  1
1.79 x 1.91
 72
1
 11
9588.5
 21
14226.0
 31
0.0
100
AcDbText
 73
1
1001
FLOORFORGE
1000
floor:0
1000
preliminary
  0
TEXT
  5
20C
330
17
100
AcDbEntity
  8
A-ANNO
100
AcDbText
 10
9588.5
 20
14016.0
 30
0.0
 40
150.0
  1
3.4 m2
 72
1
 11
9588.5
 21
14016.0
 31
0.0
100
AcDbText
 73
1
1001
FLOORFORGE
1000
floor:0
1000
preliminary
  0
TEXT
  5
20D
330
17
100
AcDbEntity
  8
A-ANNO
100
AcDbText
 10
9588.5
 20
12502.0
 30
0.0
 40
220.0
  1
BATH 1
 72
1
 11
9588.5
 21
12502.0
 31
0.0
100
AcDbText
 73
1
1001
FLOORFORGE
1000
floor:0
1000
preliminary
  0
TEXT
  5
20E
330
17
100
AcDbEntity
  8
A-ANNO
100
AcDbText
 10
9588.5
 20
12222.5
 30
0.0
 40
150.0
  1
1.79 x 1.80
 72
1
 11
9588.5
 21
12222.5
 31
0.0
100
AcDbText
 73
1
1001
FLOORFORGE
1000
floor:0
1000
preliminary
  0
TEXT
  5
20F
330
17
100
AcDbEntity
  8
A-ANNO
100
AcDbText
 10
9588.5
 20
12012.5
 30
0.0
 40
150.0
  1
3.2 m2
 72
1
 11
9588.5
 21
12012.5
 31
0.0
100
AcDbText
 73
1
1001
FLOORFORGE
1000
floor:0
1000
preliminary
  0
DIMENSION
  5
210
330
17
100
AcDbEntity
  8
A-DIMS
100
AcDbDimension
280
0
  2
*D1
  3
FF-ARCH
 10
0.0
 20
-2950.0
 30
0.0
 11
1600.0
 21
-2800.0
 31
0.0
 70
32
 71
5
  1
<>
100
AcDbAlignedDimension
 13
0.0
 23
0.0
 33
0.0
 14
3200.0
 24
0.0
 34
0.0
 50
0.0
100
AcDbRotatedDimension
1001
FLOORFORGE
1000
floor:0
1000
preliminary
  0
DIMENSION
  5
223
330
17
100
AcDbEntity
  8
A-DIMS
100
AcDbDimension
280
0
  2
*D2
  3
FF-ARCH
 10
3200.0
 20
-2950.0
 30
0.0
 11
3800.0
 21
-2800.0
 31
0.0
 70
32
 71
5
  1
<>
100
AcDbAlignedDimension
 13
3200.0
 23
0.0
 33
0.0
 14
4400.0
 24
0.0
 34
0.0
 50
0.0
100
AcDbRotatedDimension
1001
FLOORFORGE
1000
floor:0
1000
preliminary
  0
DIMENSION
  5
232
330
17
100
AcDbEntity
  8
A-DIMS
100
AcDbDimension
280
0
  2
*D3
  3
FF-ARCH
 10
4400.0
 20
-2950.0
 30
0.0
 11
5379.0
 21
-2800.0
 31
0.0
 70
32
 71
5
  1
<>
100
AcDbAlignedDimension
 13
4400.0
 23
0.0
 33
0.0
 14
6358.0
 24
0.0
 34
0.0
 50
0.0
100
AcDbRotatedDimension
1001
FLOORFORGE
1000
floor:0
1000
preliminary
  0
DIMENSION
  5
241
330
17
100
AcDbEntity
  8
A-DIMS
100
AcDbDimension
280
0
  2
*D4
  3
FF-ARCH
 10
6358.0
 20
-2950.0
 30
0.0
 11
7558.0
 21
-2800.0
 31
0.0
 70
32
 71
5
  1
<>
100
AcDbAlignedDimension
 13
6358.0
 23
0.0
 33
0.0
 14
8758.0
 24
0.0
 34
0.0
 50
0.0
100
AcDbRotatedDimension
1001
FLOORFORGE
1000
floor:0
1000
preliminary
  0
DIMENSION
  5
250
330
17
100
AcDbEntity
  8
A-DIMS
100
AcDbDimension
280
0
  2
*D5
  3
FF-ARCH
 10
8758.0
 20
-2950.0
 30
0.0
 11
9737.0
 21
-2800.0
 31
0.0
 70
32
 71
5
  1
<>
100
AcDbAlignedDimension
 13
8758.0
 23
0.0
 33
0.0
 14
10716.0
 24
0.0
 34
0.0
 50
0.0
100
AcDbRotatedDimension
1001
FLOORFORGE
1000
floor:0
1000
preliminary
  0
DIMENSION
  5
25F
330
17
100
AcDbEntity
  8
A-DIMS
100
AcDbDimension
280
0
  2
*D6
  3
FF-ARCH
 10
0.0
 20
-3400.0
 30
0.0
 11
5358.0
 21
-3250.0
 31
0.0
 70
32
 71
5
  1
<>
100
AcDbAlignedDimension
 13
0.0
 23
0.0
 33
0.0
 14
10716.0
 24
0.0
 34
0.0
 50
0.0
100
AcDbRotatedDimension
1001
FLOORFORGE
1000
floor:0
1000
preliminary
  0
DIMENSION
  5
26E
330
17
100
AcDbEntity
  8
A-DIMS
100
AcDbDimension
280
0
  2
*D7
  3
FF-ARCH
 10
0.0
 20
16162.0
 30
0.0
 11
450.0
 21
16312.0
 31
0.0
 70
32
 71
5
  1
<>
100
AcDbAlignedDimension
 13
0.0
 23
15612.0
 33
0.0
 14
900.0
 24
15612.0
 34
0.0
 50
0.0
100
AcDbRotatedDimension
1001
FLOORFORGE
1000
floor:0
1000
preliminary
  0
DIMENSION
  5
27D
330
17
100
AcDbEntity
  8
A-DIMS
100
AcDbDimension
280
0
  2
*D8
  3
FF-ARCH
 10
900.0
 20
16162.0
 30
0.0
 11
1800.0
 21
16312.0
 31
0.0
 70
32
 71
5
  1
<>
100
AcDbAlignedDimension
 13
900.0
 23
15612.0
 33
0.0
 14
2700.0
 24
15612.0
 34
0.0
 50
0.0
100
AcDbRotatedDimension
1001
FLOORFORGE
1000
floor:0
1000
preliminary
  0
DIMENSION
  5
28C
330
17
100
AcDbEntity
  8
A-DIMS
100
AcDbDimension
280
0
  2
*D9
  3
FF-ARCH
 10
2700.0
 20
16162.0
 30
0.0
 11
3337.5
 21
16312.0
 31
0.0
 70
32
 71
5
  1
<>
100
AcDbAlignedDimension
 13
2700.0
 23
15612.0
 33
0.0
 14
3975.0
 24
15612.0
 34
0.0
 50
0.0
100
AcDbRotatedDimension
1001
FLOORFORGE
1000
floor:0
1000
preliminary
  0
DIMENSION
  5
29B
330
17
100
AcDbEntity
  8
A-DIMS
100
AcDbDimension
280
0
  2
*D10
  3
FF-ARCH
 10
3975.0
 20
16162.0
 30
0.0
 11
4350.0
 21
16312.0
 31
0.0
 70
32
 71
5
  1
<>
100
AcDbAlignedDimension
 13
3975.0
 23
15612.0
 33
0.0
 14
4725.0
 24
15612.0
 34
0.0
 50
0.0
100
AcDbRotatedDimension
1001
FLOORFORGE
1000
floor:0
1000
preliminary
  0
DIMENSION
  5
2AA
330
17
100
AcDbEntity
  8
A-DIMS
100
AcDbDimension
280
0
  2
*D11
  3
FF-ARCH
 10
4725.0
 20
16162.0
 30
0.0
 11
5341.5
 21
16312.0
 31
0.0
 70
32
 71
5
  1
<>
100
AcDbAlignedDimension
 13
4725.0
 23
15612.0
 33
0.0
 14
5958.0
 24
15612.0
 34
0.0
 50
0.0
100
AcDbRotatedDimension
1001
FLOORFORGE
1000
floor:0
1000
preliminary
  0
DIMENSION
  5
2B9
330
17
100
AcDbEntity
  8
A-DIMS
100
AcDbDimension
280
0
  2
*D12
  3
FF-ARCH
 10
5958.0
 20
16162.0
 30
0.0
 11
6858.0
 21
16312.0
 31
0.0
 70
32
 71
5
  1
<>
100
AcDbAlignedDimension
 13
5958.0
 23
15612.0
 33
0.0
 14
7758.0
 24
15612.0
 34
0.0
 50
0.0
100
AcDbRotatedDimension
1001
FLOORFORGE
1000
floor:0
1000
preliminary
  0
DIMENSION
  5
2C8
330
17
100
AcDbEntity
  8
A-DIMS
100
AcDbDimension
280
0
  2
*D13
  3
FF-ARCH
 10
7758.0
 20
16162.0
 30
0.0
 11
8487.0
 21
16312.0
 31
0.0
 70
32
 71
5
  1
<>
100
AcDbAlignedDimension
 13
7758.0
 23
15612.0
 33
0.0
 14
9216.0
 24
15612.0
 34
0.0
 50
0.0
100
AcDbRotatedDimension
1001
FLOORFORGE
1000
floor:0
1000
preliminary
  0
DIMENSION
  5
2D7
330
17
100
AcDbEntity
  8
A-DIMS
100
AcDbDimension
280
0
  2
*D14
  3
FF-ARCH
 10
9216.0
 20
16162.0
 30
0.0
 11
9666.0
 21
16312.0
 31
0.0
 70
32
 71
5
  1
<>
100
AcDbAlignedDimension
 13
9216.0
 23
15612.0
 33
0.0
 14
10116.0
 24
15612.0
 34
0.0
 50
0.0
100
AcDbRotatedDimension
1001
FLOORFORGE
1000
floor:0
1000
preliminary
  0
DIMENSION
  5
2E6
330
17
100
AcDbEntity
  8
A-DIMS
100
AcDbDimension
280
0
  2
*D15
  3
FF-ARCH
 10
10116.0
 20
16162.0
 30
0.0
 11
10416.0
 21
16312.0
 31
0.0
 70
32
 71
5
  1
<>
100
AcDbAlignedDimension
 13
10116.0
 23
15612.0
 33
0.0
 14
10716.0
 24
15612.0
 34
0.0
 50
0.0
100
AcDbRotatedDimension
1001
FLOORFORGE
1000
floor:0
1000
preliminary
  0
DIMENSION
  5
2F5
330
17
100
AcDbEntity
  8
A-DIMS
100
AcDbDimension
280
0
  2
*D16
  3
FF-ARCH
 10
0.0
 20
16612.0
 30
0.0
 11
1800.0
 21
16762.0
 31
0.0
 70
32
 71
5
  1
<>
100
AcDbAlignedDimension
 13
0.0
 23
15612.0
 33
0.0
 14
3600.0
 24
15612.0
 34
0.0
 50
0.0
100
AcDbRotatedDimension
1001
FLOORFORGE
1000
floor:0
1000
preliminary
  0
DIMENSION
  5
304
330
17
100
AcDbEntity
  8
A-DIMS
100
AcDbDimension
280
0
  2
*D17
  3
FF-ARCH
 10
3600.0
 20
16612.0
 30
0.0
 11
4350.0
 21
16762.0
 31
0.0
 70
32
 71
5
  1
<>
100
AcDbAlignedDimension
 13
3600.0
 23
15612.0
 33
0.0
 14
5100.0
 24
15612.0
 34
0.0
 50
0.0
100
AcDbRotatedDimension
1001
FLOORFORGE
1000
floor:0
1000
preliminary
  0
DIMENSION
  5
313
330
17
100
AcDbEntity
  8
A-DIMS
100
AcDbDimension
280
0
  2
*D18
  3
FF-ARCH
 10
5100.0
 20
16612.0
 30
0.0
 11
6858.0
 21
16762.0
 31
0.0
 70
32
 71
5
  1
<>
100
AcDbAlignedDimension
 13
5100.0
 23
15612.0
 33
0.0
 14
8616.0
 24
15612.0
 34
0.0
 50
0.0
100
AcDbRotatedDimension
1001
FLOORFORGE
1000
floor:0
1000
preliminary
  0
DIMENSION
  5
322
330
17
100
AcDbEntity
  8
A-DIMS
100
AcDbDimension
280
0
  2
*D19
  3
FF-ARCH
 10
8616.0
 20
16612.0
 30
0.0
 11
9666.0
 21
16762.0
 31
0.0
 70
32
 71
5
  1
<>
100
AcDbAlignedDimension
 13
8616.0
 23
15612.0
 33
0.0
 14
10716.0
 24
15612.0
 34
0.0
 50
0.0
100
AcDbRotatedDimension
1001
FLOORFORGE
1000
floor:0
1000
preliminary
  0
DIMENSION
  5
331
330
17
100
AcDbEntity
  8
A-DIMS
100
AcDbDimension
280
0
  2
*D20
  3
FF-ARCH
 10
0.0
 20
17062.0
 30
0.0
 11
5358.0
 21
17212.0
 31
0.0
 70
32
 71
5
  1
<>
100
AcDbAlignedDimension
 13
0.0
 23
15612.0
 33
0.0
 14
10716.0
 24
15612.0
 34
0.0
 50
0.0
100
AcDbRotatedDimension
1001
FLOORFORGE
1000
floor:0
1000
preliminary
  0
DIMENSION
  5
340
330
17
100
AcDbEntity
  8
A-DIMS
100
AcDbDimension
280
0
  2
*D21
  3
FF-ARCH
 10
-550.0
 20
0.0
 30
0.0
 11
-700.0
 21
2562.5
 31
0.0
 70
32
 71
5
  1
<>
100
AcDbAlignedDimension
 13
0.0
 23
0.0
 33
0.0
 14
0.0
 24
5125.0
 34
0.0
 50
90.0
100
AcDbRotatedDimension
1001
FLOORFORGE
1000
floor:0
1000
preliminary
  0
DIMENSION
  5
34F
330
17
100
AcDbEntity
  8
A-DIMS
100
AcDbDimension
280
0
  2
*D22
  3
FF-ARCH
 10
-550.0
 20
5125.0
 30
0.0
 11
-700.0
 21
5875.0
 31
0.0
 70
32
 71
5
  1
<>
100
AcDbAlignedDimension
 13
0.0
 23
5125.0
 33
0.0
 14
0.0
 24
6625.0
 34
0.0
 50
90.0
100
AcDbRotatedDimension
1001
FLOORFORGE
1000
floor:0
1000
preliminary
  0
DIMENSION
  5
35E
330
17
100
AcDbEntity
  8
A-DIMS
100
AcDbDimension
280
0
  2
*D23
  3
FF-ARCH
 10
-550.0
 20
6625.0
 30
0.0
 11
-700.0
 21
7150.0
 31
0.0
 70
32
 71
5
  1
<>
100
AcDbAlignedDimension
 13
0.0
 23
6625.0
 33
0.0
 14
0.0
 24
7675.0
 34
0.0
 50
90.0
100
AcDbRotatedDimension
1001
FLOORFORGE
1000
floor:0
1000
preliminary
  0
DIMENSION
  5
36D
330
17
100
AcDbEntity
  8
A-DIMS
100
AcDbDimension
280
0
  2
*D24
  3
FF-ARCH
 10
-550.0
 20
7675.0
 30
0.0
 11
-700.0
 21
7975.0
 31
0.0
 70
32
 71
5
  1
<>
100
AcDbAlignedDimension
 13
0.0
 23
7675.0
 33
0.0
 14
0.0
 24
8275.0
 34
0.0
 50
90.0
100
AcDbRotatedDimension
1001
FLOORFORGE
1000
floor:0
1000
preliminary
  0
DIMENSION
  5
37C
330
17
100
AcDbEntity
  8
A-DIMS
100
AcDbDimension
280
0
  2
*D25
  3
FF-ARCH
 10
-550.0
 20
8275.0
 30
0.0
 11
-700.0
 21
8650.0
 31
0.0
 70
32
 71
5
  1
<>
100
AcDbAlignedDimension
 13
0.0
 23
8275.0
 33
0.0
 14
0.0
 24
9025.0
 34
0.0
 50
90.0
100
AcDbRotatedDimension
1001
FLOORFORGE
1000
floor:0
1000
preliminary
  0
DIMENSION
  5
38B
330
17
100
AcDbEntity
  8
A-DIMS
100
AcDbDimension
280
0
  2
*D26
  3
FF-ARCH
 10
-550.0
 20
9025.0
 30
0.0
 11
-700.0
 21
9400.0
 31
0.0
 70
32
 71
5
  1
<>
100
AcDbAlignedDimension
 13
0.0
 23
9025.0
 33
0.0
 14
0.0
 24
9775.0
 34
0.0
 50
90.0
100
AcDbRotatedDimension
1001
FLOORFORGE
1000
floor:0
1000
preliminary
  0
DIMENSION
  5
39A
330
17
100
AcDbEntity
  8
A-DIMS
100
AcDbDimension
280
0
  2
*D27
  3
FF-ARCH
 10
-550.0
 20
9775.0
 30
0.0
 11
-700.0
 21
10803.0
 31
0.0
 70
32
 71
5
  1
<>
100
AcDbAlignedDimension
 13
0.0
 23
9775.0
 33
0.0
 14
0.0
 24
11831.0
 34
0.0
 50
90.0
100
AcDbRotatedDimension
1001
FLOORFORGE
1000
floor:0
1000
preliminary
  0
DIMENSION
  5
3A9
330
17
100
AcDbEntity
  8
A-DIMS
100
AcDbDimension
280
0
  2
*D28
  3
FF-ARCH
 10
-550.0
 20
11831.0
 30
0.0
 11
-700.0
 21
12881.0
 31
0.0
 70
32
 71
5
  1
<>
100
AcDbAlignedDimension
 13
0.0
 23
11831.0
 33
0.0
 14
0.0
 24
13931.0
 34
0.0
 50
90.0
100
AcDbRotatedDimension
1001
FLOORFORGE
1000
floor:0
1000
preliminary
  0
DIMENSION
  5
3B8
330
17
100
AcDbEntity
  8
A-DIMS
100
AcDbDimension
280
0
  2
*D29
  3
FF-ARCH
 10
-550.0
 20
13931.0
 30
0.0
 11
-700.0
 21
14771.5
 31
0.0
 70
32
 71
5
  1
<>
100
AcDbAlignedDimension
 13
0.0
 23
13931.0
 33
0.0
 14
0.0
 24
15612.0
 34
0.0
 50
90.0
100
AcDbRotatedDimension
1001
FLOORFORGE
1000
floor:0
1000
preliminary
  0
DIMENSION
  5
3C7
330
17
100
AcDbEntity
  8
A-DIMS
100
AcDbDimension
280
0
  2
*D30
  3
FF-ARCH
 10
-1000.0
 20
0.0
 30
0.0
 11
-1150.0
 21
2225.0
 31
0.0
 70
32
 71
5
  1
<>
100
AcDbAlignedDimension
 13
0.0
 23
0.0
 33
0.0
 14
0.0
 24
4450.0
 34
0.0
 50
90.0
100
AcDbRotatedDimension
1001
FLOORFORGE
1000
floor:0
1000
preliminary
  0
DIMENSION
  5
3D6
330
17
100
AcDbEntity
  8
A-DIMS
100
AcDbDimension
280
0
  2
*D31
  3
FF-ARCH
 10
-1000.0
 20
4450.0
 30
0.0
 11
-1150.0
 21
5875.0
 31
0.0
 70
32
 71
5
  1
<>
100
AcDbAlignedDimension
 13
0.0
 23
4450.0
 33
0.0
 14
0.0
 24
7300.0
 34
0.0
 50
90.0
100
AcDbRotatedDimension
1001
FLOORFORGE
1000
floor:0
1000
preliminary
  0
DIMENSION
  5
3E5
330
17
100
AcDbEntity
  8
A-DIMS
100
AcDbDimension
280
0
  2
*D32
  3
FF-ARCH
 10
-1000.0
 20
7300.0
 30
0.0
 11
-1150.0
 21
7975.0
 31
0.0
 70
32
 71
5
  1
<>
100
AcDbAlignedDimension
 13
0.0
 23
7300.0
 33
0.0
 14
0.0
 24
8650.0
 34
0.0
 50
90.0
100
AcDbRotatedDimension
1001
FLOORFORGE
1000
floor:0
1000
preliminary
  0
DIMENSION
  5
3F4
330
17
100
AcDbEntity
  8
A-DIMS
100
AcDbDimension
280
0
  2
*D33
  3
FF-ARCH
 10
-1000.0
 20
8650.0
 30
0.0
 11
-1150.0
 21
9400.0
 31
0.0
 70
32
 71
5
  1
<>
100
AcDbAlignedDimension
 13
0.0
 23
8650.0
 33
0.0
 14
0.0
 24
10150.0
 34
0.0
 50
90.0
100
AcDbRotatedDimension
1001
FLOORFORGE
1000
floor:0
1000
preliminary
  0
DIMENSION
  5
403
330
17
100
AcDbEntity
  8
A-DIMS
100
AcDbDimension
280
0
  2
*D34
  3
FF-ARCH
 10
-1000.0
 20
10150.0
 30
0.0
 11
-1150.0
 21
12881.0
 31
0.0
 70
32
 71
5
  1
<>
100
AcDbAlignedDimension
 13
0.0
 23
10150.0
 33
0.0
 14
0.0
 24
15612.0
 34
0.0
 50
90.0
100
AcDbRotatedDimension
1001
FLOORFORGE
1000
floor:0
1000
preliminary
  0
DIMENSION
  5
412
330
17
100
AcDbEntity
  8
A-DIMS
100
AcDbDimension
280
0
  2
*D35
  3
FF-ARCH
 10
-1450.0
 20
0.0
 30
0.0
 11
-1600.0
 21
7806.0
 31
0.0
 70
32
 71
5
  1
<>
100
AcDbAlignedDimension
 13
0.0
 23
0.0
 33
0.0
 14
0.0
 24
15612.0
 34
0.0
 50
90.0
100
AcDbRotatedDimension
1001
FLOORFORGE
1000
floor:0
1000
preliminary
  0
DIMENSION
  5
421
330
17
100
AcDbEntity
  8
A-DIMS
100
AcDbDimension
280
0
  2
*D36
  3
FF-ARCH
 10
11266.0
 20
0.0
 30
0.0
 11
11116.0
 21
587.5
 31
0.0
 70
32
 71
5
  1
<>
100
AcDbAlignedDimension
 13
10716.0
 23
0.0
 33
0.0
 14
10716.0
 24
1175.0
 34
0.0
 50
90.0
100
AcDbRotatedDimension
1001
FLOORFORGE
1000
floor:0
1000
preliminary
  0
DIMENSION
  5
430
330
17
100
AcDbEntity
  8
A-DIMS
100
AcDbDimension
280
0
  2
*D37
  3
FF-ARCH
 10
11266.0
 20
1175.0
 30
0.0
 11
11116.0
 21
2225.0
 31
0.0
 70
32
 71
5
  1
<>
100
AcDbAlignedDimension
 13
10716.0
 23
1175.0
 33
0.0
 14
10716.0
 24
3275.0
 34
0.0
 50
90.0
100
AcDbRotatedDimension
1001
FLOORFORGE
1000
floor:0
1000
preliminary
  0
DIMENSION
  5
43F
330
17
100
AcDbEntity
  8
A-DIMS
100
AcDbDimension
280
0
  2
*D38
  3
FF-ARCH
 10
11266.0
 20
3275.0
 30
0.0
 11
11116.0
 21
5212.5
 31
0.0
 70
32
 71
5
  1
<>
100
AcDbAlignedDimension
 13
10716.0
 23
3275.0
 33
0.0
 14
10716.0
 24
7150.0
 34
0.0
 50
90.0
100
AcDbRotatedDimension
1001
FLOORFORGE
1000
floor:0
1000
preliminary
  0
DIMENSION
  5
44E
330
17
100
AcDbEntity
  8
A-DIMS
100
AcDbDimension
280
0
  2
*D39
  3
FF-ARCH
 10
11266.0
 20
7150.0
 30
0.0
 11
11116.0
 21
7450.0
 31
0.0
 70
32
 71
5
  1
<>
100
AcDbAlignedDimension
 13
10716.0
 23
7150.0
 33
0.0
 14
10716.0
 24
7750.0
 34
0.0
 50
90.0
100
AcDbRotatedDimension
1001
FLOORFORGE
1000
floor:0
1000
preliminary
  0
DIMENSION
  5
45D
330
17
100
AcDbEntity
  8
A-DIMS
100
AcDbDimension
280
0
  2
*D40
  3
FF-ARCH
 10
11266.0
 20
7750.0
 30
0.0
 11
11116.0
 21
8525.0
 31
0.0
 70
32
 71
5
  1
<>
100
AcDbAlignedDimension
 13
10716.0
 23
7750.0
 33
0.0
 14
10716.0
 24
9300.0
 34
0.0
 50
90.0
100
AcDbRotatedDimension
1001
FLOORFORGE
1000
floor:0
1000
preliminary
  0
DIMENSION
  5
46C
330
17
100
AcDbEntity
  8
A-DIMS
100
AcDbDimension
280
0
  2
*D41
  3
FF-ARCH
 10
11266.0
 20
9300.0
 30
0.0
 11
11116.0
 21
10050.0
 31
0.0
 70
32
 71
5
  1
<>
100
AcDbAlignedDimension
 13
10716.0
 23
9300.0
 33
0.0
 14
10716.0
 24
10800.0
 34
0.0
 50
90.0
100
AcDbRotatedDimension
1001
FLOORFORGE
1000
floor:0
1000
preliminary
  0
DIMENSION
  5
47B
330
17
100
AcDbEntity
  8
A-DIMS
100
AcDbDimension
280
0
  2
*D42
  3
FF-ARCH
 10
11266.0
 20
10800.0
 30
0.0
 11
11116.0
 21
11387.5
 31
0.0
 70
32
 71
5
  1
<>
100
AcDbAlignedDimension
 13
10716.0
 23
10800.0
 33
0.0
 14
10716.0
 24
11975.0
 34
0.0
 50
90.0
100
AcDbRotatedDimension
1001
FLOORFORGE
1000
floor:0
1000
preliminary
  0
DIMENSION
  5
48A
330
17
100
AcDbEntity
  8
A-DIMS
100
AcDbDimension
280
0
  2
*D43
  3
FF-ARCH
 10
11266.0
 20
11975.0
 30
0.0
 11
11116.0
 21
12425.0
 31
0.0
 70
32
 71
5
  1
<>
100
AcDbAlignedDimension
 13
10716.0
 23
11975.0
 33
0.0
 14
10716.0
 24
12875.0
 34
0.0
 50
90.0
100
AcDbRotatedDimension
1001
FLOORFORGE
1000
floor:0
1000
preliminary
  0
DIMENSION
  5
499
330
17
100
AcDbEntity
  8
A-DIMS
100
AcDbDimension
280
0
  2
*D44
  3
FF-ARCH
 10
11266.0
 20
12875.0
 30
0.0
 11
11116.0
 21
13465.5
 31
0.0
 70
32
 71
5
  1
<>
100
AcDbAlignedDimension
 13
10716.0
 23
12875.0
 33
0.0
 14
10716.0
 24
14056.0
 34
0.0
 50
90.0
100
AcDbRotatedDimension
1001
FLOORFORGE
1000
floor:0
1000
preliminary
  0
DIMENSION
  5
4A8
330
17
100
AcDbEntity
  8
A-DIMS
100
AcDbDimension
280
0
  2
*D45
  3
FF-ARCH
 10
11266.0
 20
14056.0
 30
0.0
 11
11116.0
 21
14506.0
 31
0.0
 70
32
 71
5
  1
<>
100
AcDbAlignedDimension
 13
10716.0
 23
14056.0
 33
0.0
 14
10716.0
 24
14956.0
 34
0.0
 50
90.0
100
AcDbRotatedDimension
1001
FLOORFORGE
1000
floor:0
1000
preliminary
  0
DIMENSION
  5
4B7
330
17
100
AcDbEntity
  8
A-DIMS
100
AcDbDimension
280
0
  2
*D46
  3
FF-ARCH
 10
11266.0
 20
14956.0
 30
0.0
 11
11116.0
 21
15284.0
 31
0.0
 70
32
 71
5
  1
<>
100
AcDbAlignedDimension
 13
10716.0
 23
14956.0
 33
0.0
 14
10716.0
 24
15612.0
 34
0.0
 50
90.0
100
AcDbRotatedDimension
1001
FLOORFORGE
1000
floor:0
1000
preliminary
  0
DIMENSION
  5
4C6
330
17
100
AcDbEntity
  8
A-DIMS
100
AcDbDimension
280
0
  2
*D47
  3
FF-ARCH
 10
11716.0
 20
0.0
 30
0.0
 11
11566.0
 21
2225.0
 31
0.0
 70
32
 71
5
  1
<>
100
AcDbAlignedDimension
 13
10716.0
 23
0.0
 33
0.0
 14
10716.0
 24
4450.0
 34
0.0
 50
90.0
100
AcDbRotatedDimension
1001
FLOORFORGE
1000
floor:0
1000
preliminary
  0
DIMENSION
  5
4D5
330
17
100
AcDbEntity
  8
A-DIMS
100
AcDbDimension
280
0
  2
*D48
  3
FF-ARCH
 10
11716.0
 20
4450.0
 30
0.0
 11
11566.0
 21
5350.0
 31
0.0
 70
32
 71
5
  1
<>
100
AcDbAlignedDimension
 13
10716.0
 23
4450.0
 33
0.0
 14
10716.0
 24
6250.0
 34
0.0
 50
90.0
100
AcDbRotatedDimension
1001
FLOORFORGE
1000
floor:0
1000
preliminary
  0
DIMENSION
  5
4E4
330
17
100
AcDbEntity
  8
A-DIMS
100
AcDbDimension
280
0
  2
*D49
  3
FF-ARCH
 10
11716.0
 20
6250.0
 30
0.0
 11
11566.0
 21
7450.0
 31
0.0
 70
32
 71
5
  1
<>
100
AcDbAlignedDimension
 13
10716.0
 23
6250.0
 33
0.0
 14
10716.0
 24
8650.0
 34
0.0
 50
90.0
100
AcDbRotatedDimension
1001
FLOORFORGE
1000
floor:0
1000
preliminary
  0
DIMENSION
  5
4F3
330
17
100
AcDbEntity
  8
A-DIMS
100
AcDbDimension
280
0
  2
*D50
  3
FF-ARCH
 10
11716.0
 20
8650.0
 30
0.0
 11
11566.0
 21
10050.0
 31
0.0
 70
32
 71
5
  1
<>
100
AcDbAlignedDimension
 13
10716.0
 23
8650.0
 33
0.0
 14
10716.0
 24
11450.0
 34
0.0
 50
90.0
100
AcDbRotatedDimension
1001
FLOORFORGE
1000
floor:0
1000
preliminary
  0
DIMENSION
  5
502
330
17
100
AcDbEntity
  8
A-DIMS
100
AcDbDimension
280
0
  2
*D51
  3
FF-ARCH
 10
11716.0
 20
11450.0
 30
0.0
 11
11566.0
 21
12425.0
 31
0.0
 70
32
 71
5
  1
<>
100
AcDbAlignedDimension
 13
10716.0
 23
11450.0
 33
0.0
 14
10716.0
 24
13400.0
 34
0.0
 50
90.0
100
AcDbRotatedDimension
1001
FLOORFORGE
1000
floor:0
1000
preliminary
  0
DIMENSION
  5
511
330
17
100
AcDbEntity
  8
A-DIMS
100
AcDbDimension
280
0
  2
*D52
  3
FF-ARCH
 10
11716.0
 20
13400.0
 30
0.0
 11
11566.0
 21
14506.0
 31
0.0
 70
32
 71
5
  1
<>
100
AcDbAlignedDimension
 13
10716.0
 23
13400.0
 33
0.0
 14
10716.0
 24
15612.0
 34
0.0
 50
90.0
100
AcDbRotatedDimension
1001
FLOORFORGE
1000
floor:0
1000
preliminary
  0
DIMENSION
  5
520
330
17
100
AcDbEntity
  8
A-DIMS
100
AcDbDimension
280
0
  2
*D53
  3
FF-ARCH
 10
12166.0
 20
0.0
 30
0.0
 11
12016.0
 21
7806.0
 31
0.0
 70
32
 71
5
  1
<>
100
AcDbAlignedDimension
 13
10716.0
 23
0.0
 33
0.0
 14
10716.0
 24
15612.0
 34
0.0
 50
90.0
100
AcDbRotatedDimension
1001
FLOORFORGE
1000
floor:0
1000
preliminary
  0
LINE
  5
52F
330
17
100
AcDbEntity
  8
A-GRID
100
AcDbLine
 10
115.0
 20
-2600.0
 30
0.0
 11
115.0
 21
17412.0
 31
0.0
1001
FLOORFORGE
1000
floor:0
1000
preliminary
  0
CIRCLE
  5
530
330
17
100
AcDbEntity
  8
A-GRID
100
AcDbCircle
 10
115.0
 20
17712.0
 30
0.0
 40
300.0
1001
FLOORFORGE
1000
floor:0
1000
preliminary
  0
TEXT
  5
531
330
17
100
AcDbEntity
  8
A-GRID
100
AcDbText
 10
115.0
 20
17622.0
 30
0.0
 40
220.0
  1
A
 72
1
 11
115.0
 21
17622.0
 31
0.0
100
AcDbText
 73
1
1001
FLOORFORGE
1000
floor:0
1000
preliminary
  0
LINE
  5
532
330
17
100
AcDbEntity
  8
A-GRID
100
AcDbLine
 10
3600.0
 20
-2600.0
 30
0.0
 11
3600.0
 21
17412.0
 31
0.0
1001
FLOORFORGE
1000
floor:0
1000
preliminary
  0
CIRCLE
  5
533
330
17
100
AcDbEntity
  8
A-GRID
100
AcDbCircle
 10
3600.0
 20
17712.0
 30
0.0
 40
300.0
1001
FLOORFORGE
1000
floor:0
1000
preliminary
  0
TEXT
  5
534
330
17
100
AcDbEntity
  8
A-GRID
100
AcDbText
 10
3600.0
 20
17622.0
 30
0.0
 40
220.0
  1
B
 72
1
 11
3600.0
 21
17622.0
 31
0.0
100
AcDbText
 73
1
1001
FLOORFORGE
1000
floor:0
1000
preliminary
  0
LINE
  5
535
330
17
100
AcDbEntity
  8
A-GRID
100
AcDbLine
 10
5100.0
 20
-2600.0
 30
0.0
 11
5100.0
 21
17412.0
 31
0.0
1001
FLOORFORGE
1000
floor:0
1000
preliminary
  0
CIRCLE
  5
536
330
17
100
AcDbEntity
  8
A-GRID
100
AcDbCircle
 10
5100.0
 20
17712.0
 30
0.0
 40
300.0
1001
FLOORFORGE
1000
floor:0
1000
preliminary
  0
TEXT
  5
537
330
17
100
AcDbEntity
  8
A-GRID
100
AcDbText
 10
5100.0
 20
17622.0
 30
0.0
 40
220.0
  1
C
 72
1
 11
5100.0
 21
17622.0
 31
0.0
100
AcDbText
 73
1
1001
FLOORFORGE
1000
floor:0
1000
preliminary
  0
LINE
  5
538
330
17
100
AcDbEntity
  8
A-GRID
100
AcDbLine
 10
10601.0
 20
-2600.0
 30
0.0
 11
10601.0
 21
17412.0
 31
0.0
1001
FLOORFORGE
1000
floor:0
1000
preliminary
  0
CIRCLE
  5
539
330
17
100
AcDbEntity
  8
A-GRID
100
AcDbCircle
 10
10601.0
 20
17712.0
 30
0.0
 40
300.0
1001
FLOORFORGE
1000
floor:0
1000
preliminary
  0
TEXT
  5
53A
330
17
100
AcDbEntity
  8
A-GRID
100
AcDbText
 10
10601.0
 20
17622.0
 30
0.0
 40
220.0
  1
D
 72
1
 11
10601.0
 21
17622.0
 31
0.0
100
AcDbText
 73
1
1001
FLOORFORGE
1000
floor:0
1000
preliminary
  0
LINE
  5
53B
330
17
100
AcDbEntity
  8
A-GRID
100
AcDbLine
 10
-1800.0
 20
115.0
 30
0.0
 11
10916.0
 21
115.0
 31
0.0
1001
FLOORFORGE
1000
floor:0
1000
preliminary
  0
CIRCLE
  5
53C
330
17
100
AcDbEntity
  8
A-GRID
100
AcDbCircle
 10
-2100.0
 20
115.0
 30
0.0
 40
300.0
1001
FLOORFORGE
1000
floor:0
1000
preliminary
  0
TEXT
  5
53D
330
17
100
AcDbEntity
  8
A-GRID
100
AcDbText
 10
-2100.0
 20
25.0
 30
0.0
 40
220.0
  1
1
 72
1
 11
-2100.0
 21
25.0
 31
0.0
100
AcDbText
 73
1
1001
FLOORFORGE
1000
floor:0
1000
preliminary
  0
LINE
  5
53E
330
17
100
AcDbEntity
  8
A-GRID
100
AcDbLine
 10
-1800.0
 20
4450.0
 30
0.0
 11
10916.0
 21
4450.0
 31
0.0
1001
FLOORFORGE
1000
floor:0
1000
preliminary
  0
CIRCLE
  5
53F
330
17
100
AcDbEntity
  8
A-GRID
100
AcDbCircle
 10
-2100.0
 20
4450.0
 30
0.0
 40
300.0
1001
FLOORFORGE
1000
floor:0
1000
preliminary
  0
TEXT
  5
540
330
17
100
AcDbEntity
  8
A-GRID
100
AcDbText
 10
-2100.0
 20
4360.0
 30
0.0
 40
220.0
  1
2
 72
1
 11
-2100.0
 21
4360.0
 31
0.0
100
AcDbText
 73
1
1001
FLOORFORGE
1000
floor:0
1000
preliminary
  0
LINE
  5
541
330
17
100
AcDbEntity
  8
A-GRID
100
AcDbLine
 10
-1800.0
 20
8650.0
 30
0.0
 11
10916.0
 21
8650.0
 31
0.0
1001
FLOORFORGE
1000
floor:0
1000
preliminary
  0
CIRCLE
  5
542
330
17
100
AcDbEntity
  8
A-GRID
100
AcDbCircle
 10
-2100.0
 20
8650.0
 30
0.0
 40
300.0
1001
FLOORFORGE
1000
floor:0
1000
preliminary
  0
TEXT
  5
543
330
17
100
AcDbEntity
  8
A-GRID
100
AcDbText
 10
-2100.0
 20
8560.0
 30
0.0
 40
220.0
  1
3
 72
1
 11
-2100.0
 21
8560.0
 31
0.0
100
AcDbText
 73
1
1001
FLOORFORGE
1000
floor:0
1000
preliminary
  0
LINE
  5
544
330
17
100
AcDbEntity
  8
A-GRID
100
AcDbLine
 10
-1800.0
 20
11450.0
 30
0.0
 11
10916.0
 21
11450.0
 31
0.0
1001
FLOORFORGE
1000
floor:0
1000
preliminary
  0
CIRCLE
  5
545
330
17
100
AcDbEntity
  8
A-GRID
100
AcDbCircle
 10
-2100.0
 20
11450.0
 30
0.0
 40
300.0
1001
FLOORFORGE
1000
floor:0
1000
preliminary
  0
TEXT
  5
546
330
17
100
AcDbEntity
  8
A-GRID
100
AcDbText
 10
-2100.0
 20
11360.0
 30
0.0
 40
220.0
  1
4
 72
1
 11
-2100.0
 21
11360.0
 31
0.0
100
AcDbText
 73
1
1001
FLOORFORGE
1000
floor:0
1000
preliminary
  0
LINE
  5
547
330
17
100
AcDbEntity
  8
A-GRID
100
AcDbLine
 10
-1800.0
 20
12700.0
 30
0.0
 11
10916.0
 21
12700.0
 31
0.0
1001
FLOORFORGE
1000
floor:0
1000
preliminary
  0
CIRCLE
  5
548
330
17
100
AcDbEntity
  8
A-GRID
100
AcDbCircle
 10
-2100.0
 20
12700.0
 30
0.0
 40
300.0
1001
FLOORFORGE
1000
floor:0
1000
preliminary
  0
TEXT
  5
549
330
17
100
AcDbEntity
  8
A-GRID
100
AcDbText
 10
-2100.0
 20
12610.0
 30
0.0
 40
220.0
  1
5
 72
1
 11
-2100.0
 21
12610.0
 31
0.0
100
AcDbText
 73
1
1001
FLOORFORGE
1000
floor:0
1000
preliminary
  0
LINE
  5
54A
330
17
100
AcDbEntity
  8
A-GRID
100
AcDbLine
 10
-1800.0
 20
13400.0
 30
0.0
 11
10916.0
 21
13400.0
 31
0.0
1001
FLOORFORGE
1000
floor:0
1000
preliminary
  0
CIRCLE
  5
54B
330
17
100
AcDbEntity
  8
A-GRID
100
AcDbCircle
 10
-2100.0
 20
13400.0
 30
0.0
 40
300.0
1001
FLOORFORGE
1000
floor:0
1000
preliminary
  0
TEXT
  5
54C
330
17
100
AcDbEntity
  8
A-GRID
100
AcDbText
 10
-2100.0
 20
13310.0
 30
0.0
 40
220.0
  1
6
 72
1
 11
-2100.0
 21
13310.0
 31
0.0
100
AcDbText
 73
1
1001
FLOORFORGE
1000
floor:0
1000
preliminary
  0
LINE
  5
54D
330
17
100
AcDbEntity
  8
A-GRID
100
AcDbLine
 10
-1800.0
 20
15497.0
 30
0.0
 11
10916.0
 21
15497.0
 31
0.0
1001
FLOORFORGE
1000
floor:0
1000
preliminary
  0
CIRCLE
  5
54E
330
17
100
AcDbEntity
  8
A-GRID
100
AcDbCircle
 10
-2100.0
 20
15497.0
 30
0.0
 40
300.0
1001
FLOORFORGE
1000
floor:0
1000
preliminary
  0
TEXT
  5
54F
330
17
100
AcDbEntity
  8
A-GRID
100
AcDbText
 10
-2100.0
 20
15407.0
 30
0.0
 40
220.0
  1
7
 72
1
 11
-2100.0
 21
15407.0
 31
0.0
100
AcDbText
 73
1
1001
FLOORFORGE
1000
floor:0
1000
preliminary
  0
LWPOLYLINE
  5
550
330
17
100
AcDbEntity
  8
A-LEVL
100
AcDbPolyline
 90
3
 70
1
 10
7683.0
 20
1630.0
 10
7903.0
 20
1630.0
 10
7793.0
 20
1440.0
1001
FLOORFORGE
1000
floor:0
1000
preliminary
  0
HATCH
  5
551
330
17
100
AcDbEntity
  8
A-LEVL
 62
7
100
AcDbHatch
 10
0.0
 20
0.0
 30
0.0
210
0.0
220
0.0
230
1.0
  2
SOLID
 70
1
 71
0
 91
1
 92
3
 72
0
 73
1
 93
3
 10
7683.0
 20
1630.0
 10
7903.0
 20
1630.0
 10
7793.0
 20
1440.0
 97
0
 75
0
 76
1
 98
0
  0
LINE
  5
552
330
17
100
AcDbEntity
  8
A-LEVL
100
AcDbLine
 10
7413.0
 20
1440.0
 30
0.0
 11
8173.0
 21
1440.0
 31
0.0
1001
FLOORFORGE
1000
floor:0
1000
preliminary
  0
TEXT
  5
553
330
17
100
AcDbEntity
  8
A-LEVL
100
AcDbText
 10
7963.0
 20
1500.0
 30
0.0
 40
160.0
  1
FFL +0.450
 11
7963.0
 21
1500.0
 31
0.0
100
AcDbText
1001
FLOORFORGE
1000
floor:0
1000
preliminary
  0
LINE
  5
554
330
17
100
AcDbEntity
  8
A-SECT
100
AcDbLine
 10
750.0
 20
-2500.0
 30
0.0
 11
750.0
 21
-3970.0
 31
0.0
1001
FLOORFORGE
1000
floor:0
1000
preliminary
  0
LINE
  5
555
330
17
100
AcDbEntity
  8
A-SECT
100
AcDbLine
 10
750.0
 20
-3970.0
 30
0.0
 11
750.0
 21
-4270.0
 31
0.0
1001
FLOORFORGE
1000
floor:0
1000
preliminary
  0
CIRCLE
  5
556
330
17
100
AcDbEntity
  8
A-SECT
100
AcDbCircle
 10
750.0
 20
-4550.0
 30
0.0
 40
280.0
1001
FLOORFORGE
1000
floor:0
1000
preliminary
  0
TEXT
  5
557
330
17
100
AcDbEntity
  8
A-SECT
100
AcDbText
 10
750.0
 20
-4635.0
 30
0.0
 40
220.0
  1
A
 72
1
 11
750.0
 21
-4635.0
 31
0.0
100
AcDbText
 73
1
1001
FLOORFORGE
1000
floor:0
1000
preliminary
  0
LWPOLYLINE
  5
558
330
17
100
AcDbEntity
  8
A-SECT
100
AcDbPolyline
 90
3
 70
1
 10
470.0
 20
-4670.0
 10
130.0
 20
-4550.0
 10
470.0
 20
-4430.0
1001
FLOORFORGE
1000
floor:0
1000
preliminary
  0
HATCH
  5
559
330
17
100
AcDbEntity
  8
A-SECT
 62
7
100
AcDbHatch
 10
0.0
 20
0.0
 30
0.0
210
0.0
220
0.0
230
1.0
  2
SOLID
 70
1
 71
0
 91
1
 92
3
 72
0
 73
1
 93
3
 10
470.0
 20
-4670.0
 10
130.0
 20
-4550.0
 10
470.0
 20
-4430.0
 97
0
 75
0
 76
1
 98
0
  0
LINE
  5
55A
330
17
100
AcDbEntity
  8
A-SECT
100
AcDbLine
 10
750.0
 20
15712.0
 30
0.0
 11
750.0
 21
17782.0
 31
0.0
1001
FLOORFORGE
1000
floor:0
1000
preliminary
  0
LINE
  5
55B
330
17
100
AcDbEntity
  8
A-SECT
100
AcDbLine
 10
750.0
 20
17782.0
 30
0.0
 11
750.0
 21
18082.0
 31
0.0
1001
FLOORFORGE
1000
floor:0
1000
preliminary
  0
CIRCLE
  5
55C
330
17
100
AcDbEntity
  8
A-SECT
100
AcDbCircle
 10
750.0
 20
18362.0
 30
0.0
 40
280.0
1001
FLOORFORGE
1000
floor:0
1000
preliminary
  0
TEXT
  5
55D
330
17
100
AcDbEntity
  8
A-SECT
100
AcDbText
 10
750.0
 20
18277.0
 30
0.0
 40
220.0
  1
A
 72
1
 11
750.0
 21
18277.0
 31
0.0
100
AcDbText
 73
1
1001
FLOORFORGE
1000
floor:0
1000
preliminary
  0
LWPOLYLINE
  5
55E
330
17
100
AcDbEntity
  8
A-SECT
100
AcDbPolyline
 90
3
 70
1
 10
470.0
 20
18482.0
 10
130.0
 20
18362.0
 10
470.0
 20
18242.0
1001
FLOORFORGE
1000
floor:0
1000
preliminary
  0
HATCH
  5
55F
330
17
100
AcDbEntity
  8
A-SECT
 62
7
100
AcDbHatch
 10
0.0
 20
0.0
 30
0.0
210
0.0
220
0.0
230
1.0
  2
SOLID
 70
1
 71
0
 91
1
 92
3
 72
0
 73
1
 93
3
 10
470.0
 20
18482.0
 10
130.0
 20
18362.0
 10
470.0
 20
18242.0
 97
0
 75
0
 76
1
 98
0
  0
CIRCLE
  5
560
330
17
100
AcDbEntity
  8
A-ANNO
100
AcDbCircle
 10
-3600.0
 20
17012.0
 30
0.0
 40
550.0
1001
FLOORFORGE
1000
floor:0
1000
preliminary
  0
LWPOLYLINE
  5
561
330
17
100
AcDbEntity
  8
A-WALL
100
AcDbPolyline
 90
3
 70
1
 10
-3600.0
 20
17518.0
 10
-3754.0
 20
16709.5
 10
-3600.0
 20
16902.0
1001
FLOORFORGE
1000
floor:0
1000
preliminary
  0
HATCH
  5
562
330
17
100
AcDbEntity
  8
A-WALL
 62
7
100
AcDbHatch
 10
0.0
 20
0.0
 30
0.0
210
0.0
220
0.0
230
1.0
  2
SOLID
 70
1
 71
0
 91
1
 92
3
 72
0
 73
1
 93
3
 10
-3600.0
 20
17518.0
 10
-3754.0
 20
16709.5
 10
-3600.0
 20
16902.0
 97
0
 75
0
 76
1
 98
0
  0
LWPOLYLINE
  5
563
330
17
100
AcDbEntity
  8
A-WALL
100
AcDbPolyline
 90
3
 70
1
 10
-3600.0
 20
17518.0
 10
-3446.0
 20
16709.5
 10
-3600.0
 20
16902.0
1001
FLOORFORGE
1000
floor:0
1000
preliminary
  0
TEXT
  5
564
330
17
100
AcDbEntity
  8
A-ANNO
100
AcDbText
 10
-3600.0
 20
17732.0
 30
0.0
 40
260.0
  1
N
 72
1
 11
-3600.0
 21
17732.0
 31
0.0
100
AcDbText
 73
1
1001
FLOORFORGE
1000
floor:0
1000
preliminary
  0
TEXT
  5
565
330
17
100
AcDbEntity
  8
A-ANNO
100
AcDbText
 10
0.0
 20
-5200.0
 30
0.0
 40
190.0
  1
PRELIMINARY - ENGINEER TO REVIEW - NOT FOR CONSTRUCTION
 11
0.0
 21
-5200.0
 31
0.0
100
AcDbText
  0
TEXT
  5
566
330
17
100
AcDbEntity
  8
A-ANNO
100
AcDbText
 10
0.0
 20
20412.0
 30
0.0
 40
210.0
  1
FLOOR 0 / TRUE MILLIMETRES / NO STRUCTURAL CERTIFICATION
 11
0.0
 21
20412.0
 31
0.0
100
AcDbText
  0
LWPOLYLINE
  5
56E
330
17
100
AcDbEntity
  8
A-FLOR
100
AcDbPolyline
 90
7
 70
1
 10
25216.0
 20
230.0
 10
24986.0
 20
230.0
 10
22946.0
 20
230.0
 10
22946.0
 20
4220.0
 10
22946.0
 20
4375.0
 10
25141.0
 20
4375.0
 10
25216.0
 20
4375.0
1001
FLOORFORGE
1000
floor:1
1000
preliminary
  0
LWPOLYLINE
  5
56F
330
17
100
AcDbEntity
  8
A-FLOR
100
AcDbPolyline
 90
19
 70
1
 10
25216.0
 20
4375.0
 10
25291.0
 20
4375.0
 10
27741.0
 20
4375.0
 10
27891.0
 20
4375.0
 10
27891.0
 20
4450.0
 10
29091.0
 20
4450.0
 10
29091.0
 20
4375.0
 10
29166.0
 20
4375.0
 10
29241.0
 20
4375.0
 10
33202.0
 20
4375.0
 10
33202.0
 20
4220.0
 10
33202.0
 20
1665.0
 10
28631.0
 20
1665.0
 10
28401.0
 20
1665.0
 10
28401.0
 20
1550.0
 10
28401.0
 20
1435.0
 10
28401.0
 20
230.0
 10
25446.0
 20
230.0
 10
25216.0
 20
230.0
1001
FLOORFORGE
1000
floor:1
1000
preliminary
  0
LWPOLYLINE
  5
570
330
17
100
AcDbEntity
  8
A-FLOR
100
AcDbPolyline
 90
8
 70
1
 10
33432.0
 20
0.0
 10
28746.0
 20
0.0
 10
28746.0
 20
230.0
 10
28631.0
 20
230.0
 10
28631.0
 20
1435.0
 10
33202.0
 20
1435.0
 10
33202.0
 20
1320.0
 10
33432.0
 20
1320.0
1001
FLOORFORGE
1000
floor:1
1000
preliminary
  0
LWPOLYLINE
  5
571
330
17
100
AcDbEntity
  8
A-FLOR
100
AcDbPolyline
 90
9
 70
1
 10
27891.0
 20
4450.0
 10
27891.0
 20
4525.0
 10
27891.0
 20
8775.0
 10
27891.0
 20
8850.0
 10
27891.0
 20
8925.0
 10
27891.0
 20
10025.0
 10
29091.0
 20
10025.0
 10
29091.0
 20
4525.0
 10
29091.0
 20
4450.0
1001
FLOORFORGE
1000
floor:1
1000
preliminary
  0
LWPOLYLINE
  5
572
330
17
100
AcDbEntity
  8
A-FLOR
100
AcDbPolyline
 90
12
 70
1
 10
27741.0
 20
8775.0
 10
27741.0
 20
4525.0
 10
25291.0
 20
4525.0
 10
25216.0
 20
4525.0
 10
25141.0
 20
4525.0
 10
22946.0
 20
4525.0
 10
22946.0
 20
4680.0
 10
22946.0
 20
8620.0
 10
22946.0
 20
8775.0
 10
24441.0
 20
8775.0
 10
24516.0
 20
8775.0
 10
24591.0
 20
8775.0
1001
FLOORFORGE
1000
floor:1
1000
preliminary
  0
LWPOLYLINE
  5
573
330
17
100
AcDbEntity
  8
A-FLOR
100
AcDbPolyline
 90
17
 70
1
 10
29091.0
 20
15382.0
 10
29091.0
 20
12987.0
 10
29091.0
 20
12912.0
 10
29091.0
 20
12837.0
 10
29091.0
 20
10175.0
 10
27891.0
 20
10175.0
 10
27741.0
 20
10175.0
 10
27741.0
 20
10100.0
 10
27741.0
 20
10025.0
 10
27741.0
 20
8925.0
 10
24591.0
 20
8925.0
 10
24591.0
 20
11475.0
 10
24591.0
 20
11550.0
 10
24591.0
 20
11625.0
 10
24591.0
 20
15382.0
 10
24746.0
 20
15382.0
 10
28936.0
 20
15382.0
1001
FLOORFORGE
1000
floor:1
1000
preliminary
  0
LWPOLYLINE
  5
574
330
17
100
AcDbEntity
  8
A-FLOR
100
AcDbPolyline
 90
6
 70
1
 10
24441.0
 20
11625.0
 10
22946.0
 20
11625.0
 10
22946.0
 20
11780.0
 10
22946.0
 20
15382.0
 10
24286.0
 20
15382.0
 10
24441.0
 20
15382.0
1001
FLOORFORGE
1000
floor:1
1000
preliminary
  0
LWPOLYLINE
  5
575
330
17
100
AcDbEntity
  8
A-FLOR
100
AcDbPolyline
 90
6
 70
1
 10
22946.0
 20
8925.0
 10
22946.0
 20
9080.0
 10
22946.0
 20
11320.0
 10
22946.0
 20
11475.0
 10
24441.0
 20
11475.0
 10
24441.0
 20
8925.0
1001
FLOORFORGE
1000
floor:1
1000
preliminary
  0
LWPOLYLINE
  5
576
330
17
100
AcDbEntity
  8
A-FLOR
100
AcDbPolyline
 90
12
 70
1
 10
29241.0
 20
10100.0
 10
29241.0
 20
10175.0
 10
29241.0
 20
12837.0
 10
30957.0
 20
12837.0
 10
31032.0
 20
12837.0
 10
31107.0
 20
12837.0
 10
33202.0
 20
12837.0
 10
33202.0
 20
12682.0
 10
33202.0
 20
4680.0
 10
33202.0
 20
4525.0
 10
29241.0
 20
4525.0
 10
29241.0
 20
10025.0
1001
FLOORFORGE
1000
floor:1
1000
preliminary
  0
LWPOLYLINE
  5
577
330
17
100
AcDbEntity
  8
A-FLOR
100
AcDbPolyline
 90
6
 70
1
 10
29396.0
 20
15382.0
 10
30802.0
 20
15382.0
 10
30957.0
 20
15382.0
 10
30957.0
 20
12987.0
 10
29241.0
 20
12987.0
 10
29241.0
 20
15382.0
1001
FLOORFORGE
1000
floor:1
1000
preliminary
  0
LWPOLYLINE
  5
578
330
17
100
AcDbEntity
  8
A-FLOR
100
AcDbPolyline
 90
6
 70
1
 10
33202.0
 20
13142.0
 10
33202.0
 20
12987.0
 10
31107.0
 20
12987.0
 10
31107.0
 20
15382.0
 10
31262.0
 20
15382.0
 10
33202.0
 20
15382.0
1001
FLOORFORGE
1000
floor:1
1000
preliminary
  0
LWPOLYLINE
  5
579
330
17
100
AcDbEntity
  8
A-FLOR
100
AcDbPolyline
 90
5
 70
1
 10
22716.0
 20
0.0
 10
22716.0
 20
15612.0
 10
33432.0
 20
15612.0
 10
33432.0
 20
0.0
 10
22716.0
 20
0.0
1001
FLOORFORGE
1000
floor:1
1000
preliminary
  0
LWPOLYLINE
  5
57A
330
17
100
AcDbEntity
  8
A-FLOR
100
AcDbPolyline
 90
5
 70
1
 10
25166.0
 20
4350.0
 10
22966.0
 20
4350.0
 10
22966.0
 20
1300.0
 10
25166.0
 20
1300.0
 10
25166.0
 20
4350.0
1001
FLOORFORGE
1000
floor:1
1000
preliminary
  0
LWPOLYLINE
  5
57B
330
17
100
AcDbEntity
  8
A-WALL
100
AcDbPolyline
 90
5
 70
1
 10
22946.0
 20
4680.0
 10
22946.0
 20
0.0
 10
22716.0
 20
0.0
 10
22716.0
 20
4680.0
 10
22946.0
 20
4680.0
1001
FLOORFORGE
1000
floor:1
1000
preliminary
  0
HATCH
  5
57C
330
17
100
AcDbEntity
  8
A-WALL
 62
7
100
AcDbHatch
 10
0.0
 20
0.0
 30
0.0
210
0.0
220
0.0
230
1.0
  2
SOLID
 70
1
 71
0
 91
1
 92
3
 72
0
 73
1
 93
5
 10
22946.0
 20
4680.0
 10
22946.0
 20
0.0
 10
22716.0
 20
0.0
 10
22716.0
 20
4680.0
 10
22946.0
 20
4680.0
 97
0
 75
0
 76
1
 98
0
  0
LWPOLYLINE
  5
57D
330
17
100
AcDbEntity
  8
A-WALL
100
AcDbPolyline
 90
6
 70
1
 10
25446.0
 20
230.0
 10
25446.0
 20
0.0
 10
22716.0
 20
0.0
 10
22716.0
 20
230.0
 10
25216.0
 20
230.0
 10
25446.0
 20
230.0
1001
FLOORFORGE
1000
floor:1
1000
preliminary
  0
HATCH
  5
57E
330
17
100
AcDbEntity
  8
A-WALL
 62
7
100
AcDbHatch
 10
0.0
 20
0.0
 30
0.0
210
0.0
220
0.0
230
1.0
  2
SOLID
 70
1
 71
0
 91
1
 92
3
 72
0
 73
1
 93
6
 10
25446.0
 20
230.0
 10
25446.0
 20
0.0
 10
22716.0
 20
0.0
 10
22716.0
 20
230.0
 10
25216.0
 20
230.0
 10
25446.0
 20
230.0
 97
0
 75
0
 76
1
 98
0
  0
LWPOLYLINE
  5
57F
330
17
100
AcDbEntity
  8
A-WALL
100
AcDbPolyline
 90
5
 70
1
 10
22946.0
 20
7700.0
 10
22716.0
 20
7700.0
 10
22716.0
 20
9080.0
 10
22946.0
 20
9080.0
 10
22946.0
 20
7700.0
1001
FLOORFORGE
1000
floor:1
1000
preliminary
  0
HATCH
  5
580
330
17
100
AcDbEntity
  8
A-WALL
 62
7
100
AcDbHatch
 10
0.0
 20
0.0
 30
0.0
210
0.0
220
0.0
230
1.0
  2
SOLID
 70
1
 71
0
 91
1
 92
3
 72
0
 73
1
 93
5
 10
22946.0
 20
7700.0
 10
22716.0
 20
7700.0
 10
22716.0
 20
9080.0
 10
22946.0
 20
9080.0
 10
22946.0
 20
7700.0
 97
0
 75
0
 76
1
 98
0
  0
LWPOLYLINE
  5
581
330
17
100
AcDbEntity
  8
A-WALL
100
AcDbPolyline
 90
6
 70
1
 10
22946.0
 20
4450.0
 10
22946.0
 20
4220.0
 10
22716.0
 20
4220.0
 10
22716.0
 20
5600.0
 10
22946.0
 20
5600.0
 10
22946.0
 20
4450.0
1001
FLOORFORGE
1000
floor:1
1000
preliminary
  0
HATCH
  5
582
330
17
100
AcDbEntity
  8
A-WALL
 62
7
100
AcDbHatch
 10
0.0
 20
0.0
 30
0.0
210
0.0
220
0.0
230
1.0
  2
SOLID
 70
1
 71
0
 91
1
 92
3
 72
0
 73
1
 93
6
 10
22946.0
 20
4450.0
 10
22946.0
 20
4220.0
 10
22716.0
 20
4220.0
 10
22716.0
 20
5600.0
 10
22946.0
 20
5600.0
 10
22946.0
 20
4450.0
 97
0
 75
0
 76
1
 98
0
  0
LWPOLYLINE
  5
583
330
17
100
AcDbEntity
  8
A-WALL
100
AcDbPolyline
 90
6
 70
1
 10
25291.0
 20
4525.0
 10
25291.0
 20
4375.0
 10
22716.0
 20
4375.0
 10
22716.0
 20
4525.0
 10
25216.0
 20
4525.0
 10
25291.0
 20
4525.0
1001
FLOORFORGE
1000
floor:1
1000
preliminary
  0
HATCH
  5
584
330
17
100
AcDbEntity
  8
A-WALL
 62
7
100
AcDbHatch
 10
0.0
 20
0.0
 30
0.0
210
0.0
220
0.0
230
1.0
  2
SOLID
 70
1
 71
0
 91
1
 92
3
 72
0
 73
1
 93
6
 10
25291.0
 20
4525.0
 10
25291.0
 20
4375.0
 10
22716.0
 20
4375.0
 10
22716.0
 20
4525.0
 10
25216.0
 20
4525.0
 10
25291.0
 20
4525.0
 97
0
 75
0
 76
1
 98
0
  0
LWPOLYLINE
  5
585
330
17
100
AcDbEntity
  8
A-WALL
100
AcDbPolyline
 90
6
 70
1
 10
22946.0
 20
11780.0
 10
22946.0
 20
8850.0
 10
22946.0
 20
8620.0
 10
22716.0
 20
8620.0
 10
22716.0
 20
11780.0
 10
22946.0
 20
11780.0
1001
FLOORFORGE
1000
floor:1
1000
preliminary
  0
HATCH
  5
586
330
17
100
AcDbEntity
  8
A-WALL
 62
7
100
AcDbHatch
 10
0.0
 20
0.0
 30
0.0
210
0.0
220
0.0
230
1.0
  2
SOLID
 70
1
 71
0
 91
1
 92
3
 72
0
 73
1
 93
6
 10
22946.0
 20
11780.0
 10
22946.0
 20
8850.0
 10
22946.0
 20
8620.0
 10
22716.0
 20
8620.0
 10
22716.0
 20
11780.0
 10
22946.0
 20
11780.0
 97
0
 75
0
 76
1
 98
0
  0
LWPOLYLINE
  5
587
330
17
100
AcDbEntity
  8
A-WALL
100
AcDbPolyline
 90
6
 70
1
 10
24591.0
 20
8925.0
 10
24591.0
 20
8775.0
 10
22716.0
 20
8775.0
 10
22716.0
 20
8925.0
 10
24516.0
 20
8925.0
 10
24591.0
 20
8925.0
1001
FLOORFORGE
1000
floor:1
1000
preliminary
  0
HATCH
  5
588
330
17
100
AcDbEntity
  8
A-WALL
 62
7
100
AcDbHatch
 10
0.0
 20
0.0
 30
0.0
210
0.0
220
0.0
230
1.0
  2
SOLID
 70
1
 71
0
 91
1
 92
3
 72
0
 73
1
 93
6
 10
24591.0
 20
8925.0
 10
24591.0
 20
8775.0
 10
22716.0
 20
8775.0
 10
22716.0
 20
8925.0
 10
24516.0
 20
8925.0
 10
24591.0
 20
8925.0
 97
0
 75
0
 76
1
 98
0
  0
LWPOLYLINE
  5
589
330
17
100
AcDbEntity
  8
A-WALL
100
AcDbPolyline
 90
6
 70
1
 10
22946.0
 20
11320.0
 10
22716.0
 20
11320.0
 10
22716.0
 20
13131.0
 10
22946.0
 20
13131.0
 10
22946.0
 20
11550.0
 10
22946.0
 20
11320.0
1001
FLOORFORGE
1000
floor:1
1000
preliminary
  0
HATCH
  5
58A
330
17
100
AcDbEntity
  8
A-WALL
 62
7
100
AcDbHatch
 10
0.0
 20
0.0
 30
0.0
210
0.0
220
0.0
230
1.0
  2
SOLID
 70
1
 71
0
 91
1
 92
3
 72
0
 73
1
 93
6
 10
22946.0
 20
11320.0
 10
22716.0
 20
11320.0
 10
22716.0
 20
13131.0
 10
22946.0
 20
13131.0
 10
22946.0
 20
11550.0
 10
22946.0
 20
11320.0
 97
0
 75
0
 76
1
 98
0
  0
LWPOLYLINE
  5
58B
330
17
100
AcDbEntity
  8
A-WALL
100
AcDbPolyline
 90
5
 70
1
 10
22716.0
 20
15612.0
 10
22946.0
 20
15612.0
 10
22946.0
 20
14031.0
 10
22716.0
 20
14031.0
 10
22716.0
 20
15612.0
1001
FLOORFORGE
1000
floor:1
1000
preliminary
  0
HATCH
  5
58C
330
17
100
AcDbEntity
  8
A-WALL
 62
7
100
AcDbHatch
 10
0.0
 20
0.0
 30
0.0
210
0.0
220
0.0
230
1.0
  2
SOLID
 70
1
 71
0
 91
1
 92
3
 72
0
 73
1
 93
5
 10
22716.0
 20
15612.0
 10
22946.0
 20
15612.0
 10
22946.0
 20
14031.0
 10
22716.0
 20
14031.0
 10
22716.0
 20
15612.0
 97
0
 75
0
 76
1
 98
0
  0
LWPOLYLINE
  5
58D
330
17
100
AcDbEntity
  8
A-WALL
100
AcDbPolyline
 90
6
 70
1
 10
24591.0
 20
11625.0
 10
24591.0
 20
11475.0
 10
22716.0
 20
11475.0
 10
22716.0
 20
11625.0
 10
24516.0
 20
11625.0
 10
24591.0
 20
11625.0
1001
FLOORFORGE
1000
floor:1
1000
preliminary
  0
HATCH
  5
58E
330
17
100
AcDbEntity
  8
A-WALL
 62
7
100
AcDbHatch
 10
0.0
 20
0.0
 30
0.0
210
0.0
220
0.0
230
1.0
  2
SOLID
 70
1
 71
0
 91
1
 92
3
 72
0
 73
1
 93
6
 10
24591.0
 20
11625.0
 10
24591.0
 20
11475.0
 10
22716.0
 20
11475.0
 10
22716.0
 20
11625.0
 10
24516.0
 20
11625.0
 10
24591.0
 20
11625.0
 97
0
 75
0
 76
1
 98
0
  0
LWPOLYLINE
  5
58F
330
17
100
AcDbEntity
  8
A-WALL
100
AcDbPolyline
 90
5
 70
1
 10
24066.0
 20
15382.0
 10
24066.0
 20
15612.0
 10
24746.0
 20
15612.0
 10
24746.0
 20
15382.0
 10
24066.0
 20
15382.0
1001
FLOORFORGE
1000
floor:1
1000
preliminary
  0
HATCH
  5
590
330
17
100
AcDbEntity
  8
A-WALL
 62
7
100
AcDbHatch
 10
0.0
 20
0.0
 30
0.0
210
0.0
220
0.0
230
1.0
  2
SOLID
 70
1
 71
0
 91
1
 92
3
 72
0
 73
1
 93
5
 10
24066.0
 20
15382.0
 10
24066.0
 20
15612.0
 10
24746.0
 20
15612.0
 10
24746.0
 20
15382.0
 10
24066.0
 20
15382.0
 97
0
 75
0
 76
1
 98
0
  0
LWPOLYLINE
  5
591
330
17
100
AcDbEntity
  8
A-WALL
100
AcDbPolyline
 90
5
 70
1
 10
22716.0
 20
15382.0
 10
22716.0
 20
15612.0
 10
23166.0
 20
15612.0
 10
23166.0
 20
15382.0
 10
22716.0
 20
15382.0
1001
FLOORFORGE
1000
floor:1
1000
preliminary
  0
HATCH
  5
592
330
17
100
AcDbEntity
  8
A-WALL
 62
7
100
AcDbHatch
 10
0.0
 20
0.0
 30
0.0
210
0.0
220
0.0
230
1.0
  2
SOLID
 70
1
 71
0
 91
1
 92
3
 72
0
 73
1
 93
5
 10
22716.0
 20
15382.0
 10
22716.0
 20
15612.0
 10
23166.0
 20
15612.0
 10
23166.0
 20
15382.0
 10
22716.0
 20
15382.0
 97
0
 75
0
 76
1
 98
0
  0
LWPOLYLINE
  5
593
330
17
100
AcDbEntity
  8
A-WALL
100
AcDbPolyline
 90
6
 70
1
 10
24591.0
 20
11625.0
 10
24591.0
 20
10575.0
 10
24441.0
 20
10575.0
 10
24441.0
 20
11550.0
 10
24441.0
 20
11625.0
 10
24591.0
 20
11625.0
1001
FLOORFORGE
1000
floor:1
1000
preliminary
  0
HATCH
  5
594
330
17
100
AcDbEntity
  8
A-WALL
 62
7
100
AcDbHatch
 10
0.0
 20
0.0
 30
0.0
210
0.0
220
0.0
230
1.0
  2
SOLID
 70
1
 71
0
 91
1
 92
3
 72
0
 73
1
 93
6
 10
24591.0
 20
11625.0
 10
24591.0
 20
10575.0
 10
24441.0
 20
10575.0
 10
24441.0
 20
11550.0
 10
24441.0
 20
11625.0
 10
24591.0
 20
11625.0
 97
0
 75
0
 76
1
 98
0
  0
LWPOLYLINE
  5
595
330
17
100
AcDbEntity
  8
A-WALL
100
AcDbPolyline
 90
6
 70
1
 10
24591.0
 20
8850.0
 10
24591.0
 20
8775.0
 10
24441.0
 20
8775.0
 10
24441.0
 20
9825.0
 10
24591.0
 20
9825.0
 10
24591.0
 20
8850.0
1001
FLOORFORGE
1000
floor:1
1000
preliminary
  0
HATCH
  5
596
330
17
100
AcDbEntity
  8
A-WALL
 62
7
100
AcDbHatch
 10
0.0
 20
0.0
 30
0.0
210
0.0
220
0.0
230
1.0
  2
SOLID
 70
1
 71
0
 91
1
 92
3
 72
0
 73
1
 93
6
 10
24591.0
 20
8850.0
 10
24591.0
 20
8775.0
 10
24441.0
 20
8775.0
 10
24441.0
 20
9825.0
 10
24591.0
 20
9825.0
 10
24591.0
 20
8850.0
 97
0
 75
0
 76
1
 98
0
  0
LWPOLYLINE
  5
597
330
17
100
AcDbEntity
  8
A-WALL
100
AcDbPolyline
 90
7
 70
1
 10
27891.0
 20
8925.0
 10
27891.0
 20
8775.0
 10
24516.0
 20
8775.0
 10
24441.0
 20
8775.0
 10
24441.0
 20
8925.0
 10
27816.0
 20
8925.0
 10
27891.0
 20
8925.0
1001
FLOORFORGE
1000
floor:1
1000
preliminary
  0
HATCH
  5
598
330
17
100
AcDbEntity
  8
A-WALL
 62
7
100
AcDbHatch
 10
0.0
 20
0.0
 30
0.0
210
0.0
220
0.0
230
1.0
  2
SOLID
 70
1
 71
0
 91
1
 92
3
 72
0
 73
1
 93
7
 10
27891.0
 20
8925.0
 10
27891.0
 20
8775.0
 10
24516.0
 20
8775.0
 10
24441.0
 20
8775.0
 10
24441.0
 20
8925.0
 10
27816.0
 20
8925.0
 10
27891.0
 20
8925.0
 97
0
 75
0
 76
1
 98
0
  0
LWPOLYLINE
  5
599
330
17
100
AcDbEntity
  8
A-WALL
100
AcDbPolyline
 90
6
 70
1
 10
24591.0
 20
11475.0
 10
24441.0
 20
11475.0
 10
24441.0
 20
13131.0
 10
24591.0
 20
13131.0
 10
24591.0
 20
11550.0
 10
24591.0
 20
11475.0
1001
FLOORFORGE
1000
floor:1
1000
preliminary
  0
HATCH
  5
59A
330
17
100
AcDbEntity
  8
A-WALL
 62
7
100
AcDbHatch
 10
0.0
 20
0.0
 30
0.0
210
0.0
220
0.0
230
1.0
  2
SOLID
 70
1
 71
0
 91
1
 92
3
 72
0
 73
1
 93
6
 10
24591.0
 20
11475.0
 10
24441.0
 20
11475.0
 10
24441.0
 20
13131.0
 10
24591.0
 20
13131.0
 10
24591.0
 20
11550.0
 10
24591.0
 20
11475.0
 97
0
 75
0
 76
1
 98
0
  0
LWPOLYLINE
  5
59B
330
17
100
AcDbEntity
  8
A-WALL
100
AcDbPolyline
 90
5
 70
1
 10
24441.0
 20
15612.0
 10
24591.0
 20
15612.0
 10
24591.0
 20
14031.0
 10
24441.0
 20
14031.0
 10
24441.0
 20
15612.0
1001
FLOORFORGE
1000
floor:1
1000
preliminary
  0
HATCH
  5
59C
330
17
100
AcDbEntity
  8
A-WALL
 62
7
100
AcDbHatch
 10
0.0
 20
0.0
 30
0.0
210
0.0
220
0.0
230
1.0
  2
SOLID
 70
1
 71
0
 91
1
 92
3
 72
0
 73
1
 93
5
 10
24441.0
 20
15612.0
 10
24591.0
 20
15612.0
 10
24591.0
 20
14031.0
 10
24441.0
 20
14031.0
 10
24441.0
 20
15612.0
 97
0
 75
0
 76
1
 98
0
  0
LWPOLYLINE
  5
59D
330
17
100
AcDbEntity
  8
A-WALL
100
AcDbPolyline
 90
5
 70
1
 10
27891.0
 20
15382.0
 10
27891.0
 20
15612.0
 10
29396.0
 20
15612.0
 10
29396.0
 20
15382.0
 10
27891.0
 20
15382.0
1001
FLOORFORGE
1000
floor:1
1000
preliminary
  0
HATCH
  5
59E
330
17
100
AcDbEntity
  8
A-WALL
 62
7
100
AcDbHatch
 10
0.0
 20
0.0
 30
0.0
210
0.0
220
0.0
230
1.0
  2
SOLID
 70
1
 71
0
 91
1
 92
3
 72
0
 73
1
 93
5
 10
27891.0
 20
15382.0
 10
27891.0
 20
15612.0
 10
29396.0
 20
15612.0
 10
29396.0
 20
15382.0
 10
27891.0
 20
15382.0
 97
0
 75
0
 76
1
 98
0
  0
LWPOLYLINE
  5
59F
330
17
100
AcDbEntity
  8
A-WALL
100
AcDbPolyline
 90
6
 70
1
 10
24516.0
 20
15382.0
 10
24286.0
 20
15382.0
 10
24286.0
 20
15612.0
 10
25791.0
 20
15612.0
 10
25791.0
 20
15382.0
 10
24516.0
 20
15382.0
1001
FLOORFORGE
1000
floor:1
1000
preliminary
  0
HATCH
  5
5A0
330
17
100
AcDbEntity
  8
A-WALL
 62
7
100
AcDbHatch
 10
0.0
 20
0.0
 30
0.0
210
0.0
220
0.0
230
1.0
  2
SOLID
 70
1
 71
0
 91
1
 92
3
 72
0
 73
1
 93
6
 10
24516.0
 20
15382.0
 10
24286.0
 20
15382.0
 10
24286.0
 20
15612.0
 10
25791.0
 20
15612.0
 10
25791.0
 20
15382.0
 10
24516.0
 20
15382.0
 97
0
 75
0
 76
1
 98
0
  0
LWPOLYLINE
  5
5A1
330
17
100
AcDbEntity
  8
A-WALL
100
AcDbPolyline
 90
6
 70
1
 10
28746.0
 20
0.0
 10
27766.0
 20
0.0
 10
27766.0
 20
230.0
 10
28516.0
 20
230.0
 10
28746.0
 20
230.0
 10
28746.0
 20
0.0
1001
FLOORFORGE
1000
floor:1
1000
preliminary
  0
HATCH
  5
5A2
330
17
100
AcDbEntity
  8
A-WALL
 62
7
100
AcDbHatch
 10
0.0
 20
0.0
 30
0.0
210
0.0
220
0.0
230
1.0
  2
SOLID
 70
1
 71
0
 91
1
 92
3
 72
0
 73
1
 93
6
 10
28746.0
 20
0.0
 10
27766.0
 20
0.0
 10
27766.0
 20
230.0
 10
28516.0
 20
230.0
 10
28746.0
 20
230.0
 10
28746.0
 20
0.0
 97
0
 75
0
 76
1
 98
0
  0
LWPOLYLINE
  5
5A3
330
17
100
AcDbEntity
  8
A-WALL
100
AcDbPolyline
 90
5
 70
1
 10
24986.0
 20
0.0
 10
24986.0
 20
230.0
 10
25966.0
 20
230.0
 10
25966.0
 20
0.0
 10
24986.0
 20
0.0
1001
FLOORFORGE
1000
floor:1
1000
preliminary
  0
HATCH
  5
5A4
330
17
100
AcDbEntity
  8
A-WALL
 62
7
100
AcDbHatch
 10
0.0
 20
0.0
 30
0.0
210
0.0
220
0.0
230
1.0
  2
SOLID
 70
1
 71
0
 91
1
 92
3
 72
0
 73
1
 93
5
 10
24986.0
 20
0.0
 10
24986.0
 20
230.0
 10
25966.0
 20
230.0
 10
25966.0
 20
0.0
 10
24986.0
 20
0.0
 97
0
 75
0
 76
1
 98
0
  0
LWPOLYLINE
  5
5A5
330
17
100
AcDbEntity
  8
A-WALL
100
AcDbPolyline
 90
7
 70
1
 10
27891.0
 20
4525.0
 10
27891.0
 20
4375.0
 10
25216.0
 20
4375.0
 10
25141.0
 20
4375.0
 10
25141.0
 20
4525.0
 10
27816.0
 20
4525.0
 10
27891.0
 20
4525.0
1001
FLOORFORGE
1000
floor:1
1000
preliminary
  0
HATCH
  5
5A6
330
17
100
AcDbEntity
  8
A-WALL
 62
7
100
AcDbHatch
 10
0.0
 20
0.0
 30
0.0
210
0.0
220
0.0
230
1.0
  2
SOLID
 70
1
 71
0
 91
1
 92
3
 72
0
 73
1
 93
7
 10
27891.0
 20
4525.0
 10
27891.0
 20
4375.0
 10
25216.0
 20
4375.0
 10
25141.0
 20
4375.0
 10
25141.0
 20
4525.0
 10
27816.0
 20
4525.0
 10
27891.0
 20
4525.0
 97
0
 75
0
 76
1
 98
0
  0
LWPOLYLINE
  5
5A7
330
17
100
AcDbEntity
  8
A-WALL
100
AcDbPolyline
 90
6
 70
1
 10
27891.0
 20
8925.0
 10
27891.0
 20
5500.0
 10
27741.0
 20
5500.0
 10
27741.0
 20
8850.0
 10
27741.0
 20
8925.0
 10
27891.0
 20
8925.0
1001
FLOORFORGE
1000
floor:1
1000
preliminary
  0
HATCH
  5
5A8
330
17
100
AcDbEntity
  8
A-WALL
 62
7
100
AcDbHatch
 10
0.0
 20
0.0
 30
0.0
210
0.0
220
0.0
230
1.0
  2
SOLID
 70
1
 71
0
 91
1
 92
3
 72
0
 73
1
 93
6
 10
27891.0
 20
8925.0
 10
27891.0
 20
5500.0
 10
27741.0
 20
5500.0
 10
27741.0
 20
8850.0
 10
27741.0
 20
8925.0
 10
27891.0
 20
8925.0
 97
0
 75
0
 76
1
 98
0
  0
LWPOLYLINE
  5
5A9
330
17
100
AcDbEntity
  8
A-WALL
100
AcDbPolyline
 90
6
 70
1
 10
27891.0
 20
4450.0
 10
27891.0
 20
4375.0
 10
27741.0
 20
4375.0
 10
27741.0
 20
4600.0
 10
27891.0
 20
4600.0
 10
27891.0
 20
4450.0
1001
FLOORFORGE
1000
floor:1
1000
preliminary
  0
HATCH
  5
5AA
330
17
100
AcDbEntity
  8
A-WALL
 62
7
100
AcDbHatch
 10
0.0
 20
0.0
 30
0.0
210
0.0
220
0.0
230
1.0
  2
SOLID
 70
1
 71
0
 91
1
 92
3
 72
0
 73
1
 93
6
 10
27891.0
 20
4450.0
 10
27891.0
 20
4375.0
 10
27741.0
 20
4375.0
 10
27741.0
 20
4600.0
 10
27891.0
 20
4600.0
 10
27891.0
 20
4450.0
 97
0
 75
0
 76
1
 98
0
  0
LWPOLYLINE
  5
5AB
330
17
100
AcDbEntity
  8
A-WALL
100
AcDbPolyline
 90
6
 70
1
 10
27891.0
 20
10175.0
 10
27891.0
 20
9900.0
 10
27741.0
 20
9900.0
 10
27741.0
 20
10100.0
 10
27741.0
 20
10175.0
 10
27891.0
 20
10175.0
1001
FLOORFORGE
1000
floor:1
1000
preliminary
  0
HATCH
  5
5AC
330
17
100
AcDbEntity
  8
A-WALL
 62
7
100
AcDbHatch
 10
0.0
 20
0.0
 30
0.0
210
0.0
220
0.0
230
1.0
  2
SOLID
 70
1
 71
0
 91
1
 92
3
 72
0
 73
1
 93
6
 10
27891.0
 20
10175.0
 10
27891.0
 20
9900.0
 10
27741.0
 20
9900.0
 10
27741.0
 20
10100.0
 10
27741.0
 20
10175.0
 10
27891.0
 20
10175.0
 97
0
 75
0
 76
1
 98
0
  0
LWPOLYLINE
  5
5AD
330
17
100
AcDbEntity
  8
A-WALL
100
AcDbPolyline
 90
6
 70
1
 10
27891.0
 20
8850.0
 10
27891.0
 20
8775.0
 10
27741.0
 20
8775.0
 10
27741.0
 20
9000.0
 10
27891.0
 20
9000.0
 10
27891.0
 20
8850.0
1001
FLOORFORGE
1000
floor:1
1000
preliminary
  0
HATCH
  5
5AE
330
17
100
AcDbEntity
  8
A-WALL
 62
7
100
AcDbHatch
 10
0.0
 20
0.0
 30
0.0
210
0.0
220
0.0
230
1.0
  2
SOLID
 70
1
 71
0
 91
1
 92
3
 72
0
 73
1
 93
6
 10
27891.0
 20
8850.0
 10
27891.0
 20
8775.0
 10
27741.0
 20
8775.0
 10
27741.0
 20
9000.0
 10
27891.0
 20
9000.0
 10
27891.0
 20
8850.0
 97
0
 75
0
 76
1
 98
0
  0
LWPOLYLINE
  5
5AF
330
17
100
AcDbEntity
  8
A-WALL
100
AcDbPolyline
 90
7
 70
1
 10
29241.0
 20
10175.0
 10
29241.0
 20
10025.0
 10
27816.0
 20
10025.0
 10
27741.0
 20
10025.0
 10
27741.0
 20
10175.0
 10
29166.0
 20
10175.0
 10
29241.0
 20
10175.0
1001
FLOORFORGE
1000
floor:1
1000
preliminary
  0
HATCH
  5
5B0
330
17
100
AcDbEntity
  8
A-WALL
 62
7
100
AcDbHatch
 10
0.0
 20
0.0
 30
0.0
210
0.0
220
0.0
230
1.0
  2
SOLID
 70
1
 71
0
 91
1
 92
3
 72
0
 73
1
 93
7
 10
29241.0
 20
10175.0
 10
29241.0
 20
10025.0
 10
27816.0
 20
10025.0
 10
27741.0
 20
10025.0
 10
27741.0
 20
10175.0
 10
29166.0
 20
10175.0
 10
29241.0
 20
10175.0
 97
0
 75
0
 76
1
 98
0
  0
LWPOLYLINE
  5
5B1
330
17
100
AcDbEntity
  8
A-WALL
100
AcDbPolyline
 90
6
 70
1
 10
28401.0
 20
1665.0
 10
28631.0
 20
1665.0
 10
28631.0
 20
0.0
 10
28401.0
 20
0.0
 10
28401.0
 20
1550.0
 10
28401.0
 20
1665.0
1001
FLOORFORGE
1000
floor:1
1000
preliminary
  0
HATCH
  5
5B2
330
17
100
AcDbEntity
  8
A-WALL
 62
7
100
AcDbHatch
 10
0.0
 20
0.0
 30
0.0
210
0.0
220
0.0
230
1.0
  2
SOLID
 70
1
 71
0
 91
1
 92
3
 72
0
 73
1
 93
6
 10
28401.0
 20
1665.0
 10
28631.0
 20
1665.0
 10
28631.0
 20
0.0
 10
28401.0
 20
0.0
 10
28401.0
 20
1550.0
 10
28401.0
 20
1665.0
 97
0
 75
0
 76
1
 98
0
  0
LWPOLYLINE
  5
5B3
330
17
100
AcDbEntity
  8
A-WALL
100
AcDbPolyline
 90
6
 70
1
 10
28401.0
 20
1435.0
 10
28401.0
 20
1665.0
 10
29774.0
 20
1665.0
 10
29774.0
 20
1435.0
 10
28516.0
 20
1435.0
 10
28401.0
 20
1435.0
1001
FLOORFORGE
1000
floor:1
1000
preliminary
  0
HATCH
  5
5B4
330
17
100
AcDbEntity
  8
A-WALL
 62
7
100
AcDbHatch
 10
0.0
 20
0.0
 30
0.0
210
0.0
220
0.0
230
1.0
  2
SOLID
 70
1
 71
0
 91
1
 92
3
 72
0
 73
1
 93
6
 10
28401.0
 20
1435.0
 10
28401.0
 20
1665.0
 10
29774.0
 20
1665.0
 10
29774.0
 20
1435.0
 10
28516.0
 20
1435.0
 10
28401.0
 20
1435.0
 97
0
 75
0
 76
1
 98
0
  0
LWPOLYLINE
  5
5B5
330
17
100
AcDbEntity
  8
A-WALL
100
AcDbPolyline
 90
5
 70
1
 10
33432.0
 20
1665.0
 10
33432.0
 20
1435.0
 10
32174.0
 20
1435.0
 10
32174.0
 20
1665.0
 10
33432.0
 20
1665.0
1001
FLOORFORGE
1000
floor:1
1000
preliminary
  0
HATCH
  5
5B6
330
17
100
AcDbEntity
  8
A-WALL
 62
7
100
AcDbHatch
 10
0.0
 20
0.0
 30
0.0
210
0.0
220
0.0
230
1.0
  2
SOLID
 70
1
 71
0
 91
1
 92
3
 72
0
 73
1
 93
5
 10
33432.0
 20
1665.0
 10
33432.0
 20
1435.0
 10
32174.0
 20
1435.0
 10
32174.0
 20
1665.0
 10
33432.0
 20
1665.0
 97
0
 75
0
 76
1
 98
0
  0
LWPOLYLINE
  5
5B7
330
17
100
AcDbEntity
  8
A-WALL
100
AcDbPolyline
 90
6
 70
1
 10
29241.0
 20
10175.0
 10
29241.0
 20
5500.0
 10
29091.0
 20
5500.0
 10
29091.0
 20
10100.0
 10
29091.0
 20
10175.0
 10
29241.0
 20
10175.0
1001
FLOORFORGE
1000
floor:1
1000
preliminary
  0
HATCH
  5
5B8
330
17
100
AcDbEntity
  8
A-WALL
 62
7
100
AcDbHatch
 10
0.0
 20
0.0
 30
0.0
210
0.0
220
0.0
230
1.0
  2
SOLID
 70
1
 71
0
 91
1
 92
3
 72
0
 73
1
 93
6
 10
29241.0
 20
10175.0
 10
29241.0
 20
5500.0
 10
29091.0
 20
5500.0
 10
29091.0
 20
10100.0
 10
29091.0
 20
10175.0
 10
29241.0
 20
10175.0
 97
0
 75
0
 76
1
 98
0
  0
LWPOLYLINE
  5
5B9
330
17
100
AcDbEntity
  8
A-WALL
100
AcDbPolyline
 90
6
 70
1
 10
29241.0
 20
4450.0
 10
29241.0
 20
4375.0
 10
29091.0
 20
4375.0
 10
29091.0
 20
4600.0
 10
29241.0
 20
4600.0
 10
29241.0
 20
4450.0
1001
FLOORFORGE
1000
floor:1
1000
preliminary
  0
HATCH
  5
5BA
330
17
100
AcDbEntity
  8
A-WALL
 62
7
100
AcDbHatch
 10
0.0
 20
0.0
 30
0.0
210
0.0
220
0.0
230
1.0
  2
SOLID
 70
1
 71
0
 91
1
 92
3
 72
0
 73
1
 93
6
 10
29241.0
 20
4450.0
 10
29241.0
 20
4375.0
 10
29091.0
 20
4375.0
 10
29091.0
 20
4600.0
 10
29241.0
 20
4600.0
 10
29241.0
 20
4450.0
 97
0
 75
0
 76
1
 98
0
  0
LWPOLYLINE
  5
5BB
330
17
100
AcDbEntity
  8
A-WALL
100
AcDbPolyline
 90
6
 70
1
 10
29166.0
 20
4375.0
 10
29091.0
 20
4375.0
 10
29091.0
 20
4525.0
 10
33432.0
 20
4525.0
 10
33432.0
 20
4375.0
 10
29166.0
 20
4375.0
1001
FLOORFORGE
1000
floor:1
1000
preliminary
  0
HATCH
  5
5BC
330
17
100
AcDbEntity
  8
A-WALL
 62
7
100
AcDbHatch
 10
0.0
 20
0.0
 30
0.0
210
0.0
220
0.0
230
1.0
  2
SOLID
 70
1
 71
0
 91
1
 92
3
 72
0
 73
1
 93
6
 10
29166.0
 20
4375.0
 10
29091.0
 20
4375.0
 10
29091.0
 20
4525.0
 10
33432.0
 20
4525.0
 10
33432.0
 20
4375.0
 10
29166.0
 20
4375.0
 97
0
 75
0
 76
1
 98
0
  0
LWPOLYLINE
  5
5BD
330
17
100
AcDbEntity
  8
A-WALL
100
AcDbPolyline
 90
7
 70
1
 10
29091.0
 20
12987.0
 10
29241.0
 20
12987.0
 10
29241.0
 20
10100.0
 10
29241.0
 20
10025.0
 10
29091.0
 20
10025.0
 10
29091.0
 20
12912.0
 10
29091.0
 20
12987.0
1001
FLOORFORGE
1000
floor:1
1000
preliminary
  0
HATCH
  5
5BE
330
17
100
AcDbEntity
  8
A-WALL
 62
7
100
AcDbHatch
 10
0.0
 20
0.0
 30
0.0
210
0.0
220
0.0
230
1.0
  2
SOLID
 70
1
 71
0
 91
1
 92
3
 72
0
 73
1
 93
7
 10
29091.0
 20
12987.0
 10
29241.0
 20
12987.0
 10
29241.0
 20
10100.0
 10
29241.0
 20
10025.0
 10
29091.0
 20
10025.0
 10
29091.0
 20
12912.0
 10
29091.0
 20
12987.0
 97
0
 75
0
 76
1
 98
0
  0
LWPOLYLINE
  5
5BF
330
17
100
AcDbEntity
  8
A-WALL
100
AcDbPolyline
 90
6
 70
1
 10
29241.0
 20
12912.0
 10
29241.0
 20
12837.0
 10
29091.0
 20
12837.0
 10
29091.0
 20
15612.0
 10
29241.0
 20
15612.0
 10
29241.0
 20
12912.0
1001
FLOORFORGE
1000
floor:1
1000
preliminary
  0
HATCH
  5
5C0
330
17
100
AcDbEntity
  8
A-WALL
 62
7
100
AcDbHatch
 10
0.0
 20
0.0
 30
0.0
210
0.0
220
0.0
230
1.0
  2
SOLID
 70
1
 71
0
 91
1
 92
3
 72
0
 73
1
 93
6
 10
29241.0
 20
12912.0
 10
29241.0
 20
12837.0
 10
29091.0
 20
12837.0
 10
29091.0
 20
15612.0
 10
29241.0
 20
15612.0
 10
29241.0
 20
12912.0
 97
0
 75
0
 76
1
 98
0
  0
LWPOLYLINE
  5
5C1
330
17
100
AcDbEntity
  8
A-WALL
100
AcDbPolyline
 90
6
 70
1
 10
31107.0
 20
12837.0
 10
30549.0
 20
12837.0
 10
30549.0
 20
12987.0
 10
31032.0
 20
12987.0
 10
31107.0
 20
12987.0
 10
31107.0
 20
12837.0
1001
FLOORFORGE
1000
floor:1
1000
preliminary
  0
HATCH
  5
5C2
330
17
100
AcDbEntity
  8
A-WALL
 62
7
100
AcDbHatch
 10
0.0
 20
0.0
 30
0.0
210
0.0
220
0.0
230
1.0
  2
SOLID
 70
1
 71
0
 91
1
 92
3
 72
0
 73
1
 93
6
 10
31107.0
 20
12837.0
 10
30549.0
 20
12837.0
 10
30549.0
 20
12987.0
 10
31032.0
 20
12987.0
 10
31107.0
 20
12987.0
 10
31107.0
 20
12837.0
 97
0
 75
0
 76
1
 98
0
  0
LWPOLYLINE
  5
5C3
330
17
100
AcDbEntity
  8
A-WALL
100
AcDbPolyline
 90
6
 70
1
 10
29166.0
 20
12837.0
 10
29091.0
 20
12837.0
 10
29091.0
 20
12987.0
 10
29649.0
 20
12987.0
 10
29649.0
 20
12837.0
 10
29166.0
 20
12837.0
1001
FLOORFORGE
1000
floor:1
1000
preliminary
  0
HATCH
  5
5C4
330
17
100
AcDbEntity
  8
A-WALL
 62
7
100
AcDbHatch
 10
0.0
 20
0.0
 30
0.0
210
0.0
220
0.0
230
1.0
  2
SOLID
 70
1
 71
0
 91
1
 92
3
 72
0
 73
1
 93
6
 10
29166.0
 20
12837.0
 10
29091.0
 20
12837.0
 10
29091.0
 20
12987.0
 10
29649.0
 20
12987.0
 10
29649.0
 20
12837.0
 10
29166.0
 20
12837.0
 97
0
 75
0
 76
1
 98
0
  0
LWPOLYLINE
  5
5C5
330
17
100
AcDbEntity
  8
A-WALL
100
AcDbPolyline
 90
5
 70
1
 10
30549.0
 20
15382.0
 10
30549.0
 20
15612.0
 10
31262.0
 20
15612.0
 10
31262.0
 20
15382.0
 10
30549.0
 20
15382.0
1001
FLOORFORGE
1000
floor:1
1000
preliminary
  0
HATCH
  5
5C6
330
17
100
AcDbEntity
  8
A-WALL
 62
7
100
AcDbHatch
 10
0.0
 20
0.0
 30
0.0
210
0.0
220
0.0
230
1.0
  2
SOLID
 70
1
 71
0
 91
1
 92
3
 72
0
 73
1
 93
5
 10
30549.0
 20
15382.0
 10
30549.0
 20
15612.0
 10
31262.0
 20
15612.0
 10
31262.0
 20
15382.0
 10
30549.0
 20
15382.0
 97
0
 75
0
 76
1
 98
0
  0
LWPOLYLINE
  5
5C7
330
17
100
AcDbEntity
  8
A-WALL
100
AcDbPolyline
 90
6
 70
1
 10
29166.0
 20
15382.0
 10
28936.0
 20
15382.0
 10
28936.0
 20
15612.0
 10
29649.0
 20
15612.0
 10
29649.0
 20
15382.0
 10
29166.0
 20
15382.0
1001
FLOORFORGE
1000
floor:1
1000
preliminary
  0
HATCH
  5
5C8
330
17
100
AcDbEntity
  8
A-WALL
 62
7
100
AcDbHatch
 10
0.0
 20
0.0
 30
0.0
210
0.0
220
0.0
230
1.0
  2
SOLID
 70
1
 71
0
 91
1
 92
3
 72
0
 73
1
 93
6
 10
29166.0
 20
15382.0
 10
28936.0
 20
15382.0
 10
28936.0
 20
15612.0
 10
29649.0
 20
15612.0
 10
29649.0
 20
15382.0
 10
29166.0
 20
15382.0
 97
0
 75
0
 76
1
 98
0
  0
LWPOLYLINE
  5
5C9
330
17
100
AcDbEntity
  8
A-WALL
100
AcDbPolyline
 90
6
 70
1
 10
31107.0
 20
12837.0
 10
30957.0
 20
12837.0
 10
30957.0
 20
13887.0
 10
31107.0
 20
13887.0
 10
31107.0
 20
12912.0
 10
31107.0
 20
12837.0
1001
FLOORFORGE
1000
floor:1
1000
preliminary
  0
HATCH
  5
5CA
330
17
100
AcDbEntity
  8
A-WALL
 62
7
100
AcDbHatch
 10
0.0
 20
0.0
 30
0.0
210
0.0
220
0.0
230
1.0
  2
SOLID
 70
1
 71
0
 91
1
 92
3
 72
0
 73
1
 93
6
 10
31107.0
 20
12837.0
 10
30957.0
 20
12837.0
 10
30957.0
 20
13887.0
 10
31107.0
 20
13887.0
 10
31107.0
 20
12912.0
 10
31107.0
 20
12837.0
 97
0
 75
0
 76
1
 98
0
  0
LWPOLYLINE
  5
5CB
330
17
100
AcDbEntity
  8
A-WALL
100
AcDbPolyline
 90
5
 70
1
 10
30957.0
 20
15612.0
 10
31107.0
 20
15612.0
 10
31107.0
 20
14637.0
 10
30957.0
 20
14637.0
 10
30957.0
 20
15612.0
1001
FLOORFORGE
1000
floor:1
1000
preliminary
  0
HATCH
  5
5CC
330
17
100
AcDbEntity
  8
A-WALL
 62
7
100
AcDbHatch
 10
0.0
 20
0.0
 30
0.0
210
0.0
220
0.0
230
1.0
  2
SOLID
 70
1
 71
0
 91
1
 92
3
 72
0
 73
1
 93
5
 10
30957.0
 20
15612.0
 10
31107.0
 20
15612.0
 10
31107.0
 20
14637.0
 10
30957.0
 20
14637.0
 10
30957.0
 20
15612.0
 97
0
 75
0
 76
1
 98
0
  0
LWPOLYLINE
  5
5CD
330
17
100
AcDbEntity
  8
A-WALL
100
AcDbPolyline
 90
6
 70
1
 10
31032.0
 20
12837.0
 10
30957.0
 20
12837.0
 10
30957.0
 20
12987.0
 10
33432.0
 20
12987.0
 10
33432.0
 20
12837.0
 10
31032.0
 20
12837.0
1001
FLOORFORGE
1000
floor:1
1000
preliminary
  0
HATCH
  5
5CE
330
17
100
AcDbEntity
  8
A-WALL
 62
7
100
AcDbHatch
 10
0.0
 20
0.0
 30
0.0
210
0.0
220
0.0
230
1.0
  2
SOLID
 70
1
 71
0
 91
1
 92
3
 72
0
 73
1
 93
6
 10
31032.0
 20
12837.0
 10
30957.0
 20
12837.0
 10
30957.0
 20
12987.0
 10
33432.0
 20
12987.0
 10
33432.0
 20
12837.0
 10
31032.0
 20
12837.0
 97
0
 75
0
 76
1
 98
0
  0
LWPOLYLINE
  5
5CF
330
17
100
AcDbEntity
  8
A-WALL
100
AcDbPolyline
 90
6
 70
1
 10
31032.0
 20
15382.0
 10
30802.0
 20
15382.0
 10
30802.0
 20
15612.0
 10
33432.0
 20
15612.0
 10
33432.0
 20
15382.0
 10
31032.0
 20
15382.0
1001
FLOORFORGE
1000
floor:1
1000
preliminary
  0
HATCH
  5
5D0
330
17
100
AcDbEntity
  8
A-WALL
 62
7
100
AcDbHatch
 10
0.0
 20
0.0
 30
0.0
210
0.0
220
0.0
230
1.0
  2
SOLID
 70
1
 71
0
 91
1
 92
3
 72
0
 73
1
 93
6
 10
31032.0
 20
15382.0
 10
30802.0
 20
15382.0
 10
30802.0
 20
15612.0
 10
33432.0
 20
15612.0
 10
33432.0
 20
15382.0
 10
31032.0
 20
15382.0
 97
0
 75
0
 76
1
 98
0
  0
LWPOLYLINE
  5
5D1
330
17
100
AcDbEntity
  8
A-WALL
100
AcDbPolyline
 90
6
 70
1
 10
33432.0
 20
4680.0
 10
33432.0
 20
3750.0
 10
33202.0
 20
3750.0
 10
33202.0
 20
4450.0
 10
33202.0
 20
4680.0
 10
33432.0
 20
4680.0
1001
FLOORFORGE
1000
floor:1
1000
preliminary
  0
HATCH
  5
5D2
330
17
100
AcDbEntity
  8
A-WALL
 62
7
100
AcDbHatch
 10
0.0
 20
0.0
 30
0.0
210
0.0
220
0.0
230
1.0
  2
SOLID
 70
1
 71
0
 91
1
 92
3
 72
0
 73
1
 93
6
 10
33432.0
 20
4680.0
 10
33432.0
 20
3750.0
 10
33202.0
 20
3750.0
 10
33202.0
 20
4450.0
 10
33202.0
 20
4680.0
 10
33432.0
 20
4680.0
 97
0
 75
0
 76
1
 98
0
  0
LWPOLYLINE
  5
5D3
330
17
100
AcDbEntity
  8
A-WALL
100
AcDbPolyline
 90
5
 70
1
 10
33432.0
 20
1320.0
 10
33202.0
 20
1320.0
 10
33202.0
 20
2250.0
 10
33432.0
 20
2250.0
 10
33432.0
 20
1320.0
1001
FLOORFORGE
1000
floor:1
1000
preliminary
  0
HATCH
  5
5D4
330
17
100
AcDbEntity
  8
A-WALL
 62
7
100
AcDbHatch
 10
0.0
 20
0.0
 30
0.0
210
0.0
220
0.0
230
1.0
  2
SOLID
 70
1
 71
0
 91
1
 92
3
 72
0
 73
1
 93
5
 10
33432.0
 20
1320.0
 10
33202.0
 20
1320.0
 10
33202.0
 20
2250.0
 10
33432.0
 20
2250.0
 10
33432.0
 20
1320.0
 97
0
 75
0
 76
1
 98
0
  0
LWPOLYLINE
  5
5D5
330
17
100
AcDbEntity
  8
A-WALL
100
AcDbPolyline
 90
6
 70
1
 10
33432.0
 20
13142.0
 10
33432.0
 20
9731.0
 10
33202.0
 20
9731.0
 10
33202.0
 20
12912.0
 10
33202.0
 20
13142.0
 10
33432.0
 20
13142.0
1001
FLOORFORGE
1000
floor:1
1000
preliminary
  0
HATCH
  5
5D6
330
17
100
AcDbEntity
  8
A-WALL
 62
7
100
AcDbHatch
 10
0.0
 20
0.0
 30
0.0
210
0.0
220
0.0
230
1.0
  2
SOLID
 70
1
 71
0
 91
1
 92
3
 72
0
 73
1
 93
6
 10
33432.0
 20
13142.0
 10
33432.0
 20
9731.0
 10
33202.0
 20
9731.0
 10
33202.0
 20
12912.0
 10
33202.0
 20
13142.0
 10
33432.0
 20
13142.0
 97
0
 75
0
 76
1
 98
0
  0
LWPOLYLINE
  5
5D7
330
17
100
AcDbEntity
  8
A-WALL
100
AcDbPolyline
 90
5
 70
1
 10
33432.0
 20
4220.0
 10
33202.0
 20
4220.0
 10
33202.0
 20
7631.0
 10
33432.0
 20
7631.0
 10
33432.0
 20
4220.0
1001
FLOORFORGE
1000
floor:1
1000
preliminary
  0
HATCH
  5
5D8
330
17
100
AcDbEntity
  8
A-WALL
 62
7
100
AcDbHatch
 10
0.0
 20
0.0
 30
0.0
210
0.0
220
0.0
230
1.0
  2
SOLID
 70
1
 71
0
 91
1
 92
3
 72
0
 73
1
 93
5
 10
33432.0
 20
4220.0
 10
33202.0
 20
4220.0
 10
33202.0
 20
7631.0
 10
33432.0
 20
7631.0
 10
33432.0
 20
4220.0
 97
0
 75
0
 76
1
 98
0
  0
LWPOLYLINE
  5
5D9
330
17
100
AcDbEntity
  8
A-WALL
100
AcDbPolyline
 90
5
 70
1
 10
33202.0
 20
12682.0
 10
33202.0
 20
15612.0
 10
33432.0
 20
15612.0
 10
33432.0
 20
12682.0
 10
33202.0
 20
12682.0
1001
FLOORFORGE
1000
floor:1
1000
preliminary
  0
HATCH
  5
5DA
330
17
100
AcDbEntity
  8
A-WALL
 62
7
100
AcDbHatch
 10
0.0
 20
0.0
 30
0.0
210
0.0
220
0.0
230
1.0
  2
SOLID
 70
1
 71
0
 91
1
 92
3
 72
0
 73
1
 93
5
 10
33202.0
 20
12682.0
 10
33202.0
 20
15612.0
 10
33432.0
 20
15612.0
 10
33432.0
 20
12682.0
 10
33202.0
 20
12682.0
 97
0
 75
0
 76
1
 98
0
  0
LINE
  5
5DB
330
17
100
AcDbEntity
  8
A-DOOR
100
AcDbLine
 10
24441.0
 20
9825.0
 30
0.0
 11
23691.0
 21
9825.0
 31
0.0
1001
FLOORFORGE
1000
floor:1
1000
preliminary
  0
LWPOLYLINE
  5
5DC
330
17
100
AcDbEntity
  8
A-DOOR
100
AcDbPolyline
 90
18
 70
0
 10
24441.0
 20
10575.0
 10
24371.798730402523
 20
10571.800632221275
 10
24303.187861637572
 20
10562.229824762926
 10
24235.75275744594
 20
10546.369232379615
 10
24170.068750359635
 20
10524.354172053267
 10
24106.696233167597
 20
10496.372468516296
 10
24046.175877841983
 20
10462.662851797211
 10
23989.02402271556
 20
10423.51292046018
 10
23935.728267265084
 20
10379.256687915495
 10
23886.743312084505
 20
10330.271732734918
 10
23842.48707953982
 20
10276.975977284443
 10
23803.33714820279
 20
10219.824122158017
 10
23769.627531483704
 20
10159.303766832403
 10
23741.645827946733
 20
10095.931249640365
 10
23719.630767620387
 20
10030.247242554062
 10
23703.770175237074
 20
9962.812138362428
 10
23694.199367778725
 20
9894.201269597477
 10
23691.0
 20
9825.0
1001
FLOORFORGE
1000
floor:1
1000
preliminary
  0
TEXT
  5
5DD
330
17
100
AcDbEntity
  8
A-TAGS
100
AcDbText
 10
24841.0
 20
10140.0
 30
0.0
 40
150.0
  1
D1
 72
1
 11
24841.0
 21
10140.0
 31
0.0
100
AcDbText
 73
1
1001
FLOORFORGE
1000
floor:1
1000
preliminary
  0
LINE
  5
5DE
330
17
100
AcDbEntity
  8
A-DOOR
100
AcDbLine
 10
31107.0
 20
13887.0
 30
0.0
 11
31857.0
 21
13887.0
 31
0.0
1001
FLOORFORGE
1000
floor:1
1000
preliminary
  0
LWPOLYLINE
  5
5DF
330
17
100
AcDbEntity
  8
A-DOOR
100
AcDbPolyline
 90
18
 70
0
 10
31107.0
 20
14637.0
 10
31176.201269597477
 20
14633.800632221275
 10
31244.812138362428
 20
14624.229824762926
 10
31312.24724255406
 20
14608.369232379615
 10
31377.931249640365
 20
14586.354172053267
 10
31441.303766832403
 20
14558.372468516296
 10
31501.824122158017
 20
14524.662851797211
 10
31558.97597728444
 20
14485.51292046018
 10
31612.271732734916
 20
14441.256687915495
 10
31661.256687915495
 20
14392.271732734918
 10
31705.51292046018
 20
14338.975977284443
 10
31744.662851797213
 20
14281.824122158017
 10
31778.372468516296
 20
14221.303766832403
 10
31806.354172053267
 20
14157.931249640365
 10
31828.369232379613
 20
14092.247242554062
 10
31844.229824762926
 20
14024.812138362428
 10
31853.800632221275
 20
13956.201269597477
 10
31857.0
 20
13887.0
1001
FLOORFORGE
1000
floor:1
1000
preliminary
  0
TEXT
  5
5E0
330
17
100
AcDbEntity
  8
A-TAGS
100
AcDbText
 10
30707.0
 20
14202.0
 30
0.0
 40
150.0
  1
D1
 72
1
 11
30707.0
 21
14202.0
 31
0.0
100
AcDbText
 73
1
1001
FLOORFORGE
1000
floor:1
1000
preliminary
  0
LINE
  5
5E1
330
17
100
AcDbEntity
  8
A-DOOR
100
AcDbLine
 10
27741.0
 20
9000.0
 30
0.0
 11
26841.0
 21
9000.0
 31
0.0
1001
FLOORFORGE
1000
floor:1
1000
preliminary
  0
LWPOLYLINE
  5
5E2
330
17
100
AcDbEntity
  8
A-DOOR
100
AcDbPolyline
 90
18
 70
0
 10
27741.0
 20
9900.0
 10
27657.95847648303
 20
9896.160758665532
 10
27575.625433965088
 20
9884.675789715511
 10
27494.703308935124
 20
9865.643078855537
 10
27415.882500431562
 20
9839.22500646392
 10
27339.835479801117
 20
9805.646962219556
 10
27267.211053410378
 20
9765.195422156652
 10
27198.628827258668
 20
9718.215504552216
 10
27134.673920718098
 20
9665.108025498594
 10
27075.891974501406
 20
9606.326079281902
 10
27022.784495447784
 20
9542.37117274133
 10
26975.804577843348
 20
9473.78894658962
 10
26935.35303778044
 20
9401.164520198885
 10
26901.77499353608
 20
9325.117499568438
 10
26875.356921144463
 20
9246.296691064874
 10
26856.32421028449
 20
9165.374566034914
 10
26844.83924133447
 20
9083.041523516971
 10
26841.0
 20
9000.0
1001
FLOORFORGE
1000
floor:1
1000
preliminary
  0
TEXT
  5
5E3
330
17
100
AcDbEntity
  8
A-TAGS
100
AcDbText
 10
28141.0
 20
9390.0
 30
0.0
 40
150.0
  1
D2
 72
1
 11
28141.0
 21
9390.0
 31
0.0
100
AcDbText
 73
1
1001
FLOORFORGE
1000
floor:1
1000
preliminary
  0
LINE
  5
5E4
330
17
100
AcDbEntity
  8
A-DOOR
100
AcDbLine
 10
29241.0
 20
4600.0
 30
0.0
 11
30141.0
 21
4600.0
 31
0.0
1001
FLOORFORGE
1000
floor:1
1000
preliminary
  0
LWPOLYLINE
  5
5E5
330
17
100
AcDbEntity
  8
A-DOOR
100
AcDbPolyline
 90
18
 70
0
 10
29241.0
 20
5500.0
 10
29324.04152351697
 20
5496.160758665531
 10
29406.374566034912
 20
5484.675789715511
 10
29487.296691064876
 20
5465.643078855537
 10
29566.117499568438
 20
5439.22500646392
 10
29642.164520198883
 20
5405.646962219556
 10
29714.788946589622
 20
5365.195422156653
 10
29783.371172741332
 20
5318.215504552216
 10
29847.326079281902
 20
5265.108025498594
 10
29906.108025498594
 20
5206.326079281902
 10
29959.215504552216
 20
5142.371172741331
 10
30006.195422156652
 20
5073.7889465896205
 10
30046.64696221956
 20
5001.164520198885
 10
30080.22500646392
 20
4925.117499568438
 10
30106.643078855537
 20
4846.296691064875
 10
30125.67578971551
 20
4765.374566034913
 10
30137.16075866553
 20
4683.041523516972
 10
30141.0
 20
4600.0
1001
FLOORFORGE
1000
floor:1
1000
preliminary
  0
TEXT
  5
5E6
330
17
100
AcDbEntity
  8
A-TAGS
100
AcDbText
 10
28841.0
 20
4990.0
 30
0.0
 40
150.0
  1
D2
 72
1
 11
28841.0
 21
4990.0
 31
0.0
100
AcDbText
 73
1
1001
FLOORFORGE
1000
floor:1
1000
preliminary
  0
LINE
  5
5E7
330
17
100
AcDbEntity
  8
A-DOOR
100
AcDbLine
 10
24441.0
 20
13131.0
 30
0.0
 11
24441.0
 21
14031.0
 31
0.0
1001
FLOORFORGE
1000
floor:1
1000
preliminary
  0
LINE
  5
5E8
330
17
100
AcDbEntity
  8
A-DOOR
100
AcDbLine
 10
24591.0
 20
13131.0
 30
0.0
 11
24591.0
 21
14031.0
 31
0.0
1001
FLOORFORGE
1000
floor:1
1000
preliminary
  0
TEXT
  5
5E9
330
17
100
AcDbEntity
  8
A-TAGS
100
AcDbText
 10
24191.0
 20
13521.0
 30
0.0
 40
150.0
  1
O1
 72
1
 11
24191.0
 21
13521.0
 31
0.0
100
AcDbText
 73
1
1001
FLOORFORGE
1000
floor:1
1000
preliminary
  0
LINE
  5
5EA
330
17
100
AcDbEntity
  8
A-DOOR
100
AcDbLine
 10
29649.0
 20
12987.0
 30
0.0
 11
30549.0
 21
12987.0
 31
0.0
1001
FLOORFORGE
1000
floor:1
1000
preliminary
  0
LINE
  5
5EB
330
17
100
AcDbEntity
  8
A-DOOR
100
AcDbLine
 10
29649.0
 20
12837.0
 30
0.0
 11
30549.0
 21
12837.0
 31
0.0
1001
FLOORFORGE
1000
floor:1
1000
preliminary
  0
TEXT
  5
5EC
330
17
100
AcDbEntity
  8
A-TAGS
100
AcDbText
 10
30099.0
 20
13177.0
 30
0.0
 40
150.0
  1
O1
 72
1
 11
30099.0
 21
13177.0
 31
0.0
100
AcDbText
 73
1
1001
FLOORFORGE
1000
floor:1
1000
preliminary
  0
LINE
  5
5ED
330
17
100
AcDbEntity
  8
A-DOOR
100
AcDbLine
 10
27741.0
 20
4600.0
 30
0.0
 11
26841.0
 21
4600.0
 31
0.0
1001
FLOORFORGE
1000
floor:1
1000
preliminary
  0
LWPOLYLINE
  5
5EE
330
17
100
AcDbEntity
  8
A-DOOR
100
AcDbPolyline
 90
18
 70
0
 10
27741.0
 20
5500.0
 10
27657.95847648303
 20
5496.160758665531
 10
27575.625433965088
 20
5484.675789715511
 10
27494.703308935124
 20
5465.643078855537
 10
27415.882500431562
 20
5439.22500646392
 10
27339.835479801117
 20
5405.646962219556
 10
27267.211053410378
 20
5365.195422156653
 10
27198.628827258668
 20
5318.215504552216
 10
27134.673920718098
 20
5265.108025498594
 10
27075.891974501406
 20
5206.326079281902
 10
27022.784495447784
 20
5142.371172741331
 10
26975.804577843348
 20
5073.7889465896205
 10
26935.35303778044
 20
5001.164520198885
 10
26901.77499353608
 20
4925.117499568438
 10
26875.356921144463
 20
4846.296691064875
 10
26856.32421028449
 20
4765.374566034913
 10
26844.83924133447
 20
4683.041523516972
 10
26841.0
 20
4600.0
1001
FLOORFORGE
1000
floor:1
1000
preliminary
  0
TEXT
  5
5EF
330
17
100
AcDbEntity
  8
A-TAGS
100
AcDbText
 10
28141.0
 20
4990.0
 30
0.0
 40
150.0
  1
D2
 72
1
 11
28141.0
 21
4990.0
 31
0.0
100
AcDbText
 73
1
1001
FLOORFORGE
1000
floor:1
1000
preliminary
  0
LWPOLYLINE
  5
5F0
330
17
100
AcDbEntity
  8
A-DOOR
100
AcDbPolyline
 90
4
 70
1
 10
29774.0
 20
1556.0
 10
31014.0
 20
1556.0
 10
31014.0
 20
1588.0
 10
29774.0
 20
1588.0
1001
FLOORFORGE
1000
floor:1
1000
preliminary
  0
LWPOLYLINE
  5
5F1
330
17
100
AcDbEntity
  8
A-DOOR
100
AcDbPolyline
 90
4
 70
1
 10
30934.0
 20
1512.0
 10
32174.0
 20
1512.0
 10
32174.0
 20
1544.0
 10
30934.0
 20
1544.0
1001
FLOORFORGE
1000
floor:1
1000
preliminary
  0
LINE
  5
5F2
330
17
100
AcDbEntity
  8
A-DOOR
100
AcDbLine
 10
30724.0
 20
1275.0
 30
0.0
 11
31224.0
 21
1275.0
 31
0.0
1001
FLOORFORGE
1000
floor:1
1000
preliminary
  0
LINE
  5
5F3
330
17
100
AcDbEntity
  8
A-DOOR
100
AcDbLine
 10
31224.0
 20
1275.0
 30
0.0
 11
31144.0
 21
1335.0
 31
0.0
1001
FLOORFORGE
1000
floor:1
1000
preliminary
  0
TEXT
  5
5F4
330
17
100
AcDbEntity
  8
A-TAGS
100
AcDbText
 10
30974.0
 20
1125.0
 30
0.0
 40
150.0
  1
SD1
 72
1
 11
30974.0
 21
1125.0
 31
0.0
100
AcDbText
 73
1
1001
FLOORFORGE
1000
floor:1
1000
preliminary
  0
LINE
  5
5F5
330
17
100
AcDbEntity
  8
A-WIND
100
AcDbLine
 10
22716.0
 20
5600.0
 30
0.0
 11
22716.0
 21
7700.0
 31
0.0
1001
FLOORFORGE
1000
floor:1
1000
preliminary
  0
LINE
  5
5F6
330
17
100
AcDbEntity
  8
A-WIND
100
AcDbLine
 10
22946.0
 20
5600.0
 30
0.0
 11
22946.0
 21
7700.0
 31
0.0
1001
FLOORFORGE
1000
floor:1
1000
preliminary
  0
LINE
  5
5F7
330
17
100
AcDbEntity
  8
A-WIND
100
AcDbLine
 10
22813.0
 20
5600.0
 30
0.0
 11
22813.0
 21
7700.0
 31
0.0
1001
FLOORFORGE
1000
floor:1
1000
preliminary
  0
LINE
  5
5F8
330
17
100
AcDbEntity
  8
A-WIND
100
AcDbLine
 10
22849.0
 20
5600.0
 30
0.0
 11
22849.0
 21
7700.0
 31
0.0
1001
FLOORFORGE
1000
floor:1
1000
preliminary
  0
LINE
  5
5F9
330
17
100
AcDbEntity
  8
A-WIND
100
AcDbLine
 10
22716.0
 20
5600.0
 30
0.0
 11
22946.0
 21
5600.0
 31
0.0
1001
FLOORFORGE
1000
floor:1
1000
preliminary
  0
LINE
  5
5FA
330
17
100
AcDbEntity
  8
A-WIND
100
AcDbLine
 10
22716.0
 20
7700.0
 30
0.0
 11
22946.0
 21
7700.0
 31
0.0
1001
FLOORFORGE
1000
floor:1
1000
preliminary
  0
TEXT
  5
5FB
330
17
100
AcDbEntity
  8
A-TAGS
100
AcDbText
 10
22336.0
 20
6590.0
 30
0.0
 40
150.0
  1
W3
 72
1
 11
22336.0
 21
6590.0
 31
0.0
100
AcDbText
 73
1
1001
FLOORFORGE
1000
floor:1
1000
preliminary
  0
LINE
  5
5FC
330
17
100
AcDbEntity
  8
A-WIND
100
AcDbLine
 10
22716.0
 20
9750.0
 30
0.0
 11
22716.0
 21
10650.0
 31
0.0
1001
FLOORFORGE
1000
floor:1
1000
preliminary
  0
LINE
  5
5FD
330
17
100
AcDbEntity
  8
A-WIND
100
AcDbLine
 10
22946.0
 20
9750.0
 30
0.0
 11
22946.0
 21
10650.0
 31
0.0
1001
FLOORFORGE
1000
floor:1
1000
preliminary
  0
LINE
  5
5FE
330
17
100
AcDbEntity
  8
A-WIND
100
AcDbLine
 10
22813.0
 20
9750.0
 30
0.0
 11
22813.0
 21
10650.0
 31
0.0
1001
FLOORFORGE
1000
floor:1
1000
preliminary
  0
LINE
  5
5FF
330
17
100
AcDbEntity
  8
A-WIND
100
AcDbLine
 10
22849.0
 20
9750.0
 30
0.0
 11
22849.0
 21
10650.0
 31
0.0
1001
FLOORFORGE
1000
floor:1
1000
preliminary
  0
LINE
  5
600
330
17
100
AcDbEntity
  8
A-WIND
100
AcDbLine
 10
22716.0
 20
9750.0
 30
0.0
 11
22946.0
 21
9750.0
 31
0.0
1001
FLOORFORGE
1000
floor:1
1000
preliminary
  0
LINE
  5
601
330
17
100
AcDbEntity
  8
A-WIND
100
AcDbLine
 10
22716.0
 20
10650.0
 30
0.0
 11
22946.0
 21
10650.0
 31
0.0
1001
FLOORFORGE
1000
floor:1
1000
preliminary
  0
TEXT
  5
602
330
17
100
AcDbEntity
  8
A-TAGS
100
AcDbText
 10
22336.0
 20
10140.0
 30
0.0
 40
150.0
  1
V3
 72
1
 11
22336.0
 21
10140.0
 31
0.0
100
AcDbText
 73
1
1001
FLOORFORGE
1000
floor:1
1000
preliminary
  0
LINE
  5
603
330
17
100
AcDbEntity
  8
A-WIND
100
AcDbLine
 10
22716.0
 20
13131.0
 30
0.0
 11
22716.0
 21
14031.0
 31
0.0
1001
FLOORFORGE
1000
floor:1
1000
preliminary
  0
LINE
  5
604
330
17
100
AcDbEntity
  8
A-WIND
100
AcDbLine
 10
22946.0
 20
13131.0
 30
0.0
 11
22946.0
 21
14031.0
 31
0.0
1001
FLOORFORGE
1000
floor:1
1000
preliminary
  0
LINE
  5
605
330
17
100
AcDbEntity
  8
A-WIND
100
AcDbLine
 10
22813.0
 20
13131.0
 30
0.0
 11
22813.0
 21
14031.0
 31
0.0
1001
FLOORFORGE
1000
floor:1
1000
preliminary
  0
LINE
  5
606
330
17
100
AcDbEntity
  8
A-WIND
100
AcDbLine
 10
22849.0
 20
13131.0
 30
0.0
 11
22849.0
 21
14031.0
 31
0.0
1001
FLOORFORGE
1000
floor:1
1000
preliminary
  0
LINE
  5
607
330
17
100
AcDbEntity
  8
A-WIND
100
AcDbLine
 10
22716.0
 20
13131.0
 30
0.0
 11
22946.0
 21
13131.0
 31
0.0
1001
FLOORFORGE
1000
floor:1
1000
preliminary
  0
LINE
  5
608
330
17
100
AcDbEntity
  8
A-WIND
100
AcDbLine
 10
22716.0
 20
14031.0
 30
0.0
 11
22946.0
 21
14031.0
 31
0.0
1001
FLOORFORGE
1000
floor:1
1000
preliminary
  0
TEXT
  5
609
330
17
100
AcDbEntity
  8
A-TAGS
100
AcDbText
 10
22336.0
 20
13521.0
 30
0.0
 40
150.0
  1
W6
 72
1
 11
22336.0
 21
13521.0
 31
0.0
100
AcDbText
 73
1
1001
FLOORFORGE
1000
floor:1
1000
preliminary
  0
LINE
  5
60A
330
17
100
AcDbEntity
  8
A-WIND
100
AcDbLine
 10
23166.0
 20
15612.0
 30
0.0
 11
24066.0
 21
15612.0
 31
0.0
1001
FLOORFORGE
1000
floor:1
1000
preliminary
  0
LINE
  5
60B
330
17
100
AcDbEntity
  8
A-WIND
100
AcDbLine
 10
23166.0
 20
15382.0
 30
0.0
 11
24066.0
 21
15382.0
 31
0.0
1001
FLOORFORGE
1000
floor:1
1000
preliminary
  0
LINE
  5
60C
330
17
100
AcDbEntity
  8
A-WIND
100
AcDbLine
 10
23166.0
 20
15515.0
 30
0.0
 11
24066.0
 21
15515.0
 31
0.0
1001
FLOORFORGE
1000
floor:1
1000
preliminary
  0
LINE
  5
60D
330
17
100
AcDbEntity
  8
A-WIND
100
AcDbLine
 10
23166.0
 20
15479.0
 30
0.0
 11
24066.0
 21
15479.0
 31
0.0
1001
FLOORFORGE
1000
floor:1
1000
preliminary
  0
LINE
  5
60E
330
17
100
AcDbEntity
  8
A-WIND
100
AcDbLine
 10
23166.0
 20
15612.0
 30
0.0
 11
23166.0
 21
15382.0
 31
0.0
1001
FLOORFORGE
1000
floor:1
1000
preliminary
  0
LINE
  5
60F
330
17
100
AcDbEntity
  8
A-WIND
100
AcDbLine
 10
24066.0
 20
15612.0
 30
0.0
 11
24066.0
 21
15382.0
 31
0.0
1001
FLOORFORGE
1000
floor:1
1000
preliminary
  0
TEXT
  5
610
330
17
100
AcDbEntity
  8
A-TAGS
100
AcDbText
 10
23616.0
 20
15932.0
 30
0.0
 40
150.0
  1
W6
 72
1
 11
23616.0
 21
15932.0
 31
0.0
100
AcDbText
 73
1
1001
FLOORFORGE
1000
floor:1
1000
preliminary
  0
LINE
  5
611
330
17
100
AcDbEntity
  8
A-WIND
100
AcDbLine
 10
25791.0
 20
15612.0
 30
0.0
 11
27891.0
 21
15612.0
 31
0.0
1001
FLOORFORGE
1000
floor:1
1000
preliminary
  0
LINE
  5
612
330
17
100
AcDbEntity
  8
A-WIND
100
AcDbLine
 10
25791.0
 20
15382.0
 30
0.0
 11
27891.0
 21
15382.0
 31
0.0
1001
FLOORFORGE
1000
floor:1
1000
preliminary
  0
LINE
  5
613
330
17
100
AcDbEntity
  8
A-WIND
100
AcDbLine
 10
25791.0
 20
15515.0
 30
0.0
 11
27891.0
 21
15515.0
 31
0.0
1001
FLOORFORGE
1000
floor:1
1000
preliminary
  0
LINE
  5
614
330
17
100
AcDbEntity
  8
A-WIND
100
AcDbLine
 10
25791.0
 20
15479.0
 30
0.0
 11
27891.0
 21
15479.0
 31
0.0
1001
FLOORFORGE
1000
floor:1
1000
preliminary
  0
LINE
  5
615
330
17
100
AcDbEntity
  8
A-WIND
100
AcDbLine
 10
25791.0
 20
15612.0
 30
0.0
 11
25791.0
 21
15382.0
 31
0.0
1001
FLOORFORGE
1000
floor:1
1000
preliminary
  0
LINE
  5
616
330
17
100
AcDbEntity
  8
A-WIND
100
AcDbLine
 10
27891.0
 20
15612.0
 30
0.0
 11
27891.0
 21
15382.0
 31
0.0
1001
FLOORFORGE
1000
floor:1
1000
preliminary
  0
TEXT
  5
617
330
17
100
AcDbEntity
  8
A-TAGS
100
AcDbText
 10
26841.0
 20
15932.0
 30
0.0
 40
150.0
  1
W3
 72
1
 11
26841.0
 21
15932.0
 31
0.0
100
AcDbText
 73
1
1001
FLOORFORGE
1000
floor:1
1000
preliminary
  0
LINE
  5
618
330
17
100
AcDbEntity
  8
A-WIND
100
AcDbLine
 10
25966.0
 20
0.0
 30
0.0
 11
27766.0
 21
0.0
 31
0.0
1001
FLOORFORGE
1000
floor:1
1000
preliminary
  0
LINE
  5
619
330
17
100
AcDbEntity
  8
A-WIND
100
AcDbLine
 10
25966.0
 20
230.0
 30
0.0
 11
27766.0
 21
230.0
 31
0.0
1001
FLOORFORGE
1000
floor:1
1000
preliminary
  0
LINE
  5
61A
330
17
100
AcDbEntity
  8
A-WIND
100
AcDbLine
 10
25966.0
 20
97.0
 30
0.0
 11
27766.0
 21
97.0
 31
0.0
1001
FLOORFORGE
1000
floor:1
1000
preliminary
  0
LINE
  5
61B
330
17
100
AcDbEntity
  8
A-WIND
100
AcDbLine
 10
25966.0
 20
133.0
 30
0.0
 11
27766.0
 21
133.0
 31
0.0
1001
FLOORFORGE
1000
floor:1
1000
preliminary
  0
LINE
  5
61C
330
17
100
AcDbEntity
  8
A-WIND
100
AcDbLine
 10
25966.0
 20
0.0
 30
0.0
 11
25966.0
 21
230.0
 31
0.0
1001
FLOORFORGE
1000
floor:1
1000
preliminary
  0
LINE
  5
61D
330
17
100
AcDbEntity
  8
A-WIND
100
AcDbLine
 10
27766.0
 20
0.0
 30
0.0
 11
27766.0
 21
230.0
 31
0.0
1001
FLOORFORGE
1000
floor:1
1000
preliminary
  0
TEXT
  5
61E
330
17
100
AcDbEntity
  8
A-TAGS
100
AcDbText
 10
26866.0
 20
-440.0
 30
0.0
 40
150.0
  1
W9
 72
1
 11
26866.0
 21
-440.0
 31
0.0
100
AcDbText
 73
1
1001
FLOORFORGE
1000
floor:1
1000
preliminary
  0
LINE
  5
61F
330
17
100
AcDbEntity
  8
A-WIND
100
AcDbLine
 10
29649.0
 20
15612.0
 30
0.0
 11
30549.0
 21
15612.0
 31
0.0
1001
FLOORFORGE
1000
floor:1
1000
preliminary
  0
LINE
  5
620
330
17
100
AcDbEntity
  8
A-WIND
100
AcDbLine
 10
29649.0
 20
15382.0
 30
0.0
 11
30549.0
 21
15382.0
 31
0.0
1001
FLOORFORGE
1000
floor:1
1000
preliminary
  0
LINE
  5
621
330
17
100
AcDbEntity
  8
A-WIND
100
AcDbLine
 10
29649.0
 20
15515.0
 30
0.0
 11
30549.0
 21
15515.0
 31
0.0
1001
FLOORFORGE
1000
floor:1
1000
preliminary
  0
LINE
  5
622
330
17
100
AcDbEntity
  8
A-WIND
100
AcDbLine
 10
29649.0
 20
15479.0
 30
0.0
 11
30549.0
 21
15479.0
 31
0.0
1001
FLOORFORGE
1000
floor:1
1000
preliminary
  0
LINE
  5
623
330
17
100
AcDbEntity
  8
A-WIND
100
AcDbLine
 10
29649.0
 20
15612.0
 30
0.0
 11
29649.0
 21
15382.0
 31
0.0
1001
FLOORFORGE
1000
floor:1
1000
preliminary
  0
LINE
  5
624
330
17
100
AcDbEntity
  8
A-WIND
100
AcDbLine
 10
30549.0
 20
15612.0
 30
0.0
 11
30549.0
 21
15382.0
 31
0.0
1001
FLOORFORGE
1000
floor:1
1000
preliminary
  0
TEXT
  5
625
330
17
100
AcDbEntity
  8
A-TAGS
100
AcDbText
 10
30099.0
 20
15932.0
 30
0.0
 40
150.0
  1
W6
 72
1
 11
30099.0
 21
15932.0
 31
0.0
100
AcDbText
 73
1
1001
FLOORFORGE
1000
floor:1
1000
preliminary
  0
LINE
  5
626
330
17
100
AcDbEntity
  8
A-WIND
100
AcDbLine
 10
31782.0
 20
15612.0
 30
0.0
 11
32682.0
 21
15612.0
 31
0.0
1001
FLOORFORGE
1000
floor:1
1000
preliminary
  0
LINE
  5
627
330
17
100
AcDbEntity
  8
A-WIND
100
AcDbLine
 10
31782.0
 20
15382.0
 30
0.0
 11
32682.0
 21
15382.0
 31
0.0
1001
FLOORFORGE
1000
floor:1
1000
preliminary
  0
LINE
  5
628
330
17
100
AcDbEntity
  8
A-WIND
100
AcDbLine
 10
31782.0
 20
15515.0
 30
0.0
 11
32682.0
 21
15515.0
 31
0.0
1001
FLOORFORGE
1000
floor:1
1000
preliminary
  0
LINE
  5
629
330
17
100
AcDbEntity
  8
A-WIND
100
AcDbLine
 10
31782.0
 20
15479.0
 30
0.0
 11
32682.0
 21
15479.0
 31
0.0
1001
FLOORFORGE
1000
floor:1
1000
preliminary
  0
LINE
  5
62A
330
17
100
AcDbEntity
  8
A-WIND
100
AcDbLine
 10
31782.0
 20
15612.0
 30
0.0
 11
31782.0
 21
15382.0
 31
0.0
1001
FLOORFORGE
1000
floor:1
1000
preliminary
  0
LINE
  5
62B
330
17
100
AcDbEntity
  8
A-WIND
100
AcDbLine
 10
32682.0
 20
15612.0
 30
0.0
 11
32682.0
 21
15382.0
 31
0.0
1001
FLOORFORGE
1000
floor:1
1000
preliminary
  0
TEXT
  5
62C
330
17
100
AcDbEntity
  8
A-TAGS
100
AcDbText
 10
32232.0
 20
15932.0
 30
0.0
 40
150.0
  1
V3
 72
1
 11
32232.0
 21
15932.0
 31
0.0
100
AcDbText
 73
1
1001
FLOORFORGE
1000
floor:1
1000
preliminary
  0
LINE
  5
62D
330
17
100
AcDbEntity
  8
A-WIND
100
AcDbLine
 10
33432.0
 20
2250.0
 30
0.0
 11
33432.0
 21
3750.0
 31
0.0
1001
FLOORFORGE
1000
floor:1
1000
preliminary
  0
LINE
  5
62E
330
17
100
AcDbEntity
  8
A-WIND
100
AcDbLine
 10
33202.0
 20
2250.0
 30
0.0
 11
33202.0
 21
3750.0
 31
0.0
1001
FLOORFORGE
1000
floor:1
1000
preliminary
  0
LINE
  5
62F
330
17
100
AcDbEntity
  8
A-WIND
100
AcDbLine
 10
33335.0
 20
2250.0
 30
0.0
 11
33335.0
 21
3750.0
 31
0.0
1001
FLOORFORGE
1000
floor:1
1000
preliminary
  0
LINE
  5
630
330
17
100
AcDbEntity
  8
A-WIND
100
AcDbLine
 10
33299.0
 20
2250.0
 30
0.0
 11
33299.0
 21
3750.0
 31
0.0
1001
FLOORFORGE
1000
floor:1
1000
preliminary
  0
LINE
  5
631
330
17
100
AcDbEntity
  8
A-WIND
100
AcDbLine
 10
33432.0
 20
2250.0
 30
0.0
 11
33202.0
 21
2250.0
 31
0.0
1001
FLOORFORGE
1000
floor:1
1000
preliminary
  0
LINE
  5
632
330
17
100
AcDbEntity
  8
A-WIND
100
AcDbLine
 10
33432.0
 20
3750.0
 30
0.0
 11
33202.0
 21
3750.0
 31
0.0
1001
FLOORFORGE
1000
floor:1
1000
preliminary
  0
TEXT
  5
633
330
17
100
AcDbEntity
  8
A-TAGS
100
AcDbText
 10
33812.0
 20
2940.0
 30
0.0
 40
150.0
  1
W10
 72
1
 11
33812.0
 21
2940.0
 31
0.0
100
AcDbText
 73
1
1001
FLOORFORGE
1000
floor:1
1000
preliminary
  0
LINE
  5
634
330
17
100
AcDbEntity
  8
A-WIND
100
AcDbLine
 10
33432.0
 20
7631.0
 30
0.0
 11
33432.0
 21
9731.0
 31
0.0
1001
FLOORFORGE
1000
floor:1
1000
preliminary
  0
LINE
  5
635
330
17
100
AcDbEntity
  8
A-WIND
100
AcDbLine
 10
33202.0
 20
7631.0
 30
0.0
 11
33202.0
 21
9731.0
 31
0.0
1001
FLOORFORGE
1000
floor:1
1000
preliminary
  0
LINE
  5
636
330
17
100
AcDbEntity
  8
A-WIND
100
AcDbLine
 10
33335.0
 20
7631.0
 30
0.0
 11
33335.0
 21
9731.0
 31
0.0
1001
FLOORFORGE
1000
floor:1
1000
preliminary
  0
LINE
  5
637
330
17
100
AcDbEntity
  8
A-WIND
100
AcDbLine
 10
33299.0
 20
7631.0
 30
0.0
 11
33299.0
 21
9731.0
 31
0.0
1001
FLOORFORGE
1000
floor:1
1000
preliminary
  0
LINE
  5
638
330
17
100
AcDbEntity
  8
A-WIND
100
AcDbLine
 10
33432.0
 20
7631.0
 30
0.0
 11
33202.0
 21
7631.0
 31
0.0
1001
FLOORFORGE
1000
floor:1
1000
preliminary
  0
LINE
  5
639
330
17
100
AcDbEntity
  8
A-WIND
100
AcDbLine
 10
33432.0
 20
9731.0
 30
0.0
 11
33202.0
 21
9731.0
 31
0.0
1001
FLOORFORGE
1000
floor:1
1000
preliminary
  0
TEXT
  5
63A
330
17
100
AcDbEntity
  8
A-TAGS
100
AcDbText
 10
33812.0
 20
8621.0
 30
0.0
 40
150.0
  1
W3
 72
1
 11
33812.0
 21
8621.0
 31
0.0
100
AcDbText
 73
1
1001
FLOORFORGE
1000
floor:1
1000
preliminary
  0
LINE
  5
63B
330
17
100
AcDbEntity
  8
A-WIND
100
AcDbLine
 10
33432.0
 20
13812.0
 30
0.0
 11
33432.0
 21
14712.0
 31
0.0
1001
FLOORFORGE
1000
floor:1
1000
preliminary
  0
LINE
  5
63C
330
17
100
AcDbEntity
  8
A-WIND
100
AcDbLine
 10
33202.0
 20
13812.0
 30
0.0
 11
33202.0
 21
14712.0
 31
0.0
1001
FLOORFORGE
1000
floor:1
1000
preliminary
  0
LINE
  5
63D
330
17
100
AcDbEntity
  8
A-WIND
100
AcDbLine
 10
33335.0
 20
13812.0
 30
0.0
 11
33335.0
 21
14712.0
 31
0.0
1001
FLOORFORGE
1000
floor:1
1000
preliminary
  0
LINE
  5
63E
330
17
100
AcDbEntity
  8
A-WIND
100
AcDbLine
 10
33299.0
 20
13812.0
 30
0.0
 11
33299.0
 21
14712.0
 31
0.0
1001
FLOORFORGE
1000
floor:1
1000
preliminary
  0
LINE
  5
63F
330
17
100
AcDbEntity
  8
A-WIND
100
AcDbLine
 10
33432.0
 20
13812.0
 30
0.0
 11
33202.0
 21
13812.0
 31
0.0
1001
FLOORFORGE
1000
floor:1
1000
preliminary
  0
LINE
  5
640
330
17
100
AcDbEntity
  8
A-WIND
100
AcDbLine
 10
33432.0
 20
14712.0
 30
0.0
 11
33202.0
 21
14712.0
 31
0.0
1001
FLOORFORGE
1000
floor:1
1000
preliminary
  0
TEXT
  5
641
330
17
100
AcDbEntity
  8
A-TAGS
100
AcDbText
 10
33812.0
 20
14202.0
 30
0.0
 40
150.0
  1
V3
 72
1
 11
33812.0
 21
14202.0
 31
0.0
100
AcDbText
 73
1
1001
FLOORFORGE
1000
floor:1
1000
preliminary
  0
LINE
  5
642
330
17
100
AcDbEntity
  8
A-STAIR
100
AcDbLine
 10
22966.0
 20
1300.0
 30
0.0
 11
23966.0
 21
1300.0
 31
0.0
1001
FLOORFORGE
1000
floor:1
1000
preliminary
  0
LINE
  5
643
330
17
100
AcDbEntity
  8
A-STAIR
100
AcDbLine
 10
24166.0
 20
1300.0
 30
0.0
 11
25166.0
 21
1300.0
 31
0.0
1001
FLOORFORGE
1000
floor:1
1000
preliminary
  0
LINE
  5
644
330
17
100
AcDbEntity
  8
A-STAIR
100
AcDbLine
 10
22966.0
 20
1550.0
 30
0.0
 11
23966.0
 21
1550.0
 31
0.0
1001
FLOORFORGE
1000
floor:1
1000
preliminary
  0
LINE
  5
645
330
17
100
AcDbEntity
  8
A-STAIR
100
AcDbLine
 10
24166.0
 20
1550.0
 30
0.0
 11
25166.0
 21
1550.0
 31
0.0
1001
FLOORFORGE
1000
floor:1
1000
preliminary
  0
LINE
  5
646
330
17
100
AcDbEntity
  8
A-STAIR
100
AcDbLine
 10
22966.0
 20
1800.0
 30
0.0
 11
23966.0
 21
1800.0
 31
0.0
1001
FLOORFORGE
1000
floor:1
1000
preliminary
  0
LINE
  5
647
330
17
100
AcDbEntity
  8
A-STAIR
100
AcDbLine
 10
24166.0
 20
1800.0
 30
0.0
 11
25166.0
 21
1800.0
 31
0.0
1001
FLOORFORGE
1000
floor:1
1000
preliminary
  0
LINE
  5
648
330
17
100
AcDbEntity
  8
A-STAIR
100
AcDbLine
 10
22966.0
 20
2050.0
 30
0.0
 11
23966.0
 21
2050.0
 31
0.0
1001
FLOORFORGE
1000
floor:1
1000
preliminary
  0
LINE
  5
649
330
17
100
AcDbEntity
  8
A-STAIR
100
AcDbLine
 10
24166.0
 20
2050.0
 30
0.0
 11
25166.0
 21
2050.0
 31
0.0
1001
FLOORFORGE
1000
floor:1
1000
preliminary
  0
LINE
  5
64A
330
17
100
AcDbEntity
  8
A-STAIR
100
AcDbLine
 10
22966.0
 20
2300.0
 30
0.0
 11
23966.0
 21
2300.0
 31
0.0
1001
FLOORFORGE
1000
floor:1
1000
preliminary
  0
LINE
  5
64B
330
17
100
AcDbEntity
  8
A-STAIR
100
AcDbLine
 10
24166.0
 20
2300.0
 30
0.0
 11
25166.0
 21
2300.0
 31
0.0
1001
FLOORFORGE
1000
floor:1
1000
preliminary
  0
LINE
  5
64C
330
17
100
AcDbEntity
  8
A-STAIR
100
AcDbLine
 10
22966.0
 20
2550.0
 30
0.0
 11
23966.0
 21
2550.0
 31
0.0
1001
FLOORFORGE
1000
floor:1
1000
preliminary
  0
LINE
  5
64D
330
17
100
AcDbEntity
  8
A-STAIR
100
AcDbLine
 10
24166.0
 20
2550.0
 30
0.0
 11
25166.0
 21
2550.0
 31
0.0
1001
FLOORFORGE
1000
floor:1
1000
preliminary
  0
LINE
  5
64E
330
17
100
AcDbEntity
  8
A-STAIR
100
AcDbLine
 10
22966.0
 20
2800.0
 30
0.0
 11
23966.0
 21
2800.0
 31
0.0
1001
FLOORFORGE
1000
floor:1
1000
preliminary
  0
LINE
  5
64F
330
17
100
AcDbEntity
  8
A-STAIR
100
AcDbLine
 10
24166.0
 20
2800.0
 30
0.0
 11
25166.0
 21
2800.0
 31
0.0
1001
FLOORFORGE
1000
floor:1
1000
preliminary
  0
LINE
  5
650
330
17
100
AcDbEntity
  8
A-STAIR
100
AcDbLine
 10
22966.0
 20
3050.0
 30
0.0
 11
23966.0
 21
3050.0
 31
0.0
1001
FLOORFORGE
1000
floor:1
1000
preliminary
  0
LINE
  5
651
330
17
100
AcDbEntity
  8
A-STAIR
100
AcDbLine
 10
24166.0
 20
3050.0
 30
0.0
 11
25166.0
 21
3050.0
 31
0.0
1001
FLOORFORGE
1000
floor:1
1000
preliminary
  0
LINE
  5
652
330
17
100
AcDbEntity
  8
A-STAIR
100
AcDbLine
 10
22966.0
 20
3300.0
 30
0.0
 11
23966.0
 21
3300.0
 31
0.0
1001
FLOORFORGE
1000
floor:1
1000
preliminary
  0
LINE
  5
653
330
17
100
AcDbEntity
  8
A-STAIR
100
AcDbLine
 10
24166.0
 20
3300.0
 30
0.0
 11
25166.0
 21
3300.0
 31
0.0
1001
FLOORFORGE
1000
floor:1
1000
preliminary
  0
LWPOLYLINE
  5
654
330
17
100
AcDbEntity
  8
A-STAIR
100
AcDbPolyline
 90
4
 70
0
 10
23466.0
 20
1300.0
 10
23466.0
 20
3825.0
 10
24666.0
 20
3825.0
 10
24666.0
 20
1300.0
1001
FLOORFORGE
1000
floor:1
1000
preliminary
  0
LWPOLYLINE
  5
655
330
17
100
AcDbEntity
  8
A-STAIR
100
AcDbPolyline
 90
3
 70
1
 10
24596.0
 20
1440.0
 10
24736.0
 20
1440.0
 10
24666.0
 20
1300.0
1001
FLOORFORGE
1000
floor:1
1000
preliminary
  0
HATCH
  5
656
330
17
100
AcDbEntity
  8
A-STAIR
 62
7
100
AcDbHatch
 10
0.0
 20
0.0
 30
0.0
210
0.0
220
0.0
230
1.0
  2
SOLID
 70
1
 71
0
 91
1
 92
3
 72
0
 73
1
 93
3
 10
24596.0
 20
1440.0
 10
24736.0
 20
1440.0
 10
24666.0
 20
1300.0
 97
0
 75
0
 76
1
 98
0
  0
TEXT
  5
657
330
17
100
AcDbEntity
  8
A-STAIR
100
AcDbText
 10
23466.0
 20
1040.0
 30
0.0
 40
170.0
  1
UP TO ROOF
 72
1
 11
23466.0
 21
1040.0
 31
0.0
100
AcDbText
 73
1
1001
FLOORFORGE
1000
floor:1
1000
preliminary
  0
TEXT
  5
658
330
17
100
AcDbEntity
  8
A-STAIR
100
AcDbText
 10
24066.0
 20
550.0
 30
0.0
 40
140.0
  1
18R @ 175 / T 250
 72
1
 11
24066.0
 21
550.0
 31
0.0
100
AcDbText
 73
1
1001
FLOORFORGE
1000
floor:1
1000
preliminary
  0
LWPOLYLINE
  5
659
330
17
100
AcDbEntity
  8
A-FURN
100
AcDbPolyline
 90
4
 70
1
 10
28401.0
 20
430.00000000000006
 10
28401.0
 20
1410.0
 10
26301.0
 20
1410.0
 10
26301.0
 20
430.00000000000006
1001
FLOORFORGE
1000
floor:1
1000
preliminary
  0
LWPOLYLINE
  5
65A
330
17
100
AcDbEntity
  8
A-FURN
100
AcDbPolyline
 90
4
 70
1
 10
27901.0
 20
1755.0
 10
27901.0
 20
2505.0
 10
26801.0
 20
2505.0
 10
26801.0
 20
1755.0
1001
FLOORFORGE
1000
floor:1
1000
preliminary
  0
LWPOLYLINE
  5
65B
330
17
100
AcDbEntity
  8
A-FURN
100
AcDbPolyline
 90
4
 70
1
 10
29501.0
 20
1780.0
 10
29501.0
 20
2480.0
 10
28801.0
 20
2480.0
 10
28801.0
 20
1780.0
1001
FLOORFORGE
1000
floor:1
1000
preliminary
  0
LWPOLYLINE
  5
65C
330
17
100
AcDbEntity
  8
A-FURN
100
AcDbPolyline
 90
4
 70
1
 10
24196.0
 20
5825.0
 10
24196.0
 20
7425.0
 10
22966.0
 20
7425.0
 10
22966.0
 20
5825.0
1001
FLOORFORGE
1000
floor:1
1000
preliminary
  0
LWPOLYLINE
  5
65D
330
17
100
AcDbEntity
  8
A-FURN
100
AcDbPolyline
 90
4
 70
1
 10
25941.0
 20
4525.0
 10
25941.0
 20
4875.0
 10
24741.0
 20
4875.0
 10
24741.0
 20
4525.0
1001
FLOORFORGE
1000
floor:1
1000
preliminary
  0
LWPOLYLINE
  5
65E
330
17
100
AcDbEntity
  8
A-FURN
100
AcDbPolyline
 90
4
 70
1
 10
29071.0
 20
12062.0
 10
29071.0
 20
13761.999999999998
 10
26901.0
 20
13761.999999999998
 10
26901.0
 20
12062.0
1001
FLOORFORGE
1000
floor:1
1000
preliminary
  0
LWPOLYLINE
  5
65F
330
17
100
AcDbEntity
  8
A-FURN
100
AcDbPolyline
 90
4
 70
1
 10
26741.0
 20
8925.0
 10
26741.0
 20
9525.0
 10
24641.0
 20
9525.0
 10
24641.0
 20
8925.0
1001
FLOORFORGE
1000
floor:1
1000
preliminary
  0
LWPOLYLINE
  5
660
330
17
100
AcDbEntity
  8
A-FURN
100
AcDbPolyline
 90
4
 70
1
 10
24241.0
 20
11625.0
 10
24241.0
 20
12225.0
 10
23041.0
 20
12225.0
 10
23041.0
 20
11625.0
1001
FLOORFORGE
1000
floor:1
1000
preliminary
  0
LWPOLYLINE
  5
661
330
17
100
AcDbEntity
  8
A-FURN
100
AcDbPolyline
 90
4
 70
1
 10
23626.0
 20
10735.0
 10
23626.0
 20
11455.0
 10
23166.0
 20
11455.0
 10
23166.0
 20
10735.0
1001
FLOORFORGE
1000
floor:1
1000
preliminary
  0
LWPOLYLINE
  5
662
330
17
100
AcDbEntity
  8
A-FURN
100
AcDbPolyline
 90
4
 70
1
 10
23466.0
 20
9675.0
 10
23466.0
 20
10675.0
 10
22966.0
 20
10675.0
 10
22966.0
 20
9675.0
1001
FLOORFORGE
1000
floor:1
1000
preliminary
  0
LWPOLYLINE
  5
663
330
17
100
AcDbEntity
  8
A-FURN
100
AcDbPolyline
 90
4
 70
1
 10
31431.0
 20
7845.000000000002
 10
31431.0
 20
9745.000000000002
 10
29261.0
 20
9745.000000000002
 10
29261.0
 20
7845.000000000002
1001
FLOORFORGE
1000
floor:1
1000
preliminary
  0
LWPOLYLINE
  5
664
330
17
100
AcDbEntity
  8
A-FURN
100
AcDbPolyline
 90
4
 70
1
 10
33041.0
 20
12237.0
 10
33041.0
 20
12837.0
 10
30641.0
 20
12837.0
 10
30641.0
 20
12237.0
1001
FLOORFORGE
1000
floor:1
1000
preliminary
  0
LWPOLYLINE
  5
665
330
17
100
AcDbEntity
  8
A-FURN
100
AcDbPolyline
 90
4
 70
1
 10
29841.0
 20
13587.0
 10
29841.0
 20
14786.999999999998
 10
29241.0
 20
14786.999999999998
 10
29241.0
 20
13587.0
1001
FLOORFORGE
1000
floor:1
1000
preliminary
  0
LWPOLYLINE
  5
666
330
17
100
AcDbEntity
  8
A-FURN
100
AcDbPolyline
 90
4
 70
1
 10
33182.0
 20
13251.999999999998
 10
33182.0
 20
13712.0
 10
32462.0
 20
13712.0
 10
32462.0
 20
13251.999999999998
1001
FLOORFORGE
1000
floor:1
1000
preliminary
  0
LWPOLYLINE
  5
667
330
17
100
AcDbEntity
  8
A-FURN
100
AcDbPolyline
 90
4
 70
1
 10
32257.0
 20
14862.0
 10
32257.0
 20
15362.0
 10
31257.0
 20
15362.0
 10
31257.0
 20
14862.0
1001
FLOORFORGE
1000
floor:1
1000
preliminary
  0
LWPOLYLINE
  5
668
330
17
100
AcDbEntity
  8
A-EXT
100
AcDbPolyline
 90
4
 70
1
 10
28624.0
 20
-1900.0
 10
33324.0
 20
-1900.0
 10
33324.0
 20
0.0
 10
28624.0
 20
0.0
1001
FLOORFORGE
1000
floor:1
1000
preliminary
  0
TEXT
  5
669
330
17
100
AcDbEntity
  8
A-EXT
100
AcDbText
 10
30974.0
 20
-1780.0
 30
0.0
 40
130.0
  1
BALCONY
 72
1
 11
30974.0
 21
-1780.0
 31
0.0
100
AcDbText
 73
1
1001
FLOORFORGE
1000
floor:1
1000
preliminary
  0
TEXT
  5
66A
330
17
100
AcDbEntity
  8
A-ANNO
100
AcDbText
 10
24081.0
 20
2302.0
 30
0.0
 40
220.0
  1
STAIR
 72
1
 11
24081.0
 21
2302.0
 31
0.0
100
AcDbText
 73
1
1001
FLOORFORGE
1000
floor:1
1000
preliminary
  0
TEXT
  5
66B
330
17
100
AcDbEntity
  8
A-ANNO
100
AcDbText
 10
26955.138671875
 20
2705.556640625
 30
0.0
 40
220.0
  1
FAMILY LOUNGE
 72
1
 11
26955.138671875
 21
2705.556640625
 31
0.0
100
AcDbText
 73
1
1001
FLOORFORGE
1000
floor:1
1000
preliminary
  0
TEXT
  5
66C
330
17
100
AcDbEntity
  8
A-ANNO
100
AcDbText
 10
26955.138671875
 20
2426.056640625
 30
0.0
 40
150.0
  1
7.99 x 2.71*
 72
1
 11
26955.138671875
 21
2426.056640625
 31
0.0
100
AcDbText
 73
1
1001
FLOORFORGE
1000
floor:1
1000
preliminary
  0
TEXT
  5
66D
330
17
100
AcDbEntity
  8
A-ANNO
100
AcDbText
 10
26955.138671875
 20
2216.056640625
 30
0.0
 40
150.0
  1
26.3 m2
 72
1
 11
26955.138671875
 21
2216.056640625
 31
0.0
100
AcDbText
 73
1
1001
FLOORFORGE
1000
floor:1
1000
preliminary
  0
TEXT
  5
66E
330
17
100
AcDbEntity
  8
A-ANNO
100
AcDbText
 10
31031.5
 20
777.0
 30
0.0
 40
170.0
  1
OPEN TERRACE
 72
1
 11
31031.5
 21
777.0
 31
0.0
100
AcDbText
 73
1
1001
FLOORFORGE
1000
floor:1
1000
preliminary
  0
TEXT
  5
66F
330
17
100
AcDbEntity
  8
A-ANNO
100
AcDbText
 10
31031.5
 20
542.0
 30
0.0
 40
130.0
  1
4.46 x 1.44*
 72
1
 11
31031.5
 21
542.0
 31
0.0
100
AcDbText
 73
1
1001
FLOORFORGE
1000
floor:1
1000
preliminary
  0
TEXT
  5
670
330
17
100
AcDbEntity
  8
A-ANNO
100
AcDbText
 10
31031.5
 20
360.0
 30
0.0
 40
130.0
  1
6.8 m2
 72
1
 11
31031.5
 21
360.0
 31
0.0
100
AcDbText
 73
1
1001
FLOORFORGE
1000
floor:1
1000
preliminary
  0
TEXT
  5
671
330
17
100
AcDbEntity
  8
A-ANNO
100
AcDbText
 10
28491.0
 20
6709.5
 30
0.0
 40
170.0
  1
HALL
 72
1
 11
28491.0
 21
6709.5
 31
0.0
100
AcDbText
 73
1
1001
FLOORFORGE
1000
floor:1
1000
preliminary
  0
TEXT
  5
672
330
17
100
AcDbEntity
  8
A-ANNO
100
AcDbText
 10
25343.5
 20
6727.0
 30
0.0
 40
220.0
  1
STUDY
 72
1
 11
25343.5
 21
6727.0
 31
0.0
100
AcDbText
 73
1
1001
FLOORFORGE
1000
floor:1
1000
preliminary
  0
TEXT
  5
673
330
17
100
AcDbEntity
  8
A-ANNO
100
AcDbText
 10
25343.5
 20
6447.5
 30
0.0
 40
150.0
  1
4.79 x 4.25
 72
1
 11
25343.5
 21
6447.5
 31
0.0
100
AcDbText
 73
1
1001
FLOORFORGE
1000
floor:1
1000
preliminary
  0
TEXT
  5
674
330
17
100
AcDbEntity
  8
A-ANNO
100
AcDbText
 10
25343.5
 20
6237.5
 30
0.0
 40
150.0
  1
20.4 m2
 72
1
 11
25343.5
 21
6237.5
 31
0.0
100
AcDbText
 73
1
1001
FLOORFORGE
1000
floor:1
1000
preliminary
  0
TEXT
  5
675
330
17
100
AcDbEntity
  8
A-ANNO
100
AcDbText
 10
26841.0
 20
12308.0
 30
0.0
 40
220.0
  1
BEDROOM 3
 72
1
 11
26841.0
 21
12308.0
 31
0.0
100
AcDbText
 73
1
1001
FLOORFORGE
1000
floor:1
1000
preliminary
  0
TEXT
  5
676
330
17
100
AcDbEntity
  8
A-ANNO
100
AcDbText
 10
26841.0
 20
12028.5
 30
0.0
 40
150.0
  1
4.50 x 5.21*
 72
1
 11
26841.0
 21
12028.5
 31
0.0
100
AcDbText
 73
1
1001
FLOORFORGE
1000
floor:1
1000
preliminary
  0
TEXT
  5
677
330
17
100
AcDbEntity
  8
A-ANNO
100
AcDbText
 10
26841.0
 20
11818.5
 30
0.0
 40
150.0
  1
27.4 m2
 72
1
 11
26841.0
 21
11818.5
 31
0.0
100
AcDbText
 73
1
1001
FLOORFORGE
1000
floor:1
1000
preliminary
  0
TEXT
  5
678
330
17
100
AcDbEntity
  8
A-ANNO
100
AcDbText
 10
23693.5
 20
13640.5
 30
0.0
 40
170.0
  1
DRESS 3
 72
1
 11
23693.5
 21
13640.5
 31
0.0
100
AcDbText
 73
1
1001
FLOORFORGE
1000
floor:1
1000
preliminary
  0
TEXT
  5
679
330
17
100
AcDbEntity
  8
A-ANNO
100
AcDbText
 10
23693.5
 20
13405.5
 30
0.0
 40
130.0
  1
1.50 x 3.76
 72
1
 11
23693.5
 21
13405.5
 31
0.0
100
AcDbText
 73
1
1001
FLOORFORGE
1000
floor:1
1000
preliminary
  0
TEXT
  5
67A
330
17
100
AcDbEntity
  8
A-ANNO
100
AcDbText
 10
23693.5
 20
13223.5
 30
0.0
 40
130.0
  1
5.6 m2
 72
1
 11
23693.5
 21
13223.5
 31
0.0
100
AcDbText
 73
1
1001
FLOORFORGE
1000
floor:1
1000
preliminary
  0
TEXT
  5
67B
330
17
100
AcDbEntity
  8
A-ANNO
100
AcDbText
 10
23693.5
 20
10259.5
 30
0.0
 40
170.0
  1
BATH 3
 72
1
 11
23693.5
 21
10259.5
 31
0.0
100
AcDbText
 73
1
1001
FLOORFORGE
1000
floor:1
1000
preliminary
  0
TEXT
  5
67C
330
17
100
AcDbEntity
  8
A-ANNO
100
AcDbText
 10
23693.5
 20
10024.5
 30
0.0
 40
130.0
  1
1.50 x 2.55
 72
1
 11
23693.5
 21
10024.5
 31
0.0
100
AcDbText
 73
1
1001
FLOORFORGE
1000
floor:1
1000
preliminary
  0
TEXT
  5
67D
330
17
100
AcDbEntity
  8
A-ANNO
100
AcDbText
 10
23693.5
 20
9842.5
 30
0.0
 40
130.0
  1
3.8 m2
 72
1
 11
23693.5
 21
9842.5
 31
0.0
100
AcDbText
 73
1
1001
FLOORFORGE
1000
floor:1
1000
preliminary
  0
TEXT
  5
67E
330
17
100
AcDbEntity
  8
A-ANNO
100
AcDbText
 10
31221.5
 20
7429.5
 30
0.0
 40
220.0
  1
MASTER BEDROOM
 72
1
 11
31221.5
 21
7429.5
 31
0.0
100
AcDbText
 73
1
1001
FLOORFORGE
1000
floor:1
1000
preliminary
  0
TEXT
  5
67F
330
17
100
AcDbEntity
  8
A-ANNO
100
AcDbText
 10
31221.5
 20
7150.0
 30
0.0
 40
150.0
  1
3.96 x 8.31
 72
1
 11
31221.5
 21
7150.0
 31
0.0
100
AcDbText
 73
1
1001
FLOORFORGE
1000
floor:1
1000
preliminary
  0
TEXT
  5
680
330
17
100
AcDbEntity
  8
A-ANNO
100
AcDbText
 10
31221.5
 20
6940.0
 30
0.0
 40
150.0
  1
32.9 m2
 72
1
 11
31221.5
 21
6940.0
 31
0.0
100
AcDbText
 73
1
1001
FLOORFORGE
1000
floor:1
1000
preliminary
  0
TEXT
  5
681
330
17
100
AcDbEntity
  8
A-ANNO
100
AcDbText
 10
30099.0
 20
14261.5
 30
0.0
 40
220.0
  1
MASTER DRESS
 72
1
 11
30099.0
 21
14261.5
 31
0.0
100
AcDbText
 73
1
1001
FLOORFORGE
1000
floor:1
1000
preliminary
  0
TEXT
  5
682
330
17
100
AcDbEntity
  8
A-ANNO
100
AcDbText
 10
30099.0
 20
13982.0
 30
0.0
 40
150.0
  1
1.72 x 2.40
 72
1
 11
30099.0
 21
13982.0
 31
0.0
100
AcDbText
 73
1
1001
FLOORFORGE
1000
floor:1
1000
preliminary
  0
TEXT
  5
683
330
17
100
AcDbEntity
  8
A-ANNO
100
AcDbText
 10
30099.0
 20
13772.0
 30
0.0
 40
150.0
  1
4.1 m2
 72
1
 11
30099.0
 21
13772.0
 31
0.0
100
AcDbText
 73
1
1001
FLOORFORGE
1000
floor:1
1000
preliminary
  0
TEXT
  5
684
330
17
100
AcDbEntity
  8
A-ANNO
100
AcDbText
 10
32154.5
 20
14339.0
 30
0.0
 40
220.0
  1
MASTER BATH
 72
1
 11
32154.5
 21
14339.0
 31
0.0
100
AcDbText
 73
1
1001
FLOORFORGE
1000
floor:1
1000
preliminary
  0
TEXT
  5
685
330
17
100
AcDbEntity
  8
A-ANNO
100
AcDbText
 10
32154.5
 20
14059.5
 30
0.0
 40
150.0
  1
2.10 x 2.40
 72
1
 11
32154.5
 21
14059.5
 31
0.0
100
AcDbText
 73
1
1001
FLOORFORGE
1000
floor:1
1000
preliminary
  0
TEXT
  5
686
330
17
100
AcDbEntity
  8
A-ANNO
100
AcDbText
 10
32154.5
 20
13849.5
 30
0.0
 40
150.0
  1
5.0 m2
 72
1
 11
32154.5
 21
13849.5
 31
0.0
100
AcDbText
 73
1
1001
FLOORFORGE
1000
floor:1
1000
preliminary
  0
DIMENSION
  5
687
330
17
100
AcDbEntity
  8
A-DIMS
100
AcDbDimension
280
0
  2
*D54
  3
FF-ARCH
 10
22716.0
 20
-2450.0
 30
0.0
 11
24341.0
 21
-2300.0
 31
0.0
 70
32
 71
5
  1
<>
100
AcDbAlignedDimension
 13
22716.0
 23
0.0
 33
0.0
 14
25966.0
 24
0.0
 34
0.0
 50
0.0
100
AcDbRotatedDimension
1001
FLOORFORGE
1000
floor:1
1000
preliminary
  0
DIMENSION
  5
696
330
17
100
AcDbEntity
  8
A-DIMS
100
AcDbDimension
280
0
  2
*D55
  3
FF-ARCH
 10
25966.0
 20
-2450.0
 30
0.0
 11
26866.0
 21
-2300.0
 31
0.0
 70
32
 71
5
  1
<>
100
AcDbAlignedDimension
 13
25966.0
 23
0.0
 33
0.0
 14
27766.0
 24
0.0
 34
0.0
 50
0.0
100
AcDbRotatedDimension
1001
FLOORFORGE
1000
floor:1
1000
preliminary
  0
DIMENSION
  5
6A5
330
17
100
AcDbEntity
  8
A-DIMS
100
AcDbDimension
280
0
  2
*D56
  3
FF-ARCH
 10
27766.0
 20
-2450.0
 30
0.0
 11
30599.0
 21
-2300.0
 31
0.0
 70
32
 71
5
  1
<>
100
AcDbAlignedDimension
 13
27766.0
 23
0.0
 33
0.0
 14
33432.0
 24
0.0
 34
0.0
 50
0.0
100
AcDbRotatedDimension
1001
FLOORFORGE
1000
floor:1
1000
preliminary
  0
DIMENSION
  5
6B4
330
17
100
AcDbEntity
  8
A-DIMS
100
AcDbDimension
280
0
  2
*D57
  3
FF-ARCH
 10
22716.0
 20
-2900.0
 30
0.0
 11
25616.0
 21
-2750.0
 31
0.0
 70
32
 71
5
  1
<>
100
AcDbAlignedDimension
 13
22716.0
 23
0.0
 33
0.0
 14
28516.0
 24
0.0
 34
0.0
 50
0.0
100
AcDbRotatedDimension
1001
FLOORFORGE
1000
floor:1
1000
preliminary
  0
DIMENSION
  5
6C3
330
17
100
AcDbEntity
  8
A-DIMS
100
AcDbDimension
280
0
  2
*D58
  3
FF-ARCH
 10
28516.0
 20
-2900.0
 30
0.0
 11
30974.0
 21
-2750.0
 31
0.0
 70
32
 71
5
  1
<>
100
AcDbAlignedDimension
 13
28516.0
 23
0.0
 33
0.0
 14
33432.0
 24
0.0
 34
0.0
 50
0.0
100
AcDbRotatedDimension
1001
FLOORFORGE
1000
floor:1
1000
preliminary
  0
DIMENSION
  5
6D2
330
17
100
AcDbEntity
  8
A-DIMS
100
AcDbDimension
280
0
  2
*D59
  3
FF-ARCH
 10
22716.0
 20
-3350.0
 30
0.0
 11
28074.0
 21
-3200.0
 31
0.0
 70
32
 71
5
  1
<>
100
AcDbAlignedDimension
 13
22716.0
 23
0.0
 33
0.0
 14
33432.0
 24
0.0
 34
0.0
 50
0.0
100
AcDbRotatedDimension
1001
FLOORFORGE
1000
floor:1
1000
preliminary
  0
DIMENSION
  5
6E1
330
17
100
AcDbEntity
  8
A-DIMS
100
AcDbDimension
280
0
  2
*D60
  3
FF-ARCH
 10
22716.0
 20
16162.0
 30
0.0
 11
22941.0
 21
16432.0
 31
0.0
 70
32
 71
5
  1
<>
100
AcDbAlignedDimension
 13
22716.0
 23
15612.0
 33
0.0
 14
23166.0
 24
15612.0
 34
0.0
 50
0.0
100
AcDbRotatedDimension
1001
FLOORFORGE
1000
floor:1
1000
preliminary
  0
DIMENSION
  5
6F0
330
17
100
AcDbEntity
  8
A-DIMS
100
AcDbDimension
280
0
  2
*D61
  3
FF-ARCH
 10
23166.0
 20
16162.0
 30
0.0
 11
23616.0
 21
16312.0
 31
0.0
 70
32
 71
5
  1
<>
100
AcDbAlignedDimension
 13
23166.0
 23
15612.0
 33
0.0
 14
24066.0
 24
15612.0
 34
0.0
 50
0.0
100
AcDbRotatedDimension
1001
FLOORFORGE
1000
floor:1
1000
preliminary
  0
DIMENSION
  5
6FF
330
17
100
AcDbEntity
  8
A-DIMS
100
AcDbDimension
280
0
  2
*D62
  3
FF-ARCH
 10
24066.0
 20
16162.0
 30
0.0
 11
24928.5
 21
16312.0
 31
0.0
 70
32
 71
5
  1
<>
100
AcDbAlignedDimension
 13
24066.0
 23
15612.0
 33
0.0
 14
25791.0
 24
15612.0
 34
0.0
 50
0.0
100
AcDbRotatedDimension
1001
FLOORFORGE
1000
floor:1
1000
preliminary
  0
DIMENSION
  5
70E
330
17
100
AcDbEntity
  8
A-DIMS
100
AcDbDimension
280
0
  2
*D63
  3
FF-ARCH
 10
25791.0
 20
16162.0
 30
0.0
 11
26841.0
 21
16312.0
 31
0.0
 70
32
 71
5
  1
<>
100
AcDbAlignedDimension
 13
25791.0
 23
15612.0
 33
0.0
 14
27891.0
 24
15612.0
 34
0.0
 50
0.0
100
AcDbRotatedDimension
1001
FLOORFORGE
1000
floor:1
1000
preliminary
  0
DIMENSION
  5
71D
330
17
100
AcDbEntity
  8
A-DIMS
100
AcDbDimension
280
0
  2
*D64
  3
FF-ARCH
 10
27891.0
 20
16162.0
 30
0.0
 11
28770.0
 21
16312.0
 31
0.0
 70
32
 71
5
  1
<>
100
AcDbAlignedDimension
 13
27891.0
 23
15612.0
 33
0.0
 14
29649.0
 24
15612.0
 34
0.0
 50
0.0
100
AcDbRotatedDimension
1001
FLOORFORGE
1000
floor:1
1000
preliminary
  0
DIMENSION
  5
72C
330
17
100
AcDbEntity
  8
A-DIMS
100
AcDbDimension
280
0
  2
*D65
  3
FF-ARCH
 10
29649.0
 20
16162.0
 30
0.0
 11
30099.0
 21
16312.0
 31
0.0
 70
32
 71
5
  1
<>
100
AcDbAlignedDimension
 13
29649.0
 23
15612.0
 33
0.0
 14
30549.0
 24
15612.0
 34
0.0
 50
0.0
100
AcDbRotatedDimension
1001
FLOORFORGE
1000
floor:1
1000
preliminary
  0
DIMENSION
  5
73B
330
17
100
AcDbEntity
  8
A-DIMS
100
AcDbDimension
280
0
  2
*D66
  3
FF-ARCH
 10
30549.0
 20
16162.0
 30
0.0
 11
31165.5
 21
16312.0
 31
0.0
 70
32
 71
5
  1
<>
100
AcDbAlignedDimension
 13
30549.0
 23
15612.0
 33
0.0
 14
31782.0
 24
15612.0
 34
0.0
 50
0.0
100
AcDbRotatedDimension
1001
FLOORFORGE
1000
floor:1
1000
preliminary
  0
DIMENSION
  5
74A
330
17
100
AcDbEntity
  8
A-DIMS
100
AcDbDimension
280
0
  2
*D67
  3
FF-ARCH
 10
31782.0
 20
16162.0
 30
0.0
 11
32232.0
 21
16312.0
 31
0.0
 70
32
 71
5
  1
<>
100
AcDbAlignedDimension
 13
31782.0
 23
15612.0
 33
0.0
 14
32682.0
 24
15612.0
 34
0.0
 50
0.0
100
AcDbRotatedDimension
1001
FLOORFORGE
1000
floor:1
1000
preliminary
  0
DIMENSION
  5
759
330
17
100
AcDbEntity
  8
A-DIMS
100
AcDbDimension
280
0
  2
*D68
  3
FF-ARCH
 10
32682.0
 20
16162.0
 30
0.0
 11
33057.0
 21
16312.0
 31
0.0
 70
32
 71
5
  1
<>
100
AcDbAlignedDimension
 13
32682.0
 23
15612.0
 33
0.0
 14
33432.0
 24
15612.0
 34
0.0
 50
0.0
100
AcDbRotatedDimension
1001
FLOORFORGE
1000
floor:1
1000
preliminary
  0
DIMENSION
  5
768
330
17
100
AcDbEntity
  8
A-DIMS
100
AcDbDimension
280
0
  2
*D69
  3
FF-ARCH
 10
22716.0
 20
16612.0
 30
0.0
 11
23616.0
 21
16762.0
 31
0.0
 70
32
 71
5
  1
<>
100
AcDbAlignedDimension
 13
22716.0
 23
15612.0
 33
0.0
 14
24516.0
 24
15612.0
 34
0.0
 50
0.0
100
AcDbRotatedDimension
1001
FLOORFORGE
1000
floor:1
1000
preliminary
  0
DIMENSION
  5
777
330
17
100
AcDbEntity
  8
A-DIMS
100
AcDbDimension
280
0
  2
*D70
  3
FF-ARCH
 10
24516.0
 20
16612.0
 30
0.0
 11
26841.0
 21
16762.0
 31
0.0
 70
32
 71
5
  1
<>
100
AcDbAlignedDimension
 13
24516.0
 23
15612.0
 33
0.0
 14
29166.0
 24
15612.0
 34
0.0
 50
0.0
100
AcDbRotatedDimension
1001
FLOORFORGE
1000
floor:1
1000
preliminary
  0
DIMENSION
  5
786
330
17
100
AcDbEntity
  8
A-DIMS
100
AcDbDimension
280
0
  2
*D71
  3
FF-ARCH
 10
29166.0
 20
16612.0
 30
0.0
 11
30099.0
 21
16762.0
 31
0.0
 70
32
 71
5
  1
<>
100
AcDbAlignedDimension
 13
29166.0
 23
15612.0
 33
0.0
 14
31032.0
 24
15612.0
 34
0.0
 50
0.0
100
AcDbRotatedDimension
1001
FLOORFORGE
1000
floor:1
1000
preliminary
  0
DIMENSION
  5
795
330
17
100
AcDbEntity
  8
A-DIMS
100
AcDbDimension
280
0
  2
*D72
  3
FF-ARCH
 10
31032.0
 20
16612.0
 30
0.0
 11
32232.0
 21
16762.0
 31
0.0
 70
32
 71
5
  1
<>
100
AcDbAlignedDimension
 13
31032.0
 23
15612.0
 33
0.0
 14
33432.0
 24
15612.0
 34
0.0
 50
0.0
100
AcDbRotatedDimension
1001
FLOORFORGE
1000
floor:1
1000
preliminary
  0
DIMENSION
  5
7A4
330
17
100
AcDbEntity
  8
A-DIMS
100
AcDbDimension
280
0
  2
*D73
  3
FF-ARCH
 10
22716.0
 20
17062.0
 30
0.0
 11
28074.0
 21
17212.0
 31
0.0
 70
32
 71
5
  1
<>
100
AcDbAlignedDimension
 13
22716.0
 23
15612.0
 33
0.0
 14
33432.0
 24
15612.0
 34
0.0
 50
0.0
100
AcDbRotatedDimension
1001
FLOORFORGE
1000
floor:1
1000
preliminary
  0
DIMENSION
  5
7B3
330
17
100
AcDbEntity
  8
A-DIMS
100
AcDbDimension
280
0
  2
*D74
  3
FF-ARCH
 10
22166.0
 20
0.0
 30
0.0
 11
22016.0
 21
2800.0
 31
0.0
 70
32
 71
5
  1
<>
100
AcDbAlignedDimension
 13
22716.0
 23
0.0
 33
0.0
 14
22716.0
 24
5600.0
 34
0.0
 50
90.0
100
AcDbRotatedDimension
1001
FLOORFORGE
1000
floor:1
1000
preliminary
  0
DIMENSION
  5
7C2
330
17
100
AcDbEntity
  8
A-DIMS
100
AcDbDimension
280
0
  2
*D75
  3
FF-ARCH
 10
22166.0
 20
5600.0
 30
0.0
 11
22016.0
 21
6650.0
 31
0.0
 70
32
 71
5
  1
<>
100
AcDbAlignedDimension
 13
22716.0
 23
5600.0
 33
0.0
 14
22716.0
 24
7700.0
 34
0.0
 50
90.0
100
AcDbRotatedDimension
1001
FLOORFORGE
1000
floor:1
1000
preliminary
  0
DIMENSION
  5
7D1
330
17
100
AcDbEntity
  8
A-DIMS
100
AcDbDimension
280
0
  2
*D76
  3
FF-ARCH
 10
22166.0
 20
7700.0
 30
0.0
 11
22016.0
 21
8725.0
 31
0.0
 70
32
 71
5
  1
<>
100
AcDbAlignedDimension
 13
22716.0
 23
7700.0
 33
0.0
 14
22716.0
 24
9750.0
 34
0.0
 50
90.0
100
AcDbRotatedDimension
1001
FLOORFORGE
1000
floor:1
1000
preliminary
  0
DIMENSION
  5
7E0
330
17
100
AcDbEntity
  8
A-DIMS
100
AcDbDimension
280
0
  2
*D77
  3
FF-ARCH
 10
22166.0
 20
9750.0
 30
0.0
 11
22016.0
 21
10200.0
 31
0.0
 70
32
 71
5
  1
<>
100
AcDbAlignedDimension
 13
22716.0
 23
9750.0
 33
0.0
 14
22716.0
 24
10650.0
 34
0.0
 50
90.0
100
AcDbRotatedDimension
1001
FLOORFORGE
1000
floor:1
1000
preliminary
  0
DIMENSION
  5
7EF
330
17
100
AcDbEntity
  8
A-DIMS
100
AcDbDimension
280
0
  2
*D78
  3
FF-ARCH
 10
22166.0
 20
10650.0
 30
0.0
 11
22016.0
 21
11890.5
 31
0.0
 70
32
 71
5
  1
<>
100
AcDbAlignedDimension
 13
22716.0
 23
10650.0
 33
0.0
 14
22716.0
 24
13131.0
 34
0.0
 50
90.0
100
AcDbRotatedDimension
1001
FLOORFORGE
1000
floor:1
1000
preliminary
  0
DIMENSION
  5
7FE
330
17
100
AcDbEntity
  8
A-DIMS
100
AcDbDimension
280
0
  2
*D79
  3
FF-ARCH
 10
22166.0
 20
13131.0
 30
0.0
 11
22016.0
 21
13581.0
 31
0.0
 70
32
 71
5
  1
<>
100
AcDbAlignedDimension
 13
22716.0
 23
13131.0
 33
0.0
 14
22716.0
 24
14031.0
 34
0.0
 50
90.0
100
AcDbRotatedDimension
1001
FLOORFORGE
1000
floor:1
1000
preliminary
  0
DIMENSION
  5
80D
330
17
100
AcDbEntity
  8
A-DIMS
100
AcDbDimension
280
0
  2
*D80
  3
FF-ARCH
 10
22166.0
 20
14031.0
 30
0.0
 11
22016.0
 21
14821.5
 31
0.0
 70
32
 71
5
  1
<>
100
AcDbAlignedDimension
 13
22716.0
 23
14031.0
 33
0.0
 14
22716.0
 24
15612.0
 34
0.0
 50
90.0
100
AcDbRotatedDimension
1001
FLOORFORGE
1000
floor:1
1000
preliminary
  0
DIMENSION
  5
81C
330
17
100
AcDbEntity
  8
A-DIMS
100
AcDbDimension
280
0
  2
*D81
  3
FF-ARCH
 10
21716.0
 20
0.0
 30
0.0
 11
21566.0
 21
2225.0
 31
0.0
 70
32
 71
5
  1
<>
100
AcDbAlignedDimension
 13
22716.0
 23
0.0
 33
0.0
 14
22716.0
 24
4450.0
 34
0.0
 50
90.0
100
AcDbRotatedDimension
1001
FLOORFORGE
1000
floor:1
1000
preliminary
  0
DIMENSION
  5
82B
330
17
100
AcDbEntity
  8
A-DIMS
100
AcDbDimension
280
0
  2
*D82
  3
FF-ARCH
 10
21716.0
 20
4450.0
 30
0.0
 11
21566.0
 21
6650.0
 31
0.0
 70
32
 71
5
  1
<>
100
AcDbAlignedDimension
 13
22716.0
 23
4450.0
 33
0.0
 14
22716.0
 24
8850.0
 34
0.0
 50
90.0
100
AcDbRotatedDimension
1001
FLOORFORGE
1000
floor:1
1000
preliminary
  0
DIMENSION
  5
83A
330
17
100
AcDbEntity
  8
A-DIMS
100
AcDbDimension
280
0
  2
*D83
  3
FF-ARCH
 10
21716.0
 20
8850.0
 30
0.0
 11
21566.0
 21
10200.0
 31
0.0
 70
32
 71
5
  1
<>
100
AcDbAlignedDimension
 13
22716.0
 23
8850.0
 33
0.0
 14
22716.0
 24
11550.0
 34
0.0
 50
90.0
100
AcDbRotatedDimension
1001
FLOORFORGE
1000
floor:1
1000
preliminary
  0
DIMENSION
  5
849
330
17
100
AcDbEntity
  8
A-DIMS
100
AcDbDimension
280
0
  2
*D84
  3
FF-ARCH
 10
21716.0
 20
11550.0
 30
0.0
 11
21566.0
 21
13581.0
 31
0.0
 70
32
 71
5
  1
<>
100
AcDbAlignedDimension
 13
22716.0
 23
11550.0
 33
0.0
 14
22716.0
 24
15612.0
 34
0.0
 50
90.0
100
AcDbRotatedDimension
1001
FLOORFORGE
1000
floor:1
1000
preliminary
  0
DIMENSION
  5
858
330
17
100
AcDbEntity
  8
A-DIMS
100
AcDbDimension
280
0
  2
*D85
  3
FF-ARCH
 10
21266.0
 20
0.0
 30
0.0
 11
21116.0
 21
7806.0
 31
0.0
 70
32
 71
5
  1
<>
100
AcDbAlignedDimension
 13
22716.0
 23
0.0
 33
0.0
 14
22716.0
 24
15612.0
 34
0.0
 50
90.0
100
AcDbRotatedDimension
1001
FLOORFORGE
1000
floor:1
1000
preliminary
  0
DIMENSION
  5
867
330
17
100
AcDbEntity
  8
A-DIMS
100
AcDbDimension
280
0
  2
*D86
  3
FF-ARCH
 10
33982.0
 20
0.0
 30
0.0
 11
33832.0
 21
1125.0
 31
0.0
 70
32
 71
5
  1
<>
100
AcDbAlignedDimension
 13
33432.0
 23
0.0
 33
0.0
 14
33432.0
 24
2250.0
 34
0.0
 50
90.0
100
AcDbRotatedDimension
1001
FLOORFORGE
1000
floor:1
1000
preliminary
  0
DIMENSION
  5
876
330
17
100
AcDbEntity
  8
A-DIMS
100
AcDbDimension
280
0
  2
*D87
  3
FF-ARCH
 10
33982.0
 20
2250.0
 30
0.0
 11
33832.0
 21
3000.0
 31
0.0
 70
32
 71
5
  1
<>
100
AcDbAlignedDimension
 13
33432.0
 23
2250.0
 33
0.0
 14
33432.0
 24
3750.0
 34
0.0
 50
90.0
100
AcDbRotatedDimension
1001
FLOORFORGE
1000
floor:1
1000
preliminary
  0
DIMENSION
  5
885
330
17
100
AcDbEntity
  8
A-DIMS
100
AcDbDimension
280
0
  2
*D88
  3
FF-ARCH
 10
33982.0
 20
3750.0
 30
0.0
 11
33832.0
 21
5690.5
 31
0.0
 70
32
 71
5
  1
<>
100
AcDbAlignedDimension
 13
33432.0
 23
3750.0
 33
0.0
 14
33432.0
 24
7631.0
 34
0.0
 50
90.0
100
AcDbRotatedDimension
1001
FLOORFORGE
1000
floor:1
1000
preliminary
  0
DIMENSION
  5
894
330
17
100
AcDbEntity
  8
A-DIMS
100
AcDbDimension
280
0
  2
*D89
  3
FF-ARCH
 10
33982.0
 20
7631.0
 30
0.0
 11
33832.0
 21
8681.0
 31
0.0
 70
32
 71
5
  1
<>
100
AcDbAlignedDimension
 13
33432.0
 23
7631.0
 33
0.0
 14
33432.0
 24
9731.0
 34
0.0
 50
90.0
100
AcDbRotatedDimension
1001
FLOORFORGE
1000
floor:1
1000
preliminary
  0
DIMENSION
  5
8A3
330
17
100
AcDbEntity
  8
A-DIMS
100
AcDbDimension
280
0
  2
*D90
  3
FF-ARCH
 10
33982.0
 20
9731.0
 30
0.0
 11
33832.0
 21
11771.5
 31
0.0
 70
32
 71
5
  1
<>
100
AcDbAlignedDimension
 13
33432.0
 23
9731.0
 33
0.0
 14
33432.0
 24
13812.0
 34
0.0
 50
90.0
100
AcDbRotatedDimension
1001
FLOORFORGE
1000
floor:1
1000
preliminary
  0
DIMENSION
  5
8B2
330
17
100
AcDbEntity
  8
A-DIMS
100
AcDbDimension
280
0
  2
*D91
  3
FF-ARCH
 10
33982.0
 20
13812.0
 30
0.0
 11
33832.0
 21
14262.0
 31
0.0
 70
32
 71
5
  1
<>
100
AcDbAlignedDimension
 13
33432.0
 23
13812.0
 33
0.0
 14
33432.0
 24
14712.0
 34
0.0
 50
90.0
100
AcDbRotatedDimension
1001
FLOORFORGE
1000
floor:1
1000
preliminary
  0
DIMENSION
  5
8C1
330
17
100
AcDbEntity
  8
A-DIMS
100
AcDbDimension
280
0
  2
*D92
  3
FF-ARCH
 10
33982.0
 20
14712.0
 30
0.0
 11
33832.0
 21
15162.0
 31
0.0
 70
32
 71
5
  1
<>
100
AcDbAlignedDimension
 13
33432.0
 23
14712.0
 33
0.0
 14
33432.0
 24
15612.0
 34
0.0
 50
90.0
100
AcDbRotatedDimension
1001
FLOORFORGE
1000
floor:1
1000
preliminary
  0
DIMENSION
  5
8D0
330
17
100
AcDbEntity
  8
A-DIMS
100
AcDbDimension
280
0
  2
*D93
  3
FF-ARCH
 10
34432.0
 20
0.0
 30
0.0
 11
34282.0
 21
775.0
 31
0.0
 70
32
 71
5
  1
<>
100
AcDbAlignedDimension
 13
33432.0
 23
0.0
 33
0.0
 14
33432.0
 24
1550.0
 34
0.0
 50
90.0
100
AcDbRotatedDimension
1001
FLOORFORGE
1000
floor:1
1000
preliminary
  0
DIMENSION
  5
8DF
330
17
100
AcDbEntity
  8
A-DIMS
100
AcDbDimension
280
0
  2
*D94
  3
FF-ARCH
 10
34432.0
 20
1550.0
 30
0.0
 11
34282.0
 21
3000.0
 31
0.0
 70
32
 71
5
  1
<>
100
AcDbAlignedDimension
 13
33432.0
 23
1550.0
 33
0.0
 14
33432.0
 24
4450.0
 34
0.0
 50
90.0
100
AcDbRotatedDimension
1001
FLOORFORGE
1000
floor:1
1000
preliminary
  0
DIMENSION
  5
8EE
330
17
100
AcDbEntity
  8
A-DIMS
100
AcDbDimension
280
0
  2
*D95
  3
FF-ARCH
 10
34432.0
 20
4450.0
 30
0.0
 11
34282.0
 21
8681.0
 31
0.0
 70
32
 71
5
  1
<>
100
AcDbAlignedDimension
 13
33432.0
 23
4450.0
 33
0.0
 14
33432.0
 24
12912.0
 34
0.0
 50
90.0
100
AcDbRotatedDimension
1001
FLOORFORGE
1000
floor:1
1000
preliminary
  0
DIMENSION
  5
8FD
330
17
100
AcDbEntity
  8
A-DIMS
100
AcDbDimension
280
0
  2
*D96
  3
FF-ARCH
 10
34432.0
 20
12912.0
 30
0.0
 11
34282.0
 21
14262.0
 31
0.0
 70
32
 71
5
  1
<>
100
AcDbAlignedDimension
 13
33432.0
 23
12912.0
 33
0.0
 14
33432.0
 24
15612.0
 34
0.0
 50
90.0
100
AcDbRotatedDimension
1001
FLOORFORGE
1000
floor:1
1000
preliminary
  0
DIMENSION
  5
90C
330
17
100
AcDbEntity
  8
A-DIMS
100
AcDbDimension
280
0
  2
*D97
  3
FF-ARCH
 10
34882.0
 20
0.0
 30
0.0
 11
34732.0
 21
7806.0
 31
0.0
 70
32
 71
5
  1
<>
100
AcDbAlignedDimension
 13
33432.0
 23
0.0
 33
0.0
 14
33432.0
 24
15612.0
 34
0.0
 50
90.0
100
AcDbRotatedDimension
1001
FLOORFORGE
1000
floor:1
1000
preliminary
  0
LINE
  5
91B
330
17
100
AcDbEntity
  8
A-GRID
100
AcDbLine
 10
22831.0
 20
-2100.0
 30
0.0
 11
22831.0
 21
17412.0
 31
0.0
1001
FLOORFORGE
1000
floor:1
1000
preliminary
  0
CIRCLE
  5
91C
330
17
100
AcDbEntity
  8
A-GRID
100
AcDbCircle
 10
22831.0
 20
17712.0
 30
0.0
 40
300.0
1001
FLOORFORGE
1000
floor:1
1000
preliminary
  0
TEXT
  5
91D
330
17
100
AcDbEntity
  8
A-GRID
100
AcDbText
 10
22831.0
 20
17622.0
 30
0.0
 40
220.0
  1
A
 72
1
 11
22831.0
 21
17622.0
 31
0.0
100
AcDbText
 73
1
1001
FLOORFORGE
1000
floor:1
1000
preliminary
  0
LINE
  5
91E
330
17
100
AcDbEntity
  8
A-GRID
100
AcDbLine
 10
24516.0
 20
-2100.0
 30
0.0
 11
24516.0
 21
17412.0
 31
0.0
1001
FLOORFORGE
1000
floor:1
1000
preliminary
  0
CIRCLE
  5
91F
330
17
100
AcDbEntity
  8
A-GRID
100
AcDbCircle
 10
24516.0
 20
17712.0
 30
0.0
 40
300.0
1001
FLOORFORGE
1000
floor:1
1000
preliminary
  0
TEXT
  5
920
330
17
100
AcDbEntity
  8
A-GRID
100
AcDbText
 10
24516.0
 20
17622.0
 30
0.0
 40
220.0
  1
B
 72
1
 11
24516.0
 21
17622.0
 31
0.0
100
AcDbText
 73
1
1001
FLOORFORGE
1000
floor:1
1000
preliminary
  0
LINE
  5
921
330
17
100
AcDbEntity
  8
A-GRID
100
AcDbLine
 10
29166.0
 20
-2100.0
 30
0.0
 11
29166.0
 21
17412.0
 31
0.0
1001
FLOORFORGE
1000
floor:1
1000
preliminary
  0
CIRCLE
  5
922
330
17
100
AcDbEntity
  8
A-GRID
100
AcDbCircle
 10
29166.0
 20
17712.0
 30
0.0
 40
300.0
1001
FLOORFORGE
1000
floor:1
1000
preliminary
  0
TEXT
  5
923
330
17
100
AcDbEntity
  8
A-GRID
100
AcDbText
 10
29166.0
 20
17622.0
 30
0.0
 40
220.0
  1
C
 72
1
 11
29166.0
 21
17622.0
 31
0.0
100
AcDbText
 73
1
1001
FLOORFORGE
1000
floor:1
1000
preliminary
  0
LINE
  5
924
330
17
100
AcDbEntity
  8
A-GRID
100
AcDbLine
 10
33317.0
 20
-2100.0
 30
0.0
 11
33317.0
 21
17412.0
 31
0.0
1001
FLOORFORGE
1000
floor:1
1000
preliminary
  0
CIRCLE
  5
925
330
17
100
AcDbEntity
  8
A-GRID
100
AcDbCircle
 10
33317.0
 20
17712.0
 30
0.0
 40
300.0
1001
FLOORFORGE
1000
floor:1
1000
preliminary
  0
TEXT
  5
926
330
17
100
AcDbEntity
  8
A-GRID
100
AcDbText
 10
33317.0
 20
17622.0
 30
0.0
 40
220.0
  1
D
 72
1
 11
33317.0
 21
17622.0
 31
0.0
100
AcDbText
 73
1
1001
FLOORFORGE
1000
floor:1
1000
preliminary
  0
LINE
  5
927
330
17
100
AcDbEntity
  8
A-GRID
100
AcDbLine
 10
20916.0
 20
115.0
 30
0.0
 11
33632.0
 21
115.0
 31
0.0
1001
FLOORFORGE
1000
floor:1
1000
preliminary
  0
CIRCLE
  5
928
330
17
100
AcDbEntity
  8
A-GRID
100
AcDbCircle
 10
20616.0
 20
115.0
 30
0.0
 40
300.0
1001
FLOORFORGE
1000
floor:1
1000
preliminary
  0
TEXT
  5
929
330
17
100
AcDbEntity
  8
A-GRID
100
AcDbText
 10
20616.0
 20
25.0
 30
0.0
 40
220.0
  1
1
 72
1
 11
20616.0
 21
25.0
 31
0.0
100
AcDbText
 73
1
1001
FLOORFORGE
1000
floor:1
1000
preliminary
  0
LINE
  5
92A
330
17
100
AcDbEntity
  8
A-GRID
100
AcDbLine
 10
20916.0
 20
1550.0
 30
0.0
 11
33632.0
 21
1550.0
 31
0.0
1001
FLOORFORGE
1000
floor:1
1000
preliminary
  0
CIRCLE
  5
92B
330
17
100
AcDbEntity
  8
A-GRID
100
AcDbCircle
 10
20616.0
 20
1550.0
 30
0.0
 40
300.0
1001
FLOORFORGE
1000
floor:1
1000
preliminary
  0
TEXT
  5
92C
330
17
100
AcDbEntity
  8
A-GRID
100
AcDbText
 10
20616.0
 20
1460.0
 30
0.0
 40
220.0
  1
2
 72
1
 11
20616.0
 21
1460.0
 31
0.0
100
AcDbText
 73
1
1001
FLOORFORGE
1000
floor:1
1000
preliminary
  0
LINE
  5
92D
330
17
100
AcDbEntity
  8
A-GRID
100
AcDbLine
 10
20916.0
 20
4450.0
 30
0.0
 11
33632.0
 21
4450.0
 31
0.0
1001
FLOORFORGE
1000
floor:1
1000
preliminary
  0
CIRCLE
  5
92E
330
17
100
AcDbEntity
  8
A-GRID
100
AcDbCircle
 10
20616.0
 20
4450.0
 30
0.0
 40
300.0
1001
FLOORFORGE
1000
floor:1
1000
preliminary
  0
TEXT
  5
92F
330
17
100
AcDbEntity
  8
A-GRID
100
AcDbText
 10
20616.0
 20
4360.0
 30
0.0
 40
220.0
  1
3
 72
1
 11
20616.0
 21
4360.0
 31
0.0
100
AcDbText
 73
1
1001
FLOORFORGE
1000
floor:1
1000
preliminary
  0
LINE
  5
930
330
17
100
AcDbEntity
  8
A-GRID
100
AcDbLine
 10
20916.0
 20
8850.0
 30
0.0
 11
33632.0
 21
8850.0
 31
0.0
1001
FLOORFORGE
1000
floor:1
1000
preliminary
  0
CIRCLE
  5
931
330
17
100
AcDbEntity
  8
A-GRID
100
AcDbCircle
 10
20616.0
 20
8850.0
 30
0.0
 40
300.0
1001
FLOORFORGE
1000
floor:1
1000
preliminary
  0
TEXT
  5
932
330
17
100
AcDbEntity
  8
A-GRID
100
AcDbText
 10
20616.0
 20
8760.0
 30
0.0
 40
220.0
  1
4
 72
1
 11
20616.0
 21
8760.0
 31
0.0
100
AcDbText
 73
1
1001
FLOORFORGE
1000
floor:1
1000
preliminary
  0
LINE
  5
933
330
17
100
AcDbEntity
  8
A-GRID
100
AcDbLine
 10
20916.0
 20
11550.0
 30
0.0
 11
33632.0
 21
11550.0
 31
0.0
1001
FLOORFORGE
1000
floor:1
1000
preliminary
  0
CIRCLE
  5
934
330
17
100
AcDbEntity
  8
A-GRID
100
AcDbCircle
 10
20616.0
 20
11550.0
 30
0.0
 40
300.0
1001
FLOORFORGE
1000
floor:1
1000
preliminary
  0
TEXT
  5
935
330
17
100
AcDbEntity
  8
A-GRID
100
AcDbText
 10
20616.0
 20
11460.0
 30
0.0
 40
220.0
  1
5
 72
1
 11
20616.0
 21
11460.0
 31
0.0
100
AcDbText
 73
1
1001
FLOORFORGE
1000
floor:1
1000
preliminary
  0
LINE
  5
936
330
17
100
AcDbEntity
  8
A-GRID
100
AcDbLine
 10
20916.0
 20
12912.0
 30
0.0
 11
33632.0
 21
12912.0
 31
0.0
1001
FLOORFORGE
1000
floor:1
1000
preliminary
  0
CIRCLE
  5
937
330
17
100
AcDbEntity
  8
A-GRID
100
AcDbCircle
 10
20616.0
 20
12912.0
 30
0.0
 40
300.0
1001
FLOORFORGE
1000
floor:1
1000
preliminary
  0
TEXT
  5
938
330
17
100
AcDbEntity
  8
A-GRID
100
AcDbText
 10
20616.0
 20
12822.0
 30
0.0
 40
220.0
  1
6
 72
1
 11
20616.0
 21
12822.0
 31
0.0
100
AcDbText
 73
1
1001
FLOORFORGE
1000
floor:1
1000
preliminary
  0
LINE
  5
939
330
17
100
AcDbEntity
  8
A-GRID
100
AcDbLine
 10
20916.0
 20
15497.0
 30
0.0
 11
33632.0
 21
15497.0
 31
0.0
1001
FLOORFORGE
1000
floor:1
1000
preliminary
  0
CIRCLE
  5
93A
330
17
100
AcDbEntity
  8
A-GRID
100
AcDbCircle
 10
20616.0
 20
15497.0
 30
0.0
 40
300.0
1001
FLOORFORGE
1000
floor:1
1000
preliminary
  0
TEXT
  5
93B
330
17
100
AcDbEntity
  8
A-GRID
100
AcDbText
 10
20616.0
 20
15407.0
 30
0.0
 40
220.0
  1
7
 72
1
 11
20616.0
 21
15407.0
 31
0.0
100
AcDbText
 73
1
1001
FLOORFORGE
1000
floor:1
1000
preliminary
  0
LWPOLYLINE
  5
93C
330
17
100
AcDbEntity
  8
A-LEVL
100
AcDbPolyline
 90
3
 70
1
 10
28145.138671875
 20
1918.556640625
 10
28365.138671875
 20
1918.556640625
 10
28255.138671875
 20
1728.556640625
1001
FLOORFORGE
1000
floor:1
1000
preliminary
  0
HATCH
  5
93D
330
17
100
AcDbEntity
  8
A-LEVL
 62
7
100
AcDbHatch
 10
0.0
 20
0.0
 30
0.0
210
0.0
220
0.0
230
1.0
  2
SOLID
 70
1
 71
0
 91
1
 92
3
 72
0
 73
1
 93
3
 10
28145.138671875
 20
1918.556640625
 10
28365.138671875
 20
1918.556640625
 10
28255.138671875
 20
1728.556640625
 97
0
 75
0
 76
1
 98
0
  0
LINE
  5
93E
330
17
100
AcDbEntity
  8
A-LEVL
100
AcDbLine
 10
27875.138671875
 20
1728.556640625
 30
0.0
 11
28635.138671875
 21
1728.556640625
 31
0.0
1001
FLOORFORGE
1000
floor:1
1000
preliminary
  0
TEXT
  5
93F
330
17
100
AcDbEntity
  8
A-LEVL
100
AcDbText
 10
28425.138671875
 20
1788.556640625
 30
0.0
 40
160.0
  1
FFL +3.600
 11
28425.138671875
 21
1788.556640625
 31
0.0
100
AcDbText
1001
FLOORFORGE
1000
floor:1
1000
preliminary
  0
LINE
  5
940
330
17
100
AcDbEntity
  8
A-SECT
100
AcDbLine
 10
23466.0
 20
-2000.0
 30
0.0
 11
23466.0
 21
-3470.0
 31
0.0
1001
FLOORFORGE
1000
floor:1
1000
preliminary
  0
LINE
  5
941
330
17
100
AcDbEntity
  8
A-SECT
100
AcDbLine
 10
23466.0
 20
-3470.0
 30
0.0
 11
23466.0
 21
-3770.0
 31
0.0
1001
FLOORFORGE
1000
floor:1
1000
preliminary
  0
CIRCLE
  5
942
330
17
100
AcDbEntity
  8
A-SECT
100
AcDbCircle
 10
23466.0
 20
-4050.0
 30
0.0
 40
280.0
1001
FLOORFORGE
1000
floor:1
1000
preliminary
  0
TEXT
  5
943
330
17
100
AcDbEntity
  8
A-SECT
100
AcDbText
 10
23466.0
 20
-4135.0
 30
0.0
 40
220.0
  1
A
 72
1
 11
23466.0
 21
-4135.0
 31
0.0
100
AcDbText
 73
1
1001
FLOORFORGE
1000
floor:1
1000
preliminary
  0
LWPOLYLINE
  5
944
330
17
100
AcDbEntity
  8
A-SECT
100
AcDbPolyline
 90
3
 70
1
 10
23186.0
 20
-4170.0
 10
22846.0
 20
-4050.0
 10
23186.0
 20
-3930.0
1001
FLOORFORGE
1000
floor:1
1000
preliminary
  0
HATCH
  5
945
330
17
100
AcDbEntity
  8
A-SECT
 62
7
100
AcDbHatch
 10
0.0
 20
0.0
 30
0.0
210
0.0
220
0.0
230
1.0
  2
SOLID
 70
1
 71
0
 91
1
 92
3
 72
0
 73
1
 93
3
 10
23186.0
 20
-4170.0
 10
22846.0
 20
-4050.0
 10
23186.0
 20
-3930.0
 97
0
 75
0
 76
1
 98
0
  0
LINE
  5
946
330
17
100
AcDbEntity
  8
A-SECT
100
AcDbLine
 10
23466.0
 20
15712.0
 30
0.0
 11
23466.0
 21
17782.0
 31
0.0
1001
FLOORFORGE
1000
floor:1
1000
preliminary
  0
LINE
  5
947
330
17
100
AcDbEntity
  8
A-SECT
100
AcDbLine
 10
23466.0
 20
17782.0
 30
0.0
 11
23466.0
 21
18082.0
 31
0.0
1001
FLOORFORGE
1000
floor:1
1000
preliminary
  0
CIRCLE
  5
948
330
17
100
AcDbEntity
  8
A-SECT
100
AcDbCircle
 10
23466.0
 20
18362.0
 30
0.0
 40
280.0
1001
FLOORFORGE
1000
floor:1
1000
preliminary
  0
TEXT
  5
949
330
17
100
AcDbEntity
  8
A-SECT
100
AcDbText
 10
23466.0
 20
18277.0
 30
0.0
 40
220.0
  1
A
 72
1
 11
23466.0
 21
18277.0
 31
0.0
100
AcDbText
 73
1
1001
FLOORFORGE
1000
floor:1
1000
preliminary
  0
LWPOLYLINE
  5
94A
330
17
100
AcDbEntity
  8
A-SECT
100
AcDbPolyline
 90
3
 70
1
 10
23186.0
 20
18482.0
 10
22846.0
 20
18362.0
 10
23186.0
 20
18242.0
1001
FLOORFORGE
1000
floor:1
1000
preliminary
  0
HATCH
  5
94B
330
17
100
AcDbEntity
  8
A-SECT
 62
7
100
AcDbHatch
 10
0.0
 20
0.0
 30
0.0
210
0.0
220
0.0
230
1.0
  2
SOLID
 70
1
 71
0
 91
1
 92
3
 72
0
 73
1
 93
3
 10
23186.0
 20
18482.0
 10
22846.0
 20
18362.0
 10
23186.0
 20
18242.0
 97
0
 75
0
 76
1
 98
0
  0
CIRCLE
  5
94C
330
17
100
AcDbEntity
  8
A-ANNO
100
AcDbCircle
 10
19116.0
 20
17012.0
 30
0.0
 40
550.0
1001
FLOORFORGE
1000
floor:1
1000
preliminary
  0
LWPOLYLINE
  5
94D
330
17
100
AcDbEntity
  8
A-WALL
100
AcDbPolyline
 90
3
 70
1
 10
19116.0
 20
17518.0
 10
18962.0
 20
16709.5
 10
19116.0
 20
16902.0
1001
FLOORFORGE
1000
floor:1
1000
preliminary
  0
HATCH
  5
94E
330
17
100
AcDbEntity
  8
A-WALL
 62
7
100
AcDbHatch
 10
0.0
 20
0.0
 30
0.0
210
0.0
220
0.0
230
1.0
  2
SOLID
 70
1
 71
0
 91
1
 92
3
 72
0
 73
1
 93
3
 10
19116.0
 20
17518.0
 10
18962.0
 20
16709.5
 10
19116.0
 20
16902.0
 97
0
 75
0
 76
1
 98
0
  0
LWPOLYLINE
  5
94F
330
17
100
AcDbEntity
  8
A-WALL
100
AcDbPolyline
 90
3
 70
1
 10
19116.0
 20
17518.0
 10
19270.0
 20
16709.5
 10
19116.0
 20
16902.0
1001
FLOORFORGE
1000
floor:1
1000
preliminary
  0
TEXT
  5
950
330
17
100
AcDbEntity
  8
A-ANNO
100
AcDbText
 10
19116.0
 20
17732.0
 30
0.0
 40
260.0
  1
N
 72
1
 11
19116.0
 21
17732.0
 31
0.0
100
AcDbText
 73
1
1001
FLOORFORGE
1000
floor:1
1000
preliminary
  0
TEXT
  5
951
330
17
100
AcDbEntity
  8
A-ANNO
100
AcDbText
 10
22716.0
 20
-5200.0
 30
0.0
 40
190.0
  1
PRELIMINARY - ENGINEER TO REVIEW - NOT FOR CONSTRUCTION
 11
22716.0
 21
-5200.0
 31
0.0
100
AcDbText
  0
TEXT
  5
952
330
17
100
AcDbEntity
  8
A-ANNO
100
AcDbText
 10
22716.0
 20
20412.0
 30
0.0
 40
210.0
  1
FLOOR 1 / TRUE MILLIMETRES / NO STRUCTURAL CERTIFICATION
 11
22716.0
 21
20412.0
 31
0.0
100
AcDbText
  0
LWPOLYLINE
  5
95A
330
17
100
AcDbEntity
  8
A-FLOR
100
AcDbPolyline
 90
4
 70
1
 10
47882.0
 20
250.0
 10
47882.0
 20
1300.0
 10
45682.0
 20
1300.0
 10
45682.0
 20
250.0
1001
FLOORFORGE
1000
floor:2
1000
preliminary
  0
LWPOLYLINE
  5
95B
330
17
100
AcDbEntity
  8
A-FLOR
100
AcDbPolyline
 90
6
 70
1
 10
45432.0
 20
15612.0
 10
56148.0
 20
15612.0
 10
56148.0
 20
1550.0
 10
51232.0
 20
1550.0
 10
51232.0
 20
0.0
 10
45432.0
 20
0.0
1001
FLOORFORGE
1000
floor:2
1000
preliminary
  0
LWPOLYLINE
  5
95C
330
17
100
AcDbEntity
  8
A-FLOR
100
AcDbPolyline
 90
7
 70
1
 10
45432.0
 20
15612.0
 10
56148.0
 20
15612.0
 10
56148.0
 20
1550.0
 10
51232.0
 20
1550.0
 10
51232.0
 20
0.0
 10
45432.0
 20
0.0
 10
45432.0
 20
15612.0
1001
FLOORFORGE
1000
floor:2
1000
preliminary
  0
LWPOLYLINE
  5
95D
330
17
100
AcDbEntity
  8
A-FLOR
100
AcDbPolyline
 90
5
 70
1
 10
47882.0
 20
4350.0
 10
45682.0
 20
4350.0
 10
45682.0
 20
1300.0
 10
47882.0
 20
1300.0
 10
47882.0
 20
4350.0
1001
FLOORFORGE
1000
floor:2
1000
preliminary
  0
LWPOLYLINE
  5
95E
330
17
100
AcDbEntity
  8
A-FLOR
100
AcDbPolyline
 90
7
 70
0
 10
45432.0
 20
0.0
 10
45432.0
 20
15612.0
 10
56148.0
 20
15612.0
 10
56148.0
 20
1550.0
 10
51232.0
 20
1550.0
 10
51232.0
 20
0.0
 10
45432.0
 20
0.0
1001
FLOORFORGE
1000
floor:2
1000
preliminary
  0
LWPOLYLINE
  5
95F
330
17
100
AcDbEntity
  8
A-WALL
100
AcDbPolyline
 90
5
 70
1
 10
47957.0
 20
250.0
 10
47957.0
 20
100.0
 10
45607.0
 20
100.0
 10
45607.0
 20
250.0
 10
47957.0
 20
250.0
1001
FLOORFORGE
1000
floor:2
1000
preliminary
  0
HATCH
  5
960
330
17
100
AcDbEntity
  8
A-WALL
 62
7
100
AcDbHatch
 10
0.0
 20
0.0
 30
0.0
210
0.0
220
0.0
230
1.0
  2
SOLID
 70
1
 71
0
 91
1
 92
3
 72
0
 73
1
 93
5
 10
47957.0
 20
250.0
 10
47957.0
 20
100.0
 10
45607.0
 20
100.0
 10
45607.0
 20
250.0
 10
47957.0
 20
250.0
 97
0
 75
0
 76
1
 98
0
  0
LWPOLYLINE
  5
961
330
17
100
AcDbEntity
  8
A-WALL
100
AcDbPolyline
 90
5
 70
1
 10
48032.0
 20
4425.0
 10
48032.0
 20
1225.0
 10
47882.0
 20
1225.0
 10
47882.0
 20
4425.0
 10
48032.0
 20
4425.0
1001
FLOORFORGE
1000
floor:2
1000
preliminary
  0
HATCH
  5
962
330
17
100
AcDbEntity
  8
A-WALL
 62
7
100
AcDbHatch
 10
0.0
 20
0.0
 30
0.0
210
0.0
220
0.0
230
1.0
  2
SOLID
 70
1
 71
0
 91
1
 92
3
 72
0
 73
1
 93
5
 10
48032.0
 20
4425.0
 10
48032.0
 20
1225.0
 10
47882.0
 20
1225.0
 10
47882.0
 20
4425.0
 10
48032.0
 20
4425.0
 97
0
 75
0
 76
1
 98
0
  0
LWPOLYLINE
  5
963
330
17
100
AcDbEntity
  8
A-WALL
100
AcDbPolyline
 90
5
 70
1
 10
48032.0
 20
175.0
 10
47882.0
 20
175.0
 10
47882.0
 20
325.0
 10
48032.0
 20
325.0
 10
48032.0
 20
175.0
1001
FLOORFORGE
1000
floor:2
1000
preliminary
  0
HATCH
  5
964
330
17
100
AcDbEntity
  8
A-WALL
 62
7
100
AcDbHatch
 10
0.0
 20
0.0
 30
0.0
210
0.0
220
0.0
230
1.0
  2
SOLID
 70
1
 71
0
 91
1
 92
3
 72
0
 73
1
 93
5
 10
48032.0
 20
175.0
 10
47882.0
 20
175.0
 10
47882.0
 20
325.0
 10
48032.0
 20
325.0
 10
48032.0
 20
175.0
 97
0
 75
0
 76
1
 98
0
  0
LWPOLYLINE
  5
965
330
17
100
AcDbEntity
  8
A-WALL
100
AcDbPolyline
 90
5
 70
1
 10
47957.0
 20
4500.0
 10
47957.0
 20
4350.0
 10
45607.0
 20
4350.0
 10
45607.0
 20
4500.0
 10
47957.0
 20
4500.0
1001
FLOORFORGE
1000
floor:2
1000
preliminary
  0
HATCH
  5
966
330
17
100
AcDbEntity
  8
A-WALL
 62
7
100
AcDbHatch
 10
0.0
 20
0.0
 30
0.0
210
0.0
220
0.0
230
1.0
  2
SOLID
 70
1
 71
0
 91
1
 92
3
 72
0
 73
1
 93
5
 10
47957.0
 20
4500.0
 10
47957.0
 20
4350.0
 10
45607.0
 20
4350.0
 10
45607.0
 20
4500.0
 10
47957.0
 20
4500.0
 97
0
 75
0
 76
1
 98
0
  0
LWPOLYLINE
  5
967
330
17
100
AcDbEntity
  8
A-WALL
100
AcDbPolyline
 90
5
 70
1
 10
45532.0
 20
4425.0
 10
45682.0
 20
4425.0
 10
45682.0
 20
175.0
 10
45532.0
 20
175.0
 10
45532.0
 20
4425.0
1001
FLOORFORGE
1000
floor:2
1000
preliminary
  0
HATCH
  5
968
330
17
100
AcDbEntity
  8
A-WALL
 62
7
100
AcDbHatch
 10
0.0
 20
0.0
 30
0.0
210
0.0
220
0.0
230
1.0
  2
SOLID
 70
1
 71
0
 91
1
 92
3
 72
0
 73
1
 93
5
 10
45532.0
 20
4425.0
 10
45682.0
 20
4425.0
 10
45682.0
 20
175.0
 10
45532.0
 20
175.0
 10
45532.0
 20
4425.0
 97
0
 75
0
 76
1
 98
0
  0
LINE
  5
969
330
17
100
AcDbEntity
  8
A-DOOR
100
AcDbLine
 10
48032.0
 20
1225.0
 30
0.0
 11
48932.0
 21
1225.0
 31
0.0
1001
FLOORFORGE
1000
floor:2
1000
preliminary
  0
LWPOLYLINE
  5
96A
330
17
100
AcDbEntity
  8
A-DOOR
100
AcDbPolyline
 90
18
 70
0
 10
48032.0
 20
325.0
 10
48115.04152351697
 20
328.83924133446897
 10
48197.374566034916
 20
340.32421028448834
 10
48278.296691064876
 20
359.35692114446283
 10
48357.11749956844
 20
385.7749935360798
 10
48433.16452019889
 20
419.35303778044386
 10
48505.78894658962
 20
459.80457784334726
 10
48574.37117274133
 20
506.7844954477845
 10
48638.3260792819
 20
559.8919745014068
 10
48697.10802549859
 20
618.6739207180985
 10
48750.215504552216
 20
682.6288272586693
 10
48797.195422156656
 20
751.2110534103797
 10
48837.64696221956
 20
823.8354798011155
 10
48871.22500646392
 20
899.8825004315622
 10
48897.64307885554
 20
978.7033089351255
 10
48916.67578971551
 20
1059.6254339650868
 10
48928.16075866553
 20
1141.958476483028
 10
48932.0
 20
1225.0
1001
FLOORFORGE
1000
floor:2
1000
preliminary
  0
TEXT
  5
96B
330
17
100
AcDbEntity
  8
A-TAGS
100
AcDbText
 10
47632.0
 20
715.0
 30
0.0
 40
150.0
  1
D4
 72
1
 11
47632.0
 21
715.0
 31
0.0
100
AcDbText
 73
1
1001
FLOORFORGE
1000
floor:2
1000
preliminary
  0
TEXT
  5
96C
330
17
100
AcDbEntity
  8
A-ANNO
100
AcDbText
 10
46782.0
 20
834.5
 30
0.0
 40
170.0
  1
ROOF STAIR LANDING
 72
1
 11
46782.0
 21
834.5
 31
0.0
100
AcDbText
 73
1
1001
FLOORFORGE
1000
floor:2
1000
preliminary
  0
TEXT
  5
96D
330
17
100
AcDbEntity
  8
A-ANNO
100
AcDbText
 10
50790.0
 20
10133.0
 30
0.0
 40
220.0
  1
ROOF TERRACE
 72
1
 11
50790.0
 21
10133.0
 31
0.0
100
AcDbText
 73
1
1001
FLOORFORGE
1000
floor:2
1000
preliminary
  0
TEXT
  5
96E
330
17
100
AcDbEntity
  8
A-ANNO
100
AcDbText
 10
50790.0
 20
9853.5
 30
0.0
 40
150.0
  1
4.92 x 14.06*
 72
1
 11
50790.0
 21
9853.5
 31
0.0
100
AcDbText
 73
1
1001
FLOORFORGE
1000
floor:2
1000
preliminary
  0
TEXT
  5
96F
330
17
100
AcDbEntity
  8
A-ANNO
100
AcDbText
 10
50790.0
 20
9643.5
 30
0.0
 40
150.0
  1
148.7 m2
 72
1
 11
50790.0
 21
9643.5
 31
0.0
100
AcDbText
 73
1
1001
FLOORFORGE
1000
floor:2
1000
preliminary
  0
DIMENSION
  5
970
330
17
100
AcDbEntity
  8
A-DIMS
100
AcDbDimension
280
0
  2
*D98
  3
FF-ARCH
 10
45432.0
 20
-550.0
 30
0.0
 11
50790.0
 21
-400.0
 31
0.0
 70
32
 71
5
  1
<>
100
AcDbAlignedDimension
 13
45432.0
 23
0.0
 33
0.0
 14
56148.0
 24
0.0
 34
0.0
 50
0.0
100
AcDbRotatedDimension
1001
FLOORFORGE
1000
floor:2
1000
preliminary
  0
DIMENSION
  5
97F
330
17
100
AcDbEntity
  8
A-DIMS
100
AcDbDimension
280
0
  2
*D99
  3
FF-ARCH
 10
45432.0
 20
16162.0
 30
0.0
 11
50790.0
 21
16312.0
 31
0.0
 70
32
 71
5
  1
<>
100
AcDbAlignedDimension
 13
45432.0
 23
15612.0
 33
0.0
 14
56148.0
 24
15612.0
 34
0.0
 50
0.0
100
AcDbRotatedDimension
1001
FLOORFORGE
1000
floor:2
1000
preliminary
  0
DIMENSION
  5
98E
330
17
100
AcDbEntity
  8
A-DIMS
100
AcDbDimension
280
0
  2
*D100
  3
FF-ARCH
 10
44882.0
 20
0.0
 30
0.0
 11
44732.0
 21
7806.0
 31
0.0
 70
32
 71
5
  1
<>
100
AcDbAlignedDimension
 13
45432.0
 23
0.0
 33
0.0
 14
45432.0
 24
15612.0
 34
0.0
 50
90.0
100
AcDbRotatedDimension
1001
FLOORFORGE
1000
floor:2
1000
preliminary
  0
DIMENSION
  5
99D
330
17
100
AcDbEntity
  8
A-DIMS
100
AcDbDimension
280
0
  2
*D101
  3
FF-ARCH
 10
56698.0
 20
0.0
 30
0.0
 11
56548.0
 21
7806.0
 31
0.0
 70
32
 71
5
  1
<>
100
AcDbAlignedDimension
 13
56148.0
 23
0.0
 33
0.0
 14
56148.0
 24
15612.0
 34
0.0
 50
90.0
100
AcDbRotatedDimension
1001
FLOORFORGE
1000
floor:2
1000
preliminary
  0
LINE
  5
9AC
330
17
100
AcDbEntity
  8
A-GRID
100
AcDbLine
 10
45607.0
 20
-200.0
 30
0.0
 11
45607.0
 21
17412.0
 31
0.0
1001
FLOORFORGE
1000
floor:2
1000
preliminary
  0
CIRCLE
  5
9AD
330
17
100
AcDbEntity
  8
A-GRID
100
AcDbCircle
 10
45607.0
 20
17712.0
 30
0.0
 40
300.0
1001
FLOORFORGE
1000
floor:2
1000
preliminary
  0
TEXT
  5
9AE
330
17
100
AcDbEntity
  8
A-GRID
100
AcDbText
 10
45607.0
 20
17622.0
 30
0.0
 40
220.0
  1
A
 72
1
 11
45607.0
 21
17622.0
 31
0.0
100
AcDbText
 73
1
1001
FLOORFORGE
1000
floor:2
1000
preliminary
  0
LINE
  5
9AF
330
17
100
AcDbEntity
  8
A-GRID
100
AcDbLine
 10
43632.0
 20
175.0
 30
0.0
 11
56348.0
 21
175.0
 31
0.0
1001
FLOORFORGE
1000
floor:2
1000
preliminary
  0
CIRCLE
  5
9B0
330
17
100
AcDbEntity
  8
A-GRID
100
AcDbCircle
 10
43332.0
 20
175.0
 30
0.0
 40
300.0
1001
FLOORFORGE
1000
floor:2
1000
preliminary
  0
TEXT
  5
9B1
330
17
100
AcDbEntity
  8
A-GRID
100
AcDbText
 10
43332.0
 20
85.0
 30
0.0
 40
220.0
  1
1
 72
1
 11
43332.0
 21
85.0
 31
0.0
100
AcDbText
 73
1
1001
FLOORFORGE
1000
floor:2
1000
preliminary
  0
LWPOLYLINE
  5
9B2
330
17
100
AcDbEntity
  8
A-LEVL
100
AcDbPolyline
 90
3
 70
1
 10
46372.0
 20
890.0
 10
46592.0
 20
890.0
 10
46482.0
 20
700.0
1001
FLOORFORGE
1000
floor:2
1000
preliminary
  0
HATCH
  5
9B3
330
17
100
AcDbEntity
  8
A-LEVL
 62
7
100
AcDbHatch
 10
0.0
 20
0.0
 30
0.0
210
0.0
220
0.0
230
1.0
  2
SOLID
 70
1
 71
0
 91
1
 92
3
 72
0
 73
1
 93
3
 10
46372.0
 20
890.0
 10
46592.0
 20
890.0
 10
46482.0
 20
700.0
 97
0
 75
0
 76
1
 98
0
  0
LINE
  5
9B4
330
17
100
AcDbEntity
  8
A-LEVL
100
AcDbLine
 10
46102.0
 20
700.0
 30
0.0
 11
46862.0
 21
700.0
 31
0.0
1001
FLOORFORGE
1000
floor:2
1000
preliminary
  0
TEXT
  5
9B5
330
17
100
AcDbEntity
  8
A-LEVL
100
AcDbText
 10
46652.0
 20
760.0
 30
0.0
 40
160.0
  1
FFL +6.750
 11
46652.0
 21
760.0
 31
0.0
100
AcDbText
1001
FLOORFORGE
1000
floor:2
1000
preliminary
  0
LINE
  5
9B6
330
17
100
AcDbEntity
  8
A-SECT
100
AcDbLine
 10
46182.0
 20
-100.0
 30
0.0
 11
46182.0
 21
-1570.0
 31
0.0
1001
FLOORFORGE
1000
floor:2
1000
preliminary
  0
LINE
  5
9B7
330
17
100
AcDbEntity
  8
A-SECT
100
AcDbLine
 10
46182.0
 20
-1570.0
 30
0.0
 11
46182.0
 21
-1870.0
 31
0.0
1001
FLOORFORGE
1000
floor:2
1000
preliminary
  0
CIRCLE
  5
9B8
330
17
100
AcDbEntity
  8
A-SECT
100
AcDbCircle
 10
46182.0
 20
-2150.0
 30
0.0
 40
280.0
1001
FLOORFORGE
1000
floor:2
1000
preliminary
  0
TEXT
  5
9B9
330
17
100
AcDbEntity
  8
A-SECT
100
AcDbText
 10
46182.0
 20
-2235.0
 30
0.0
 40
220.0
  1
A
 72
1
 11
46182.0
 21
-2235.0
 31
0.0
100
AcDbText
 73
1
1001
FLOORFORGE
1000
floor:2
1000
preliminary
  0
LWPOLYLINE
  5
9BA
330
17
100
AcDbEntity
  8
A-SECT
100
AcDbPolyline
 90
3
 70
1
 10
45902.0
 20
-2270.0
 10
45562.0
 20
-2150.0
 10
45902.0
 20
-2030.0
1001
FLOORFORGE
1000
floor:2
1000
preliminary
  0
HATCH
  5
9BB
330
17
100
AcDbEntity
  8
A-SECT
 62
7
100
AcDbHatch
 10
0.0
 20
0.0
 30
0.0
210
0.0
220
0.0
230
1.0
  2
SOLID
 70
1
 71
0
 91
1
 92
3
 72
0
 73
1
 93
3
 10
45902.0
 20
-2270.0
 10
45562.0
 20
-2150.0
 10
45902.0
 20
-2030.0
 97
0
 75
0
 76
1
 98
0
  0
LINE
  5
9BC
330
17
100
AcDbEntity
  8
A-SECT
100
AcDbLine
 10
46182.0
 20
15712.0
 30
0.0
 11
46182.0
 21
17782.0
 31
0.0
1001
FLOORFORGE
1000
floor:2
1000
preliminary
  0
LINE
  5
9BD
330
17
100
AcDbEntity
  8
A-SECT
100
AcDbLine
 10
46182.0
 20
17782.0
 30
0.0
 11
46182.0
 21
18082.0
 31
0.0
1001
FLOORFORGE
1000
floor:2
1000
preliminary
  0
CIRCLE
  5
9BE
330
17
100
AcDbEntity
  8
A-SECT
100
AcDbCircle
 10
46182.0
 20
18362.0
 30
0.0
 40
280.0
1001
FLOORFORGE
1000
floor:2
1000
preliminary
  0
TEXT
  5
9BF
330
17
100
AcDbEntity
  8
A-SECT
100
AcDbText
 10
46182.0
 20
18277.0
 30
0.0
 40
220.0
  1
A
 72
1
 11
46182.0
 21
18277.0
 31
0.0
100
AcDbText
 73
1
1001
FLOORFORGE
1000
floor:2
1000
preliminary
  0
LWPOLYLINE
  5
9C0
330
17
100
AcDbEntity
  8
A-SECT
100
AcDbPolyline
 90
3
 70
1
 10
45902.0
 20
18482.0
 10
45562.0
 20
18362.0
 10
45902.0
 20
18242.0
1001
FLOORFORGE
1000
floor:2
1000
preliminary
  0
HATCH
  5
9C1
330
17
100
AcDbEntity
  8
A-SECT
 62
7
100
AcDbHatch
 10
0.0
 20
0.0
 30
0.0
210
0.0
220
0.0
230
1.0
  2
SOLID
 70
1
 71
0
 91
1
 92
3
 72
0
 73
1
 93
3
 10
45902.0
 20
18482.0
 10
45562.0
 20
18362.0
 10
45902.0
 20
18242.0
 97
0
 75
0
 76
1
 98
0
  0
CIRCLE
  5
9C2
330
17
100
AcDbEntity
  8
A-ANNO
100
AcDbCircle
 10
41832.0
 20
17012.0
 30
0.0
 40
550.0
1001
FLOORFORGE
1000
floor:2
1000
preliminary
  0
LWPOLYLINE
  5
9C3
330
17
100
AcDbEntity
  8
A-WALL
100
AcDbPolyline
 90
3
 70
1
 10
41832.0
 20
17518.0
 10
41678.0
 20
16709.5
 10
41832.0
 20
16902.0
1001
FLOORFORGE
1000
floor:2
1000
preliminary
  0
HATCH
  5
9C4
330
17
100
AcDbEntity
  8
A-WALL
 62
7
100
AcDbHatch
 10
0.0
 20
0.0
 30
0.0
210
0.0
220
0.0
230
1.0
  2
SOLID
 70
1
 71
0
 91
1
 92
3
 72
0
 73
1
 93
3
 10
41832.0
 20
17518.0
 10
41678.0
 20
16709.5
 10
41832.0
 20
16902.0
 97
0
 75
0
 76
1
 98
0
  0
LWPOLYLINE
  5
9C5
330
17
100
AcDbEntity
  8
A-WALL
100
AcDbPolyline
 90
3
 70
1
 10
41832.0
 20
17518.0
 10
41986.0
 20
16709.5
 10
41832.0
 20
16902.0
1001
FLOORFORGE
1000
floor:2
1000
preliminary
  0
TEXT
  5
9C6
330
17
100
AcDbEntity
  8
A-ANNO
100
AcDbText
 10
41832.0
 20
17732.0
 30
0.0
 40
260.0
  1
N
 72
1
 11
41832.0
 21
17732.0
 31
0.0
100
AcDbText
 73
1
1001
FLOORFORGE
1000
floor:2
1000
preliminary
  0
TEXT
  5
9C7
330
17
100
AcDbEntity
  8
A-ANNO
100
AcDbText
 10
45432.0
 20
-5200.0
 30
0.0
 40
190.0
  1
PRELIMINARY - ENGINEER TO REVIEW - NOT FOR CONSTRUCTION
 11
45432.0
 21
-5200.0
 31
0.0
100
AcDbText
  0
TEXT
  5
9C8
330
17
100
AcDbEntity
  8
A-ANNO
100
AcDbText
 10
45432.0
 20
20412.0
 30
0.0
 40
210.0
  1
FLOOR 2 / TRUE MILLIMETRES / NO STRUCTURAL CERTIFICATION
 11
45432.0
 21
20412.0
 31
0.0
100
AcDbText
  0
ENDSEC
  0
SECTION
  2
OBJECTS
  0
DICTIONARY
  5
A
330
0
100
AcDbDictionary
281
1
  3
ACAD_COLOR
350
B
  3
ACAD_GROUP
350
C
  3
ACAD_LAYOUT
350
D
  3
ACAD_MATERIAL
350
E
  3
ACAD_MLEADERSTYLE
350
F
  3
ACAD_MLINESTYLE
350
10
  3
ACAD_PLOTSETTINGS
350
11
  3
ACAD_PLOTSTYLENAME
350
12
  3
ACAD_SCALELIST
350
14
  3
ACAD_TABLESTYLE
350
15
  3
ACAD_VISUALSTYLE
350
16
  3
EZDXF_META
350
2D
  0
DICTIONARY
  5
B
330
A
100
AcDbDictionary
281
1
  0
DICTIONARY
  5
C
330
A
100
AcDbDictionary
281
1
  0
DICTIONARY
  5
D
330
A
100
AcDbDictionary
281
1
  3
Model
350
1A
  3
Layout1
350
1E
  3
GROUND
350
56A
  3
FLOOR-1
350
956
  3
FLOOR-2
350
9CC
  0
DICTIONARY
  5
E
330
A
100
AcDbDictionary
281
1
  3
ByBlock
350
1F
  3
ByLayer
350
20
  3
Global
350
21
  0
DICTIONARY
  5
F
330
A
100
AcDbDictionary
281
1
  3
Standard
350
2C
  0
DICTIONARY
  5
10
330
A
100
AcDbDictionary
281
1
  3
Standard
350
22
  0
DICTIONARY
  5
11
330
A
100
AcDbDictionary
281
1
  0
ACDBDICTIONARYWDFLT
  5
12
330
A
100
AcDbDictionary
281
1
  3
Normal
350
13
100
AcDbDictionaryWithDefault
340
13
  0
ACDBPLACEHOLDER
  5
13
330
12
  0
DICTIONARY
  5
14
330
A
100
AcDbDictionary
281
1
  0
DICTIONARY
  5
15
330
A
100
AcDbDictionary
281
1
  0
DICTIONARY
  5
16
330
A
100
AcDbDictionary
281
1
  3
2dWireframe
350
5A
  3
Basic
350
5B
  3
Brighten
350
5C
  3
ColorChange
350
5D
  3
Conceptual
350
5E
  3
Dim
350
5F
  3
EdgeColorOff
350
60
  3
Facepattern
350
61
  3
Flat
350
62
  3
FlatWithEdges
350
63
  3
Gouraud
350
64
  3
GouraudWithEdges
350
65
  3
Hidden
350
66
  3
JitterOff
350
67
  3
Linepattern
350
68
  3
Modeling
350
69
  3
OverhangOff
350
6A
  3
Realistic
350
6B
  3
Shaded
350
6C
  3
Shaded with edges
350
6D
  3
Shades of Gray
350
6E
  3
Sketchy
350
6F
  3
Thicken
350
70
  3
Wireframe
350
71
  3
X-Ray
350
72
  0
LAYOUT
  5
1A
330
D
100
AcDbPlotSettings
  1

  4
A3
  6

 40
7.5
 41
20.0
 42
7.5
 43
20.0
 44
420.0
 45
297.0
 46
0.0
 47
0.0
 48
0.0
 49
0.0
140
0.0
141
0.0
142
1.0
143
1.0
 70
1024
 72
1
 73
0
 74
5
  7

 75
16
 76
0
 77
2
 78
300
147
1.0
148
0.0
149
0.0
100
AcDbLayout
  1
Model
 70
1
 71
0
 10
0.0
 20
0.0
 11
420.0
 21
297.0
 12
0.0
 22
0.0
 32
0.0
 14
1e+20
 24
1e+20
 34
1e+20
 15
-1e+20
 25
-1e+20
 35
-1e+20
146
0.0
 13
0.0
 23
0.0
 33
0.0
 16
1.0
 26
0.0
 36
0.0
 17
0.0
 27
1.0
 37
0.0
 76
1
330
17
  0
LAYOUT
  5
1E
330
D
100
AcDbPlotSettings
  1

  4
A3
  6

 40
7.5
 41
20.0
 42
7.5
 43
20.0
 44
420.0
 45
297.0
 46
0.0
 47
0.0
 48
0.0
 49
0.0
140
0.0
141
0.0
142
1.0
143
1.0
 70
0
 72
1
 73
0
 74
5
  7

 75
16
 76
0
 77
2
 78
300
147
1.0
148
0.0
149
0.0
100
AcDbLayout
  1
Layout1
 70
1
 71
1
 10
0.0
 20
0.0
 11
420.0
 21
297.0
 12
0.0
 22
0.0
 32
0.0
 14
1e+20
 24
1e+20
 34
1e+20
 15
-1e+20
 25
-1e+20
 35
-1e+20
146
0.0
 13
0.0
 23
0.0
 33
0.0
 16
1.0
 26
0.0
 36
0.0
 17
0.0
 27
1.0
 37
0.0
 76
1
330
1B
  0
MATERIAL
  5
1F
102
{ACAD_REACTORS
330
E
102
}
330
E
100
AcDbMaterial
  1
ByBlock
  2

 70
0
 40
1.0
 71
1
 41
1.0
 91
-1023410177
 42
1.0
 72
1
  3

 73
1
 74
1
 75
1
 44
0.5
 73
0
 45
1.0
 46
1.0
 77
1
  4

 78
1
 79
1
170
1
 48
1.0
171
1
  6

172
1
173
1
174
1
140
1.0
141
1.0
175
1
  7

176
1
177
1
178
1
143
1.0
179
1
  8

270
1
271
1
272
1
145
1.0
146
1.0
273
1
  9

274
1
275
1
276
1
 42
1.0
 72
1
  3

 73
1
 74
1
 75
1
 94
63
  0
MATERIAL
  5
20
102
{ACAD_REACTORS
330
E
102
}
330
E
100
AcDbMaterial
  1
ByLayer
  2

 70
0
 40
1.0
 71
1
 41
1.0
 91
-1023410177
 42
1.0
 72
1
  3

 73
1
 74
1
 75
1
 44
0.5
 73
0
 45
1.0
 46
1.0
 77
1
  4

 78
1
 79
1
170
1
 48
1.0
171
1
  6

172
1
173
1
174
1
140
1.0
141
1.0
175
1
  7

176
1
177
1
178
1
143
1.0
179
1
  8

270
1
271
1
272
1
145
1.0
146
1.0
273
1
  9

274
1
275
1
276
1
 42
1.0
 72
1
  3

 73
1
 74
1
 75
1
 94
63
  0
MATERIAL
  5
21
102
{ACAD_REACTORS
330
E
102
}
330
E
100
AcDbMaterial
  1
Global
  2

 70
0
 40
1.0
 71
1
 41
1.0
 91
-1023410177
 42
1.0
 72
1
  3

 73
1
 74
1
 75
1
 44
0.5
 73
0
 45
1.0
 46
1.0
 77
1
  4

 78
1
 79
1
170
1
 48
1.0
171
1
  6

172
1
173
1
174
1
140
1.0
141
1.0
175
1
  7

176
1
177
1
178
1
143
1.0
179
1
  8

270
1
271
1
272
1
145
1.0
146
1.0
273
1
  9

274
1
275
1
276
1
 42
1.0
 72
1
  3

 73
1
 74
1
 75
1
 94
63
  0
MLINESTYLE
  5
22
102
{ACAD_REACTORS
330
10
102
}
330
10
100
AcDbMlineStyle
  2
Standard
 70
0
  3

 62
256
 51
90.0
 52
90.0
 71
2
 49
0.5
 62
256
  6
BYLAYER
 49
-0.5
 62
256
  6
BYLAYER
  0
MLEADERSTYLE
  5
2C
102
{ACAD_REACTORS
330
F
102
}
330
F
100
AcDbMLeaderStyle
179
2
170
2
171
1
172
0
 90
2
 40
0.0
 41
0.0
173
1
 91
-1056964608
 92
-2
290
1
 42
2.0
291
1
 43
8.0
  3
Standard
 44
4.0
300

342
29
174
1
175
1
176
0
178
1
 93
-1056964608
 45
4.0
292
0
297
0
 46
4.0
 94
-1056964608
 47
1.0
 49
1.0
140
1.0
294
1
141
0.0
177
0
142
1.0
295
0
296
0
143
3.75
271
0
272
9
273
9
  0
DICTIONARY
  5
2D
330
A
100
AcDbDictionary
280
1
281
1
  3
CREATED_BY_EZDXF
350
2E
  3
PLAN_HASH
350
8A
  3
WRITTEN_BY_EZDXF
350
9D2
  0
DICTIONARYVAR
  5
2E
330
2D
100
DictionaryVariables
280
0
  1
ezdxf 1.4.4 / FloorForge deterministic export
  0
VISUALSTYLE
  5
5A
102
{ACAD_REACTORS
330
16
102
}
330
16
100
AcDbVisualStyle
  2
2dWireframe
 70
4
177
3
291
0
 70
58
 90
2
176
1
 90
2
176
1
 90
0
176
1
 90
0
176
1
 40
0.6
176
1
 40
30.0
176
1
 62
7
420
16777215
176
1
 90
1
176
1
 90
4
176
1
 62
7
176
1
 62
257
176
1
 90
1
176
1
 90
1
176
1
 40
1.0
176
1
 90
8
176
1
 62
7
176
1
 40
1.0
176
1
 90
1
176
1
 90
6
176
1
 90
2
176
1
 62
7
176
1
 90
5
176
1
 90
0
176
1
 90
0
176
1
290
0
176
1
 90
1
176
1
 40
0.0
176
1
 90
0
176
1
290
1
176
1
290
1
176
1
290
0
176
1
290
0
176
1
290
0
176
1
290
0
176
1
290
0
176
1
290
0
176
1
290
0
176
1
 90
50
176
1
 40
0.0
176
1
 40
1.0
176
1
 90
0
176
1
 62
18
420
0
176
1
 90
50
176
1
 90
3
176
1
 62
5
420
255
176
1
290
0
176
1
 90
50
176
1
 90
50
176
1
 90
50
176
1
290
0
176
1
 90
50
176
1
 62
256
176
0
 40
1.0
176
0
 90
2
176
1
  1
strokes_ogs.tif
176
1
290
0
176
1
 40
1.0
176
1
 40
1.0
176
1
  0
VISUALSTYLE
  5
5B
102
{ACAD_REACTORS
330
16
102
}
330
16
100
AcDbVisualStyle
  2
Basic
 70
7
177
3
291
1
 70
58
 90
2
176
1
 90
2
176
1
 90
0
176
1
 90
1
176
1
 40
0.6
176
1
 40
30.0
176
1
 62
7
420
16777215
176
1
 90
1
176
1
 90
4
176
1
 62
7
176
1
 62
257
176
1
 90
1
176
1
 90
1
176
1
 40
1.0
176
1
 90
8
176
1
 62
7
176
1
 40
1.0
176
1
 90
1
176
1
 90
6
176
1
 90
2
176
1
 62
7
176
1
 90
5
176
1
 90
0
176
1
 90
0
176
1
290
0
176
1
 90
1
176
1
 40
0.0
176
1
 90
0
176
1
290
0
176
1
290
1
176
1
290
1
176
1
290
0
176
1
290
0
176
1
290
0
176
1
290
0
176
1
290
0
176
1
290
0
176
1
 90
50
176
1
 40
0.0
176
1
 40
1.0
176
1
 90
0
176
1
 62
18
420
0
176
1
 90
50
176
1
 90
3
176
1
 62
5
420
255
176
1
290
0
176
1
 90
50
176
1
 90
50
176
1
 90
50
176
1
290
0
176
1
 90
50
176
1
 62
256
176
0
 40
1.0
176
0
 90
2
176
1
  1
strokes_ogs.tif
176
1
290
0
176
1
 40
1.0
176
1
 40
1.0
176
1
  0
VISUALSTYLE
  5
5C
102
{ACAD_REACTORS
330
16
102
}
330
16
100
AcDbVisualStyle
  2
Brighten
 70
12
177
3
291
1
 70
58
 90
2
176
1
 90
2
176
1
 90
0
176
1
 90
2
176
1
 40
0.6
176
1
 40
30.0
176
1
 62
7
420
16777215
176
1
 90
1
176
1
 90
4
176
1
 62
7
176
1
 62
257
176
1
 90
1
176
1
 90
1
176
1
 40
1.0
176
1
 90
8
176
1
 62
7
176
1
 40
1.0
176
1
 90
1
176
1
 90
6
176
1
 90
2
176
1
 62
7
176
1
 90
5
176
1
 90
0
176
1
 90
0
176
1
290
0
176
1
 90
1
176
1
 40
0.0
176
1
 90
0
176
1
290
0
176
1
290
1
176
1
290
1
176
1
290
0
176
1
290
0
176
1
290
0
176
1
290
0
176
1
290
0
176
1
290
0
176
1
 90
50
176
1
 40
0.0
176
1
 40
1.0
176
1
 90
0
176
1
 62
18
420
0
176
1
 90
50
176
1
 90
3
176
1
 62
5
420
255
176
1
290
0
176
1
 90
50
176
1
 90
50
176
1
 90
50
176
1
290
0
176
1
 90
50
176
1
 62
256
176
0
 40
1.0
176
0
 90
2
176
1
  1
strokes_ogs.tif
176
1
290
0
176
1
 40
1.0
176
1
 40
1.0
176
1
  0
VISUALSTYLE
  5
5D
102
{ACAD_REACTORS
330
16
102
}
330
16
100
AcDbVisualStyle
  2
ColorChange
 70
16
177
3
291
1
 70
58
 90
2
176
1
 90
2
176
1
 90
0
176
1
 90
2
176
1
 40
0.6
176
1
 40
30.0
176
1
 62
7
420
16777215
176
1
 90
1
176
1
 90
4
176
1
 62
7
176
1
 62
257
176
1
 90
1
176
1
 90
1
176
1
 40
1.0
176
1
 90
8
176
1
 62
7
176
1
 40
1.0
176
1
 90
1
176
1
 90
6
176
1
 90
2
176
1
 62
7
176
1
 90
5
176
1
 90
0
176
1
 90
0
176
1
290
0
176
1
 90
1
176
1
 40
0.0
176
1
 90
0
176
1
290
0
176
1
290
1
176
1
290
1
176
1
290
0
176
1
290
0
176
1
290
0
176
1
290
0
176
1
290
0
176
1
290
0
176
1
 90
50
176
1
 40
0.0
176
1
 40
1.0
176
1
 90
0
176
1
 62
18
420
0
176
1
 90
50
176
1
 90
3
176
1
 62
5
420
255
176
1
290
0
176
1
 90
50
176
1
 90
50
176
1
 90
50
176
1
290
0
176
1
 90
50
176
1
 62
256
176
0
 40
1.0
176
0
 90
2
176
1
  1
strokes_ogs.tif
176
1
290
0
176
1
 40
1.0
176
1
 40
1.0
176
1
  0
VISUALSTYLE
  5
5E
102
{ACAD_REACTORS
330
16
102
}
330
16
100
AcDbVisualStyle
  2
Conceptual
 70
9
177
3
291
0
 70
58
 90
2
176
1
 90
2
176
1
 90
0
176
1
 90
3
176
1
 40
0.6
176
1
 40
30.0
176
1
 62
7
420
16777215
176
1
 90
1
176
1
 90
4
176
1
 62
7
176
1
 62
257
176
1
 90
1
176
1
 90
1
176
1
 40
1.0
176
1
 90
8
176
1
 62
7
176
1
 40
1.0
176
1
 90
1
176
1
 90
6
176
1
 90
2
176
1
 62
7
176
1
 90
5
176
1
 90
0
176
1
 90
0
176
1
290
0
176
1
 90
1
176
1
 40
0.0
176
1
 90
0
176
1
290
0
176
1
290
1
176
1
290
1
176
1
290
0
176
1
290
0
176
1
290
0
176
1
290
0
176
1
290
0
176
1
290
0
176
1
 90
50
176
1
 40
0.0
176
1
 40
1.0
176
1
 90
0
176
1
 62
18
420
0
176
1
 90
50
176
1
 90
3
176
1
 62
5
420
255
176
1
290
0
176
1
 90
50
176
1
 90
50
176
1
 90
50
176
1
290
0
176
1
 90
50
176
1
 62
256
176
0
 40
1.0
176
0
 90
2
176
1
  1
strokes_ogs.tif
176
1
290
0
176
1
 40
1.0
176
1
 40
1.0
176
1
  0
VISUALSTYLE
  5
5F
102
{ACAD_REACTORS
330
16
102
}
330
16
100
AcDbVisualStyle
  2
Dim
 70
11
177
3
291
1
 70
58
 90
2
176
1
 90
2
176
1
 90
0
176
1
 90
2
176
1
 40
0.6
176
1
 40
30.0
176
1
 62
7
420
16777215
176
1
 90
1
176
1
 90
4
176
1
 62
7
176
1
 62
257
176
1
 90
1
176
1
 90
1
176
1
 40
1.0
176
1
 90
8
176
1
 62
7
176
1
 40
1.0
176
1
 90
1
176
1
 90
6
176
1
 90
2
176
1
 62
7
176
1
 90
5
176
1
 90
0
176
1
 90
0
176
1
290
0
176
1
 90
1
176
1
 40
0.0
176
1
 90
0
176
1
290
0
176
1
290
1
176
1
290
1
176
1
290
0
176
1
290
0
176
1
290
0
176
1
290
0
176
1
290
0
176
1
290
0
176
1
 90
50
176
1
 40
0.0
176
1
 40
1.0
176
1
 90
0
176
1
 62
18
420
0
176
1
 90
50
176
1
 90
3
176
1
 62
5
420
255
176
1
290
0
176
1
 90
50
176
1
 90
50
176
1
 90
50
176
1
290
0
176
1
 90
50
176
1
 62
256
176
0
 40
1.0
176
0
 90
2
176
1
  1
strokes_ogs.tif
176
1
290
0
176
1
 40
1.0
176
1
 40
1.0
176
1
  0
VISUALSTYLE
  5
60
102
{ACAD_REACTORS
330
16
102
}
330
16
100
AcDbVisualStyle
  2
EdgeColorOff
 70
22
177
3
291
1
 70
58
 90
2
176
1
 90
2
176
1
 90
0
176
1
 90
2
176
1
 40
0.6
176
1
 40
30.0
176
1
 62
7
420
16777215
176
1
 90
1
176
1
 90
4
176
1
 62
7
176
1
 62
257
176
1
 90
1
176
1
 90
1
176
1
 40
1.0
176
1
 90
8
176
1
 62
7
176
1
 40
1.0
176
1
 90
1
176
1
 90
6
176
1
 90
2
176
1
 62
7
176
1
 90
5
176
1
 90
0
176
1
 90
0
176
1
290
0
176
1
 90
1
176
1
 40
0.0
176
1
 90
0
176
1
290
0
176
1
290
1
176
1
290
1
176
1
290
0
176
1
290
0
176
1
290
0
176
1
290
0
176
1
290
0
176
1
290
0
176
1
 90
50
176
1
 40
0.0
176
1
 40
1.0
176
1
 90
0
176
1
 62
18
420
0
176
1
 90
50
176
1
 90
3
176
1
 62
5
420
255
176
1
290
0
176
1
 90
50
176
1
 90
50
176
1
 90
50
176
1
290
0
176
1
 90
50
176
1
 62
256
176
0
 40
1.0
176
0
 90
2
176
1
  1
strokes_ogs.tif
176
1
290
0
176
1
 40
1.0
176
1
 40
1.0
176
1
  0
VISUALSTYLE
  5
61
102
{ACAD_REACTORS
330
16
102
}
330
16
100
AcDbVisualStyle
  2
Facepattern
 70
15
177
3
291
1
 70
58
 90
2
176
1
 90
2
176
1
 90
0
176
1
 90
2
176
1
 40
0.6
176
1
 40
30.0
176
1
 62
7
420
16777215
176
1
 90
1
176
1
 90
4
176
1
 62
7
176
1
 62
257
176
1
 90
1
176
1
 90
1
176
1
 40
1.0
176
1
 90
8
176
1
 62
7
176
1
 40
1.0
176
1
 90
1
176
1
 90
6
176
1
 90
2
176
1
 62
7
176
1
 90
5
176
1
 90
0
176
1
 90
0
176
1
290
0
176
1
 90
1
176
1
 40
0.0
176
1
 90
0
176
1
290
0
176
1
290
1
176
1
290
1
176
1
290
0
176
1
290
0
176
1
290
0
176
1
290
0
176
1
290
0
176
1
290
0
176
1
 90
50
176
1
 40
0.0
176
1
 40
1.0
176
1
 90
0
176
1
 62
18
420
0
176
1
 90
50
176
1
 90
3
176
1
 62
5
420
255
176
1
290
0
176
1
 90
50
176
1
 90
50
176
1
 90
50
176
1
290
0
176
1
 90
50
176
1
 62
256
176
0
 40
1.0
176
0
 90
2
176
1
  1
strokes_ogs.tif
176
1
290
0
176
1
 40
1.0
176
1
 40
1.0
176
1
  0
VISUALSTYLE
  5
62
102
{ACAD_REACTORS
330
16
102
}
330
16
100
AcDbVisualStyle
  2
Flat
 70
0
177
3
291
1
 70
58
 90
2
176
1
 90
2
176
1
 90
0
176
1
 90
2
176
1
 40
0.6
176
1
 40
30.0
176
1
 62
7
420
16777215
176
1
 90
1
176
1
 90
4
176
1
 62
7
176
1
 62
257
176
1
 90
1
176
1
 90
1
176
1
 40
1.0
176
1
 90
8
176
1
 62
7
176
1
 40
1.0
176
1
 90
1
176
1
 90
6
176
1
 90
2
176
1
 62
7
176
1
 90
5
176
1
 90
0
176
1
 90
0
176
1
290
0
176
1
 90
1
176
1
 40
0.0
176
1
 90
0
176
1
290
0
176
1
290
1
176
1
290
1
176
1
290
0
176
1
290
0
176
1
290
0
176
1
290
0
176
1
290
0
176
1
290
0
176
1
 90
50
176
1
 40
0.0
176
1
 40
1.0
176
1
 90
0
176
1
 62
18
420
0
176
1
 90
50
176
1
 90
3
176
1
 62
5
420
255
176
1
290
0
176
1
 90
50
176
1
 90
50
176
1
 90
50
176
1
290
0
176
1
 90
50
176
1
 62
256
176
0
 40
1.0
176
0
 90
2
176
1
  1
strokes_ogs.tif
176
1
290
0
176
1
 40
1.0
176
1
 40
1.0
176
1
  0
VISUALSTYLE
  5
63
102
{ACAD_REACTORS
330
16
102
}
330
16
100
AcDbVisualStyle
  2
FlatWithEdges
 70
1
177
3
291
1
 70
58
 90
2
176
1
 90
2
176
1
 90
0
176
1
 90
2
176
1
 40
0.6
176
1
 40
30.0
176
1
 62
7
420
16777215
176
1
 90
1
176
1
 90
4
176
1
 62
7
176
1
 62
257
176
1
 90
1
176
1
 90
1
176
1
 40
1.0
176
1
 90
8
176
1
 62
7
176
1
 40
1.0
176
1
 90
1
176
1
 90
6
176
1
 90
2
176
1
 62
7
176
1
 90
5
176
1
 90
0
176
1
 90
0
176
1
290
0
176
1
 90
1
176
1
 40
0.0
176
1
 90
0
176
1
290
0
176
1
290
1
176
1
290
1
176
1
290
0
176
1
290
0
176
1
290
0
176
1
290
0
176
1
290
0
176
1
290
0
176
1
 90
50
176
1
 40
0.0
176
1
 40
1.0
176
1
 90
0
176
1
 62
18
420
0
176
1
 90
50
176
1
 90
3
176
1
 62
5
420
255
176
1
290
0
176
1
 90
50
176
1
 90
50
176
1
 90
50
176
1
290
0
176
1
 90
50
176
1
 62
256
176
0
 40
1.0
176
0
 90
2
176
1
  1
strokes_ogs.tif
176
1
290
0
176
1
 40
1.0
176
1
 40
1.0
176
1
  0
VISUALSTYLE
  5
64
102
{ACAD_REACTORS
330
16
102
}
330
16
100
AcDbVisualStyle
  2
Gouraud
 70
2
177
3
291
1
 70
58
 90
2
176
1
 90
2
176
1
 90
0
176
1
 90
2
176
1
 40
0.6
176
1
 40
30.0
176
1
 62
7
420
16777215
176
1
 90
1
176
1
 90
4
176
1
 62
7
176
1
 62
257
176
1
 90
1
176
1
 90
1
176
1
 40
1.0
176
1
 90
8
176
1
 62
7
176
1
 40
1.0
176
1
 90
1
176
1
 90
6
176
1
 90
2
176
1
 62
7
176
1
 90
5
176
1
 90
0
176
1
 90
0
176
1
290
0
176
1
 90
1
176
1
 40
0.0
176
1
 90
0
176
1
290
0
176
1
290
1
176
1
290
1
176
1
290
0
176
1
290
0
176
1
290
0
176
1
290
0
176
1
290
0
176
1
290
0
176
1
 90
50
176
1
 40
0.0
176
1
 40
1.0
176
1
 90
0
176
1
 62
18
420
0
176
1
 90
50
176
1
 90
3
176
1
 62
5
420
255
176
1
290
0
176
1
 90
50
176
1
 90
50
176
1
 90
50
176
1
290
0
176
1
 90
50
176
1
 62
256
176
0
 40
1.0
176
0
 90
2
176
1
  1
strokes_ogs.tif
176
1
290
0
176
1
 40
1.0
176
1
 40
1.0
176
1
  0
VISUALSTYLE
  5
65
102
{ACAD_REACTORS
330
16
102
}
330
16
100
AcDbVisualStyle
  2
GouraudWithEdges
 70
3
177
3
291
1
 70
58
 90
2
176
1
 90
2
176
1
 90
0
176
1
 90
2
176
1
 40
0.6
176
1
 40
30.0
176
1
 62
7
420
16777215
176
1
 90
1
176
1
 90
4
176
1
 62
7
176
1
 62
257
176
1
 90
1
176
1
 90
1
176
1
 40
1.0
176
1
 90
8
176
1
 62
7
176
1
 40
1.0
176
1
 90
1
176
1
 90
6
176
1
 90
2
176
1
 62
7
176
1
 90
5
176
1
 90
0
176
1
 90
0
176
1
290
0
176
1
 90
1
176
1
 40
0.0
176
1
 90
0
176
1
290
0
176
1
290
1
176
1
290
1
176
1
290
0
176
1
290
0
176
1
290
0
176
1
290
0
176
1
290
0
176
1
290
0
176
1
 90
50
176
1
 40
0.0
176
1
 40
1.0
176
1
 90
0
176
1
 62
18
420
0
176
1
 90
50
176
1
 90
3
176
1
 62
5
420
255
176
1
290
0
176
1
 90
50
176
1
 90
50
176
1
 90
50
176
1
290
0
176
1
 90
50
176
1
 62
256
176
0
 40
1.0
176
0
 90
2
176
1
  1
strokes_ogs.tif
176
1
290
0
176
1
 40
1.0
176
1
 40
1.0
176
1
  0
VISUALSTYLE
  5
66
102
{ACAD_REACTORS
330
16
102
}
330
16
100
AcDbVisualStyle
  2
Hidden
 70
6
177
3
291
0
 70
58
 90
2
176
1
 90
2
176
1
 90
0
176
1
 90
1
176
1
 40
0.6
176
1
 40
30.0
176
1
 62
7
420
16777215
176
1
 90
1
176
1
 90
4
176
1
 62
7
176
1
 62
257
176
1
 90
1
176
1
 90
1
176
1
 40
1.0
176
1
 90
8
176
1
 62
7
176
1
 40
1.0
176
1
 90
1
176
1
 90
6
176
1
 90
2
176
1
 62
7
176
1
 90
5
176
1
 90
0
176
1
 90
0
176
1
290
0
176
1
 90
1
176
1
 40
0.0
176
1
 90
0
176
1
290
0
176
1
290
1
176
1
290
1
176
1
290
0
176
1
290
0
176
1
290
0
176
1
290
0
176
1
290
0
176
1
290
0
176
1
 90
50
176
1
 40
0.0
176
1
 40
1.0
176
1
 90
0
176
1
 62
18
420
0
176
1
 90
50
176
1
 90
3
176
1
 62
5
420
255
176
1
290
0
176
1
 90
50
176
1
 90
50
176
1
 90
50
176
1
290
0
176
1
 90
50
176
1
 62
256
176
0
 40
1.0
176
0
 90
2
176
1
  1
strokes_ogs.tif
176
1
290
0
176
1
 40
1.0
176
1
 40
1.0
176
1
  0
VISUALSTYLE
  5
67
102
{ACAD_REACTORS
330
16
102
}
330
16
100
AcDbVisualStyle
  2
JitterOff
 70
20
177
3
291
1
 70
58
 90
2
176
1
 90
2
176
1
 90
0
176
1
 90
2
176
1
 40
0.6
176
1
 40
30.0
176
1
 62
7
420
16777215
176
1
 90
1
176
1
 90
4
176
1
 62
7
176
1
 62
257
176
1
 90
1
176
1
 90
1
176
1
 40
1.0
176
1
 90
8
176
1
 62
7
176
1
 40
1.0
176
1
 90
1
176
1
 90
6
176
1
 90
2
176
1
 62
7
176
1
 90
5
176
1
 90
0
176
1
 90
0
176
1
290
0
176
1
 90
1
176
1
 40
0.0
176
1
 90
0
176
1
290
0
176
1
290
1
176
1
290
1
176
1
290
0
176
1
290
0
176
1
290
0
176
1
290
0
176
1
290
0
176
1
290
0
176
1
 90
50
176
1
 40
0.0
176
1
 40
1.0
176
1
 90
0
176
1
 62
18
420
0
176
1
 90
50
176
1
 90
3
176
1
 62
5
420
255
176
1
290
0
176
1
 90
50
176
1
 90
50
176
1
 90
50
176
1
290
0
176
1
 90
50
176
1
 62
256
176
0
 40
1.0
176
0
 90
2
176
1
  1
strokes_ogs.tif
176
1
290
0
176
1
 40
1.0
176
1
 40
1.0
176
1
  0
VISUALSTYLE
  5
68
102
{ACAD_REACTORS
330
16
102
}
330
16
100
AcDbVisualStyle
  2
Linepattern
 70
14
177
3
291
1
 70
58
 90
2
176
1
 90
2
176
1
 90
0
176
1
 90
2
176
1
 40
0.6
176
1
 40
30.0
176
1
 62
7
420
16777215
176
1
 90
1
176
1
 90
4
176
1
 62
7
176
1
 62
257
176
1
 90
1
176
1
 90
1
176
1
 40
1.0
176
1
 90
8
176
1
 62
7
176
1
 40
1.0
176
1
 90
1
176
1
 90
6
176
1
 90
2
176
1
 62
7
176
1
 90
5
176
1
 90
0
176
1
 90
0
176
1
290
0
176
1
 90
1
176
1
 40
0.0
176
1
 90
0
176
1
290
0
176
1
290
1
176
1
290
1
176
1
290
0
176
1
290
0
176
1
290
0
176
1
290
0
176
1
290
0
176
1
290
0
176
1
 90
50
176
1
 40
0.0
176
1
 40
1.0
176
1
 90
0
176
1
 62
18
420
0
176
1
 90
50
176
1
 90
3
176
1
 62
5
420
255
176
1
290
0
176
1
 90
50
176
1
 90
50
176
1
 90
50
176
1
290
0
176
1
 90
50
176
1
 62
256
176
0
 40
1.0
176
0
 90
2
176
1
  1
strokes_ogs.tif
176
1
290
0
176
1
 40
1.0
176
1
 40
1.0
176
1
  0
VISUALSTYLE
  5
69
102
{ACAD_REACTORS
330
16
102
}
330
16
100
AcDbVisualStyle
  2
Modeling
 70
10
177
3
291
0
 70
58
 90
2
176
1
 90
2
176
1
 90
0
176
1
 90
2
176
1
 40
0.6
176
1
 40
30.0
176
1
 62
7
420
16777215
176
1
 90
1
176
1
 90
4
176
1
 62
7
176
1
 62
257
176
1
 90
1
176
1
 90
1
176
1
 40
1.0
176
1
 90
8
176
1
 62
7
176
1
 40
1.0
176
1
 90
1
176
1
 90
6
176
1
 90
2
176
1
 62
7
176
1
 90
5
176
1
 90
0
176
1
 90
0
176
1
290
0
176
1
 90
1
176
1
 40
0.0
176
1
 90
0
176
1
290
0
176
1
290
1
176
1
290
1
176
1
290
0
176
1
290
0
176
1
290
0
176
1
290
0
176
1
290
0
176
1
290
0
176
1
 90
50
176
1
 40
0.0
176
1
 40
1.0
176
1
 90
0
176
1
 62
18
420
0
176
1
 90
50
176
1
 90
3
176
1
 62
5
420
255
176
1
290
0
176
1
 90
50
176
1
 90
50
176
1
 90
50
176
1
290
0
176
1
 90
50
176
1
 62
256
176
0
 40
1.0
176
0
 90
2
176
1
  1
strokes_ogs.tif
176
1
290
0
176
1
 40
1.0
176
1
 40
1.0
176
1
  0
VISUALSTYLE
  5
6A
102
{ACAD_REACTORS
330
16
102
}
330
16
100
AcDbVisualStyle
  2
OverhangOff
 70
21
177
3
291
1
 70
58
 90
2
176
1
 90
2
176
1
 90
0
176
1
 90
2
176
1
 40
0.6
176
1
 40
30.0
176
1
 62
7
420
16777215
176
1
 90
1
176
1
 90
4
176
1
 62
7
176
1
 62
257
176
1
 90
1
176
1
 90
1
176
1
 40
1.0
176
1
 90
8
176
1
 62
7
176
1
 40
1.0
176
1
 90
1
176
1
 90
6
176
1
 90
2
176
1
 62
7
176
1
 90
5
176
1
 90
0
176
1
 90
0
176
1
290
0
176
1
 90
1
176
1
 40
0.0
176
1
 90
0
176
1
290
0
176
1
290
1
176
1
290
1
176
1
290
0
176
1
290
0
176
1
290
0
176
1
290
0
176
1
290
0
176
1
290
0
176
1
 90
50
176
1
 40
0.0
176
1
 40
1.0
176
1
 90
0
176
1
 62
18
420
0
176
1
 90
50
176
1
 90
3
176
1
 62
5
420
255
176
1
290
0
176
1
 90
50
176
1
 90
50
176
1
 90
50
176
1
290
0
176
1
 90
50
176
1
 62
256
176
0
 40
1.0
176
0
 90
2
176
1
  1
strokes_ogs.tif
176
1
290
0
176
1
 40
1.0
176
1
 40
1.0
176
1
  0
VISUALSTYLE
  5
6B
102
{ACAD_REACTORS
330
16
102
}
330
16
100
AcDbVisualStyle
  2
Realistic
 70
8
177
3
291
0
 70
58
 90
2
176
1
 90
2
176
1
 90
0
176
1
 90
2
176
1
 40
0.6
176
1
 40
30.0
176
1
 62
7
420
16777215
176
1
 90
1
176
1
 90
4
176
1
 62
7
176
1
 62
257
176
1
 90
1
176
1
 90
1
176
1
 40
1.0
176
1
 90
8
176
1
 62
7
176
1
 40
1.0
176
1
 90
1
176
1
 90
6
176
1
 90
2
176
1
 62
7
176
1
 90
5
176
1
 90
0
176
1
 90
0
176
1
290
0
176
1
 90
1
176
1
 40
0.0
176
1
 90
0
176
1
290
0
176
1
290
1
176
1
290
1
176
1
290
0
176
1
290
0
176
1
290
0
176
1
290
0
176
1
290
0
176
1
290
0
176
1
 90
50
176
1
 40
0.0
176
1
 40
1.0
176
1
 90
0
176
1
 62
18
420
0
176
1
 90
50
176
1
 90
3
176
1
 62
5
420
255
176
1
290
0
176
1
 90
50
176
1
 90
50
176
1
 90
50
176
1
290
0
176
1
 90
50
176
1
 62
256
176
0
 40
1.0
176
0
 90
2
176
1
  1
strokes_ogs.tif
176
1
290
0
176
1
 40
1.0
176
1
 40
1.0
176
1
  0
VISUALSTYLE
  5
6C
102
{ACAD_REACTORS
330
16
102
}
330
16
100
AcDbVisualStyle
  2
Shaded
 70
27
177
3
291
0
 70
58
 90
2
176
1
 90
2
176
1
 90
0
176
1
 90
2
176
1
 40
0.6
176
1
 40
30.0
176
1
 62
7
420
16777215
176
1
 90
1
176
1
 90
4
176
1
 62
7
176
1
 62
257
176
1
 90
1
176
1
 90
1
176
1
 40
1.0
176
1
 90
8
176
1
 62
7
176
1
 40
1.0
176
1
 90
1
176
1
 90
6
176
1
 90
2
176
1
 62
7
176
1
 90
5
176
1
 90
0
176
1
 90
0
176
1
290
0
176
1
 90
1
176
1
 40
0.0
176
1
 90
0
176
1
290
0
176
1
290
1
176
1
290
1
176
1
290
0
176
1
290
0
176
1
290
0
176
1
290
0
176
1
290
0
176
1
290
0
176
1
 90
50
176
1
 40
0.0
176
1
 40
1.0
176
1
 90
0
176
1
 62
18
420
0
176
1
 90
50
176
1
 90
3
176
1
 62
5
420
255
176
1
290
0
176
1
 90
50
176
1
 90
50
176
1
 90
50
176
1
290
0
176
1
 90
50
176
1
 62
256
176
0
 40
1.0
176
0
 90
2
176
1
  1
strokes_ogs.tif
176
1
290
0
176
1
 40
1.0
176
1
 40
1.0
176
1
  0
VISUALSTYLE
  5
6D
102
{ACAD_REACTORS
330
16
102
}
330
16
100
AcDbVisualStyle
  2
Shaded with edges
 70
26
177
3
291
0
 70
58
 90
2
176
1
 90
2
176
1
 90
0
176
1
 90
2
176
1
 40
0.6
176
1
 40
30.0
176
1
 62
7
420
16777215
176
1
 90
1
176
1
 90
4
176
1
 62
7
176
1
 62
257
176
1
 90
1
176
1
 90
1
176
1
 40
1.0
176
1
 90
8
176
1
 62
7
176
1
 40
1.0
176
1
 90
1
176
1
 90
6
176
1
 90
2
176
1
 62
7
176
1
 90
5
176
1
 90
0
176
1
 90
0
176
1
290
0
176
1
 90
1
176
1
 40
0.0
176
1
 90
0
176
1
290
0
176
1
290
1
176
1
290
1
176
1
290
0
176
1
290
0
176
1
290
0
176
1
290
0
176
1
290
0
176
1
290
0
176
1
 90
50
176
1
 40
0.0
176
1
 40
1.0
176
1
 90
0
176
1
 62
18
420
0
176
1
 90
50
176
1
 90
3
176
1
 62
5
420
255
176
1
290
0
176
1
 90
50
176
1
 90
50
176
1
 90
50
176
1
290
0
176
1
 90
50
176
1
 62
256
176
0
 40
1.0
176
0
 90
2
176
1
  1
strokes_ogs.tif
176
1
290
0
176
1
 40
1.0
176
1
 40
1.0
176
1
  0
VISUALSTYLE
  5
6E
102
{ACAD_REACTORS
330
16
102
}
330
16
100
AcDbVisualStyle
  2
Shades of Gray
 70
23
177
3
291
0
 70
58
 90
2
176
1
 90
2
176
1
 90
0
176
1
 90
2
176
1
 40
0.6
176
1
 40
30.0
176
1
 62
7
420
16777215
176
1
 90
1
176
1
 90
4
176
1
 62
7
176
1
 62
257
176
1
 90
1
176
1
 90
1
176
1
 40
1.0
176
1
 90
8
176
1
 62
7
176
1
 40
1.0
176
1
 90
1
176
1
 90
6
176
1
 90
2
176
1
 62
7
176
1
 90
5
176
1
 90
0
176
1
 90
0
176
1
290
0
176
1
 90
1
176
1
 40
0.0
176
1
 90
0
176
1
290
0
176
1
290
1
176
1
290
1
176
1
290
0
176
1
290
0
176
1
290
0
176
1
290
0
176
1
290
0
176
1
290
0
176
1
 90
50
176
1
 40
0.0
176
1
 40
1.0
176
1
 90
0
176
1
 62
18
420
0
176
1
 90
50
176
1
 90
3
176
1
 62
5
420
255
176
1
290
0
176
1
 90
50
176
1
 90
50
176
1
 90
50
176
1
290
0
176
1
 90
50
176
1
 62
256
176
0
 40
1.0
176
0
 90
2
176
1
  1
strokes_ogs.tif
176
1
290
0
176
1
 40
1.0
176
1
 40
1.0
176
1
  0
VISUALSTYLE
  5
6F
102
{ACAD_REACTORS
330
16
102
}
330
16
100
AcDbVisualStyle
  2
Sketchy
 70
24
177
3
291
0
 70
58
 90
2
176
1
 90
2
176
1
 90
0
176
1
 90
1
176
1
 40
0.6
176
1
 40
30.0
176
1
 62
7
420
16777215
176
1
 90
1
176
1
 90
4
176
1
 62
7
176
1
 62
257
176
1
 90
1
176
1
 90
1
176
1
 40
1.0
176
1
 90
8
176
1
 62
7
176
1
 40
1.0
176
1
 90
1
176
1
 90
6
176
1
 90
2
176
1
 62
7
176
1
 90
5
176
1
 90
0
176
1
 90
0
176
1
290
0
176
1
 90
1
176
1
 40
0.0
176
1
 90
0
176
1
290
0
176
1
290
1
176
1
290
1
176
1
290
0
176
1
290
0
176
1
290
0
176
1
290
0
176
1
290
0
176
1
290
0
176
1
 90
50
176
1
 40
0.0
176
1
 40
1.0
176
1
 90
0
176
1
 62
18
420
0
176
1
 90
50
176
1
 90
3
176
1
 62
5
420
255
176
1
290
0
176
1
 90
50
176
1
 90
50
176
1
 90
50
176
1
290
0
176
1
 90
50
176
1
 62
256
176
0
 40
1.0
176
0
 90
2
176
1
  1
strokes_ogs.tif
176
1
290
0
176
1
 40
1.0
176
1
 40
1.0
176
1
  0
VISUALSTYLE
  5
70
102
{ACAD_REACTORS
330
16
102
}
330
16
100
AcDbVisualStyle
  2
Thicken
 70
13
177
3
291
1
 70
58
 90
2
176
1
 90
2
176
1
 90
0
176
1
 90
2
176
1
 40
0.6
176
1
 40
30.0
176
1
 62
7
420
16777215
176
1
 90
1
176
1
 90
4
176
1
 62
7
176
1
 62
257
176
1
 90
1
176
1
 90
1
176
1
 40
1.0
176
1
 90
8
176
1
 62
7
176
1
 40
1.0
176
1
 90
1
176
1
 90
6
176
1
 90
2
176
1
 62
7
176
1
 90
5
176
1
 90
0
176
1
 90
0
176
1
290
0
176
1
 90
1
176
1
 40
0.0
176
1
 90
0
176
1
290
0
176
1
290
1
176
1
290
1
176
1
290
0
176
1
290
0
176
1
290
0
176
1
290
0
176
1
290
0
176
1
290
0
176
1
 90
50
176
1
 40
0.0
176
1
 40
1.0
176
1
 90
0
176
1
 62
18
420
0
176
1
 90
50
176
1
 90
3
176
1
 62
5
420
255
176
1
290
0
176
1
 90
50
176
1
 90
50
176
1
 90
50
176
1
290
0
176
1
 90
50
176
1
 62
256
176
0
 40
1.0
176
0
 90
2
176
1
  1
strokes_ogs.tif
176
1
290
0
176
1
 40
1.0
176
1
 40
1.0
176
1
  0
VISUALSTYLE
  5
71
102
{ACAD_REACTORS
330
16
102
}
330
16
100
AcDbVisualStyle
  2
Wireframe
 70
5
177
3
291
0
 70
58
 90
2
176
1
 90
2
176
1
 90
0
176
1
 90
0
176
1
 40
0.6
176
1
 40
30.0
176
1
 62
7
420
16777215
176
1
 90
1
176
1
 90
4
176
1
 62
7
176
1
 62
257
176
1
 90
1
176
1
 90
1
176
1
 40
1.0
176
1
 90
8
176
1
 62
7
176
1
 40
1.0
176
1
 90
1
176
1
 90
6
176
1
 90
2
176
1
 62
7
176
1
 90
5
176
1
 90
0
176
1
 90
0
176
1
290
0
176
1
 90
1
176
1
 40
0.0
176
1
 90
0
176
1
290
0
176
1
290
1
176
1
290
1
176
1
290
0
176
1
290
0
176
1
290
0
176
1
290
0
176
1
290
0
176
1
290
0
176
1
 90
50
176
1
 40
0.0
176
1
 40
1.0
176
1
 90
0
176
1
 62
18
420
0
176
1
 90
50
176
1
 90
3
176
1
 62
5
420
255
176
1
290
0
176
1
 90
50
176
1
 90
50
176
1
 90
50
176
1
290
0
176
1
 90
50
176
1
 62
256
176
0
 40
1.0
176
0
 90
2
176
1
  1
strokes_ogs.tif
176
1
290
0
176
1
 40
1.0
176
1
 40
1.0
176
1
  0
VISUALSTYLE
  5
72
102
{ACAD_REACTORS
330
16
102
}
330
16
100
AcDbVisualStyle
  2
X-Ray
 70
25
177
3
291
0
 70
58
 90
2
176
1
 90
2
176
1
 90
0
176
1
 90
2
176
1
 40
0.5
176
1
 40
30.0
176
1
 62
7
420
16777215
176
1
 90
1
176
1
 90
4
176
1
 62
7
176
1
 62
257
176
1
 90
1
176
1
 90
1
176
1
 40
1.0
176
1
 90
8
176
1
 62
7
176
1
 40
1.0
176
1
 90
1
176
1
 90
6
176
1
 90
2
176
1
 62
7
176
1
 90
5
176
1
 90
0
176
1
 90
0
176
1
290
0
176
1
 90
1
176
1
 40
0.0
176
1
 90
0
176
1
290
0
176
1
290
1
176
1
290
1
176
1
290
0
176
1
290
0
176
1
290
0
176
1
290
0
176
1
290
0
176
1
290
0
176
1
 90
50
176
1
 40
0.0
176
1
 40
1.0
176
1
 90
0
176
1
 62
18
420
0
176
1
 90
50
176
1
 90
3
176
1
 62
5
420
255
176
1
290
0
176
1
 90
50
176
1
 90
50
176
1
 90
50
176
1
290
0
176
1
 90
50
176
1
 62
256
176
0
 40
1.0
176
0
 90
2
176
1
  1
strokes_ogs.tif
176
1
290
0
176
1
 40
1.0
176
1
 40
1.0
176
1
  0
DICTIONARYVAR
  5
8A
330
2D
100
DictionaryVariables
280
0
  1
8feba80b117d51b8d59d17171151ae7df7e5df88d715e95f3cbeb00810e62bae
  0
LAYOUT
  5
56A
330
D
100
AcDbPlotSettings
  1

  2
DWG to PDF.pc3
  4
ezdxf_(420.00_x_297.00_MM)
  6

 40
10.0
 41
10.0
 42
10.0
 43
10.0
 44
420.0
 45
297.0
 46
0.0
 47
0.0
 48
0.0
 49
0.0
140
0.0
141
0.0
142
1.0
143
1.0
 70
672
 72
1
 73
0
 74
5
  7

 75
16
 76
0
 77
2
 78
300
147
1.0
148
0.0
149
0.0
100
AcDbLayout
  1
GROUND
 70
1
 71
3
 10
-10.0
 20
-10.0
 11
410.0
 21
287.0
 12
0.0
 22
0.0
 32
0.0
 14
1e+20
 24
1e+20
 34
1e+20
 15
-1e+20
 25
-1e+20
 35
-1e+20
146
0.0
 13
0.0
 23
0.0
 33
0.0
 16
1.0
 26
0.0
 36
0.0
 17
0.0
 27
1.0
 37
0.0
 76
1
330
567
331
56B
  0
LAYOUT
  5
956
330
D
100
AcDbPlotSettings
  1

  2
DWG to PDF.pc3
  4
ezdxf_(420.00_x_297.00_MM)
  6

 40
10.0
 41
10.0
 42
10.0
 43
10.0
 44
420.0
 45
297.0
 46
0.0
 47
0.0
 48
0.0
 49
0.0
140
0.0
141
0.0
142
1.0
143
1.0
 70
672
 72
1
 73
0
 74
5
  7

 75
16
 76
0
 77
2
 78
300
147
1.0
148
0.0
149
0.0
100
AcDbLayout
  1
FLOOR-1
 70
1
 71
4
 10
-10.0
 20
-10.0
 11
410.0
 21
287.0
 12
0.0
 22
0.0
 32
0.0
 14
1e+20
 24
1e+20
 34
1e+20
 15
-1e+20
 25
-1e+20
 35
-1e+20
146
0.0
 13
0.0
 23
0.0
 33
0.0
 16
1.0
 26
0.0
 36
0.0
 17
0.0
 27
1.0
 37
0.0
 76
1
330
953
331
957
  0
LAYOUT
  5
9CC
330
D
100
AcDbPlotSettings
  1

  2
DWG to PDF.pc3
  4
ezdxf_(420.00_x_297.00_MM)
  6

 40
10.0
 41
10.0
 42
10.0
 43
10.0
 44
420.0
 45
297.0
 46
0.0
 47
0.0
 48
0.0
 49
0.0
140
0.0
141
0.0
142
1.0
143
1.0
 70
672
 72
1
 73
0
 74
5
  7

 75
16
 76
0
 77
2
 78
300
147
1.0
148
0.0
149
0.0
100
AcDbLayout
  1
FLOOR-2
 70
1
 71
5
 10
-10.0
 20
-10.0
 11
410.0
 21
287.0
 12
0.0
 22
0.0
 32
0.0
 14
1e+20
 24
1e+20
 34
1e+20
 15
-1e+20
 25
-1e+20
 35
-1e+20
146
0.0
 13
0.0
 23
0.0
 33
0.0
 16
1.0
 26
0.0
 36
0.0
 17
0.0
 27
1.0
 37
0.0
 76
1
330
9C9
331
9CD
  0
DICTIONARYVAR
  5
9D2
330
2D
100
DictionaryVariables
280
0
  1
0.0 @ 2000-01-01T00:00:00.000000+00:00
  0
ENDSEC
  0
EOF
