ISO-10303-21;
HEADER;
FILE_DESCRIPTION(('ViewDefinition [DesignTransferView]','PRELIMINARY - ENGINEER TO REVIEW'),'2;1');
FILE_NAME('FloorForge.ifc','2026-09-06T00:00:00',('FloorForge'),('FloorForge'),'FloorForge 0.2','FloorForge','');
FILE_SCHEMA(('IFC4'));
ENDSEC;
DATA;
#1=IFCCARTESIANPOINT((0.,0.,0.));
#2=IFCAXIS2PLACEMENT3D(#1,$,$);
#3=IFCLOCALPLACEMENT($,#2);
#4=IFCCARTESIANPOINT((0.,0.,0.));
#5=IFCAXIS2PLACEMENT3D(#4,$,$);
#6=IFCGEOMETRICREPRESENTATIONCONTEXT($,'Model',3,0.00001,#5,$);
#7=IFCSIUNIT(*,.LENGTHUNIT.,.MILLI.,.METRE.);
#8=IFCSIUNIT(*,.AREAUNIT.,$,.SQUARE_METRE.);
#9=IFCSIUNIT(*,.VOLUMEUNIT.,$,.CUBIC_METRE.);
#10=IFCSIUNIT(*,.PLANEANGLEUNIT.,$,.RADIAN.);
#11=IFCUNITASSIGNMENT((#7,#8,#9,#10));
#12=IFCPROJECT('2a2_X_ZHvSyuOfiZys31j4',$,'The Quiet Studio','PRELIMINARY - ENGINEER TO REVIEW - NOT FOR CONSTRUCTION',$,$,$,(#6),#11);
#13=IFCSITE('0IND1MtDfK1AbQ2nKV0Yfj',$,'Unsurveyed plot',$,$,#3,$,$,.ELEMENT.,$,$,$,$,$);
#14=IFCBUILDING('3d_qio$hPPbRLetmFAJFuc',$,'Preliminary house',$,$,#3,$,$,.ELEMENT.,$,$,$);
#15=IFCRELAGGREGATES('1ZAPOA5gXUm96CSQ6hMnFI',$,$,$,#12,(#13));
#16=IFCRELAGGREGATES('37xmt9XwzNWfTTFBKnonrr',$,$,$,#13,(#14));
#17=IFCCARTESIANPOINT((0.,0.,0.));
#18=IFCAXIS2PLACEMENT3D(#17,$,$);
#19=IFCLOCALPLACEMENT(#3,#18);
#20=IFCBUILDINGSTOREY('0HSym5oLvSJeN0iAUrC7hc',$,'Ground floor',$,$,#19,$,$,.ELEMENT.,0.);
#21=IFCRELAGGREGATES('0kttugR8vVchF2bevvlRNq',$,$,$,#14,(#20));
#22=IFCCARTESIANPOINT((230.,3680.));
#23=IFCCARTESIANPOINT((230.,0.));
#24=IFCCARTESIANPOINT((0.,0.));
#25=IFCCARTESIANPOINT((0.,3680.));
#26=IFCCARTESIANPOINT((230.,3680.));
#27=IFCPOLYLINE((#22,#23,#24,#25,#26));
#28=IFCARBITRARYCLOSEDPROFILEDEF(.AREA.,$,#27);
#29=IFCCARTESIANPOINT((0.,0.,0.));
#30=IFCAXIS2PLACEMENT3D(#29,$,$);
#31=IFCDIRECTION((0.,0.,1.));
#32=IFCEXTRUDEDAREASOLID(#28,#30,#31,3000.);
#33=IFCSHAPEREPRESENTATION(#6,'Body','SweptSolid',(#32));
#34=IFCPRODUCTDEFINITIONSHAPE($,$,(#33));
#35=IFCWALL('0IVxmT9WHJCvmO4yTMhDq6',$,'F0-W001','Nominal wall; structural role unverified',$,#19,#34,'F0-W001',.NOTDEFINED.);
#36=IFCCARTESIANPOINT((6720.,230.));
#37=IFCCARTESIANPOINT((6720.,0.));
#38=IFCCARTESIANPOINT((0.,0.));
#39=IFCCARTESIANPOINT((0.,230.));
#40=IFCCARTESIANPOINT((6720.,230.));
#41=IFCPOLYLINE((#36,#37,#38,#39,#40));
#42=IFCARBITRARYCLOSEDPROFILEDEF(.AREA.,$,#41);
#43=IFCCARTESIANPOINT((0.,0.,0.));
#44=IFCAXIS2PLACEMENT3D(#43,$,$);
#45=IFCDIRECTION((0.,0.,1.));
#46=IFCEXTRUDEDAREASOLID(#42,#44,#45,3000.);
#47=IFCSHAPEREPRESENTATION(#6,'Body','SweptSolid',(#46));
#48=IFCPRODUCTDEFINITIONSHAPE($,$,(#47));
#49=IFCWALL('0TSQyhba1V0PFSkMjjDO_o',$,'F0-W002','Nominal wall; structural role unverified',$,#19,#48,'F0-W002',.NOTDEFINED.);
#50=IFCCARTESIANPOINT((230.,7598.));
#51=IFCCARTESIANPOINT((230.,3450.));
#52=IFCCARTESIANPOINT((230.,3220.));
#53=IFCCARTESIANPOINT((0.,3220.));
#54=IFCCARTESIANPOINT((0.,7598.));
#55=IFCCARTESIANPOINT((230.,7598.));
#56=IFCPOLYLINE((#50,#51,#52,#53,#54,#55));
#57=IFCARBITRARYCLOSEDPROFILEDEF(.AREA.,$,#56);
#58=IFCCARTESIANPOINT((0.,0.,0.));
#59=IFCAXIS2PLACEMENT3D(#58,$,$);
#60=IFCDIRECTION((0.,0.,1.));
#61=IFCEXTRUDEDAREASOLID(#57,#59,#60,3000.);
#62=IFCSHAPEREPRESENTATION(#6,'Body','SweptSolid',(#61));
#63=IFCPRODUCTDEFINITIONSHAPE($,$,(#62));
#64=IFCWALL('3QVSBFFy9Us8E4XRB73Gwu',$,'F0-W003','Nominal wall; structural role unverified',$,#19,#63,'F0-W003',.NOTDEFINED.);
#65=IFCCARTESIANPOINT((2475.,3525.));
#66=IFCCARTESIANPOINT((2475.,3375.));
#67=IFCCARTESIANPOINT((0.,3375.));
#68=IFCCARTESIANPOINT((0.,3525.));
#69=IFCCARTESIANPOINT((2400.,3525.));
#70=IFCCARTESIANPOINT((2475.,3525.));
#71=IFCPOLYLINE((#65,#66,#67,#68,#69,#70));
#72=IFCARBITRARYCLOSEDPROFILEDEF(.AREA.,$,#71);
#73=IFCCARTESIANPOINT((0.,0.,0.));
#74=IFCAXIS2PLACEMENT3D(#73,$,$);
#75=IFCDIRECTION((0.,0.,1.));
#76=IFCEXTRUDEDAREASOLID(#72,#74,#75,3000.);
#77=IFCSHAPEREPRESENTATION(#6,'Body','SweptSolid',(#76));
#78=IFCPRODUCTDEFINITIONSHAPE($,$,(#77));
#79=IFCWALL('0PJjSfGODNdebqIYecH63i',$,'F0-W004','Nominal wall; structural role unverified',$,#19,#78,'F0-W004',.NOTDEFINED.);
#80=IFCCARTESIANPOINT((230.,7368.));
#81=IFCCARTESIANPOINT((230.,7138.));
#82=IFCCARTESIANPOINT((0.,7138.));
#83=IFCCARTESIANPOINT((0.,8868.));
#84=IFCCARTESIANPOINT((230.,8868.));
#85=IFCCARTESIANPOINT((230.,7368.));
#86=IFCPOLYLINE((#80,#81,#82,#83,#84,#85));
#87=IFCARBITRARYCLOSEDPROFILEDEF(.AREA.,$,#86);
#88=IFCCARTESIANPOINT((0.,0.,0.));
#89=IFCAXIS2PLACEMENT3D(#88,$,$);
#90=IFCDIRECTION((0.,0.,1.));
#91=IFCEXTRUDEDAREASOLID(#87,#89,#90,3000.);
#92=IFCSHAPEREPRESENTATION(#6,'Body','SweptSolid',(#91));
#93=IFCPRODUCTDEFINITIONSHAPE($,$,(#92));
#94=IFCWALL('3LMoYkeEzIL8GVdf85a_8L',$,'F0-W005','Nominal wall; structural role unverified',$,#19,#93,'F0-W005',.NOTDEFINED.);
#95=IFCCARTESIANPOINT((2475.,7443.));
#96=IFCCARTESIANPOINT((2475.,7293.));
#97=IFCCARTESIANPOINT((0.,7293.));
#98=IFCCARTESIANPOINT((0.,7443.));
#99=IFCCARTESIANPOINT((2400.,7443.));
#100=IFCCARTESIANPOINT((2475.,7443.));
#101=IFCPOLYLINE((#95,#96,#97,#98,#99,#100));
#102=IFCARBITRARYCLOSEDPROFILEDEF(.AREA.,$,#101);
#103=IFCCARTESIANPOINT((0.,0.,0.));
#104=IFCAXIS2PLACEMENT3D(#103,$,$);
#105=IFCDIRECTION((0.,0.,1.));
#106=IFCEXTRUDEDAREASOLID(#102,#104,#105,3000.);
#107=IFCSHAPEREPRESENTATION(#6,'Body','SweptSolid',(#106));
#108=IFCPRODUCTDEFINITIONSHAPE($,$,(#107));
#109=IFCWALL('3iOL1wIJDQswl$iiP3TE9s',$,'F0-W006','Nominal wall; structural role unverified',$,#19,#108,'F0-W006',.NOTDEFINED.);
#110=IFCCARTESIANPOINT((2630.,8638.));
#111=IFCCARTESIANPOINT((0.,8638.));
#112=IFCCARTESIANPOINT((0.,8868.));
#113=IFCCARTESIANPOINT((2630.,8868.));
#114=IFCCARTESIANPOINT((2630.,8638.));
#115=IFCPOLYLINE((#110,#111,#112,#113,#114));
#116=IFCARBITRARYCLOSEDPROFILEDEF(.AREA.,$,#115);
#117=IFCCARTESIANPOINT((0.,0.,0.));
#118=IFCAXIS2PLACEMENT3D(#117,$,$);
#119=IFCDIRECTION((0.,0.,1.));
#120=IFCEXTRUDEDAREASOLID(#116,#118,#119,3000.);
#121=IFCSHAPEREPRESENTATION(#6,'Body','SweptSolid',(#120));
#122=IFCPRODUCTDEFINITIONSHAPE($,$,(#121));
#123=IFCWALL('1fz8kV1F5UFP48E8Tc36oe',$,'F0-W007','Nominal wall; structural role unverified',$,#19,#122,'F0-W007',.NOTDEFINED.);
#124=IFCCARTESIANPOINT((2325.,6275.));
#125=IFCCARTESIANPOINT((2475.,6275.));
#126=IFCCARTESIANPOINT((2475.,3450.));
#127=IFCCARTESIANPOINT((2475.,3375.));
#128=IFCCARTESIANPOINT((2325.,3375.));
#129=IFCCARTESIANPOINT((2325.,6200.));
#130=IFCCARTESIANPOINT((2325.,6275.));
#131=IFCPOLYLINE((#124,#125,#126,#127,#128,#129,#130));
#132=IFCARBITRARYCLOSEDPROFILEDEF(.AREA.,$,#131);
#133=IFCCARTESIANPOINT((0.,0.,0.));
#134=IFCAXIS2PLACEMENT3D(#133,$,$);
#135=IFCDIRECTION((0.,0.,1.));
#136=IFCEXTRUDEDAREASOLID(#132,#134,#135,3000.);
#137=IFCSHAPEREPRESENTATION(#6,'Body','SweptSolid',(#136));
#138=IFCPRODUCTDEFINITIONSHAPE($,$,(#137));
#139=IFCWALL('3ju1qNjfrGGPYcuMRH7tIr',$,'F0-W008','Nominal wall; structural role unverified',$,#19,#138,'F0-W008',.NOTDEFINED.);
#140=IFCCARTESIANPOINT((2325.,7443.));
#141=IFCCARTESIANPOINT((2475.,7443.));
#142=IFCCARTESIANPOINT((2475.,6200.));
#143=IFCCARTESIANPOINT((2475.,6125.));
#144=IFCCARTESIANPOINT((2325.,6125.));
#145=IFCCARTESIANPOINT((2325.,7368.));
#146=IFCCARTESIANPOINT((2325.,7443.));
#147=IFCPOLYLINE((#140,#141,#142,#143,#144,#145,#146));
#148=IFCARBITRARYCLOSEDPROFILEDEF(.AREA.,$,#147);
#149=IFCCARTESIANPOINT((0.,0.,0.));
#150=IFCAXIS2PLACEMENT3D(#149,$,$);
#151=IFCDIRECTION((0.,0.,1.));
#152=IFCEXTRUDEDAREASOLID(#148,#150,#151,3000.);
#153=IFCSHAPEREPRESENTATION(#6,'Body','SweptSolid',(#152));
#154=IFCPRODUCTDEFINITIONSHAPE($,$,(#153));
#155=IFCWALL('06YW0W7unRDea7jva_Sw3T',$,'F0-W009','Nominal wall; structural role unverified',$,#19,#154,'F0-W009',.NOTDEFINED.);
#156=IFCCARTESIANPOINT((3825.,6275.));
#157=IFCCARTESIANPOINT((3825.,6125.));
#158=IFCCARTESIANPOINT((2400.,6125.));
#159=IFCCARTESIANPOINT((2325.,6125.));
#160=IFCCARTESIANPOINT((2325.,6275.));
#161=IFCCARTESIANPOINT((3750.,6275.));
#162=IFCCARTESIANPOINT((3825.,6275.));
#163=IFCPOLYLINE((#156,#157,#158,#159,#160,#161,#162));
#164=IFCARBITRARYCLOSEDPROFILEDEF(.AREA.,$,#163);
#165=IFCCARTESIANPOINT((0.,0.,0.));
#166=IFCAXIS2PLACEMENT3D(#165,$,$);
#167=IFCDIRECTION((0.,0.,1.));
#168=IFCEXTRUDEDAREASOLID(#164,#166,#167,3000.);
#169=IFCSHAPEREPRESENTATION(#6,'Body','SweptSolid',(#168));
#170=IFCPRODUCTDEFINITIONSHAPE($,$,(#169));
#171=IFCWALL('2tN8NEHAvLD9PsgSlbIGG9',$,'F0-W010','Nominal wall; structural role unverified',$,#19,#170,'F0-W010',.NOTDEFINED.);
#172=IFCCARTESIANPOINT((2475.,7368.));
#173=IFCCARTESIANPOINT((2475.,7293.));
#174=IFCCARTESIANPOINT((2325.,7293.));
#175=IFCCARTESIANPOINT((2325.,8868.));
#176=IFCCARTESIANPOINT((2475.,8868.));
#177=IFCCARTESIANPOINT((2475.,7368.));
#178=IFCPOLYLINE((#172,#173,#174,#175,#176,#177));
#179=IFCARBITRARYCLOSEDPROFILEDEF(.AREA.,$,#178);
#180=IFCCARTESIANPOINT((0.,0.,0.));
#181=IFCAXIS2PLACEMENT3D(#180,$,$);
#182=IFCDIRECTION((0.,0.,1.));
#183=IFCEXTRUDEDAREASOLID(#179,#181,#182,3000.);
#184=IFCSHAPEREPRESENTATION(#6,'Body','SweptSolid',(#183));
#185=IFCPRODUCTDEFINITIONSHAPE($,$,(#184));
#186=IFCWALL('0ivxzn$g5HEhhEmSR1GDGd',$,'F0-W011','Nominal wall; structural role unverified',$,#19,#185,'F0-W011',.NOTDEFINED.);
#187=IFCCARTESIANPOINT((3980.,8638.));
#188=IFCCARTESIANPOINT((2400.,8638.));
#189=IFCCARTESIANPOINT((2170.,8638.));
#190=IFCCARTESIANPOINT((2170.,8868.));
#191=IFCCARTESIANPOINT((3980.,8868.));
#192=IFCCARTESIANPOINT((3980.,8638.));
#193=IFCPOLYLINE((#187,#188,#189,#190,#191,#192));
#194=IFCARBITRARYCLOSEDPROFILEDEF(.AREA.,$,#193);
#195=IFCCARTESIANPOINT((0.,0.,0.));
#196=IFCAXIS2PLACEMENT3D(#195,$,$);
#197=IFCDIRECTION((0.,0.,1.));
#198=IFCEXTRUDEDAREASOLID(#194,#196,#197,3000.);
#199=IFCSHAPEREPRESENTATION(#6,'Body','SweptSolid',(#198));
#200=IFCPRODUCTDEFINITIONSHAPE($,$,(#199));
#201=IFCWALL('16H1kuuQ9ScADYvslbUNxH',$,'F0-W012','Nominal wall; structural role unverified',$,#19,#200,'F0-W012',.NOTDEFINED.);
#202=IFCCARTESIANPOINT((3675.,5025.));
#203=IFCCARTESIANPOINT((3825.,5025.));
#204=IFCCARTESIANPOINT((3825.,3450.));
#205=IFCCARTESIANPOINT((3825.,3375.));
#206=IFCCARTESIANPOINT((3675.,3375.));
#207=IFCCARTESIANPOINT((3675.,4950.));
#208=IFCCARTESIANPOINT((3675.,5025.));
#209=IFCPOLYLINE((#202,#203,#204,#205,#206,#207,#208));
#210=IFCARBITRARYCLOSEDPROFILEDEF(.AREA.,$,#209);
#211=IFCCARTESIANPOINT((0.,0.,0.));
#212=IFCAXIS2PLACEMENT3D(#211,$,$);
#213=IFCDIRECTION((0.,0.,1.));
#214=IFCEXTRUDEDAREASOLID(#210,#212,#213,3000.);
#215=IFCSHAPEREPRESENTATION(#6,'Body','SweptSolid',(#214));
#216=IFCPRODUCTDEFINITIONSHAPE($,$,(#215));
#217=IFCWALL('1ydUaloefQtBYdv9UaoSdn',$,'F0-W013','Nominal wall; structural role unverified',$,#19,#216,'F0-W013',.NOTDEFINED.);
#218=IFCCARTESIANPOINT((3750.,3375.));
#219=IFCCARTESIANPOINT((3675.,3375.));
#220=IFCCARTESIANPOINT((3675.,3525.));
#221=IFCCARTESIANPOINT((6720.,3525.));
#222=IFCCARTESIANPOINT((6720.,3375.));
#223=IFCCARTESIANPOINT((3750.,3375.));
#224=IFCPOLYLINE((#218,#219,#220,#221,#222,#223));
#225=IFCARBITRARYCLOSEDPROFILEDEF(.AREA.,$,#224);
#226=IFCCARTESIANPOINT((0.,0.,0.));
#227=IFCAXIS2PLACEMENT3D(#226,$,$);
#228=IFCDIRECTION((0.,0.,1.));
#229=IFCEXTRUDEDAREASOLID(#225,#227,#228,3000.);
#230=IFCSHAPEREPRESENTATION(#6,'Body','SweptSolid',(#229));
#231=IFCPRODUCTDEFINITIONSHAPE($,$,(#230));
#232=IFCWALL('0S2gSq8H9M0e76hpbjgiTy',$,'F0-W014','Nominal wall; structural role unverified',$,#19,#231,'F0-W014',.NOTDEFINED.);
#233=IFCCARTESIANPOINT((3675.,6275.));
#234=IFCCARTESIANPOINT((3825.,6275.));
#235=IFCCARTESIANPOINT((3825.,4950.));
#236=IFCCARTESIANPOINT((3825.,4875.));
#237=IFCCARTESIANPOINT((3675.,4875.));
#238=IFCCARTESIANPOINT((3675.,6200.));
#239=IFCCARTESIANPOINT((3675.,6275.));
#240=IFCPOLYLINE((#233,#234,#235,#236,#237,#238,#239));
#241=IFCARBITRARYCLOSEDPROFILEDEF(.AREA.,$,#240);
#242=IFCCARTESIANPOINT((0.,0.,0.));
#243=IFCAXIS2PLACEMENT3D(#242,$,$);
#244=IFCDIRECTION((0.,0.,1.));
#245=IFCEXTRUDEDAREASOLID(#241,#243,#244,3000.);
#246=IFCSHAPEREPRESENTATION(#6,'Body','SweptSolid',(#245));
#247=IFCPRODUCTDEFINITIONSHAPE($,$,(#246));
#248=IFCWALL('3ND9WpBWbJZBBeOfT_Whcx',$,'F0-W015','Nominal wall; structural role unverified',$,#19,#247,'F0-W015',.NOTDEFINED.);
#249=IFCCARTESIANPOINT((3750.,4875.));
#250=IFCCARTESIANPOINT((3675.,4875.));
#251=IFCCARTESIANPOINT((3675.,5025.));
#252=IFCCARTESIANPOINT((6720.,5025.));
#253=IFCCARTESIANPOINT((6720.,4875.));
#254=IFCCARTESIANPOINT((3750.,4875.));
#255=IFCPOLYLINE((#249,#250,#251,#252,#253,#254));
#256=IFCARBITRARYCLOSEDPROFILEDEF(.AREA.,$,#255);
#257=IFCCARTESIANPOINT((0.,0.,0.));
#258=IFCAXIS2PLACEMENT3D(#257,$,$);
#259=IFCDIRECTION((0.,0.,1.));
#260=IFCEXTRUDEDAREASOLID(#256,#258,#259,3000.);
#261=IFCSHAPEREPRESENTATION(#6,'Body','SweptSolid',(#260));
#262=IFCPRODUCTDEFINITIONSHAPE($,$,(#261));
#263=IFCWALL('2ijZhWXNvGvx$EwOMaQUYr',$,'F0-W016','Nominal wall; structural role unverified',$,#19,#262,'F0-W016',.NOTDEFINED.);
#264=IFCCARTESIANPOINT((3825.,6200.));
#265=IFCCARTESIANPOINT((3825.,6125.));
#266=IFCCARTESIANPOINT((3675.,6125.));
#267=IFCCARTESIANPOINT((3675.,8868.));
#268=IFCCARTESIANPOINT((3825.,8868.));
#269=IFCCARTESIANPOINT((3825.,6200.));
#270=IFCPOLYLINE((#264,#265,#266,#267,#268,#269));
#271=IFCARBITRARYCLOSEDPROFILEDEF(.AREA.,$,#270);
#272=IFCCARTESIANPOINT((0.,0.,0.));
#273=IFCAXIS2PLACEMENT3D(#272,$,$);
#274=IFCDIRECTION((0.,0.,1.));
#275=IFCEXTRUDEDAREASOLID(#271,#273,#274,3000.);
#276=IFCSHAPEREPRESENTATION(#6,'Body','SweptSolid',(#275));
#277=IFCPRODUCTDEFINITIONSHAPE($,$,(#276));
#278=IFCWALL('26gewieb5JKPPzJu1Do1Ly',$,'F0-W017','Nominal wall; structural role unverified',$,#19,#277,'F0-W017',.NOTDEFINED.);
#279=IFCCARTESIANPOINT((3750.,8638.));
#280=IFCCARTESIANPOINT((3520.,8638.));
#281=IFCCARTESIANPOINT((3520.,8868.));
#282=IFCCARTESIANPOINT((6720.,8868.));
#283=IFCCARTESIANPOINT((6720.,8638.));
#284=IFCCARTESIANPOINT((3750.,8638.));
#285=IFCPOLYLINE((#279,#280,#281,#282,#283,#284));
#286=IFCARBITRARYCLOSEDPROFILEDEF(.AREA.,$,#285);
#287=IFCCARTESIANPOINT((0.,0.,0.));
#288=IFCAXIS2PLACEMENT3D(#287,$,$);
#289=IFCDIRECTION((0.,0.,1.));
#290=IFCEXTRUDEDAREASOLID(#286,#288,#289,3000.);
#291=IFCSHAPEREPRESENTATION(#6,'Body','SweptSolid',(#290));
#292=IFCPRODUCTDEFINITIONSHAPE($,$,(#291));
#293=IFCWALL('1Oq9yWGyXK$hECrhRYMRza',$,'F0-W018','Nominal wall; structural role unverified',$,#19,#292,'F0-W018',.NOTDEFINED.);
#294=IFCCARTESIANPOINT((6490.,3680.));
#295=IFCCARTESIANPOINT((6720.,3680.));
#296=IFCCARTESIANPOINT((6720.,0.));
#297=IFCCARTESIANPOINT((6490.,0.));
#298=IFCCARTESIANPOINT((6490.,3450.));
#299=IFCCARTESIANPOINT((6490.,3680.));
#300=IFCPOLYLINE((#294,#295,#296,#297,#298,#299));
#301=IFCARBITRARYCLOSEDPROFILEDEF(.AREA.,$,#300);
#302=IFCCARTESIANPOINT((0.,0.,0.));
#303=IFCAXIS2PLACEMENT3D(#302,$,$);
#304=IFCDIRECTION((0.,0.,1.));
#305=IFCEXTRUDEDAREASOLID(#301,#303,#304,3000.);
#306=IFCSHAPEREPRESENTATION(#6,'Body','SweptSolid',(#305));
#307=IFCPRODUCTDEFINITIONSHAPE($,$,(#306));
#308=IFCWALL('2cM74skKLVFAYu59P2N9UQ',$,'F0-W019','Nominal wall; structural role unverified',$,#19,#307,'F0-W019',.NOTDEFINED.);
#309=IFCCARTESIANPOINT((6490.,5180.));
#310=IFCCARTESIANPOINT((6720.,5180.));
#311=IFCCARTESIANPOINT((6720.,3220.));
#312=IFCCARTESIANPOINT((6490.,3220.));
#313=IFCCARTESIANPOINT((6490.,4950.));
#314=IFCCARTESIANPOINT((6490.,5180.));
#315=IFCPOLYLINE((#309,#310,#311,#312,#313,#314));
#316=IFCARBITRARYCLOSEDPROFILEDEF(.AREA.,$,#315);
#317=IFCCARTESIANPOINT((0.,0.,0.));
#318=IFCAXIS2PLACEMENT3D(#317,$,$);
#319=IFCDIRECTION((0.,0.,1.));
#320=IFCEXTRUDEDAREASOLID(#316,#318,#319,3000.);
#321=IFCSHAPEREPRESENTATION(#6,'Body','SweptSolid',(#320));
#322=IFCPRODUCTDEFINITIONSHAPE($,$,(#321));
#323=IFCWALL('0pNWN9FzvTIOJuzlKks9tQ',$,'F0-W020','Nominal wall; structural role unverified',$,#19,#322,'F0-W020',.NOTDEFINED.);
#324=IFCCARTESIANPOINT((6490.,4720.));
#325=IFCCARTESIANPOINT((6490.,8868.));
#326=IFCCARTESIANPOINT((6720.,8868.));
#327=IFCCARTESIANPOINT((6720.,4720.));
#328=IFCCARTESIANPOINT((6490.,4720.));
#329=IFCPOLYLINE((#324,#325,#326,#327,#328));
#330=IFCARBITRARYCLOSEDPROFILEDEF(.AREA.,$,#329);
#331=IFCCARTESIANPOINT((0.,0.,0.));
#332=IFCAXIS2PLACEMENT3D(#331,$,$);
#333=IFCDIRECTION((0.,0.,1.));
#334=IFCEXTRUDEDAREASOLID(#330,#332,#333,3000.);
#335=IFCSHAPEREPRESENTATION(#6,'Body','SweptSolid',(#334));
#336=IFCPRODUCTDEFINITIONSHAPE($,$,(#335));
#337=IFCWALL('2zSG5dLnfR0B16O$sDmNHN',$,'F0-W021','Nominal wall; structural role unverified',$,#19,#336,'F0-W021',.NOTDEFINED.);
#338=IFCCARTESIANPOINT((3675.,3450.));
#339=IFCCARTESIANPOINT((3675.,3375.));
#340=IFCCARTESIANPOINT((3750.,3375.));
#341=IFCCARTESIANPOINT((3825.,3375.));
#342=IFCCARTESIANPOINT((6490.,3375.));
#343=IFCCARTESIANPOINT((6490.,3220.));
#344=IFCCARTESIANPOINT((6490.,230.));
#345=IFCCARTESIANPOINT((230.,230.));
#346=IFCCARTESIANPOINT((230.,3220.));
#347=IFCCARTESIANPOINT((230.,3375.));
#348=IFCCARTESIANPOINT((2325.,3375.));
#349=IFCCARTESIANPOINT((2475.,3375.));
#350=IFCCARTESIANPOINT((2475.,3450.));
#351=IFCCARTESIANPOINT((3675.,3450.));
#352=IFCPOLYLINE((#338,#339,#340,#341,#342,#343,#344,#345,#346,#347,#348,#349,#350,#351));
#353=IFCARBITRARYCLOSEDPROFILEDEF(.AREA.,$,#352);
#354=IFCCARTESIANPOINT((0.,0.,0.));
#355=IFCAXIS2PLACEMENT3D(#354,$,$);
#356=IFCDIRECTION((0.,0.,1.));
#357=IFCEXTRUDEDAREASOLID(#353,#355,#356,3000.);
#358=IFCSHAPEREPRESENTATION(#6,'Body','SweptSolid',(#357));
#359=IFCPRODUCTDEFINITIONSHAPE($,$,(#358));
#360=IFCSPACE('1iUUA1MxXRXRgbMX6a5t7r',$,'Living & dining','Clear-space study volume',$,#19,#359,'F0-living',.ELEMENT.,.NOTDEFINED.,$);
#361=IFCCARTESIANPOINT((2475.,3450.));
#362=IFCCARTESIANPOINT((2475.,3525.));
#363=IFCCARTESIANPOINT((2475.,6125.));
#364=IFCCARTESIANPOINT((3675.,6125.));
#365=IFCCARTESIANPOINT((3675.,5025.));
#366=IFCCARTESIANPOINT((3675.,4950.));
#367=IFCCARTESIANPOINT((3675.,4875.));
#368=IFCCARTESIANPOINT((3675.,3525.));
#369=IFCCARTESIANPOINT((3675.,3450.));
#370=IFCCARTESIANPOINT((2475.,3450.));
#371=IFCPOLYLINE((#361,#362,#363,#364,#365,#366,#367,#368,#369,#370));
#372=IFCARBITRARYCLOSEDPROFILEDEF(.AREA.,$,#371);
#373=IFCCARTESIANPOINT((0.,0.,0.));
#374=IFCAXIS2PLACEMENT3D(#373,$,$);
#375=IFCDIRECTION((0.,0.,1.));
#376=IFCEXTRUDEDAREASOLID(#372,#374,#375,3000.);
#377=IFCSHAPEREPRESENTATION(#6,'Body','SweptSolid',(#376));
#378=IFCPRODUCTDEFINITIONSHAPE($,$,(#377));
#379=IFCSPACE('3syy0l4frVtQFGMQtu9JVj',$,'Hall','Clear-space study volume',$,#19,#378,'F0-hall',.ELEMENT.,.NOTDEFINED.,$);
#380=IFCCARTESIANPOINT((2325.,6125.));
#381=IFCCARTESIANPOINT((2325.,3525.));
#382=IFCCARTESIANPOINT((230.,3525.));
#383=IFCCARTESIANPOINT((230.,3680.));
#384=IFCCARTESIANPOINT((230.,7138.));
#385=IFCCARTESIANPOINT((230.,7293.));
#386=IFCCARTESIANPOINT((2325.,7293.));
#387=IFCCARTESIANPOINT((2325.,6275.));
#388=IFCCARTESIANPOINT((2325.,6200.));
#389=IFCCARTESIANPOINT((2325.,6125.));
#390=IFCPOLYLINE((#380,#381,#382,#383,#384,#385,#386,#387,#388,#389));
#391=IFCARBITRARYCLOSEDPROFILEDEF(.AREA.,$,#390);
#392=IFCCARTESIANPOINT((0.,0.,0.));
#393=IFCAXIS2PLACEMENT3D(#392,$,$);
#394=IFCDIRECTION((0.,0.,1.));
#395=IFCEXTRUDEDAREASOLID(#391,#393,#394,3000.);
#396=IFCSHAPEREPRESENTATION(#6,'Body','SweptSolid',(#395));
#397=IFCPRODUCTDEFINITIONSHAPE($,$,(#396));
#398=IFCSPACE('1CHRqV8bTJpOO7SSK0k3zZ',$,'Kitchen','Clear-space study volume',$,#19,#397,'F0-kitchen',.ELEMENT.,.NOTDEFINED.,$);
#399=IFCCARTESIANPOINT((230.,7443.));
#400=IFCCARTESIANPOINT((230.,7598.));
#401=IFCCARTESIANPOINT((230.,8638.));
#402=IFCCARTESIANPOINT((2170.,8638.));
#403=IFCCARTESIANPOINT((2325.,8638.));
#404=IFCCARTESIANPOINT((2325.,7443.));
#405=IFCCARTESIANPOINT((230.,7443.));
#406=IFCPOLYLINE((#399,#400,#401,#402,#403,#404,#405));
#407=IFCARBITRARYCLOSEDPROFILEDEF(.AREA.,$,#406);
#408=IFCCARTESIANPOINT((0.,0.,0.));
#409=IFCAXIS2PLACEMENT3D(#408,$,$);
#410=IFCDIRECTION((0.,0.,1.));
#411=IFCEXTRUDEDAREASOLID(#407,#409,#410,3000.);
#412=IFCSHAPEREPRESENTATION(#6,'Body','SweptSolid',(#411));
#413=IFCPRODUCTDEFINITIONSHAPE($,$,(#412));
#414=IFCSPACE('3wbK3RxKnHfg5hY43y9prE',$,'Utility','Clear-space study volume',$,#19,#413,'F0-utility',.ELEMENT.,.NOTDEFINED.,$);
#415=IFCCARTESIANPOINT((3825.,3525.));
#416=IFCCARTESIANPOINT((3825.,4875.));
#417=IFCCARTESIANPOINT((6490.,4875.));
#418=IFCCARTESIANPOINT((6490.,4720.));
#419=IFCCARTESIANPOINT((6490.,3680.));
#420=IFCCARTESIANPOINT((6490.,3525.));
#421=IFCCARTESIANPOINT((3825.,3525.));
#422=IFCPOLYLINE((#415,#416,#417,#418,#419,#420,#421));
#423=IFCARBITRARYCLOSEDPROFILEDEF(.AREA.,$,#422);
#424=IFCCARTESIANPOINT((0.,0.,0.));
#425=IFCAXIS2PLACEMENT3D(#424,$,$);
#426=IFCDIRECTION((0.,0.,1.));
#427=IFCEXTRUDEDAREASOLID(#423,#425,#426,3000.);
#428=IFCSHAPEREPRESENTATION(#6,'Body','SweptSolid',(#427));
#429=IFCPRODUCTDEFINITIONSHAPE($,$,(#428));
#430=IFCSPACE('1xfocFzIXLkRe4QNPF6IgP',$,'Common bath','Clear-space study volume',$,#19,#429,'F0-cbath',.ELEMENT.,.NOTDEFINED.,$);
#431=IFCCARTESIANPOINT((3825.,6275.));
#432=IFCCARTESIANPOINT((3825.,8638.));
#433=IFCCARTESIANPOINT((3980.,8638.));
#434=IFCCARTESIANPOINT((6490.,8638.));
#435=IFCCARTESIANPOINT((6490.,5180.));
#436=IFCCARTESIANPOINT((6490.,5025.));
#437=IFCCARTESIANPOINT((3825.,5025.));
#438=IFCCARTESIANPOINT((3825.,6125.));
#439=IFCCARTESIANPOINT((3825.,6200.));
#440=IFCCARTESIANPOINT((3825.,6275.));
#441=IFCPOLYLINE((#431,#432,#433,#434,#435,#436,#437,#438,#439,#440));
#442=IFCARBITRARYCLOSEDPROFILEDEF(.AREA.,$,#441);
#443=IFCCARTESIANPOINT((0.,0.,0.));
#444=IFCAXIS2PLACEMENT3D(#443,$,$);
#445=IFCDIRECTION((0.,0.,1.));
#446=IFCEXTRUDEDAREASOLID(#442,#444,#445,3000.);
#447=IFCSHAPEREPRESENTATION(#6,'Body','SweptSolid',(#446));
#448=IFCPRODUCTDEFINITIONSHAPE($,$,(#447));
#449=IFCSPACE('1FNxVE3RnRIxXv8Dx6bZ$3',$,'Master bedroom','Clear-space study volume',$,#19,#448,'F0-bed-m',.ELEMENT.,.NOTDEFINED.,$);
#450=IFCCARTESIANPOINT((2630.,8638.));
#451=IFCCARTESIANPOINT((3520.,8638.));
#452=IFCCARTESIANPOINT((3675.,8638.));
#453=IFCCARTESIANPOINT((3675.,6275.));
#454=IFCCARTESIANPOINT((2475.,6275.));
#455=IFCCARTESIANPOINT((2475.,7293.));
#456=IFCCARTESIANPOINT((2475.,7368.));
#457=IFCCARTESIANPOINT((2475.,7443.));
#458=IFCCARTESIANPOINT((2475.,8638.));
#459=IFCCARTESIANPOINT((2630.,8638.));
#460=IFCPOLYLINE((#450,#451,#452,#453,#454,#455,#456,#457,#458,#459));
#461=IFCARBITRARYCLOSEDPROFILEDEF(.AREA.,$,#460);
#462=IFCCARTESIANPOINT((0.,0.,0.));
#463=IFCAXIS2PLACEMENT3D(#462,$,$);
#464=IFCDIRECTION((0.,0.,1.));
#465=IFCEXTRUDEDAREASOLID(#461,#463,#464,3000.);
#466=IFCSHAPEREPRESENTATION(#6,'Body','SweptSolid',(#465));
#467=IFCPRODUCTDEFINITIONSHAPE($,$,(#466));
#468=IFCSPACE('1QS31UddTPLv8AtQ9UIc6r',$,'Master bath','Clear-space study volume',$,#19,#467,'F0-bath-m',.ELEMENT.,.NOTDEFINED.,$);
#469=IFCCARTESIANPOINT((4200.,7159.));
#470=IFCCARTESIANPOINT((4200.,7909.));
#471=IFCCARTESIANPOINT((3300.,7909.));
#472=IFCCARTESIANPOINT((3300.,7159.));
#473=IFCCARTESIANPOINT((4200.,7159.));
#474=IFCPOLYLINE((#469,#470,#471,#472,#473));
#475=IFCARBITRARYCLOSEDPROFILEDEF(.AREA.,$,#474);
#476=IFCCARTESIANPOINT((0.,0.,0.));
#477=IFCAXIS2PLACEMENT3D(#476,$,$);
#478=IFCDIRECTION((0.,0.,1.));
#479=IFCEXTRUDEDAREASOLID(#475,#477,#478,2100.);
#480=IFCSHAPEREPRESENTATION(#6,'Body','SweptSolid',(#479));
#481=IFCPRODUCTDEFINITIONSHAPE($,$,(#480));
#482=IFCOPENINGELEMENT('1xW1t1f1DMpuTSXL9IYfJp',$,'F0-D001','Nominal door aperture',$,#19,#481,'F0-D001',.OPENING.);
#483=IFCRELVOIDSELEMENT('1WtEEe77DMHvgRO_qPW65r',$,$,$,#278,#482);
#484=IFCCARTESIANPOINT((4200.,5100.));
#485=IFCCARTESIANPOINT((4200.,6000.));
#486=IFCCARTESIANPOINT((3300.,6000.));
#487=IFCCARTESIANPOINT((3300.,5100.));
#488=IFCCARTESIANPOINT((4200.,5100.));
#489=IFCPOLYLINE((#484,#485,#486,#487,#488));
#490=IFCARBITRARYCLOSEDPROFILEDEF(.AREA.,$,#489);
#491=IFCCARTESIANPOINT((0.,0.,0.));
#492=IFCAXIS2PLACEMENT3D(#491,$,$);
#493=IFCDIRECTION((0.,0.,1.));
#494=IFCEXTRUDEDAREASOLID(#490,#492,#493,2100.);
#495=IFCSHAPEREPRESENTATION(#6,'Body','SweptSolid',(#494));
#496=IFCPRODUCTDEFINITIONSHAPE($,$,(#495));
#497=IFCOPENINGELEMENT('25P_f5R$DJA8a$BVn965V9',$,'F0-D002','Nominal door aperture',$,#19,#496,'F0-D002',.OPENING.);
#498=IFCRELVOIDSELEMENT('20NTvaOR9SGOdGbAkawkUT',$,$,$,#248,#497);
#499=IFCCARTESIANPOINT((4200.,3600.));
#500=IFCCARTESIANPOINT((4200.,4350.));
#501=IFCCARTESIANPOINT((3300.,4350.));
#502=IFCCARTESIANPOINT((3300.,3600.));
#503=IFCCARTESIANPOINT((4200.,3600.));
#504=IFCPOLYLINE((#499,#500,#501,#502,#503));
#505=IFCARBITRARYCLOSEDPROFILEDEF(.AREA.,$,#504);
#506=IFCCARTESIANPOINT((0.,0.,0.));
#507=IFCAXIS2PLACEMENT3D(#506,$,$);
#508=IFCDIRECTION((0.,0.,1.));
#509=IFCEXTRUDEDAREASOLID(#505,#507,#508,2100.);
#510=IFCSHAPEREPRESENTATION(#6,'Body','SweptSolid',(#509));
#511=IFCPRODUCTDEFINITIONSHAPE($,$,(#510));
#512=IFCOPENINGELEMENT('0u5tgTaLLRWxI1lgmK27jB',$,'F0-D003','Nominal door aperture',$,#19,#511,'F0-D003',.OPENING.);
#513=IFCRELVOIDSELEMENT('2v5INTrOjPqvLN0$$SOsLE',$,$,$,#217,#512);
#514=IFCCARTESIANPOINT((450.,3000.));
#515=IFCCARTESIANPOINT((1950.,3000.));
#516=IFCCARTESIANPOINT((1950.,3900.));
#517=IFCCARTESIANPOINT((450.,3900.));
#518=IFCCARTESIANPOINT((450.,3000.));
#519=IFCPOLYLINE((#514,#515,#516,#517,#518));
#520=IFCARBITRARYCLOSEDPROFILEDEF(.AREA.,$,#519);
#521=IFCCARTESIANPOINT((0.,0.,0.));
#522=IFCAXIS2PLACEMENT3D(#521,$,$);
#523=IFCDIRECTION((0.,0.,1.));
#524=IFCEXTRUDEDAREASOLID(#520,#522,#523,2100.);
#525=IFCSHAPEREPRESENTATION(#6,'Body','SweptSolid',(#524));
#526=IFCPRODUCTDEFINITIONSHAPE($,$,(#525));
#527=IFCOPENINGELEMENT('0nlfNBW09MbQa_MMZWa91N',$,'F0-D004','Nominal cased aperture',$,#19,#526,'F0-D004',.OPENING.);
#528=IFCRELVOIDSELEMENT('0bhaqcqEPO99GXETE$ks7e',$,$,$,#79,#527);
#529=IFCCARTESIANPOINT((1500.,6918.));
#530=IFCCARTESIANPOINT((2250.,6918.));
#531=IFCCARTESIANPOINT((2250.,7818.));
#532=IFCCARTESIANPOINT((1500.,7818.));
#533=IFCCARTESIANPOINT((1500.,6918.));
#534=IFCPOLYLINE((#529,#530,#531,#532,#533));
#535=IFCARBITRARYCLOSEDPROFILEDEF(.AREA.,$,#534);
#536=IFCCARTESIANPOINT((0.,0.,0.));
#537=IFCAXIS2PLACEMENT3D(#536,$,$);
#538=IFCDIRECTION((0.,0.,1.));
#539=IFCEXTRUDEDAREASOLID(#535,#537,#538,2100.);
#540=IFCSHAPEREPRESENTATION(#6,'Body','SweptSolid',(#539));
#541=IFCPRODUCTDEFINITIONSHAPE($,$,(#540));
#542=IFCOPENINGELEMENT('2hnI07_GvR5Oq3$AVau8yV',$,'F0-D005','Nominal door aperture',$,#19,#541,'F0-D005',.OPENING.);
#543=IFCRELVOIDSELEMENT('0JvVEVokLO4uPe1pxnstts',$,$,$,#109,#542);
#544=IFCCARTESIANPOINT((645.,675.));
#545=IFCCARTESIANPOINT((645.,2775.));
#546=IFCCARTESIANPOINT((-415.,2775.));
#547=IFCCARTESIANPOINT((-415.,675.));
#548=IFCCARTESIANPOINT((645.,675.));
#549=IFCPOLYLINE((#544,#545,#546,#547,#548));
#550=IFCARBITRARYCLOSEDPROFILEDEF(.AREA.,$,#549);
#551=IFCCARTESIANPOINT((0.,0.,300.));
#552=IFCAXIS2PLACEMENT3D(#551,$,$);
#553=IFCDIRECTION((0.,0.,1.));
#554=IFCEXTRUDEDAREASOLID(#550,#552,#553,2200.);
#555=IFCSHAPEREPRESENTATION(#6,'Body','SweptSolid',(#554));
#556=IFCPRODUCTDEFINITIONSHAPE($,$,(#555));
#557=IFCOPENINGELEMENT('2EJ2VQbM9S_OFFHkAISNwY',$,'F0-N006','Nominal window aperture',$,#19,#556,'F0-N006',.OPENING.);
#558=IFCRELVOIDSELEMENT('2lSg_QAQXVKAJLLrcglmDl',$,$,$,#35,#557);
#559=IFCCARTESIANPOINT((700.,-415.));
#560=IFCCARTESIANPOINT((1900.,-415.));
#561=IFCCARTESIANPOINT((1900.,645.));
#562=IFCCARTESIANPOINT((700.,645.));
#563=IFCCARTESIANPOINT((700.,-415.));
#564=IFCPOLYLINE((#559,#560,#561,#562,#563));
#565=IFCARBITRARYCLOSEDPROFILEDEF(.AREA.,$,#564);
#566=IFCCARTESIANPOINT((0.,0.,0.));
#567=IFCAXIS2PLACEMENT3D(#566,$,$);
#568=IFCDIRECTION((0.,0.,1.));
#569=IFCEXTRUDEDAREASOLID(#565,#567,#568,2300.);
#570=IFCSHAPEREPRESENTATION(#6,'Body','SweptSolid',(#569));
#571=IFCPRODUCTDEFINITIONSHAPE($,$,(#570));
#572=IFCOPENINGELEMENT('3OAX6MsYHKqfcA4uoyNfm9',$,'F0-D007','Nominal entry aperture',$,#19,#571,'F0-D007',.OPENING.);
#573=IFCRELVOIDSELEMENT('1lgTzEWB1Li827QHb8kftF',$,$,$,#49,#572);
#574=IFCCARTESIANPOINT((2010.,-415.));
#575=IFCCARTESIANPOINT((4710.,-415.));
#576=IFCCARTESIANPOINT((4710.,645.));
#577=IFCCARTESIANPOINT((2010.,645.));
#578=IFCCARTESIANPOINT((2010.,-415.));
#579=IFCPOLYLINE((#574,#575,#576,#577,#578));
#580=IFCARBITRARYCLOSEDPROFILEDEF(.AREA.,$,#579);
#581=IFCCARTESIANPOINT((0.,0.,300.));
#582=IFCAXIS2PLACEMENT3D(#581,$,$);
#583=IFCDIRECTION((0.,0.,1.));
#584=IFCEXTRUDEDAREASOLID(#580,#582,#583,2200.);
#585=IFCSHAPEREPRESENTATION(#6,'Body','SweptSolid',(#584));
#586=IFCPRODUCTDEFINITIONSHAPE($,$,(#585));
#587=IFCOPENINGELEMENT('0QyD$u_CjQ$8aae5SFfE9e',$,'F0-N008','Nominal window aperture',$,#19,#586,'F0-N008',.OPENING.);
#588=IFCRELVOIDSELEMENT('0lak4DdPjGYexNY$mjRlqC',$,$,$,#49,#587);
#589=IFCCARTESIANPOINT((645.,4359.));
#590=IFCCARTESIANPOINT((645.,6459.));
#591=IFCCARTESIANPOINT((-415.,6459.));
#592=IFCCARTESIANPOINT((-415.,4359.));
#593=IFCCARTESIANPOINT((645.,4359.));
#594=IFCPOLYLINE((#589,#590,#591,#592,#593));
#595=IFCARBITRARYCLOSEDPROFILEDEF(.AREA.,$,#594);
#596=IFCCARTESIANPOINT((0.,0.,1100.));
#597=IFCAXIS2PLACEMENT3D(#596,$,$);
#598=IFCDIRECTION((0.,0.,1.));
#599=IFCEXTRUDEDAREASOLID(#595,#597,#598,1150.);
#600=IFCSHAPEREPRESENTATION(#6,'Body','SweptSolid',(#599));
#601=IFCPRODUCTDEFINITIONSHAPE($,$,(#600));
#602=IFCOPENINGELEMENT('3sBOlYwHTQ_hEGGHGDzF2I',$,'F0-N009','Nominal window aperture',$,#19,#601,'F0-N009',.OPENING.);
#603=IFCRELVOIDSELEMENT('3L$gJjXU5O3xC7fImM6TAn',$,$,$,#64,#602);
#604=IFCCARTESIANPOINT((645.,7668.));
#605=IFCCARTESIANPOINT((645.,8568.));
#606=IFCCARTESIANPOINT((-415.,8568.));
#607=IFCCARTESIANPOINT((-415.,7668.));
#608=IFCCARTESIANPOINT((645.,7668.));
#609=IFCPOLYLINE((#604,#605,#606,#607,#608));
#610=IFCARBITRARYCLOSEDPROFILEDEF(.AREA.,$,#609);
#611=IFCCARTESIANPOINT((0.,0.,1000.));
#612=IFCAXIS2PLACEMENT3D(#611,$,$);
#613=IFCDIRECTION((0.,0.,1.));
#614=IFCEXTRUDEDAREASOLID(#610,#612,#613,1050.);
#615=IFCSHAPEREPRESENTATION(#6,'Body','SweptSolid',(#614));
#616=IFCPRODUCTDEFINITIONSHAPE($,$,(#615));
#617=IFCOPENINGELEMENT('1N3kexIj5TLAd0znQ$hiAT',$,'F0-N010','Nominal window aperture',$,#19,#616,'F0-N010',.OPENING.);
#618=IFCRELVOIDSELEMENT('2Ul4A6jHjPighISLFeORk2',$,$,$,#94,#617);
#619=IFCCARTESIANPOINT((600.,8223.));
#620=IFCCARTESIANPOINT((1800.,8223.));
#621=IFCCARTESIANPOINT((1800.,9283.));
#622=IFCCARTESIANPOINT((600.,9283.));
#623=IFCCARTESIANPOINT((600.,8223.));
#624=IFCPOLYLINE((#619,#620,#621,#622,#623));
#625=IFCARBITRARYCLOSEDPROFILEDEF(.AREA.,$,#624);
#626=IFCCARTESIANPOINT((0.,0.,1000.));
#627=IFCAXIS2PLACEMENT3D(#626,$,$);
#628=IFCDIRECTION((0.,0.,1.));
#629=IFCEXTRUDEDAREASOLID(#625,#627,#628,1050.);
#630=IFCSHAPEREPRESENTATION(#6,'Body','SweptSolid',(#629));
#631=IFCPRODUCTDEFINITIONSHAPE($,$,(#630));
#632=IFCOPENINGELEMENT('2T6a8YDyjVI8U1LZuC8fIg',$,'F0-N011','Nominal window aperture',$,#19,#631,'F0-N011',.OPENING.);
#633=IFCRELVOIDSELEMENT('2mNXRFuVLO48NoIVRut5AV',$,$,$,#123,#632);
#634=IFCCARTESIANPOINT((2775.,8223.));
#635=IFCCARTESIANPOINT((3375.,8223.));
#636=IFCCARTESIANPOINT((3375.,9283.));
#637=IFCCARTESIANPOINT((2775.,9283.));
#638=IFCCARTESIANPOINT((2775.,8223.));
#639=IFCPOLYLINE((#634,#635,#636,#637,#638));
#640=IFCARBITRARYCLOSEDPROFILEDEF(.AREA.,$,#639);
#641=IFCCARTESIANPOINT((0.,0.,1750.));
#642=IFCAXIS2PLACEMENT3D(#641,$,$);
#643=IFCDIRECTION((0.,0.,1.));
#644=IFCEXTRUDEDAREASOLID(#640,#642,#643,600.);
#645=IFCSHAPEREPRESENTATION(#6,'Body','SweptSolid',(#644));
#646=IFCPRODUCTDEFINITIONSHAPE($,$,(#645));
#647=IFCOPENINGELEMENT('1IoNDEewvS5gLpbSxJPx5t',$,'F0-N012','Nominal window aperture',$,#19,#646,'F0-N012',.OPENING.);
#648=IFCRELVOIDSELEMENT('1PNJCicmTQKwE_vNx9GtRS',$,$,$,#201,#647);
#649=IFCCARTESIANPOINT((4485.,8223.));
#650=IFCCARTESIANPOINT((5985.,8223.));
#651=IFCCARTESIANPOINT((5985.,9283.));
#652=IFCCARTESIANPOINT((4485.,9283.));
#653=IFCCARTESIANPOINT((4485.,8223.));
#654=IFCPOLYLINE((#649,#650,#651,#652,#653));
#655=IFCARBITRARYCLOSEDPROFILEDEF(.AREA.,$,#654);
#656=IFCCARTESIANPOINT((0.,0.,850.));
#657=IFCAXIS2PLACEMENT3D(#656,$,$);
#658=IFCDIRECTION((0.,0.,1.));
#659=IFCEXTRUDEDAREASOLID(#655,#657,#658,1450.);
#660=IFCSHAPEREPRESENTATION(#6,'Body','SweptSolid',(#659));
#661=IFCPRODUCTDEFINITIONSHAPE($,$,(#660));
#662=IFCOPENINGELEMENT('2iLQEC3wzMoA4ZrrJJt0ny',$,'F0-N013','Nominal window aperture',$,#19,#661,'F0-N013',.OPENING.);
#663=IFCRELVOIDSELEMENT('3$KqL1RSnNtxHC$xOhZSlm',$,$,$,#293,#662);
#664=IFCCARTESIANPOINT((7135.,675.));
#665=IFCCARTESIANPOINT((7135.,2775.));
#666=IFCCARTESIANPOINT((6075.,2775.));
#667=IFCCARTESIANPOINT((6075.,675.));
#668=IFCCARTESIANPOINT((7135.,675.));
#669=IFCPOLYLINE((#664,#665,#666,#667,#668));
#670=IFCARBITRARYCLOSEDPROFILEDEF(.AREA.,$,#669);
#671=IFCCARTESIANPOINT((0.,0.,300.));
#672=IFCAXIS2PLACEMENT3D(#671,$,$);
#673=IFCDIRECTION((0.,0.,1.));
#674=IFCEXTRUDEDAREASOLID(#670,#672,#673,2200.);
#675=IFCSHAPEREPRESENTATION(#6,'Body','SweptSolid',(#674));
#676=IFCPRODUCTDEFINITIONSHAPE($,$,(#675));
#677=IFCOPENINGELEMENT('18_l48zj9PjPVjw4tyxE3p',$,'F0-N014','Nominal window aperture',$,#19,#676,'F0-N014',.OPENING.);
#678=IFCRELVOIDSELEMENT('3_rslvviPSdRiCONLUaLo$',$,$,$,#308,#677);
#679=IFCCARTESIANPOINT((7135.,3825.));
#680=IFCCARTESIANPOINT((7135.,4575.));
#681=IFCCARTESIANPOINT((6075.,4575.));
#682=IFCCARTESIANPOINT((6075.,3825.));
#683=IFCCARTESIANPOINT((7135.,3825.));
#684=IFCPOLYLINE((#679,#680,#681,#682,#683));
#685=IFCARBITRARYCLOSEDPROFILEDEF(.AREA.,$,#684);
#686=IFCCARTESIANPOINT((0.,0.,1750.));
#687=IFCAXIS2PLACEMENT3D(#686,$,$);
#688=IFCDIRECTION((0.,0.,1.));
#689=IFCEXTRUDEDAREASOLID(#685,#687,#688,600.);
#690=IFCSHAPEREPRESENTATION(#6,'Body','SweptSolid',(#689));
#691=IFCPRODUCTDEFINITIONSHAPE($,$,(#690));
#692=IFCOPENINGELEMENT('1k4yxYFGnH_f0Fbbn2CRyU',$,'F0-N015','Nominal window aperture',$,#19,#691,'F0-N015',.OPENING.);
#693=IFCRELVOIDSELEMENT('1owWzTLaPIMexbSfZiXLa3',$,$,$,#323,#692);
#694=IFCCARTESIANPOINT((7135.,5859.));
#695=IFCCARTESIANPOINT((7135.,7959.));
#696=IFCCARTESIANPOINT((6075.,7959.));
#697=IFCCARTESIANPOINT((6075.,5859.));
#698=IFCCARTESIANPOINT((7135.,5859.));
#699=IFCPOLYLINE((#694,#695,#696,#697,#698));
#700=IFCARBITRARYCLOSEDPROFILEDEF(.AREA.,$,#699);
#701=IFCCARTESIANPOINT((0.,0.,850.));
#702=IFCAXIS2PLACEMENT3D(#701,$,$);
#703=IFCDIRECTION((0.,0.,1.));
#704=IFCEXTRUDEDAREASOLID(#700,#702,#703,1450.);
#705=IFCSHAPEREPRESENTATION(#6,'Body','SweptSolid',(#704));
#706=IFCPRODUCTDEFINITIONSHAPE($,$,(#705));
#707=IFCOPENINGELEMENT('2_tY91NxnLlxRtL6eTlQ6M',$,'F0-N016','Nominal window aperture',$,#19,#706,'F0-N016',.OPENING.);
#708=IFCRELVOIDSELEMENT('10OB0SbBrRow9sfTMeRWc7',$,$,$,#337,#707);
#709=IFCCARTESIANPOINT((6720.,0.));
#710=IFCCARTESIANPOINT((6720.,8868.));
#711=IFCCARTESIANPOINT((0.,8868.));
#712=IFCCARTESIANPOINT((0.,0.));
#713=IFCCARTESIANPOINT((6720.,0.));
#714=IFCPOLYLINE((#709,#710,#711,#712,#713));
#715=IFCARBITRARYCLOSEDPROFILEDEF(.AREA.,$,#714);
#716=IFCCARTESIANPOINT((0.,0.,-150.));
#717=IFCAXIS2PLACEMENT3D(#716,$,$);
#718=IFCDIRECTION((0.,0.,1.));
#719=IFCEXTRUDEDAREASOLID(#715,#717,#718,150.);
#720=IFCSHAPEREPRESENTATION(#6,'Body','SweptSolid',(#719));
#721=IFCPRODUCTDEFINITIONSHAPE($,$,(#720));
#722=IFCSLAB('1v9wu8f99G2AwTaXePbR7m',$,'Floor slab / thickness assumption',$,$,#19,#721,'SL-0',.FLOOR.);
#723=IFCPROPERTYSINGLEVALUE('ReviewStatus',$,IFCLABEL('PRELIMINARY - NOT FOR CONSTRUCTION'),$);
#724=IFCPROPERTYSINGLEVALUE('PlanHash',$,IFCLABEL('9bdd75bf2ea4a15314ae6a886c801c8d1d01f7572e2e002ab2ad73d238ef7a80'),$);
#725=IFCPROPERTYSET('2fnf7uDhTRvhcppHLMqrf9',$,'FloorForge_Review',$,(#723,#724));
#726=IFCRELDEFINESBYPROPERTIES('1Nc1YnL2HLvwvkSgTlLwjB',$,$,$,(#722),#725);
#727=IFCCARTESIANPOINT((6720.,0.));
#728=IFCCARTESIANPOINT((6720.,8868.));
#729=IFCCARTESIANPOINT((0.,8868.));
#730=IFCCARTESIANPOINT((0.,0.));
#731=IFCCARTESIANPOINT((6720.,0.));
#732=IFCPOLYLINE((#727,#728,#729,#730,#731));
#733=IFCARBITRARYCLOSEDPROFILEDEF(.AREA.,$,#732);
#734=IFCCARTESIANPOINT((0.,0.,3000.));
#735=IFCAXIS2PLACEMENT3D(#734,$,$);
#736=IFCDIRECTION((0.,0.,1.));
#737=IFCEXTRUDEDAREASOLID(#733,#735,#736,150.);
#738=IFCSHAPEREPRESENTATION(#6,'Body','SweptSolid',(#737));
#739=IFCPRODUCTDEFINITIONSHAPE($,$,(#738));
#740=IFCSLAB('1H2xQyMWjOWwhf9S0zY7ij',$,'Roof / thickness assumption',$,$,#19,#739,'ROOF-0',.ROOF.);
#741=IFCPROPERTYSINGLEVALUE('ReviewStatus',$,IFCLABEL('PRELIMINARY - NOT FOR CONSTRUCTION'),$);
#742=IFCPROPERTYSINGLEVALUE('PlanHash',$,IFCLABEL('9bdd75bf2ea4a15314ae6a886c801c8d1d01f7572e2e002ab2ad73d238ef7a80'),$);
#743=IFCPROPERTYSET('1Yf0pjCmLPixxYR8WeQxjV',$,'FloorForge_Review',$,(#741,#742));
#744=IFCRELDEFINESBYPROPERTIES('24Z6SIf$1V1h10292tF2tf',$,$,$,(#740),#743);
#745=IFCCARTESIANPOINTLIST3D(((5945.415,3105.415,139.585),(5953.177,3113.177,163.941),(5954.497,3114.497,203.333),(5954.497,3114.497,250.),(5954.497,3114.497,296.667),(5953.177,3113.177,336.059),(5945.415,3105.415,360.415),(5954.497,2981.667,130.503),(5971.408,2981.667,157.864),(5975.,2981.667,203.333),(5975.,2981.667,250.),(5975.,2981.667,296.667),(5971.408,2981.667,342.136),(5954.497,2981.667,369.497),(5954.497,2828.333,130.503),(5971.408,2828.333,157.864),(5975.,2828.333,203.333),(5975.,2828.333,250.),(5975.,2828.333,296.667),(5971.408,2828.333,342.136),(5954.497,2828.333,369.497),(5954.497,2675.,130.503),(5971.408,2675.,157.864),(5975.,2675.,203.333),(5975.,2675.,250.),(5975.,2675.,296.667),(5971.408,2675.,342.136),(5954.497,2675.,369.497),(5954.497,2521.667,130.503),(5971.408,2521.667,157.864),(5975.,2521.667,203.333),(5975.,2521.667,250.),(5975.,2521.667,296.667),(5971.408,2521.667,342.136),(5954.497,2521.667,369.497),(5954.497,2368.333,130.503),(5971.408,2368.333,157.864),(5975.,2368.333,203.333),(5975.,2368.333,250.),(5975.,2368.333,296.667),(5971.408,2368.333,342.136),(5954.497,2368.333,369.497),(5945.415,2244.585,139.585),(5953.177,2236.823,163.941),(5954.497,2235.503,203.333),(5954.497,2235.503,250.),(5954.497,2235.503,296.667),(5953.177,2236.823,336.059),(5945.415,2244.585,360.415),(4404.585,3105.415,139.585),(4396.823,3113.177,163.941),(4395.503,3114.497,203.333),(4395.503,3114.497,250.),(4395.503,3114.497,296.667),(4396.823,3113.177,336.059),(4404.585,3105.415,360.415),(4395.503,2981.667,130.503),(4378.592,2981.667,157.864),(4375.,2981.667,203.333),(4375.,2981.667,250.),(4375.,2981.667,296.667),(4378.592,2981.667,342.136),(4395.503,2981.667,369.497),(4395.503,2828.333,130.503),(4378.592,2828.333,157.864),(4375.,2828.333,203.333),(4375.,2828.333,250.),(4375.,2828.333,296.667),(4378.592,2828.333,342.136),(4395.503,2828.333,369.497),(4395.503,2675.,130.503),(4378.592,2675.,157.864),(4375.,2675.,203.333),(4375.,2675.,250.),(4375.,2675.,296.667),(4378.592,2675.,342.136),(4395.503,2675.,369.497),(4395.503,2521.667,130.503),(4378.592,2521.667,157.864),(4375.,2521.667,203.333),(4375.,2521.667,250.),(4375.,2521.667,296.667),(4378.592,2521.667,342.136),(4395.503,2521.667,369.497),(4395.503,2368.333,130.503),(4378.592,2368.333,157.864),(4375.,2368.333,203.333),(4375.,2368.333,250.),(4375.,2368.333,296.667),(4378.592,2368.333,342.136),(4395.503,2368.333,369.497),(4404.585,2244.585,139.585),(4396.823,2236.823,163.941),(4395.503,2235.503,203.333),(4395.503,2235.503,250.),(4395.503,2235.503,296.667),(4396.823,2236.823,336.059),(4404.585,2244.585,360.415),(5708.333,3114.497,130.503),(5708.333,3131.408,157.864),(5708.333,3135.,203.333),(5708.333,3135.,250.),(5708.333,3135.,296.667),(5708.333,3131.408,342.136),(5708.333,3114.497,369.497),(5441.667,3114.497,130.503),(5441.667,3131.408,157.864),(5441.667,3135.,203.333),(5441.667,3135.,250.),(5441.667,3135.,296.667),(5441.667,3131.408,342.136),(5441.667,3114.497,369.497),(5175.,3114.497,130.503),(5175.,3131.408,157.864),(5175.,3135.,203.333),(5175.,3135.,250.),(5175.,3135.,296.667),(5175.,3131.408,342.136),(5175.,3114.497,369.497),(4908.333,3114.497,130.503),(4908.333,3131.408,157.864),(4908.333,3135.,203.333),(4908.333,3135.,250.),(4908.333,3135.,296.667),(4908.333,3131.408,342.136),(4908.333,3114.497,369.497),(4641.667,3114.497,130.503),(4641.667,3131.408,157.864),(4641.667,3135.,203.333),(4641.667,3135.,250.),(4641.667,3135.,296.667),(4641.667,3131.408,342.136),(4641.667,3114.497,369.497),(5708.333,2235.503,130.503),(5708.333,2218.592,157.864),(5708.333,2215.,203.333),(5708.333,2215.,250.),(5708.333,2215.,296.667),(5708.333,2218.592,342.136),(5708.333,2235.503,369.497),(5441.667,2235.503,130.503),(5441.667,2218.592,157.864),(5441.667,2215.,203.333),(5441.667,2215.,250.),(5441.667,2215.,296.667),(5441.667,2218.592,342.136),(5441.667,2235.503,369.497),(5175.,2235.503,130.503),(5175.,2218.592,157.864),(5175.,2215.,203.333),(5175.,2215.,250.),(5175.,2215.,296.667),(5175.,2218.592,342.136),(5175.,2235.503,369.497),(4908.333,2235.503,130.503),(4908.333,2218.592,157.864),(4908.333,2215.,203.333),(4908.333,2215.,250.),(4908.333,2215.,296.667),(4908.333,2218.592,342.136),(4908.333,2235.503,369.497),(4641.667,2235.503,130.503),(4641.667,2218.592,157.864),(4641.667,2215.,203.333),(4641.667,2215.,250.),(4641.667,2215.,296.667),(4641.667,2218.592,342.136),(4641.667,2235.503,369.497),(5708.333,2981.667,110.),(5708.333,2828.333,110.),(5708.333,2675.,110.),(5708.333,2521.667,110.),(5708.333,2368.333,110.),(5441.667,2981.667,110.),(5441.667,2828.333,110.),(5441.667,2675.,110.),(5441.667,2521.667,110.),(5441.667,2368.333,110.),(5175.,2981.667,110.),(5175.,2828.333,110.),(5175.,2675.,110.),(5175.,2521.667,110.),(5175.,2368.333,110.),(4908.333,2981.667,110.),(4908.333,2828.333,110.),(4908.333,2675.,110.),(4908.333,2521.667,110.),(4908.333,2368.333,110.),(4641.667,2981.667,110.),(4641.667,2828.333,110.),(4641.667,2675.,110.),(4641.667,2521.667,110.),(4641.667,2368.333,110.),(5708.333,2981.667,390.),(5708.333,2828.333,390.),(5708.333,2675.,390.),(5708.333,2521.667,390.),(5708.333,2368.333,390.),(5441.667,2981.667,390.),(5441.667,2828.333,390.),(5441.667,2675.,390.),(5441.667,2521.667,390.),(5441.667,2368.333,390.),(5175.,2981.667,390.),(5175.,2828.333,390.),(5175.,2675.,390.),(5175.,2521.667,390.),(5175.,2368.333,390.),(4908.333,2981.667,390.),(4908.333,2828.333,390.),(4908.333,2675.,390.),(4908.333,2521.667,390.),(4908.333,2368.333,390.),(4641.667,2981.667,390.),(4641.667,2828.333,390.),(4641.667,2675.,390.),(4641.667,2521.667,390.),(4641.667,2368.333,390.)));
#746=IFCTRIANGULATEDFACESET(#745,$,.T.,((1,2,9),(1,9,8),(2,3,10),(2,10,9),(3,4,11),(3,11,10),(4,5,12),(4,12,11),(5,6,13),(5,13,12),(6,7,14),(6,14,13),(8,9,16),(8,16,15),(9,10,17),(9,17,16),(10,11,18),(10,18,17),(11,12,19),(11,19,18),(12,13,20),(12,20,19),(13,14,21),(13,21,20),(15,16,23),(15,23,22),(16,17,24),(16,24,23),(17,18,25),(17,25,24),(18,19,26),(18,26,25),(19,20,27),(19,27,26),(20,21,28),(20,28,27),(22,23,30),(22,30,29),(23,24,31),(23,31,30),(24,25,32),(24,32,31),(25,26,33),(25,33,32),(26,27,34),(26,34,33),(27,28,35),(27,35,34),(29,30,37),(29,37,36),(30,31,38),(30,38,37),(31,32,39),(31,39,38),(32,33,40),(32,40,39),(33,34,41),(33,41,40),(34,35,42),(34,42,41),(36,37,44),(36,44,43),(37,38,45),(37,45,44),(38,39,46),(38,46,45),(39,40,47),(39,47,46),(40,41,48),(40,48,47),(41,42,49),(41,49,48),(58,51,50),(57,58,50),(59,52,51),(58,59,51),(60,53,52),(59,60,52),(61,54,53),(60,61,53),(62,55,54),(61,62,54),(63,56,55),(62,63,55),(65,58,57),(64,65,57),(66,59,58),(65,66,58),(67,60,59),(66,67,59),(68,61,60),(67,68,60),(69,62,61),(68,69,61),(70,63,62),(69,70,62),(72,65,64),(71,72,64),(73,66,65),(72,73,65),(74,67,66),(73,74,66),(75,68,67),(74,75,67),(76,69,68),(75,76,68),(77,70,69),(76,77,69),(79,72,71),(78,79,71),(80,73,72),(79,80,72),(81,74,73),(80,81,73),(82,75,74),(81,82,74),(83,76,75),(82,83,75),(84,77,76),(83,84,76),(86,79,78),(85,86,78),(87,80,79),(86,87,79),(88,81,80),(87,88,80),(89,82,81),(88,89,81),(90,83,82),(89,90,82),(91,84,83),(90,91,83),(93,86,85),(92,93,85),(94,87,86),(93,94,86),(95,88,87),(94,95,87),(96,89,88),(95,96,88),(97,90,89),(96,97,89),(98,91,90),(97,98,90),(100,2,1),(99,100,1),(101,3,2),(100,101,2),(102,4,3),(101,102,3),(103,5,4),(102,103,4),(104,6,5),(103,104,5),(105,7,6),(104,105,6),(107,100,99),(106,107,99),(108,101,100),(107,108,100),(109,102,101),(108,109,101),(110,103,102),(109,110,102),(111,104,103),(110,111,103),(112,105,104),(111,112,104),(114,107,106),(113,114,106),(115,108,107),(114,115,107),(116,109,108),(115,116,108),(117,110,109),(116,117,109),(118,111,110),(117,118,110),(119,112,111),(118,119,111),(121,114,113),(120,121,113),(122,115,114),(121,122,114),(123,116,115),(122,123,115),(124,117,116),(123,124,116),(125,118,117),(124,125,117),(126,119,118),(125,126,118),(128,121,120),(127,128,120),(129,122,121),(128,129,121),(130,123,122),(129,130,122),(131,124,123),(130,131,123),(132,125,124),(131,132,124),(133,126,125),(132,133,125),(51,128,127),(50,51,127),(52,129,128),(51,52,128),(53,130,129),(52,53,129),(54,131,130),(53,54,130),(55,132,131),(54,55,131),(56,133,132),(55,56,132),(43,44,135),(43,135,134),(44,45,136),(44,136,135),(45,46,137),(45,137,136),(46,47,138),(46,138,137),(47,48,139),(47,139,138),(48,49,140),(48,140,139),(134,135,142),(134,142,141),(135,136,143),(135,143,142),(136,137,144),(136,144,143),(137,138,145),(137,145,144),(138,139,146),(138,146,145),(139,140,147),(139,147,146),(141,142,149),(141,149,148),(142,143,150),(142,150,149),(143,144,151),(143,151,150),(144,145,152),(144,152,151),(145,146,153),(145,153,152),(146,147,154),(146,154,153),(148,149,156),(148,156,155),(149,150,157),(149,157,156),(150,151,158),(150,158,157),(151,152,159),(151,159,158),(152,153,160),(152,160,159),(153,154,161),(153,161,160),(155,156,163),(155,163,162),(156,157,164),(156,164,163),(157,158,165),(157,165,164),(158,159,166),(158,166,165),(159,160,167),(159,167,166),(160,161,168),(160,168,167),(162,163,93),(162,93,92),(163,164,94),(163,94,93),(164,165,95),(164,95,94),(165,166,96),(165,96,95),(166,167,97),(166,97,96),(167,168,98),(167,98,97),(1,8,169),(1,169,99),(8,15,170),(8,170,169),(15,22,171),(15,171,170),(22,29,172),(22,172,171),(29,36,173),(29,173,172),(36,43,134),(36,134,173),(99,169,174),(99,174,106),(169,170,175),(169,175,174),(170,171,176),(170,176,175),(171,172,177),(171,177,176),(172,173,178),(172,178,177),(173,134,141),(173,141,178),(106,174,179),(106,179,113),(174,175,180),(174,180,179),(175,176,181),(175,181,180),(176,177,182),(176,182,181),(177,178,183),(177,183,182),(178,141,148),(178,148,183),(113,179,184),(113,184,120),(179,180,185),(179,185,184),(180,181,186),(180,186,185),(181,182,187),(181,187,186),(182,183,188),(182,188,187),(183,148,155),(183,155,188),(120,184,189),(120,189,127),(184,185,190),(184,190,189),(185,186,191),(185,191,190),(186,187,192),(186,192,191),(187,188,193),(187,193,192),(188,155,162),(188,162,193),(127,189,57),(127,57,50),(189,190,64),(189,64,57),(190,191,71),(190,71,64),(191,192,78),(191,78,71),(192,193,85),(192,85,78),(193,162,92),(193,92,85),(194,14,7),(105,194,7),(195,21,14),(194,195,14),(196,28,21),(195,196,21),(197,35,28),(196,197,28),(198,42,35),(197,198,35),(140,49,42),(198,140,42),(199,194,105),(112,199,105),(200,195,194),(199,200,194),(201,196,195),(200,201,195),(202,197,196),(201,202,196),(203,198,197),(202,203,197),(147,140,198),(203,147,198),(204,199,112),(119,204,112),(205,200,199),(204,205,199),(206,201,200),(205,206,200),(207,202,201),(206,207,201),(208,203,202),(207,208,202),(154,147,203),(208,154,203),(209,204,119),(126,209,119),(210,205,204),(209,210,204),(211,206,205),(210,211,205),(212,207,206),(211,212,206),(213,208,207),(212,213,207),(161,154,208),(213,161,208),(214,209,126),(133,214,126),(215,210,209),(214,215,209),(216,211,210),(215,216,210),(217,212,211),(216,217,211),(218,213,212),(217,218,212),(168,161,213),(218,168,213),(63,214,133),(56,63,133),(70,215,214),(63,70,214),(77,216,215),(70,77,215),(84,217,216),(77,84,216),(91,218,217),(84,91,217),(98,168,218),(91,98,218)),$);
#747=IFCCARTESIANPOINTLIST3D(((5949.641,3119.641,305.359),(5957.426,3127.426,403.333),(5957.426,3127.426,526.667),(5957.426,3127.426,650.),(5957.426,3127.426,773.333),(5957.426,3127.426,896.667),(5949.641,3119.641,994.641),(5955.475,3102.989,299.525),(5969.829,3109.368,403.333),(5969.829,3109.368,526.667),(5969.829,3109.368,650.),(5969.829,3109.368,773.333),(5969.829,3109.368,896.667),(5955.475,3102.989,1000.475),(5957.426,3078.333,297.574),(5975.,3078.333,403.333),(5975.,3078.333,526.667),(5975.,3078.333,650.),(5975.,3078.333,773.333),(5975.,3078.333,896.667),(5957.426,3078.333,1002.426),(5957.426,3045.,297.574),(5975.,3045.,403.333),(5975.,3045.,526.667),(5975.,3045.,650.),(5975.,3045.,773.333),(5975.,3045.,896.667),(5957.426,3045.,1002.426),(5957.426,3011.667,297.574),(5975.,3011.667,403.333),(5975.,3011.667,526.667),(5975.,3011.667,650.),(5975.,3011.667,773.333),(5975.,3011.667,896.667),(5957.426,3011.667,1002.426),(5955.475,2987.011,299.525),(5969.829,2980.632,403.333),(5969.829,2980.632,526.667),(5969.829,2980.632,650.),(5969.829,2980.632,773.333),(5969.829,2980.632,896.667),(5955.475,2987.011,1000.475),(5949.641,2970.359,305.359),(5957.426,2962.574,403.333),(5957.426,2962.574,526.667),(5957.426,2962.574,650.),(5957.426,2962.574,773.333),(5957.426,2962.574,896.667),(5949.641,2970.359,994.641),(4400.359,3119.641,305.359),(4392.574,3127.426,403.333),(4392.574,3127.426,526.667),(4392.574,3127.426,650.),(4392.574,3127.426,773.333),(4392.574,3127.426,896.667),(4400.359,3119.641,994.641),(4394.525,3102.989,299.525),(4380.171,3109.368,403.333),(4380.171,3109.368,526.667),(4380.171,3109.368,650.),(4380.171,3109.368,773.333),(4380.171,3109.368,896.667),(4394.525,3102.989,1000.475),(4392.574,3078.333,297.574),(4375.,3078.333,403.333),(4375.,3078.333,526.667),(4375.,3078.333,650.),(4375.,3078.333,773.333),(4375.,3078.333,896.667),(4392.574,3078.333,1002.426),(4392.574,3045.,297.574),(4375.,3045.,403.333),(4375.,3045.,526.667),(4375.,3045.,650.),(4375.,3045.,773.333),(4375.,3045.,896.667),(4392.574,3045.,1002.426),(4392.574,3011.667,297.574),(4375.,3011.667,403.333),(4375.,3011.667,526.667),(4375.,3011.667,650.),(4375.,3011.667,773.333),(4375.,3011.667,896.667),(4392.574,3011.667,1002.426),(4394.525,2987.011,299.525),(4380.171,2980.632,403.333),(4380.171,2980.632,526.667),(4380.171,2980.632,650.),(4380.171,2980.632,773.333),(4380.171,2980.632,896.667),(4394.525,2987.011,1000.475),(4400.359,2970.359,305.359),(4392.574,2962.574,403.333),(4392.574,2962.574,526.667),(4392.574,2962.574,650.),(4392.574,2962.574,773.333),(4392.574,2962.574,896.667),(4400.359,2970.359,994.641),(5708.333,3127.426,297.574),(5708.333,3145.,403.333),(5708.333,3145.,526.667),(5708.333,3145.,650.),(5708.333,3145.,773.333),(5708.333,3145.,896.667),(5708.333,3127.426,1002.426),(5441.667,3127.426,297.574),(5441.667,3145.,403.333),(5441.667,3145.,526.667),(5441.667,3145.,650.),(5441.667,3145.,773.333),(5441.667,3145.,896.667),(5441.667,3127.426,1002.426),(5175.,3127.426,297.574),(5175.,3145.,403.333),(5175.,3145.,526.667),(5175.,3145.,650.),(5175.,3145.,773.333),(5175.,3145.,896.667),(5175.,3127.426,1002.426),(4908.333,3127.426,297.574),(4908.333,3145.,403.333),(4908.333,3145.,526.667),(4908.333,3145.,650.),(4908.333,3145.,773.333),(4908.333,3145.,896.667),(4908.333,3127.426,1002.426),(4641.667,3127.426,297.574),(4641.667,3145.,403.333),(4641.667,3145.,526.667),(4641.667,3145.,650.),(4641.667,3145.,773.333),(4641.667,3145.,896.667),(4641.667,3127.426,1002.426),(5708.333,2962.574,297.574),(5708.333,2945.,403.333),(5708.333,2945.,526.667),(5708.333,2945.,650.),(5708.333,2945.,773.333),(5708.333,2945.,896.667),(5708.333,2962.574,1002.426),(5441.667,2962.574,297.574),(5441.667,2945.,403.333),(5441.667,2945.,526.667),(5441.667,2945.,650.),(5441.667,2945.,773.333),(5441.667,2945.,896.667),(5441.667,2962.574,1002.426),(5175.,2962.574,297.574),(5175.,2945.,403.333),(5175.,2945.,526.667),(5175.,2945.,650.),(5175.,2945.,773.333),(5175.,2945.,896.667),(5175.,2962.574,1002.426),(4908.333,2962.574,297.574),(4908.333,2945.,403.333),(4908.333,2945.,526.667),(4908.333,2945.,650.),(4908.333,2945.,773.333),(4908.333,2945.,896.667),(4908.333,2962.574,1002.426),(4641.667,2962.574,297.574),(4641.667,2945.,403.333),(4641.667,2945.,526.667),(4641.667,2945.,650.),(4641.667,2945.,773.333),(4641.667,2945.,896.667),(4641.667,2962.574,1002.426),(5708.333,3109.368,285.171),(5708.333,3078.333,280.),(5708.333,3045.,280.),(5708.333,3011.667,280.),(5708.333,2980.632,285.171),(5441.667,3109.368,285.171),(5441.667,3078.333,280.),(5441.667,3045.,280.),(5441.667,3011.667,280.),(5441.667,2980.632,285.171),(5175.,3109.368,285.171),(5175.,3078.333,280.),(5175.,3045.,280.),(5175.,3011.667,280.),(5175.,2980.632,285.171),(4908.333,3109.368,285.171),(4908.333,3078.333,280.),(4908.333,3045.,280.),(4908.333,3011.667,280.),(4908.333,2980.632,285.171),(4641.667,3109.368,285.171),(4641.667,3078.333,280.),(4641.667,3045.,280.),(4641.667,3011.667,280.),(4641.667,2980.632,285.171),(5708.333,3109.368,1014.829),(5708.333,3078.333,1020.),(5708.333,3045.,1020.),(5708.333,3011.667,1020.),(5708.333,2980.632,1014.829),(5441.667,3109.368,1014.829),(5441.667,3078.333,1020.),(5441.667,3045.,1020.),(5441.667,3011.667,1020.),(5441.667,2980.632,1014.829),(5175.,3109.368,1014.829),(5175.,3078.333,1020.),(5175.,3045.,1020.),(5175.,3011.667,1020.),(5175.,2980.632,1014.829),(4908.333,3109.368,1014.829),(4908.333,3078.333,1020.),(4908.333,3045.,1020.),(4908.333,3011.667,1020.),(4908.333,2980.632,1014.829),(4641.667,3109.368,1014.829),(4641.667,3078.333,1020.),(4641.667,3045.,1020.),(4641.667,3011.667,1020.),(4641.667,2980.632,1014.829)));
#748=IFCTRIANGULATEDFACESET(#747,$,.T.,((1,2,9),(1,9,8),(2,3,10),(2,10,9),(3,4,11),(3,11,10),(4,5,12),(4,12,11),(5,6,13),(5,13,12),(6,7,14),(6,14,13),(8,9,16),(8,16,15),(9,10,17),(9,17,16),(10,11,18),(10,18,17),(11,12,19),(11,19,18),(12,13,20),(12,20,19),(13,14,21),(13,21,20),(15,16,23),(15,23,22),(16,17,24),(16,24,23),(17,18,25),(17,25,24),(18,19,26),(18,26,25),(19,20,27),(19,27,26),(20,21,28),(20,28,27),(22,23,30),(22,30,29),(23,24,31),(23,31,30),(24,25,32),(24,32,31),(25,26,33),(25,33,32),(26,27,34),(26,34,33),(27,28,35),(27,35,34),(29,30,37),(29,37,36),(30,31,38),(30,38,37),(31,32,39),(31,39,38),(32,33,40),(32,40,39),(33,34,41),(33,41,40),(34,35,42),(34,42,41),(36,37,44),(36,44,43),(37,38,45),(37,45,44),(38,39,46),(38,46,45),(39,40,47),(39,47,46),(40,41,48),(40,48,47),(41,42,49),(41,49,48),(58,51,50),(57,58,50),(59,52,51),(58,59,51),(60,53,52),(59,60,52),(61,54,53),(60,61,53),(62,55,54),(61,62,54),(63,56,55),(62,63,55),(65,58,57),(64,65,57),(66,59,58),(65,66,58),(67,60,59),(66,67,59),(68,61,60),(67,68,60),(69,62,61),(68,69,61),(70,63,62),(69,70,62),(72,65,64),(71,72,64),(73,66,65),(72,73,65),(74,67,66),(73,74,66),(75,68,67),(74,75,67),(76,69,68),(75,76,68),(77,70,69),(76,77,69),(79,72,71),(78,79,71),(80,73,72),(79,80,72),(81,74,73),(80,81,73),(82,75,74),(81,82,74),(83,76,75),(82,83,75),(84,77,76),(83,84,76),(86,79,78),(85,86,78),(87,80,79),(86,87,79),(88,81,80),(87,88,80),(89,82,81),(88,89,81),(90,83,82),(89,90,82),(91,84,83),(90,91,83),(93,86,85),(92,93,85),(94,87,86),(93,94,86),(95,88,87),(94,95,87),(96,89,88),(95,96,88),(97,90,89),(96,97,89),(98,91,90),(97,98,90),(100,2,1),(99,100,1),(101,3,2),(100,101,2),(102,4,3),(101,102,3),(103,5,4),(102,103,4),(104,6,5),(103,104,5),(105,7,6),(104,105,6),(107,100,99),(106,107,99),(108,101,100),(107,108,100),(109,102,101),(108,109,101),(110,103,102),(109,110,102),(111,104,103),(110,111,103),(112,105,104),(111,112,104),(114,107,106),(113,114,106),(115,108,107),(114,115,107),(116,109,108),(115,116,108),(117,110,109),(116,117,109),(118,111,110),(117,118,110),(119,112,111),(118,119,111),(121,114,113),(120,121,113),(122,115,114),(121,122,114),(123,116,115),(122,123,115),(124,117,116),(123,124,116),(125,118,117),(124,125,117),(126,119,118),(125,126,118),(128,121,120),(127,128,120),(129,122,121),(128,129,121),(130,123,122),(129,130,122),(131,124,123),(130,131,123),(132,125,124),(131,132,124),(133,126,125),(132,133,125),(51,128,127),(50,51,127),(52,129,128),(51,52,128),(53,130,129),(52,53,129),(54,131,130),(53,54,130),(55,132,131),(54,55,131),(56,133,132),(55,56,132),(43,44,135),(43,135,134),(44,45,136),(44,136,135),(45,46,137),(45,137,136),(46,47,138),(46,138,137),(47,48,139),(47,139,138),(48,49,140),(48,140,139),(134,135,142),(134,142,141),(135,136,143),(135,143,142),(136,137,144),(136,144,143),(137,138,145),(137,145,144),(138,139,146),(138,146,145),(139,140,147),(139,147,146),(141,142,149),(141,149,148),(142,143,150),(142,150,149),(143,144,151),(143,151,150),(144,145,152),(144,152,151),(145,146,153),(145,153,152),(146,147,154),(146,154,153),(148,149,156),(148,156,155),(149,150,157),(149,157,156),(150,151,158),(150,158,157),(151,152,159),(151,159,158),(152,153,160),(152,160,159),(153,154,161),(153,161,160),(155,156,163),(155,163,162),(156,157,164),(156,164,163),(157,158,165),(157,165,164),(158,159,166),(158,166,165),(159,160,167),(159,167,166),(160,161,168),(160,168,167),(162,163,93),(162,93,92),(163,164,94),(163,94,93),(164,165,95),(164,95,94),(165,166,96),(165,96,95),(166,167,97),(166,97,96),(167,168,98),(167,98,97),(1,8,169),(1,169,99),(8,15,170),(8,170,169),(15,22,171),(15,171,170),(22,29,172),(22,172,171),(29,36,173),(29,173,172),(36,43,134),(36,134,173),(99,169,174),(99,174,106),(169,170,175),(169,175,174),(170,171,176),(170,176,175),(171,172,177),(171,177,176),(172,173,178),(172,178,177),(173,134,141),(173,141,178),(106,174,179),(106,179,113),(174,175,180),(174,180,179),(175,176,181),(175,181,180),(176,177,182),(176,182,181),(177,178,183),(177,183,182),(178,141,148),(178,148,183),(113,179,184),(113,184,120),(179,180,185),(179,185,184),(180,181,186),(180,186,185),(181,182,187),(181,187,186),(182,183,188),(182,188,187),(183,148,155),(183,155,188),(120,184,189),(120,189,127),(184,185,190),(184,190,189),(185,186,191),(185,191,190),(186,187,192),(186,192,191),(187,188,193),(187,193,192),(188,155,162),(188,162,193),(127,189,57),(127,57,50),(189,190,64),(189,64,57),(190,191,71),(190,71,64),(191,192,78),(191,78,71),(192,193,85),(192,85,78),(193,162,92),(193,92,85),(194,14,7),(105,194,7),(195,21,14),(194,195,14),(196,28,21),(195,196,21),(197,35,28),(196,197,28),(198,42,35),(197,198,35),(140,49,42),(198,140,42),(199,194,105),(112,199,105),(200,195,194),(199,200,194),(201,196,195),(200,201,195),(202,197,196),(201,202,196),(203,198,197),(202,203,197),(147,140,198),(203,147,198),(204,199,112),(119,204,112),(205,200,199),(204,205,199),(206,201,200),(205,206,200),(207,202,201),(206,207,201),(208,203,202),(207,208,202),(154,147,203),(208,154,203),(209,204,119),(126,209,119),(210,205,204),(209,210,204),(211,206,205),(210,211,205),(212,207,206),(211,212,206),(213,208,207),(212,213,207),(161,154,208),(213,161,208),(214,209,126),(133,214,126),(215,210,209),(214,215,209),(216,211,210),(215,216,210),(217,212,211),(216,217,211),(218,213,212),(217,218,212),(168,161,213),(218,168,213),(63,214,133),(56,63,133),(70,215,214),(63,70,214),(77,216,215),(70,77,215),(84,217,216),(77,84,216),(91,218,217),(84,91,217),(98,168,218),(91,98,218)),$);
#749=IFCCARTESIANPOINTLIST3D(((5959.641,3059.641,325.359),(5967.426,3067.426,383.333),(5967.426,3067.426,466.667),(5967.426,3067.426,550.),(5967.426,3067.426,633.333),(5967.426,3067.426,716.667),(5959.641,3059.641,774.641),(5967.426,2935.,317.574),(5985.,2935.,383.333),(5985.,2935.,466.667),(5985.,2935.,550.),(5985.,2935.,633.333),(5985.,2935.,716.667),(5967.426,2935.,782.426),(5967.426,2785.,317.574),(5985.,2785.,383.333),(5985.,2785.,466.667),(5985.,2785.,550.),(5985.,2785.,633.333),(5985.,2785.,716.667),(5967.426,2785.,782.426),(5967.426,2635.,317.574),(5985.,2635.,383.333),(5985.,2635.,466.667),(5985.,2635.,550.),(5985.,2635.,633.333),(5985.,2635.,716.667),(5967.426,2635.,782.426),(5967.426,2485.,317.574),(5985.,2485.,383.333),(5985.,2485.,466.667),(5985.,2485.,550.),(5985.,2485.,633.333),(5985.,2485.,716.667),(5967.426,2485.,782.426),(5967.426,2335.,317.574),(5985.,2335.,383.333),(5985.,2335.,466.667),(5985.,2335.,550.),(5985.,2335.,633.333),(5985.,2335.,716.667),(5967.426,2335.,782.426),(5959.641,2210.359,325.359),(5967.426,2202.574,383.333),(5967.426,2202.574,466.667),(5967.426,2202.574,550.),(5967.426,2202.574,633.333),(5967.426,2202.574,716.667),(5959.641,2210.359,774.641),(5830.359,3059.641,325.359),(5822.574,3067.426,383.333),(5822.574,3067.426,466.667),(5822.574,3067.426,550.),(5822.574,3067.426,633.333),(5822.574,3067.426,716.667),(5830.359,3059.641,774.641),(5822.574,2935.,317.574),(5805.,2935.,383.333),(5805.,2935.,466.667),(5805.,2935.,550.),(5805.,2935.,633.333),(5805.,2935.,716.667),(5822.574,2935.,782.426),(5822.574,2785.,317.574),(5805.,2785.,383.333),(5805.,2785.,466.667),(5805.,2785.,550.),(5805.,2785.,633.333),(5805.,2785.,716.667),(5822.574,2785.,782.426),(5822.574,2635.,317.574),(5805.,2635.,383.333),(5805.,2635.,466.667),(5805.,2635.,550.),(5805.,2635.,633.333),(5805.,2635.,716.667),(5822.574,2635.,782.426),(5822.574,2485.,317.574),(5805.,2485.,383.333),(5805.,2485.,466.667),(5805.,2485.,550.),(5805.,2485.,633.333),(5805.,2485.,716.667),(5822.574,2485.,782.426),(5822.574,2335.,317.574),(5805.,2335.,383.333),(5805.,2335.,466.667),(5805.,2335.,550.),(5805.,2335.,633.333),(5805.,2335.,716.667),(5822.574,2335.,782.426),(5830.359,2210.359,325.359),(5822.574,2202.574,383.333),(5822.574,2202.574,466.667),(5822.574,2202.574,550.),(5822.574,2202.574,633.333),(5822.574,2202.574,716.667),(5830.359,2210.359,774.641),(5945.,3065.,320.),(5951.833,3078.666,383.333),(5951.833,3078.666,466.667),(5951.833,3078.666,550.),(5951.833,3078.666,633.333),(5951.833,3078.666,716.667),(5945.,3065.,780.),(5925.,3067.426,317.574),(5925.,3085.,383.333),(5925.,3085.,466.667),(5925.,3085.,550.),(5925.,3085.,633.333),(5925.,3085.,716.667),(5925.,3067.426,782.426),(5895.,3067.426,317.574),(5895.,3085.,383.333),(5895.,3085.,466.667),(5895.,3085.,550.),(5895.,3085.,633.333),(5895.,3085.,716.667),(5895.,3067.426,782.426),(5865.,3067.426,317.574),(5865.,3085.,383.333),(5865.,3085.,466.667),(5865.,3085.,550.),(5865.,3085.,633.333),(5865.,3085.,716.667),(5865.,3067.426,782.426),(5845.,3065.,320.),(5838.167,3078.666,383.333),(5838.167,3078.666,466.667),(5838.167,3078.666,550.),(5838.167,3078.666,633.333),(5838.167,3078.666,716.667),(5845.,3065.,780.),(5945.,2205.,320.),(5951.833,2191.334,383.333),(5951.833,2191.334,466.667),(5951.833,2191.334,550.),(5951.833,2191.334,633.333),(5951.833,2191.334,716.667),(5945.,2205.,780.),(5925.,2202.574,317.574),(5925.,2185.,383.333),(5925.,2185.,466.667),(5925.,2185.,550.),(5925.,2185.,633.333),(5925.,2185.,716.667),(5925.,2202.574,782.426),(5895.,2202.574,317.574),(5895.,2185.,383.333),(5895.,2185.,466.667),(5895.,2185.,550.),(5895.,2185.,633.333),(5895.,2185.,716.667),(5895.,2202.574,782.426),(5865.,2202.574,317.574),(5865.,2185.,383.333),(5865.,2185.,466.667),(5865.,2185.,550.),(5865.,2185.,633.333),(5865.,2185.,716.667),(5865.,2202.574,782.426),(5845.,2205.,320.),(5838.167,2191.334,383.333),(5838.167,2191.334,466.667),(5838.167,2191.334,550.),(5838.167,2191.334,633.333),(5838.167,2191.334,716.667),(5845.,2205.,780.),(5951.833,2935.,306.334),(5951.833,2785.,306.334),(5951.833,2635.,306.334),(5951.833,2485.,306.334),(5951.833,2335.,306.334),(5925.,2935.,300.),(5925.,2785.,300.),(5925.,2635.,300.),(5925.,2485.,300.),(5925.,2335.,300.),(5895.,2935.,300.),(5895.,2785.,300.),(5895.,2635.,300.),(5895.,2485.,300.),(5895.,2335.,300.),(5865.,2935.,300.),(5865.,2785.,300.),(5865.,2635.,300.),(5865.,2485.,300.),(5865.,2335.,300.),(5838.167,2935.,306.334),(5838.167,2785.,306.334),(5838.167,2635.,306.334),(5838.167,2485.,306.334),(5838.167,2335.,306.334),(5951.833,2935.,793.666),(5951.833,2785.,793.666),(5951.833,2635.,793.666),(5951.833,2485.,793.666),(5951.833,2335.,793.666),(5925.,2935.,800.),(5925.,2785.,800.),(5925.,2635.,800.),(5925.,2485.,800.),(5925.,2335.,800.),(5895.,2935.,800.),(5895.,2785.,800.),(5895.,2635.,800.),(5895.,2485.,800.),(5895.,2335.,800.),(5865.,2935.,800.),(5865.,2785.,800.),(5865.,2635.,800.),(5865.,2485.,800.),(5865.,2335.,800.),(5838.167,2935.,793.666),(5838.167,2785.,793.666),(5838.167,2635.,793.666),(5838.167,2485.,793.666),(5838.167,2335.,793.666)));
#750=IFCTRIANGULATEDFACESET(#749,$,.T.,((1,2,9),(1,9,8),(2,3,10),(2,10,9),(3,4,11),(3,11,10),(4,5,12),(4,12,11),(5,6,13),(5,13,12),(6,7,14),(6,14,13),(8,9,16),(8,16,15),(9,10,17),(9,17,16),(10,11,18),(10,18,17),(11,12,19),(11,19,18),(12,13,20),(12,20,19),(13,14,21),(13,21,20),(15,16,23),(15,23,22),(16,17,24),(16,24,23),(17,18,25),(17,25,24),(18,19,26),(18,26,25),(19,20,27),(19,27,26),(20,21,28),(20,28,27),(22,23,30),(22,30,29),(23,24,31),(23,31,30),(24,25,32),(24,32,31),(25,26,33),(25,33,32),(26,27,34),(26,34,33),(27,28,35),(27,35,34),(29,30,37),(29,37,36),(30,31,38),(30,38,37),(31,32,39),(31,39,38),(32,33,40),(32,40,39),(33,34,41),(33,41,40),(34,35,42),(34,42,41),(36,37,44),(36,44,43),(37,38,45),(37,45,44),(38,39,46),(38,46,45),(39,40,47),(39,47,46),(40,41,48),(40,48,47),(41,42,49),(41,49,48),(58,51,50),(57,58,50),(59,52,51),(58,59,51),(60,53,52),(59,60,52),(61,54,53),(60,61,53),(62,55,54),(61,62,54),(63,56,55),(62,63,55),(65,58,57),(64,65,57),(66,59,58),(65,66,58),(67,60,59),(66,67,59),(68,61,60),(67,68,60),(69,62,61),(68,69,61),(70,63,62),(69,70,62),(72,65,64),(71,72,64),(73,66,65),(72,73,65),(74,67,66),(73,74,66),(75,68,67),(74,75,67),(76,69,68),(75,76,68),(77,70,69),(76,77,69),(79,72,71),(78,79,71),(80,73,72),(79,80,72),(81,74,73),(80,81,73),(82,75,74),(81,82,74),(83,76,75),(82,83,75),(84,77,76),(83,84,76),(86,79,78),(85,86,78),(87,80,79),(86,87,79),(88,81,80),(87,88,80),(89,82,81),(88,89,81),(90,83,82),(89,90,82),(91,84,83),(90,91,83),(93,86,85),(92,93,85),(94,87,86),(93,94,86),(95,88,87),(94,95,87),(96,89,88),(95,96,88),(97,90,89),(96,97,89),(98,91,90),(97,98,90),(100,2,1),(99,100,1),(101,3,2),(100,101,2),(102,4,3),(101,102,3),(103,5,4),(102,103,4),(104,6,5),(103,104,5),(105,7,6),(104,105,6),(107,100,99),(106,107,99),(108,101,100),(107,108,100),(109,102,101),(108,109,101),(110,103,102),(109,110,102),(111,104,103),(110,111,103),(112,105,104),(111,112,104),(114,107,106),(113,114,106),(115,108,107),(114,115,107),(116,109,108),(115,116,108),(117,110,109),(116,117,109),(118,111,110),(117,118,110),(119,112,111),(118,119,111),(121,114,113),(120,121,113),(122,115,114),(121,122,114),(123,116,115),(122,123,115),(124,117,116),(123,124,116),(125,118,117),(124,125,117),(126,119,118),(125,126,118),(128,121,120),(127,128,120),(129,122,121),(128,129,121),(130,123,122),(129,130,122),(131,124,123),(130,131,123),(132,125,124),(131,132,124),(133,126,125),(132,133,125),(51,128,127),(50,51,127),(52,129,128),(51,52,128),(53,130,129),(52,53,129),(54,131,130),(53,54,130),(55,132,131),(54,55,131),(56,133,132),(55,56,132),(43,44,135),(43,135,134),(44,45,136),(44,136,135),(45,46,137),(45,137,136),(46,47,138),(46,138,137),(47,48,139),(47,139,138),(48,49,140),(48,140,139),(134,135,142),(134,142,141),(135,136,143),(135,143,142),(136,137,144),(136,144,143),(137,138,145),(137,145,144),(138,139,146),(138,146,145),(139,140,147),(139,147,146),(141,142,149),(141,149,148),(142,143,150),(142,150,149),(143,144,151),(143,151,150),(144,145,152),(144,152,151),(145,146,153),(145,153,152),(146,147,154),(146,154,153),(148,149,156),(148,156,155),(149,150,157),(149,157,156),(150,151,158),(150,158,157),(151,152,159),(151,159,158),(152,153,160),(152,160,159),(153,154,161),(153,161,160),(155,156,163),(155,163,162),(156,157,164),(156,164,163),(157,158,165),(157,165,164),(158,159,166),(158,166,165),(159,160,167),(159,167,166),(160,161,168),(160,168,167),(162,163,93),(162,93,92),(163,164,94),(163,94,93),(164,165,95),(164,95,94),(165,166,96),(165,96,95),(166,167,97),(166,97,96),(167,168,98),(167,98,97),(1,8,169),(1,169,99),(8,15,170),(8,170,169),(15,22,171),(15,171,170),(22,29,172),(22,172,171),(29,36,173),(29,173,172),(36,43,134),(36,134,173),(99,169,174),(99,174,106),(169,170,175),(169,175,174),(170,171,176),(170,176,175),(171,172,177),(171,177,176),(172,173,178),(172,178,177),(173,134,141),(173,141,178),(106,174,179),(106,179,113),(174,175,180),(174,180,179),(175,176,181),(175,181,180),(176,177,182),(176,182,181),(177,178,183),(177,183,182),(178,141,148),(178,148,183),(113,179,184),(113,184,120),(179,180,185),(179,185,184),(180,181,186),(180,186,185),(181,182,187),(181,187,186),(182,183,188),(182,188,187),(183,148,155),(183,155,188),(120,184,189),(120,189,127),(184,185,190),(184,190,189),(185,186,191),(185,191,190),(186,187,192),(186,192,191),(187,188,193),(187,193,192),(188,155,162),(188,162,193),(127,189,57),(127,57,50),(189,190,64),(189,64,57),(190,191,71),(190,71,64),(191,192,78),(191,78,71),(192,193,85),(192,85,78),(193,162,92),(193,92,85),(194,14,7),(105,194,7),(195,21,14),(194,195,14),(196,28,21),(195,196,21),(197,35,28),(196,197,28),(198,42,35),(197,198,35),(140,49,42),(198,140,42),(199,194,105),(112,199,105),(200,195,194),(199,200,194),(201,196,195),(200,201,195),(202,197,196),(201,202,196),(203,198,197),(202,203,197),(147,140,198),(203,147,198),(204,199,112),(119,204,112),(205,200,199),(204,205,199),(206,201,200),(205,206,200),(207,202,201),(206,207,201),(208,203,202),(207,208,202),(154,147,203),(208,154,203),(209,204,119),(126,209,119),(210,205,204),(209,210,204),(211,206,205),(210,211,205),(212,207,206),(211,212,206),(213,208,207),(212,213,207),(161,154,208),(213,161,208),(214,209,126),(133,214,126),(215,210,209),(214,215,209),(216,211,210),(215,216,210),(217,212,211),(216,217,211),(218,213,212),(217,218,212),(168,161,213),(218,168,213),(63,214,133),(56,63,133),(70,215,214),(63,70,214),(77,216,215),(70,77,215),(84,217,216),(77,84,216),(91,218,217),(84,91,217),(98,168,218),(91,98,218)),$);
#751=IFCCARTESIANPOINTLIST3D(((4519.641,3059.641,325.359),(4527.426,3067.426,383.333),(4527.426,3067.426,466.667),(4527.426,3067.426,550.),(4527.426,3067.426,633.333),(4527.426,3067.426,716.667),(4519.641,3059.641,774.641),(4527.426,2935.,317.574),(4545.,2935.,383.333),(4545.,2935.,466.667),(4545.,2935.,550.),(4545.,2935.,633.333),(4545.,2935.,716.667),(4527.426,2935.,782.426),(4527.426,2785.,317.574),(4545.,2785.,383.333),(4545.,2785.,466.667),(4545.,2785.,550.),(4545.,2785.,633.333),(4545.,2785.,716.667),(4527.426,2785.,782.426),(4527.426,2635.,317.574),(4545.,2635.,383.333),(4545.,2635.,466.667),(4545.,2635.,550.),(4545.,2635.,633.333),(4545.,2635.,716.667),(4527.426,2635.,782.426),(4527.426,2485.,317.574),(4545.,2485.,383.333),(4545.,2485.,466.667),(4545.,2485.,550.),(4545.,2485.,633.333),(4545.,2485.,716.667),(4527.426,2485.,782.426),(4527.426,2335.,317.574),(4545.,2335.,383.333),(4545.,2335.,466.667),(4545.,2335.,550.),(4545.,2335.,633.333),(4545.,2335.,716.667),(4527.426,2335.,782.426),(4519.641,2210.359,325.359),(4527.426,2202.574,383.333),(4527.426,2202.574,466.667),(4527.426,2202.574,550.),(4527.426,2202.574,633.333),(4527.426,2202.574,716.667),(4519.641,2210.359,774.641),(4390.359,3059.641,325.359),(4382.574,3067.426,383.333),(4382.574,3067.426,466.667),(4382.574,3067.426,550.),(4382.574,3067.426,633.333),(4382.574,3067.426,716.667),(4390.359,3059.641,774.641),(4382.574,2935.,317.574),(4365.,2935.,383.333),(4365.,2935.,466.667),(4365.,2935.,550.),(4365.,2935.,633.333),(4365.,2935.,716.667),(4382.574,2935.,782.426),(4382.574,2785.,317.574),(4365.,2785.,383.333),(4365.,2785.,466.667),(4365.,2785.,550.),(4365.,2785.,633.333),(4365.,2785.,716.667),(4382.574,2785.,782.426),(4382.574,2635.,317.574),(4365.,2635.,383.333),(4365.,2635.,466.667),(4365.,2635.,550.),(4365.,2635.,633.333),(4365.,2635.,716.667),(4382.574,2635.,782.426),(4382.574,2485.,317.574),(4365.,2485.,383.333),(4365.,2485.,466.667),(4365.,2485.,550.),(4365.,2485.,633.333),(4365.,2485.,716.667),(4382.574,2485.,782.426),(4382.574,2335.,317.574),(4365.,2335.,383.333),(4365.,2335.,466.667),(4365.,2335.,550.),(4365.,2335.,633.333),(4365.,2335.,716.667),(4382.574,2335.,782.426),(4390.359,2210.359,325.359),(4382.574,2202.574,383.333),(4382.574,2202.574,466.667),(4382.574,2202.574,550.),(4382.574,2202.574,633.333),(4382.574,2202.574,716.667),(4390.359,2210.359,774.641),(4505.,3065.,320.),(4511.833,3078.666,383.333),(4511.833,3078.666,466.667),(4511.833,3078.666,550.),(4511.833,3078.666,633.333),(4511.833,3078.666,716.667),(4505.,3065.,780.),(4485.,3067.426,317.574),(4485.,3085.,383.333),(4485.,3085.,466.667),(4485.,3085.,550.),(4485.,3085.,633.333),(4485.,3085.,716.667),(4485.,3067.426,782.426),(4455.,3067.426,317.574),(4455.,3085.,383.333),(4455.,3085.,466.667),(4455.,3085.,550.),(4455.,3085.,633.333),(4455.,3085.,716.667),(4455.,3067.426,782.426),(4425.,3067.426,317.574),(4425.,3085.,383.333),(4425.,3085.,466.667),(4425.,3085.,550.),(4425.,3085.,633.333),(4425.,3085.,716.667),(4425.,3067.426,782.426),(4405.,3065.,320.),(4398.167,3078.666,383.333),(4398.167,3078.666,466.667),(4398.167,3078.666,550.),(4398.167,3078.666,633.333),(4398.167,3078.666,716.667),(4405.,3065.,780.),(4505.,2205.,320.),(4511.833,2191.334,383.333),(4511.833,2191.334,466.667),(4511.833,2191.334,550.),(4511.833,2191.334,633.333),(4511.833,2191.334,716.667),(4505.,2205.,780.),(4485.,2202.574,317.574),(4485.,2185.,383.333),(4485.,2185.,466.667),(4485.,2185.,550.),(4485.,2185.,633.333),(4485.,2185.,716.667),(4485.,2202.574,782.426),(4455.,2202.574,317.574),(4455.,2185.,383.333),(4455.,2185.,466.667),(4455.,2185.,550.),(4455.,2185.,633.333),(4455.,2185.,716.667),(4455.,2202.574,782.426),(4425.,2202.574,317.574),(4425.,2185.,383.333),(4425.,2185.,466.667),(4425.,2185.,550.),(4425.,2185.,633.333),(4425.,2185.,716.667),(4425.,2202.574,782.426),(4405.,2205.,320.),(4398.167,2191.334,383.333),(4398.167,2191.334,466.667),(4398.167,2191.334,550.),(4398.167,2191.334,633.333),(4398.167,2191.334,716.667),(4405.,2205.,780.),(4511.833,2935.,306.334),(4511.833,2785.,306.334),(4511.833,2635.,306.334),(4511.833,2485.,306.334),(4511.833,2335.,306.334),(4485.,2935.,300.),(4485.,2785.,300.),(4485.,2635.,300.),(4485.,2485.,300.),(4485.,2335.,300.),(4455.,2935.,300.),(4455.,2785.,300.),(4455.,2635.,300.),(4455.,2485.,300.),(4455.,2335.,300.),(4425.,2935.,300.),(4425.,2785.,300.),(4425.,2635.,300.),(4425.,2485.,300.),(4425.,2335.,300.),(4398.167,2935.,306.334),(4398.167,2785.,306.334),(4398.167,2635.,306.334),(4398.167,2485.,306.334),(4398.167,2335.,306.334),(4511.833,2935.,793.666),(4511.833,2785.,793.666),(4511.833,2635.,793.666),(4511.833,2485.,793.666),(4511.833,2335.,793.666),(4485.,2935.,800.),(4485.,2785.,800.),(4485.,2635.,800.),(4485.,2485.,800.),(4485.,2335.,800.),(4455.,2935.,800.),(4455.,2785.,800.),(4455.,2635.,800.),(4455.,2485.,800.),(4455.,2335.,800.),(4425.,2935.,800.),(4425.,2785.,800.),(4425.,2635.,800.),(4425.,2485.,800.),(4425.,2335.,800.),(4398.167,2935.,793.666),(4398.167,2785.,793.666),(4398.167,2635.,793.666),(4398.167,2485.,793.666),(4398.167,2335.,793.666)));
#752=IFCTRIANGULATEDFACESET(#751,$,.T.,((1,2,9),(1,9,8),(2,3,10),(2,10,9),(3,4,11),(3,11,10),(4,5,12),(4,12,11),(5,6,13),(5,13,12),(6,7,14),(6,14,13),(8,9,16),(8,16,15),(9,10,17),(9,17,16),(10,11,18),(10,18,17),(11,12,19),(11,19,18),(12,13,20),(12,20,19),(13,14,21),(13,21,20),(15,16,23),(15,23,22),(16,17,24),(16,24,23),(17,18,25),(17,25,24),(18,19,26),(18,26,25),(19,20,27),(19,27,26),(20,21,28),(20,28,27),(22,23,30),(22,30,29),(23,24,31),(23,31,30),(24,25,32),(24,32,31),(25,26,33),(25,33,32),(26,27,34),(26,34,33),(27,28,35),(27,35,34),(29,30,37),(29,37,36),(30,31,38),(30,38,37),(31,32,39),(31,39,38),(32,33,40),(32,40,39),(33,34,41),(33,41,40),(34,35,42),(34,42,41),(36,37,44),(36,44,43),(37,38,45),(37,45,44),(38,39,46),(38,46,45),(39,40,47),(39,47,46),(40,41,48),(40,48,47),(41,42,49),(41,49,48),(58,51,50),(57,58,50),(59,52,51),(58,59,51),(60,53,52),(59,60,52),(61,54,53),(60,61,53),(62,55,54),(61,62,54),(63,56,55),(62,63,55),(65,58,57),(64,65,57),(66,59,58),(65,66,58),(67,60,59),(66,67,59),(68,61,60),(67,68,60),(69,62,61),(68,69,61),(70,63,62),(69,70,62),(72,65,64),(71,72,64),(73,66,65),(72,73,65),(74,67,66),(73,74,66),(75,68,67),(74,75,67),(76,69,68),(75,76,68),(77,70,69),(76,77,69),(79,72,71),(78,79,71),(80,73,72),(79,80,72),(81,74,73),(80,81,73),(82,75,74),(81,82,74),(83,76,75),(82,83,75),(84,77,76),(83,84,76),(86,79,78),(85,86,78),(87,80,79),(86,87,79),(88,81,80),(87,88,80),(89,82,81),(88,89,81),(90,83,82),(89,90,82),(91,84,83),(90,91,83),(93,86,85),(92,93,85),(94,87,86),(93,94,86),(95,88,87),(94,95,87),(96,89,88),(95,96,88),(97,90,89),(96,97,89),(98,91,90),(97,98,90),(100,2,1),(99,100,1),(101,3,2),(100,101,2),(102,4,3),(101,102,3),(103,5,4),(102,103,4),(104,6,5),(103,104,5),(105,7,6),(104,105,6),(107,100,99),(106,107,99),(108,101,100),(107,108,100),(109,102,101),(108,109,101),(110,103,102),(109,110,102),(111,104,103),(110,111,103),(112,105,104),(111,112,104),(114,107,106),(113,114,106),(115,108,107),(114,115,107),(116,109,108),(115,116,108),(117,110,109),(116,117,109),(118,111,110),(117,118,110),(119,112,111),(118,119,111),(121,114,113),(120,121,113),(122,115,114),(121,122,114),(123,116,115),(122,123,115),(124,117,116),(123,124,116),(125,118,117),(124,125,117),(126,119,118),(125,126,118),(128,121,120),(127,128,120),(129,122,121),(128,129,121),(130,123,122),(129,130,122),(131,124,123),(130,131,123),(132,125,124),(131,132,124),(133,126,125),(132,133,125),(51,128,127),(50,51,127),(52,129,128),(51,52,128),(53,130,129),(52,53,129),(54,131,130),(53,54,130),(55,132,131),(54,55,131),(56,133,132),(55,56,132),(43,44,135),(43,135,134),(44,45,136),(44,136,135),(45,46,137),(45,137,136),(46,47,138),(46,138,137),(47,48,139),(47,139,138),(48,49,140),(48,140,139),(134,135,142),(134,142,141),(135,136,143),(135,143,142),(136,137,144),(136,144,143),(137,138,145),(137,145,144),(138,139,146),(138,146,145),(139,140,147),(139,147,146),(141,142,149),(141,149,148),(142,143,150),(142,150,149),(143,144,151),(143,151,150),(144,145,152),(144,152,151),(145,146,153),(145,153,152),(146,147,154),(146,154,153),(148,149,156),(148,156,155),(149,150,157),(149,157,156),(150,151,158),(150,158,157),(151,152,159),(151,159,158),(152,153,160),(152,160,159),(153,154,161),(153,161,160),(155,156,163),(155,163,162),(156,157,164),(156,164,163),(157,158,165),(157,165,164),(158,159,166),(158,166,165),(159,160,167),(159,167,166),(160,161,168),(160,168,167),(162,163,93),(162,93,92),(163,164,94),(163,94,93),(164,165,95),(164,95,94),(165,166,96),(165,96,95),(166,167,97),(166,97,96),(167,168,98),(167,98,97),(1,8,169),(1,169,99),(8,15,170),(8,170,169),(15,22,171),(15,171,170),(22,29,172),(22,172,171),(29,36,173),(29,173,172),(36,43,134),(36,134,173),(99,169,174),(99,174,106),(169,170,175),(169,175,174),(170,171,176),(170,176,175),(171,172,177),(171,177,176),(172,173,178),(172,178,177),(173,134,141),(173,141,178),(106,174,179),(106,179,113),(174,175,180),(174,180,179),(175,176,181),(175,181,180),(176,177,182),(176,182,181),(177,178,183),(177,183,182),(178,141,148),(178,148,183),(113,179,184),(113,184,120),(179,180,185),(179,185,184),(180,181,186),(180,186,185),(181,182,187),(181,187,186),(182,183,188),(182,188,187),(183,148,155),(183,155,188),(120,184,189),(120,189,127),(184,185,190),(184,190,189),(185,186,191),(185,191,190),(186,187,192),(186,192,191),(187,188,193),(187,193,192),(188,155,162),(188,162,193),(127,189,57),(127,57,50),(189,190,64),(189,64,57),(190,191,71),(190,71,64),(191,192,78),(191,78,71),(192,193,85),(192,85,78),(193,162,92),(193,92,85),(194,14,7),(105,194,7),(195,21,14),(194,195,14),(196,28,21),(195,196,21),(197,35,28),(196,197,28),(198,42,35),(197,198,35),(140,49,42),(198,140,42),(199,194,105),(112,199,105),(200,195,194),(199,200,194),(201,196,195),(200,201,195),(202,197,196),(201,202,196),(203,198,197),(202,203,197),(147,140,198),(203,147,198),(204,199,112),(119,204,112),(205,200,199),(204,205,199),(206,201,200),(205,206,200),(207,202,201),(206,207,201),(208,203,202),(207,208,202),(154,147,203),(208,154,203),(209,204,119),(126,209,119),(210,205,204),(209,210,204),(211,206,205),(210,211,205),(212,207,206),(211,212,206),(213,208,207),(212,213,207),(161,154,208),(213,161,208),(214,209,126),(133,214,126),(215,210,209),(214,215,209),(216,211,210),(215,216,210),(217,212,211),(216,217,211),(218,213,212),(217,218,212),(168,161,213),(218,168,213),(63,214,133),(56,63,133),(70,215,214),(63,70,214),(77,216,215),(70,77,215),(84,217,216),(77,84,216),(91,218,217),(84,91,217),(98,168,218),(91,98,218)),$);
#753=IFCCARTESIANPOINTLIST3D(((5685.087667,2896.754,383.246),(5690.797667,2902.465,400.241),(5692.224667,2903.891,426.667),(5692.224667,2903.891,460.),(5692.224667,2903.891,493.333),(5690.797667,2902.465,519.759),(5685.087667,2896.754,536.754),(5692.224667,2805.,376.109),(5704.505667,2805.,394.841),(5708.333667,2805.,426.667),(5708.333667,2805.,460.),(5708.333667,2805.,493.333),(5704.505667,2805.,525.159),(5692.224667,2805.,543.891),(5692.224667,2690.,376.109),(5704.505667,2690.,394.841),(5708.333667,2690.,426.667),(5708.333667,2690.,460.),(5708.333667,2690.,493.333),(5704.505667,2690.,525.159),(5692.224667,2690.,543.891),(5692.224667,2575.,376.109),(5704.505667,2575.,394.841),(5708.333667,2575.,426.667),(5708.333667,2575.,460.),(5708.333667,2575.,493.333),(5704.505667,2575.,525.159),(5692.224667,2575.,543.891),(5692.224667,2460.,376.109),(5704.505667,2460.,394.841),(5708.333667,2460.,426.667),(5708.333667,2460.,460.),(5708.333667,2460.,493.333),(5704.505667,2460.,525.159),(5692.224667,2460.,543.891),(5692.224667,2345.,376.109),(5704.505667,2345.,394.841),(5708.333667,2345.,426.667),(5708.333667,2345.,460.),(5708.333667,2345.,493.333),(5704.505667,2345.,525.159),(5692.224667,2345.,543.891),(5685.087667,2253.246,383.246),(5690.797667,2247.535,400.241),(5692.224667,2246.109,426.667),(5692.224667,2246.109,460.),(5692.224667,2246.109,493.333),(5690.797667,2247.535,519.759),(5685.087667,2253.246,536.754),(5378.245667,2896.754,383.246),(5372.535667,2902.465,400.241),(5371.108667,2903.891,426.667),(5371.108667,2903.891,460.),(5371.108667,2903.891,493.333),(5372.535667,2902.465,519.759),(5378.245667,2896.754,536.754),(5371.108667,2805.,376.109),(5358.827667,2805.,394.841),(5354.999667,2805.,426.667),(5354.999667,2805.,460.),(5354.999667,2805.,493.333),(5358.827667,2805.,525.159),(5371.108667,2805.,543.891),(5371.108667,2690.,376.109),(5358.827667,2690.,394.841),(5354.999667,2690.,426.667),(5354.999667,2690.,460.),(5354.999667,2690.,493.333),(5358.827667,2690.,525.159),(5371.108667,2690.,543.891),(5371.108667,2575.,376.109),(5358.827667,2575.,394.841),(5354.999667,2575.,426.667),(5354.999667,2575.,460.),(5354.999667,2575.,493.333),(5358.827667,2575.,525.159),(5371.108667,2575.,543.891),(5371.108667,2460.,376.109),(5358.827667,2460.,394.841),(5354.999667,2460.,426.667),(5354.999667,2460.,460.),(5354.999667,2460.,493.333),(5358.827667,2460.,525.159),(5371.108667,2460.,543.891),(5371.108667,2345.,376.109),(5358.827667,2345.,394.841),(5354.999667,2345.,426.667),(5354.999667,2345.,460.),(5354.999667,2345.,493.333),(5358.827667,2345.,525.159),(5371.108667,2345.,543.891),(5378.245667,2253.246,383.246),(5372.535667,2247.535,400.241),(5371.108667,2246.109,426.667),(5371.108667,2246.109,460.),(5371.108667,2246.109,493.333),(5372.535667,2247.535,519.759),(5378.245667,2253.246,536.754),(5649.444667,2903.891,376.109),(5649.444667,2916.172,394.841),(5649.444667,2920.,426.667),(5649.444667,2920.,460.),(5649.444667,2920.,493.333),(5649.444667,2916.172,525.159),(5649.444667,2903.891,543.891),(5590.555667,2903.891,376.109),(5590.555667,2916.172,394.841),(5590.555667,2920.,426.667),(5590.555667,2920.,460.),(5590.555667,2920.,493.333),(5590.555667,2916.172,525.159),(5590.555667,2903.891,543.891),(5531.666667,2903.891,376.109),(5531.666667,2916.172,394.841),(5531.666667,2920.,426.667),(5531.666667,2920.,460.),(5531.666667,2920.,493.333),(5531.666667,2916.172,525.159),(5531.666667,2903.891,543.891),(5472.777667,2903.891,376.109),(5472.777667,2916.172,394.841),(5472.777667,2920.,426.667),(5472.777667,2920.,460.),(5472.777667,2920.,493.333),(5472.777667,2916.172,525.159),(5472.777667,2903.891,543.891),(5413.888667,2903.891,376.109),(5413.888667,2916.172,394.841),(5413.888667,2920.,426.667),(5413.888667,2920.,460.),(5413.888667,2920.,493.333),(5413.888667,2916.172,525.159),(5413.888667,2903.891,543.891),(5649.444667,2246.109,376.109),(5649.444667,2233.828,394.841),(5649.444667,2230.,426.667),(5649.444667,2230.,460.),(5649.444667,2230.,493.333),(5649.444667,2233.828,525.159),(5649.444667,2246.109,543.891),(5590.555667,2246.109,376.109),(5590.555667,2233.828,394.841),(5590.555667,2230.,426.667),(5590.555667,2230.,460.),(5590.555667,2230.,493.333),(5590.555667,2233.828,525.159),(5590.555667,2246.109,543.891),(5531.666667,2246.109,376.109),(5531.666667,2233.828,394.841),(5531.666667,2230.,426.667),(5531.666667,2230.,460.),(5531.666667,2230.,493.333),(5531.666667,2233.828,525.159),(5531.666667,2246.109,543.891),(5472.777667,2246.109,376.109),(5472.777667,2233.828,394.841),(5472.777667,2230.,426.667),(5472.777667,2230.,460.),(5472.777667,2230.,493.333),(5472.777667,2233.828,525.159),(5472.777667,2246.109,543.891),(5413.888667,2246.109,376.109),(5413.888667,2233.828,394.841),(5413.888667,2230.,426.667),(5413.888667,2230.,460.),(5413.888667,2230.,493.333),(5413.888667,2233.828,525.159),(5413.888667,2246.109,543.891),(5649.444667,2805.,360.),(5649.444667,2690.,360.),(5649.444667,2575.,360.),(5649.444667,2460.,360.),(5649.444667,2345.,360.),(5590.555667,2805.,360.),(5590.555667,2690.,360.),(5590.555667,2575.,360.),(5590.555667,2460.,360.),(5590.555667,2345.,360.),(5531.666667,2805.,360.),(5531.666667,2690.,360.),(5531.666667,2575.,360.),(5531.666667,2460.,360.),(5531.666667,2345.,360.),(5472.777667,2805.,360.),(5472.777667,2690.,360.),(5472.777667,2575.,360.),(5472.777667,2460.,360.),(5472.777667,2345.,360.),(5413.888667,2805.,360.),(5413.888667,2690.,360.),(5413.888667,2575.,360.),(5413.888667,2460.,360.),(5413.888667,2345.,360.),(5649.444667,2805.,560.),(5649.444667,2690.,560.),(5649.444667,2575.,560.),(5649.444667,2460.,560.),(5649.444667,2345.,560.),(5590.555667,2805.,560.),(5590.555667,2690.,560.),(5590.555667,2575.,560.),(5590.555667,2460.,560.),(5590.555667,2345.,560.),(5531.666667,2805.,560.),(5531.666667,2690.,560.),(5531.666667,2575.,560.),(5531.666667,2460.,560.),(5531.666667,2345.,560.),(5472.777667,2805.,560.),(5472.777667,2690.,560.),(5472.777667,2575.,560.),(5472.777667,2460.,560.),(5472.777667,2345.,560.),(5413.888667,2805.,560.),(5413.888667,2690.,560.),(5413.888667,2575.,560.),(5413.888667,2460.,560.),(5413.888667,2345.,560.)));
#754=IFCTRIANGULATEDFACESET(#753,$,.T.,((1,2,9),(1,9,8),(2,3,10),(2,10,9),(3,4,11),(3,11,10),(4,5,12),(4,12,11),(5,6,13),(5,13,12),(6,7,14),(6,14,13),(8,9,16),(8,16,15),(9,10,17),(9,17,16),(10,11,18),(10,18,17),(11,12,19),(11,19,18),(12,13,20),(12,20,19),(13,14,21),(13,21,20),(15,16,23),(15,23,22),(16,17,24),(16,24,23),(17,18,25),(17,25,24),(18,19,26),(18,26,25),(19,20,27),(19,27,26),(20,21,28),(20,28,27),(22,23,30),(22,30,29),(23,24,31),(23,31,30),(24,25,32),(24,32,31),(25,26,33),(25,33,32),(26,27,34),(26,34,33),(27,28,35),(27,35,34),(29,30,37),(29,37,36),(30,31,38),(30,38,37),(31,32,39),(31,39,38),(32,33,40),(32,40,39),(33,34,41),(33,41,40),(34,35,42),(34,42,41),(36,37,44),(36,44,43),(37,38,45),(37,45,44),(38,39,46),(38,46,45),(39,40,47),(39,47,46),(40,41,48),(40,48,47),(41,42,49),(41,49,48),(58,51,50),(57,58,50),(59,52,51),(58,59,51),(60,53,52),(59,60,52),(61,54,53),(60,61,53),(62,55,54),(61,62,54),(63,56,55),(62,63,55),(65,58,57),(64,65,57),(66,59,58),(65,66,58),(67,60,59),(66,67,59),(68,61,60),(67,68,60),(69,62,61),(68,69,61),(70,63,62),(69,70,62),(72,65,64),(71,72,64),(73,66,65),(72,73,65),(74,67,66),(73,74,66),(75,68,67),(74,75,67),(76,69,68),(75,76,68),(77,70,69),(76,77,69),(79,72,71),(78,79,71),(80,73,72),(79,80,72),(81,74,73),(80,81,73),(82,75,74),(81,82,74),(83,76,75),(82,83,75),(84,77,76),(83,84,76),(86,79,78),(85,86,78),(87,80,79),(86,87,79),(88,81,80),(87,88,80),(89,82,81),(88,89,81),(90,83,82),(89,90,82),(91,84,83),(90,91,83),(93,86,85),(92,93,85),(94,87,86),(93,94,86),(95,88,87),(94,95,87),(96,89,88),(95,96,88),(97,90,89),(96,97,89),(98,91,90),(97,98,90),(100,2,1),(99,100,1),(101,3,2),(100,101,2),(102,4,3),(101,102,3),(103,5,4),(102,103,4),(104,6,5),(103,104,5),(105,7,6),(104,105,6),(107,100,99),(106,107,99),(108,101,100),(107,108,100),(109,102,101),(108,109,101),(110,103,102),(109,110,102),(111,104,103),(110,111,103),(112,105,104),(111,112,104),(114,107,106),(113,114,106),(115,108,107),(114,115,107),(116,109,108),(115,116,108),(117,110,109),(116,117,109),(118,111,110),(117,118,110),(119,112,111),(118,119,111),(121,114,113),(120,121,113),(122,115,114),(121,122,114),(123,116,115),(122,123,115),(124,117,116),(123,124,116),(125,118,117),(124,125,117),(126,119,118),(125,126,118),(128,121,120),(127,128,120),(129,122,121),(128,129,121),(130,123,122),(129,130,122),(131,124,123),(130,131,123),(132,125,124),(131,132,124),(133,126,125),(132,133,125),(51,128,127),(50,51,127),(52,129,128),(51,52,128),(53,130,129),(52,53,129),(54,131,130),(53,54,130),(55,132,131),(54,55,131),(56,133,132),(55,56,132),(43,44,135),(43,135,134),(44,45,136),(44,136,135),(45,46,137),(45,137,136),(46,47,138),(46,138,137),(47,48,139),(47,139,138),(48,49,140),(48,140,139),(134,135,142),(134,142,141),(135,136,143),(135,143,142),(136,137,144),(136,144,143),(137,138,145),(137,145,144),(138,139,146),(138,146,145),(139,140,147),(139,147,146),(141,142,149),(141,149,148),(142,143,150),(142,150,149),(143,144,151),(143,151,150),(144,145,152),(144,152,151),(145,146,153),(145,153,152),(146,147,154),(146,154,153),(148,149,156),(148,156,155),(149,150,157),(149,157,156),(150,151,158),(150,158,157),(151,152,159),(151,159,158),(152,153,160),(152,160,159),(153,154,161),(153,161,160),(155,156,163),(155,163,162),(156,157,164),(156,164,163),(157,158,165),(157,165,164),(158,159,166),(158,166,165),(159,160,167),(159,167,166),(160,161,168),(160,168,167),(162,163,93),(162,93,92),(163,164,94),(163,94,93),(164,165,95),(164,95,94),(165,166,96),(165,96,95),(166,167,97),(166,97,96),(167,168,98),(167,98,97),(1,8,169),(1,169,99),(8,15,170),(8,170,169),(15,22,171),(15,171,170),(22,29,172),(22,172,171),(29,36,173),(29,173,172),(36,43,134),(36,134,173),(99,169,174),(99,174,106),(169,170,175),(169,175,174),(170,171,176),(170,176,175),(171,172,177),(171,177,176),(172,173,178),(172,178,177),(173,134,141),(173,141,178),(106,174,179),(106,179,113),(174,175,180),(174,180,179),(175,176,181),(175,181,180),(176,177,182),(176,182,181),(177,178,183),(177,183,182),(178,141,148),(178,148,183),(113,179,184),(113,184,120),(179,180,185),(179,185,184),(180,181,186),(180,186,185),(181,182,187),(181,187,186),(182,183,188),(182,188,187),(183,148,155),(183,155,188),(120,184,189),(120,189,127),(184,185,190),(184,190,189),(185,186,191),(185,191,190),(186,187,192),(186,192,191),(187,188,193),(187,193,192),(188,155,162),(188,162,193),(127,189,57),(127,57,50),(189,190,64),(189,64,57),(190,191,71),(190,71,64),(191,192,78),(191,78,71),(192,193,85),(192,85,78),(193,162,92),(193,92,85),(194,14,7),(105,194,7),(195,21,14),(194,195,14),(196,28,21),(195,196,21),(197,35,28),(196,197,28),(198,42,35),(197,198,35),(140,49,42),(198,140,42),(199,194,105),(112,199,105),(200,195,194),(199,200,194),(201,196,195),(200,201,195),(202,197,196),(201,202,196),(203,198,197),(202,203,197),(147,140,198),(203,147,198),(204,199,112),(119,204,112),(205,200,199),(204,205,199),(206,201,200),(205,206,200),(207,202,201),(206,207,201),(208,203,202),(207,208,202),(154,147,203),(208,154,203),(209,204,119),(126,209,119),(210,205,204),(209,210,204),(211,206,205),(210,211,205),(212,207,206),(211,212,206),(213,208,207),(212,213,207),(161,154,208),(213,161,208),(214,209,126),(133,214,126),(215,210,209),(214,215,209),(216,211,210),(215,216,210),(217,212,211),(216,217,211),(218,213,212),(217,218,212),(168,161,213),(218,168,213),(63,214,133),(56,63,133),(70,215,214),(63,70,214),(77,216,215),(70,77,215),(84,217,216),(77,84,216),(91,218,217),(84,91,217),(98,168,218),(91,98,218)),$);
#755=IFCCARTESIANPOINTLIST3D(((5318.421,2896.754,383.246),(5324.131,2902.465,400.241),(5325.558,2903.891,426.667),(5325.558,2903.891,460.),(5325.558,2903.891,493.333),(5324.131,2902.465,519.759),(5318.421,2896.754,536.754),(5325.558,2805.,376.109),(5337.839,2805.,394.841),(5341.667,2805.,426.667),(5341.667,2805.,460.),(5341.667,2805.,493.333),(5337.839,2805.,525.159),(5325.558,2805.,543.891),(5325.558,2690.,376.109),(5337.839,2690.,394.841),(5341.667,2690.,426.667),(5341.667,2690.,460.),(5341.667,2690.,493.333),(5337.839,2690.,525.159),(5325.558,2690.,543.891),(5325.558,2575.,376.109),(5337.839,2575.,394.841),(5341.667,2575.,426.667),(5341.667,2575.,460.),(5341.667,2575.,493.333),(5337.839,2575.,525.159),(5325.558,2575.,543.891),(5325.558,2460.,376.109),(5337.839,2460.,394.841),(5341.667,2460.,426.667),(5341.667,2460.,460.),(5341.667,2460.,493.333),(5337.839,2460.,525.159),(5325.558,2460.,543.891),(5325.558,2345.,376.109),(5337.839,2345.,394.841),(5341.667,2345.,426.667),(5341.667,2345.,460.),(5341.667,2345.,493.333),(5337.839,2345.,525.159),(5325.558,2345.,543.891),(5318.421,2253.246,383.246),(5324.131,2247.535,400.241),(5325.558,2246.109,426.667),(5325.558,2246.109,460.),(5325.558,2246.109,493.333),(5324.131,2247.535,519.759),(5318.421,2253.246,536.754),(5011.579,2896.754,383.246),(5005.869,2902.465,400.241),(5004.442,2903.891,426.667),(5004.442,2903.891,460.),(5004.442,2903.891,493.333),(5005.869,2902.465,519.759),(5011.579,2896.754,536.754),(5004.442,2805.,376.109),(4992.161,2805.,394.841),(4988.333,2805.,426.667),(4988.333,2805.,460.),(4988.333,2805.,493.333),(4992.161,2805.,525.159),(5004.442,2805.,543.891),(5004.442,2690.,376.109),(4992.161,2690.,394.841),(4988.333,2690.,426.667),(4988.333,2690.,460.),(4988.333,2690.,493.333),(4992.161,2690.,525.159),(5004.442,2690.,543.891),(5004.442,2575.,376.109),(4992.161,2575.,394.841),(4988.333,2575.,426.667),(4988.333,2575.,460.),(4988.333,2575.,493.333),(4992.161,2575.,525.159),(5004.442,2575.,543.891),(5004.442,2460.,376.109),(4992.161,2460.,394.841),(4988.333,2460.,426.667),(4988.333,2460.,460.),(4988.333,2460.,493.333),(4992.161,2460.,525.159),(5004.442,2460.,543.891),(5004.442,2345.,376.109),(4992.161,2345.,394.841),(4988.333,2345.,426.667),(4988.333,2345.,460.),(4988.333,2345.,493.333),(4992.161,2345.,525.159),(5004.442,2345.,543.891),(5011.579,2253.246,383.246),(5005.869,2247.535,400.241),(5004.442,2246.109,426.667),(5004.442,2246.109,460.),(5004.442,2246.109,493.333),(5005.869,2247.535,519.759),(5011.579,2253.246,536.754),(5282.778,2903.891,376.109),(5282.778,2916.172,394.841),(5282.778,2920.,426.667),(5282.778,2920.,460.),(5282.778,2920.,493.333),(5282.778,2916.172,525.159),(5282.778,2903.891,543.891),(5223.889,2903.891,376.109),(5223.889,2916.172,394.841),(5223.889,2920.,426.667),(5223.889,2920.,460.),(5223.889,2920.,493.333),(5223.889,2916.172,525.159),(5223.889,2903.891,543.891),(5165.,2903.891,376.109),(5165.,2916.172,394.841),(5165.,2920.,426.667),(5165.,2920.,460.),(5165.,2920.,493.333),(5165.,2916.172,525.159),(5165.,2903.891,543.891),(5106.111,2903.891,376.109),(5106.111,2916.172,394.841),(5106.111,2920.,426.667),(5106.111,2920.,460.),(5106.111,2920.,493.333),(5106.111,2916.172,525.159),(5106.111,2903.891,543.891),(5047.222,2903.891,376.109),(5047.222,2916.172,394.841),(5047.222,2920.,426.667),(5047.222,2920.,460.),(5047.222,2920.,493.333),(5047.222,2916.172,525.159),(5047.222,2903.891,543.891),(5282.778,2246.109,376.109),(5282.778,2233.828,394.841),(5282.778,2230.,426.667),(5282.778,2230.,460.),(5282.778,2230.,493.333),(5282.778,2233.828,525.159),(5282.778,2246.109,543.891),(5223.889,2246.109,376.109),(5223.889,2233.828,394.841),(5223.889,2230.,426.667),(5223.889,2230.,460.),(5223.889,2230.,493.333),(5223.889,2233.828,525.159),(5223.889,2246.109,543.891),(5165.,2246.109,376.109),(5165.,2233.828,394.841),(5165.,2230.,426.667),(5165.,2230.,460.),(5165.,2230.,493.333),(5165.,2233.828,525.159),(5165.,2246.109,543.891),(5106.111,2246.109,376.109),(5106.111,2233.828,394.841),(5106.111,2230.,426.667),(5106.111,2230.,460.),(5106.111,2230.,493.333),(5106.111,2233.828,525.159),(5106.111,2246.109,543.891),(5047.222,2246.109,376.109),(5047.222,2233.828,394.841),(5047.222,2230.,426.667),(5047.222,2230.,460.),(5047.222,2230.,493.333),(5047.222,2233.828,525.159),(5047.222,2246.109,543.891),(5282.778,2805.,360.),(5282.778,2690.,360.),(5282.778,2575.,360.),(5282.778,2460.,360.),(5282.778,2345.,360.),(5223.889,2805.,360.),(5223.889,2690.,360.),(5223.889,2575.,360.),(5223.889,2460.,360.),(5223.889,2345.,360.),(5165.,2805.,360.),(5165.,2690.,360.),(5165.,2575.,360.),(5165.,2460.,360.),(5165.,2345.,360.),(5106.111,2805.,360.),(5106.111,2690.,360.),(5106.111,2575.,360.),(5106.111,2460.,360.),(5106.111,2345.,360.),(5047.222,2805.,360.),(5047.222,2690.,360.),(5047.222,2575.,360.),(5047.222,2460.,360.),(5047.222,2345.,360.),(5282.778,2805.,560.),(5282.778,2690.,560.),(5282.778,2575.,560.),(5282.778,2460.,560.),(5282.778,2345.,560.),(5223.889,2805.,560.),(5223.889,2690.,560.),(5223.889,2575.,560.),(5223.889,2460.,560.),(5223.889,2345.,560.),(5165.,2805.,560.),(5165.,2690.,560.),(5165.,2575.,560.),(5165.,2460.,560.),(5165.,2345.,560.),(5106.111,2805.,560.),(5106.111,2690.,560.),(5106.111,2575.,560.),(5106.111,2460.,560.),(5106.111,2345.,560.),(5047.222,2805.,560.),(5047.222,2690.,560.),(5047.222,2575.,560.),(5047.222,2460.,560.),(5047.222,2345.,560.)));
#756=IFCTRIANGULATEDFACESET(#755,$,.T.,((1,2,9),(1,9,8),(2,3,10),(2,10,9),(3,4,11),(3,11,10),(4,5,12),(4,12,11),(5,6,13),(5,13,12),(6,7,14),(6,14,13),(8,9,16),(8,16,15),(9,10,17),(9,17,16),(10,11,18),(10,18,17),(11,12,19),(11,19,18),(12,13,20),(12,20,19),(13,14,21),(13,21,20),(15,16,23),(15,23,22),(16,17,24),(16,24,23),(17,18,25),(17,25,24),(18,19,26),(18,26,25),(19,20,27),(19,27,26),(20,21,28),(20,28,27),(22,23,30),(22,30,29),(23,24,31),(23,31,30),(24,25,32),(24,32,31),(25,26,33),(25,33,32),(26,27,34),(26,34,33),(27,28,35),(27,35,34),(29,30,37),(29,37,36),(30,31,38),(30,38,37),(31,32,39),(31,39,38),(32,33,40),(32,40,39),(33,34,41),(33,41,40),(34,35,42),(34,42,41),(36,37,44),(36,44,43),(37,38,45),(37,45,44),(38,39,46),(38,46,45),(39,40,47),(39,47,46),(40,41,48),(40,48,47),(41,42,49),(41,49,48),(58,51,50),(57,58,50),(59,52,51),(58,59,51),(60,53,52),(59,60,52),(61,54,53),(60,61,53),(62,55,54),(61,62,54),(63,56,55),(62,63,55),(65,58,57),(64,65,57),(66,59,58),(65,66,58),(67,60,59),(66,67,59),(68,61,60),(67,68,60),(69,62,61),(68,69,61),(70,63,62),(69,70,62),(72,65,64),(71,72,64),(73,66,65),(72,73,65),(74,67,66),(73,74,66),(75,68,67),(74,75,67),(76,69,68),(75,76,68),(77,70,69),(76,77,69),(79,72,71),(78,79,71),(80,73,72),(79,80,72),(81,74,73),(80,81,73),(82,75,74),(81,82,74),(83,76,75),(82,83,75),(84,77,76),(83,84,76),(86,79,78),(85,86,78),(87,80,79),(86,87,79),(88,81,80),(87,88,80),(89,82,81),(88,89,81),(90,83,82),(89,90,82),(91,84,83),(90,91,83),(93,86,85),(92,93,85),(94,87,86),(93,94,86),(95,88,87),(94,95,87),(96,89,88),(95,96,88),(97,90,89),(96,97,89),(98,91,90),(97,98,90),(100,2,1),(99,100,1),(101,3,2),(100,101,2),(102,4,3),(101,102,3),(103,5,4),(102,103,4),(104,6,5),(103,104,5),(105,7,6),(104,105,6),(107,100,99),(106,107,99),(108,101,100),(107,108,100),(109,102,101),(108,109,101),(110,103,102),(109,110,102),(111,104,103),(110,111,103),(112,105,104),(111,112,104),(114,107,106),(113,114,106),(115,108,107),(114,115,107),(116,109,108),(115,116,108),(117,110,109),(116,117,109),(118,111,110),(117,118,110),(119,112,111),(118,119,111),(121,114,113),(120,121,113),(122,115,114),(121,122,114),(123,116,115),(122,123,115),(124,117,116),(123,124,116),(125,118,117),(124,125,117),(126,119,118),(125,126,118),(128,121,120),(127,128,120),(129,122,121),(128,129,121),(130,123,122),(129,130,122),(131,124,123),(130,131,123),(132,125,124),(131,132,124),(133,126,125),(132,133,125),(51,128,127),(50,51,127),(52,129,128),(51,52,128),(53,130,129),(52,53,129),(54,131,130),(53,54,130),(55,132,131),(54,55,131),(56,133,132),(55,56,132),(43,44,135),(43,135,134),(44,45,136),(44,136,135),(45,46,137),(45,137,136),(46,47,138),(46,138,137),(47,48,139),(47,139,138),(48,49,140),(48,140,139),(134,135,142),(134,142,141),(135,136,143),(135,143,142),(136,137,144),(136,144,143),(137,138,145),(137,145,144),(138,139,146),(138,146,145),(139,140,147),(139,147,146),(141,142,149),(141,149,148),(142,143,150),(142,150,149),(143,144,151),(143,151,150),(144,145,152),(144,152,151),(145,146,153),(145,153,152),(146,147,154),(146,154,153),(148,149,156),(148,156,155),(149,150,157),(149,157,156),(150,151,158),(150,158,157),(151,152,159),(151,159,158),(152,153,160),(152,160,159),(153,154,161),(153,161,160),(155,156,163),(155,163,162),(156,157,164),(156,164,163),(157,158,165),(157,165,164),(158,159,166),(158,166,165),(159,160,167),(159,167,166),(160,161,168),(160,168,167),(162,163,93),(162,93,92),(163,164,94),(163,94,93),(164,165,95),(164,95,94),(165,166,96),(165,96,95),(166,167,97),(166,97,96),(167,168,98),(167,98,97),(1,8,169),(1,169,99),(8,15,170),(8,170,169),(15,22,171),(15,171,170),(22,29,172),(22,172,171),(29,36,173),(29,173,172),(36,43,134),(36,134,173),(99,169,174),(99,174,106),(169,170,175),(169,175,174),(170,171,176),(170,176,175),(171,172,177),(171,177,176),(172,173,178),(172,178,177),(173,134,141),(173,141,178),(106,174,179),(106,179,113),(174,175,180),(174,180,179),(175,176,181),(175,181,180),(176,177,182),(176,182,181),(177,178,183),(177,183,182),(178,141,148),(178,148,183),(113,179,184),(113,184,120),(179,180,185),(179,185,184),(180,181,186),(180,186,185),(181,182,187),(181,187,186),(182,183,188),(182,188,187),(183,148,155),(183,155,188),(120,184,189),(120,189,127),(184,185,190),(184,190,189),(185,186,191),(185,191,190),(186,187,192),(186,192,191),(187,188,193),(187,193,192),(188,155,162),(188,162,193),(127,189,57),(127,57,50),(189,190,64),(189,64,57),(190,191,71),(190,71,64),(191,192,78),(191,78,71),(192,193,85),(192,85,78),(193,162,92),(193,92,85),(194,14,7),(105,194,7),(195,21,14),(194,195,14),(196,28,21),(195,196,21),(197,35,28),(196,197,28),(198,42,35),(197,198,35),(140,49,42),(198,140,42),(199,194,105),(112,199,105),(200,195,194),(199,200,194),(201,196,195),(200,201,195),(202,197,196),(201,202,196),(203,198,197),(202,203,197),(147,140,198),(203,147,198),(204,199,112),(119,204,112),(205,200,199),(204,205,199),(206,201,200),(205,206,200),(207,202,201),(206,207,201),(208,203,202),(207,208,202),(154,147,203),(208,154,203),(209,204,119),(126,209,119),(210,205,204),(209,210,204),(211,206,205),(210,211,205),(212,207,206),(211,212,206),(213,208,207),(212,213,207),(161,154,208),(213,161,208),(214,209,126),(133,214,126),(215,210,209),(214,215,209),(216,211,210),(215,216,210),(217,212,211),(216,217,211),(218,213,212),(217,218,212),(168,161,213),(218,168,213),(63,214,133),(56,63,133),(70,215,214),(63,70,214),(77,216,215),(70,77,215),(84,217,216),(77,84,216),(91,218,217),(84,91,217),(98,168,218),(91,98,218)),$);
#757=IFCCARTESIANPOINTLIST3D(((4951.754333,2896.754,383.246),(4957.464333,2902.465,400.241),(4958.891333,2903.891,426.667),(4958.891333,2903.891,460.),(4958.891333,2903.891,493.333),(4957.464333,2902.465,519.759),(4951.754333,2896.754,536.754),(4958.891333,2805.,376.109),(4971.172333,2805.,394.841),(4975.000333,2805.,426.667),(4975.000333,2805.,460.),(4975.000333,2805.,493.333),(4971.172333,2805.,525.159),(4958.891333,2805.,543.891),(4958.891333,2690.,376.109),(4971.172333,2690.,394.841),(4975.000333,2690.,426.667),(4975.000333,2690.,460.),(4975.000333,2690.,493.333),(4971.172333,2690.,525.159),(4958.891333,2690.,543.891),(4958.891333,2575.,376.109),(4971.172333,2575.,394.841),(4975.000333,2575.,426.667),(4975.000333,2575.,460.),(4975.000333,2575.,493.333),(4971.172333,2575.,525.159),(4958.891333,2575.,543.891),(4958.891333,2460.,376.109),(4971.172333,2460.,394.841),(4975.000333,2460.,426.667),(4975.000333,2460.,460.),(4975.000333,2460.,493.333),(4971.172333,2460.,525.159),(4958.891333,2460.,543.891),(4958.891333,2345.,376.109),(4971.172333,2345.,394.841),(4975.000333,2345.,426.667),(4975.000333,2345.,460.),(4975.000333,2345.,493.333),(4971.172333,2345.,525.159),(4958.891333,2345.,543.891),(4951.754333,2253.246,383.246),(4957.464333,2247.535,400.241),(4958.891333,2246.109,426.667),(4958.891333,2246.109,460.),(4958.891333,2246.109,493.333),(4957.464333,2247.535,519.759),(4951.754333,2253.246,536.754),(4644.912333,2896.754,383.246),(4639.202333,2902.465,400.241),(4637.775333,2903.891,426.667),(4637.775333,2903.891,460.),(4637.775333,2903.891,493.333),(4639.202333,2902.465,519.759),(4644.912333,2896.754,536.754),(4637.775333,2805.,376.109),(4625.494333,2805.,394.841),(4621.666333,2805.,426.667),(4621.666333,2805.,460.),(4621.666333,2805.,493.333),(4625.494333,2805.,525.159),(4637.775333,2805.,543.891),(4637.775333,2690.,376.109),(4625.494333,2690.,394.841),(4621.666333,2690.,426.667),(4621.666333,2690.,460.),(4621.666333,2690.,493.333),(4625.494333,2690.,525.159),(4637.775333,2690.,543.891),(4637.775333,2575.,376.109),(4625.494333,2575.,394.841),(4621.666333,2575.,426.667),(4621.666333,2575.,460.),(4621.666333,2575.,493.333),(4625.494333,2575.,525.159),(4637.775333,2575.,543.891),(4637.775333,2460.,376.109),(4625.494333,2460.,394.841),(4621.666333,2460.,426.667),(4621.666333,2460.,460.),(4621.666333,2460.,493.333),(4625.494333,2460.,525.159),(4637.775333,2460.,543.891),(4637.775333,2345.,376.109),(4625.494333,2345.,394.841),(4621.666333,2345.,426.667),(4621.666333,2345.,460.),(4621.666333,2345.,493.333),(4625.494333,2345.,525.159),(4637.775333,2345.,543.891),(4644.912333,2253.246,383.246),(4639.202333,2247.535,400.241),(4637.775333,2246.109,426.667),(4637.775333,2246.109,460.),(4637.775333,2246.109,493.333),(4639.202333,2247.535,519.759),(4644.912333,2253.246,536.754),(4916.111333,2903.891,376.109),(4916.111333,2916.172,394.841),(4916.111333,2920.,426.667),(4916.111333,2920.,460.),(4916.111333,2920.,493.333),(4916.111333,2916.172,525.159),(4916.111333,2903.891,543.891),(4857.222333,2903.891,376.109),(4857.222333,2916.172,394.841),(4857.222333,2920.,426.667),(4857.222333,2920.,460.),(4857.222333,2920.,493.333),(4857.222333,2916.172,525.159),(4857.222333,2903.891,543.891),(4798.333333,2903.891,376.109),(4798.333333,2916.172,394.841),(4798.333333,2920.,426.667),(4798.333333,2920.,460.),(4798.333333,2920.,493.333),(4798.333333,2916.172,525.159),(4798.333333,2903.891,543.891),(4739.444333,2903.891,376.109),(4739.444333,2916.172,394.841),(4739.444333,2920.,426.667),(4739.444333,2920.,460.),(4739.444333,2920.,493.333),(4739.444333,2916.172,525.159),(4739.444333,2903.891,543.891),(4680.555333,2903.891,376.109),(4680.555333,2916.172,394.841),(4680.555333,2920.,426.667),(4680.555333,2920.,460.),(4680.555333,2920.,493.333),(4680.555333,2916.172,525.159),(4680.555333,2903.891,543.891),(4916.111333,2246.109,376.109),(4916.111333,2233.828,394.841),(4916.111333,2230.,426.667),(4916.111333,2230.,460.),(4916.111333,2230.,493.333),(4916.111333,2233.828,525.159),(4916.111333,2246.109,543.891),(4857.222333,2246.109,376.109),(4857.222333,2233.828,394.841),(4857.222333,2230.,426.667),(4857.222333,2230.,460.),(4857.222333,2230.,493.333),(4857.222333,2233.828,525.159),(4857.222333,2246.109,543.891),(4798.333333,2246.109,376.109),(4798.333333,2233.828,394.841),(4798.333333,2230.,426.667),(4798.333333,2230.,460.),(4798.333333,2230.,493.333),(4798.333333,2233.828,525.159),(4798.333333,2246.109,543.891),(4739.444333,2246.109,376.109),(4739.444333,2233.828,394.841),(4739.444333,2230.,426.667),(4739.444333,2230.,460.),(4739.444333,2230.,493.333),(4739.444333,2233.828,525.159),(4739.444333,2246.109,543.891),(4680.555333,2246.109,376.109),(4680.555333,2233.828,394.841),(4680.555333,2230.,426.667),(4680.555333,2230.,460.),(4680.555333,2230.,493.333),(4680.555333,2233.828,525.159),(4680.555333,2246.109,543.891),(4916.111333,2805.,360.),(4916.111333,2690.,360.),(4916.111333,2575.,360.),(4916.111333,2460.,360.),(4916.111333,2345.,360.),(4857.222333,2805.,360.),(4857.222333,2690.,360.),(4857.222333,2575.,360.),(4857.222333,2460.,360.),(4857.222333,2345.,360.),(4798.333333,2805.,360.),(4798.333333,2690.,360.),(4798.333333,2575.,360.),(4798.333333,2460.,360.),(4798.333333,2345.,360.),(4739.444333,2805.,360.),(4739.444333,2690.,360.),(4739.444333,2575.,360.),(4739.444333,2460.,360.),(4739.444333,2345.,360.),(4680.555333,2805.,360.),(4680.555333,2690.,360.),(4680.555333,2575.,360.),(4680.555333,2460.,360.),(4680.555333,2345.,360.),(4916.111333,2805.,560.),(4916.111333,2690.,560.),(4916.111333,2575.,560.),(4916.111333,2460.,560.),(4916.111333,2345.,560.),(4857.222333,2805.,560.),(4857.222333,2690.,560.),(4857.222333,2575.,560.),(4857.222333,2460.,560.),(4857.222333,2345.,560.),(4798.333333,2805.,560.),(4798.333333,2690.,560.),(4798.333333,2575.,560.),(4798.333333,2460.,560.),(4798.333333,2345.,560.),(4739.444333,2805.,560.),(4739.444333,2690.,560.),(4739.444333,2575.,560.),(4739.444333,2460.,560.),(4739.444333,2345.,560.),(4680.555333,2805.,560.),(4680.555333,2690.,560.),(4680.555333,2575.,560.),(4680.555333,2460.,560.),(4680.555333,2345.,560.)));
#758=IFCTRIANGULATEDFACESET(#757,$,.T.,((1,2,9),(1,9,8),(2,3,10),(2,10,9),(3,4,11),(3,11,10),(4,5,12),(4,12,11),(5,6,13),(5,13,12),(6,7,14),(6,14,13),(8,9,16),(8,16,15),(9,10,17),(9,17,16),(10,11,18),(10,18,17),(11,12,19),(11,19,18),(12,13,20),(12,20,19),(13,14,21),(13,21,20),(15,16,23),(15,23,22),(16,17,24),(16,24,23),(17,18,25),(17,25,24),(18,19,26),(18,26,25),(19,20,27),(19,27,26),(20,21,28),(20,28,27),(22,23,30),(22,30,29),(23,24,31),(23,31,30),(24,25,32),(24,32,31),(25,26,33),(25,33,32),(26,27,34),(26,34,33),(27,28,35),(27,35,34),(29,30,37),(29,37,36),(30,31,38),(30,38,37),(31,32,39),(31,39,38),(32,33,40),(32,40,39),(33,34,41),(33,41,40),(34,35,42),(34,42,41),(36,37,44),(36,44,43),(37,38,45),(37,45,44),(38,39,46),(38,46,45),(39,40,47),(39,47,46),(40,41,48),(40,48,47),(41,42,49),(41,49,48),(58,51,50),(57,58,50),(59,52,51),(58,59,51),(60,53,52),(59,60,52),(61,54,53),(60,61,53),(62,55,54),(61,62,54),(63,56,55),(62,63,55),(65,58,57),(64,65,57),(66,59,58),(65,66,58),(67,60,59),(66,67,59),(68,61,60),(67,68,60),(69,62,61),(68,69,61),(70,63,62),(69,70,62),(72,65,64),(71,72,64),(73,66,65),(72,73,65),(74,67,66),(73,74,66),(75,68,67),(74,75,67),(76,69,68),(75,76,68),(77,70,69),(76,77,69),(79,72,71),(78,79,71),(80,73,72),(79,80,72),(81,74,73),(80,81,73),(82,75,74),(81,82,74),(83,76,75),(82,83,75),(84,77,76),(83,84,76),(86,79,78),(85,86,78),(87,80,79),(86,87,79),(88,81,80),(87,88,80),(89,82,81),(88,89,81),(90,83,82),(89,90,82),(91,84,83),(90,91,83),(93,86,85),(92,93,85),(94,87,86),(93,94,86),(95,88,87),(94,95,87),(96,89,88),(95,96,88),(97,90,89),(96,97,89),(98,91,90),(97,98,90),(100,2,1),(99,100,1),(101,3,2),(100,101,2),(102,4,3),(101,102,3),(103,5,4),(102,103,4),(104,6,5),(103,104,5),(105,7,6),(104,105,6),(107,100,99),(106,107,99),(108,101,100),(107,108,100),(109,102,101),(108,109,101),(110,103,102),(109,110,102),(111,104,103),(110,111,103),(112,105,104),(111,112,104),(114,107,106),(113,114,106),(115,108,107),(114,115,107),(116,109,108),(115,116,108),(117,110,109),(116,117,109),(118,111,110),(117,118,110),(119,112,111),(118,119,111),(121,114,113),(120,121,113),(122,115,114),(121,122,114),(123,116,115),(122,123,115),(124,117,116),(123,124,116),(125,118,117),(124,125,117),(126,119,118),(125,126,118),(128,121,120),(127,128,120),(129,122,121),(128,129,121),(130,123,122),(129,130,122),(131,124,123),(130,131,123),(132,125,124),(131,132,124),(133,126,125),(132,133,125),(51,128,127),(50,51,127),(52,129,128),(51,52,128),(53,130,129),(52,53,129),(54,131,130),(53,54,130),(55,132,131),(54,55,131),(56,133,132),(55,56,132),(43,44,135),(43,135,134),(44,45,136),(44,136,135),(45,46,137),(45,137,136),(46,47,138),(46,138,137),(47,48,139),(47,139,138),(48,49,140),(48,140,139),(134,135,142),(134,142,141),(135,136,143),(135,143,142),(136,137,144),(136,144,143),(137,138,145),(137,145,144),(138,139,146),(138,146,145),(139,140,147),(139,147,146),(141,142,149),(141,149,148),(142,143,150),(142,150,149),(143,144,151),(143,151,150),(144,145,152),(144,152,151),(145,146,153),(145,153,152),(146,147,154),(146,154,153),(148,149,156),(148,156,155),(149,150,157),(149,157,156),(150,151,158),(150,158,157),(151,152,159),(151,159,158),(152,153,160),(152,160,159),(153,154,161),(153,161,160),(155,156,163),(155,163,162),(156,157,164),(156,164,163),(157,158,165),(157,165,164),(158,159,166),(158,166,165),(159,160,167),(159,167,166),(160,161,168),(160,168,167),(162,163,93),(162,93,92),(163,164,94),(163,94,93),(164,165,95),(164,95,94),(165,166,96),(165,96,95),(166,167,97),(166,97,96),(167,168,98),(167,98,97),(1,8,169),(1,169,99),(8,15,170),(8,170,169),(15,22,171),(15,171,170),(22,29,172),(22,172,171),(29,36,173),(29,173,172),(36,43,134),(36,134,173),(99,169,174),(99,174,106),(169,170,175),(169,175,174),(170,171,176),(170,176,175),(171,172,177),(171,177,176),(172,173,178),(172,178,177),(173,134,141),(173,141,178),(106,174,179),(106,179,113),(174,175,180),(174,180,179),(175,176,181),(175,181,180),(176,177,182),(176,182,181),(177,178,183),(177,183,182),(178,141,148),(178,148,183),(113,179,184),(113,184,120),(179,180,185),(179,185,184),(180,181,186),(180,186,185),(181,182,187),(181,187,186),(182,183,188),(182,188,187),(183,148,155),(183,155,188),(120,184,189),(120,189,127),(184,185,190),(184,190,189),(185,186,191),(185,191,190),(186,187,192),(186,192,191),(187,188,193),(187,193,192),(188,155,162),(188,162,193),(127,189,57),(127,57,50),(189,190,64),(189,64,57),(190,191,71),(190,71,64),(191,192,78),(191,78,71),(192,193,85),(192,85,78),(193,162,92),(193,92,85),(194,14,7),(105,194,7),(195,21,14),(194,195,14),(196,28,21),(195,196,21),(197,35,28),(196,197,28),(198,42,35),(197,198,35),(140,49,42),(198,140,42),(199,194,105),(112,199,105),(200,195,194),(199,200,194),(201,196,195),(200,201,195),(202,197,196),(201,202,196),(203,198,197),(202,203,197),(147,140,198),(203,147,198),(204,199,112),(119,204,112),(205,200,199),(204,205,199),(206,201,200),(205,206,200),(207,202,201),(206,207,201),(208,203,202),(207,208,202),(154,147,203),(208,154,203),(209,204,119),(126,209,119),(210,205,204),(209,210,204),(211,206,205),(210,211,205),(212,207,206),(211,212,206),(213,208,207),(212,213,207),(161,154,208),(213,161,208),(214,209,126),(133,214,126),(215,210,209),(214,215,209),(216,211,210),(215,216,210),(217,212,211),(216,217,211),(218,213,212),(217,218,212),(168,161,213),(218,168,213),(63,214,133),(56,63,133),(70,215,214),(63,70,214),(77,216,215),(70,77,215),(84,217,216),(77,84,216),(91,218,217),(84,91,217),(98,168,218),(91,98,218)),$);
#759=IFCCARTESIANPOINTLIST3D(((5523.677293,2605.332667,449.867376),(5447.153905,2607.344542,444.482067),(5372.88664,2613.217158,458.987097),(5306.891825,2622.474801,492.207536),(5254.516299,2634.367445,541.451991),(5220.003079,2647.931594,602.730815),(5206.148061,2662.068406,671.079764),(5214.073744,2675.632555,740.961379),(5243.138104,2687.525199,806.714517),(5290.986706,2696.782842,863.012159),(5353.742862,2702.655458,905.293211),(5426.322707,2704.667333,930.132624),(5448.261143,2599.264432,446.377748),(5375.011041,2597.711426,462.62483),(5309.861706,2600.799795,497.292665),(5258.090653,2608.279053,547.572487),(5223.892585,2619.54323,609.390905),(5210.037567,2633.680043,677.739854),(5217.648098,2649.544163,747.081875),(5246.107985,2665.850194,811.799646),(5293.111106,2681.277111,866.649892),(5354.850099,2694.575348,907.188892),(5452.190598,2591.494807,448.781302),(5382.551828,2582.801674,467.237251),(5320.402504,2579.957602,503.740243),(5270.778071,2583.193122,555.33295),(5237.698135,2592.245975,617.8354),(5223.843117,2606.382788,686.184349),(5230.335516,2624.458232,754.842339),(5256.648783,2645.008,818.247224),(5300.651893,2666.367358,871.262313),(5358.779554,2686.805723,909.592446),(5458.791555,2584.334245,451.600423),(5395.219024,2569.06065,472.647115),(5338.109602,2560.749424,511.302533),(5292.090529,2560.07389,564.435018),(5260.889596,2567.088597,627.739916),(5247.034578,2581.22541,696.088865),(5251.647974,2601.339,763.944406),(5274.355881,2625.799822,825.809514),(5313.31909,2652.626335,876.672177),(5365.380511,2679.645161,912.411567),(5467.810214,2578.057947,454.72674),(5412.525571,2557.016563,478.64644),(5362.302221,2543.913252,519.688894),(5321.209084,2539.809592,574.528965),(5292.575247,2545.037981,638.723709),(5278.720229,2559.174794,707.072657),(5280.766529,2581.074703,774.038353),(5298.5485,2608.96365,834.195875),(5330.625637,2640.582247,882.671501),(5374.399171,2673.368864,915.537884),(5478.900115,2572.907159,458.040127),(5433.806868,2547.132346,485.004754),(5392.050887,2530.096224,528.577063),(5357.015077,2523.179235,585.226905),(5331.537569,2526.941492,650.364712),(5317.682551,2541.078305,718.713661),(5316.572522,2564.444345,784.736293),(5328.297166,2595.146623,843.084044),(5351.906934,2630.698031,889.029815),(5385.489072,2668.218075,918.851271),(5491.634989,2569.079754,461.413247),(5458.24492,2539.78758,491.477731),(5426.212131,2519.829194,537.62545),(5398.132029,2510.821722,596.117664),(5376.279308,2513.494489,662.215594),(5362.42429,2527.631302,730.564543),(5357.689474,2552.086832,795.627052),(5362.458409,2584.879592,852.132431),(5376.344986,2623.353265,895.502793),(5398.223946,2664.39067,922.224391),(5505.525398,2566.722889,464.71645),(5484.900328,2535.264671,497.816536),(5463.473466,2513.506882,546.486359),(5442.98024,2503.211897,606.782809),(5425.080894,2505.214004,673.820842),(5411.225876,2519.350817,742.169791),(5402.537685,2544.477007,806.292197),(5399.719744,2578.557281,860.99334),(5403.000393,2618.830356,901.841598),(5412.114354,2662.033806,925.527594),(5520.037542,2565.926977,467.822828),(5512.749143,2533.737531,503.777633),(5502.402499,2511.372003,554.819228),(5489.835869,2500.642457,616.81236),(5476.067347,2502.418022,684.73461),(5462.21233,2516.554834,753.083558),(5449.393314,2541.907567,816.321748),(5438.648778,2576.422402,869.326209),(5430.849208,2617.303216,907.802695),(5426.626499,2661.237893,928.633972),(5534.613793,2566.722889,470.612959),(5540.72096,2535.264671,509.131939),(5541.503485,2513.506882,562.303827),(5536.898452,2503.211897,625.820973),(5527.279002,2505.214004,694.537425),(5513.423984,2519.350817,762.886373),(5496.455897,2544.477007,825.330361),(5477.749764,2578.557281,876.810808),(5458.821026,2618.830356,913.157),(5441.20275,2662.033806,931.424103),(5548.694034,2569.079754,472.979688),(5567.740663,2539.78758,513.673617),(5579.274048,2519.829194,568.652637),(5582.359593,2510.821722,633.46244),(5576.747536,2513.494489,702.852516),(5562.892518,2527.631302,771.201465),(5541.917038,2552.086832,832.971828),(5515.520327,2584.879592,883.159618),(5485.840729,2623.353265,917.698679),(5455.282991,2664.39067,933.790832),(5561.737185,2572.907159,474.832033),(5592.770296,2547.132346,517.228236),(5614.262245,2530.096224,573.621536),(5624.471875,2523.179235,639.443082),(5622.572358,2526.941492,709.360384),(5608.71734,2541.078305,777.709333),(5584.02932,2564.444345,838.95247),(5550.508523,2595.146623,888.128517),(5510.870361,2630.698031,921.253297),(5468.326142,2668.218075,935.643177),(5573.241954,2578.057947,476.098812),(5614.847713,2557.016563,519.659168),(5645.123797,2543.913252,577.019666),(5661.617353,2539.809592,643.533137),(5662.992253,2545.037981,713.810953),(5649.137235,2559.174794,782.159902),(5621.174798,2581.074703,843.042526),(5581.370076,2608.96365,891.526647),(5532.947778,2640.582247,923.684229),(5479.830911,2673.368864,936.909956),(5582.766135,2584.334245,476.731314),(5633.124345,2569.06065,520.872911),(5670.672477,2560.749424,578.716365),(5692.368086,2560.07389,645.575296),(5696.45396,2567.088597,716.033183),(5682.598942,2581.22541,784.382132),(5651.925531,2601.339,845.084684),(5606.918756,2625.799822,893.223346),(5551.22441,2652.626335,924.897972),(5489.355092,2679.645161,937.542458),(5589.943836,2591.494807,476.705266),(5646.898306,2582.801674,520.822935),(5689.926689,2579.957602,578.646503),(5715.542672,2583.193122,645.491199),(5721.671711,2592.245975,715.941701),(5707.816693,2606.382788,784.290649),(5675.100117,2624.458232,845.000587),(5626.172968,2645.008,893.153484),(5564.998371,2666.367358,924.847997),(5496.532793,2686.805723,937.51641),(5594.499092,2599.264432,476.021648),(5655.639992,2597.711426,519.511135),(5702.146212,2600.799795,576.812671),(5730.250625,2608.279053,643.284052),(5737.675906,2619.54323,713.53994),(5723.820888,2633.680043,781.888889),(5689.808069,2649.544163,842.79344),(5638.392491,2665.850194,891.319652),(5573.740057,2681.277111,923.536196),(5501.088048,2694.575348,936.832792),(5596.257138,2607.344542,474.706789),(5659.013294,2613.217158,516.987841),(5706.861896,2622.474801,573.285483),(5735.926256,2634.367445,639.038621),(5743.851939,2647.931594,708.920236),(5729.996921,2662.068406,777.269185),(5695.483701,2675.632555,838.548009),(5643.108175,2687.525199,887.792464),(5577.11336,2696.782842,921.012903),(5502.846095,2702.655458,935.517933),(5595.149901,2615.424652,472.811108),(5656.888894,2628.722889,513.350108),(5703.892015,2644.149806,568.200354),(5732.351902,2660.455837,632.918125),(5739.962433,2676.319957,702.260146),(5726.107415,2690.45677,770.609095),(5691.909347,2701.720947,832.427513),(5640.138294,2709.200205,882.707335),(5574.988959,2712.288574,917.37517),(5501.738857,2710.735568,933.622252),(5591.220446,2623.194277,470.407554),(5649.348107,2643.632642,508.737687),(5693.351217,2664.992,561.752776),(5719.664484,2685.541768,625.157661),(5726.156883,2703.617212,693.815651),(5712.301865,2717.754025,762.1646),(5679.221929,2726.806878,824.66705),(5629.597496,2730.042398,876.259757),(5567.448172,2727.198326,912.762749),(5497.809402,2718.505193,931.218698),(5584.619489,2630.354839,467.588433),(5636.68091,2657.373665,503.327823),(5675.644119,2684.200178,554.190486),(5698.352026,2708.661,616.055594),(5702.965422,2728.77459,683.911135),(5689.110404,2742.911403,752.260084),(5657.909471,2749.92611,815.564982),(5611.890398,2749.250576,868.697467),(5554.780976,2740.93935,907.352885),(5491.208445,2725.665755,928.399577),(5575.600829,2636.631136,464.462116),(5619.374363,2669.417753,497.328499),(5651.4515,2701.03635,545.804125),(5669.233471,2728.925297,605.961647),(5671.279771,2750.825206,672.927343),(5657.424753,2764.962019,741.276291),(5628.790916,2770.190408,805.471035),(5587.697779,2766.086748,860.311106),(5537.474429,2752.983437,901.35356),(5482.189786,2731.942053,925.27326),(5564.510928,2641.781925,461.148729),(5598.093066,2679.301969,490.970185),(5621.702834,2714.853377,536.915956),(5633.427478,2745.555655,595.263707),(5632.317449,2768.921695,661.286339),(5618.462431,2783.058508,729.635288),(5592.984923,2786.820765,794.773095),(5557.949113,2779.903776,851.422937),(5516.193132,2762.867654,894.995246),(5471.099885,2737.092841,921.959873),(5551.776054,2645.60933,457.775609),(5573.655014,2686.646735,484.497207),(5587.541591,2725.120408,527.867569),(5592.310526,2757.913168,584.372948),(5587.57571,2782.368698,649.435457),(5573.720692,2796.505511,717.784406),(5551.867971,2799.178278,783.882336),(5523.787869,2790.170806,842.37455),(5491.75508,2770.21242,888.522269),(5458.365011,2740.920246,918.586753),(5537.885646,2647.966194,454.472406),(5546.999607,2691.169644,478.158402),(5550.280256,2731.442719,519.00666),(5547.462315,2765.522993,573.707803),(5538.774124,2790.649183,637.830209),(5524.919106,2804.785996,706.179158),(5507.01976,2806.788103,773.217191),(5486.526534,2796.493118,833.513641),(5465.099672,2774.735329,882.183464),(5444.474602,2743.277111,915.28355),(5523.373501,2648.762107,451.366028),(5519.150792,2692.696784,472.197305),(5511.351222,2733.577598,510.673791),(5500.606686,2768.092433,563.678252),(5487.78767,2793.445166,626.916442),(5473.932653,2807.581978,695.26539),(5460.164131,2809.357543,763.18764),(5447.597501,2798.627997,825.180772),(5437.250857,2776.262469,876.222367),(5429.962458,2744.073023,912.177172),(5508.79725,2647.966194,448.575897),(5491.178974,2691.169644,466.843),(5472.250236,2731.442719,503.189192),(5453.544103,2765.522993,554.669639),(5436.576016,2790.649183,617.113627),(5422.720998,2804.785996,685.462575),(5413.101548,2806.788103,754.179027),(5408.496515,2796.493118,817.696173),(5409.27904,2774.735329,870.868061),(5415.386207,2743.277111,909.387041),(5494.717009,2645.60933,446.209168),(5464.159271,2686.646735,462.301321),(5434.479673,2725.120408,496.840382),(5408.082962,2757.913168,547.028172),(5387.107482,2782.368698,608.798535),(5373.252464,2796.505511,677.147484),(5367.640407,2799.178278,746.53756),(5370.725952,2790.170806,811.347363),(5382.259337,2770.21242,866.326383),(5401.305966,2740.920246,907.020312),(5481.673858,2641.781925,444.356823),(5439.129639,2679.301969,458.746703),(5399.491477,2714.853377,491.871483),(5365.97068,2745.555655,541.04753),(5341.28266,2768.921695,602.290667),(5327.427642,2783.058508,670.639616),(5325.528125,2786.820765,740.556918),(5335.737755,2779.903776,806.378464),(5357.229704,2762.867654,862.771764),(5388.262815,2737.092841,905.167967),(5470.169089,2636.631136,443.090044),(5417.052222,2669.417753,456.315771),(5368.629924,2701.03635,488.473353),(5328.825202,2728.925297,536.957474),(5300.862765,2750.825206,597.840098),(5287.007747,2764.962019,666.189047),(5288.382647,2770.190408,736.466863),(5304.876203,2766.086748,802.980334),(5335.152287,2752.983437,860.340832),(5376.758046,2731.942053,903.901188),(5460.644908,2630.354839,442.457542),(5398.77559,2657.373665,455.102028),(5343.081244,2684.200178,486.776654),(5298.074469,2708.661,534.915316),(5267.401058,2728.77459,595.617868),(5253.54604,2742.911403,663.966817),(5257.631914,2749.92611,734.424704),(5279.327523,2749.250576,801.283635),(5316.875655,2740.93935,859.127089),(5367.233865,2725.665755,903.268686),(5453.467207,2623.194277,442.48359),(5385.001629,2643.632642,455.152003),(5323.827032,2664.992,486.846516),(5274.899883,2685.541768,534.999413),(5242.183307,2703.617212,595.709351),(5228.328289,2717.754025,664.058299),(5234.457328,2726.806878,734.508801),(5260.073311,2730.042398,801.353497),(5303.101694,2727.198326,859.177065),(5360.056164,2718.505193,903.294734),(5448.911952,2615.424652,443.167208),(5376.259943,2628.722889,456.463804),(5311.607509,2644.149806,488.680348),(5260.191931,2660.455837,537.20656),(5226.179112,2676.319957,598.111111),(5212.324094,2690.45677,666.46006),(5219.749375,2701.720947,736.715948),(5247.853788,2709.200205,803.187329),(5294.360008,2712.288574,860.488865),(5355.500908,2710.735568,903.978352)));
#760=IFCTRIANGULATEDFACESET(#759,$,.T.,((2,1,13),(2,13,3),(3,13,14),(3,14,4),(4,14,15),(4,15,5),(5,15,16),(5,16,6),(6,16,17),(6,17,7),(7,17,18),(7,18,8),(8,18,19),(8,19,9),(9,19,20),(9,20,10),(10,20,21),(10,21,11),(11,21,22),(11,22,12),(13,1,23),(13,23,14),(14,23,24),(14,24,15),(15,24,25),(15,25,16),(16,25,26),(16,26,17),(17,26,27),(17,27,18),(18,27,28),(18,28,19),(19,28,29),(19,29,20),(20,29,30),(20,30,21),(21,30,31),(21,31,22),(22,31,32),(22,32,12),(23,1,33),(23,33,24),(24,33,34),(24,34,25),(25,34,35),(25,35,26),(26,35,36),(26,36,27),(27,36,37),(27,37,28),(28,37,38),(28,38,29),(29,38,39),(29,39,30),(30,39,40),(30,40,31),(31,40,41),(31,41,32),(32,41,42),(32,42,12),(33,1,43),(33,43,34),(34,43,44),(34,44,35),(35,44,45),(35,45,36),(36,45,46),(36,46,37),(37,46,47),(37,47,38),(38,47,48),(38,48,39),(39,48,49),(39,49,40),(40,49,50),(40,50,41),(41,50,51),(41,51,42),(42,51,52),(42,52,12),(43,1,53),(43,53,44),(44,53,54),(44,54,45),(45,54,55),(45,55,46),(46,55,56),(46,56,47),(47,56,57),(47,57,48),(48,57,58),(48,58,49),(49,58,59),(49,59,50),(50,59,60),(50,60,51),(51,60,61),(51,61,52),(52,61,62),(52,62,12),(53,1,63),(53,63,54),(54,63,64),(54,64,55),(55,64,65),(55,65,56),(56,65,66),(56,66,57),(57,66,67),(57,67,58),(58,67,68),(58,68,59),(59,68,69),(59,69,60),(60,69,70),(60,70,61),(61,70,71),(61,71,62),(62,71,72),(62,72,12),(63,1,73),(63,73,64),(64,73,74),(64,74,65),(65,74,75),(65,75,66),(66,75,76),(66,76,67),(67,76,77),(67,77,68),(68,77,78),(68,78,69),(69,78,79),(69,79,70),(70,79,80),(70,80,71),(71,80,81),(71,81,72),(72,81,82),(72,82,12),(73,1,83),(73,83,74),(74,83,84),(74,84,75),(75,84,85),(75,85,76),(76,85,86),(76,86,77),(77,86,87),(77,87,78),(78,87,88),(78,88,79),(79,88,89),(79,89,80),(80,89,90),(80,90,81),(81,90,91),(81,91,82),(82,91,92),(82,92,12),(83,1,93),(83,93,84),(84,93,94),(84,94,85),(85,94,95),(85,95,86),(86,95,96),(86,96,87),(87,96,97),(87,97,88),(88,97,98),(88,98,89),(89,98,99),(89,99,90),(90,99,100),(90,100,91),(91,100,101),(91,101,92),(92,101,102),(92,102,12),(93,1,103),(93,103,94),(94,103,104),(94,104,95),(95,104,105),(95,105,96),(96,105,106),(96,106,97),(97,106,107),(97,107,98),(98,107,108),(98,108,99),(99,108,109),(99,109,100),(100,109,110),(100,110,101),(101,110,111),(101,111,102),(102,111,112),(102,112,12),(103,1,113),(103,113,104),(104,113,114),(104,114,105),(105,114,115),(105,115,106),(106,115,116),(106,116,107),(107,116,117),(107,117,108),(108,117,118),(108,118,109),(109,118,119),(109,119,110),(110,119,120),(110,120,111),(111,120,121),(111,121,112),(112,121,122),(112,122,12),(113,1,123),(113,123,114),(114,123,124),(114,124,115),(115,124,125),(115,125,116),(116,125,126),(116,126,117),(117,126,127),(117,127,118),(118,127,128),(118,128,119),(119,128,129),(119,129,120),(120,129,130),(120,130,121),(121,130,131),(121,131,122),(122,131,132),(122,132,12),(123,1,133),(123,133,124),(124,133,134),(124,134,125),(125,134,135),(125,135,126),(126,135,136),(126,136,127),(127,136,137),(127,137,128),(128,137,138),(128,138,129),(129,138,139),(129,139,130),(130,139,140),(130,140,131),(131,140,141),(131,141,132),(132,141,142),(132,142,12),(133,1,143),(133,143,134),(134,143,144),(134,144,135),(135,144,145),(135,145,136),(136,145,146),(136,146,137),(137,146,147),(137,147,138),(138,147,148),(138,148,139),(139,148,149),(139,149,140),(140,149,150),(140,150,141),(141,150,151),(141,151,142),(142,151,152),(142,152,12),(143,1,153),(143,153,144),(144,153,154),(144,154,145),(145,154,155),(145,155,146),(146,155,156),(146,156,147),(147,156,157),(147,157,148),(148,157,158),(148,158,149),(149,158,159),(149,159,150),(150,159,160),(150,160,151),(151,160,161),(151,161,152),(152,161,162),(152,162,12),(153,1,163),(153,163,154),(154,163,164),(154,164,155),(155,164,165),(155,165,156),(156,165,166),(156,166,157),(157,166,167),(157,167,158),(158,167,168),(158,168,159),(159,168,169),(159,169,160),(160,169,170),(160,170,161),(161,170,171),(161,171,162),(162,171,172),(162,172,12),(163,1,173),(163,173,164),(164,173,174),(164,174,165),(165,174,175),(165,175,166),(166,175,176),(166,176,167),(167,176,177),(167,177,168),(168,177,178),(168,178,169),(169,178,179),(169,179,170),(170,179,180),(170,180,171),(171,180,181),(171,181,172),(172,181,182),(172,182,12),(173,1,183),(173,183,174),(174,183,184),(174,184,175),(175,184,185),(175,185,176),(176,185,186),(176,186,177),(177,186,187),(177,187,178),(178,187,188),(178,188,179),(179,188,189),(179,189,180),(180,189,190),(180,190,181),(181,190,191),(181,191,182),(182,191,192),(182,192,12),(183,1,193),(183,193,184),(184,193,194),(184,194,185),(185,194,195),(185,195,186),(186,195,196),(186,196,187),(187,196,197),(187,197,188),(188,197,198),(188,198,189),(189,198,199),(189,199,190),(190,199,200),(190,200,191),(191,200,201),(191,201,192),(192,201,202),(192,202,12),(193,1,203),(193,203,194),(194,203,204),(194,204,195),(195,204,205),(195,205,196),(196,205,206),(196,206,197),(197,206,207),(197,207,198),(198,207,208),(198,208,199),(199,208,209),(199,209,200),(200,209,210),(200,210,201),(201,210,211),(201,211,202),(202,211,212),(202,212,12),(203,1,213),(203,213,204),(204,213,214),(204,214,205),(205,214,215),(205,215,206),(206,215,216),(206,216,207),(207,216,217),(207,217,208),(208,217,218),(208,218,209),(209,218,219),(209,219,210),(210,219,220),(210,220,211),(211,220,221),(211,221,212),(212,221,222),(212,222,12),(213,1,223),(213,223,214),(214,223,224),(214,224,215),(215,224,225),(215,225,216),(216,225,226),(216,226,217),(217,226,227),(217,227,218),(218,227,228),(218,228,219),(219,228,229),(219,229,220),(220,229,230),(220,230,221),(221,230,231),(221,231,222),(222,231,232),(222,232,12),(223,1,233),(223,233,224),(224,233,234),(224,234,225),(225,234,235),(225,235,226),(226,235,236),(226,236,227),(227,236,237),(227,237,228),(228,237,238),(228,238,229),(229,238,239),(229,239,230),(230,239,240),(230,240,231),(231,240,241),(231,241,232),(232,241,242),(232,242,12),(233,1,243),(233,243,234),(234,243,244),(234,244,235),(235,244,245),(235,245,236),(236,245,246),(236,246,237),(237,246,247),(237,247,238),(238,247,248),(238,248,239),(239,248,249),(239,249,240),(240,249,250),(240,250,241),(241,250,251),(241,251,242),(242,251,252),(242,252,12),(243,1,253),(243,253,244),(244,253,254),(244,254,245),(245,254,255),(245,255,246),(246,255,256),(246,256,247),(247,256,257),(247,257,248),(248,257,258),(248,258,249),(249,258,259),(249,259,250),(250,259,260),(250,260,251),(251,260,261),(251,261,252),(252,261,262),(252,262,12),(253,1,263),(253,263,254),(254,263,264),(254,264,255),(255,264,265),(255,265,256),(256,265,266),(256,266,257),(257,266,267),(257,267,258),(258,267,268),(258,268,259),(259,268,269),(259,269,260),(260,269,270),(260,270,261),(261,270,271),(261,271,262),(262,271,272),(262,272,12),(263,1,273),(263,273,264),(264,273,274),(264,274,265),(265,274,275),(265,275,266),(266,275,276),(266,276,267),(267,276,277),(267,277,268),(268,277,278),(268,278,269),(269,278,279),(269,279,270),(270,279,280),(270,280,271),(271,280,281),(271,281,272),(272,281,282),(272,282,12),(273,1,283),(273,283,274),(274,283,284),(274,284,275),(275,284,285),(275,285,276),(276,285,286),(276,286,277),(277,286,287),(277,287,278),(278,287,288),(278,288,279),(279,288,289),(279,289,280),(280,289,290),(280,290,281),(281,290,291),(281,291,282),(282,291,292),(282,292,12),(283,1,293),(283,293,284),(284,293,294),(284,294,285),(285,294,295),(285,295,286),(286,295,296),(286,296,287),(287,296,297),(287,297,288),(288,297,298),(288,298,289),(289,298,299),(289,299,290),(290,299,300),(290,300,291),(291,300,301),(291,301,292),(292,301,302),(292,302,12),(293,1,303),(293,303,294),(294,303,304),(294,304,295),(295,304,305),(295,305,296),(296,305,306),(296,306,297),(297,306,307),(297,307,298),(298,307,308),(298,308,299),(299,308,309),(299,309,300),(300,309,310),(300,310,301),(301,310,311),(301,311,302),(302,311,312),(302,312,12),(303,1,313),(303,313,304),(304,313,314),(304,314,305),(305,314,315),(305,315,306),(306,315,316),(306,316,307),(307,316,317),(307,317,308),(308,317,318),(308,318,309),(309,318,319),(309,319,310),(310,319,320),(310,320,311),(311,320,321),(311,321,312),(312,321,322),(312,322,12),(313,1,2),(313,2,314),(314,2,3),(314,3,315),(315,3,4),(315,4,316),(316,4,5),(316,5,317),(317,5,6),(317,6,318),(318,6,7),(318,7,319),(319,7,8),(319,8,320),(320,8,9),(320,9,321),(321,9,10),(321,10,322),(322,10,11),(322,11,12)),$);
#761=IFCCARTESIANPOINTLIST3D(((4923.677293,2605.332667,449.867376),(4847.153905,2607.344542,444.482067),(4772.88664,2613.217158,458.987097),(4706.891825,2622.474801,492.207536),(4654.516299,2634.367445,541.451991),(4620.003079,2647.931594,602.730815),(4606.148061,2662.068406,671.079764),(4614.073744,2675.632555,740.961379),(4643.138104,2687.525199,806.714517),(4690.986706,2696.782842,863.012159),(4753.742862,2702.655458,905.293211),(4826.322707,2704.667333,930.132624),(4848.261143,2599.264432,446.377748),(4775.011041,2597.711426,462.62483),(4709.861706,2600.799795,497.292665),(4658.090653,2608.279053,547.572487),(4623.892585,2619.54323,609.390905),(4610.037567,2633.680043,677.739854),(4617.648098,2649.544163,747.081875),(4646.107985,2665.850194,811.799646),(4693.111106,2681.277111,866.649892),(4754.850099,2694.575348,907.188892),(4852.190598,2591.494807,448.781302),(4782.551828,2582.801674,467.237251),(4720.402504,2579.957602,503.740243),(4670.778071,2583.193122,555.33295),(4637.698135,2592.245975,617.8354),(4623.843117,2606.382788,686.184349),(4630.335516,2624.458232,754.842339),(4656.648783,2645.008,818.247224),(4700.651893,2666.367358,871.262313),(4758.779554,2686.805723,909.592446),(4858.791555,2584.334245,451.600423),(4795.219024,2569.06065,472.647115),(4738.109602,2560.749424,511.302533),(4692.090529,2560.07389,564.435018),(4660.889596,2567.088597,627.739916),(4647.034578,2581.22541,696.088865),(4651.647974,2601.339,763.944406),(4674.355881,2625.799822,825.809514),(4713.31909,2652.626335,876.672177),(4765.380511,2679.645161,912.411567),(4867.810214,2578.057947,454.72674),(4812.525571,2557.016563,478.64644),(4762.302221,2543.913252,519.688894),(4721.209084,2539.809592,574.528965),(4692.575247,2545.037981,638.723709),(4678.720229,2559.174794,707.072657),(4680.766529,2581.074703,774.038353),(4698.5485,2608.96365,834.195875),(4730.625637,2640.582247,882.671501),(4774.399171,2673.368864,915.537884),(4878.900115,2572.907159,458.040127),(4833.806868,2547.132346,485.004754),(4792.050887,2530.096224,528.577063),(4757.015077,2523.179235,585.226905),(4731.537569,2526.941492,650.364712),(4717.682551,2541.078305,718.713661),(4716.572522,2564.444345,784.736293),(4728.297166,2595.146623,843.084044),(4751.906934,2630.698031,889.029815),(4785.489072,2668.218075,918.851271),(4891.634989,2569.079754,461.413247),(4858.24492,2539.78758,491.477731),(4826.212131,2519.829194,537.62545),(4798.132029,2510.821722,596.117664),(4776.279308,2513.494489,662.215594),(4762.42429,2527.631302,730.564543),(4757.689474,2552.086832,795.627052),(4762.458409,2584.879592,852.132431),(4776.344986,2623.353265,895.502793),(4798.223946,2664.39067,922.224391),(4905.525398,2566.722889,464.71645),(4884.900328,2535.264671,497.816536),(4863.473466,2513.506882,546.486359),(4842.98024,2503.211897,606.782809),(4825.080894,2505.214004,673.820842),(4811.225876,2519.350817,742.169791),(4802.537685,2544.477007,806.292197),(4799.719744,2578.557281,860.99334),(4803.000393,2618.830356,901.841598),(4812.114354,2662.033806,925.527594),(4920.037542,2565.926977,467.822828),(4912.749143,2533.737531,503.777633),(4902.402499,2511.372003,554.819228),(4889.835869,2500.642457,616.81236),(4876.067347,2502.418022,684.73461),(4862.21233,2516.554834,753.083558),(4849.393314,2541.907567,816.321748),(4838.648778,2576.422402,869.326209),(4830.849208,2617.303216,907.802695),(4826.626499,2661.237893,928.633972),(4934.613793,2566.722889,470.612959),(4940.72096,2535.264671,509.131939),(4941.503485,2513.506882,562.303827),(4936.898452,2503.211897,625.820973),(4927.279002,2505.214004,694.537425),(4913.423984,2519.350817,762.886373),(4896.455897,2544.477007,825.330361),(4877.749764,2578.557281,876.810808),(4858.821026,2618.830356,913.157),(4841.20275,2662.033806,931.424103),(4948.694034,2569.079754,472.979688),(4967.740663,2539.78758,513.673617),(4979.274048,2519.829194,568.652637),(4982.359593,2510.821722,633.46244),(4976.747536,2513.494489,702.852516),(4962.892518,2527.631302,771.201465),(4941.917038,2552.086832,832.971828),(4915.520327,2584.879592,883.159618),(4885.840729,2623.353265,917.698679),(4855.282991,2664.39067,933.790832),(4961.737185,2572.907159,474.832033),(4992.770296,2547.132346,517.228236),(5014.262245,2530.096224,573.621536),(5024.471875,2523.179235,639.443082),(5022.572358,2526.941492,709.360384),(5008.71734,2541.078305,777.709333),(4984.02932,2564.444345,838.95247),(4950.508523,2595.146623,888.128517),(4910.870361,2630.698031,921.253297),(4868.326142,2668.218075,935.643177),(4973.241954,2578.057947,476.098812),(5014.847713,2557.016563,519.659168),(5045.123797,2543.913252,577.019666),(5061.617353,2539.809592,643.533137),(5062.992253,2545.037981,713.810953),(5049.137235,2559.174794,782.159902),(5021.174798,2581.074703,843.042526),(4981.370076,2608.96365,891.526647),(4932.947778,2640.582247,923.684229),(4879.830911,2673.368864,936.909956),(4982.766135,2584.334245,476.731314),(5033.124345,2569.06065,520.872911),(5070.672477,2560.749424,578.716365),(5092.368086,2560.07389,645.575296),(5096.45396,2567.088597,716.033183),(5082.598942,2581.22541,784.382132),(5051.925531,2601.339,845.084684),(5006.918756,2625.799822,893.223346),(4951.22441,2652.626335,924.897972),(4889.355092,2679.645161,937.542458),(4989.943836,2591.494807,476.705266),(5046.898306,2582.801674,520.822935),(5089.926689,2579.957602,578.646503),(5115.542672,2583.193122,645.491199),(5121.671711,2592.245975,715.941701),(5107.816693,2606.382788,784.290649),(5075.100117,2624.458232,845.000587),(5026.172968,2645.008,893.153484),(4964.998371,2666.367358,924.847997),(4896.532793,2686.805723,937.51641),(4994.499092,2599.264432,476.021648),(5055.639992,2597.711426,519.511135),(5102.146212,2600.799795,576.812671),(5130.250625,2608.279053,643.284052),(5137.675906,2619.54323,713.53994),(5123.820888,2633.680043,781.888889),(5089.808069,2649.544163,842.79344),(5038.392491,2665.850194,891.319652),(4973.740057,2681.277111,923.536196),(4901.088048,2694.575348,936.832792),(4996.257138,2607.344542,474.706789),(5059.013294,2613.217158,516.987841),(5106.861896,2622.474801,573.285483),(5135.926256,2634.367445,639.038621),(5143.851939,2647.931594,708.920236),(5129.996921,2662.068406,777.269185),(5095.483701,2675.632555,838.548009),(5043.108175,2687.525199,887.792464),(4977.11336,2696.782842,921.012903),(4902.846095,2702.655458,935.517933),(4995.149901,2615.424652,472.811108),(5056.888894,2628.722889,513.350108),(5103.892015,2644.149806,568.200354),(5132.351902,2660.455837,632.918125),(5139.962433,2676.319957,702.260146),(5126.107415,2690.45677,770.609095),(5091.909347,2701.720947,832.427513),(5040.138294,2709.200205,882.707335),(4974.988959,2712.288574,917.37517),(4901.738857,2710.735568,933.622252),(4991.220446,2623.194277,470.407554),(5049.348107,2643.632642,508.737687),(5093.351217,2664.992,561.752776),(5119.664484,2685.541768,625.157661),(5126.156883,2703.617212,693.815651),(5112.301865,2717.754025,762.1646),(5079.221929,2726.806878,824.66705),(5029.597496,2730.042398,876.259757),(4967.448172,2727.198326,912.762749),(4897.809402,2718.505193,931.218698),(4984.619489,2630.354839,467.588433),(5036.68091,2657.373665,503.327823),(5075.644119,2684.200178,554.190486),(5098.352026,2708.661,616.055594),(5102.965422,2728.77459,683.911135),(5089.110404,2742.911403,752.260084),(5057.909471,2749.92611,815.564982),(5011.890398,2749.250576,868.697467),(4954.780976,2740.93935,907.352885),(4891.208445,2725.665755,928.399577),(4975.600829,2636.631136,464.462116),(5019.374363,2669.417753,497.328499),(5051.4515,2701.03635,545.804125),(5069.233471,2728.925297,605.961647),(5071.279771,2750.825206,672.927343),(5057.424753,2764.962019,741.276291),(5028.790916,2770.190408,805.471035),(4987.697779,2766.086748,860.311106),(4937.474429,2752.983437,901.35356),(4882.189786,2731.942053,925.27326),(4964.510928,2641.781925,461.148729),(4998.093066,2679.301969,490.970185),(5021.702834,2714.853377,536.915956),(5033.427478,2745.555655,595.263707),(5032.317449,2768.921695,661.286339),(5018.462431,2783.058508,729.635288),(4992.984923,2786.820765,794.773095),(4957.949113,2779.903776,851.422937),(4916.193132,2762.867654,894.995246),(4871.099885,2737.092841,921.959873),(4951.776054,2645.60933,457.775609),(4973.655014,2686.646735,484.497207),(4987.541591,2725.120408,527.867569),(4992.310526,2757.913168,584.372948),(4987.57571,2782.368698,649.435457),(4973.720692,2796.505511,717.784406),(4951.867971,2799.178278,783.882336),(4923.787869,2790.170806,842.37455),(4891.75508,2770.21242,888.522269),(4858.365011,2740.920246,918.586753),(4937.885646,2647.966194,454.472406),(4946.999607,2691.169644,478.158402),(4950.280256,2731.442719,519.00666),(4947.462315,2765.522993,573.707803),(4938.774124,2790.649183,637.830209),(4924.919106,2804.785996,706.179158),(4907.01976,2806.788103,773.217191),(4886.526534,2796.493118,833.513641),(4865.099672,2774.735329,882.183464),(4844.474602,2743.277111,915.28355),(4923.373501,2648.762107,451.366028),(4919.150792,2692.696784,472.197305),(4911.351222,2733.577598,510.673791),(4900.606686,2768.092433,563.678252),(4887.78767,2793.445166,626.916442),(4873.932653,2807.581978,695.26539),(4860.164131,2809.357543,763.18764),(4847.597501,2798.627997,825.180772),(4837.250857,2776.262469,876.222367),(4829.962458,2744.073023,912.177172),(4908.79725,2647.966194,448.575897),(4891.178974,2691.169644,466.843),(4872.250236,2731.442719,503.189192),(4853.544103,2765.522993,554.669639),(4836.576016,2790.649183,617.113627),(4822.720998,2804.785996,685.462575),(4813.101548,2806.788103,754.179027),(4808.496515,2796.493118,817.696173),(4809.27904,2774.735329,870.868061),(4815.386207,2743.277111,909.387041),(4894.717009,2645.60933,446.209168),(4864.159271,2686.646735,462.301321),(4834.479673,2725.120408,496.840382),(4808.082962,2757.913168,547.028172),(4787.107482,2782.368698,608.798535),(4773.252464,2796.505511,677.147484),(4767.640407,2799.178278,746.53756),(4770.725952,2790.170806,811.347363),(4782.259337,2770.21242,866.326383),(4801.305966,2740.920246,907.020312),(4881.673858,2641.781925,444.356823),(4839.129639,2679.301969,458.746703),(4799.491477,2714.853377,491.871483),(4765.97068,2745.555655,541.04753),(4741.28266,2768.921695,602.290667),(4727.427642,2783.058508,670.639616),(4725.528125,2786.820765,740.556918),(4735.737755,2779.903776,806.378464),(4757.229704,2762.867654,862.771764),(4788.262815,2737.092841,905.167967),(4870.169089,2636.631136,443.090044),(4817.052222,2669.417753,456.315771),(4768.629924,2701.03635,488.473353),(4728.825202,2728.925297,536.957474),(4700.862765,2750.825206,597.840098),(4687.007747,2764.962019,666.189047),(4688.382647,2770.190408,736.466863),(4704.876203,2766.086748,802.980334),(4735.152287,2752.983437,860.340832),(4776.758046,2731.942053,903.901188),(4860.644908,2630.354839,442.457542),(4798.77559,2657.373665,455.102028),(4743.081244,2684.200178,486.776654),(4698.074469,2708.661,534.915316),(4667.401058,2728.77459,595.617868),(4653.54604,2742.911403,663.966817),(4657.631914,2749.92611,734.424704),(4679.327523,2749.250576,801.283635),(4716.875655,2740.93935,859.127089),(4767.233865,2725.665755,903.268686),(4853.467207,2623.194277,442.48359),(4785.001629,2643.632642,455.152003),(4723.827032,2664.992,486.846516),(4674.899883,2685.541768,534.999413),(4642.183307,2703.617212,595.709351),(4628.328289,2717.754025,664.058299),(4634.457328,2726.806878,734.508801),(4660.073311,2730.042398,801.353497),(4703.101694,2727.198326,859.177065),(4760.056164,2718.505193,903.294734),(4848.911952,2615.424652,443.167208),(4776.259943,2628.722889,456.463804),(4711.607509,2644.149806,488.680348),(4660.191931,2660.455837,537.20656),(4626.179112,2676.319957,598.111111),(4612.324094,2690.45677,666.46006),(4619.749375,2701.720947,736.715948),(4647.853788,2709.200205,803.187329),(4694.360008,2712.288574,860.488865),(4755.500908,2710.735568,903.978352)));
#762=IFCTRIANGULATEDFACESET(#761,$,.T.,((2,1,13),(2,13,3),(3,13,14),(3,14,4),(4,14,15),(4,15,5),(5,15,16),(5,16,6),(6,16,17),(6,17,7),(7,17,18),(7,18,8),(8,18,19),(8,19,9),(9,19,20),(9,20,10),(10,20,21),(10,21,11),(11,21,22),(11,22,12),(13,1,23),(13,23,14),(14,23,24),(14,24,15),(15,24,25),(15,25,16),(16,25,26),(16,26,17),(17,26,27),(17,27,18),(18,27,28),(18,28,19),(19,28,29),(19,29,20),(20,29,30),(20,30,21),(21,30,31),(21,31,22),(22,31,32),(22,32,12),(23,1,33),(23,33,24),(24,33,34),(24,34,25),(25,34,35),(25,35,26),(26,35,36),(26,36,27),(27,36,37),(27,37,28),(28,37,38),(28,38,29),(29,38,39),(29,39,30),(30,39,40),(30,40,31),(31,40,41),(31,41,32),(32,41,42),(32,42,12),(33,1,43),(33,43,34),(34,43,44),(34,44,35),(35,44,45),(35,45,36),(36,45,46),(36,46,37),(37,46,47),(37,47,38),(38,47,48),(38,48,39),(39,48,49),(39,49,40),(40,49,50),(40,50,41),(41,50,51),(41,51,42),(42,51,52),(42,52,12),(43,1,53),(43,53,44),(44,53,54),(44,54,45),(45,54,55),(45,55,46),(46,55,56),(46,56,47),(47,56,57),(47,57,48),(48,57,58),(48,58,49),(49,58,59),(49,59,50),(50,59,60),(50,60,51),(51,60,61),(51,61,52),(52,61,62),(52,62,12),(53,1,63),(53,63,54),(54,63,64),(54,64,55),(55,64,65),(55,65,56),(56,65,66),(56,66,57),(57,66,67),(57,67,58),(58,67,68),(58,68,59),(59,68,69),(59,69,60),(60,69,70),(60,70,61),(61,70,71),(61,71,62),(62,71,72),(62,72,12),(63,1,73),(63,73,64),(64,73,74),(64,74,65),(65,74,75),(65,75,66),(66,75,76),(66,76,67),(67,76,77),(67,77,68),(68,77,78),(68,78,69),(69,78,79),(69,79,70),(70,79,80),(70,80,71),(71,80,81),(71,81,72),(72,81,82),(72,82,12),(73,1,83),(73,83,74),(74,83,84),(74,84,75),(75,84,85),(75,85,76),(76,85,86),(76,86,77),(77,86,87),(77,87,78),(78,87,88),(78,88,79),(79,88,89),(79,89,80),(80,89,90),(80,90,81),(81,90,91),(81,91,82),(82,91,92),(82,92,12),(83,1,93),(83,93,84),(84,93,94),(84,94,85),(85,94,95),(85,95,86),(86,95,96),(86,96,87),(87,96,97),(87,97,88),(88,97,98),(88,98,89),(89,98,99),(89,99,90),(90,99,100),(90,100,91),(91,100,101),(91,101,92),(92,101,102),(92,102,12),(93,1,103),(93,103,94),(94,103,104),(94,104,95),(95,104,105),(95,105,96),(96,105,106),(96,106,97),(97,106,107),(97,107,98),(98,107,108),(98,108,99),(99,108,109),(99,109,100),(100,109,110),(100,110,101),(101,110,111),(101,111,102),(102,111,112),(102,112,12),(103,1,113),(103,113,104),(104,113,114),(104,114,105),(105,114,115),(105,115,106),(106,115,116),(106,116,107),(107,116,117),(107,117,108),(108,117,118),(108,118,109),(109,118,119),(109,119,110),(110,119,120),(110,120,111),(111,120,121),(111,121,112),(112,121,122),(112,122,12),(113,1,123),(113,123,114),(114,123,124),(114,124,115),(115,124,125),(115,125,116),(116,125,126),(116,126,117),(117,126,127),(117,127,118),(118,127,128),(118,128,119),(119,128,129),(119,129,120),(120,129,130),(120,130,121),(121,130,131),(121,131,122),(122,131,132),(122,132,12),(123,1,133),(123,133,124),(124,133,134),(124,134,125),(125,134,135),(125,135,126),(126,135,136),(126,136,127),(127,136,137),(127,137,128),(128,137,138),(128,138,129),(129,138,139),(129,139,130),(130,139,140),(130,140,131),(131,140,141),(131,141,132),(132,141,142),(132,142,12),(133,1,143),(133,143,134),(134,143,144),(134,144,135),(135,144,145),(135,145,136),(136,145,146),(136,146,137),(137,146,147),(137,147,138),(138,147,148),(138,148,139),(139,148,149),(139,149,140),(140,149,150),(140,150,141),(141,150,151),(141,151,142),(142,151,152),(142,152,12),(143,1,153),(143,153,144),(144,153,154),(144,154,145),(145,154,155),(145,155,146),(146,155,156),(146,156,147),(147,156,157),(147,157,148),(148,157,158),(148,158,149),(149,158,159),(149,159,150),(150,159,160),(150,160,151),(151,160,161),(151,161,152),(152,161,162),(152,162,12),(153,1,163),(153,163,154),(154,163,164),(154,164,155),(155,164,165),(155,165,156),(156,165,166),(156,166,157),(157,166,167),(157,167,158),(158,167,168),(158,168,159),(159,168,169),(159,169,160),(160,169,170),(160,170,161),(161,170,171),(161,171,162),(162,171,172),(162,172,12),(163,1,173),(163,173,164),(164,173,174),(164,174,165),(165,174,175),(165,175,166),(166,175,176),(166,176,167),(167,176,177),(167,177,168),(168,177,178),(168,178,169),(169,178,179),(169,179,170),(170,179,180),(170,180,171),(171,180,181),(171,181,172),(172,181,182),(172,182,12),(173,1,183),(173,183,174),(174,183,184),(174,184,175),(175,184,185),(175,185,176),(176,185,186),(176,186,177),(177,186,187),(177,187,178),(178,187,188),(178,188,179),(179,188,189),(179,189,180),(180,189,190),(180,190,181),(181,190,191),(181,191,182),(182,191,192),(182,192,12),(183,1,193),(183,193,184),(184,193,194),(184,194,185),(185,194,195),(185,195,186),(186,195,196),(186,196,187),(187,196,197),(187,197,188),(188,197,198),(188,198,189),(189,198,199),(189,199,190),(190,199,200),(190,200,191),(191,200,201),(191,201,192),(192,201,202),(192,202,12),(193,1,203),(193,203,194),(194,203,204),(194,204,195),(195,204,205),(195,205,196),(196,205,206),(196,206,197),(197,206,207),(197,207,198),(198,207,208),(198,208,199),(199,208,209),(199,209,200),(200,209,210),(200,210,201),(201,210,211),(201,211,202),(202,211,212),(202,212,12),(203,1,213),(203,213,204),(204,213,214),(204,214,205),(205,214,215),(205,215,206),(206,215,216),(206,216,207),(207,216,217),(207,217,208),(208,217,218),(208,218,209),(209,218,219),(209,219,210),(210,219,220),(210,220,211),(211,220,221),(211,221,212),(212,221,222),(212,222,12),(213,1,223),(213,223,214),(214,223,224),(214,224,215),(215,224,225),(215,225,216),(216,225,226),(216,226,217),(217,226,227),(217,227,218),(218,227,228),(218,228,219),(219,228,229),(219,229,220),(220,229,230),(220,230,221),(221,230,231),(221,231,222),(222,231,232),(222,232,12),(223,1,233),(223,233,224),(224,233,234),(224,234,225),(225,234,235),(225,235,226),(226,235,236),(226,236,227),(227,236,237),(227,237,228),(228,237,238),(228,238,229),(229,238,239),(229,239,230),(230,239,240),(230,240,231),(231,240,241),(231,241,232),(232,241,242),(232,242,12),(233,1,243),(233,243,234),(234,243,244),(234,244,235),(235,244,245),(235,245,236),(236,245,246),(236,246,237),(237,246,247),(237,247,238),(238,247,248),(238,248,239),(239,248,249),(239,249,240),(240,249,250),(240,250,241),(241,250,251),(241,251,242),(242,251,252),(242,252,12),(243,1,253),(243,253,244),(244,253,254),(244,254,245),(245,254,255),(245,255,246),(246,255,256),(246,256,247),(247,256,257),(247,257,248),(248,257,258),(248,258,249),(249,258,259),(249,259,250),(250,259,260),(250,260,251),(251,260,261),(251,261,252),(252,261,262),(252,262,12),(253,1,263),(253,263,254),(254,263,264),(254,264,255),(255,264,265),(255,265,256),(256,265,266),(256,266,257),(257,266,267),(257,267,258),(258,267,268),(258,268,259),(259,268,269),(259,269,260),(260,269,270),(260,270,261),(261,270,271),(261,271,262),(262,271,272),(262,272,12),(263,1,273),(263,273,264),(264,273,274),(264,274,265),(265,274,275),(265,275,266),(266,275,276),(266,276,267),(267,276,277),(267,277,268),(268,277,278),(268,278,269),(269,278,279),(269,279,270),(270,279,280),(270,280,271),(271,280,281),(271,281,272),(272,281,282),(272,282,12),(273,1,283),(273,283,274),(274,283,284),(274,284,275),(275,284,285),(275,285,276),(276,285,286),(276,286,277),(277,286,287),(277,287,278),(278,287,288),(278,288,279),(279,288,289),(279,289,280),(280,289,290),(280,290,281),(281,290,291),(281,291,282),(282,291,292),(282,292,12),(283,1,293),(283,293,284),(284,293,294),(284,294,285),(285,294,295),(285,295,286),(286,295,296),(286,296,287),(287,296,297),(287,297,288),(288,297,298),(288,298,289),(289,298,299),(289,299,290),(290,299,300),(290,300,291),(291,300,301),(291,301,292),(292,301,302),(292,302,12),(293,1,303),(293,303,294),(294,303,304),(294,304,295),(295,304,305),(295,305,296),(296,305,306),(296,306,297),(297,306,307),(297,307,298),(298,307,308),(298,308,299),(299,308,309),(299,309,300),(300,309,310),(300,310,301),(301,310,311),(301,311,302),(302,311,312),(302,312,12),(303,1,313),(303,313,304),(304,313,314),(304,314,305),(305,314,315),(305,315,306),(306,315,316),(306,316,307),(307,316,317),(307,317,308),(308,317,318),(308,318,309),(309,318,319),(309,319,310),(310,319,320),(310,320,311),(311,320,321),(311,321,312),(312,321,322),(312,322,12),(313,1,2),(313,2,314),(314,2,3),(314,3,315),(315,3,4),(315,4,316),(316,4,5),(316,5,317),(317,5,6),(317,6,318),(318,6,7),(318,7,319),(319,7,8),(319,8,320),(320,8,9),(320,9,321),(321,9,10),(321,10,322),(322,10,11),(322,11,12)),$);
#763=IFCCARTESIANPOINTLIST3D(((5775.,2635.,0.),(5800.,2635.,0.),(5800.,2635.,170.),(5775.,2635.,170.),(5798.776425,2642.725425,0.),(5798.776425,2642.725425,170.),(5795.225425,2649.694625,0.),(5795.225425,2649.694625,170.),(5789.694625,2655.225425,0.),(5789.694625,2655.225425,170.),(5782.725425,2658.776425,0.),(5782.725425,2658.776425,170.),(5775.,2660.,0.),(5775.,2660.,170.),(5767.274575,2658.776425,0.),(5767.274575,2658.776425,170.),(5760.305375,2655.225425,0.),(5760.305375,2655.225425,170.),(5754.774575,2649.694625,0.),(5754.774575,2649.694625,170.),(5751.223575,2642.725425,0.),(5751.223575,2642.725425,170.),(5750.,2635.,0.),(5750.,2635.,170.),(5751.223575,2627.274575,0.),(5751.223575,2627.274575,170.),(5754.774575,2620.305375,0.),(5754.774575,2620.305375,170.),(5760.305375,2614.774575,0.),(5760.305375,2614.774575,170.),(5767.274575,2611.223575,0.),(5767.274575,2611.223575,170.),(5775.,2610.,0.),(5775.,2610.,170.),(5782.725425,2611.223575,0.),(5782.725425,2611.223575,170.),(5789.694625,2614.774575,0.),(5789.694625,2614.774575,170.),(5795.225425,2620.305375,0.),(5795.225425,2620.305375,170.),(5798.776425,2627.274575,0.),(5798.776425,2627.274575,170.)));
#764=IFCTRIANGULATEDFACESET(#763,$,.T.,((2,1,5),(2,5,3),(3,5,6),(3,6,4),(5,1,7),(5,7,6),(6,7,8),(6,8,4),(7,1,9),(7,9,8),(8,9,10),(8,10,4),(9,1,11),(9,11,10),(10,11,12),(10,12,4),(11,1,13),(11,13,12),(12,13,14),(12,14,4),(13,1,15),(13,15,14),(14,15,16),(14,16,4),(15,1,17),(15,17,16),(16,17,18),(16,18,4),(17,1,19),(17,19,18),(18,19,20),(18,20,4),(19,1,21),(19,21,20),(20,21,22),(20,22,4),(21,1,23),(21,23,22),(22,23,24),(22,24,4),(23,1,25),(23,25,24),(24,25,26),(24,26,4),(25,1,27),(25,27,26),(26,27,28),(26,28,4),(27,1,29),(27,29,28),(28,29,30),(28,30,4),(29,1,31),(29,31,30),(30,31,32),(30,32,4),(31,1,33),(31,33,32),(32,33,34),(32,34,4),(33,1,35),(33,35,34),(34,35,36),(34,36,4),(35,1,37),(35,37,36),(36,37,38),(36,38,4),(37,1,39),(37,39,38),(38,39,40),(38,40,4),(39,1,41),(39,41,40),(40,41,42),(40,42,4),(41,1,2),(41,2,42),(42,2,3),(42,3,4)),$);
#765=IFCCARTESIANPOINTLIST3D(((4575.,2635.,0.),(4600.,2635.,0.),(4600.,2635.,170.),(4575.,2635.,170.),(4598.776425,2642.725425,0.),(4598.776425,2642.725425,170.),(4595.225425,2649.694625,0.),(4595.225425,2649.694625,170.),(4589.694625,2655.225425,0.),(4589.694625,2655.225425,170.),(4582.725425,2658.776425,0.),(4582.725425,2658.776425,170.),(4575.,2660.,0.),(4575.,2660.,170.),(4567.274575,2658.776425,0.),(4567.274575,2658.776425,170.),(4560.305375,2655.225425,0.),(4560.305375,2655.225425,170.),(4554.774575,2649.694625,0.),(4554.774575,2649.694625,170.),(4551.223575,2642.725425,0.),(4551.223575,2642.725425,170.),(4550.,2635.,0.),(4550.,2635.,170.),(4551.223575,2627.274575,0.),(4551.223575,2627.274575,170.),(4554.774575,2620.305375,0.),(4554.774575,2620.305375,170.),(4560.305375,2614.774575,0.),(4560.305375,2614.774575,170.),(4567.274575,2611.223575,0.),(4567.274575,2611.223575,170.),(4575.,2610.,0.),(4575.,2610.,170.),(4582.725425,2611.223575,0.),(4582.725425,2611.223575,170.),(4589.694625,2614.774575,0.),(4589.694625,2614.774575,170.),(4595.225425,2620.305375,0.),(4595.225425,2620.305375,170.),(4598.776425,2627.274575,0.),(4598.776425,2627.274575,170.)));
#766=IFCTRIANGULATEDFACESET(#765,$,.T.,((2,1,5),(2,5,3),(3,5,6),(3,6,4),(5,1,7),(5,7,6),(6,7,8),(6,8,4),(7,1,9),(7,9,8),(8,9,10),(8,10,4),(9,1,11),(9,11,10),(10,11,12),(10,12,4),(11,1,13),(11,13,12),(12,13,14),(12,14,4),(13,1,15),(13,15,14),(14,15,16),(14,16,4),(15,1,17),(15,17,16),(16,17,18),(16,18,4),(17,1,19),(17,19,18),(18,19,20),(18,20,4),(19,1,21),(19,21,20),(20,21,22),(20,22,4),(21,1,23),(21,23,22),(22,23,24),(22,24,4),(23,1,25),(23,25,24),(24,25,26),(24,26,4),(25,1,27),(25,27,26),(26,27,28),(26,28,4),(27,1,29),(27,29,28),(28,29,30),(28,30,4),(29,1,31),(29,31,30),(30,31,32),(30,32,4),(31,1,33),(31,33,32),(32,33,34),(32,34,4),(33,1,35),(33,35,34),(34,35,36),(34,36,4),(35,1,37),(35,37,36),(36,37,38),(36,38,4),(37,1,39),(37,39,38),(38,39,40),(38,40,4),(39,1,41),(39,41,40),(40,41,42),(40,42,4),(41,1,2),(41,2,42),(42,2,3),(42,3,4)),$);
#767=IFCSHAPEREPRESENTATION(#6,'Body','Tessellation',(#746,#748,#750,#752,#754,#756,#758,#760,#762,#764,#766));
#768=IFCPRODUCTDEFINITIONSHAPE($,$,(#767));
#769=IFCFURNISHINGELEMENT('2d1dArWX9JlPst8GY_qgaO',$,'Sofa','Authored furniture assembly',$,#19,#768,'F0-living/sofa');
#770=IFCPROPERTYSINGLEVALUE('ReviewStatus',$,IFCLABEL('PRELIMINARY - NOT FOR CONSTRUCTION'),$);
#771=IFCPROPERTYSINGLEVALUE('PlanHash',$,IFCLABEL('9bdd75bf2ea4a15314ae6a886c801c8d1d01f7572e2e002ab2ad73d238ef7a80'),$);
#772=IFCPROPERTYSET('2CIqRt4xrMEwe1Qk6MBiKv',$,'FloorForge_Review',$,(#770,#771));
#773=IFCRELDEFINESBYPROPERTIES('2xnyC5dOjLxPpExTyKukAx',$,$,$,(#769),#772);
#774=IFCCARTESIANPOINTLIST3D(((5716.124,1841.124,338.876),(5717.925,1842.925,343.706),(5718.841,1843.841,350.293),(5718.849,1843.849,360.),(5718.841,1843.841,369.707),(5717.925,1842.925,376.294),(5716.124,1841.124,381.124),(5718.849,1725.,336.151),(5722.602,1725.,341.256),(5724.976,1725.,350.001),(5725.,1725.,360.),(5724.976,1725.,369.999),(5722.602,1725.,378.744),(5718.849,1725.,383.849),(5718.849,1600.,336.151),(5722.602,1600.,341.256),(5724.976,1600.,350.001),(5725.,1600.,360.),(5724.976,1600.,369.999),(5722.602,1600.,378.744),(5718.849,1600.,383.849),(5718.849,1475.,336.151),(5722.602,1475.,341.256),(5724.976,1475.,350.001),(5725.,1475.,360.),(5724.976,1475.,369.999),(5722.602,1475.,378.744),(5718.849,1475.,383.849),(5718.849,1350.,336.151),(5722.602,1350.,341.256),(5724.976,1350.,350.001),(5725.,1350.,360.),(5724.976,1350.,369.999),(5722.602,1350.,378.744),(5718.849,1350.,383.849),(5718.849,1225.,336.151),(5722.602,1225.,341.256),(5724.976,1225.,350.001),(5725.,1225.,360.),(5724.976,1225.,369.999),(5722.602,1225.,378.744),(5718.849,1225.,383.849),(5716.124,1108.876,338.876),(5717.925,1107.075,343.706),(5718.841,1106.159,350.293),(5718.849,1106.151,360.),(5718.841,1106.159,369.707),(5717.925,1107.075,376.294),(5716.124,1108.876,381.124),(4633.876,1841.124,338.876),(4632.075,1842.925,343.706),(4631.159,1843.841,350.293),(4631.151,1843.849,360.),(4631.159,1843.841,369.707),(4632.075,1842.925,376.294),(4633.876,1841.124,381.124),(4631.151,1725.,336.151),(4627.398,1725.,341.256),(4625.024,1725.,350.001),(4625.,1725.,360.),(4625.024,1725.,369.999),(4627.398,1725.,378.744),(4631.151,1725.,383.849),(4631.151,1600.,336.151),(4627.398,1600.,341.256),(4625.024,1600.,350.001),(4625.,1600.,360.),(4625.024,1600.,369.999),(4627.398,1600.,378.744),(4631.151,1600.,383.849),(4631.151,1475.,336.151),(4627.398,1475.,341.256),(4625.024,1475.,350.001),(4625.,1475.,360.),(4625.024,1475.,369.999),(4627.398,1475.,378.744),(4631.151,1475.,383.849),(4631.151,1350.,336.151),(4627.398,1350.,341.256),(4625.024,1350.,350.001),(4625.,1350.,360.),(4625.024,1350.,369.999),(4627.398,1350.,378.744),(4631.151,1350.,383.849),(4631.151,1225.,336.151),(4627.398,1225.,341.256),(4625.024,1225.,350.001),(4625.,1225.,360.),(4625.024,1225.,369.999),(4627.398,1225.,378.744),(4631.151,1225.,383.849),(4633.876,1108.876,338.876),(4632.075,1107.075,343.706),(4631.159,1106.159,350.293),(4631.151,1106.151,360.),(4631.159,1106.159,369.707),(4632.075,1107.075,376.294),(4633.876,1108.876,381.124),(5541.667,1843.849,336.151),(5541.667,1847.602,341.256),(5541.667,1849.976,350.001),(5541.667,1850.,360.),(5541.667,1849.976,369.999),(5541.667,1847.602,378.744),(5541.667,1843.849,383.849),(5358.333,1843.849,336.151),(5358.333,1847.602,341.256),(5358.333,1849.976,350.001),(5358.333,1850.,360.),(5358.333,1849.976,369.999),(5358.333,1847.602,378.744),(5358.333,1843.849,383.849),(5175.,1843.849,336.151),(5175.,1847.602,341.256),(5175.,1849.976,350.001),(5175.,1850.,360.),(5175.,1849.976,369.999),(5175.,1847.602,378.744),(5175.,1843.849,383.849),(4991.667,1843.849,336.151),(4991.667,1847.602,341.256),(4991.667,1849.976,350.001),(4991.667,1850.,360.),(4991.667,1849.976,369.999),(4991.667,1847.602,378.744),(4991.667,1843.849,383.849),(4808.333,1843.849,336.151),(4808.333,1847.602,341.256),(4808.333,1849.976,350.001),(4808.333,1850.,360.),(4808.333,1849.976,369.999),(4808.333,1847.602,378.744),(4808.333,1843.849,383.849),(5541.667,1106.151,336.151),(5541.667,1102.398,341.256),(5541.667,1100.024,350.001),(5541.667,1100.,360.),(5541.667,1100.024,369.999),(5541.667,1102.398,378.744),(5541.667,1106.151,383.849),(5358.333,1106.151,336.151),(5358.333,1102.398,341.256),(5358.333,1100.024,350.001),(5358.333,1100.,360.),(5358.333,1100.024,369.999),(5358.333,1102.398,378.744),(5358.333,1106.151,383.849),(5175.,1106.151,336.151),(5175.,1102.398,341.256),(5175.,1100.024,350.001),(5175.,1100.,360.),(5175.,1100.024,369.999),(5175.,1102.398,378.744),(5175.,1106.151,383.849),(4991.667,1106.151,336.151),(4991.667,1102.398,341.256),(4991.667,1100.024,350.001),(4991.667,1100.,360.),(4991.667,1100.024,369.999),(4991.667,1102.398,378.744),(4991.667,1106.151,383.849),(4808.333,1106.151,336.151),(4808.333,1102.398,341.256),(4808.333,1100.024,350.001),(4808.333,1100.,360.),(4808.333,1100.024,369.999),(4808.333,1102.398,378.744),(4808.333,1106.151,383.849),(5541.667,1725.,330.),(5541.667,1600.,330.),(5541.667,1475.,330.),(5541.667,1350.,330.),(5541.667,1225.,330.),(5358.333,1725.,330.),(5358.333,1600.,330.),(5358.333,1475.,330.),(5358.333,1350.,330.),(5358.333,1225.,330.),(5175.,1725.,330.),(5175.,1600.,330.),(5175.,1475.,330.),(5175.,1350.,330.),(5175.,1225.,330.),(4991.667,1725.,330.),(4991.667,1600.,330.),(4991.667,1475.,330.),(4991.667,1350.,330.),(4991.667,1225.,330.),(4808.333,1725.,330.),(4808.333,1600.,330.),(4808.333,1475.,330.),(4808.333,1350.,330.),(4808.333,1225.,330.),(5541.667,1725.,390.),(5541.667,1600.,390.),(5541.667,1475.,390.),(5541.667,1350.,390.),(5541.667,1225.,390.),(5358.333,1725.,390.),(5358.333,1600.,390.),(5358.333,1475.,390.),(5358.333,1350.,390.),(5358.333,1225.,390.),(5175.,1725.,390.),(5175.,1600.,390.),(5175.,1475.,390.),(5175.,1350.,390.),(5175.,1225.,390.),(4991.667,1725.,390.),(4991.667,1600.,390.),(4991.667,1475.,390.),(4991.667,1350.,390.),(4991.667,1225.,390.),(4808.333,1725.,390.),(4808.333,1600.,390.),(4808.333,1475.,390.),(4808.333,1350.,390.),(4808.333,1225.,390.)));
#775=IFCTRIANGULATEDFACESET(#774,$,.T.,((1,2,9),(1,9,8),(2,3,10),(2,10,9),(3,4,11),(3,11,10),(4,5,12),(4,12,11),(5,6,13),(5,13,12),(6,7,14),(6,14,13),(8,9,16),(8,16,15),(9,10,17),(9,17,16),(10,11,18),(10,18,17),(11,12,19),(11,19,18),(12,13,20),(12,20,19),(13,14,21),(13,21,20),(15,16,23),(15,23,22),(16,17,24),(16,24,23),(17,18,25),(17,25,24),(18,19,26),(18,26,25),(19,20,27),(19,27,26),(20,21,28),(20,28,27),(22,23,30),(22,30,29),(23,24,31),(23,31,30),(24,25,32),(24,32,31),(25,26,33),(25,33,32),(26,27,34),(26,34,33),(27,28,35),(27,35,34),(29,30,37),(29,37,36),(30,31,38),(30,38,37),(31,32,39),(31,39,38),(32,33,40),(32,40,39),(33,34,41),(33,41,40),(34,35,42),(34,42,41),(36,37,44),(36,44,43),(37,38,45),(37,45,44),(38,39,46),(38,46,45),(39,40,47),(39,47,46),(40,41,48),(40,48,47),(41,42,49),(41,49,48),(58,51,50),(57,58,50),(59,52,51),(58,59,51),(60,53,52),(59,60,52),(61,54,53),(60,61,53),(62,55,54),(61,62,54),(63,56,55),(62,63,55),(65,58,57),(64,65,57),(66,59,58),(65,66,58),(67,60,59),(66,67,59),(68,61,60),(67,68,60),(69,62,61),(68,69,61),(70,63,62),(69,70,62),(72,65,64),(71,72,64),(73,66,65),(72,73,65),(74,67,66),(73,74,66),(75,68,67),(74,75,67),(76,69,68),(75,76,68),(77,70,69),(76,77,69),(79,72,71),(78,79,71),(80,73,72),(79,80,72),(81,74,73),(80,81,73),(82,75,74),(81,82,74),(83,76,75),(82,83,75),(84,77,76),(83,84,76),(86,79,78),(85,86,78),(87,80,79),(86,87,79),(88,81,80),(87,88,80),(89,82,81),(88,89,81),(90,83,82),(89,90,82),(91,84,83),(90,91,83),(93,86,85),(92,93,85),(94,87,86),(93,94,86),(95,88,87),(94,95,87),(96,89,88),(95,96,88),(97,90,89),(96,97,89),(98,91,90),(97,98,90),(100,2,1),(99,100,1),(101,3,2),(100,101,2),(102,4,3),(101,102,3),(103,5,4),(102,103,4),(104,6,5),(103,104,5),(105,7,6),(104,105,6),(107,100,99),(106,107,99),(108,101,100),(107,108,100),(109,102,101),(108,109,101),(110,103,102),(109,110,102),(111,104,103),(110,111,103),(112,105,104),(111,112,104),(114,107,106),(113,114,106),(115,108,107),(114,115,107),(116,109,108),(115,116,108),(117,110,109),(116,117,109),(118,111,110),(117,118,110),(119,112,111),(118,119,111),(121,114,113),(120,121,113),(122,115,114),(121,122,114),(123,116,115),(122,123,115),(124,117,116),(123,124,116),(125,118,117),(124,125,117),(126,119,118),(125,126,118),(128,121,120),(127,128,120),(129,122,121),(128,129,121),(130,123,122),(129,130,122),(131,124,123),(130,131,123),(132,125,124),(131,132,124),(133,126,125),(132,133,125),(51,128,127),(50,51,127),(52,129,128),(51,52,128),(53,130,129),(52,53,129),(54,131,130),(53,54,130),(55,132,131),(54,55,131),(56,133,132),(55,56,132),(43,44,135),(43,135,134),(44,45,136),(44,136,135),(45,46,137),(45,137,136),(46,47,138),(46,138,137),(47,48,139),(47,139,138),(48,49,140),(48,140,139),(134,135,142),(134,142,141),(135,136,143),(135,143,142),(136,137,144),(136,144,143),(137,138,145),(137,145,144),(138,139,146),(138,146,145),(139,140,147),(139,147,146),(141,142,149),(141,149,148),(142,143,150),(142,150,149),(143,144,151),(143,151,150),(144,145,152),(144,152,151),(145,146,153),(145,153,152),(146,147,154),(146,154,153),(148,149,156),(148,156,155),(149,150,157),(149,157,156),(150,151,158),(150,158,157),(151,152,159),(151,159,158),(152,153,160),(152,160,159),(153,154,161),(153,161,160),(155,156,163),(155,163,162),(156,157,164),(156,164,163),(157,158,165),(157,165,164),(158,159,166),(158,166,165),(159,160,167),(159,167,166),(160,161,168),(160,168,167),(162,163,93),(162,93,92),(163,164,94),(163,94,93),(164,165,95),(164,95,94),(165,166,96),(165,96,95),(166,167,97),(166,97,96),(167,168,98),(167,98,97),(1,8,169),(1,169,99),(8,15,170),(8,170,169),(15,22,171),(15,171,170),(22,29,172),(22,172,171),(29,36,173),(29,173,172),(36,43,134),(36,134,173),(99,169,174),(99,174,106),(169,170,175),(169,175,174),(170,171,176),(170,176,175),(171,172,177),(171,177,176),(172,173,178),(172,178,177),(173,134,141),(173,141,178),(106,174,179),(106,179,113),(174,175,180),(174,180,179),(175,176,181),(175,181,180),(176,177,182),(176,182,181),(177,178,183),(177,183,182),(178,141,148),(178,148,183),(113,179,184),(113,184,120),(179,180,185),(179,185,184),(180,181,186),(180,186,185),(181,182,187),(181,187,186),(182,183,188),(182,188,187),(183,148,155),(183,155,188),(120,184,189),(120,189,127),(184,185,190),(184,190,189),(185,186,191),(185,191,190),(186,187,192),(186,192,191),(187,188,193),(187,193,192),(188,155,162),(188,162,193),(127,189,57),(127,57,50),(189,190,64),(189,64,57),(190,191,71),(190,71,64),(191,192,78),(191,78,71),(192,193,85),(192,85,78),(193,162,92),(193,92,85),(194,14,7),(105,194,7),(195,21,14),(194,195,14),(196,28,21),(195,196,21),(197,35,28),(196,197,28),(198,42,35),(197,198,35),(140,49,42),(198,140,42),(199,194,105),(112,199,105),(200,195,194),(199,200,194),(201,196,195),(200,201,195),(202,197,196),(201,202,196),(203,198,197),(202,203,197),(147,140,198),(203,147,198),(204,199,112),(119,204,112),(205,200,199),(204,205,199),(206,201,200),(205,206,200),(207,202,201),(206,207,201),(208,203,202),(207,208,202),(154,147,203),(208,154,203),(209,204,119),(126,209,119),(210,205,204),(209,210,204),(211,206,205),(210,211,205),(212,207,206),(211,212,206),(213,208,207),(212,213,207),(161,154,208),(213,161,208),(214,209,126),(133,214,126),(215,210,209),(214,215,209),(216,211,210),(215,216,210),(217,212,211),(216,217,211),(218,213,212),(217,218,212),(168,161,213),(218,168,213),(63,214,133),(56,63,133),(70,215,214),(63,70,214),(77,216,215),(70,77,215),(84,217,216),(77,84,216),(91,218,217),(84,91,217),(98,168,218),(91,98,218)),$);
#776=IFCCARTESIANPOINTLIST3D(((5175.,1695.,15.),(5220.,1695.,15.),(5220.,1695.,345.),(5175.,1695.,345.),(5217.797565,1708.905765,15.),(5217.797565,1708.905765,345.),(5211.405765,1721.450325,15.),(5211.405765,1721.450325,345.),(5201.450325,1731.405765,15.),(5201.450325,1731.405765,345.),(5188.905765,1737.797565,15.),(5188.905765,1737.797565,345.),(5175.,1740.,15.),(5175.,1740.,345.),(5161.094235,1737.797565,15.),(5161.094235,1737.797565,345.),(5148.549675,1731.405765,15.),(5148.549675,1731.405765,345.),(5138.594235,1721.450325,15.),(5138.594235,1721.450325,345.),(5132.202435,1708.905765,15.),(5132.202435,1708.905765,345.),(5130.,1695.,15.),(5130.,1695.,345.),(5132.202435,1681.094235,15.),(5132.202435,1681.094235,345.),(5138.594235,1668.549675,15.),(5138.594235,1668.549675,345.),(5148.549675,1658.594235,15.),(5148.549675,1658.594235,345.),(5161.094235,1652.202435,15.),(5161.094235,1652.202435,345.),(5175.,1650.,15.),(5175.,1650.,345.),(5188.905765,1652.202435,15.),(5188.905765,1652.202435,345.),(5201.450325,1658.594235,15.),(5201.450325,1658.594235,345.),(5211.405765,1668.549675,15.),(5211.405765,1668.549675,345.),(5217.797565,1681.094235,15.),(5217.797565,1681.094235,345.)));
#777=IFCTRIANGULATEDFACESET(#776,$,.T.,((2,1,5),(2,5,3),(3,5,6),(3,6,4),(5,1,7),(5,7,6),(6,7,8),(6,8,4),(7,1,9),(7,9,8),(8,9,10),(8,10,4),(9,1,11),(9,11,10),(10,11,12),(10,12,4),(11,1,13),(11,13,12),(12,13,14),(12,14,4),(13,1,15),(13,15,14),(14,15,16),(14,16,4),(15,1,17),(15,17,16),(16,17,18),(16,18,4),(17,1,19),(17,19,18),(18,19,20),(18,20,4),(19,1,21),(19,21,20),(20,21,22),(20,22,4),(21,1,23),(21,23,22),(22,23,24),(22,24,4),(23,1,25),(23,25,24),(24,25,26),(24,26,4),(25,1,27),(25,27,26),(26,27,28),(26,28,4),(27,1,29),(27,29,28),(28,29,30),(28,30,4),(29,1,31),(29,31,30),(30,31,32),(30,32,4),(31,1,33),(31,33,32),(32,33,34),(32,34,4),(33,1,35),(33,35,34),(34,35,36),(34,36,4),(35,1,37),(35,37,36),(36,37,38),(36,38,4),(37,1,39),(37,39,38),(38,39,40),(38,40,4),(39,1,41),(39,41,40),(40,41,42),(40,42,4),(41,1,2),(41,2,42),(42,2,3),(42,3,4)),$);
#778=IFCCARTESIANPOINTLIST3D(((5175.,1255.,15.),(5220.,1255.,15.),(5220.,1255.,345.),(5175.,1255.,345.),(5217.797565,1268.905765,15.),(5217.797565,1268.905765,345.),(5211.405765,1281.450325,15.),(5211.405765,1281.450325,345.),(5201.450325,1291.405765,15.),(5201.450325,1291.405765,345.),(5188.905765,1297.797565,15.),(5188.905765,1297.797565,345.),(5175.,1300.,15.),(5175.,1300.,345.),(5161.094235,1297.797565,15.),(5161.094235,1297.797565,345.),(5148.549675,1291.405765,15.),(5148.549675,1291.405765,345.),(5138.594235,1281.450325,15.),(5138.594235,1281.450325,345.),(5132.202435,1268.905765,15.),(5132.202435,1268.905765,345.),(5130.,1255.,15.),(5130.,1255.,345.),(5132.202435,1241.094235,15.),(5132.202435,1241.094235,345.),(5138.594235,1228.549675,15.),(5138.594235,1228.549675,345.),(5148.549675,1218.594235,15.),(5148.549675,1218.594235,345.),(5161.094235,1212.202435,15.),(5161.094235,1212.202435,345.),(5175.,1210.,15.),(5175.,1210.,345.),(5188.905765,1212.202435,15.),(5188.905765,1212.202435,345.),(5201.450325,1218.594235,15.),(5201.450325,1218.594235,345.),(5211.405765,1228.549675,15.),(5211.405765,1228.549675,345.),(5217.797565,1241.094235,15.),(5217.797565,1241.094235,345.)));
#779=IFCTRIANGULATEDFACESET(#778,$,.T.,((2,1,5),(2,5,3),(3,5,6),(3,6,4),(5,1,7),(5,7,6),(6,7,8),(6,8,4),(7,1,9),(7,9,8),(8,9,10),(8,10,4),(9,1,11),(9,11,10),(10,11,12),(10,12,4),(11,1,13),(11,13,12),(12,13,14),(12,14,4),(13,1,15),(13,15,14),(14,15,16),(14,16,4),(15,1,17),(15,17,16),(16,17,18),(16,18,4),(17,1,19),(17,19,18),(18,19,20),(18,20,4),(19,1,21),(19,21,20),(20,21,22),(20,22,4),(21,1,23),(21,23,22),(22,23,24),(22,24,4),(23,1,25),(23,25,24),(24,25,26),(24,26,4),(25,1,27),(25,27,26),(26,27,28),(26,28,4),(27,1,29),(27,29,28),(28,29,30),(28,30,4),(29,1,31),(29,31,30),(30,31,32),(30,32,4),(31,1,33),(31,33,32),(32,33,34),(32,34,4),(33,1,35),(33,35,34),(34,35,36),(34,36,4),(35,1,37),(35,37,36),(36,37,38),(36,38,4),(37,1,39),(37,39,38),(38,39,40),(38,40,4),(39,1,41),(39,41,40),(40,41,42),(40,42,4),(41,1,2),(41,2,42),(42,2,3),(42,3,4)),$);
#780=IFCCARTESIANPOINTLIST3D(((5255.,1255.,394.),(5255.,1255.,427.),(5255.,1535.,394.),(5255.,1535.,427.),(5455.,1255.,394.),(5455.,1255.,427.),(5455.,1535.,394.),(5455.,1535.,427.)));
#781=IFCTRIANGULATEDFACESET(#780,$,.T.,((2,4,1),(5,2,1),(1,4,3),(3,5,1),(2,8,4),(6,2,5),(6,8,2),(4,8,3),(7,5,3),(3,8,7),(7,6,5),(8,6,7)),$);
#782=IFCCARTESIANPOINTLIST3D(((5130.,1605.,394.),(5155.,1605.,474.),(5150.,1605.,554.),(5130.,1605.,574.),(5120.,1605.,574.),(5139.,1605.,544.),(5143.,1605.,474.),(5115.,1605.,409.),(5128.126,1619.235,394.),(5152.274,1625.706,474.),(5147.444,1624.411,554.),(5128.126,1619.235,574.),(5118.467,1616.647,574.),(5136.819,1621.564,544.),(5140.683,1622.6,474.),(5113.637,1615.353,409.),(5122.631,1632.5,394.),(5144.282,1645.,474.),(5139.952,1642.5,554.),(5122.631,1632.5,574.),(5113.971,1627.5,574.),(5130.426,1637.,544.),(5133.89,1639.,474.),(5109.641,1625.,409.),(5113.891,1643.891,394.),(5131.569,1661.569,474.),(5128.033,1658.033,554.),(5113.891,1643.891,574.),(5106.82,1636.82,574.),(5120.255,1650.255,544.),(5123.083,1653.083,474.),(5103.284,1633.284,409.),(5102.5,1652.631,394.),(5115.,1674.282,474.),(5112.5,1669.952,554.),(5102.5,1652.631,574.),(5097.5,1643.971,574.),(5107.,1660.426,544.),(5109.,1663.89,474.),(5095.,1639.641,409.),(5089.235,1658.126,394.),(5095.706,1682.274,474.),(5094.411,1677.444,554.),(5089.235,1658.126,574.),(5086.647,1648.467,574.),(5091.564,1666.819,544.),(5092.6,1670.683,474.),(5085.353,1643.637,409.),(5075.,1660.,394.),(5075.,1685.,474.),(5075.,1680.,554.),(5075.,1660.,574.),(5075.,1650.,574.),(5075.,1669.,544.),(5075.,1673.,474.),(5075.,1645.,409.),(5060.765,1658.126,394.),(5054.294,1682.274,474.),(5055.589,1677.444,554.),(5060.765,1658.126,574.),(5063.353,1648.467,574.),(5058.436,1666.819,544.),(5057.4,1670.683,474.),(5064.647,1643.637,409.),(5047.5,1652.631,394.),(5035.,1674.282,474.),(5037.5,1669.952,554.),(5047.5,1652.631,574.),(5052.5,1643.971,574.),(5043.,1660.426,544.),(5041.,1663.89,474.),(5055.,1639.641,409.),(5036.109,1643.891,394.),(5018.431,1661.569,474.),(5021.967,1658.033,554.),(5036.109,1643.891,574.),(5043.18,1636.82,574.),(5029.745,1650.255,544.),(5026.917,1653.083,474.),(5046.716,1633.284,409.),(5027.369,1632.5,394.),(5005.718,1645.,474.),(5010.048,1642.5,554.),(5027.369,1632.5,574.),(5036.029,1627.5,574.),(5019.574,1637.,544.),(5016.11,1639.,474.),(5040.359,1625.,409.),(5021.874,1619.235,394.),(4997.726,1625.706,474.),(5002.556,1624.411,554.),(5021.874,1619.235,574.),(5031.533,1616.647,574.),(5013.181,1621.564,544.),(5009.317,1622.6,474.),(5036.363,1615.353,409.),(5020.,1605.,394.),(4995.,1605.,474.),(5000.,1605.,554.),(5020.,1605.,574.),(5030.,1605.,574.),(5011.,1605.,544.),(5007.,1605.,474.),(5035.,1605.,409.),(5021.874,1590.765,394.),(4997.726,1584.294,474.),(5002.556,1585.589,554.),(5021.874,1590.765,574.),(5031.533,1593.353,574.),(5013.181,1588.436,544.),(5009.317,1587.4,474.),(5036.363,1594.647,409.),(5027.369,1577.5,394.),(5005.718,1565.,474.),(5010.048,1567.5,554.),(5027.369,1577.5,574.),(5036.029,1582.5,574.),(5019.574,1573.,544.),(5016.11,1571.,474.),(5040.359,1585.,409.),(5036.109,1566.109,394.),(5018.431,1548.431,474.),(5021.967,1551.967,554.),(5036.109,1566.109,574.),(5043.18,1573.18,574.),(5029.745,1559.745,544.),(5026.917,1556.917,474.),(5046.716,1576.716,409.),(5047.5,1557.369,394.),(5035.,1535.718,474.),(5037.5,1540.048,554.),(5047.5,1557.369,574.),(5052.5,1566.029,574.),(5043.,1549.574,544.),(5041.,1546.11,474.),(5055.,1570.359,409.),(5060.765,1551.874,394.),(5054.294,1527.726,474.),(5055.589,1532.556,554.),(5060.765,1551.874,574.),(5063.353,1561.533,574.),(5058.436,1543.181,544.),(5057.4,1539.317,474.),(5064.647,1566.363,409.),(5075.,1550.,394.),(5075.,1525.,474.),(5075.,1530.,554.),(5075.,1550.,574.),(5075.,1560.,574.),(5075.,1541.,544.),(5075.,1537.,474.),(5075.,1565.,409.),(5089.235,1551.874,394.),(5095.706,1527.726,474.),(5094.411,1532.556,554.),(5089.235,1551.874,574.),(5086.647,1561.533,574.),(5091.564,1543.181,544.),(5092.6,1539.317,474.),(5085.353,1566.363,409.),(5102.5,1557.369,394.),(5115.,1535.718,474.),(5112.5,1540.048,554.),(5102.5,1557.369,574.),(5097.5,1566.029,574.),(5107.,1549.574,544.),(5109.,1546.11,474.),(5095.,1570.359,409.),(5113.891,1566.109,394.),(5131.569,1548.431,474.),(5128.033,1551.967,554.),(5113.891,1566.109,574.),(5106.82,1573.18,574.),(5120.255,1559.745,544.),(5123.083,1556.917,474.),(5103.284,1576.716,409.),(5122.631,1577.5,394.),(5144.282,1565.,474.),(5139.952,1567.5,554.),(5122.631,1577.5,574.),(5113.971,1582.5,574.),(5130.426,1573.,544.),(5133.89,1571.,474.),(5109.641,1585.,409.),(5128.126,1590.765,394.),(5152.274,1584.294,474.),(5147.444,1585.589,554.),(5128.126,1590.765,574.),(5118.467,1593.353,574.),(5136.819,1588.436,544.),(5140.683,1587.4,474.),(5113.637,1594.647,409.)));
#783=IFCTRIANGULATEDFACESET(#782,$,.F.,((1,9,2),(2,9,10),(2,10,3),(3,10,11),(3,11,4),(4,11,12),(4,12,5),(5,12,13),(5,13,6),(6,13,14),(6,14,7),(7,14,15),(7,15,8),(8,15,16),(9,17,10),(10,17,18),(10,18,11),(11,18,19),(11,19,12),(12,19,20),(12,20,13),(13,20,21),(13,21,14),(14,21,22),(14,22,15),(15,22,23),(15,23,16),(16,23,24),(17,25,18),(18,25,26),(18,26,19),(19,26,27),(19,27,20),(20,27,28),(20,28,21),(21,28,29),(21,29,22),(22,29,30),(22,30,23),(23,30,31),(23,31,24),(24,31,32),(25,33,26),(26,33,34),(26,34,27),(27,34,35),(27,35,28),(28,35,36),(28,36,29),(29,36,37),(29,37,30),(30,37,38),(30,38,31),(31,38,39),(31,39,32),(32,39,40),(33,41,34),(34,41,42),(34,42,35),(35,42,43),(35,43,36),(36,43,44),(36,44,37),(37,44,45),(37,45,38),(38,45,46),(38,46,39),(39,46,47),(39,47,40),(40,47,48),(41,49,42),(42,49,50),(42,50,43),(43,50,51),(43,51,44),(44,51,52),(44,52,45),(45,52,53),(45,53,46),(46,53,54),(46,54,47),(47,54,55),(47,55,48),(48,55,56),(49,57,50),(50,57,58),(50,58,51),(51,58,59),(51,59,52),(52,59,60),(52,60,53),(53,60,61),(53,61,54),(54,61,62),(54,62,55),(55,62,63),(55,63,56),(56,63,64),(57,65,58),(58,65,66),(58,66,59),(59,66,67),(59,67,60),(60,67,68),(60,68,61),(61,68,69),(61,69,62),(62,69,70),(62,70,63),(63,70,71),(63,71,64),(64,71,72),(65,73,66),(66,73,74),(66,74,67),(67,74,75),(67,75,68),(68,75,76),(68,76,69),(69,76,77),(69,77,70),(70,77,78),(70,78,71),(71,78,79),(71,79,72),(72,79,80),(73,81,74),(74,81,82),(74,82,75),(75,82,83),(75,83,76),(76,83,84),(76,84,77),(77,84,85),(77,85,78),(78,85,86),(78,86,79),(79,86,87),(79,87,80),(80,87,88),(81,89,82),(82,89,90),(82,90,83),(83,90,91),(83,91,84),(84,91,92),(84,92,85),(85,92,93),(85,93,86),(86,93,94),(86,94,87),(87,94,95),(87,95,88),(88,95,96),(89,97,90),(90,97,98),(90,98,91),(91,98,99),(91,99,92),(92,99,100),(92,100,93),(93,100,101),(93,101,94),(94,101,102),(94,102,95),(95,102,103),(95,103,96),(96,103,104),(97,105,98),(98,105,106),(98,106,99),(99,106,107),(99,107,100),(100,107,108),(100,108,101),(101,108,109),(101,109,102),(102,109,110),(102,110,103),(103,110,111),(103,111,104),(104,111,112),(105,113,106),(106,113,114),(106,114,107),(107,114,115),(107,115,108),(108,115,116),(108,116,109),(109,116,117),(109,117,110),(110,117,118),(110,118,111),(111,118,119),(111,119,112),(112,119,120),(113,121,114),(114,121,122),(114,122,115),(115,122,123),(115,123,116),(116,123,124),(116,124,117),(117,124,125),(117,125,118),(118,125,126),(118,126,119),(119,126,127),(119,127,120),(120,127,128),(121,129,122),(122,129,130),(122,130,123),(123,130,131),(123,131,124),(124,131,132),(124,132,125),(125,132,133),(125,133,126),(126,133,134),(126,134,127),(127,134,135),(127,135,128),(128,135,136),(129,137,130),(130,137,138),(130,138,131),(131,138,139),(131,139,132),(132,139,140),(132,140,133),(133,140,141),(133,141,134),(134,141,142),(134,142,135),(135,142,143),(135,143,136),(136,143,144),(137,145,138),(138,145,146),(138,146,139),(139,146,147),(139,147,140),(140,147,148),(140,148,141),(141,148,149),(141,149,142),(142,149,150),(142,150,143),(143,150,151),(143,151,144),(144,151,152),(145,153,146),(146,153,154),(146,154,147),(147,154,155),(147,155,148),(148,155,156),(148,156,149),(149,156,157),(149,157,150),(150,157,158),(150,158,151),(151,158,159),(151,159,152),(152,159,160),(153,161,154),(154,161,162),(154,162,155),(155,162,163),(155,163,156),(156,163,164),(156,164,157),(157,164,165),(157,165,158),(158,165,166),(158,166,159),(159,166,167),(159,167,160),(160,167,168),(161,169,162),(162,169,170),(162,170,163),(163,170,171),(163,171,164),(164,171,172),(164,172,165),(165,172,173),(165,173,166),(166,173,174),(166,174,167),(167,174,175),(167,175,168),(168,175,176),(169,177,170),(170,177,178),(170,178,171),(171,178,179),(171,179,172),(172,179,180),(172,180,173),(173,180,181),(173,181,174),(174,181,182),(174,182,175),(175,182,183),(175,183,176),(176,183,184),(177,185,178),(178,185,186),(178,186,179),(179,186,187),(179,187,180),(180,187,188),(180,188,181),(181,188,189),(181,189,182),(182,189,190),(182,190,183),(183,190,191),(183,191,184),(184,191,192),(185,1,186),(186,1,2),(186,2,187),(187,2,3),(187,3,188),(188,3,4),(188,4,189),(189,4,5),(189,5,190),(190,5,6),(190,6,191),(191,6,7),(191,7,192),(192,7,8)),$);
#784=IFCSHAPEREPRESENTATION(#6,'Body','Tessellation',(#775,#777,#779,#781,#783));
#785=IFCPRODUCTDEFINITIONSHAPE($,$,(#784));
#786=IFCFURNISHINGELEMENT('3hrJyFLgDMvO5WkFM7RG5n',$,'Coffee Table','Authored furniture assembly',$,#19,#785,'F0-living/coffee-table');
#787=IFCPROPERTYSINGLEVALUE('ReviewStatus',$,IFCLABEL('PRELIMINARY - NOT FOR CONSTRUCTION'),$);
#788=IFCPROPERTYSINGLEVALUE('PlanHash',$,IFCLABEL('9bdd75bf2ea4a15314ae6a886c801c8d1d01f7572e2e002ab2ad73d238ef7a80'),$);
#789=IFCPROPERTYSET('1vwaXmUVbNM8$oNtsTIr$t',$,'FloorForge_Review',$,(#787,#788));
#790=IFCRELDEFINESBYPROPERTIES('1iJ9cwIPDQwhhx6lY_gwKW',$,$,$,(#786),#789);
#791=IFCCARTESIANPOINTLIST3D(((6175.,2675.,0.),(6335.,2675.,0.),(6335.,2675.,40.),(6175.,2675.,40.),(6327.16912,2724.44272,0.),(6327.16912,2724.44272,40.),(6304.44272,2769.0456,0.),(6304.44272,2769.0456,40.),(6269.0456,2804.44272,0.),(6269.0456,2804.44272,40.),(6224.44272,2827.16912,0.),(6224.44272,2827.16912,40.),(6175.,2835.,0.),(6175.,2835.,40.),(6125.55728,2827.16912,0.),(6125.55728,2827.16912,40.),(6080.9544,2804.44272,0.),(6080.9544,2804.44272,40.),(6045.55728,2769.0456,0.),(6045.55728,2769.0456,40.),(6022.83088,2724.44272,0.),(6022.83088,2724.44272,40.),(6015.,2675.,0.),(6015.,2675.,40.),(6022.83088,2625.55728,0.),(6022.83088,2625.55728,40.),(6045.55728,2580.9544,0.),(6045.55728,2580.9544,40.),(6080.9544,2545.55728,0.),(6080.9544,2545.55728,40.),(6125.55728,2522.83088,0.),(6125.55728,2522.83088,40.),(6175.,2515.,0.),(6175.,2515.,40.),(6224.44272,2522.83088,0.),(6224.44272,2522.83088,40.),(6269.0456,2545.55728,0.),(6269.0456,2545.55728,40.),(6304.44272,2580.9544,0.),(6304.44272,2580.9544,40.),(6327.16912,2625.55728,0.),(6327.16912,2625.55728,40.)));
#792=IFCTRIANGULATEDFACESET(#791,$,.T.,((2,1,5),(2,5,3),(3,5,6),(3,6,4),(5,1,7),(5,7,6),(6,7,8),(6,8,4),(7,1,9),(7,9,8),(8,9,10),(8,10,4),(9,1,11),(9,11,10),(10,11,12),(10,12,4),(11,1,13),(11,13,12),(12,13,14),(12,14,4),(13,1,15),(13,15,14),(14,15,16),(14,16,4),(15,1,17),(15,17,16),(16,17,18),(16,18,4),(17,1,19),(17,19,18),(18,19,20),(18,20,4),(19,1,21),(19,21,20),(20,21,22),(20,22,4),(21,1,23),(21,23,22),(22,23,24),(22,24,4),(23,1,25),(23,25,24),(24,25,26),(24,26,4),(25,1,27),(25,27,26),(26,27,28),(26,28,4),(27,1,29),(27,29,28),(28,29,30),(28,30,4),(29,1,31),(29,31,30),(30,31,32),(30,32,4),(31,1,33),(31,33,32),(32,33,34),(32,34,4),(33,1,35),(33,35,34),(34,35,36),(34,36,4),(35,1,37),(35,37,36),(36,37,38),(36,38,4),(37,1,39),(37,39,38),(38,39,40),(38,40,4),(39,1,41),(39,41,40),(40,41,42),(40,42,4),(41,1,2),(41,2,42),(42,2,3),(42,3,4)),$);
#793=IFCCARTESIANPOINTLIST3D(((6175.,2675.,40.),(6187.,2675.,40.),(6187.,2675.,1550.),(6175.,2675.,1550.),(6186.412684,2678.708204,40.),(6186.412684,2678.708204,1550.),(6184.708204,2682.05342,40.),(6184.708204,2682.05342,1550.),(6182.05342,2684.708204,40.),(6182.05342,2684.708204,1550.),(6178.708204,2686.412684,40.),(6178.708204,2686.412684,1550.),(6175.,2687.,40.),(6175.,2687.,1550.),(6171.291796,2686.412684,40.),(6171.291796,2686.412684,1550.),(6167.94658,2684.708204,40.),(6167.94658,2684.708204,1550.),(6165.291796,2682.05342,40.),(6165.291796,2682.05342,1550.),(6163.587316,2678.708204,40.),(6163.587316,2678.708204,1550.),(6163.,2675.,40.),(6163.,2675.,1550.),(6163.587316,2671.291796,40.),(6163.587316,2671.291796,1550.),(6165.291796,2667.94658,40.),(6165.291796,2667.94658,1550.),(6167.94658,2665.291796,40.),(6167.94658,2665.291796,1550.),(6171.291796,2663.587316,40.),(6171.291796,2663.587316,1550.),(6175.,2663.,40.),(6175.,2663.,1550.),(6178.708204,2663.587316,40.),(6178.708204,2663.587316,1550.),(6182.05342,2665.291796,40.),(6182.05342,2665.291796,1550.),(6184.708204,2667.94658,40.),(6184.708204,2667.94658,1550.),(6186.412684,2671.291796,40.),(6186.412684,2671.291796,1550.)));
#794=IFCTRIANGULATEDFACESET(#793,$,.T.,((2,1,5),(2,5,3),(3,5,6),(3,6,4),(5,1,7),(5,7,6),(6,7,8),(6,8,4),(7,1,9),(7,9,8),(8,9,10),(8,10,4),(9,1,11),(9,11,10),(10,11,12),(10,12,4),(11,1,13),(11,13,12),(12,13,14),(12,14,4),(13,1,15),(13,15,14),(14,15,16),(14,16,4),(15,1,17),(15,17,16),(16,17,18),(16,18,4),(17,1,19),(17,19,18),(18,19,20),(18,20,4),(19,1,21),(19,21,20),(20,21,22),(20,22,4),(21,1,23),(21,23,22),(22,23,24),(22,24,4),(23,1,25),(23,25,24),(24,25,26),(24,26,4),(25,1,27),(25,27,26),(26,27,28),(26,28,4),(27,1,29),(27,29,28),(28,29,30),(28,30,4),(29,1,31),(29,31,30),(30,31,32),(30,32,4),(31,1,33),(31,33,32),(32,33,34),(32,34,4),(33,1,35),(33,35,34),(34,35,36),(34,36,4),(35,1,37),(35,37,36),(36,37,38),(36,38,4),(37,1,39),(37,39,38),(38,39,40),(38,40,4),(39,1,41),(39,41,40),(40,41,42),(40,42,4),(41,1,2),(41,2,42),(42,2,3),(42,3,4)),$);
#795=IFCCARTESIANPOINTLIST3D(((6175.,2675.,1550.),(6170.233901,2673.72904,1539.060669),(5420.233901,2473.72904,1889.060669),(5425.,2475.,1900.),(6171.422634,2670.208249,1539.596073),(5421.422634,2470.208249,1889.596073),(6172.961548,2667.156511,1541.149895),(5422.961548,2467.156511,1891.149895),(6174.7,2664.872543,1543.570025),(5424.7,2464.872543,1893.570025),(6176.467817,2663.579918,1546.619561),(5426.467817,2463.579918,1896.619561),(6178.091952,2663.405181,1550.),(5428.091952,2463.405181,1900.),(6179.413428,2664.365414,1553.380439),(5429.413428,2464.365414,1903.380439),(6180.302883,2666.366645,1556.429975),(5430.302883,2466.366645,1906.429975),(6180.673258,2669.212967,1558.850105),(5430.673258,2469.212967,1908.850105),(6180.488297,2672.625759,1560.403927),(5430.488297,2472.625759,1910.403927),(6179.766099,2676.27096,1560.939331),(5429.766099,2476.27096,1910.939331),(6178.577366,2679.791751,1560.403927),(5428.577366,2479.791751,1910.403927),(6177.038452,2682.843489,1558.850105),(5427.038452,2482.843489,1908.850105),(6175.3,2685.127457,1556.429975),(5425.3,2485.127457,1906.429975),(6173.532183,2686.420082,1553.380439),(5423.532183,2486.420082,1903.380439),(6171.908048,2686.594819,1550.),(5421.908048,2486.594819,1900.),(6170.586572,2685.634586,1546.619561),(5420.586572,2485.634586,1896.619561),(6169.697117,2683.633355,1543.570025),(5419.697117,2483.633355,1893.570025),(6169.326742,2680.787033,1541.149895),(5419.326742,2480.787033,1891.149895),(6169.511703,2677.374241,1539.596073),(5419.511703,2477.374241,1889.596073)));
#796=IFCTRIANGULATEDFACESET(#795,$,.T.,((2,1,5),(2,5,3),(3,5,6),(3,6,4),(5,1,7),(5,7,6),(6,7,8),(6,8,4),(7,1,9),(7,9,8),(8,9,10),(8,10,4),(9,1,11),(9,11,10),(10,11,12),(10,12,4),(11,1,13),(11,13,12),(12,13,14),(12,14,4),(13,1,15),(13,15,14),(14,15,16),(14,16,4),(15,1,17),(15,17,16),(16,17,18),(16,18,4),(17,1,19),(17,19,18),(18,19,20),(18,20,4),(19,1,21),(19,21,20),(20,21,22),(20,22,4),(21,1,23),(21,23,22),(22,23,24),(22,24,4),(23,1,25),(23,25,24),(24,25,26),(24,26,4),(25,1,27),(25,27,26),(26,27,28),(26,28,4),(27,1,29),(27,29,28),(28,29,30),(28,30,4),(29,1,31),(29,31,30),(30,31,32),(30,32,4),(31,1,33),(31,33,32),(32,33,34),(32,34,4),(33,1,35),(33,35,34),(34,35,36),(34,36,4),(35,1,37),(35,37,36),(36,37,38),(36,38,4),(37,1,39),(37,39,38),(38,39,40),(38,40,4),(39,1,41),(39,41,40),(40,41,42),(40,42,4),(41,1,2),(41,2,42),(42,2,3),(42,3,4)),$);
#797=IFCCARTESIANPOINTLIST3D(((5375.,2475.,1780.),(5575.,2475.,1780.),(5375.,2475.,1580.),(5569.986,2430.496,1780.),(5555.194,2388.223,1780.),(5531.366,2350.302,1780.),(5499.698,2318.634,1780.),(5461.777,2294.806,1780.),(5419.504,2280.014,1780.),(5375.,2275.,1780.),(5330.496,2280.014,1780.),(5288.223,2294.806,1780.),(5250.302,2318.634,1780.),(5218.634,2350.302,1780.),(5194.806,2388.223,1780.),(5180.014,2430.496,1780.),(5175.,2475.,1780.),(5180.014,2519.504,1780.),(5194.806,2561.777,1780.),(5218.634,2599.698,1780.),(5250.302,2631.366,1780.),(5288.223,2655.194,1780.),(5330.496,2669.986,1780.),(5375.,2675.,1780.),(5419.504,2669.986,1780.),(5461.777,2655.194,1780.),(5499.698,2631.366,1780.),(5531.366,2599.698,1780.),(5555.194,2561.777,1780.),(5569.986,2519.504,1780.)));
#798=IFCTRIANGULATEDFACESET(#797,$,.T.,((2,1,4),(2,4,3),(4,1,5),(4,5,3),(5,1,6),(5,6,3),(6,1,7),(6,7,3),(7,1,8),(7,8,3),(8,1,9),(8,9,3),(9,1,10),(9,10,3),(10,1,11),(10,11,3),(11,1,12),(11,12,3),(12,1,13),(12,13,3),(13,1,14),(13,14,3),(14,1,15),(14,15,3),(15,1,16),(15,16,3),(16,1,17),(16,17,3),(17,1,18),(17,18,3),(18,1,19),(18,19,3),(19,1,20),(19,20,3),(20,1,21),(20,21,3),(21,1,22),(21,22,3),(22,1,23),(22,23,3),(23,1,24),(23,24,3),(24,1,25),(24,25,3),(25,1,26),(25,26,3),(26,1,27),(26,27,3),(27,1,28),(27,28,3),(28,1,29),(28,29,3),(29,1,30),(29,30,3),(30,1,2),(30,2,3)),$);
#799=IFCCARTESIANPOINTLIST3D(((5375.,2475.,1690.),(5389.08665,2475.,1692.02535),(5402.03205,2475.,1697.9373),(5412.7875,2475.,1707.25695),(5420.4816,2475.,1719.22925),(5424.49105,2475.,1732.88425),(5424.49105,2475.,1747.11575),(5420.4816,2475.,1760.77075),(5412.7875,2475.,1772.74305),(5402.03205,2475.,1782.0627),(5389.08665,2475.,1787.97465),(5375.,2475.,1790.),(5388.81595,2477.74815,1692.02535),(5401.51265,2480.2737,1697.9373),(5412.0614,2482.37195,1707.25695),(5419.6077,2483.873,1719.22925),(5423.5401,2484.65525,1732.88425),(5423.5401,2484.65525,1747.11575),(5419.6077,2483.873,1760.77075),(5412.0614,2482.37195,1772.74305),(5401.51265,2480.2737,1782.0627),(5388.81595,2477.74815,1787.97465),(5388.01435,2480.3907,1692.02535),(5399.97435,2485.3447,1697.9373),(5409.9111,2489.46065,1707.25695),(5417.0195,2492.40505,1719.22925),(5420.7238,2493.9394,1732.88425),(5420.7238,2493.9394,1747.11575),(5417.0195,2492.40505,1760.77075),(5409.9111,2489.46065,1772.74305),(5399.97435,2485.3447,1782.0627),(5388.01435,2480.3907,1787.97465),(5386.7126,2482.8261,1692.02535),(5397.4763,2490.0182,1697.9373),(5406.41915,2495.9936,1707.25695),(5412.81655,2500.2682,1719.22925),(5416.1503,2502.49575,1732.88425),(5416.1503,2502.49575,1747.11575),(5412.81655,2500.2682,1760.77075),(5406.41915,2495.9936,1772.74305),(5397.4763,2490.0182,1782.0627),(5386.7126,2482.8261,1787.97465),(5384.96075,2484.96075,1692.02535),(5394.11455,2494.11455,1697.9373),(5401.7198,2501.7198,1707.25695),(5407.16035,2507.16035,1719.22925),(5409.99545,2509.99545,1732.88425),(5409.99545,2509.99545,1747.11575),(5407.16035,2507.16035,1760.77075),(5401.7198,2501.7198,1772.74305),(5394.11455,2494.11455,1782.0627),(5384.96075,2484.96075,1787.97465),(5382.8261,2486.7126,1692.02535),(5390.0182,2497.4763,1697.9373),(5395.9936,2506.41915,1707.25695),(5400.2682,2512.81655,1719.22925),(5402.49575,2516.1503,1732.88425),(5402.49575,2516.1503,1747.11575),(5400.2682,2512.81655,1760.77075),(5395.9936,2506.41915,1772.74305),(5390.0182,2497.4763,1782.0627),(5382.8261,2486.7126,1787.97465),(5380.3907,2488.01435,1692.02535),(5385.3447,2499.97435,1697.9373),(5389.46065,2509.9111,1707.25695),(5392.40505,2517.0195,1719.22925),(5393.9394,2520.7238,1732.88425),(5393.9394,2520.7238,1747.11575),(5392.40505,2517.0195,1760.77075),(5389.46065,2509.9111,1772.74305),(5385.3447,2499.97435,1782.0627),(5380.3907,2488.01435,1787.97465),(5377.74815,2488.81595,1692.02535),(5380.2737,2501.51265,1697.9373),(5382.37195,2512.0614,1707.25695),(5383.873,2519.6077,1719.22925),(5384.65525,2523.5401,1732.88425),(5384.65525,2523.5401,1747.11575),(5383.873,2519.6077,1760.77075),(5382.37195,2512.0614,1772.74305),(5380.2737,2501.51265,1782.0627),(5377.74815,2488.81595,1787.97465),(5375.,2489.08665,1692.02535),(5375.,2502.03205,1697.9373),(5375.,2512.7875,1707.25695),(5375.,2520.4816,1719.22925),(5375.,2524.49105,1732.88425),(5375.,2524.49105,1747.11575),(5375.,2520.4816,1760.77075),(5375.,2512.7875,1772.74305),(5375.,2502.03205,1782.0627),(5375.,2489.08665,1787.97465),(5372.25185,2488.81595,1692.02535),(5369.7263,2501.51265,1697.9373),(5367.62805,2512.0614,1707.25695),(5366.127,2519.6077,1719.22925),(5365.34475,2523.5401,1732.88425),(5365.34475,2523.5401,1747.11575),(5366.127,2519.6077,1760.77075),(5367.62805,2512.0614,1772.74305),(5369.7263,2501.51265,1782.0627),(5372.25185,2488.81595,1787.97465),(5369.6093,2488.01435,1692.02535),(5364.6553,2499.97435,1697.9373),(5360.53935,2509.9111,1707.25695),(5357.59495,2517.0195,1719.22925),(5356.0606,2520.7238,1732.88425),(5356.0606,2520.7238,1747.11575),(5357.59495,2517.0195,1760.77075),(5360.53935,2509.9111,1772.74305),(5364.6553,2499.97435,1782.0627),(5369.6093,2488.01435,1787.97465),(5367.1739,2486.7126,1692.02535),(5359.9818,2497.4763,1697.9373),(5354.0064,2506.41915,1707.25695),(5349.7318,2512.81655,1719.22925),(5347.50425,2516.1503,1732.88425),(5347.50425,2516.1503,1747.11575),(5349.7318,2512.81655,1760.77075),(5354.0064,2506.41915,1772.74305),(5359.9818,2497.4763,1782.0627),(5367.1739,2486.7126,1787.97465),(5365.03925,2484.96075,1692.02535),(5355.88545,2494.11455,1697.9373),(5348.2802,2501.7198,1707.25695),(5342.83965,2507.16035,1719.22925),(5340.00455,2509.99545,1732.88425),(5340.00455,2509.99545,1747.11575),(5342.83965,2507.16035,1760.77075),(5348.2802,2501.7198,1772.74305),(5355.88545,2494.11455,1782.0627),(5365.03925,2484.96075,1787.97465),(5363.2874,2482.8261,1692.02535),(5352.5237,2490.0182,1697.9373),(5343.58085,2495.9936,1707.25695),(5337.18345,2500.2682,1719.22925),(5333.8497,2502.49575,1732.88425),(5333.8497,2502.49575,1747.11575),(5337.18345,2500.2682,1760.77075),(5343.58085,2495.9936,1772.74305),(5352.5237,2490.0182,1782.0627),(5363.2874,2482.8261,1787.97465),(5361.98565,2480.3907,1692.02535),(5350.02565,2485.3447,1697.9373),(5340.0889,2489.46065,1707.25695),(5332.9805,2492.40505,1719.22925),(5329.2762,2493.9394,1732.88425),(5329.2762,2493.9394,1747.11575),(5332.9805,2492.40505,1760.77075),(5340.0889,2489.46065,1772.74305),(5350.02565,2485.3447,1782.0627),(5361.98565,2480.3907,1787.97465),(5361.18405,2477.74815,1692.02535),(5348.48735,2480.2737,1697.9373),(5337.9386,2482.37195,1707.25695),(5330.3923,2483.873,1719.22925),(5326.4599,2484.65525,1732.88425),(5326.4599,2484.65525,1747.11575),(5330.3923,2483.873,1760.77075),(5337.9386,2482.37195,1772.74305),(5348.48735,2480.2737,1782.0627),(5361.18405,2477.74815,1787.97465),(5360.91335,2475.,1692.02535),(5347.96795,2475.,1697.9373),(5337.2125,2475.,1707.25695),(5329.5184,2475.,1719.22925),(5325.50895,2475.,1732.88425),(5325.50895,2475.,1747.11575),(5329.5184,2475.,1760.77075),(5337.2125,2475.,1772.74305),(5347.96795,2475.,1782.0627),(5360.91335,2475.,1787.97465),(5361.18405,2472.25185,1692.02535),(5348.48735,2469.7263,1697.9373),(5337.9386,2467.62805,1707.25695),(5330.3923,2466.127,1719.22925),(5326.4599,2465.34475,1732.88425),(5326.4599,2465.34475,1747.11575),(5330.3923,2466.127,1760.77075),(5337.9386,2467.62805,1772.74305),(5348.48735,2469.7263,1782.0627),(5361.18405,2472.25185,1787.97465),(5361.98565,2469.6093,1692.02535),(5350.02565,2464.6553,1697.9373),(5340.0889,2460.53935,1707.25695),(5332.9805,2457.59495,1719.22925),(5329.2762,2456.0606,1732.88425),(5329.2762,2456.0606,1747.11575),(5332.9805,2457.59495,1760.77075),(5340.0889,2460.53935,1772.74305),(5350.02565,2464.6553,1782.0627),(5361.98565,2469.6093,1787.97465),(5363.2874,2467.1739,1692.02535),(5352.5237,2459.9818,1697.9373),(5343.58085,2454.0064,1707.25695),(5337.18345,2449.7318,1719.22925),(5333.8497,2447.50425,1732.88425),(5333.8497,2447.50425,1747.11575),(5337.18345,2449.7318,1760.77075),(5343.58085,2454.0064,1772.74305),(5352.5237,2459.9818,1782.0627),(5363.2874,2467.1739,1787.97465),(5365.03925,2465.03925,1692.02535),(5355.88545,2455.88545,1697.9373),(5348.2802,2448.2802,1707.25695),(5342.83965,2442.83965,1719.22925),(5340.00455,2440.00455,1732.88425),(5340.00455,2440.00455,1747.11575),(5342.83965,2442.83965,1760.77075),(5348.2802,2448.2802,1772.74305),(5355.88545,2455.88545,1782.0627),(5365.03925,2465.03925,1787.97465),(5367.1739,2463.2874,1692.02535),(5359.9818,2452.5237,1697.9373),(5354.0064,2443.58085,1707.25695),(5349.7318,2437.18345,1719.22925),(5347.50425,2433.8497,1732.88425),(5347.50425,2433.8497,1747.11575),(5349.7318,2437.18345,1760.77075),(5354.0064,2443.58085,1772.74305),(5359.9818,2452.5237,1782.0627),(5367.1739,2463.2874,1787.97465),(5369.6093,2461.98565,1692.02535),(5364.6553,2450.02565,1697.9373),(5360.53935,2440.0889,1707.25695),(5357.59495,2432.9805,1719.22925),(5356.0606,2429.2762,1732.88425),(5356.0606,2429.2762,1747.11575),(5357.59495,2432.9805,1760.77075),(5360.53935,2440.0889,1772.74305),(5364.6553,2450.02565,1782.0627),(5369.6093,2461.98565,1787.97465),(5372.25185,2461.18405,1692.02535),(5369.7263,2448.48735,1697.9373),(5367.62805,2437.9386,1707.25695),(5366.127,2430.3923,1719.22925),(5365.34475,2426.4599,1732.88425),(5365.34475,2426.4599,1747.11575),(5366.127,2430.3923,1760.77075),(5367.62805,2437.9386,1772.74305),(5369.7263,2448.48735,1782.0627),(5372.25185,2461.18405,1787.97465),(5375.,2460.91335,1692.02535),(5375.,2447.96795,1697.9373),(5375.,2437.2125,1707.25695),(5375.,2429.5184,1719.22925),(5375.,2425.50895,1732.88425),(5375.,2425.50895,1747.11575),(5375.,2429.5184,1760.77075),(5375.,2437.2125,1772.74305),(5375.,2447.96795,1782.0627),(5375.,2460.91335,1787.97465),(5377.74815,2461.18405,1692.02535),(5380.2737,2448.48735,1697.9373),(5382.37195,2437.9386,1707.25695),(5383.873,2430.3923,1719.22925),(5384.65525,2426.4599,1732.88425),(5384.65525,2426.4599,1747.11575),(5383.873,2430.3923,1760.77075),(5382.37195,2437.9386,1772.74305),(5380.2737,2448.48735,1782.0627),(5377.74815,2461.18405,1787.97465),(5380.3907,2461.98565,1692.02535),(5385.3447,2450.02565,1697.9373),(5389.46065,2440.0889,1707.25695),(5392.40505,2432.9805,1719.22925),(5393.9394,2429.2762,1732.88425),(5393.9394,2429.2762,1747.11575),(5392.40505,2432.9805,1760.77075),(5389.46065,2440.0889,1772.74305),(5385.3447,2450.02565,1782.0627),(5380.3907,2461.98565,1787.97465),(5382.8261,2463.2874,1692.02535),(5390.0182,2452.5237,1697.9373),(5395.9936,2443.58085,1707.25695),(5400.2682,2437.18345,1719.22925),(5402.49575,2433.8497,1732.88425),(5402.49575,2433.8497,1747.11575),(5400.2682,2437.18345,1760.77075),(5395.9936,2443.58085,1772.74305),(5390.0182,2452.5237,1782.0627),(5382.8261,2463.2874,1787.97465),(5384.96075,2465.03925,1692.02535),(5394.11455,2455.88545,1697.9373),(5401.7198,2448.2802,1707.25695),(5407.16035,2442.83965,1719.22925),(5409.99545,2440.00455,1732.88425),(5409.99545,2440.00455,1747.11575),(5407.16035,2442.83965,1760.77075),(5401.7198,2448.2802,1772.74305),(5394.11455,2455.88545,1782.0627),(5384.96075,2465.03925,1787.97465),(5386.7126,2467.1739,1692.02535),(5397.4763,2459.9818,1697.9373),(5406.41915,2454.0064,1707.25695),(5412.81655,2449.7318,1719.22925),(5416.1503,2447.50425,1732.88425),(5416.1503,2447.50425,1747.11575),(5412.81655,2449.7318,1760.77075),(5406.41915,2454.0064,1772.74305),(5397.4763,2459.9818,1782.0627),(5386.7126,2467.1739,1787.97465),(5388.01435,2469.6093,1692.02535),(5399.97435,2464.6553,1697.9373),(5409.9111,2460.53935,1707.25695),(5417.0195,2457.59495,1719.22925),(5420.7238,2456.0606,1732.88425),(5420.7238,2456.0606,1747.11575),(5417.0195,2457.59495,1760.77075),(5409.9111,2460.53935,1772.74305),(5399.97435,2464.6553,1782.0627),(5388.01435,2469.6093,1787.97465),(5388.81595,2472.25185,1692.02535),(5401.51265,2469.7263,1697.9373),(5412.0614,2467.62805,1707.25695),(5419.6077,2466.127,1719.22925),(5423.5401,2465.34475,1732.88425),(5423.5401,2465.34475,1747.11575),(5419.6077,2466.127,1760.77075),(5412.0614,2467.62805,1772.74305),(5401.51265,2469.7263,1782.0627),(5388.81595,2472.25185,1787.97465)));
#800=IFCTRIANGULATEDFACESET(#799,$,.T.,((2,1,13),(2,13,3),(3,13,14),(3,14,4),(4,14,15),(4,15,5),(5,15,16),(5,16,6),(6,16,17),(6,17,7),(7,17,18),(7,18,8),(8,18,19),(8,19,9),(9,19,20),(9,20,10),(10,20,21),(10,21,11),(11,21,22),(11,22,12),(13,1,23),(13,23,14),(14,23,24),(14,24,15),(15,24,25),(15,25,16),(16,25,26),(16,26,17),(17,26,27),(17,27,18),(18,27,28),(18,28,19),(19,28,29),(19,29,20),(20,29,30),(20,30,21),(21,30,31),(21,31,22),(22,31,32),(22,32,12),(23,1,33),(23,33,24),(24,33,34),(24,34,25),(25,34,35),(25,35,26),(26,35,36),(26,36,27),(27,36,37),(27,37,28),(28,37,38),(28,38,29),(29,38,39),(29,39,30),(30,39,40),(30,40,31),(31,40,41),(31,41,32),(32,41,42),(32,42,12),(33,1,43),(33,43,34),(34,43,44),(34,44,35),(35,44,45),(35,45,36),(36,45,46),(36,46,37),(37,46,47),(37,47,38),(38,47,48),(38,48,39),(39,48,49),(39,49,40),(40,49,50),(40,50,41),(41,50,51),(41,51,42),(42,51,52),(42,52,12),(43,1,53),(43,53,44),(44,53,54),(44,54,45),(45,54,55),(45,55,46),(46,55,56),(46,56,47),(47,56,57),(47,57,48),(48,57,58),(48,58,49),(49,58,59),(49,59,50),(50,59,60),(50,60,51),(51,60,61),(51,61,52),(52,61,62),(52,62,12),(53,1,63),(53,63,54),(54,63,64),(54,64,55),(55,64,65),(55,65,56),(56,65,66),(56,66,57),(57,66,67),(57,67,58),(58,67,68),(58,68,59),(59,68,69),(59,69,60),(60,69,70),(60,70,61),(61,70,71),(61,71,62),(62,71,72),(62,72,12),(63,1,73),(63,73,64),(64,73,74),(64,74,65),(65,74,75),(65,75,66),(66,75,76),(66,76,67),(67,76,77),(67,77,68),(68,77,78),(68,78,69),(69,78,79),(69,79,70),(70,79,80),(70,80,71),(71,80,81),(71,81,72),(72,81,82),(72,82,12),(73,1,83),(73,83,74),(74,83,84),(74,84,75),(75,84,85),(75,85,76),(76,85,86),(76,86,77),(77,86,87),(77,87,78),(78,87,88),(78,88,79),(79,88,89),(79,89,80),(80,89,90),(80,90,81),(81,90,91),(81,91,82),(82,91,92),(82,92,12),(83,1,93),(83,93,84),(84,93,94),(84,94,85),(85,94,95),(85,95,86),(86,95,96),(86,96,87),(87,96,97),(87,97,88),(88,97,98),(88,98,89),(89,98,99),(89,99,90),(90,99,100),(90,100,91),(91,100,101),(91,101,92),(92,101,102),(92,102,12),(93,1,103),(93,103,94),(94,103,104),(94,104,95),(95,104,105),(95,105,96),(96,105,106),(96,106,97),(97,106,107),(97,107,98),(98,107,108),(98,108,99),(99,108,109),(99,109,100),(100,109,110),(100,110,101),(101,110,111),(101,111,102),(102,111,112),(102,112,12),(103,1,113),(103,113,104),(104,113,114),(104,114,105),(105,114,115),(105,115,106),(106,115,116),(106,116,107),(107,116,117),(107,117,108),(108,117,118),(108,118,109),(109,118,119),(109,119,110),(110,119,120),(110,120,111),(111,120,121),(111,121,112),(112,121,122),(112,122,12),(113,1,123),(113,123,114),(114,123,124),(114,124,115),(115,124,125),(115,125,116),(116,125,126),(116,126,117),(117,126,127),(117,127,118),(118,127,128),(118,128,119),(119,128,129),(119,129,120),(120,129,130),(120,130,121),(121,130,131),(121,131,122),(122,131,132),(122,132,12),(123,1,133),(123,133,124),(124,133,134),(124,134,125),(125,134,135),(125,135,126),(126,135,136),(126,136,127),(127,136,137),(127,137,128),(128,137,138),(128,138,129),(129,138,139),(129,139,130),(130,139,140),(130,140,131),(131,140,141),(131,141,132),(132,141,142),(132,142,12),(133,1,143),(133,143,134),(134,143,144),(134,144,135),(135,144,145),(135,145,136),(136,145,146),(136,146,137),(137,146,147),(137,147,138),(138,147,148),(138,148,139),(139,148,149),(139,149,140),(140,149,150),(140,150,141),(141,150,151),(141,151,142),(142,151,152),(142,152,12),(143,1,153),(143,153,144),(144,153,154),(144,154,145),(145,154,155),(145,155,146),(146,155,156),(146,156,147),(147,156,157),(147,157,148),(148,157,158),(148,158,149),(149,158,159),(149,159,150),(150,159,160),(150,160,151),(151,160,161),(151,161,152),(152,161,162),(152,162,12),(153,1,163),(153,163,154),(154,163,164),(154,164,155),(155,164,165),(155,165,156),(156,165,166),(156,166,157),(157,166,167),(157,167,158),(158,167,168),(158,168,159),(159,168,169),(159,169,160),(160,169,170),(160,170,161),(161,170,171),(161,171,162),(162,171,172),(162,172,12),(163,1,173),(163,173,164),(164,173,174),(164,174,165),(165,174,175),(165,175,166),(166,175,176),(166,176,167),(167,176,177),(167,177,168),(168,177,178),(168,178,169),(169,178,179),(169,179,170),(170,179,180),(170,180,171),(171,180,181),(171,181,172),(172,181,182),(172,182,12),(173,1,183),(173,183,174),(174,183,184),(174,184,175),(175,184,185),(175,185,176),(176,185,186),(176,186,177),(177,186,187),(177,187,178),(178,187,188),(178,188,179),(179,188,189),(179,189,180),(180,189,190),(180,190,181),(181,190,191),(181,191,182),(182,191,192),(182,192,12),(183,1,193),(183,193,184),(184,193,194),(184,194,185),(185,194,195),(185,195,186),(186,195,196),(186,196,187),(187,196,197),(187,197,188),(188,197,198),(188,198,189),(189,198,199),(189,199,190),(190,199,200),(190,200,191),(191,200,201),(191,201,192),(192,201,202),(192,202,12),(193,1,203),(193,203,194),(194,203,204),(194,204,195),(195,204,205),(195,205,196),(196,205,206),(196,206,197),(197,206,207),(197,207,198),(198,207,208),(198,208,199),(199,208,209),(199,209,200),(200,209,210),(200,210,201),(201,210,211),(201,211,202),(202,211,212),(202,212,12),(203,1,213),(203,213,204),(204,213,214),(204,214,205),(205,214,215),(205,215,206),(206,215,216),(206,216,207),(207,216,217),(207,217,208),(208,217,218),(208,218,209),(209,218,219),(209,219,210),(210,219,220),(210,220,211),(211,220,221),(211,221,212),(212,221,222),(212,222,12),(213,1,223),(213,223,214),(214,223,224),(214,224,215),(215,224,225),(215,225,216),(216,225,226),(216,226,217),(217,226,227),(217,227,218),(218,227,228),(218,228,219),(219,228,229),(219,229,220),(220,229,230),(220,230,221),(221,230,231),(221,231,222),(222,231,232),(222,232,12),(223,1,233),(223,233,224),(224,233,234),(224,234,225),(225,234,235),(225,235,226),(226,235,236),(226,236,227),(227,236,237),(227,237,228),(228,237,238),(228,238,229),(229,238,239),(229,239,230),(230,239,240),(230,240,231),(231,240,241),(231,241,232),(232,241,242),(232,242,12),(233,1,243),(233,243,234),(234,243,244),(234,244,235),(235,244,245),(235,245,236),(236,245,246),(236,246,237),(237,246,247),(237,247,238),(238,247,248),(238,248,239),(239,248,249),(239,249,240),(240,249,250),(240,250,241),(241,250,251),(241,251,242),(242,251,252),(242,252,12),(243,1,253),(243,253,244),(244,253,254),(244,254,245),(245,254,255),(245,255,246),(246,255,256),(246,256,247),(247,256,257),(247,257,248),(248,257,258),(248,258,249),(249,258,259),(249,259,250),(250,259,260),(250,260,251),(251,260,261),(251,261,252),(252,261,262),(252,262,12),(253,1,263),(253,263,254),(254,263,264),(254,264,255),(255,264,265),(255,265,256),(256,265,266),(256,266,257),(257,266,267),(257,267,258),(258,267,268),(258,268,259),(259,268,269),(259,269,260),(260,269,270),(260,270,261),(261,270,271),(261,271,262),(262,271,272),(262,272,12),(263,1,273),(263,273,264),(264,273,274),(264,274,265),(265,274,275),(265,275,266),(266,275,276),(266,276,267),(267,276,277),(267,277,268),(268,277,278),(268,278,269),(269,278,279),(269,279,270),(270,279,280),(270,280,271),(271,280,281),(271,281,272),(272,281,282),(272,282,12),(273,1,283),(273,283,274),(274,283,284),(274,284,275),(275,284,285),(275,285,276),(276,285,286),(276,286,277),(277,286,287),(277,287,278),(278,287,288),(278,288,279),(279,288,289),(279,289,280),(280,289,290),(280,290,281),(281,290,291),(281,291,282),(282,291,292),(282,292,12),(283,1,293),(283,293,284),(284,293,294),(284,294,285),(285,294,295),(285,295,286),(286,295,296),(286,296,287),(287,296,297),(287,297,288),(288,297,298),(288,298,289),(289,298,299),(289,299,290),(290,299,300),(290,300,291),(291,300,301),(291,301,292),(292,301,302),(292,302,12),(293,1,303),(293,303,294),(294,303,304),(294,304,295),(295,304,305),(295,305,296),(296,305,306),(296,306,297),(297,306,307),(297,307,298),(298,307,308),(298,308,299),(299,308,309),(299,309,300),(300,309,310),(300,310,301),(301,310,311),(301,311,302),(302,311,312),(302,312,12),(303,1,313),(303,313,304),(304,313,314),(304,314,305),(305,314,315),(305,315,306),(306,315,316),(306,316,307),(307,316,317),(307,317,308),(308,317,318),(308,318,309),(309,318,319),(309,319,310),(310,319,320),(310,320,311),(311,320,321),(311,321,312),(312,321,322),(312,322,12),(313,1,2),(313,2,314),(314,2,3),(314,3,315),(315,3,4),(315,4,316),(316,4,5),(316,5,317),(317,5,6),(317,6,318),(318,6,7),(318,7,319),(319,7,8),(319,8,320),(320,8,9),(320,9,321),(321,9,10),(321,10,322),(322,10,11),(322,11,12)),$);
#801=IFCSHAPEREPRESENTATION(#6,'Body','Tessellation',(#792,#794,#796,#798,#800));
#802=IFCPRODUCTDEFINITIONSHAPE($,$,(#801));
#803=IFCFURNISHINGELEMENT('1Wy193W7nSKAHzn6EddW2C',$,'Floor Lamp','Authored furniture assembly',$,#19,#802,'F0-living/floor-lamp');
#804=IFCPROPERTYSINGLEVALUE('ReviewStatus',$,IFCLABEL('PRELIMINARY - NOT FOR CONSTRUCTION'),$);
#805=IFCPROPERTYSINGLEVALUE('PlanHash',$,IFCLABEL('9bdd75bf2ea4a15314ae6a886c801c8d1d01f7572e2e002ab2ad73d238ef7a80'),$);
#806=IFCPROPERTYSET('0a_kDI6ULLjBApwCMvVyom',$,'FloorForge_Review',$,(#804,#805));
#807=IFCRELDEFINESBYPROPERTIES('27wvxPOdvHyBp41wkpDWS3',$,$,$,(#803),#806);
#808=IFCCARTESIANPOINTLIST3D(((3815.,1275.,40.),(3800.588085,1290.170437,38.223892),(3777.788085,1314.170437,428.223892),(3792.2,1299.,430.),(3796.588667,1284.958409,38.31082),(3773.788667,1308.958409,428.31082),(3794.391496,1278.771573,38.563098),(3771.591496,1302.771573,428.563098),(3794.211618,1272.215545,38.95603),(3771.411618,1296.215545,428.95603),(3796.066642,1265.932083,39.451152),(3773.266642,1289.932083,429.451152),(3799.775012,1260.536261,40.),(3776.975012,1284.536261,430.),(3804.973695,1256.556237,40.548848),(3782.173695,1280.556237,430.548848),(3811.153833,1254.381634,41.04397),(3788.353833,1278.381634,431.04397),(3817.710465,1254.22529,41.436902),(3794.910465,1278.22529,431.436902),(3824.001772,1256.102509,41.68918),(3801.201772,1280.102509,431.68918),(3829.411915,1259.829563,41.776108),(3806.611915,1283.829563,431.776108),(3833.411333,1265.041591,41.68918),(3810.611333,1289.041591,431.68918),(3835.608504,1271.228427,41.436902),(3812.808504,1295.228427,431.436902),(3835.788382,1277.784455,41.04397),(3812.988382,1301.784455,431.04397),(3833.933358,1284.067917,40.548848),(3811.133358,1308.067917,430.548848),(3830.224988,1289.463739,40.),(3807.424988,1313.463739,430.),(3825.026305,1293.443763,39.451152),(3802.226305,1317.443763,429.451152),(3818.846167,1295.618366,38.95603),(3796.046167,1319.618366,428.95603),(3812.289535,1295.77471,38.563098),(3789.489535,1319.77471,428.563098),(3805.998228,1293.897491,38.31082),(3783.198228,1317.897491,428.31082)));
#809=IFCTRIANGULATEDFACESET(#808,$,.T.,((2,1,5),(2,5,3),(3,5,6),(3,6,4),(5,1,7),(5,7,6),(6,7,8),(6,8,4),(7,1,9),(7,9,8),(8,9,10),(8,10,4),(9,1,11),(9,11,10),(10,11,12),(10,12,4),(11,1,13),(11,13,12),(12,13,14),(12,14,4),(13,1,15),(13,15,14),(14,15,16),(14,16,4),(15,1,17),(15,17,16),(16,17,18),(16,18,4),(17,1,19),(17,19,18),(18,19,20),(18,20,4),(19,1,21),(19,21,20),(20,21,22),(20,22,4),(21,1,23),(21,23,22),(22,23,24),(22,24,4),(23,1,25),(23,25,24),(24,25,26),(24,26,4),(25,1,27),(25,27,26),(26,27,28),(26,28,4),(27,1,29),(27,29,28),(28,29,30),(28,30,4),(29,1,31),(29,31,30),(30,31,32),(30,32,4),(31,1,33),(31,33,32),(32,33,34),(32,34,4),(33,1,35),(33,35,34),(34,35,36),(34,36,4),(35,1,37),(35,37,36),(36,37,38),(36,38,4),(37,1,39),(37,39,38),(38,39,40),(38,40,4),(39,1,41),(39,41,40),(40,41,42),(40,42,4),(41,1,2),(41,2,42),(42,2,3),(42,3,4)),$);
#810=IFCCARTESIANPOINTLIST3D(((3435.,1275.,40.),(3449.411915,1290.170437,38.223892),(3472.211915,1314.170437,428.223892),(3457.8,1299.,430.),(3444.001772,1293.897491,38.31082),(3466.801772,1317.897491,428.31082),(3437.710465,1295.77471,38.563098),(3460.510465,1319.77471,428.563098),(3431.153833,1295.618366,38.95603),(3453.953833,1319.618366,428.95603),(3424.973695,1293.443763,39.451152),(3447.773695,1317.443763,429.451152),(3419.775012,1289.463739,40.),(3442.575012,1313.463739,430.),(3416.066642,1284.067917,40.548848),(3438.866642,1308.067917,430.548848),(3414.211618,1277.784455,41.04397),(3437.011618,1301.784455,431.04397),(3414.391496,1271.228427,41.436902),(3437.191496,1295.228427,431.436902),(3416.588667,1265.041591,41.68918),(3439.388667,1289.041591,431.68918),(3420.588085,1259.829563,41.776108),(3443.388085,1283.829563,431.776108),(3425.998228,1256.102509,41.68918),(3448.798228,1280.102509,431.68918),(3432.289535,1254.22529,41.436902),(3455.089535,1278.22529,431.436902),(3438.846167,1254.381634,41.04397),(3461.646167,1278.381634,431.04397),(3445.026305,1256.556237,40.548848),(3467.826305,1280.556237,430.548848),(3450.224988,1260.536261,40.),(3473.024988,1284.536261,430.),(3453.933358,1265.932083,39.451152),(3476.733358,1289.932083,429.451152),(3455.788382,1272.215545,38.95603),(3478.588382,1296.215545,428.95603),(3455.608504,1278.771573,38.563098),(3478.408504,1302.771573,428.563098),(3453.411333,1284.958409,38.31082),(3476.211333,1308.958409,428.31082)));
#811=IFCTRIANGULATEDFACESET(#810,$,.T.,((2,1,5),(2,5,3),(3,5,6),(3,6,4),(5,1,7),(5,7,6),(6,7,8),(6,8,4),(7,1,9),(7,9,8),(8,9,10),(8,10,4),(9,1,11),(9,11,10),(10,11,12),(10,12,4),(11,1,13),(11,13,12),(12,13,14),(12,14,4),(13,1,15),(13,15,14),(14,15,16),(14,16,4),(15,1,17),(15,17,16),(16,17,18),(16,18,4),(17,1,19),(17,19,18),(18,19,20),(18,20,4),(19,1,21),(19,21,20),(20,21,22),(20,22,4),(21,1,23),(21,23,22),(22,23,24),(22,24,4),(23,1,25),(23,25,24),(24,25,26),(24,26,4),(25,1,27),(25,27,26),(26,27,28),(26,28,4),(27,1,29),(27,29,28),(28,29,30),(28,30,4),(29,1,31),(29,31,30),(30,31,32),(30,32,4),(31,1,33),(31,33,32),(32,33,34),(32,34,4),(33,1,35),(33,35,34),(34,35,36),(34,36,4),(35,1,37),(35,37,36),(36,37,38),(36,38,4),(37,1,39),(37,39,38),(38,39,40),(38,40,4),(39,1,41),(39,41,40),(40,41,42),(40,42,4),(41,1,2),(41,2,42),(42,2,3),(42,3,4)),$);
#812=IFCCARTESIANPOINTLIST3D(((3815.,1675.,40.),(3800.588085,1659.829563,38.223892),(3777.788085,1635.829563,428.223892),(3792.2,1651.,430.),(3805.998228,1656.102509,38.31082),(3783.198228,1632.102509,428.31082),(3812.289535,1654.22529,38.563098),(3789.489535,1630.22529,428.563098),(3818.846167,1654.381634,38.95603),(3796.046167,1630.381634,428.95603),(3825.026305,1656.556237,39.451152),(3802.226305,1632.556237,429.451152),(3830.224988,1660.536261,40.),(3807.424988,1636.536261,430.),(3833.933358,1665.932083,40.548848),(3811.133358,1641.932083,430.548848),(3835.788382,1672.215545,41.04397),(3812.988382,1648.215545,431.04397),(3835.608504,1678.771573,41.436902),(3812.808504,1654.771573,431.436902),(3833.411333,1684.958409,41.68918),(3810.611333,1660.958409,431.68918),(3829.411915,1690.170437,41.776108),(3806.611915,1666.170437,431.776108),(3824.001772,1693.897491,41.68918),(3801.201772,1669.897491,431.68918),(3817.710465,1695.77471,41.436902),(3794.910465,1671.77471,431.436902),(3811.153833,1695.618366,41.04397),(3788.353833,1671.618366,431.04397),(3804.973695,1693.443763,40.548848),(3782.173695,1669.443763,430.548848),(3799.775012,1689.463739,40.),(3776.975012,1665.463739,430.),(3796.066642,1684.067917,39.451152),(3773.266642,1660.067917,429.451152),(3794.211618,1677.784455,38.95603),(3771.411618,1653.784455,428.95603),(3794.391496,1671.228427,38.563098),(3771.591496,1647.228427,428.563098),(3796.588667,1665.041591,38.31082),(3773.788667,1641.041591,428.31082)));
#813=IFCTRIANGULATEDFACESET(#812,$,.T.,((2,1,5),(2,5,3),(3,5,6),(3,6,4),(5,1,7),(5,7,6),(6,7,8),(6,8,4),(7,1,9),(7,9,8),(8,9,10),(8,10,4),(9,1,11),(9,11,10),(10,11,12),(10,12,4),(11,1,13),(11,13,12),(12,13,14),(12,14,4),(13,1,15),(13,15,14),(14,15,16),(14,16,4),(15,1,17),(15,17,16),(16,17,18),(16,18,4),(17,1,19),(17,19,18),(18,19,20),(18,20,4),(19,1,21),(19,21,20),(20,21,22),(20,22,4),(21,1,23),(21,23,22),(22,23,24),(22,24,4),(23,1,25),(23,25,24),(24,25,26),(24,26,4),(25,1,27),(25,27,26),(26,27,28),(26,28,4),(27,1,29),(27,29,28),(28,29,30),(28,30,4),(29,1,31),(29,31,30),(30,31,32),(30,32,4),(31,1,33),(31,33,32),(32,33,34),(32,34,4),(33,1,35),(33,35,34),(34,35,36),(34,36,4),(35,1,37),(35,37,36),(36,37,38),(36,38,4),(37,1,39),(37,39,38),(38,39,40),(38,40,4),(39,1,41),(39,41,40),(40,41,42),(40,42,4),(41,1,2),(41,2,42),(42,2,3),(42,3,4)),$);
#814=IFCCARTESIANPOINTLIST3D(((3435.,1675.,40.),(3449.411915,1659.829563,38.223892),(3472.211915,1635.829563,428.223892),(3457.8,1651.,430.),(3453.411333,1665.041591,38.31082),(3476.211333,1641.041591,428.31082),(3455.608504,1671.228427,38.563098),(3478.408504,1647.228427,428.563098),(3455.788382,1677.784455,38.95603),(3478.588382,1653.784455,428.95603),(3453.933358,1684.067917,39.451152),(3476.733358,1660.067917,429.451152),(3450.224988,1689.463739,40.),(3473.024988,1665.463739,430.),(3445.026305,1693.443763,40.548848),(3467.826305,1669.443763,430.548848),(3438.846167,1695.618366,41.04397),(3461.646167,1671.618366,431.04397),(3432.289535,1695.77471,41.436902),(3455.089535,1671.77471,431.436902),(3425.998228,1693.897491,41.68918),(3448.798228,1669.897491,431.68918),(3420.588085,1690.170437,41.776108),(3443.388085,1666.170437,431.776108),(3416.588667,1684.958409,41.68918),(3439.388667,1660.958409,431.68918),(3414.391496,1678.771573,41.436902),(3437.191496,1654.771573,431.436902),(3414.211618,1672.215545,41.04397),(3437.011618,1648.215545,431.04397),(3416.066642,1665.932083,40.548848),(3438.866642,1641.932083,430.548848),(3419.775012,1660.536261,40.),(3442.575012,1636.536261,430.),(3424.973695,1656.556237,39.451152),(3447.773695,1632.556237,429.451152),(3431.153833,1654.381634,38.95603),(3453.953833,1630.381634,428.95603),(3437.710465,1654.22529,38.563098),(3460.510465,1630.22529,428.563098),(3444.001772,1656.102509,38.31082),(3466.801772,1632.102509,428.31082)));
#815=IFCTRIANGULATEDFACESET(#814,$,.T.,((2,1,5),(2,5,3),(3,5,6),(3,6,4),(5,1,7),(5,7,6),(6,7,8),(6,8,4),(7,1,9),(7,9,8),(8,9,10),(8,10,4),(9,1,11),(9,11,10),(10,11,12),(10,12,4),(11,1,13),(11,13,12),(12,13,14),(12,14,4),(13,1,15),(13,15,14),(14,15,16),(14,16,4),(15,1,17),(15,17,16),(16,17,18),(16,18,4),(17,1,19),(17,19,18),(18,19,20),(18,20,4),(19,1,21),(19,21,20),(20,21,22),(20,22,4),(21,1,23),(21,23,22),(22,23,24),(22,24,4),(23,1,25),(23,25,24),(24,25,26),(24,26,4),(25,1,27),(25,27,26),(26,27,28),(26,28,4),(27,1,29),(27,29,28),(28,29,30),(28,30,4),(29,1,31),(29,31,30),(30,31,32),(30,32,4),(31,1,33),(31,33,32),(32,33,34),(32,34,4),(33,1,35),(33,35,34),(34,35,36),(34,36,4),(35,1,37),(35,37,36),(36,37,38),(36,38,4),(37,1,39),(37,39,38),(38,39,40),(38,40,4),(39,1,41),(39,41,40),(40,41,42),(40,42,4),(41,1,2),(41,2,42),(42,2,3),(42,3,4)),$);
#816=IFCCARTESIANPOINTLIST3D(((3856.687,1248.313,428.313),(3859.387,1245.613,435.559),(3860.761,1244.239,445.44),(3860.774,1244.226,460.),(3860.761,1244.239,474.56),(3859.387,1245.613,484.441),(3856.687,1248.313,491.687),(3788.333,1244.226,424.226),(3788.333,1238.596,431.884),(3788.333,1235.036,445.002),(3788.333,1235.,460.),(3788.333,1235.036,474.998),(3788.333,1238.596,488.116),(3788.333,1244.226,495.774),(3706.667,1244.226,424.226),(3706.667,1238.596,431.884),(3706.667,1235.036,445.002),(3706.667,1235.,460.),(3706.667,1235.036,474.998),(3706.667,1238.596,488.116),(3706.667,1244.226,495.774),(3625.,1244.226,424.226),(3625.,1238.596,431.884),(3625.,1235.036,445.002),(3625.,1235.,460.),(3625.,1235.036,474.998),(3625.,1238.596,488.116),(3625.,1244.226,495.774),(3543.333,1244.226,424.226),(3543.333,1238.596,431.884),(3543.333,1235.036,445.002),(3543.333,1235.,460.),(3543.333,1235.036,474.998),(3543.333,1238.596,488.116),(3543.333,1244.226,495.774),(3461.667,1244.226,424.226),(3461.667,1238.596,431.884),(3461.667,1235.036,445.002),(3461.667,1235.,460.),(3461.667,1235.036,474.998),(3461.667,1238.596,488.116),(3461.667,1244.226,495.774),(3393.313,1248.313,428.313),(3390.613,1245.613,435.559),(3389.239,1244.239,445.44),(3389.226,1244.226,460.),(3389.239,1244.239,474.56),(3390.613,1245.613,484.441),(3393.313,1248.313,491.687),(3856.687,1701.687,428.313),(3859.387,1704.387,435.559),(3860.761,1705.761,445.44),(3860.774,1705.774,460.),(3860.761,1705.761,474.56),(3859.387,1704.387,484.441),(3856.687,1701.687,491.687),(3788.333,1705.774,424.226),(3788.333,1711.404,431.884),(3788.333,1714.964,445.002),(3788.333,1715.,460.),(3788.333,1714.964,474.998),(3788.333,1711.404,488.116),(3788.333,1705.774,495.774),(3706.667,1705.774,424.226),(3706.667,1711.404,431.884),(3706.667,1714.964,445.002),(3706.667,1715.,460.),(3706.667,1714.964,474.998),(3706.667,1711.404,488.116),(3706.667,1705.774,495.774),(3625.,1705.774,424.226),(3625.,1711.404,431.884),(3625.,1714.964,445.002),(3625.,1715.,460.),(3625.,1714.964,474.998),(3625.,1711.404,488.116),(3625.,1705.774,495.774),(3543.333,1705.774,424.226),(3543.333,1711.404,431.884),(3543.333,1714.964,445.002),(3543.333,1715.,460.),(3543.333,1714.964,474.998),(3543.333,1711.404,488.116),(3543.333,1705.774,495.774),(3461.667,1705.774,424.226),(3461.667,1711.404,431.884),(3461.667,1714.964,445.002),(3461.667,1715.,460.),(3461.667,1714.964,474.998),(3461.667,1711.404,488.116),(3461.667,1705.774,495.774),(3393.313,1701.687,428.313),(3390.613,1704.387,435.559),(3389.239,1705.761,445.44),(3389.226,1705.774,460.),(3389.239,1705.761,474.56),(3390.613,1704.387,484.441),(3393.313,1701.687,491.687),(3860.774,1315.,424.226),(3866.404,1315.,431.884),(3869.964,1315.,445.002),(3870.,1315.,460.),(3869.964,1315.,474.998),(3866.404,1315.,488.116),(3860.774,1315.,495.774),(3860.774,1395.,424.226),(3866.404,1395.,431.884),(3869.964,1395.,445.002),(3870.,1395.,460.),(3869.964,1395.,474.998),(3866.404,1395.,488.116),(3860.774,1395.,495.774),(3860.774,1475.,424.226),(3866.404,1475.,431.884),(3869.964,1475.,445.002),(3870.,1475.,460.),(3869.964,1475.,474.998),(3866.404,1475.,488.116),(3860.774,1475.,495.774),(3860.774,1555.,424.226),(3866.404,1555.,431.884),(3869.964,1555.,445.002),(3870.,1555.,460.),(3869.964,1555.,474.998),(3866.404,1555.,488.116),(3860.774,1555.,495.774),(3860.774,1635.,424.226),(3866.404,1635.,431.884),(3869.964,1635.,445.002),(3870.,1635.,460.),(3869.964,1635.,474.998),(3866.404,1635.,488.116),(3860.774,1635.,495.774),(3389.226,1315.,424.226),(3383.596,1315.,431.884),(3380.036,1315.,445.002),(3380.,1315.,460.),(3380.036,1315.,474.998),(3383.596,1315.,488.116),(3389.226,1315.,495.774),(3389.226,1395.,424.226),(3383.596,1395.,431.884),(3380.036,1395.,445.002),(3380.,1395.,460.),(3380.036,1395.,474.998),(3383.596,1395.,488.116),(3389.226,1395.,495.774),(3389.226,1475.,424.226),(3383.596,1475.,431.884),(3380.036,1475.,445.002),(3380.,1475.,460.),(3380.036,1475.,474.998),(3383.596,1475.,488.116),(3389.226,1475.,495.774),(3389.226,1555.,424.226),(3383.596,1555.,431.884),(3380.036,1555.,445.002),(3380.,1555.,460.),(3380.036,1555.,474.998),(3383.596,1555.,488.116),(3389.226,1555.,495.774),(3389.226,1635.,424.226),(3383.596,1635.,431.884),(3380.036,1635.,445.002),(3380.,1635.,460.),(3380.036,1635.,474.998),(3383.596,1635.,488.116),(3389.226,1635.,495.774),(3788.333,1315.,415.),(3706.667,1315.,415.),(3625.,1315.,415.),(3543.333,1315.,415.),(3461.667,1315.,415.),(3788.333,1395.,415.),(3706.667,1395.,415.),(3625.,1395.,415.),(3543.333,1395.,415.),(3461.667,1395.,415.),(3788.333,1475.,415.),(3706.667,1475.,415.),(3625.,1475.,415.),(3543.333,1475.,415.),(3461.667,1475.,415.),(3788.333,1555.,415.),(3706.667,1555.,415.),(3625.,1555.,415.),(3543.333,1555.,415.),(3461.667,1555.,415.),(3788.333,1635.,415.),(3706.667,1635.,415.),(3625.,1635.,415.),(3543.333,1635.,415.),(3461.667,1635.,415.),(3788.333,1315.,505.),(3706.667,1315.,505.),(3625.,1315.,505.),(3543.333,1315.,505.),(3461.667,1315.,505.),(3788.333,1395.,505.),(3706.667,1395.,505.),(3625.,1395.,505.),(3543.333,1395.,505.),(3461.667,1395.,505.),(3788.333,1475.,505.),(3706.667,1475.,505.),(3625.,1475.,505.),(3543.333,1475.,505.),(3461.667,1475.,505.),(3788.333,1555.,505.),(3706.667,1555.,505.),(3625.,1555.,505.),(3543.333,1555.,505.),(3461.667,1555.,505.),(3788.333,1635.,505.),(3706.667,1635.,505.),(3625.,1635.,505.),(3543.333,1635.,505.),(3461.667,1635.,505.)));
#817=IFCTRIANGULATEDFACESET(#816,$,.T.,((1,2,9),(1,9,8),(2,3,10),(2,10,9),(3,4,11),(3,11,10),(4,5,12),(4,12,11),(5,6,13),(5,13,12),(6,7,14),(6,14,13),(8,9,16),(8,16,15),(9,10,17),(9,17,16),(10,11,18),(10,18,17),(11,12,19),(11,19,18),(12,13,20),(12,20,19),(13,14,21),(13,21,20),(15,16,23),(15,23,22),(16,17,24),(16,24,23),(17,18,25),(17,25,24),(18,19,26),(18,26,25),(19,20,27),(19,27,26),(20,21,28),(20,28,27),(22,23,30),(22,30,29),(23,24,31),(23,31,30),(24,25,32),(24,32,31),(25,26,33),(25,33,32),(26,27,34),(26,34,33),(27,28,35),(27,35,34),(29,30,37),(29,37,36),(30,31,38),(30,38,37),(31,32,39),(31,39,38),(32,33,40),(32,40,39),(33,34,41),(33,41,40),(34,35,42),(34,42,41),(36,37,44),(36,44,43),(37,38,45),(37,45,44),(38,39,46),(38,46,45),(39,40,47),(39,47,46),(40,41,48),(40,48,47),(41,42,49),(41,49,48),(58,51,50),(57,58,50),(59,52,51),(58,59,51),(60,53,52),(59,60,52),(61,54,53),(60,61,53),(62,55,54),(61,62,54),(63,56,55),(62,63,55),(65,58,57),(64,65,57),(66,59,58),(65,66,58),(67,60,59),(66,67,59),(68,61,60),(67,68,60),(69,62,61),(68,69,61),(70,63,62),(69,70,62),(72,65,64),(71,72,64),(73,66,65),(72,73,65),(74,67,66),(73,74,66),(75,68,67),(74,75,67),(76,69,68),(75,76,68),(77,70,69),(76,77,69),(79,72,71),(78,79,71),(80,73,72),(79,80,72),(81,74,73),(80,81,73),(82,75,74),(81,82,74),(83,76,75),(82,83,75),(84,77,76),(83,84,76),(86,79,78),(85,86,78),(87,80,79),(86,87,79),(88,81,80),(87,88,80),(89,82,81),(88,89,81),(90,83,82),(89,90,82),(91,84,83),(90,91,83),(93,86,85),(92,93,85),(94,87,86),(93,94,86),(95,88,87),(94,95,87),(96,89,88),(95,96,88),(97,90,89),(96,97,89),(98,91,90),(97,98,90),(100,2,1),(99,100,1),(101,3,2),(100,101,2),(102,4,3),(101,102,3),(103,5,4),(102,103,4),(104,6,5),(103,104,5),(105,7,6),(104,105,6),(107,100,99),(106,107,99),(108,101,100),(107,108,100),(109,102,101),(108,109,101),(110,103,102),(109,110,102),(111,104,103),(110,111,103),(112,105,104),(111,112,104),(114,107,106),(113,114,106),(115,108,107),(114,115,107),(116,109,108),(115,116,108),(117,110,109),(116,117,109),(118,111,110),(117,118,110),(119,112,111),(118,119,111),(121,114,113),(120,121,113),(122,115,114),(121,122,114),(123,116,115),(122,123,115),(124,117,116),(123,124,116),(125,118,117),(124,125,117),(126,119,118),(125,126,118),(128,121,120),(127,128,120),(129,122,121),(128,129,121),(130,123,122),(129,130,122),(131,124,123),(130,131,123),(132,125,124),(131,132,124),(133,126,125),(132,133,125),(51,128,127),(50,51,127),(52,129,128),(51,52,128),(53,130,129),(52,53,129),(54,131,130),(53,54,130),(55,132,131),(54,55,131),(56,133,132),(55,56,132),(43,44,135),(43,135,134),(44,45,136),(44,136,135),(45,46,137),(45,137,136),(46,47,138),(46,138,137),(47,48,139),(47,139,138),(48,49,140),(48,140,139),(134,135,142),(134,142,141),(135,136,143),(135,143,142),(136,137,144),(136,144,143),(137,138,145),(137,145,144),(138,139,146),(138,146,145),(139,140,147),(139,147,146),(141,142,149),(141,149,148),(142,143,150),(142,150,149),(143,144,151),(143,151,150),(144,145,152),(144,152,151),(145,146,153),(145,153,152),(146,147,154),(146,154,153),(148,149,156),(148,156,155),(149,150,157),(149,157,156),(150,151,158),(150,158,157),(151,152,159),(151,159,158),(152,153,160),(152,160,159),(153,154,161),(153,161,160),(155,156,163),(155,163,162),(156,157,164),(156,164,163),(157,158,165),(157,165,164),(158,159,166),(158,166,165),(159,160,167),(159,167,166),(160,161,168),(160,168,167),(162,163,93),(162,93,92),(163,164,94),(163,94,93),(164,165,95),(164,95,94),(165,166,96),(165,96,95),(166,167,97),(166,97,96),(167,168,98),(167,98,97),(1,8,169),(1,169,99),(8,15,170),(8,170,169),(15,22,171),(15,171,170),(22,29,172),(22,172,171),(29,36,173),(29,173,172),(36,43,134),(36,134,173),(99,169,174),(99,174,106),(169,170,175),(169,175,174),(170,171,176),(170,176,175),(171,172,177),(171,177,176),(172,173,178),(172,178,177),(173,134,141),(173,141,178),(106,174,179),(106,179,113),(174,175,180),(174,180,179),(175,176,181),(175,181,180),(176,177,182),(176,182,181),(177,178,183),(177,183,182),(178,141,148),(178,148,183),(113,179,184),(113,184,120),(179,180,185),(179,185,184),(180,181,186),(180,186,185),(181,182,187),(181,187,186),(182,183,188),(182,188,187),(183,148,155),(183,155,188),(120,184,189),(120,189,127),(184,185,190),(184,190,189),(185,186,191),(185,191,190),(186,187,192),(186,192,191),(187,188,193),(187,193,192),(188,155,162),(188,162,193),(127,189,57),(127,57,50),(189,190,64),(189,64,57),(190,191,71),(190,71,64),(191,192,78),(191,78,71),(192,193,85),(192,85,78),(193,162,92),(193,92,85),(194,14,7),(105,194,7),(195,21,14),(194,195,14),(196,28,21),(195,196,21),(197,35,28),(196,197,28),(198,42,35),(197,198,35),(140,49,42),(198,140,42),(199,194,105),(112,199,105),(200,195,194),(199,200,194),(201,196,195),(200,201,195),(202,197,196),(201,202,196),(203,198,197),(202,203,197),(147,140,198),(203,147,198),(204,199,112),(119,204,112),(205,200,199),(204,205,199),(206,201,200),(205,206,200),(207,202,201),(206,207,201),(208,203,202),(207,208,202),(154,147,203),(208,154,203),(209,204,119),(126,209,119),(210,205,204),(209,210,204),(211,206,205),(210,211,205),(212,207,206),(211,212,206),(213,208,207),(212,213,207),(161,154,208),(213,161,208),(214,209,126),(133,214,126),(215,210,209),(214,215,209),(216,211,210),(215,216,210),(217,212,211),(216,217,211),(218,213,212),(217,218,212),(168,161,213),(218,168,213),(63,214,133),(56,63,133),(70,215,214),(63,70,214),(77,216,215),(70,77,215),(84,217,216),(77,84,216),(91,218,217),(84,91,217),(98,168,218),(91,98,218)),$);
#818=IFCCARTESIANPOINTLIST3D(((3425.,1275.,430.),(3405.090091,1275.,428.103818),(3365.090091,1275.,848.103818),(3385.,1275.,850.),(3406.064541,1268.81966,428.196623),(3366.064541,1268.81966,848.196623),(3408.892545,1263.2443,428.465957),(3368.892545,1263.2443,848.465957),(3413.297254,1258.81966,428.885453),(3373.297254,1258.81966,848.885453),(3418.8475,1255.97886,429.414048),(3378.8475,1255.97886,849.414048),(3425.,1255.,430.),(3385.,1255.,850.),(3431.1525,1255.97886,430.585952),(3391.1525,1255.97886,850.585952),(3436.702746,1258.81966,431.114547),(3396.702746,1258.81966,851.114547),(3441.107455,1263.2443,431.534043),(3401.107455,1263.2443,851.534043),(3443.935459,1268.81966,431.803377),(3403.935459,1268.81966,851.803377),(3444.909909,1275.,431.896182),(3404.909909,1275.,851.896182),(3443.935459,1281.18034,431.803377),(3403.935459,1281.18034,851.803377),(3441.107455,1286.7557,431.534043),(3401.107455,1286.7557,851.534043),(3436.702746,1291.18034,431.114547),(3396.702746,1291.18034,851.114547),(3431.1525,1294.02114,430.585952),(3391.1525,1294.02114,850.585952),(3425.,1295.,430.),(3385.,1295.,850.),(3418.8475,1294.02114,429.414048),(3378.8475,1294.02114,849.414048),(3413.297254,1291.18034,428.885453),(3373.297254,1291.18034,848.885453),(3408.892545,1286.7557,428.465957),(3368.892545,1286.7557,848.465957),(3406.064541,1281.18034,428.196623),(3366.064541,1281.18034,848.196623)));
#819=IFCTRIANGULATEDFACESET(#818,$,.T.,((2,1,5),(2,5,3),(3,5,6),(3,6,4),(5,1,7),(5,7,6),(6,7,8),(6,8,4),(7,1,9),(7,9,8),(8,9,10),(8,10,4),(9,1,11),(9,11,10),(10,11,12),(10,12,4),(11,1,13),(11,13,12),(12,13,14),(12,14,4),(13,1,15),(13,15,14),(14,15,16),(14,16,4),(15,1,17),(15,17,16),(16,17,18),(16,18,4),(17,1,19),(17,19,18),(18,19,20),(18,20,4),(19,1,21),(19,21,20),(20,21,22),(20,22,4),(21,1,23),(21,23,22),(22,23,24),(22,24,4),(23,1,25),(23,25,24),(24,25,26),(24,26,4),(25,1,27),(25,27,26),(26,27,28),(26,28,4),(27,1,29),(27,29,28),(28,29,30),(28,30,4),(29,1,31),(29,31,30),(30,31,32),(30,32,4),(31,1,33),(31,33,32),(32,33,34),(32,34,4),(33,1,35),(33,35,34),(34,35,36),(34,36,4),(35,1,37),(35,37,36),(36,37,38),(36,38,4),(37,1,39),(37,39,38),(38,39,40),(38,40,4),(39,1,41),(39,41,40),(40,41,42),(40,42,4),(41,1,2),(41,2,42),(42,2,3),(42,3,4)),$);
#820=IFCCARTESIANPOINTLIST3D(((3425.,1675.,430.),(3405.090091,1675.,428.103818),(3365.090091,1675.,848.103818),(3385.,1675.,850.),(3406.064541,1668.81966,428.196623),(3366.064541,1668.81966,848.196623),(3408.892545,1663.2443,428.465957),(3368.892545,1663.2443,848.465957),(3413.297254,1658.81966,428.885453),(3373.297254,1658.81966,848.885453),(3418.8475,1655.97886,429.414048),(3378.8475,1655.97886,849.414048),(3425.,1655.,430.),(3385.,1655.,850.),(3431.1525,1655.97886,430.585952),(3391.1525,1655.97886,850.585952),(3436.702746,1658.81966,431.114547),(3396.702746,1658.81966,851.114547),(3441.107455,1663.2443,431.534043),(3401.107455,1663.2443,851.534043),(3443.935459,1668.81966,431.803377),(3403.935459,1668.81966,851.803377),(3444.909909,1675.,431.896182),(3404.909909,1675.,851.896182),(3443.935459,1681.18034,431.803377),(3403.935459,1681.18034,851.803377),(3441.107455,1686.7557,431.534043),(3401.107455,1686.7557,851.534043),(3436.702746,1691.18034,431.114547),(3396.702746,1691.18034,851.114547),(3431.1525,1694.02114,430.585952),(3391.1525,1694.02114,850.585952),(3425.,1695.,430.),(3385.,1695.,850.),(3418.8475,1694.02114,429.414048),(3378.8475,1694.02114,849.414048),(3413.297254,1691.18034,428.885453),(3373.297254,1691.18034,848.885453),(3408.892545,1686.7557,428.465957),(3368.892545,1686.7557,848.465957),(3406.064541,1681.18034,428.196623),(3366.064541,1681.18034,848.196623)));
#821=IFCTRIANGULATEDFACESET(#820,$,.T.,((2,1,5),(2,5,3),(3,5,6),(3,6,4),(5,1,7),(5,7,6),(6,7,8),(6,8,4),(7,1,9),(7,9,8),(8,9,10),(8,10,4),(9,1,11),(9,11,10),(10,11,12),(10,12,4),(11,1,13),(11,13,12),(12,13,14),(12,14,4),(13,1,15),(13,15,14),(14,15,16),(14,16,4),(15,1,17),(15,17,16),(16,17,18),(16,18,4),(17,1,19),(17,19,18),(18,19,20),(18,20,4),(19,1,21),(19,21,20),(20,21,22),(20,22,4),(21,1,23),(21,23,22),(22,23,24),(22,24,4),(23,1,25),(23,25,24),(24,25,26),(24,26,4),(25,1,27),(25,27,26),(26,27,28),(26,28,4),(27,1,29),(27,29,28),(28,29,30),(28,30,4),(29,1,31),(29,31,30),(30,31,32),(30,32,4),(31,1,33),(31,33,32),(32,33,34),(32,34,4),(33,1,35),(33,35,34),(34,35,36),(34,36,4),(35,1,37),(35,37,36),(36,37,38),(36,38,4),(37,1,39),(37,39,38),(38,39,40),(38,40,4),(39,1,41),(39,41,40),(40,41,42),(40,42,4),(41,1,2),(41,2,42),(42,2,3),(42,3,4)),$);
#822=IFCCARTESIANPOINTLIST3D(((3424.926,1237.574,622.574),(3428.786,1233.714,653.333),(3428.786,1233.714,696.667),(3428.786,1233.714,740.),(3428.786,1233.714,783.333),(3428.786,1233.714,826.667),(3424.926,1237.574,857.426),(3418.083,1235.023,620.023),(3421.554,1228.397,653.333),(3421.554,1228.397,696.667),(3421.554,1228.397,740.),(3421.554,1228.397,783.333),(3421.554,1228.397,826.667),(3418.083,1235.023,859.977),(3408.751,1233.725,618.725),(3409.165,1225.034,653.333),(3409.165,1225.034,696.667),(3409.165,1225.034,740.),(3409.165,1225.034,783.333),(3409.165,1225.034,826.667),(3408.751,1233.725,861.275),(3395.,1233.714,618.714),(3395.,1225.,653.333),(3395.,1225.,696.667),(3395.,1225.,740.),(3395.,1225.,783.333),(3395.,1225.,826.667),(3395.,1233.714,861.286),(3381.249,1233.725,618.725),(3380.835,1225.034,653.333),(3380.835,1225.034,696.667),(3380.835,1225.034,740.),(3380.835,1225.034,783.333),(3380.835,1225.034,826.667),(3381.249,1233.725,861.275),(3371.917,1235.023,620.023),(3368.446,1228.397,653.333),(3368.446,1228.397,696.667),(3368.446,1228.397,740.),(3368.446,1228.397,783.333),(3368.446,1228.397,826.667),(3371.917,1235.023,859.977),(3365.074,1237.574,622.574),(3361.214,1233.714,653.333),(3361.214,1233.714,696.667),(3361.214,1233.714,740.),(3361.214,1233.714,783.333),(3361.214,1233.714,826.667),(3365.074,1237.574,857.426),(3424.926,1712.426,622.574),(3428.786,1716.286,653.333),(3428.786,1716.286,696.667),(3428.786,1716.286,740.),(3428.786,1716.286,783.333),(3428.786,1716.286,826.667),(3424.926,1712.426,857.426),(3418.083,1714.977,620.023),(3421.554,1721.603,653.333),(3421.554,1721.603,696.667),(3421.554,1721.603,740.),(3421.554,1721.603,783.333),(3421.554,1721.603,826.667),(3418.083,1714.977,859.977),(3408.751,1716.275,618.725),(3409.165,1724.966,653.333),(3409.165,1724.966,696.667),(3409.165,1724.966,740.),(3409.165,1724.966,783.333),(3409.165,1724.966,826.667),(3408.751,1716.275,861.275),(3395.,1716.286,618.714),(3395.,1725.,653.333),(3395.,1725.,696.667),(3395.,1725.,740.),(3395.,1725.,783.333),(3395.,1725.,826.667),(3395.,1716.286,861.286),(3381.249,1716.275,618.725),(3380.835,1724.966,653.333),(3380.835,1724.966,696.667),(3380.835,1724.966,740.),(3380.835,1724.966,783.333),(3380.835,1724.966,826.667),(3381.249,1716.275,861.275),(3371.917,1714.977,620.023),(3368.446,1721.603,653.333),(3368.446,1721.603,696.667),(3368.446,1721.603,740.),(3368.446,1721.603,783.333),(3368.446,1721.603,826.667),(3371.917,1714.977,859.977),(3365.074,1712.426,622.574),(3361.214,1716.286,653.333),(3361.214,1716.286,696.667),(3361.214,1716.286,740.),(3361.214,1716.286,783.333),(3361.214,1716.286,826.667),(3365.074,1712.426,857.426),(3428.786,1308.333,618.714),(3437.5,1308.333,653.333),(3437.5,1308.333,696.667),(3437.5,1308.333,740.),(3437.5,1308.333,783.333),(3437.5,1308.333,826.667),(3428.786,1308.333,861.286),(3428.786,1391.667,618.714),(3437.5,1391.667,653.333),(3437.5,1391.667,696.667),(3437.5,1391.667,740.),(3437.5,1391.667,783.333),(3437.5,1391.667,826.667),(3428.786,1391.667,861.286),(3428.786,1475.,618.714),(3437.5,1475.,653.333),(3437.5,1475.,696.667),(3437.5,1475.,740.),(3437.5,1475.,783.333),(3437.5,1475.,826.667),(3428.786,1475.,861.286),(3428.786,1558.333,618.714),(3437.5,1558.333,653.333),(3437.5,1558.333,696.667),(3437.5,1558.333,740.),(3437.5,1558.333,783.333),(3437.5,1558.333,826.667),(3428.786,1558.333,861.286),(3428.786,1641.667,618.714),(3437.5,1641.667,653.333),(3437.5,1641.667,696.667),(3437.5,1641.667,740.),(3437.5,1641.667,783.333),(3437.5,1641.667,826.667),(3428.786,1641.667,861.286),(3361.214,1308.333,618.714),(3352.5,1308.333,653.333),(3352.5,1308.333,696.667),(3352.5,1308.333,740.),(3352.5,1308.333,783.333),(3352.5,1308.333,826.667),(3361.214,1308.333,861.286),(3361.214,1391.667,618.714),(3352.5,1391.667,653.333),(3352.5,1391.667,696.667),(3352.5,1391.667,740.),(3352.5,1391.667,783.333),(3352.5,1391.667,826.667),(3361.214,1391.667,861.286),(3361.214,1475.,618.714),(3352.5,1475.,653.333),(3352.5,1475.,696.667),(3352.5,1475.,740.),(3352.5,1475.,783.333),(3352.5,1475.,826.667),(3361.214,1475.,861.286),(3361.214,1558.333,618.714),(3352.5,1558.333,653.333),(3352.5,1558.333,696.667),(3352.5,1558.333,740.),(3352.5,1558.333,783.333),(3352.5,1558.333,826.667),(3361.214,1558.333,861.286),(3361.214,1641.667,618.714),(3352.5,1641.667,653.333),(3352.5,1641.667,696.667),(3352.5,1641.667,740.),(3352.5,1641.667,783.333),(3352.5,1641.667,826.667),(3361.214,1641.667,861.286),(3421.554,1308.333,613.397),(3409.165,1308.333,610.034),(3395.,1308.333,610.),(3380.835,1308.333,610.034),(3368.446,1308.333,613.397),(3421.554,1391.667,613.397),(3409.165,1391.667,610.034),(3395.,1391.667,610.),(3380.835,1391.667,610.034),(3368.446,1391.667,613.397),(3421.554,1475.,613.397),(3409.165,1475.,610.034),(3395.,1475.,610.),(3380.835,1475.,610.034),(3368.446,1475.,613.397),(3421.554,1558.333,613.397),(3409.165,1558.333,610.034),(3395.,1558.333,610.),(3380.835,1558.333,610.034),(3368.446,1558.333,613.397),(3421.554,1641.667,613.397),(3409.165,1641.667,610.034),(3395.,1641.667,610.),(3380.835,1641.667,610.034),(3368.446,1641.667,613.397),(3421.554,1308.333,866.603),(3409.165,1308.333,869.966),(3395.,1308.333,870.),(3380.835,1308.333,869.966),(3368.446,1308.333,866.603),(3421.554,1391.667,866.603),(3409.165,1391.667,869.966),(3395.,1391.667,870.),(3380.835,1391.667,869.966),(3368.446,1391.667,866.603),(3421.554,1475.,866.603),(3409.165,1475.,869.966),(3395.,1475.,870.),(3380.835,1475.,869.966),(3368.446,1475.,866.603),(3421.554,1558.333,866.603),(3409.165,1558.333,869.966),(3395.,1558.333,870.),(3380.835,1558.333,869.966),(3368.446,1558.333,866.603),(3421.554,1641.667,866.603),(3409.165,1641.667,869.966),(3395.,1641.667,870.),(3380.835,1641.667,869.966),(3368.446,1641.667,866.603)));
#823=IFCTRIANGULATEDFACESET(#822,$,.T.,((1,2,9),(1,9,8),(2,3,10),(2,10,9),(3,4,11),(3,11,10),(4,5,12),(4,12,11),(5,6,13),(5,13,12),(6,7,14),(6,14,13),(8,9,16),(8,16,15),(9,10,17),(9,17,16),(10,11,18),(10,18,17),(11,12,19),(11,19,18),(12,13,20),(12,20,19),(13,14,21),(13,21,20),(15,16,23),(15,23,22),(16,17,24),(16,24,23),(17,18,25),(17,25,24),(18,19,26),(18,26,25),(19,20,27),(19,27,26),(20,21,28),(20,28,27),(22,23,30),(22,30,29),(23,24,31),(23,31,30),(24,25,32),(24,32,31),(25,26,33),(25,33,32),(26,27,34),(26,34,33),(27,28,35),(27,35,34),(29,30,37),(29,37,36),(30,31,38),(30,38,37),(31,32,39),(31,39,38),(32,33,40),(32,40,39),(33,34,41),(33,41,40),(34,35,42),(34,42,41),(36,37,44),(36,44,43),(37,38,45),(37,45,44),(38,39,46),(38,46,45),(39,40,47),(39,47,46),(40,41,48),(40,48,47),(41,42,49),(41,49,48),(58,51,50),(57,58,50),(59,52,51),(58,59,51),(60,53,52),(59,60,52),(61,54,53),(60,61,53),(62,55,54),(61,62,54),(63,56,55),(62,63,55),(65,58,57),(64,65,57),(66,59,58),(65,66,58),(67,60,59),(66,67,59),(68,61,60),(67,68,60),(69,62,61),(68,69,61),(70,63,62),(69,70,62),(72,65,64),(71,72,64),(73,66,65),(72,73,65),(74,67,66),(73,74,66),(75,68,67),(74,75,67),(76,69,68),(75,76,68),(77,70,69),(76,77,69),(79,72,71),(78,79,71),(80,73,72),(79,80,72),(81,74,73),(80,81,73),(82,75,74),(81,82,74),(83,76,75),(82,83,75),(84,77,76),(83,84,76),(86,79,78),(85,86,78),(87,80,79),(86,87,79),(88,81,80),(87,88,80),(89,82,81),(88,89,81),(90,83,82),(89,90,82),(91,84,83),(90,91,83),(93,86,85),(92,93,85),(94,87,86),(93,94,86),(95,88,87),(94,95,87),(96,89,88),(95,96,88),(97,90,89),(96,97,89),(98,91,90),(97,98,90),(100,2,1),(99,100,1),(101,3,2),(100,101,2),(102,4,3),(101,102,3),(103,5,4),(102,103,4),(104,6,5),(103,104,5),(105,7,6),(104,105,6),(107,100,99),(106,107,99),(108,101,100),(107,108,100),(109,102,101),(108,109,101),(110,103,102),(109,110,102),(111,104,103),(110,111,103),(112,105,104),(111,112,104),(114,107,106),(113,114,106),(115,108,107),(114,115,107),(116,109,108),(115,116,108),(117,110,109),(116,117,109),(118,111,110),(117,118,110),(119,112,111),(118,119,111),(121,114,113),(120,121,113),(122,115,114),(121,122,114),(123,116,115),(122,123,115),(124,117,116),(123,124,116),(125,118,117),(124,125,117),(126,119,118),(125,126,118),(128,121,120),(127,128,120),(129,122,121),(128,129,121),(130,123,122),(129,130,122),(131,124,123),(130,131,123),(132,125,124),(131,132,124),(133,126,125),(132,133,125),(51,128,127),(50,51,127),(52,129,128),(51,52,128),(53,130,129),(52,53,129),(54,131,130),(53,54,130),(55,132,131),(54,55,131),(56,133,132),(55,56,132),(43,44,135),(43,135,134),(44,45,136),(44,136,135),(45,46,137),(45,137,136),(46,47,138),(46,138,137),(47,48,139),(47,139,138),(48,49,140),(48,140,139),(134,135,142),(134,142,141),(135,136,143),(135,143,142),(136,137,144),(136,144,143),(137,138,145),(137,145,144),(138,139,146),(138,146,145),(139,140,147),(139,147,146),(141,142,149),(141,149,148),(142,143,150),(142,150,149),(143,144,151),(143,151,150),(144,145,152),(144,152,151),(145,146,153),(145,153,152),(146,147,154),(146,154,153),(148,149,156),(148,156,155),(149,150,157),(149,157,156),(150,151,158),(150,158,157),(151,152,159),(151,159,158),(152,153,160),(152,160,159),(153,154,161),(153,161,160),(155,156,163),(155,163,162),(156,157,164),(156,164,163),(157,158,165),(157,165,164),(158,159,166),(158,166,165),(159,160,167),(159,167,166),(160,161,168),(160,168,167),(162,163,93),(162,93,92),(163,164,94),(163,94,93),(164,165,95),(164,95,94),(165,166,96),(165,96,95),(166,167,97),(166,97,96),(167,168,98),(167,98,97),(1,8,169),(1,169,99),(8,15,170),(8,170,169),(15,22,171),(15,171,170),(22,29,172),(22,172,171),(29,36,173),(29,173,172),(36,43,134),(36,134,173),(99,169,174),(99,174,106),(169,170,175),(169,175,174),(170,171,176),(170,176,175),(171,172,177),(171,177,176),(172,173,178),(172,178,177),(173,134,141),(173,141,178),(106,174,179),(106,179,113),(174,175,180),(174,180,179),(175,176,181),(175,181,180),(176,177,182),(176,182,181),(177,178,183),(177,183,182),(178,141,148),(178,148,183),(113,179,184),(113,184,120),(179,180,185),(179,185,184),(180,181,186),(180,186,185),(181,182,187),(181,187,186),(182,183,188),(182,188,187),(183,148,155),(183,155,188),(120,184,189),(120,189,127),(184,185,190),(184,190,189),(185,186,191),(185,191,190),(186,187,192),(186,192,191),(187,188,193),(187,193,192),(188,155,162),(188,162,193),(127,189,57),(127,57,50),(189,190,64),(189,64,57),(190,191,71),(190,71,64),(191,192,78),(191,78,71),(192,193,85),(192,85,78),(193,162,92),(193,92,85),(194,14,7),(105,194,7),(195,21,14),(194,195,14),(196,28,21),(195,196,21),(197,35,28),(196,197,28),(198,42,35),(197,198,35),(140,49,42),(198,140,42),(199,194,105),(112,199,105),(200,195,194),(199,200,194),(201,196,195),(200,201,195),(202,197,196),(201,202,196),(203,198,197),(202,203,197),(147,140,198),(203,147,198),(204,199,112),(119,204,112),(205,200,199),(204,205,199),(206,201,200),(205,206,200),(207,202,201),(206,207,201),(208,203,202),(207,208,202),(154,147,203),(208,154,203),(209,204,119),(126,209,119),(210,205,204),(209,210,204),(211,206,205),(210,211,205),(212,207,206),(211,212,206),(213,208,207),(212,213,207),(161,154,208),(213,161,208),(214,209,126),(133,214,126),(215,210,209),(214,215,209),(216,211,210),(215,216,210),(217,212,211),(216,217,211),(218,213,212),(217,218,212),(168,161,213),(218,168,213),(63,214,133),(56,63,133),(70,215,214),(63,70,214),(77,216,215),(70,77,215),(84,217,216),(77,84,216),(91,218,217),(84,91,217),(98,168,218),(91,98,218)),$);
#824=IFCSHAPEREPRESENTATION(#6,'Body','Tessellation',(#809,#811,#813,#815,#817,#819,#821,#823));
#825=IFCPRODUCTDEFINITIONSHAPE($,$,(#824));
#826=IFCFURNISHINGELEMENT('2Ej$E9OCHPGxx18f1LNgol',$,'Lounge Chair','Authored furniture assembly',$,#19,#825,'F0-living/lounge-chair');
#827=IFCPROPERTYSINGLEVALUE('ReviewStatus',$,IFCLABEL('PRELIMINARY - NOT FOR CONSTRUCTION'),$);
#828=IFCPROPERTYSINGLEVALUE('PlanHash',$,IFCLABEL('9bdd75bf2ea4a15314ae6a886c801c8d1d01f7572e2e002ab2ad73d238ef7a80'),$);
#829=IFCPROPERTYSET('3A6dIvafDTOwrAQeFSfpr0',$,'FloorForge_Review',$,(#827,#828));
#830=IFCRELDEFINESBYPROPERTIES('0ZXOMH3t9HuxO_ErCSxPek',$,$,$,(#826),#829);
#831=IFCCARTESIANPOINTLIST3D(((1640.355,1190.355,725.355),(1638.254,1188.254,730.99),(1637.186,1187.186,738.676),(1637.176,1187.176,750.),(1637.186,1187.186,761.324),(1638.254,1188.254,769.01),(1640.355,1190.355,774.645),(1637.176,1380.,722.176),(1632.797,1380.,728.132),(1630.028,1380.,738.335),(1630.,1380.,750.),(1630.028,1380.,761.665),(1632.797,1380.,771.868),(1637.176,1380.,777.824),(1637.176,1580.,722.176),(1632.797,1580.,728.132),(1630.028,1580.,738.335),(1630.,1580.,750.),(1630.028,1580.,761.665),(1632.797,1580.,771.868),(1637.176,1580.,777.824),(1637.176,1780.,722.176),(1632.797,1780.,728.132),(1630.028,1780.,738.335),(1630.,1780.,750.),(1630.028,1780.,761.665),(1632.797,1780.,771.868),(1637.176,1780.,777.824),(1637.176,1980.,722.176),(1632.797,1980.,728.132),(1630.028,1980.,738.335),(1630.,1980.,750.),(1630.028,1980.,761.665),(1632.797,1980.,771.868),(1637.176,1980.,777.824),(1637.176,2180.,722.176),(1632.797,2180.,728.132),(1630.028,2180.,738.335),(1630.,2180.,750.),(1630.028,2180.,761.665),(1632.797,2180.,771.868),(1637.176,2180.,777.824),(1640.355,2369.645,725.355),(1638.254,2371.746,730.99),(1637.186,2372.814,738.676),(1637.176,2372.824,750.),(1637.186,2372.814,761.324),(1638.254,2371.746,769.01),(1640.355,2369.645,774.645),(2519.645,1190.355,725.355),(2521.746,1188.254,730.99),(2522.814,1187.186,738.676),(2522.824,1187.176,750.),(2522.814,1187.186,761.324),(2521.746,1188.254,769.01),(2519.645,1190.355,774.645),(2522.824,1380.,722.176),(2527.203,1380.,728.132),(2529.972,1380.,738.335),(2530.,1380.,750.),(2529.972,1380.,761.665),(2527.203,1380.,771.868),(2522.824,1380.,777.824),(2522.824,1580.,722.176),(2527.203,1580.,728.132),(2529.972,1580.,738.335),(2530.,1580.,750.),(2529.972,1580.,761.665),(2527.203,1580.,771.868),(2522.824,1580.,777.824),(2522.824,1780.,722.176),(2527.203,1780.,728.132),(2529.972,1780.,738.335),(2530.,1780.,750.),(2529.972,1780.,761.665),(2527.203,1780.,771.868),(2522.824,1780.,777.824),(2522.824,1980.,722.176),(2527.203,1980.,728.132),(2529.972,1980.,738.335),(2530.,1980.,750.),(2529.972,1980.,761.665),(2527.203,1980.,771.868),(2522.824,1980.,777.824),(2522.824,2180.,722.176),(2527.203,2180.,728.132),(2529.972,2180.,738.335),(2530.,2180.,750.),(2529.972,2180.,761.665),(2527.203,2180.,771.868),(2522.824,2180.,777.824),(2519.645,2369.645,725.355),(2521.746,2371.746,730.99),(2522.814,2372.814,738.676),(2522.824,2372.824,750.),(2522.814,2372.814,761.324),(2521.746,2371.746,769.01),(2519.645,2369.645,774.645),(1780.,1187.176,722.176),(1780.,1182.797,728.132),(1780.,1180.028,738.335),(1780.,1180.,750.),(1780.,1180.028,761.665),(1780.,1182.797,771.868),(1780.,1187.176,777.824),(1930.,1187.176,722.176),(1930.,1182.797,728.132),(1930.,1180.028,738.335),(1930.,1180.,750.),(1930.,1180.028,761.665),(1930.,1182.797,771.868),(1930.,1187.176,777.824),(2080.,1187.176,722.176),(2080.,1182.797,728.132),(2080.,1180.028,738.335),(2080.,1180.,750.),(2080.,1180.028,761.665),(2080.,1182.797,771.868),(2080.,1187.176,777.824),(2230.,1187.176,722.176),(2230.,1182.797,728.132),(2230.,1180.028,738.335),(2230.,1180.,750.),(2230.,1180.028,761.665),(2230.,1182.797,771.868),(2230.,1187.176,777.824),(2380.,1187.176,722.176),(2380.,1182.797,728.132),(2380.,1180.028,738.335),(2380.,1180.,750.),(2380.,1180.028,761.665),(2380.,1182.797,771.868),(2380.,1187.176,777.824),(1780.,2372.824,722.176),(1780.,2377.203,728.132),(1780.,2379.972,738.335),(1780.,2380.,750.),(1780.,2379.972,761.665),(1780.,2377.203,771.868),(1780.,2372.824,777.824),(1930.,2372.824,722.176),(1930.,2377.203,728.132),(1930.,2379.972,738.335),(1930.,2380.,750.),(1930.,2379.972,761.665),(1930.,2377.203,771.868),(1930.,2372.824,777.824),(2080.,2372.824,722.176),(2080.,2377.203,728.132),(2080.,2379.972,738.335),(2080.,2380.,750.),(2080.,2379.972,761.665),(2080.,2377.203,771.868),(2080.,2372.824,777.824),(2230.,2372.824,722.176),(2230.,2377.203,728.132),(2230.,2379.972,738.335),(2230.,2380.,750.),(2230.,2379.972,761.665),(2230.,2377.203,771.868),(2230.,2372.824,777.824),(2380.,2372.824,722.176),(2380.,2377.203,728.132),(2380.,2379.972,738.335),(2380.,2380.,750.),(2380.,2379.972,761.665),(2380.,2377.203,771.868),(2380.,2372.824,777.824),(1780.,1380.,715.),(1780.,1580.,715.),(1780.,1780.,715.),(1780.,1980.,715.),(1780.,2180.,715.),(1930.,1380.,715.),(1930.,1580.,715.),(1930.,1780.,715.),(1930.,1980.,715.),(1930.,2180.,715.),(2080.,1380.,715.),(2080.,1580.,715.),(2080.,1780.,715.),(2080.,1980.,715.),(2080.,2180.,715.),(2230.,1380.,715.),(2230.,1580.,715.),(2230.,1780.,715.),(2230.,1980.,715.),(2230.,2180.,715.),(2380.,1380.,715.),(2380.,1580.,715.),(2380.,1780.,715.),(2380.,1980.,715.),(2380.,2180.,715.),(1780.,1380.,785.),(1780.,1580.,785.),(1780.,1780.,785.),(1780.,1980.,785.),(1780.,2180.,785.),(1930.,1380.,785.),(1930.,1580.,785.),(1930.,1780.,785.),(1930.,1980.,785.),(1930.,2180.,785.),(2080.,1380.,785.),(2080.,1580.,785.),(2080.,1780.,785.),(2080.,1980.,785.),(2080.,2180.,785.),(2230.,1380.,785.),(2230.,1580.,785.),(2230.,1780.,785.),(2230.,1980.,785.),(2230.,2180.,785.),(2380.,1380.,785.),(2380.,1580.,785.),(2380.,1780.,785.),(2380.,1980.,785.),(2380.,2180.,785.)));
#832=IFCTRIANGULATEDFACESET(#831,$,.T.,((1,2,9),(1,9,8),(2,3,10),(2,10,9),(3,4,11),(3,11,10),(4,5,12),(4,12,11),(5,6,13),(5,13,12),(6,7,14),(6,14,13),(8,9,16),(8,16,15),(9,10,17),(9,17,16),(10,11,18),(10,18,17),(11,12,19),(11,19,18),(12,13,20),(12,20,19),(13,14,21),(13,21,20),(15,16,23),(15,23,22),(16,17,24),(16,24,23),(17,18,25),(17,25,24),(18,19,26),(18,26,25),(19,20,27),(19,27,26),(20,21,28),(20,28,27),(22,23,30),(22,30,29),(23,24,31),(23,31,30),(24,25,32),(24,32,31),(25,26,33),(25,33,32),(26,27,34),(26,34,33),(27,28,35),(27,35,34),(29,30,37),(29,37,36),(30,31,38),(30,38,37),(31,32,39),(31,39,38),(32,33,40),(32,40,39),(33,34,41),(33,41,40),(34,35,42),(34,42,41),(36,37,44),(36,44,43),(37,38,45),(37,45,44),(38,39,46),(38,46,45),(39,40,47),(39,47,46),(40,41,48),(40,48,47),(41,42,49),(41,49,48),(58,51,50),(57,58,50),(59,52,51),(58,59,51),(60,53,52),(59,60,52),(61,54,53),(60,61,53),(62,55,54),(61,62,54),(63,56,55),(62,63,55),(65,58,57),(64,65,57),(66,59,58),(65,66,58),(67,60,59),(66,67,59),(68,61,60),(67,68,60),(69,62,61),(68,69,61),(70,63,62),(69,70,62),(72,65,64),(71,72,64),(73,66,65),(72,73,65),(74,67,66),(73,74,66),(75,68,67),(74,75,67),(76,69,68),(75,76,68),(77,70,69),(76,77,69),(79,72,71),(78,79,71),(80,73,72),(79,80,72),(81,74,73),(80,81,73),(82,75,74),(81,82,74),(83,76,75),(82,83,75),(84,77,76),(83,84,76),(86,79,78),(85,86,78),(87,80,79),(86,87,79),(88,81,80),(87,88,80),(89,82,81),(88,89,81),(90,83,82),(89,90,82),(91,84,83),(90,91,83),(93,86,85),(92,93,85),(94,87,86),(93,94,86),(95,88,87),(94,95,87),(96,89,88),(95,96,88),(97,90,89),(96,97,89),(98,91,90),(97,98,90),(100,2,1),(99,100,1),(101,3,2),(100,101,2),(102,4,3),(101,102,3),(103,5,4),(102,103,4),(104,6,5),(103,104,5),(105,7,6),(104,105,6),(107,100,99),(106,107,99),(108,101,100),(107,108,100),(109,102,101),(108,109,101),(110,103,102),(109,110,102),(111,104,103),(110,111,103),(112,105,104),(111,112,104),(114,107,106),(113,114,106),(115,108,107),(114,115,107),(116,109,108),(115,116,108),(117,110,109),(116,117,109),(118,111,110),(117,118,110),(119,112,111),(118,119,111),(121,114,113),(120,121,113),(122,115,114),(121,122,114),(123,116,115),(122,123,115),(124,117,116),(123,124,116),(125,118,117),(124,125,117),(126,119,118),(125,126,118),(128,121,120),(127,128,120),(129,122,121),(128,129,121),(130,123,122),(129,130,122),(131,124,123),(130,131,123),(132,125,124),(131,132,124),(133,126,125),(132,133,125),(51,128,127),(50,51,127),(52,129,128),(51,52,128),(53,130,129),(52,53,129),(54,131,130),(53,54,130),(55,132,131),(54,55,131),(56,133,132),(55,56,132),(43,44,135),(43,135,134),(44,45,136),(44,136,135),(45,46,137),(45,137,136),(46,47,138),(46,138,137),(47,48,139),(47,139,138),(48,49,140),(48,140,139),(134,135,142),(134,142,141),(135,136,143),(135,143,142),(136,137,144),(136,144,143),(137,138,145),(137,145,144),(138,139,146),(138,146,145),(139,140,147),(139,147,146),(141,142,149),(141,149,148),(142,143,150),(142,150,149),(143,144,151),(143,151,150),(144,145,152),(144,152,151),(145,146,153),(145,153,152),(146,147,154),(146,154,153),(148,149,156),(148,156,155),(149,150,157),(149,157,156),(150,151,158),(150,158,157),(151,152,159),(151,159,158),(152,153,160),(152,160,159),(153,154,161),(153,161,160),(155,156,163),(155,163,162),(156,157,164),(156,164,163),(157,158,165),(157,165,164),(158,159,166),(158,166,165),(159,160,167),(159,167,166),(160,161,168),(160,168,167),(162,163,93),(162,93,92),(163,164,94),(163,94,93),(164,165,95),(164,95,94),(165,166,96),(165,96,95),(166,167,97),(166,97,96),(167,168,98),(167,98,97),(1,8,169),(1,169,99),(8,15,170),(8,170,169),(15,22,171),(15,171,170),(22,29,172),(22,172,171),(29,36,173),(29,173,172),(36,43,134),(36,134,173),(99,169,174),(99,174,106),(169,170,175),(169,175,174),(170,171,176),(170,176,175),(171,172,177),(171,177,176),(172,173,178),(172,178,177),(173,134,141),(173,141,178),(106,174,179),(106,179,113),(174,175,180),(174,180,179),(175,176,181),(175,181,180),(176,177,182),(176,182,181),(177,178,183),(177,183,182),(178,141,148),(178,148,183),(113,179,184),(113,184,120),(179,180,185),(179,185,184),(180,181,186),(180,186,185),(181,182,187),(181,187,186),(182,183,188),(182,188,187),(183,148,155),(183,155,188),(120,184,189),(120,189,127),(184,185,190),(184,190,189),(185,186,191),(185,191,190),(186,187,192),(186,192,191),(187,188,193),(187,193,192),(188,155,162),(188,162,193),(127,189,57),(127,57,50),(189,190,64),(189,64,57),(190,191,71),(190,71,64),(191,192,78),(191,78,71),(192,193,85),(192,85,78),(193,162,92),(193,92,85),(194,14,7),(105,194,7),(195,21,14),(194,195,14),(196,28,21),(195,196,21),(197,35,28),(196,197,28),(198,42,35),(197,198,35),(140,49,42),(198,140,42),(199,194,105),(112,199,105),(200,195,194),(199,200,194),(201,196,195),(200,201,195),(202,197,196),(201,202,196),(203,198,197),(202,203,197),(147,140,198),(203,147,198),(204,199,112),(119,204,112),(205,200,199),(204,205,199),(206,201,200),(205,206,200),(207,202,201),(206,207,201),(208,203,202),(207,208,202),(154,147,203),(208,154,203),(209,204,119),(126,209,119),(210,205,204),(209,210,204),(211,206,205),(210,211,205),(212,207,206),(211,212,206),(213,208,207),(212,213,207),(161,154,208),(213,161,208),(214,209,126),(133,214,126),(215,210,209),(214,215,209),(216,211,210),(215,216,210),(217,212,211),(216,217,211),(218,213,212),(217,218,212),(168,161,213),(218,168,213),(63,214,133),(56,63,133),(70,215,214),(63,70,214),(77,216,215),(70,77,215),(84,217,216),(77,84,216),(91,218,217),(84,91,217),(98,168,218),(91,98,218)),$);
#833=IFCCARTESIANPOINTLIST3D(((1820.,1360.,40.),(1858.,1360.,40.),(1858.,1360.,720.),(1820.,1360.,720.),(1856.140166,1371.742646,40.),(1856.140166,1371.742646,720.),(1850.742646,1382.33583,40.),(1850.742646,1382.33583,720.),(1842.33583,1390.742646,40.),(1842.33583,1390.742646,720.),(1831.742646,1396.140166,40.),(1831.742646,1396.140166,720.),(1820.,1398.,40.),(1820.,1398.,720.),(1808.257354,1396.140166,40.),(1808.257354,1396.140166,720.),(1797.66417,1390.742646,40.),(1797.66417,1390.742646,720.),(1789.257354,1382.33583,40.),(1789.257354,1382.33583,720.),(1783.859834,1371.742646,40.),(1783.859834,1371.742646,720.),(1782.,1360.,40.),(1782.,1360.,720.),(1783.859834,1348.257354,40.),(1783.859834,1348.257354,720.),(1789.257354,1337.66417,40.),(1789.257354,1337.66417,720.),(1797.66417,1329.257354,40.),(1797.66417,1329.257354,720.),(1808.257354,1323.859834,40.),(1808.257354,1323.859834,720.),(1820.,1322.,40.),(1820.,1322.,720.),(1831.742646,1323.859834,40.),(1831.742646,1323.859834,720.),(1842.33583,1329.257354,40.),(1842.33583,1329.257354,720.),(1850.742646,1337.66417,40.),(1850.742646,1337.66417,720.),(1856.140166,1348.257354,40.),(1856.140166,1348.257354,720.)));
#834=IFCTRIANGULATEDFACESET(#833,$,.T.,((2,1,5),(2,5,3),(3,5,6),(3,6,4),(5,1,7),(5,7,6),(6,7,8),(6,8,4),(7,1,9),(7,9,8),(8,9,10),(8,10,4),(9,1,11),(9,11,10),(10,11,12),(10,12,4),(11,1,13),(11,13,12),(12,13,14),(12,14,4),(13,1,15),(13,15,14),(14,15,16),(14,16,4),(15,1,17),(15,17,16),(16,17,18),(16,18,4),(17,1,19),(17,19,18),(18,19,20),(18,20,4),(19,1,21),(19,21,20),(20,21,22),(20,22,4),(21,1,23),(21,23,22),(22,23,24),(22,24,4),(23,1,25),(23,25,24),(24,25,26),(24,26,4),(25,1,27),(25,27,26),(26,27,28),(26,28,4),(27,1,29),(27,29,28),(28,29,30),(28,30,4),(29,1,31),(29,31,30),(30,31,32),(30,32,4),(31,1,33),(31,33,32),(32,33,34),(32,34,4),(33,1,35),(33,35,34),(34,35,36),(34,36,4),(35,1,37),(35,37,36),(36,37,38),(36,38,4),(37,1,39),(37,39,38),(38,39,40),(38,40,4),(39,1,41),(39,41,40),(40,41,42),(40,42,4),(41,1,2),(41,2,42),(42,2,3),(42,3,4)),$);
#835=IFCCARTESIANPOINTLIST3D(((2340.,1360.,40.),(2378.,1360.,40.),(2378.,1360.,720.),(2340.,1360.,720.),(2376.140166,1371.742646,40.),(2376.140166,1371.742646,720.),(2370.742646,1382.33583,40.),(2370.742646,1382.33583,720.),(2362.33583,1390.742646,40.),(2362.33583,1390.742646,720.),(2351.742646,1396.140166,40.),(2351.742646,1396.140166,720.),(2340.,1398.,40.),(2340.,1398.,720.),(2328.257354,1396.140166,40.),(2328.257354,1396.140166,720.),(2317.66417,1390.742646,40.),(2317.66417,1390.742646,720.),(2309.257354,1382.33583,40.),(2309.257354,1382.33583,720.),(2303.859834,1371.742646,40.),(2303.859834,1371.742646,720.),(2302.,1360.,40.),(2302.,1360.,720.),(2303.859834,1348.257354,40.),(2303.859834,1348.257354,720.),(2309.257354,1337.66417,40.),(2309.257354,1337.66417,720.),(2317.66417,1329.257354,40.),(2317.66417,1329.257354,720.),(2328.257354,1323.859834,40.),(2328.257354,1323.859834,720.),(2340.,1322.,40.),(2340.,1322.,720.),(2351.742646,1323.859834,40.),(2351.742646,1323.859834,720.),(2362.33583,1329.257354,40.),(2362.33583,1329.257354,720.),(2370.742646,1337.66417,40.),(2370.742646,1337.66417,720.),(2376.140166,1348.257354,40.),(2376.140166,1348.257354,720.)));
#836=IFCTRIANGULATEDFACESET(#835,$,.T.,((2,1,5),(2,5,3),(3,5,6),(3,6,4),(5,1,7),(5,7,6),(6,7,8),(6,8,4),(7,1,9),(7,9,8),(8,9,10),(8,10,4),(9,1,11),(9,11,10),(10,11,12),(10,12,4),(11,1,13),(11,13,12),(12,13,14),(12,14,4),(13,1,15),(13,15,14),(14,15,16),(14,16,4),(15,1,17),(15,17,16),(16,17,18),(16,18,4),(17,1,19),(17,19,18),(18,19,20),(18,20,4),(19,1,21),(19,21,20),(20,21,22),(20,22,4),(21,1,23),(21,23,22),(22,23,24),(22,24,4),(23,1,25),(23,25,24),(24,25,26),(24,26,4),(25,1,27),(25,27,26),(26,27,28),(26,28,4),(27,1,29),(27,29,28),(28,29,30),(28,30,4),(29,1,31),(29,31,30),(30,31,32),(30,32,4),(31,1,33),(31,33,32),(32,33,34),(32,34,4),(33,1,35),(33,35,34),(34,35,36),(34,36,4),(35,1,37),(35,37,36),(36,37,38),(36,38,4),(37,1,39),(37,39,38),(38,39,40),(38,40,4),(39,1,41),(39,41,40),(40,41,42),(40,42,4),(41,1,2),(41,2,42),(42,2,3),(42,3,4)),$);
#837=IFCCARTESIANPOINTLIST3D(((1820.,2200.,40.),(1858.,2200.,40.),(1858.,2200.,720.),(1820.,2200.,720.),(1856.140166,2211.742646,40.),(1856.140166,2211.742646,720.),(1850.742646,2222.33583,40.),(1850.742646,2222.33583,720.),(1842.33583,2230.742646,40.),(1842.33583,2230.742646,720.),(1831.742646,2236.140166,40.),(1831.742646,2236.140166,720.),(1820.,2238.,40.),(1820.,2238.,720.),(1808.257354,2236.140166,40.),(1808.257354,2236.140166,720.),(1797.66417,2230.742646,40.),(1797.66417,2230.742646,720.),(1789.257354,2222.33583,40.),(1789.257354,2222.33583,720.),(1783.859834,2211.742646,40.),(1783.859834,2211.742646,720.),(1782.,2200.,40.),(1782.,2200.,720.),(1783.859834,2188.257354,40.),(1783.859834,2188.257354,720.),(1789.257354,2177.66417,40.),(1789.257354,2177.66417,720.),(1797.66417,2169.257354,40.),(1797.66417,2169.257354,720.),(1808.257354,2163.859834,40.),(1808.257354,2163.859834,720.),(1820.,2162.,40.),(1820.,2162.,720.),(1831.742646,2163.859834,40.),(1831.742646,2163.859834,720.),(1842.33583,2169.257354,40.),(1842.33583,2169.257354,720.),(1850.742646,2177.66417,40.),(1850.742646,2177.66417,720.),(1856.140166,2188.257354,40.),(1856.140166,2188.257354,720.)));
#838=IFCTRIANGULATEDFACESET(#837,$,.T.,((2,1,5),(2,5,3),(3,5,6),(3,6,4),(5,1,7),(5,7,6),(6,7,8),(6,8,4),(7,1,9),(7,9,8),(8,9,10),(8,10,4),(9,1,11),(9,11,10),(10,11,12),(10,12,4),(11,1,13),(11,13,12),(12,13,14),(12,14,4),(13,1,15),(13,15,14),(14,15,16),(14,16,4),(15,1,17),(15,17,16),(16,17,18),(16,18,4),(17,1,19),(17,19,18),(18,19,20),(18,20,4),(19,1,21),(19,21,20),(20,21,22),(20,22,4),(21,1,23),(21,23,22),(22,23,24),(22,24,4),(23,1,25),(23,25,24),(24,25,26),(24,26,4),(25,1,27),(25,27,26),(26,27,28),(26,28,4),(27,1,29),(27,29,28),(28,29,30),(28,30,4),(29,1,31),(29,31,30),(30,31,32),(30,32,4),(31,1,33),(31,33,32),(32,33,34),(32,34,4),(33,1,35),(33,35,34),(34,35,36),(34,36,4),(35,1,37),(35,37,36),(36,37,38),(36,38,4),(37,1,39),(37,39,38),(38,39,40),(38,40,4),(39,1,41),(39,41,40),(40,41,42),(40,42,4),(41,1,2),(41,2,42),(42,2,3),(42,3,4)),$);
#839=IFCCARTESIANPOINTLIST3D(((2340.,2200.,40.),(2378.,2200.,40.),(2378.,2200.,720.),(2340.,2200.,720.),(2376.140166,2211.742646,40.),(2376.140166,2211.742646,720.),(2370.742646,2222.33583,40.),(2370.742646,2222.33583,720.),(2362.33583,2230.742646,40.),(2362.33583,2230.742646,720.),(2351.742646,2236.140166,40.),(2351.742646,2236.140166,720.),(2340.,2238.,40.),(2340.,2238.,720.),(2328.257354,2236.140166,40.),(2328.257354,2236.140166,720.),(2317.66417,2230.742646,40.),(2317.66417,2230.742646,720.),(2309.257354,2222.33583,40.),(2309.257354,2222.33583,720.),(2303.859834,2211.742646,40.),(2303.859834,2211.742646,720.),(2302.,2200.,40.),(2302.,2200.,720.),(2303.859834,2188.257354,40.),(2303.859834,2188.257354,720.),(2309.257354,2177.66417,40.),(2309.257354,2177.66417,720.),(2317.66417,2169.257354,40.),(2317.66417,2169.257354,720.),(2328.257354,2163.859834,40.),(2328.257354,2163.859834,720.),(2340.,2162.,40.),(2340.,2162.,720.),(2351.742646,2163.859834,40.),(2351.742646,2163.859834,720.),(2362.33583,2169.257354,40.),(2362.33583,2169.257354,720.),(2370.742646,2177.66417,40.),(2370.742646,2177.66417,720.),(2376.140166,2188.257354,40.),(2376.140166,2188.257354,720.)));
#840=IFCTRIANGULATEDFACESET(#839,$,.T.,((2,1,5),(2,5,3),(3,5,6),(3,6,4),(5,1,7),(5,7,6),(6,7,8),(6,8,4),(7,1,9),(7,9,8),(8,9,10),(8,10,4),(9,1,11),(9,11,10),(10,11,12),(10,12,4),(11,1,13),(11,13,12),(12,13,14),(12,14,4),(13,1,15),(13,15,14),(14,15,16),(14,16,4),(15,1,17),(15,17,16),(16,17,18),(16,18,4),(17,1,19),(17,19,18),(18,19,20),(18,20,4),(19,1,21),(19,21,20),(20,21,22),(20,22,4),(21,1,23),(21,23,22),(22,23,24),(22,24,4),(23,1,25),(23,25,24),(24,25,26),(24,26,4),(25,1,27),(25,27,26),(26,27,28),(26,28,4),(27,1,29),(27,29,28),(28,29,30),(28,30,4),(29,1,31),(29,31,30),(30,31,32),(30,32,4),(31,1,33),(31,33,32),(32,33,34),(32,34,4),(33,1,35),(33,35,34),(34,35,36),(34,36,4),(35,1,37),(35,37,36),(36,37,38),(36,38,4),(37,1,39),(37,39,38),(38,39,40),(38,40,4),(39,1,41),(39,41,40),(40,41,42),(40,42,4),(41,1,2),(41,2,42),(42,2,3),(42,3,4)),$);
#841=IFCCARTESIANPOINTLIST3D(((1600.,1256.,40.),(1585.588085,1271.170437,38.223892),(1562.788085,1295.170437,428.223892),(1577.2,1280.,430.),(1581.588667,1265.958409,38.31082),(1558.788667,1289.958409,428.31082),(1579.391496,1259.771573,38.563098),(1556.591496,1283.771573,428.563098),(1579.211618,1253.215545,38.95603),(1556.411618,1277.215545,428.95603),(1581.066642,1246.932083,39.451152),(1558.266642,1270.932083,429.451152),(1584.775012,1241.536261,40.),(1561.975012,1265.536261,430.),(1589.973695,1237.556237,40.548848),(1567.173695,1261.556237,430.548848),(1596.153833,1235.381634,41.04397),(1573.353833,1259.381634,431.04397),(1602.710465,1235.22529,41.436902),(1579.910465,1259.22529,431.436902),(1609.001772,1237.102509,41.68918),(1586.201772,1261.102509,431.68918),(1614.411915,1240.829563,41.776108),(1591.611915,1264.829563,431.776108),(1618.411333,1246.041591,41.68918),(1595.611333,1270.041591,431.68918),(1620.608504,1252.228427,41.436902),(1597.808504,1276.228427,431.436902),(1620.788382,1258.784455,41.04397),(1597.988382,1282.784455,431.04397),(1618.933358,1265.067917,40.548848),(1596.133358,1289.067917,430.548848),(1615.224988,1270.463739,40.),(1592.424988,1294.463739,430.),(1610.026305,1274.443763,39.451152),(1587.226305,1298.443763,429.451152),(1603.846167,1276.618366,38.95603),(1581.046167,1300.618366,428.95603),(1597.289535,1276.77471,38.563098),(1574.489535,1300.77471,428.563098),(1590.998228,1274.897491,38.31082),(1568.198228,1298.897491,428.31082)));
#842=IFCTRIANGULATEDFACESET(#841,$,.T.,((2,1,5),(2,5,3),(3,5,6),(3,6,4),(5,1,7),(5,7,6),(6,7,8),(6,8,4),(7,1,9),(7,9,8),(8,9,10),(8,10,4),(9,1,11),(9,11,10),(10,11,12),(10,12,4),(11,1,13),(11,13,12),(12,13,14),(12,14,4),(13,1,15),(13,15,14),(14,15,16),(14,16,4),(15,1,17),(15,17,16),(16,17,18),(16,18,4),(17,1,19),(17,19,18),(18,19,20),(18,20,4),(19,1,21),(19,21,20),(20,21,22),(20,22,4),(21,1,23),(21,23,22),(22,23,24),(22,24,4),(23,1,25),(23,25,24),(24,25,26),(24,26,4),(25,1,27),(25,27,26),(26,27,28),(26,28,4),(27,1,29),(27,29,28),(28,29,30),(28,30,4),(29,1,31),(29,31,30),(30,31,32),(30,32,4),(31,1,33),(31,33,32),(32,33,34),(32,34,4),(33,1,35),(33,35,34),(34,35,36),(34,36,4),(35,1,37),(35,37,36),(36,37,38),(36,38,4),(37,1,39),(37,39,38),(38,39,40),(38,40,4),(39,1,41),(39,41,40),(40,41,42),(40,42,4),(41,1,2),(41,2,42),(42,2,3),(42,3,4)),$);
#843=IFCCARTESIANPOINTLIST3D(((1220.,1256.,40.),(1234.411915,1271.170437,38.223892),(1257.211915,1295.170437,428.223892),(1242.8,1280.,430.),(1229.001772,1274.897491,38.31082),(1251.801772,1298.897491,428.31082),(1222.710465,1276.77471,38.563098),(1245.510465,1300.77471,428.563098),(1216.153833,1276.618366,38.95603),(1238.953833,1300.618366,428.95603),(1209.973695,1274.443763,39.451152),(1232.773695,1298.443763,429.451152),(1204.775012,1270.463739,40.),(1227.575012,1294.463739,430.),(1201.066642,1265.067917,40.548848),(1223.866642,1289.067917,430.548848),(1199.211618,1258.784455,41.04397),(1222.011618,1282.784455,431.04397),(1199.391496,1252.228427,41.436902),(1222.191496,1276.228427,431.436902),(1201.588667,1246.041591,41.68918),(1224.388667,1270.041591,431.68918),(1205.588085,1240.829563,41.776108),(1228.388085,1264.829563,431.776108),(1210.998228,1237.102509,41.68918),(1233.798228,1261.102509,431.68918),(1217.289535,1235.22529,41.436902),(1240.089535,1259.22529,431.436902),(1223.846167,1235.381634,41.04397),(1246.646167,1259.381634,431.04397),(1230.026305,1237.556237,40.548848),(1252.826305,1261.556237,430.548848),(1235.224988,1241.536261,40.),(1258.024988,1265.536261,430.),(1238.933358,1246.932083,39.451152),(1261.733358,1270.932083,429.451152),(1240.788382,1253.215545,38.95603),(1263.588382,1277.215545,428.95603),(1240.608504,1259.771573,38.563098),(1263.408504,1283.771573,428.563098),(1238.411333,1265.958409,38.31082),(1261.211333,1289.958409,428.31082)));
#844=IFCTRIANGULATEDFACESET(#843,$,.T.,((2,1,5),(2,5,3),(3,5,6),(3,6,4),(5,1,7),(5,7,6),(6,7,8),(6,8,4),(7,1,9),(7,9,8),(8,9,10),(8,10,4),(9,1,11),(9,11,10),(10,11,12),(10,12,4),(11,1,13),(11,13,12),(12,13,14),(12,14,4),(13,1,15),(13,15,14),(14,15,16),(14,16,4),(15,1,17),(15,17,16),(16,17,18),(16,18,4),(17,1,19),(17,19,18),(18,19,20),(18,20,4),(19,1,21),(19,21,20),(20,21,22),(20,22,4),(21,1,23),(21,23,22),(22,23,24),(22,24,4),(23,1,25),(23,25,24),(24,25,26),(24,26,4),(25,1,27),(25,27,26),(26,27,28),(26,28,4),(27,1,29),(27,29,28),(28,29,30),(28,30,4),(29,1,31),(29,31,30),(30,31,32),(30,32,4),(31,1,33),(31,33,32),(32,33,34),(32,34,4),(33,1,35),(33,35,34),(34,35,36),(34,36,4),(35,1,37),(35,37,36),(36,37,38),(36,38,4),(37,1,39),(37,39,38),(38,39,40),(38,40,4),(39,1,41),(39,41,40),(40,41,42),(40,42,4),(41,1,2),(41,2,42),(42,2,3),(42,3,4)),$);
#845=IFCCARTESIANPOINTLIST3D(((1600.,1656.,40.),(1585.588085,1640.829563,38.223892),(1562.788085,1616.829563,428.223892),(1577.2,1632.,430.),(1590.998228,1637.102509,38.31082),(1568.198228,1613.102509,428.31082),(1597.289535,1635.22529,38.563098),(1574.489535,1611.22529,428.563098),(1603.846167,1635.381634,38.95603),(1581.046167,1611.381634,428.95603),(1610.026305,1637.556237,39.451152),(1587.226305,1613.556237,429.451152),(1615.224988,1641.536261,40.),(1592.424988,1617.536261,430.),(1618.933358,1646.932083,40.548848),(1596.133358,1622.932083,430.548848),(1620.788382,1653.215545,41.04397),(1597.988382,1629.215545,431.04397),(1620.608504,1659.771573,41.436902),(1597.808504,1635.771573,431.436902),(1618.411333,1665.958409,41.68918),(1595.611333,1641.958409,431.68918),(1614.411915,1671.170437,41.776108),(1591.611915,1647.170437,431.776108),(1609.001772,1674.897491,41.68918),(1586.201772,1650.897491,431.68918),(1602.710465,1676.77471,41.436902),(1579.910465,1652.77471,431.436902),(1596.153833,1676.618366,41.04397),(1573.353833,1652.618366,431.04397),(1589.973695,1674.443763,40.548848),(1567.173695,1650.443763,430.548848),(1584.775012,1670.463739,40.),(1561.975012,1646.463739,430.),(1581.066642,1665.067917,39.451152),(1558.266642,1641.067917,429.451152),(1579.211618,1658.784455,38.95603),(1556.411618,1634.784455,428.95603),(1579.391496,1652.228427,38.563098),(1556.591496,1628.228427,428.563098),(1581.588667,1646.041591,38.31082),(1558.788667,1622.041591,428.31082)));
#846=IFCTRIANGULATEDFACESET(#845,$,.T.,((2,1,5),(2,5,3),(3,5,6),(3,6,4),(5,1,7),(5,7,6),(6,7,8),(6,8,4),(7,1,9),(7,9,8),(8,9,10),(8,10,4),(9,1,11),(9,11,10),(10,11,12),(10,12,4),(11,1,13),(11,13,12),(12,13,14),(12,14,4),(13,1,15),(13,15,14),(14,15,16),(14,16,4),(15,1,17),(15,17,16),(16,17,18),(16,18,4),(17,1,19),(17,19,18),(18,19,20),(18,20,4),(19,1,21),(19,21,20),(20,21,22),(20,22,4),(21,1,23),(21,23,22),(22,23,24),(22,24,4),(23,1,25),(23,25,24),(24,25,26),(24,26,4),(25,1,27),(25,27,26),(26,27,28),(26,28,4),(27,1,29),(27,29,28),(28,29,30),(28,30,4),(29,1,31),(29,31,30),(30,31,32),(30,32,4),(31,1,33),(31,33,32),(32,33,34),(32,34,4),(33,1,35),(33,35,34),(34,35,36),(34,36,4),(35,1,37),(35,37,36),(36,37,38),(36,38,4),(37,1,39),(37,39,38),(38,39,40),(38,40,4),(39,1,41),(39,41,40),(40,41,42),(40,42,4),(41,1,2),(41,2,42),(42,2,3),(42,3,4)),$);
#847=IFCCARTESIANPOINTLIST3D(((1220.,1656.,40.),(1234.411915,1640.829563,38.223892),(1257.211915,1616.829563,428.223892),(1242.8,1632.,430.),(1238.411333,1646.041591,38.31082),(1261.211333,1622.041591,428.31082),(1240.608504,1652.228427,38.563098),(1263.408504,1628.228427,428.563098),(1240.788382,1658.784455,38.95603),(1263.588382,1634.784455,428.95603),(1238.933358,1665.067917,39.451152),(1261.733358,1641.067917,429.451152),(1235.224988,1670.463739,40.),(1258.024988,1646.463739,430.),(1230.026305,1674.443763,40.548848),(1252.826305,1650.443763,430.548848),(1223.846167,1676.618366,41.04397),(1246.646167,1652.618366,431.04397),(1217.289535,1676.77471,41.436902),(1240.089535,1652.77471,431.436902),(1210.998228,1674.897491,41.68918),(1233.798228,1650.897491,431.68918),(1205.588085,1671.170437,41.776108),(1228.388085,1647.170437,431.776108),(1201.588667,1665.958409,41.68918),(1224.388667,1641.958409,431.68918),(1199.391496,1659.771573,41.436902),(1222.191496,1635.771573,431.436902),(1199.211618,1653.215545,41.04397),(1222.011618,1629.215545,431.04397),(1201.066642,1646.932083,40.548848),(1223.866642,1622.932083,430.548848),(1204.775012,1641.536261,40.),(1227.575012,1617.536261,430.),(1209.973695,1637.556237,39.451152),(1232.773695,1613.556237,429.451152),(1216.153833,1635.381634,38.95603),(1238.953833,1611.381634,428.95603),(1222.710465,1635.22529,38.563098),(1245.510465,1611.22529,428.563098),(1229.001772,1637.102509,38.31082),(1251.801772,1613.102509,428.31082)));
#848=IFCTRIANGULATEDFACESET(#847,$,.T.,((2,1,5),(2,5,3),(3,5,6),(3,6,4),(5,1,7),(5,7,6),(6,7,8),(6,8,4),(7,1,9),(7,9,8),(8,9,10),(8,10,4),(9,1,11),(9,11,10),(10,11,12),(10,12,4),(11,1,13),(11,13,12),(12,13,14),(12,14,4),(13,1,15),(13,15,14),(14,15,16),(14,16,4),(15,1,17),(15,17,16),(16,17,18),(16,18,4),(17,1,19),(17,19,18),(18,19,20),(18,20,4),(19,1,21),(19,21,20),(20,21,22),(20,22,4),(21,1,23),(21,23,22),(22,23,24),(22,24,4),(23,1,25),(23,25,24),(24,25,26),(24,26,4),(25,1,27),(25,27,26),(26,27,28),(26,28,4),(27,1,29),(27,29,28),(28,29,30),(28,30,4),(29,1,31),(29,31,30),(30,31,32),(30,32,4),(31,1,33),(31,33,32),(32,33,34),(32,34,4),(33,1,35),(33,35,34),(34,35,36),(34,36,4),(35,1,37),(35,37,36),(36,37,38),(36,38,4),(37,1,39),(37,39,38),(38,39,40),(38,40,4),(39,1,41),(39,41,40),(40,41,42),(40,42,4),(41,1,2),(41,2,42),(42,2,3),(42,3,4)),$);
#849=IFCCARTESIANPOINTLIST3D(((1641.687,1229.313,428.313),(1644.387,1226.613,435.559),(1645.761,1225.239,445.44),(1645.774,1225.226,460.),(1645.761,1225.239,474.56),(1644.387,1226.613,484.441),(1641.687,1229.313,491.687),(1573.333,1225.226,424.226),(1573.333,1219.596,431.884),(1573.333,1216.036,445.002),(1573.333,1216.,460.),(1573.333,1216.036,474.998),(1573.333,1219.596,488.116),(1573.333,1225.226,495.774),(1491.667,1225.226,424.226),(1491.667,1219.596,431.884),(1491.667,1216.036,445.002),(1491.667,1216.,460.),(1491.667,1216.036,474.998),(1491.667,1219.596,488.116),(1491.667,1225.226,495.774),(1410.,1225.226,424.226),(1410.,1219.596,431.884),(1410.,1216.036,445.002),(1410.,1216.,460.),(1410.,1216.036,474.998),(1410.,1219.596,488.116),(1410.,1225.226,495.774),(1328.333,1225.226,424.226),(1328.333,1219.596,431.884),(1328.333,1216.036,445.002),(1328.333,1216.,460.),(1328.333,1216.036,474.998),(1328.333,1219.596,488.116),(1328.333,1225.226,495.774),(1246.667,1225.226,424.226),(1246.667,1219.596,431.884),(1246.667,1216.036,445.002),(1246.667,1216.,460.),(1246.667,1216.036,474.998),(1246.667,1219.596,488.116),(1246.667,1225.226,495.774),(1178.313,1229.313,428.313),(1175.613,1226.613,435.559),(1174.239,1225.239,445.44),(1174.226,1225.226,460.),(1174.239,1225.239,474.56),(1175.613,1226.613,484.441),(1178.313,1229.313,491.687),(1641.687,1682.687,428.313),(1644.387,1685.387,435.559),(1645.761,1686.761,445.44),(1645.774,1686.774,460.),(1645.761,1686.761,474.56),(1644.387,1685.387,484.441),(1641.687,1682.687,491.687),(1573.333,1686.774,424.226),(1573.333,1692.404,431.884),(1573.333,1695.964,445.002),(1573.333,1696.,460.),(1573.333,1695.964,474.998),(1573.333,1692.404,488.116),(1573.333,1686.774,495.774),(1491.667,1686.774,424.226),(1491.667,1692.404,431.884),(1491.667,1695.964,445.002),(1491.667,1696.,460.),(1491.667,1695.964,474.998),(1491.667,1692.404,488.116),(1491.667,1686.774,495.774),(1410.,1686.774,424.226),(1410.,1692.404,431.884),(1410.,1695.964,445.002),(1410.,1696.,460.),(1410.,1695.964,474.998),(1410.,1692.404,488.116),(1410.,1686.774,495.774),(1328.333,1686.774,424.226),(1328.333,1692.404,431.884),(1328.333,1695.964,445.002),(1328.333,1696.,460.),(1328.333,1695.964,474.998),(1328.333,1692.404,488.116),(1328.333,1686.774,495.774),(1246.667,1686.774,424.226),(1246.667,1692.404,431.884),(1246.667,1695.964,445.002),(1246.667,1696.,460.),(1246.667,1695.964,474.998),(1246.667,1692.404,488.116),(1246.667,1686.774,495.774),(1178.313,1682.687,428.313),(1175.613,1685.387,435.559),(1174.239,1686.761,445.44),(1174.226,1686.774,460.),(1174.239,1686.761,474.56),(1175.613,1685.387,484.441),(1178.313,1682.687,491.687),(1645.774,1296.,424.226),(1651.404,1296.,431.884),(1654.964,1296.,445.002),(1655.,1296.,460.),(1654.964,1296.,474.998),(1651.404,1296.,488.116),(1645.774,1296.,495.774),(1645.774,1376.,424.226),(1651.404,1376.,431.884),(1654.964,1376.,445.002),(1655.,1376.,460.),(1654.964,1376.,474.998),(1651.404,1376.,488.116),(1645.774,1376.,495.774),(1645.774,1456.,424.226),(1651.404,1456.,431.884),(1654.964,1456.,445.002),(1655.,1456.,460.),(1654.964,1456.,474.998),(1651.404,1456.,488.116),(1645.774,1456.,495.774),(1645.774,1536.,424.226),(1651.404,1536.,431.884),(1654.964,1536.,445.002),(1655.,1536.,460.),(1654.964,1536.,474.998),(1651.404,1536.,488.116),(1645.774,1536.,495.774),(1645.774,1616.,424.226),(1651.404,1616.,431.884),(1654.964,1616.,445.002),(1655.,1616.,460.),(1654.964,1616.,474.998),(1651.404,1616.,488.116),(1645.774,1616.,495.774),(1174.226,1296.,424.226),(1168.596,1296.,431.884),(1165.036,1296.,445.002),(1165.,1296.,460.),(1165.036,1296.,474.998),(1168.596,1296.,488.116),(1174.226,1296.,495.774),(1174.226,1376.,424.226),(1168.596,1376.,431.884),(1165.036,1376.,445.002),(1165.,1376.,460.),(1165.036,1376.,474.998),(1168.596,1376.,488.116),(1174.226,1376.,495.774),(1174.226,1456.,424.226),(1168.596,1456.,431.884),(1165.036,1456.,445.002),(1165.,1456.,460.),(1165.036,1456.,474.998),(1168.596,1456.,488.116),(1174.226,1456.,495.774),(1174.226,1536.,424.226),(1168.596,1536.,431.884),(1165.036,1536.,445.002),(1165.,1536.,460.),(1165.036,1536.,474.998),(1168.596,1536.,488.116),(1174.226,1536.,495.774),(1174.226,1616.,424.226),(1168.596,1616.,431.884),(1165.036,1616.,445.002),(1165.,1616.,460.),(1165.036,1616.,474.998),(1168.596,1616.,488.116),(1174.226,1616.,495.774),(1573.333,1296.,415.),(1491.667,1296.,415.),(1410.,1296.,415.),(1328.333,1296.,415.),(1246.667,1296.,415.),(1573.333,1376.,415.),(1491.667,1376.,415.),(1410.,1376.,415.),(1328.333,1376.,415.),(1246.667,1376.,415.),(1573.333,1456.,415.),(1491.667,1456.,415.),(1410.,1456.,415.),(1328.333,1456.,415.),(1246.667,1456.,415.),(1573.333,1536.,415.),(1491.667,1536.,415.),(1410.,1536.,415.),(1328.333,1536.,415.),(1246.667,1536.,415.),(1573.333,1616.,415.),(1491.667,1616.,415.),(1410.,1616.,415.),(1328.333,1616.,415.),(1246.667,1616.,415.),(1573.333,1296.,505.),(1491.667,1296.,505.),(1410.,1296.,505.),(1328.333,1296.,505.),(1246.667,1296.,505.),(1573.333,1376.,505.),(1491.667,1376.,505.),(1410.,1376.,505.),(1328.333,1376.,505.),(1246.667,1376.,505.),(1573.333,1456.,505.),(1491.667,1456.,505.),(1410.,1456.,505.),(1328.333,1456.,505.),(1246.667,1456.,505.),(1573.333,1536.,505.),(1491.667,1536.,505.),(1410.,1536.,505.),(1328.333,1536.,505.),(1246.667,1536.,505.),(1573.333,1616.,505.),(1491.667,1616.,505.),(1410.,1616.,505.),(1328.333,1616.,505.),(1246.667,1616.,505.)));
#850=IFCTRIANGULATEDFACESET(#849,$,.T.,((1,2,9),(1,9,8),(2,3,10),(2,10,9),(3,4,11),(3,11,10),(4,5,12),(4,12,11),(5,6,13),(5,13,12),(6,7,14),(6,14,13),(8,9,16),(8,16,15),(9,10,17),(9,17,16),(10,11,18),(10,18,17),(11,12,19),(11,19,18),(12,13,20),(12,20,19),(13,14,21),(13,21,20),(15,16,23),(15,23,22),(16,17,24),(16,24,23),(17,18,25),(17,25,24),(18,19,26),(18,26,25),(19,20,27),(19,27,26),(20,21,28),(20,28,27),(22,23,30),(22,30,29),(23,24,31),(23,31,30),(24,25,32),(24,32,31),(25,26,33),(25,33,32),(26,27,34),(26,34,33),(27,28,35),(27,35,34),(29,30,37),(29,37,36),(30,31,38),(30,38,37),(31,32,39),(31,39,38),(32,33,40),(32,40,39),(33,34,41),(33,41,40),(34,35,42),(34,42,41),(36,37,44),(36,44,43),(37,38,45),(37,45,44),(38,39,46),(38,46,45),(39,40,47),(39,47,46),(40,41,48),(40,48,47),(41,42,49),(41,49,48),(58,51,50),(57,58,50),(59,52,51),(58,59,51),(60,53,52),(59,60,52),(61,54,53),(60,61,53),(62,55,54),(61,62,54),(63,56,55),(62,63,55),(65,58,57),(64,65,57),(66,59,58),(65,66,58),(67,60,59),(66,67,59),(68,61,60),(67,68,60),(69,62,61),(68,69,61),(70,63,62),(69,70,62),(72,65,64),(71,72,64),(73,66,65),(72,73,65),(74,67,66),(73,74,66),(75,68,67),(74,75,67),(76,69,68),(75,76,68),(77,70,69),(76,77,69),(79,72,71),(78,79,71),(80,73,72),(79,80,72),(81,74,73),(80,81,73),(82,75,74),(81,82,74),(83,76,75),(82,83,75),(84,77,76),(83,84,76),(86,79,78),(85,86,78),(87,80,79),(86,87,79),(88,81,80),(87,88,80),(89,82,81),(88,89,81),(90,83,82),(89,90,82),(91,84,83),(90,91,83),(93,86,85),(92,93,85),(94,87,86),(93,94,86),(95,88,87),(94,95,87),(96,89,88),(95,96,88),(97,90,89),(96,97,89),(98,91,90),(97,98,90),(100,2,1),(99,100,1),(101,3,2),(100,101,2),(102,4,3),(101,102,3),(103,5,4),(102,103,4),(104,6,5),(103,104,5),(105,7,6),(104,105,6),(107,100,99),(106,107,99),(108,101,100),(107,108,100),(109,102,101),(108,109,101),(110,103,102),(109,110,102),(111,104,103),(110,111,103),(112,105,104),(111,112,104),(114,107,106),(113,114,106),(115,108,107),(114,115,107),(116,109,108),(115,116,108),(117,110,109),(116,117,109),(118,111,110),(117,118,110),(119,112,111),(118,119,111),(121,114,113),(120,121,113),(122,115,114),(121,122,114),(123,116,115),(122,123,115),(124,117,116),(123,124,116),(125,118,117),(124,125,117),(126,119,118),(125,126,118),(128,121,120),(127,128,120),(129,122,121),(128,129,121),(130,123,122),(129,130,122),(131,124,123),(130,131,123),(132,125,124),(131,132,124),(133,126,125),(132,133,125),(51,128,127),(50,51,127),(52,129,128),(51,52,128),(53,130,129),(52,53,129),(54,131,130),(53,54,130),(55,132,131),(54,55,131),(56,133,132),(55,56,132),(43,44,135),(43,135,134),(44,45,136),(44,136,135),(45,46,137),(45,137,136),(46,47,138),(46,138,137),(47,48,139),(47,139,138),(48,49,140),(48,140,139),(134,135,142),(134,142,141),(135,136,143),(135,143,142),(136,137,144),(136,144,143),(137,138,145),(137,145,144),(138,139,146),(138,146,145),(139,140,147),(139,147,146),(141,142,149),(141,149,148),(142,143,150),(142,150,149),(143,144,151),(143,151,150),(144,145,152),(144,152,151),(145,146,153),(145,153,152),(146,147,154),(146,154,153),(148,149,156),(148,156,155),(149,150,157),(149,157,156),(150,151,158),(150,158,157),(151,152,159),(151,159,158),(152,153,160),(152,160,159),(153,154,161),(153,161,160),(155,156,163),(155,163,162),(156,157,164),(156,164,163),(157,158,165),(157,165,164),(158,159,166),(158,166,165),(159,160,167),(159,167,166),(160,161,168),(160,168,167),(162,163,93),(162,93,92),(163,164,94),(163,94,93),(164,165,95),(164,95,94),(165,166,96),(165,96,95),(166,167,97),(166,97,96),(167,168,98),(167,98,97),(1,8,169),(1,169,99),(8,15,170),(8,170,169),(15,22,171),(15,171,170),(22,29,172),(22,172,171),(29,36,173),(29,173,172),(36,43,134),(36,134,173),(99,169,174),(99,174,106),(169,170,175),(169,175,174),(170,171,176),(170,176,175),(171,172,177),(171,177,176),(172,173,178),(172,178,177),(173,134,141),(173,141,178),(106,174,179),(106,179,113),(174,175,180),(174,180,179),(175,176,181),(175,181,180),(176,177,182),(176,182,181),(177,178,183),(177,183,182),(178,141,148),(178,148,183),(113,179,184),(113,184,120),(179,180,185),(179,185,184),(180,181,186),(180,186,185),(181,182,187),(181,187,186),(182,183,188),(182,188,187),(183,148,155),(183,155,188),(120,184,189),(120,189,127),(184,185,190),(184,190,189),(185,186,191),(185,191,190),(186,187,192),(186,192,191),(187,188,193),(187,193,192),(188,155,162),(188,162,193),(127,189,57),(127,57,50),(189,190,64),(189,64,57),(190,191,71),(190,71,64),(191,192,78),(191,78,71),(192,193,85),(192,85,78),(193,162,92),(193,92,85),(194,14,7),(105,194,7),(195,21,14),(194,195,14),(196,28,21),(195,196,21),(197,35,28),(196,197,28),(198,42,35),(197,198,35),(140,49,42),(198,140,42),(199,194,105),(112,199,105),(200,195,194),(199,200,194),(201,196,195),(200,201,195),(202,197,196),(201,202,196),(203,198,197),(202,203,197),(147,140,198),(203,147,198),(204,199,112),(119,204,112),(205,200,199),(204,205,199),(206,201,200),(205,206,200),(207,202,201),(206,207,201),(208,203,202),(207,208,202),(154,147,203),(208,154,203),(209,204,119),(126,209,119),(210,205,204),(209,210,204),(211,206,205),(210,211,205),(212,207,206),(211,212,206),(213,208,207),(212,213,207),(161,154,208),(213,161,208),(214,209,126),(133,214,126),(215,210,209),(214,215,209),(216,211,210),(215,216,210),(217,212,211),(216,217,211),(218,213,212),(217,218,212),(168,161,213),(218,168,213),(63,214,133),(56,63,133),(70,215,214),(63,70,214),(77,216,215),(70,77,215),(84,217,216),(77,84,216),(91,218,217),(84,91,217),(98,168,218),(91,98,218)),$);
#851=IFCCARTESIANPOINTLIST3D(((1210.,1256.,430.),(1190.090091,1256.,428.103818),(1150.090091,1256.,848.103818),(1170.,1256.,850.),(1191.064541,1249.81966,428.196623),(1151.064541,1249.81966,848.196623),(1193.892545,1244.2443,428.465957),(1153.892545,1244.2443,848.465957),(1198.297254,1239.81966,428.885453),(1158.297254,1239.81966,848.885453),(1203.8475,1236.97886,429.414048),(1163.8475,1236.97886,849.414048),(1210.,1236.,430.),(1170.,1236.,850.),(1216.1525,1236.97886,430.585952),(1176.1525,1236.97886,850.585952),(1221.702746,1239.81966,431.114547),(1181.702746,1239.81966,851.114547),(1226.107455,1244.2443,431.534043),(1186.107455,1244.2443,851.534043),(1228.935459,1249.81966,431.803377),(1188.935459,1249.81966,851.803377),(1229.909909,1256.,431.896182),(1189.909909,1256.,851.896182),(1228.935459,1262.18034,431.803377),(1188.935459,1262.18034,851.803377),(1226.107455,1267.7557,431.534043),(1186.107455,1267.7557,851.534043),(1221.702746,1272.18034,431.114547),(1181.702746,1272.18034,851.114547),(1216.1525,1275.02114,430.585952),(1176.1525,1275.02114,850.585952),(1210.,1276.,430.),(1170.,1276.,850.),(1203.8475,1275.02114,429.414048),(1163.8475,1275.02114,849.414048),(1198.297254,1272.18034,428.885453),(1158.297254,1272.18034,848.885453),(1193.892545,1267.7557,428.465957),(1153.892545,1267.7557,848.465957),(1191.064541,1262.18034,428.196623),(1151.064541,1262.18034,848.196623)));
#852=IFCTRIANGULATEDFACESET(#851,$,.T.,((2,1,5),(2,5,3),(3,5,6),(3,6,4),(5,1,7),(5,7,6),(6,7,8),(6,8,4),(7,1,9),(7,9,8),(8,9,10),(8,10,4),(9,1,11),(9,11,10),(10,11,12),(10,12,4),(11,1,13),(11,13,12),(12,13,14),(12,14,4),(13,1,15),(13,15,14),(14,15,16),(14,16,4),(15,1,17),(15,17,16),(16,17,18),(16,18,4),(17,1,19),(17,19,18),(18,19,20),(18,20,4),(19,1,21),(19,21,20),(20,21,22),(20,22,4),(21,1,23),(21,23,22),(22,23,24),(22,24,4),(23,1,25),(23,25,24),(24,25,26),(24,26,4),(25,1,27),(25,27,26),(26,27,28),(26,28,4),(27,1,29),(27,29,28),(28,29,30),(28,30,4),(29,1,31),(29,31,30),(30,31,32),(30,32,4),(31,1,33),(31,33,32),(32,33,34),(32,34,4),(33,1,35),(33,35,34),(34,35,36),(34,36,4),(35,1,37),(35,37,36),(36,37,38),(36,38,4),(37,1,39),(37,39,38),(38,39,40),(38,40,4),(39,1,41),(39,41,40),(40,41,42),(40,42,4),(41,1,2),(41,2,42),(42,2,3),(42,3,4)),$);
#853=IFCCARTESIANPOINTLIST3D(((1210.,1656.,430.),(1190.090091,1656.,428.103818),(1150.090091,1656.,848.103818),(1170.,1656.,850.),(1191.064541,1649.81966,428.196623),(1151.064541,1649.81966,848.196623),(1193.892545,1644.2443,428.465957),(1153.892545,1644.2443,848.465957),(1198.297254,1639.81966,428.885453),(1158.297254,1639.81966,848.885453),(1203.8475,1636.97886,429.414048),(1163.8475,1636.97886,849.414048),(1210.,1636.,430.),(1170.,1636.,850.),(1216.1525,1636.97886,430.585952),(1176.1525,1636.97886,850.585952),(1221.702746,1639.81966,431.114547),(1181.702746,1639.81966,851.114547),(1226.107455,1644.2443,431.534043),(1186.107455,1644.2443,851.534043),(1228.935459,1649.81966,431.803377),(1188.935459,1649.81966,851.803377),(1229.909909,1656.,431.896182),(1189.909909,1656.,851.896182),(1228.935459,1662.18034,431.803377),(1188.935459,1662.18034,851.803377),(1226.107455,1667.7557,431.534043),(1186.107455,1667.7557,851.534043),(1221.702746,1672.18034,431.114547),(1181.702746,1672.18034,851.114547),(1216.1525,1675.02114,430.585952),(1176.1525,1675.02114,850.585952),(1210.,1676.,430.),(1170.,1676.,850.),(1203.8475,1675.02114,429.414048),(1163.8475,1675.02114,849.414048),(1198.297254,1672.18034,428.885453),(1158.297254,1672.18034,848.885453),(1193.892545,1667.7557,428.465957),(1153.892545,1667.7557,848.465957),(1191.064541,1662.18034,428.196623),(1151.064541,1662.18034,848.196623)));
#854=IFCTRIANGULATEDFACESET(#853,$,.T.,((2,1,5),(2,5,3),(3,5,6),(3,6,4),(5,1,7),(5,7,6),(6,7,8),(6,8,4),(7,1,9),(7,9,8),(8,9,10),(8,10,4),(9,1,11),(9,11,10),(10,11,12),(10,12,4),(11,1,13),(11,13,12),(12,13,14),(12,14,4),(13,1,15),(13,15,14),(14,15,16),(14,16,4),(15,1,17),(15,17,16),(16,17,18),(16,18,4),(17,1,19),(17,19,18),(18,19,20),(18,20,4),(19,1,21),(19,21,20),(20,21,22),(20,22,4),(21,1,23),(21,23,22),(22,23,24),(22,24,4),(23,1,25),(23,25,24),(24,25,26),(24,26,4),(25,1,27),(25,27,26),(26,27,28),(26,28,4),(27,1,29),(27,29,28),(28,29,30),(28,30,4),(29,1,31),(29,31,30),(30,31,32),(30,32,4),(31,1,33),(31,33,32),(32,33,34),(32,34,4),(33,1,35),(33,35,34),(34,35,36),(34,36,4),(35,1,37),(35,37,36),(36,37,38),(36,38,4),(37,1,39),(37,39,38),(38,39,40),(38,40,4),(39,1,41),(39,41,40),(40,41,42),(40,42,4),(41,1,2),(41,2,42),(42,2,3),(42,3,4)),$);
#855=IFCCARTESIANPOINTLIST3D(((1209.926,1218.574,622.574),(1213.786,1214.714,653.333),(1213.786,1214.714,696.667),(1213.786,1214.714,740.),(1213.786,1214.714,783.333),(1213.786,1214.714,826.667),(1209.926,1218.574,857.426),(1203.083,1216.023,620.023),(1206.554,1209.397,653.333),(1206.554,1209.397,696.667),(1206.554,1209.397,740.),(1206.554,1209.397,783.333),(1206.554,1209.397,826.667),(1203.083,1216.023,859.977),(1193.751,1214.725,618.725),(1194.165,1206.034,653.333),(1194.165,1206.034,696.667),(1194.165,1206.034,740.),(1194.165,1206.034,783.333),(1194.165,1206.034,826.667),(1193.751,1214.725,861.275),(1180.,1214.714,618.714),(1180.,1206.,653.333),(1180.,1206.,696.667),(1180.,1206.,740.),(1180.,1206.,783.333),(1180.,1206.,826.667),(1180.,1214.714,861.286),(1166.249,1214.725,618.725),(1165.835,1206.034,653.333),(1165.835,1206.034,696.667),(1165.835,1206.034,740.),(1165.835,1206.034,783.333),(1165.835,1206.034,826.667),(1166.249,1214.725,861.275),(1156.917,1216.023,620.023),(1153.446,1209.397,653.333),(1153.446,1209.397,696.667),(1153.446,1209.397,740.),(1153.446,1209.397,783.333),(1153.446,1209.397,826.667),(1156.917,1216.023,859.977),(1150.074,1218.574,622.574),(1146.214,1214.714,653.333),(1146.214,1214.714,696.667),(1146.214,1214.714,740.),(1146.214,1214.714,783.333),(1146.214,1214.714,826.667),(1150.074,1218.574,857.426),(1209.926,1693.426,622.574),(1213.786,1697.286,653.333),(1213.786,1697.286,696.667),(1213.786,1697.286,740.),(1213.786,1697.286,783.333),(1213.786,1697.286,826.667),(1209.926,1693.426,857.426),(1203.083,1695.977,620.023),(1206.554,1702.603,653.333),(1206.554,1702.603,696.667),(1206.554,1702.603,740.),(1206.554,1702.603,783.333),(1206.554,1702.603,826.667),(1203.083,1695.977,859.977),(1193.751,1697.275,618.725),(1194.165,1705.966,653.333),(1194.165,1705.966,696.667),(1194.165,1705.966,740.),(1194.165,1705.966,783.333),(1194.165,1705.966,826.667),(1193.751,1697.275,861.275),(1180.,1697.286,618.714),(1180.,1706.,653.333),(1180.,1706.,696.667),(1180.,1706.,740.),(1180.,1706.,783.333),(1180.,1706.,826.667),(1180.,1697.286,861.286),(1166.249,1697.275,618.725),(1165.835,1705.966,653.333),(1165.835,1705.966,696.667),(1165.835,1705.966,740.),(1165.835,1705.966,783.333),(1165.835,1705.966,826.667),(1166.249,1697.275,861.275),(1156.917,1695.977,620.023),(1153.446,1702.603,653.333),(1153.446,1702.603,696.667),(1153.446,1702.603,740.),(1153.446,1702.603,783.333),(1153.446,1702.603,826.667),(1156.917,1695.977,859.977),(1150.074,1693.426,622.574),(1146.214,1697.286,653.333),(1146.214,1697.286,696.667),(1146.214,1697.286,740.),(1146.214,1697.286,783.333),(1146.214,1697.286,826.667),(1150.074,1693.426,857.426),(1213.786,1289.333,618.714),(1222.5,1289.333,653.333),(1222.5,1289.333,696.667),(1222.5,1289.333,740.),(1222.5,1289.333,783.333),(1222.5,1289.333,826.667),(1213.786,1289.333,861.286),(1213.786,1372.667,618.714),(1222.5,1372.667,653.333),(1222.5,1372.667,696.667),(1222.5,1372.667,740.),(1222.5,1372.667,783.333),(1222.5,1372.667,826.667),(1213.786,1372.667,861.286),(1213.786,1456.,618.714),(1222.5,1456.,653.333),(1222.5,1456.,696.667),(1222.5,1456.,740.),(1222.5,1456.,783.333),(1222.5,1456.,826.667),(1213.786,1456.,861.286),(1213.786,1539.333,618.714),(1222.5,1539.333,653.333),(1222.5,1539.333,696.667),(1222.5,1539.333,740.),(1222.5,1539.333,783.333),(1222.5,1539.333,826.667),(1213.786,1539.333,861.286),(1213.786,1622.667,618.714),(1222.5,1622.667,653.333),(1222.5,1622.667,696.667),(1222.5,1622.667,740.),(1222.5,1622.667,783.333),(1222.5,1622.667,826.667),(1213.786,1622.667,861.286),(1146.214,1289.333,618.714),(1137.5,1289.333,653.333),(1137.5,1289.333,696.667),(1137.5,1289.333,740.),(1137.5,1289.333,783.333),(1137.5,1289.333,826.667),(1146.214,1289.333,861.286),(1146.214,1372.667,618.714),(1137.5,1372.667,653.333),(1137.5,1372.667,696.667),(1137.5,1372.667,740.),(1137.5,1372.667,783.333),(1137.5,1372.667,826.667),(1146.214,1372.667,861.286),(1146.214,1456.,618.714),(1137.5,1456.,653.333),(1137.5,1456.,696.667),(1137.5,1456.,740.),(1137.5,1456.,783.333),(1137.5,1456.,826.667),(1146.214,1456.,861.286),(1146.214,1539.333,618.714),(1137.5,1539.333,653.333),(1137.5,1539.333,696.667),(1137.5,1539.333,740.),(1137.5,1539.333,783.333),(1137.5,1539.333,826.667),(1146.214,1539.333,861.286),(1146.214,1622.667,618.714),(1137.5,1622.667,653.333),(1137.5,1622.667,696.667),(1137.5,1622.667,740.),(1137.5,1622.667,783.333),(1137.5,1622.667,826.667),(1146.214,1622.667,861.286),(1206.554,1289.333,613.397),(1194.165,1289.333,610.034),(1180.,1289.333,610.),(1165.835,1289.333,610.034),(1153.446,1289.333,613.397),(1206.554,1372.667,613.397),(1194.165,1372.667,610.034),(1180.,1372.667,610.),(1165.835,1372.667,610.034),(1153.446,1372.667,613.397),(1206.554,1456.,613.397),(1194.165,1456.,610.034),(1180.,1456.,610.),(1165.835,1456.,610.034),(1153.446,1456.,613.397),(1206.554,1539.333,613.397),(1194.165,1539.333,610.034),(1180.,1539.333,610.),(1165.835,1539.333,610.034),(1153.446,1539.333,613.397),(1206.554,1622.667,613.397),(1194.165,1622.667,610.034),(1180.,1622.667,610.),(1165.835,1622.667,610.034),(1153.446,1622.667,613.397),(1206.554,1289.333,866.603),(1194.165,1289.333,869.966),(1180.,1289.333,870.),(1165.835,1289.333,869.966),(1153.446,1289.333,866.603),(1206.554,1372.667,866.603),(1194.165,1372.667,869.966),(1180.,1372.667,870.),(1165.835,1372.667,869.966),(1153.446,1372.667,866.603),(1206.554,1456.,866.603),(1194.165,1456.,869.966),(1180.,1456.,870.),(1165.835,1456.,869.966),(1153.446,1456.,866.603),(1206.554,1539.333,866.603),(1194.165,1539.333,869.966),(1180.,1539.333,870.),(1165.835,1539.333,869.966),(1153.446,1539.333,866.603),(1206.554,1622.667,866.603),(1194.165,1622.667,869.966),(1180.,1622.667,870.),(1165.835,1622.667,869.966),(1153.446,1622.667,866.603)));
#856=IFCTRIANGULATEDFACESET(#855,$,.T.,((1,2,9),(1,9,8),(2,3,10),(2,10,9),(3,4,11),(3,11,10),(4,5,12),(4,12,11),(5,6,13),(5,13,12),(6,7,14),(6,14,13),(8,9,16),(8,16,15),(9,10,17),(9,17,16),(10,11,18),(10,18,17),(11,12,19),(11,19,18),(12,13,20),(12,20,19),(13,14,21),(13,21,20),(15,16,23),(15,23,22),(16,17,24),(16,24,23),(17,18,25),(17,25,24),(18,19,26),(18,26,25),(19,20,27),(19,27,26),(20,21,28),(20,28,27),(22,23,30),(22,30,29),(23,24,31),(23,31,30),(24,25,32),(24,32,31),(25,26,33),(25,33,32),(26,27,34),(26,34,33),(27,28,35),(27,35,34),(29,30,37),(29,37,36),(30,31,38),(30,38,37),(31,32,39),(31,39,38),(32,33,40),(32,40,39),(33,34,41),(33,41,40),(34,35,42),(34,42,41),(36,37,44),(36,44,43),(37,38,45),(37,45,44),(38,39,46),(38,46,45),(39,40,47),(39,47,46),(40,41,48),(40,48,47),(41,42,49),(41,49,48),(58,51,50),(57,58,50),(59,52,51),(58,59,51),(60,53,52),(59,60,52),(61,54,53),(60,61,53),(62,55,54),(61,62,54),(63,56,55),(62,63,55),(65,58,57),(64,65,57),(66,59,58),(65,66,58),(67,60,59),(66,67,59),(68,61,60),(67,68,60),(69,62,61),(68,69,61),(70,63,62),(69,70,62),(72,65,64),(71,72,64),(73,66,65),(72,73,65),(74,67,66),(73,74,66),(75,68,67),(74,75,67),(76,69,68),(75,76,68),(77,70,69),(76,77,69),(79,72,71),(78,79,71),(80,73,72),(79,80,72),(81,74,73),(80,81,73),(82,75,74),(81,82,74),(83,76,75),(82,83,75),(84,77,76),(83,84,76),(86,79,78),(85,86,78),(87,80,79),(86,87,79),(88,81,80),(87,88,80),(89,82,81),(88,89,81),(90,83,82),(89,90,82),(91,84,83),(90,91,83),(93,86,85),(92,93,85),(94,87,86),(93,94,86),(95,88,87),(94,95,87),(96,89,88),(95,96,88),(97,90,89),(96,97,89),(98,91,90),(97,98,90),(100,2,1),(99,100,1),(101,3,2),(100,101,2),(102,4,3),(101,102,3),(103,5,4),(102,103,4),(104,6,5),(103,104,5),(105,7,6),(104,105,6),(107,100,99),(106,107,99),(108,101,100),(107,108,100),(109,102,101),(108,109,101),(110,103,102),(109,110,102),(111,104,103),(110,111,103),(112,105,104),(111,112,104),(114,107,106),(113,114,106),(115,108,107),(114,115,107),(116,109,108),(115,116,108),(117,110,109),(116,117,109),(118,111,110),(117,118,110),(119,112,111),(118,119,111),(121,114,113),(120,121,113),(122,115,114),(121,122,114),(123,116,115),(122,123,115),(124,117,116),(123,124,116),(125,118,117),(124,125,117),(126,119,118),(125,126,118),(128,121,120),(127,128,120),(129,122,121),(128,129,121),(130,123,122),(129,130,122),(131,124,123),(130,131,123),(132,125,124),(131,132,124),(133,126,125),(132,133,125),(51,128,127),(50,51,127),(52,129,128),(51,52,128),(53,130,129),(52,53,129),(54,131,130),(53,54,130),(55,132,131),(54,55,131),(56,133,132),(55,56,132),(43,44,135),(43,135,134),(44,45,136),(44,136,135),(45,46,137),(45,137,136),(46,47,138),(46,138,137),(47,48,139),(47,139,138),(48,49,140),(48,140,139),(134,135,142),(134,142,141),(135,136,143),(135,143,142),(136,137,144),(136,144,143),(137,138,145),(137,145,144),(138,139,146),(138,146,145),(139,140,147),(139,147,146),(141,142,149),(141,149,148),(142,143,150),(142,150,149),(143,144,151),(143,151,150),(144,145,152),(144,152,151),(145,146,153),(145,153,152),(146,147,154),(146,154,153),(148,149,156),(148,156,155),(149,150,157),(149,157,156),(150,151,158),(150,158,157),(151,152,159),(151,159,158),(152,153,160),(152,160,159),(153,154,161),(153,161,160),(155,156,163),(155,163,162),(156,157,164),(156,164,163),(157,158,165),(157,165,164),(158,159,166),(158,166,165),(159,160,167),(159,167,166),(160,161,168),(160,168,167),(162,163,93),(162,93,92),(163,164,94),(163,94,93),(164,165,95),(164,95,94),(165,166,96),(165,96,95),(166,167,97),(166,97,96),(167,168,98),(167,98,97),(1,8,169),(1,169,99),(8,15,170),(8,170,169),(15,22,171),(15,171,170),(22,29,172),(22,172,171),(29,36,173),(29,173,172),(36,43,134),(36,134,173),(99,169,174),(99,174,106),(169,170,175),(169,175,174),(170,171,176),(170,176,175),(171,172,177),(171,177,176),(172,173,178),(172,178,177),(173,134,141),(173,141,178),(106,174,179),(106,179,113),(174,175,180),(174,180,179),(175,176,181),(175,181,180),(176,177,182),(176,182,181),(177,178,183),(177,183,182),(178,141,148),(178,148,183),(113,179,184),(113,184,120),(179,180,185),(179,185,184),(180,181,186),(180,186,185),(181,182,187),(181,187,186),(182,183,188),(182,188,187),(183,148,155),(183,155,188),(120,184,189),(120,189,127),(184,185,190),(184,190,189),(185,186,191),(185,191,190),(186,187,192),(186,192,191),(187,188,193),(187,193,192),(188,155,162),(188,162,193),(127,189,57),(127,57,50),(189,190,64),(189,64,57),(190,191,71),(190,71,64),(191,192,78),(191,78,71),(192,193,85),(192,85,78),(193,162,92),(193,92,85),(194,14,7),(105,194,7),(195,21,14),(194,195,14),(196,28,21),(195,196,21),(197,35,28),(196,197,28),(198,42,35),(197,198,35),(140,49,42),(198,140,42),(199,194,105),(112,199,105),(200,195,194),(199,200,194),(201,196,195),(200,201,195),(202,197,196),(201,202,196),(203,198,197),(202,203,197),(147,140,198),(203,147,198),(204,199,112),(119,204,112),(205,200,199),(204,205,199),(206,201,200),(205,206,200),(207,202,201),(206,207,201),(208,203,202),(207,208,202),(154,147,203),(208,154,203),(209,204,119),(126,209,119),(210,205,204),(209,210,204),(211,206,205),(210,211,205),(212,207,206),(211,212,206),(213,208,207),(212,213,207),(161,154,208),(213,161,208),(214,209,126),(133,214,126),(215,210,209),(214,215,209),(216,211,210),(215,216,210),(217,212,211),(216,217,211),(218,213,212),(217,218,212),(168,161,213),(218,168,213),(63,214,133),(56,63,133),(70,215,214),(63,70,214),(77,216,215),(70,77,215),(84,217,216),(77,84,216),(91,218,217),(84,91,217),(98,168,218),(91,98,218)),$);
#857=IFCCARTESIANPOINTLIST3D(((2560.,1656.,40.),(2574.411915,1640.829563,38.223892),(2597.211915,1616.829563,428.223892),(2582.8,1632.,430.),(2578.411333,1646.041591,38.31082),(2601.211333,1622.041591,428.31082),(2580.608504,1652.228427,38.563098),(2603.408504,1628.228427,428.563098),(2580.788382,1658.784455,38.95603),(2603.588382,1634.784455,428.95603),(2578.933358,1665.067917,39.451152),(2601.733358,1641.067917,429.451152),(2575.224988,1670.463739,40.),(2598.024988,1646.463739,430.),(2570.026305,1674.443763,40.548848),(2592.826305,1650.443763,430.548848),(2563.846167,1676.618366,41.04397),(2586.646167,1652.618366,431.04397),(2557.289535,1676.77471,41.436902),(2580.089535,1652.77471,431.436902),(2550.998228,1674.897491,41.68918),(2573.798228,1650.897491,431.68918),(2545.588085,1671.170437,41.776108),(2568.388085,1647.170437,431.776108),(2541.588667,1665.958409,41.68918),(2564.388667,1641.958409,431.68918),(2539.391496,1659.771573,41.436902),(2562.191496,1635.771573,431.436902),(2539.211618,1653.215545,41.04397),(2562.011618,1629.215545,431.04397),(2541.066642,1646.932083,40.548848),(2563.866642,1622.932083,430.548848),(2544.775012,1641.536261,40.),(2567.575012,1617.536261,430.),(2549.973695,1637.556237,39.451152),(2572.773695,1613.556237,429.451152),(2556.153833,1635.381634,38.95603),(2578.953833,1611.381634,428.95603),(2562.710465,1635.22529,38.563098),(2585.510465,1611.22529,428.563098),(2569.001772,1637.102509,38.31082),(2591.801772,1613.102509,428.31082)));
#858=IFCTRIANGULATEDFACESET(#857,$,.T.,((2,1,5),(2,5,3),(3,5,6),(3,6,4),(5,1,7),(5,7,6),(6,7,8),(6,8,4),(7,1,9),(7,9,8),(8,9,10),(8,10,4),(9,1,11),(9,11,10),(10,11,12),(10,12,4),(11,1,13),(11,13,12),(12,13,14),(12,14,4),(13,1,15),(13,15,14),(14,15,16),(14,16,4),(15,1,17),(15,17,16),(16,17,18),(16,18,4),(17,1,19),(17,19,18),(18,19,20),(18,20,4),(19,1,21),(19,21,20),(20,21,22),(20,22,4),(21,1,23),(21,23,22),(22,23,24),(22,24,4),(23,1,25),(23,25,24),(24,25,26),(24,26,4),(25,1,27),(25,27,26),(26,27,28),(26,28,4),(27,1,29),(27,29,28),(28,29,30),(28,30,4),(29,1,31),(29,31,30),(30,31,32),(30,32,4),(31,1,33),(31,33,32),(32,33,34),(32,34,4),(33,1,35),(33,35,34),(34,35,36),(34,36,4),(35,1,37),(35,37,36),(36,37,38),(36,38,4),(37,1,39),(37,39,38),(38,39,40),(38,40,4),(39,1,41),(39,41,40),(40,41,42),(40,42,4),(41,1,2),(41,2,42),(42,2,3),(42,3,4)),$);
#859=IFCCARTESIANPOINTLIST3D(((2940.,1656.,40.),(2925.588085,1640.829563,38.223892),(2902.788085,1616.829563,428.223892),(2917.2,1632.,430.),(2930.998228,1637.102509,38.31082),(2908.198228,1613.102509,428.31082),(2937.289535,1635.22529,38.563098),(2914.489535,1611.22529,428.563098),(2943.846167,1635.381634,38.95603),(2921.046167,1611.381634,428.95603),(2950.026305,1637.556237,39.451152),(2927.226305,1613.556237,429.451152),(2955.224988,1641.536261,40.),(2932.424988,1617.536261,430.),(2958.933358,1646.932083,40.548848),(2936.133358,1622.932083,430.548848),(2960.788382,1653.215545,41.04397),(2937.988382,1629.215545,431.04397),(2960.608504,1659.771573,41.436902),(2937.808504,1635.771573,431.436902),(2958.411333,1665.958409,41.68918),(2935.611333,1641.958409,431.68918),(2954.411915,1671.170437,41.776108),(2931.611915,1647.170437,431.776108),(2949.001772,1674.897491,41.68918),(2926.201772,1650.897491,431.68918),(2942.710465,1676.77471,41.436902),(2919.910465,1652.77471,431.436902),(2936.153833,1676.618366,41.04397),(2913.353833,1652.618366,431.04397),(2929.973695,1674.443763,40.548848),(2907.173695,1650.443763,430.548848),(2924.775012,1670.463739,40.),(2901.975012,1646.463739,430.),(2921.066642,1665.067917,39.451152),(2898.266642,1641.067917,429.451152),(2919.211618,1658.784455,38.95603),(2896.411618,1634.784455,428.95603),(2919.391496,1652.228427,38.563098),(2896.591496,1628.228427,428.563098),(2921.588667,1646.041591,38.31082),(2898.788667,1622.041591,428.31082)));
#860=IFCTRIANGULATEDFACESET(#859,$,.T.,((2,1,5),(2,5,3),(3,5,6),(3,6,4),(5,1,7),(5,7,6),(6,7,8),(6,8,4),(7,1,9),(7,9,8),(8,9,10),(8,10,4),(9,1,11),(9,11,10),(10,11,12),(10,12,4),(11,1,13),(11,13,12),(12,13,14),(12,14,4),(13,1,15),(13,15,14),(14,15,16),(14,16,4),(15,1,17),(15,17,16),(16,17,18),(16,18,4),(17,1,19),(17,19,18),(18,19,20),(18,20,4),(19,1,21),(19,21,20),(20,21,22),(20,22,4),(21,1,23),(21,23,22),(22,23,24),(22,24,4),(23,1,25),(23,25,24),(24,25,26),(24,26,4),(25,1,27),(25,27,26),(26,27,28),(26,28,4),(27,1,29),(27,29,28),(28,29,30),(28,30,4),(29,1,31),(29,31,30),(30,31,32),(30,32,4),(31,1,33),(31,33,32),(32,33,34),(32,34,4),(33,1,35),(33,35,34),(34,35,36),(34,36,4),(35,1,37),(35,37,36),(36,37,38),(36,38,4),(37,1,39),(37,39,38),(38,39,40),(38,40,4),(39,1,41),(39,41,40),(40,41,42),(40,42,4),(41,1,2),(41,2,42),(42,2,3),(42,3,4)),$);
#861=IFCCARTESIANPOINTLIST3D(((2560.,1256.,40.),(2574.411915,1271.170437,38.223892),(2597.211915,1295.170437,428.223892),(2582.8,1280.,430.),(2569.001772,1274.897491,38.31082),(2591.801772,1298.897491,428.31082),(2562.710465,1276.77471,38.563098),(2585.510465,1300.77471,428.563098),(2556.153833,1276.618366,38.95603),(2578.953833,1300.618366,428.95603),(2549.973695,1274.443763,39.451152),(2572.773695,1298.443763,429.451152),(2544.775012,1270.463739,40.),(2567.575012,1294.463739,430.),(2541.066642,1265.067917,40.548848),(2563.866642,1289.067917,430.548848),(2539.211618,1258.784455,41.04397),(2562.011618,1282.784455,431.04397),(2539.391496,1252.228427,41.436902),(2562.191496,1276.228427,431.436902),(2541.588667,1246.041591,41.68918),(2564.388667,1270.041591,431.68918),(2545.588085,1240.829563,41.776108),(2568.388085,1264.829563,431.776108),(2550.998228,1237.102509,41.68918),(2573.798228,1261.102509,431.68918),(2557.289535,1235.22529,41.436902),(2580.089535,1259.22529,431.436902),(2563.846167,1235.381634,41.04397),(2586.646167,1259.381634,431.04397),(2570.026305,1237.556237,40.548848),(2592.826305,1261.556237,430.548848),(2575.224988,1241.536261,40.),(2598.024988,1265.536261,430.),(2578.933358,1246.932083,39.451152),(2601.733358,1270.932083,429.451152),(2580.788382,1253.215545,38.95603),(2603.588382,1277.215545,428.95603),(2580.608504,1259.771573,38.563098),(2603.408504,1283.771573,428.563098),(2578.411333,1265.958409,38.31082),(2601.211333,1289.958409,428.31082)));
#862=IFCTRIANGULATEDFACESET(#861,$,.T.,((2,1,5),(2,5,3),(3,5,6),(3,6,4),(5,1,7),(5,7,6),(6,7,8),(6,8,4),(7,1,9),(7,9,8),(8,9,10),(8,10,4),(9,1,11),(9,11,10),(10,11,12),(10,12,4),(11,1,13),(11,13,12),(12,13,14),(12,14,4),(13,1,15),(13,15,14),(14,15,16),(14,16,4),(15,1,17),(15,17,16),(16,17,18),(16,18,4),(17,1,19),(17,19,18),(18,19,20),(18,20,4),(19,1,21),(19,21,20),(20,21,22),(20,22,4),(21,1,23),(21,23,22),(22,23,24),(22,24,4),(23,1,25),(23,25,24),(24,25,26),(24,26,4),(25,1,27),(25,27,26),(26,27,28),(26,28,4),(27,1,29),(27,29,28),(28,29,30),(28,30,4),(29,1,31),(29,31,30),(30,31,32),(30,32,4),(31,1,33),(31,33,32),(32,33,34),(32,34,4),(33,1,35),(33,35,34),(34,35,36),(34,36,4),(35,1,37),(35,37,36),(36,37,38),(36,38,4),(37,1,39),(37,39,38),(38,39,40),(38,40,4),(39,1,41),(39,41,40),(40,41,42),(40,42,4),(41,1,2),(41,2,42),(42,2,3),(42,3,4)),$);
#863=IFCCARTESIANPOINTLIST3D(((2940.,1256.,40.),(2925.588085,1271.170437,38.223892),(2902.788085,1295.170437,428.223892),(2917.2,1280.,430.),(2921.588667,1265.958409,38.31082),(2898.788667,1289.958409,428.31082),(2919.391496,1259.771573,38.563098),(2896.591496,1283.771573,428.563098),(2919.211618,1253.215545,38.95603),(2896.411618,1277.215545,428.95603),(2921.066642,1246.932083,39.451152),(2898.266642,1270.932083,429.451152),(2924.775012,1241.536261,40.),(2901.975012,1265.536261,430.),(2929.973695,1237.556237,40.548848),(2907.173695,1261.556237,430.548848),(2936.153833,1235.381634,41.04397),(2913.353833,1259.381634,431.04397),(2942.710465,1235.22529,41.436902),(2919.910465,1259.22529,431.436902),(2949.001772,1237.102509,41.68918),(2926.201772,1261.102509,431.68918),(2954.411915,1240.829563,41.776108),(2931.611915,1264.829563,431.776108),(2958.411333,1246.041591,41.68918),(2935.611333,1270.041591,431.68918),(2960.608504,1252.228427,41.436902),(2937.808504,1276.228427,431.436902),(2960.788382,1258.784455,41.04397),(2937.988382,1282.784455,431.04397),(2958.933358,1265.067917,40.548848),(2936.133358,1289.067917,430.548848),(2955.224988,1270.463739,40.),(2932.424988,1294.463739,430.),(2950.026305,1274.443763,39.451152),(2927.226305,1298.443763,429.451152),(2943.846167,1276.618366,38.95603),(2921.046167,1300.618366,428.95603),(2937.289535,1276.77471,38.563098),(2914.489535,1300.77471,428.563098),(2930.998228,1274.897491,38.31082),(2908.198228,1298.897491,428.31082)));
#864=IFCTRIANGULATEDFACESET(#863,$,.T.,((2,1,5),(2,5,3),(3,5,6),(3,6,4),(5,1,7),(5,7,6),(6,7,8),(6,8,4),(7,1,9),(7,9,8),(8,9,10),(8,10,4),(9,1,11),(9,11,10),(10,11,12),(10,12,4),(11,1,13),(11,13,12),(12,13,14),(12,14,4),(13,1,15),(13,15,14),(14,15,16),(14,16,4),(15,1,17),(15,17,16),(16,17,18),(16,18,4),(17,1,19),(17,19,18),(18,19,20),(18,20,4),(19,1,21),(19,21,20),(20,21,22),(20,22,4),(21,1,23),(21,23,22),(22,23,24),(22,24,4),(23,1,25),(23,25,24),(24,25,26),(24,26,4),(25,1,27),(25,27,26),(26,27,28),(26,28,4),(27,1,29),(27,29,28),(28,29,30),(28,30,4),(29,1,31),(29,31,30),(30,31,32),(30,32,4),(31,1,33),(31,33,32),(32,33,34),(32,34,4),(33,1,35),(33,35,34),(34,35,36),(34,36,4),(35,1,37),(35,37,36),(36,37,38),(36,38,4),(37,1,39),(37,39,38),(38,39,40),(38,40,4),(39,1,41),(39,41,40),(40,41,42),(40,42,4),(41,1,2),(41,2,42),(42,2,3),(42,3,4)),$);
#865=IFCCARTESIANPOINTLIST3D(((2518.313,1682.687,428.313),(2515.613,1685.387,435.559),(2514.239,1686.761,445.44),(2514.226,1686.774,460.),(2514.239,1686.761,474.56),(2515.613,1685.387,484.441),(2518.313,1682.687,491.687),(2586.667,1686.774,424.226),(2586.667,1692.404,431.884),(2586.667,1695.964,445.002),(2586.667,1696.,460.),(2586.667,1695.964,474.998),(2586.667,1692.404,488.116),(2586.667,1686.774,495.774),(2668.333,1686.774,424.226),(2668.333,1692.404,431.884),(2668.333,1695.964,445.002),(2668.333,1696.,460.),(2668.333,1695.964,474.998),(2668.333,1692.404,488.116),(2668.333,1686.774,495.774),(2750.,1686.774,424.226),(2750.,1692.404,431.884),(2750.,1695.964,445.002),(2750.,1696.,460.),(2750.,1695.964,474.998),(2750.,1692.404,488.116),(2750.,1686.774,495.774),(2831.667,1686.774,424.226),(2831.667,1692.404,431.884),(2831.667,1695.964,445.002),(2831.667,1696.,460.),(2831.667,1695.964,474.998),(2831.667,1692.404,488.116),(2831.667,1686.774,495.774),(2913.333,1686.774,424.226),(2913.333,1692.404,431.884),(2913.333,1695.964,445.002),(2913.333,1696.,460.),(2913.333,1695.964,474.998),(2913.333,1692.404,488.116),(2913.333,1686.774,495.774),(2981.687,1682.687,428.313),(2984.387,1685.387,435.559),(2985.761,1686.761,445.44),(2985.774,1686.774,460.),(2985.761,1686.761,474.56),(2984.387,1685.387,484.441),(2981.687,1682.687,491.687),(2518.313,1229.313,428.313),(2515.613,1226.613,435.559),(2514.239,1225.239,445.44),(2514.226,1225.226,460.),(2514.239,1225.239,474.56),(2515.613,1226.613,484.441),(2518.313,1229.313,491.687),(2586.667,1225.226,424.226),(2586.667,1219.596,431.884),(2586.667,1216.036,445.002),(2586.667,1216.,460.),(2586.667,1216.036,474.998),(2586.667,1219.596,488.116),(2586.667,1225.226,495.774),(2668.333,1225.226,424.226),(2668.333,1219.596,431.884),(2668.333,1216.036,445.002),(2668.333,1216.,460.),(2668.333,1216.036,474.998),(2668.333,1219.596,488.116),(2668.333,1225.226,495.774),(2750.,1225.226,424.226),(2750.,1219.596,431.884),(2750.,1216.036,445.002),(2750.,1216.,460.),(2750.,1216.036,474.998),(2750.,1219.596,488.116),(2750.,1225.226,495.774),(2831.667,1225.226,424.226),(2831.667,1219.596,431.884),(2831.667,1216.036,445.002),(2831.667,1216.,460.),(2831.667,1216.036,474.998),(2831.667,1219.596,488.116),(2831.667,1225.226,495.774),(2913.333,1225.226,424.226),(2913.333,1219.596,431.884),(2913.333,1216.036,445.002),(2913.333,1216.,460.),(2913.333,1216.036,474.998),(2913.333,1219.596,488.116),(2913.333,1225.226,495.774),(2981.687,1229.313,428.313),(2984.387,1226.613,435.559),(2985.761,1225.239,445.44),(2985.774,1225.226,460.),(2985.761,1225.239,474.56),(2984.387,1226.613,484.441),(2981.687,1229.313,491.687),(2514.226,1616.,424.226),(2508.596,1616.,431.884),(2505.036,1616.,445.002),(2505.,1616.,460.),(2505.036,1616.,474.998),(2508.596,1616.,488.116),(2514.226,1616.,495.774),(2514.226,1536.,424.226),(2508.596,1536.,431.884),(2505.036,1536.,445.002),(2505.,1536.,460.),(2505.036,1536.,474.998),(2508.596,1536.,488.116),(2514.226,1536.,495.774),(2514.226,1456.,424.226),(2508.596,1456.,431.884),(2505.036,1456.,445.002),(2505.,1456.,460.),(2505.036,1456.,474.998),(2508.596,1456.,488.116),(2514.226,1456.,495.774),(2514.226,1376.,424.226),(2508.596,1376.,431.884),(2505.036,1376.,445.002),(2505.,1376.,460.),(2505.036,1376.,474.998),(2508.596,1376.,488.116),(2514.226,1376.,495.774),(2514.226,1296.,424.226),(2508.596,1296.,431.884),(2505.036,1296.,445.002),(2505.,1296.,460.),(2505.036,1296.,474.998),(2508.596,1296.,488.116),(2514.226,1296.,495.774),(2985.774,1616.,424.226),(2991.404,1616.,431.884),(2994.964,1616.,445.002),(2995.,1616.,460.),(2994.964,1616.,474.998),(2991.404,1616.,488.116),(2985.774,1616.,495.774),(2985.774,1536.,424.226),(2991.404,1536.,431.884),(2994.964,1536.,445.002),(2995.,1536.,460.),(2994.964,1536.,474.998),(2991.404,1536.,488.116),(2985.774,1536.,495.774),(2985.774,1456.,424.226),(2991.404,1456.,431.884),(2994.964,1456.,445.002),(2995.,1456.,460.),(2994.964,1456.,474.998),(2991.404,1456.,488.116),(2985.774,1456.,495.774),(2985.774,1376.,424.226),(2991.404,1376.,431.884),(2994.964,1376.,445.002),(2995.,1376.,460.),(2994.964,1376.,474.998),(2991.404,1376.,488.116),(2985.774,1376.,495.774),(2985.774,1296.,424.226),(2991.404,1296.,431.884),(2994.964,1296.,445.002),(2995.,1296.,460.),(2994.964,1296.,474.998),(2991.404,1296.,488.116),(2985.774,1296.,495.774),(2586.667,1616.,415.),(2668.333,1616.,415.),(2750.,1616.,415.),(2831.667,1616.,415.),(2913.333,1616.,415.),(2586.667,1536.,415.),(2668.333,1536.,415.),(2750.,1536.,415.),(2831.667,1536.,415.),(2913.333,1536.,415.),(2586.667,1456.,415.),(2668.333,1456.,415.),(2750.,1456.,415.),(2831.667,1456.,415.),(2913.333,1456.,415.),(2586.667,1376.,415.),(2668.333,1376.,415.),(2750.,1376.,415.),(2831.667,1376.,415.),(2913.333,1376.,415.),(2586.667,1296.,415.),(2668.333,1296.,415.),(2750.,1296.,415.),(2831.667,1296.,415.),(2913.333,1296.,415.),(2586.667,1616.,505.),(2668.333,1616.,505.),(2750.,1616.,505.),(2831.667,1616.,505.),(2913.333,1616.,505.),(2586.667,1536.,505.),(2668.333,1536.,505.),(2750.,1536.,505.),(2831.667,1536.,505.),(2913.333,1536.,505.),(2586.667,1456.,505.),(2668.333,1456.,505.),(2750.,1456.,505.),(2831.667,1456.,505.),(2913.333,1456.,505.),(2586.667,1376.,505.),(2668.333,1376.,505.),(2750.,1376.,505.),(2831.667,1376.,505.),(2913.333,1376.,505.),(2586.667,1296.,505.),(2668.333,1296.,505.),(2750.,1296.,505.),(2831.667,1296.,505.),(2913.333,1296.,505.)));
#866=IFCTRIANGULATEDFACESET(#865,$,.T.,((1,2,9),(1,9,8),(2,3,10),(2,10,9),(3,4,11),(3,11,10),(4,5,12),(4,12,11),(5,6,13),(5,13,12),(6,7,14),(6,14,13),(8,9,16),(8,16,15),(9,10,17),(9,17,16),(10,11,18),(10,18,17),(11,12,19),(11,19,18),(12,13,20),(12,20,19),(13,14,21),(13,21,20),(15,16,23),(15,23,22),(16,17,24),(16,24,23),(17,18,25),(17,25,24),(18,19,26),(18,26,25),(19,20,27),(19,27,26),(20,21,28),(20,28,27),(22,23,30),(22,30,29),(23,24,31),(23,31,30),(24,25,32),(24,32,31),(25,26,33),(25,33,32),(26,27,34),(26,34,33),(27,28,35),(27,35,34),(29,30,37),(29,37,36),(30,31,38),(30,38,37),(31,32,39),(31,39,38),(32,33,40),(32,40,39),(33,34,41),(33,41,40),(34,35,42),(34,42,41),(36,37,44),(36,44,43),(37,38,45),(37,45,44),(38,39,46),(38,46,45),(39,40,47),(39,47,46),(40,41,48),(40,48,47),(41,42,49),(41,49,48),(58,51,50),(57,58,50),(59,52,51),(58,59,51),(60,53,52),(59,60,52),(61,54,53),(60,61,53),(62,55,54),(61,62,54),(63,56,55),(62,63,55),(65,58,57),(64,65,57),(66,59,58),(65,66,58),(67,60,59),(66,67,59),(68,61,60),(67,68,60),(69,62,61),(68,69,61),(70,63,62),(69,70,62),(72,65,64),(71,72,64),(73,66,65),(72,73,65),(74,67,66),(73,74,66),(75,68,67),(74,75,67),(76,69,68),(75,76,68),(77,70,69),(76,77,69),(79,72,71),(78,79,71),(80,73,72),(79,80,72),(81,74,73),(80,81,73),(82,75,74),(81,82,74),(83,76,75),(82,83,75),(84,77,76),(83,84,76),(86,79,78),(85,86,78),(87,80,79),(86,87,79),(88,81,80),(87,88,80),(89,82,81),(88,89,81),(90,83,82),(89,90,82),(91,84,83),(90,91,83),(93,86,85),(92,93,85),(94,87,86),(93,94,86),(95,88,87),(94,95,87),(96,89,88),(95,96,88),(97,90,89),(96,97,89),(98,91,90),(97,98,90),(100,2,1),(99,100,1),(101,3,2),(100,101,2),(102,4,3),(101,102,3),(103,5,4),(102,103,4),(104,6,5),(103,104,5),(105,7,6),(104,105,6),(107,100,99),(106,107,99),(108,101,100),(107,108,100),(109,102,101),(108,109,101),(110,103,102),(109,110,102),(111,104,103),(110,111,103),(112,105,104),(111,112,104),(114,107,106),(113,114,106),(115,108,107),(114,115,107),(116,109,108),(115,116,108),(117,110,109),(116,117,109),(118,111,110),(117,118,110),(119,112,111),(118,119,111),(121,114,113),(120,121,113),(122,115,114),(121,122,114),(123,116,115),(122,123,115),(124,117,116),(123,124,116),(125,118,117),(124,125,117),(126,119,118),(125,126,118),(128,121,120),(127,128,120),(129,122,121),(128,129,121),(130,123,122),(129,130,122),(131,124,123),(130,131,123),(132,125,124),(131,132,124),(133,126,125),(132,133,125),(51,128,127),(50,51,127),(52,129,128),(51,52,128),(53,130,129),(52,53,129),(54,131,130),(53,54,130),(55,132,131),(54,55,131),(56,133,132),(55,56,132),(43,44,135),(43,135,134),(44,45,136),(44,136,135),(45,46,137),(45,137,136),(46,47,138),(46,138,137),(47,48,139),(47,139,138),(48,49,140),(48,140,139),(134,135,142),(134,142,141),(135,136,143),(135,143,142),(136,137,144),(136,144,143),(137,138,145),(137,145,144),(138,139,146),(138,146,145),(139,140,147),(139,147,146),(141,142,149),(141,149,148),(142,143,150),(142,150,149),(143,144,151),(143,151,150),(144,145,152),(144,152,151),(145,146,153),(145,153,152),(146,147,154),(146,154,153),(148,149,156),(148,156,155),(149,150,157),(149,157,156),(150,151,158),(150,158,157),(151,152,159),(151,159,158),(152,153,160),(152,160,159),(153,154,161),(153,161,160),(155,156,163),(155,163,162),(156,157,164),(156,164,163),(157,158,165),(157,165,164),(158,159,166),(158,166,165),(159,160,167),(159,167,166),(160,161,168),(160,168,167),(162,163,93),(162,93,92),(163,164,94),(163,94,93),(164,165,95),(164,95,94),(165,166,96),(165,96,95),(166,167,97),(166,97,96),(167,168,98),(167,98,97),(1,8,169),(1,169,99),(8,15,170),(8,170,169),(15,22,171),(15,171,170),(22,29,172),(22,172,171),(29,36,173),(29,173,172),(36,43,134),(36,134,173),(99,169,174),(99,174,106),(169,170,175),(169,175,174),(170,171,176),(170,176,175),(171,172,177),(171,177,176),(172,173,178),(172,178,177),(173,134,141),(173,141,178),(106,174,179),(106,179,113),(174,175,180),(174,180,179),(175,176,181),(175,181,180),(176,177,182),(176,182,181),(177,178,183),(177,183,182),(178,141,148),(178,148,183),(113,179,184),(113,184,120),(179,180,185),(179,185,184),(180,181,186),(180,186,185),(181,182,187),(181,187,186),(182,183,188),(182,188,187),(183,148,155),(183,155,188),(120,184,189),(120,189,127),(184,185,190),(184,190,189),(185,186,191),(185,191,190),(186,187,192),(186,192,191),(187,188,193),(187,193,192),(188,155,162),(188,162,193),(127,189,57),(127,57,50),(189,190,64),(189,64,57),(190,191,71),(190,71,64),(191,192,78),(191,78,71),(192,193,85),(192,85,78),(193,162,92),(193,92,85),(194,14,7),(105,194,7),(195,21,14),(194,195,14),(196,28,21),(195,196,21),(197,35,28),(196,197,28),(198,42,35),(197,198,35),(140,49,42),(198,140,42),(199,194,105),(112,199,105),(200,195,194),(199,200,194),(201,196,195),(200,201,195),(202,197,196),(201,202,196),(203,198,197),(202,203,197),(147,140,198),(203,147,198),(204,199,112),(119,204,112),(205,200,199),(204,205,199),(206,201,200),(205,206,200),(207,202,201),(206,207,201),(208,203,202),(207,208,202),(154,147,203),(208,154,203),(209,204,119),(126,209,119),(210,205,204),(209,210,204),(211,206,205),(210,211,205),(212,207,206),(211,212,206),(213,208,207),(212,213,207),(161,154,208),(213,161,208),(214,209,126),(133,214,126),(215,210,209),(214,215,209),(216,211,210),(215,216,210),(217,212,211),(216,217,211),(218,213,212),(217,218,212),(168,161,213),(218,168,213),(63,214,133),(56,63,133),(70,215,214),(63,70,214),(77,216,215),(70,77,215),(84,217,216),(77,84,216),(91,218,217),(84,91,217),(98,168,218),(91,98,218)),$);
#867=IFCCARTESIANPOINTLIST3D(((2950.,1656.,430.),(2969.909909,1656.,428.103818),(3009.909909,1656.,848.103818),(2990.,1656.,850.),(2968.935459,1662.18034,428.196623),(3008.935459,1662.18034,848.196623),(2966.107455,1667.7557,428.465957),(3006.107455,1667.7557,848.465957),(2961.702746,1672.18034,428.885453),(3001.702746,1672.18034,848.885453),(2956.1525,1675.02114,429.414048),(2996.1525,1675.02114,849.414048),(2950.,1676.,430.),(2990.,1676.,850.),(2943.8475,1675.02114,430.585952),(2983.8475,1675.02114,850.585952),(2938.297254,1672.18034,431.114547),(2978.297254,1672.18034,851.114547),(2933.892545,1667.7557,431.534043),(2973.892545,1667.7557,851.534043),(2931.064541,1662.18034,431.803377),(2971.064541,1662.18034,851.803377),(2930.090091,1656.,431.896182),(2970.090091,1656.,851.896182),(2931.064541,1649.81966,431.803377),(2971.064541,1649.81966,851.803377),(2933.892545,1644.2443,431.534043),(2973.892545,1644.2443,851.534043),(2938.297254,1639.81966,431.114547),(2978.297254,1639.81966,851.114547),(2943.8475,1636.97886,430.585952),(2983.8475,1636.97886,850.585952),(2950.,1636.,430.),(2990.,1636.,850.),(2956.1525,1636.97886,429.414048),(2996.1525,1636.97886,849.414048),(2961.702746,1639.81966,428.885453),(3001.702746,1639.81966,848.885453),(2966.107455,1644.2443,428.465957),(3006.107455,1644.2443,848.465957),(2968.935459,1649.81966,428.196623),(3008.935459,1649.81966,848.196623)));
#868=IFCTRIANGULATEDFACESET(#867,$,.T.,((2,1,5),(2,5,3),(3,5,6),(3,6,4),(5,1,7),(5,7,6),(6,7,8),(6,8,4),(7,1,9),(7,9,8),(8,9,10),(8,10,4),(9,1,11),(9,11,10),(10,11,12),(10,12,4),(11,1,13),(11,13,12),(12,13,14),(12,14,4),(13,1,15),(13,15,14),(14,15,16),(14,16,4),(15,1,17),(15,17,16),(16,17,18),(16,18,4),(17,1,19),(17,19,18),(18,19,20),(18,20,4),(19,1,21),(19,21,20),(20,21,22),(20,22,4),(21,1,23),(21,23,22),(22,23,24),(22,24,4),(23,1,25),(23,25,24),(24,25,26),(24,26,4),(25,1,27),(25,27,26),(26,27,28),(26,28,4),(27,1,29),(27,29,28),(28,29,30),(28,30,4),(29,1,31),(29,31,30),(30,31,32),(30,32,4),(31,1,33),(31,33,32),(32,33,34),(32,34,4),(33,1,35),(33,35,34),(34,35,36),(34,36,4),(35,1,37),(35,37,36),(36,37,38),(36,38,4),(37,1,39),(37,39,38),(38,39,40),(38,40,4),(39,1,41),(39,41,40),(40,41,42),(40,42,4),(41,1,2),(41,2,42),(42,2,3),(42,3,4)),$);
#869=IFCCARTESIANPOINTLIST3D(((2950.,1256.,430.),(2969.909909,1256.,428.103818),(3009.909909,1256.,848.103818),(2990.,1256.,850.),(2968.935459,1262.18034,428.196623),(3008.935459,1262.18034,848.196623),(2966.107455,1267.7557,428.465957),(3006.107455,1267.7557,848.465957),(2961.702746,1272.18034,428.885453),(3001.702746,1272.18034,848.885453),(2956.1525,1275.02114,429.414048),(2996.1525,1275.02114,849.414048),(2950.,1276.,430.),(2990.,1276.,850.),(2943.8475,1275.02114,430.585952),(2983.8475,1275.02114,850.585952),(2938.297254,1272.18034,431.114547),(2978.297254,1272.18034,851.114547),(2933.892545,1267.7557,431.534043),(2973.892545,1267.7557,851.534043),(2931.064541,1262.18034,431.803377),(2971.064541,1262.18034,851.803377),(2930.090091,1256.,431.896182),(2970.090091,1256.,851.896182),(2931.064541,1249.81966,431.803377),(2971.064541,1249.81966,851.803377),(2933.892545,1244.2443,431.534043),(2973.892545,1244.2443,851.534043),(2938.297254,1239.81966,431.114547),(2978.297254,1239.81966,851.114547),(2943.8475,1236.97886,430.585952),(2983.8475,1236.97886,850.585952),(2950.,1236.,430.),(2990.,1236.,850.),(2956.1525,1236.97886,429.414048),(2996.1525,1236.97886,849.414048),(2961.702746,1239.81966,428.885453),(3001.702746,1239.81966,848.885453),(2966.107455,1244.2443,428.465957),(3006.107455,1244.2443,848.465957),(2968.935459,1249.81966,428.196623),(3008.935459,1249.81966,848.196623)));
#870=IFCTRIANGULATEDFACESET(#869,$,.T.,((2,1,5),(2,5,3),(3,5,6),(3,6,4),(5,1,7),(5,7,6),(6,7,8),(6,8,4),(7,1,9),(7,9,8),(8,9,10),(8,10,4),(9,1,11),(9,11,10),(10,11,12),(10,12,4),(11,1,13),(11,13,12),(12,13,14),(12,14,4),(13,1,15),(13,15,14),(14,15,16),(14,16,4),(15,1,17),(15,17,16),(16,17,18),(16,18,4),(17,1,19),(17,19,18),(18,19,20),(18,20,4),(19,1,21),(19,21,20),(20,21,22),(20,22,4),(21,1,23),(21,23,22),(22,23,24),(22,24,4),(23,1,25),(23,25,24),(24,25,26),(24,26,4),(25,1,27),(25,27,26),(26,27,28),(26,28,4),(27,1,29),(27,29,28),(28,29,30),(28,30,4),(29,1,31),(29,31,30),(30,31,32),(30,32,4),(31,1,33),(31,33,32),(32,33,34),(32,34,4),(33,1,35),(33,35,34),(34,35,36),(34,36,4),(35,1,37),(35,37,36),(36,37,38),(36,38,4),(37,1,39),(37,39,38),(38,39,40),(38,40,4),(39,1,41),(39,41,40),(40,41,42),(40,42,4),(41,1,2),(41,2,42),(42,2,3),(42,3,4)),$);
#871=IFCCARTESIANPOINTLIST3D(((2950.074,1693.426,622.574),(2946.214,1697.286,653.333),(2946.214,1697.286,696.667),(2946.214,1697.286,740.),(2946.214,1697.286,783.333),(2946.214,1697.286,826.667),(2950.074,1693.426,857.426),(2956.917,1695.977,620.023),(2953.446,1702.603,653.333),(2953.446,1702.603,696.667),(2953.446,1702.603,740.),(2953.446,1702.603,783.333),(2953.446,1702.603,826.667),(2956.917,1695.977,859.977),(2966.249,1697.275,618.725),(2965.835,1705.966,653.333),(2965.835,1705.966,696.667),(2965.835,1705.966,740.),(2965.835,1705.966,783.333),(2965.835,1705.966,826.667),(2966.249,1697.275,861.275),(2980.,1697.286,618.714),(2980.,1706.,653.333),(2980.,1706.,696.667),(2980.,1706.,740.),(2980.,1706.,783.333),(2980.,1706.,826.667),(2980.,1697.286,861.286),(2993.751,1697.275,618.725),(2994.165,1705.966,653.333),(2994.165,1705.966,696.667),(2994.165,1705.966,740.),(2994.165,1705.966,783.333),(2994.165,1705.966,826.667),(2993.751,1697.275,861.275),(3003.083,1695.977,620.023),(3006.554,1702.603,653.333),(3006.554,1702.603,696.667),(3006.554,1702.603,740.),(3006.554,1702.603,783.333),(3006.554,1702.603,826.667),(3003.083,1695.977,859.977),(3009.926,1693.426,622.574),(3013.786,1697.286,653.333),(3013.786,1697.286,696.667),(3013.786,1697.286,740.),(3013.786,1697.286,783.333),(3013.786,1697.286,826.667),(3009.926,1693.426,857.426),(2950.074,1218.574,622.574),(2946.214,1214.714,653.333),(2946.214,1214.714,696.667),(2946.214,1214.714,740.),(2946.214,1214.714,783.333),(2946.214,1214.714,826.667),(2950.074,1218.574,857.426),(2956.917,1216.023,620.023),(2953.446,1209.397,653.333),(2953.446,1209.397,696.667),(2953.446,1209.397,740.),(2953.446,1209.397,783.333),(2953.446,1209.397,826.667),(2956.917,1216.023,859.977),(2966.249,1214.725,618.725),(2965.835,1206.034,653.333),(2965.835,1206.034,696.667),(2965.835,1206.034,740.),(2965.835,1206.034,783.333),(2965.835,1206.034,826.667),(2966.249,1214.725,861.275),(2980.,1214.714,618.714),(2980.,1206.,653.333),(2980.,1206.,696.667),(2980.,1206.,740.),(2980.,1206.,783.333),(2980.,1206.,826.667),(2980.,1214.714,861.286),(2993.751,1214.725,618.725),(2994.165,1206.034,653.333),(2994.165,1206.034,696.667),(2994.165,1206.034,740.),(2994.165,1206.034,783.333),(2994.165,1206.034,826.667),(2993.751,1214.725,861.275),(3003.083,1216.023,620.023),(3006.554,1209.397,653.333),(3006.554,1209.397,696.667),(3006.554,1209.397,740.),(3006.554,1209.397,783.333),(3006.554,1209.397,826.667),(3003.083,1216.023,859.977),(3009.926,1218.574,622.574),(3013.786,1214.714,653.333),(3013.786,1214.714,696.667),(3013.786,1214.714,740.),(3013.786,1214.714,783.333),(3013.786,1214.714,826.667),(3009.926,1218.574,857.426),(2946.214,1622.667,618.714),(2937.5,1622.667,653.333),(2937.5,1622.667,696.667),(2937.5,1622.667,740.),(2937.5,1622.667,783.333),(2937.5,1622.667,826.667),(2946.214,1622.667,861.286),(2946.214,1539.333,618.714),(2937.5,1539.333,653.333),(2937.5,1539.333,696.667),(2937.5,1539.333,740.),(2937.5,1539.333,783.333),(2937.5,1539.333,826.667),(2946.214,1539.333,861.286),(2946.214,1456.,618.714),(2937.5,1456.,653.333),(2937.5,1456.,696.667),(2937.5,1456.,740.),(2937.5,1456.,783.333),(2937.5,1456.,826.667),(2946.214,1456.,861.286),(2946.214,1372.667,618.714),(2937.5,1372.667,653.333),(2937.5,1372.667,696.667),(2937.5,1372.667,740.),(2937.5,1372.667,783.333),(2937.5,1372.667,826.667),(2946.214,1372.667,861.286),(2946.214,1289.333,618.714),(2937.5,1289.333,653.333),(2937.5,1289.333,696.667),(2937.5,1289.333,740.),(2937.5,1289.333,783.333),(2937.5,1289.333,826.667),(2946.214,1289.333,861.286),(3013.786,1622.667,618.714),(3022.5,1622.667,653.333),(3022.5,1622.667,696.667),(3022.5,1622.667,740.),(3022.5,1622.667,783.333),(3022.5,1622.667,826.667),(3013.786,1622.667,861.286),(3013.786,1539.333,618.714),(3022.5,1539.333,653.333),(3022.5,1539.333,696.667),(3022.5,1539.333,740.),(3022.5,1539.333,783.333),(3022.5,1539.333,826.667),(3013.786,1539.333,861.286),(3013.786,1456.,618.714),(3022.5,1456.,653.333),(3022.5,1456.,696.667),(3022.5,1456.,740.),(3022.5,1456.,783.333),(3022.5,1456.,826.667),(3013.786,1456.,861.286),(3013.786,1372.667,618.714),(3022.5,1372.667,653.333),(3022.5,1372.667,696.667),(3022.5,1372.667,740.),(3022.5,1372.667,783.333),(3022.5,1372.667,826.667),(3013.786,1372.667,861.286),(3013.786,1289.333,618.714),(3022.5,1289.333,653.333),(3022.5,1289.333,696.667),(3022.5,1289.333,740.),(3022.5,1289.333,783.333),(3022.5,1289.333,826.667),(3013.786,1289.333,861.286),(2953.446,1622.667,613.397),(2965.835,1622.667,610.034),(2980.,1622.667,610.),(2994.165,1622.667,610.034),(3006.554,1622.667,613.397),(2953.446,1539.333,613.397),(2965.835,1539.333,610.034),(2980.,1539.333,610.),(2994.165,1539.333,610.034),(3006.554,1539.333,613.397),(2953.446,1456.,613.397),(2965.835,1456.,610.034),(2980.,1456.,610.),(2994.165,1456.,610.034),(3006.554,1456.,613.397),(2953.446,1372.667,613.397),(2965.835,1372.667,610.034),(2980.,1372.667,610.),(2994.165,1372.667,610.034),(3006.554,1372.667,613.397),(2953.446,1289.333,613.397),(2965.835,1289.333,610.034),(2980.,1289.333,610.),(2994.165,1289.333,610.034),(3006.554,1289.333,613.397),(2953.446,1622.667,866.603),(2965.835,1622.667,869.966),(2980.,1622.667,870.),(2994.165,1622.667,869.966),(3006.554,1622.667,866.603),(2953.446,1539.333,866.603),(2965.835,1539.333,869.966),(2980.,1539.333,870.),(2994.165,1539.333,869.966),(3006.554,1539.333,866.603),(2953.446,1456.,866.603),(2965.835,1456.,869.966),(2980.,1456.,870.),(2994.165,1456.,869.966),(3006.554,1456.,866.603),(2953.446,1372.667,866.603),(2965.835,1372.667,869.966),(2980.,1372.667,870.),(2994.165,1372.667,869.966),(3006.554,1372.667,866.603),(2953.446,1289.333,866.603),(2965.835,1289.333,869.966),(2980.,1289.333,870.),(2994.165,1289.333,869.966),(3006.554,1289.333,866.603)));
#872=IFCTRIANGULATEDFACESET(#871,$,.T.,((1,2,9),(1,9,8),(2,3,10),(2,10,9),(3,4,11),(3,11,10),(4,5,12),(4,12,11),(5,6,13),(5,13,12),(6,7,14),(6,14,13),(8,9,16),(8,16,15),(9,10,17),(9,17,16),(10,11,18),(10,18,17),(11,12,19),(11,19,18),(12,13,20),(12,20,19),(13,14,21),(13,21,20),(15,16,23),(15,23,22),(16,17,24),(16,24,23),(17,18,25),(17,25,24),(18,19,26),(18,26,25),(19,20,27),(19,27,26),(20,21,28),(20,28,27),(22,23,30),(22,30,29),(23,24,31),(23,31,30),(24,25,32),(24,32,31),(25,26,33),(25,33,32),(26,27,34),(26,34,33),(27,28,35),(27,35,34),(29,30,37),(29,37,36),(30,31,38),(30,38,37),(31,32,39),(31,39,38),(32,33,40),(32,40,39),(33,34,41),(33,41,40),(34,35,42),(34,42,41),(36,37,44),(36,44,43),(37,38,45),(37,45,44),(38,39,46),(38,46,45),(39,40,47),(39,47,46),(40,41,48),(40,48,47),(41,42,49),(41,49,48),(58,51,50),(57,58,50),(59,52,51),(58,59,51),(60,53,52),(59,60,52),(61,54,53),(60,61,53),(62,55,54),(61,62,54),(63,56,55),(62,63,55),(65,58,57),(64,65,57),(66,59,58),(65,66,58),(67,60,59),(66,67,59),(68,61,60),(67,68,60),(69,62,61),(68,69,61),(70,63,62),(69,70,62),(72,65,64),(71,72,64),(73,66,65),(72,73,65),(74,67,66),(73,74,66),(75,68,67),(74,75,67),(76,69,68),(75,76,68),(77,70,69),(76,77,69),(79,72,71),(78,79,71),(80,73,72),(79,80,72),(81,74,73),(80,81,73),(82,75,74),(81,82,74),(83,76,75),(82,83,75),(84,77,76),(83,84,76),(86,79,78),(85,86,78),(87,80,79),(86,87,79),(88,81,80),(87,88,80),(89,82,81),(88,89,81),(90,83,82),(89,90,82),(91,84,83),(90,91,83),(93,86,85),(92,93,85),(94,87,86),(93,94,86),(95,88,87),(94,95,87),(96,89,88),(95,96,88),(97,90,89),(96,97,89),(98,91,90),(97,98,90),(100,2,1),(99,100,1),(101,3,2),(100,101,2),(102,4,3),(101,102,3),(103,5,4),(102,103,4),(104,6,5),(103,104,5),(105,7,6),(104,105,6),(107,100,99),(106,107,99),(108,101,100),(107,108,100),(109,102,101),(108,109,101),(110,103,102),(109,110,102),(111,104,103),(110,111,103),(112,105,104),(111,112,104),(114,107,106),(113,114,106),(115,108,107),(114,115,107),(116,109,108),(115,116,108),(117,110,109),(116,117,109),(118,111,110),(117,118,110),(119,112,111),(118,119,111),(121,114,113),(120,121,113),(122,115,114),(121,122,114),(123,116,115),(122,123,115),(124,117,116),(123,124,116),(125,118,117),(124,125,117),(126,119,118),(125,126,118),(128,121,120),(127,128,120),(129,122,121),(128,129,121),(130,123,122),(129,130,122),(131,124,123),(130,131,123),(132,125,124),(131,132,124),(133,126,125),(132,133,125),(51,128,127),(50,51,127),(52,129,128),(51,52,128),(53,130,129),(52,53,129),(54,131,130),(53,54,130),(55,132,131),(54,55,131),(56,133,132),(55,56,132),(43,44,135),(43,135,134),(44,45,136),(44,136,135),(45,46,137),(45,137,136),(46,47,138),(46,138,137),(47,48,139),(47,139,138),(48,49,140),(48,140,139),(134,135,142),(134,142,141),(135,136,143),(135,143,142),(136,137,144),(136,144,143),(137,138,145),(137,145,144),(138,139,146),(138,146,145),(139,140,147),(139,147,146),(141,142,149),(141,149,148),(142,143,150),(142,150,149),(143,144,151),(143,151,150),(144,145,152),(144,152,151),(145,146,153),(145,153,152),(146,147,154),(146,154,153),(148,149,156),(148,156,155),(149,150,157),(149,157,156),(150,151,158),(150,158,157),(151,152,159),(151,159,158),(152,153,160),(152,160,159),(153,154,161),(153,161,160),(155,156,163),(155,163,162),(156,157,164),(156,164,163),(157,158,165),(157,165,164),(158,159,166),(158,166,165),(159,160,167),(159,167,166),(160,161,168),(160,168,167),(162,163,93),(162,93,92),(163,164,94),(163,94,93),(164,165,95),(164,95,94),(165,166,96),(165,96,95),(166,167,97),(166,97,96),(167,168,98),(167,98,97),(1,8,169),(1,169,99),(8,15,170),(8,170,169),(15,22,171),(15,171,170),(22,29,172),(22,172,171),(29,36,173),(29,173,172),(36,43,134),(36,134,173),(99,169,174),(99,174,106),(169,170,175),(169,175,174),(170,171,176),(170,176,175),(171,172,177),(171,177,176),(172,173,178),(172,178,177),(173,134,141),(173,141,178),(106,174,179),(106,179,113),(174,175,180),(174,180,179),(175,176,181),(175,181,180),(176,177,182),(176,182,181),(177,178,183),(177,183,182),(178,141,148),(178,148,183),(113,179,184),(113,184,120),(179,180,185),(179,185,184),(180,181,186),(180,186,185),(181,182,187),(181,187,186),(182,183,188),(182,188,187),(183,148,155),(183,155,188),(120,184,189),(120,189,127),(184,185,190),(184,190,189),(185,186,191),(185,191,190),(186,187,192),(186,192,191),(187,188,193),(187,193,192),(188,155,162),(188,162,193),(127,189,57),(127,57,50),(189,190,64),(189,64,57),(190,191,71),(190,71,64),(191,192,78),(191,78,71),(192,193,85),(192,85,78),(193,162,92),(193,92,85),(194,14,7),(105,194,7),(195,21,14),(194,195,14),(196,28,21),(195,196,21),(197,35,28),(196,197,28),(198,42,35),(197,198,35),(140,49,42),(198,140,42),(199,194,105),(112,199,105),(200,195,194),(199,200,194),(201,196,195),(200,201,195),(202,197,196),(201,202,196),(203,198,197),(202,203,197),(147,140,198),(203,147,198),(204,199,112),(119,204,112),(205,200,199),(204,205,199),(206,201,200),(205,206,200),(207,202,201),(206,207,201),(208,203,202),(207,208,202),(154,147,203),(208,154,203),(209,204,119),(126,209,119),(210,205,204),(209,210,204),(211,206,205),(210,211,205),(212,207,206),(211,212,206),(213,208,207),(212,213,207),(161,154,208),(213,161,208),(214,209,126),(133,214,126),(215,210,209),(214,215,209),(216,211,210),(215,216,210),(217,212,211),(216,217,211),(218,213,212),(217,218,212),(168,161,213),(218,168,213),(63,214,133),(56,63,133),(70,215,214),(63,70,214),(77,216,215),(70,77,215),(84,217,216),(77,84,216),(91,218,217),(84,91,217),(98,168,218),(91,98,218)),$);
#873=IFCCARTESIANPOINTLIST3D(((1600.,1904.,40.),(1585.588085,1919.170437,38.223892),(1562.788085,1943.170437,428.223892),(1577.2,1928.,430.),(1581.588667,1913.958409,38.31082),(1558.788667,1937.958409,428.31082),(1579.391496,1907.771573,38.563098),(1556.591496,1931.771573,428.563098),(1579.211618,1901.215545,38.95603),(1556.411618,1925.215545,428.95603),(1581.066642,1894.932083,39.451152),(1558.266642,1918.932083,429.451152),(1584.775012,1889.536261,40.),(1561.975012,1913.536261,430.),(1589.973695,1885.556237,40.548848),(1567.173695,1909.556237,430.548848),(1596.153833,1883.381634,41.04397),(1573.353833,1907.381634,431.04397),(1602.710465,1883.22529,41.436902),(1579.910465,1907.22529,431.436902),(1609.001772,1885.102509,41.68918),(1586.201772,1909.102509,431.68918),(1614.411915,1888.829563,41.776108),(1591.611915,1912.829563,431.776108),(1618.411333,1894.041591,41.68918),(1595.611333,1918.041591,431.68918),(1620.608504,1900.228427,41.436902),(1597.808504,1924.228427,431.436902),(1620.788382,1906.784455,41.04397),(1597.988382,1930.784455,431.04397),(1618.933358,1913.067917,40.548848),(1596.133358,1937.067917,430.548848),(1615.224988,1918.463739,40.),(1592.424988,1942.463739,430.),(1610.026305,1922.443763,39.451152),(1587.226305,1946.443763,429.451152),(1603.846167,1924.618366,38.95603),(1581.046167,1948.618366,428.95603),(1597.289535,1924.77471,38.563098),(1574.489535,1948.77471,428.563098),(1590.998228,1922.897491,38.31082),(1568.198228,1946.897491,428.31082)));
#874=IFCTRIANGULATEDFACESET(#873,$,.T.,((2,1,5),(2,5,3),(3,5,6),(3,6,4),(5,1,7),(5,7,6),(6,7,8),(6,8,4),(7,1,9),(7,9,8),(8,9,10),(8,10,4),(9,1,11),(9,11,10),(10,11,12),(10,12,4),(11,1,13),(11,13,12),(12,13,14),(12,14,4),(13,1,15),(13,15,14),(14,15,16),(14,16,4),(15,1,17),(15,17,16),(16,17,18),(16,18,4),(17,1,19),(17,19,18),(18,19,20),(18,20,4),(19,1,21),(19,21,20),(20,21,22),(20,22,4),(21,1,23),(21,23,22),(22,23,24),(22,24,4),(23,1,25),(23,25,24),(24,25,26),(24,26,4),(25,1,27),(25,27,26),(26,27,28),(26,28,4),(27,1,29),(27,29,28),(28,29,30),(28,30,4),(29,1,31),(29,31,30),(30,31,32),(30,32,4),(31,1,33),(31,33,32),(32,33,34),(32,34,4),(33,1,35),(33,35,34),(34,35,36),(34,36,4),(35,1,37),(35,37,36),(36,37,38),(36,38,4),(37,1,39),(37,39,38),(38,39,40),(38,40,4),(39,1,41),(39,41,40),(40,41,42),(40,42,4),(41,1,2),(41,2,42),(42,2,3),(42,3,4)),$);
#875=IFCCARTESIANPOINTLIST3D(((1220.,1904.,40.),(1234.411915,1919.170437,38.223892),(1257.211915,1943.170437,428.223892),(1242.8,1928.,430.),(1229.001772,1922.897491,38.31082),(1251.801772,1946.897491,428.31082),(1222.710465,1924.77471,38.563098),(1245.510465,1948.77471,428.563098),(1216.153833,1924.618366,38.95603),(1238.953833,1948.618366,428.95603),(1209.973695,1922.443763,39.451152),(1232.773695,1946.443763,429.451152),(1204.775012,1918.463739,40.),(1227.575012,1942.463739,430.),(1201.066642,1913.067917,40.548848),(1223.866642,1937.067917,430.548848),(1199.211618,1906.784455,41.04397),(1222.011618,1930.784455,431.04397),(1199.391496,1900.228427,41.436902),(1222.191496,1924.228427,431.436902),(1201.588667,1894.041591,41.68918),(1224.388667,1918.041591,431.68918),(1205.588085,1888.829563,41.776108),(1228.388085,1912.829563,431.776108),(1210.998228,1885.102509,41.68918),(1233.798228,1909.102509,431.68918),(1217.289535,1883.22529,41.436902),(1240.089535,1907.22529,431.436902),(1223.846167,1883.381634,41.04397),(1246.646167,1907.381634,431.04397),(1230.026305,1885.556237,40.548848),(1252.826305,1909.556237,430.548848),(1235.224988,1889.536261,40.),(1258.024988,1913.536261,430.),(1238.933358,1894.932083,39.451152),(1261.733358,1918.932083,429.451152),(1240.788382,1901.215545,38.95603),(1263.588382,1925.215545,428.95603),(1240.608504,1907.771573,38.563098),(1263.408504,1931.771573,428.563098),(1238.411333,1913.958409,38.31082),(1261.211333,1937.958409,428.31082)));
#876=IFCTRIANGULATEDFACESET(#875,$,.T.,((2,1,5),(2,5,3),(3,5,6),(3,6,4),(5,1,7),(5,7,6),(6,7,8),(6,8,4),(7,1,9),(7,9,8),(8,9,10),(8,10,4),(9,1,11),(9,11,10),(10,11,12),(10,12,4),(11,1,13),(11,13,12),(12,13,14),(12,14,4),(13,1,15),(13,15,14),(14,15,16),(14,16,4),(15,1,17),(15,17,16),(16,17,18),(16,18,4),(17,1,19),(17,19,18),(18,19,20),(18,20,4),(19,1,21),(19,21,20),(20,21,22),(20,22,4),(21,1,23),(21,23,22),(22,23,24),(22,24,4),(23,1,25),(23,25,24),(24,25,26),(24,26,4),(25,1,27),(25,27,26),(26,27,28),(26,28,4),(27,1,29),(27,29,28),(28,29,30),(28,30,4),(29,1,31),(29,31,30),(30,31,32),(30,32,4),(31,1,33),(31,33,32),(32,33,34),(32,34,4),(33,1,35),(33,35,34),(34,35,36),(34,36,4),(35,1,37),(35,37,36),(36,37,38),(36,38,4),(37,1,39),(37,39,38),(38,39,40),(38,40,4),(39,1,41),(39,41,40),(40,41,42),(40,42,4),(41,1,2),(41,2,42),(42,2,3),(42,3,4)),$);
#877=IFCCARTESIANPOINTLIST3D(((1600.,2304.,40.),(1585.588085,2288.829563,38.223892),(1562.788085,2264.829563,428.223892),(1577.2,2280.,430.),(1590.998228,2285.102509,38.31082),(1568.198228,2261.102509,428.31082),(1597.289535,2283.22529,38.563098),(1574.489535,2259.22529,428.563098),(1603.846167,2283.381634,38.95603),(1581.046167,2259.381634,428.95603),(1610.026305,2285.556237,39.451152),(1587.226305,2261.556237,429.451152),(1615.224988,2289.536261,40.),(1592.424988,2265.536261,430.),(1618.933358,2294.932083,40.548848),(1596.133358,2270.932083,430.548848),(1620.788382,2301.215545,41.04397),(1597.988382,2277.215545,431.04397),(1620.608504,2307.771573,41.436902),(1597.808504,2283.771573,431.436902),(1618.411333,2313.958409,41.68918),(1595.611333,2289.958409,431.68918),(1614.411915,2319.170437,41.776108),(1591.611915,2295.170437,431.776108),(1609.001772,2322.897491,41.68918),(1586.201772,2298.897491,431.68918),(1602.710465,2324.77471,41.436902),(1579.910465,2300.77471,431.436902),(1596.153833,2324.618366,41.04397),(1573.353833,2300.618366,431.04397),(1589.973695,2322.443763,40.548848),(1567.173695,2298.443763,430.548848),(1584.775012,2318.463739,40.),(1561.975012,2294.463739,430.),(1581.066642,2313.067917,39.451152),(1558.266642,2289.067917,429.451152),(1579.211618,2306.784455,38.95603),(1556.411618,2282.784455,428.95603),(1579.391496,2300.228427,38.563098),(1556.591496,2276.228427,428.563098),(1581.588667,2294.041591,38.31082),(1558.788667,2270.041591,428.31082)));
#878=IFCTRIANGULATEDFACESET(#877,$,.T.,((2,1,5),(2,5,3),(3,5,6),(3,6,4),(5,1,7),(5,7,6),(6,7,8),(6,8,4),(7,1,9),(7,9,8),(8,9,10),(8,10,4),(9,1,11),(9,11,10),(10,11,12),(10,12,4),(11,1,13),(11,13,12),(12,13,14),(12,14,4),(13,1,15),(13,15,14),(14,15,16),(14,16,4),(15,1,17),(15,17,16),(16,17,18),(16,18,4),(17,1,19),(17,19,18),(18,19,20),(18,20,4),(19,1,21),(19,21,20),(20,21,22),(20,22,4),(21,1,23),(21,23,22),(22,23,24),(22,24,4),(23,1,25),(23,25,24),(24,25,26),(24,26,4),(25,1,27),(25,27,26),(26,27,28),(26,28,4),(27,1,29),(27,29,28),(28,29,30),(28,30,4),(29,1,31),(29,31,30),(30,31,32),(30,32,4),(31,1,33),(31,33,32),(32,33,34),(32,34,4),(33,1,35),(33,35,34),(34,35,36),(34,36,4),(35,1,37),(35,37,36),(36,37,38),(36,38,4),(37,1,39),(37,39,38),(38,39,40),(38,40,4),(39,1,41),(39,41,40),(40,41,42),(40,42,4),(41,1,2),(41,2,42),(42,2,3),(42,3,4)),$);
#879=IFCCARTESIANPOINTLIST3D(((1220.,2304.,40.),(1234.411915,2288.829563,38.223892),(1257.211915,2264.829563,428.223892),(1242.8,2280.,430.),(1238.411333,2294.041591,38.31082),(1261.211333,2270.041591,428.31082),(1240.608504,2300.228427,38.563098),(1263.408504,2276.228427,428.563098),(1240.788382,2306.784455,38.95603),(1263.588382,2282.784455,428.95603),(1238.933358,2313.067917,39.451152),(1261.733358,2289.067917,429.451152),(1235.224988,2318.463739,40.),(1258.024988,2294.463739,430.),(1230.026305,2322.443763,40.548848),(1252.826305,2298.443763,430.548848),(1223.846167,2324.618366,41.04397),(1246.646167,2300.618366,431.04397),(1217.289535,2324.77471,41.436902),(1240.089535,2300.77471,431.436902),(1210.998228,2322.897491,41.68918),(1233.798228,2298.897491,431.68918),(1205.588085,2319.170437,41.776108),(1228.388085,2295.170437,431.776108),(1201.588667,2313.958409,41.68918),(1224.388667,2289.958409,431.68918),(1199.391496,2307.771573,41.436902),(1222.191496,2283.771573,431.436902),(1199.211618,2301.215545,41.04397),(1222.011618,2277.215545,431.04397),(1201.066642,2294.932083,40.548848),(1223.866642,2270.932083,430.548848),(1204.775012,2289.536261,40.),(1227.575012,2265.536261,430.),(1209.973695,2285.556237,39.451152),(1232.773695,2261.556237,429.451152),(1216.153833,2283.381634,38.95603),(1238.953833,2259.381634,428.95603),(1222.710465,2283.22529,38.563098),(1245.510465,2259.22529,428.563098),(1229.001772,2285.102509,38.31082),(1251.801772,2261.102509,428.31082)));
#880=IFCTRIANGULATEDFACESET(#879,$,.T.,((2,1,5),(2,5,3),(3,5,6),(3,6,4),(5,1,7),(5,7,6),(6,7,8),(6,8,4),(7,1,9),(7,9,8),(8,9,10),(8,10,4),(9,1,11),(9,11,10),(10,11,12),(10,12,4),(11,1,13),(11,13,12),(12,13,14),(12,14,4),(13,1,15),(13,15,14),(14,15,16),(14,16,4),(15,1,17),(15,17,16),(16,17,18),(16,18,4),(17,1,19),(17,19,18),(18,19,20),(18,20,4),(19,1,21),(19,21,20),(20,21,22),(20,22,4),(21,1,23),(21,23,22),(22,23,24),(22,24,4),(23,1,25),(23,25,24),(24,25,26),(24,26,4),(25,1,27),(25,27,26),(26,27,28),(26,28,4),(27,1,29),(27,29,28),(28,29,30),(28,30,4),(29,1,31),(29,31,30),(30,31,32),(30,32,4),(31,1,33),(31,33,32),(32,33,34),(32,34,4),(33,1,35),(33,35,34),(34,35,36),(34,36,4),(35,1,37),(35,37,36),(36,37,38),(36,38,4),(37,1,39),(37,39,38),(38,39,40),(38,40,4),(39,1,41),(39,41,40),(40,41,42),(40,42,4),(41,1,2),(41,2,42),(42,2,3),(42,3,4)),$);
#881=IFCCARTESIANPOINTLIST3D(((1641.687,1877.313,428.313),(1644.387,1874.613,435.559),(1645.761,1873.239,445.44),(1645.774,1873.226,460.),(1645.761,1873.239,474.56),(1644.387,1874.613,484.441),(1641.687,1877.313,491.687),(1573.333,1873.226,424.226),(1573.333,1867.596,431.884),(1573.333,1864.036,445.002),(1573.333,1864.,460.),(1573.333,1864.036,474.998),(1573.333,1867.596,488.116),(1573.333,1873.226,495.774),(1491.667,1873.226,424.226),(1491.667,1867.596,431.884),(1491.667,1864.036,445.002),(1491.667,1864.,460.),(1491.667,1864.036,474.998),(1491.667,1867.596,488.116),(1491.667,1873.226,495.774),(1410.,1873.226,424.226),(1410.,1867.596,431.884),(1410.,1864.036,445.002),(1410.,1864.,460.),(1410.,1864.036,474.998),(1410.,1867.596,488.116),(1410.,1873.226,495.774),(1328.333,1873.226,424.226),(1328.333,1867.596,431.884),(1328.333,1864.036,445.002),(1328.333,1864.,460.),(1328.333,1864.036,474.998),(1328.333,1867.596,488.116),(1328.333,1873.226,495.774),(1246.667,1873.226,424.226),(1246.667,1867.596,431.884),(1246.667,1864.036,445.002),(1246.667,1864.,460.),(1246.667,1864.036,474.998),(1246.667,1867.596,488.116),(1246.667,1873.226,495.774),(1178.313,1877.313,428.313),(1175.613,1874.613,435.559),(1174.239,1873.239,445.44),(1174.226,1873.226,460.),(1174.239,1873.239,474.56),(1175.613,1874.613,484.441),(1178.313,1877.313,491.687),(1641.687,2330.687,428.313),(1644.387,2333.387,435.559),(1645.761,2334.761,445.44),(1645.774,2334.774,460.),(1645.761,2334.761,474.56),(1644.387,2333.387,484.441),(1641.687,2330.687,491.687),(1573.333,2334.774,424.226),(1573.333,2340.404,431.884),(1573.333,2343.964,445.002),(1573.333,2344.,460.),(1573.333,2343.964,474.998),(1573.333,2340.404,488.116),(1573.333,2334.774,495.774),(1491.667,2334.774,424.226),(1491.667,2340.404,431.884),(1491.667,2343.964,445.002),(1491.667,2344.,460.),(1491.667,2343.964,474.998),(1491.667,2340.404,488.116),(1491.667,2334.774,495.774),(1410.,2334.774,424.226),(1410.,2340.404,431.884),(1410.,2343.964,445.002),(1410.,2344.,460.),(1410.,2343.964,474.998),(1410.,2340.404,488.116),(1410.,2334.774,495.774),(1328.333,2334.774,424.226),(1328.333,2340.404,431.884),(1328.333,2343.964,445.002),(1328.333,2344.,460.),(1328.333,2343.964,474.998),(1328.333,2340.404,488.116),(1328.333,2334.774,495.774),(1246.667,2334.774,424.226),(1246.667,2340.404,431.884),(1246.667,2343.964,445.002),(1246.667,2344.,460.),(1246.667,2343.964,474.998),(1246.667,2340.404,488.116),(1246.667,2334.774,495.774),(1178.313,2330.687,428.313),(1175.613,2333.387,435.559),(1174.239,2334.761,445.44),(1174.226,2334.774,460.),(1174.239,2334.761,474.56),(1175.613,2333.387,484.441),(1178.313,2330.687,491.687),(1645.774,1944.,424.226),(1651.404,1944.,431.884),(1654.964,1944.,445.002),(1655.,1944.,460.),(1654.964,1944.,474.998),(1651.404,1944.,488.116),(1645.774,1944.,495.774),(1645.774,2024.,424.226),(1651.404,2024.,431.884),(1654.964,2024.,445.002),(1655.,2024.,460.),(1654.964,2024.,474.998),(1651.404,2024.,488.116),(1645.774,2024.,495.774),(1645.774,2104.,424.226),(1651.404,2104.,431.884),(1654.964,2104.,445.002),(1655.,2104.,460.),(1654.964,2104.,474.998),(1651.404,2104.,488.116),(1645.774,2104.,495.774),(1645.774,2184.,424.226),(1651.404,2184.,431.884),(1654.964,2184.,445.002),(1655.,2184.,460.),(1654.964,2184.,474.998),(1651.404,2184.,488.116),(1645.774,2184.,495.774),(1645.774,2264.,424.226),(1651.404,2264.,431.884),(1654.964,2264.,445.002),(1655.,2264.,460.),(1654.964,2264.,474.998),(1651.404,2264.,488.116),(1645.774,2264.,495.774),(1174.226,1944.,424.226),(1168.596,1944.,431.884),(1165.036,1944.,445.002),(1165.,1944.,460.),(1165.036,1944.,474.998),(1168.596,1944.,488.116),(1174.226,1944.,495.774),(1174.226,2024.,424.226),(1168.596,2024.,431.884),(1165.036,2024.,445.002),(1165.,2024.,460.),(1165.036,2024.,474.998),(1168.596,2024.,488.116),(1174.226,2024.,495.774),(1174.226,2104.,424.226),(1168.596,2104.,431.884),(1165.036,2104.,445.002),(1165.,2104.,460.),(1165.036,2104.,474.998),(1168.596,2104.,488.116),(1174.226,2104.,495.774),(1174.226,2184.,424.226),(1168.596,2184.,431.884),(1165.036,2184.,445.002),(1165.,2184.,460.),(1165.036,2184.,474.998),(1168.596,2184.,488.116),(1174.226,2184.,495.774),(1174.226,2264.,424.226),(1168.596,2264.,431.884),(1165.036,2264.,445.002),(1165.,2264.,460.),(1165.036,2264.,474.998),(1168.596,2264.,488.116),(1174.226,2264.,495.774),(1573.333,1944.,415.),(1491.667,1944.,415.),(1410.,1944.,415.),(1328.333,1944.,415.),(1246.667,1944.,415.),(1573.333,2024.,415.),(1491.667,2024.,415.),(1410.,2024.,415.),(1328.333,2024.,415.),(1246.667,2024.,415.),(1573.333,2104.,415.),(1491.667,2104.,415.),(1410.,2104.,415.),(1328.333,2104.,415.),(1246.667,2104.,415.),(1573.333,2184.,415.),(1491.667,2184.,415.),(1410.,2184.,415.),(1328.333,2184.,415.),(1246.667,2184.,415.),(1573.333,2264.,415.),(1491.667,2264.,415.),(1410.,2264.,415.),(1328.333,2264.,415.),(1246.667,2264.,415.),(1573.333,1944.,505.),(1491.667,1944.,505.),(1410.,1944.,505.),(1328.333,1944.,505.),(1246.667,1944.,505.),(1573.333,2024.,505.),(1491.667,2024.,505.),(1410.,2024.,505.),(1328.333,2024.,505.),(1246.667,2024.,505.),(1573.333,2104.,505.),(1491.667,2104.,505.),(1410.,2104.,505.),(1328.333,2104.,505.),(1246.667,2104.,505.),(1573.333,2184.,505.),(1491.667,2184.,505.),(1410.,2184.,505.),(1328.333,2184.,505.),(1246.667,2184.,505.),(1573.333,2264.,505.),(1491.667,2264.,505.),(1410.,2264.,505.),(1328.333,2264.,505.),(1246.667,2264.,505.)));
#882=IFCTRIANGULATEDFACESET(#881,$,.T.,((1,2,9),(1,9,8),(2,3,10),(2,10,9),(3,4,11),(3,11,10),(4,5,12),(4,12,11),(5,6,13),(5,13,12),(6,7,14),(6,14,13),(8,9,16),(8,16,15),(9,10,17),(9,17,16),(10,11,18),(10,18,17),(11,12,19),(11,19,18),(12,13,20),(12,20,19),(13,14,21),(13,21,20),(15,16,23),(15,23,22),(16,17,24),(16,24,23),(17,18,25),(17,25,24),(18,19,26),(18,26,25),(19,20,27),(19,27,26),(20,21,28),(20,28,27),(22,23,30),(22,30,29),(23,24,31),(23,31,30),(24,25,32),(24,32,31),(25,26,33),(25,33,32),(26,27,34),(26,34,33),(27,28,35),(27,35,34),(29,30,37),(29,37,36),(30,31,38),(30,38,37),(31,32,39),(31,39,38),(32,33,40),(32,40,39),(33,34,41),(33,41,40),(34,35,42),(34,42,41),(36,37,44),(36,44,43),(37,38,45),(37,45,44),(38,39,46),(38,46,45),(39,40,47),(39,47,46),(40,41,48),(40,48,47),(41,42,49),(41,49,48),(58,51,50),(57,58,50),(59,52,51),(58,59,51),(60,53,52),(59,60,52),(61,54,53),(60,61,53),(62,55,54),(61,62,54),(63,56,55),(62,63,55),(65,58,57),(64,65,57),(66,59,58),(65,66,58),(67,60,59),(66,67,59),(68,61,60),(67,68,60),(69,62,61),(68,69,61),(70,63,62),(69,70,62),(72,65,64),(71,72,64),(73,66,65),(72,73,65),(74,67,66),(73,74,66),(75,68,67),(74,75,67),(76,69,68),(75,76,68),(77,70,69),(76,77,69),(79,72,71),(78,79,71),(80,73,72),(79,80,72),(81,74,73),(80,81,73),(82,75,74),(81,82,74),(83,76,75),(82,83,75),(84,77,76),(83,84,76),(86,79,78),(85,86,78),(87,80,79),(86,87,79),(88,81,80),(87,88,80),(89,82,81),(88,89,81),(90,83,82),(89,90,82),(91,84,83),(90,91,83),(93,86,85),(92,93,85),(94,87,86),(93,94,86),(95,88,87),(94,95,87),(96,89,88),(95,96,88),(97,90,89),(96,97,89),(98,91,90),(97,98,90),(100,2,1),(99,100,1),(101,3,2),(100,101,2),(102,4,3),(101,102,3),(103,5,4),(102,103,4),(104,6,5),(103,104,5),(105,7,6),(104,105,6),(107,100,99),(106,107,99),(108,101,100),(107,108,100),(109,102,101),(108,109,101),(110,103,102),(109,110,102),(111,104,103),(110,111,103),(112,105,104),(111,112,104),(114,107,106),(113,114,106),(115,108,107),(114,115,107),(116,109,108),(115,116,108),(117,110,109),(116,117,109),(118,111,110),(117,118,110),(119,112,111),(118,119,111),(121,114,113),(120,121,113),(122,115,114),(121,122,114),(123,116,115),(122,123,115),(124,117,116),(123,124,116),(125,118,117),(124,125,117),(126,119,118),(125,126,118),(128,121,120),(127,128,120),(129,122,121),(128,129,121),(130,123,122),(129,130,122),(131,124,123),(130,131,123),(132,125,124),(131,132,124),(133,126,125),(132,133,125),(51,128,127),(50,51,127),(52,129,128),(51,52,128),(53,130,129),(52,53,129),(54,131,130),(53,54,130),(55,132,131),(54,55,131),(56,133,132),(55,56,132),(43,44,135),(43,135,134),(44,45,136),(44,136,135),(45,46,137),(45,137,136),(46,47,138),(46,138,137),(47,48,139),(47,139,138),(48,49,140),(48,140,139),(134,135,142),(134,142,141),(135,136,143),(135,143,142),(136,137,144),(136,144,143),(137,138,145),(137,145,144),(138,139,146),(138,146,145),(139,140,147),(139,147,146),(141,142,149),(141,149,148),(142,143,150),(142,150,149),(143,144,151),(143,151,150),(144,145,152),(144,152,151),(145,146,153),(145,153,152),(146,147,154),(146,154,153),(148,149,156),(148,156,155),(149,150,157),(149,157,156),(150,151,158),(150,158,157),(151,152,159),(151,159,158),(152,153,160),(152,160,159),(153,154,161),(153,161,160),(155,156,163),(155,163,162),(156,157,164),(156,164,163),(157,158,165),(157,165,164),(158,159,166),(158,166,165),(159,160,167),(159,167,166),(160,161,168),(160,168,167),(162,163,93),(162,93,92),(163,164,94),(163,94,93),(164,165,95),(164,95,94),(165,166,96),(165,96,95),(166,167,97),(166,97,96),(167,168,98),(167,98,97),(1,8,169),(1,169,99),(8,15,170),(8,170,169),(15,22,171),(15,171,170),(22,29,172),(22,172,171),(29,36,173),(29,173,172),(36,43,134),(36,134,173),(99,169,174),(99,174,106),(169,170,175),(169,175,174),(170,171,176),(170,176,175),(171,172,177),(171,177,176),(172,173,178),(172,178,177),(173,134,141),(173,141,178),(106,174,179),(106,179,113),(174,175,180),(174,180,179),(175,176,181),(175,181,180),(176,177,182),(176,182,181),(177,178,183),(177,183,182),(178,141,148),(178,148,183),(113,179,184),(113,184,120),(179,180,185),(179,185,184),(180,181,186),(180,186,185),(181,182,187),(181,187,186),(182,183,188),(182,188,187),(183,148,155),(183,155,188),(120,184,189),(120,189,127),(184,185,190),(184,190,189),(185,186,191),(185,191,190),(186,187,192),(186,192,191),(187,188,193),(187,193,192),(188,155,162),(188,162,193),(127,189,57),(127,57,50),(189,190,64),(189,64,57),(190,191,71),(190,71,64),(191,192,78),(191,78,71),(192,193,85),(192,85,78),(193,162,92),(193,92,85),(194,14,7),(105,194,7),(195,21,14),(194,195,14),(196,28,21),(195,196,21),(197,35,28),(196,197,28),(198,42,35),(197,198,35),(140,49,42),(198,140,42),(199,194,105),(112,199,105),(200,195,194),(199,200,194),(201,196,195),(200,201,195),(202,197,196),(201,202,196),(203,198,197),(202,203,197),(147,140,198),(203,147,198),(204,199,112),(119,204,112),(205,200,199),(204,205,199),(206,201,200),(205,206,200),(207,202,201),(206,207,201),(208,203,202),(207,208,202),(154,147,203),(208,154,203),(209,204,119),(126,209,119),(210,205,204),(209,210,204),(211,206,205),(210,211,205),(212,207,206),(211,212,206),(213,208,207),(212,213,207),(161,154,208),(213,161,208),(214,209,126),(133,214,126),(215,210,209),(214,215,209),(216,211,210),(215,216,210),(217,212,211),(216,217,211),(218,213,212),(217,218,212),(168,161,213),(218,168,213),(63,214,133),(56,63,133),(70,215,214),(63,70,214),(77,216,215),(70,77,215),(84,217,216),(77,84,216),(91,218,217),(84,91,217),(98,168,218),(91,98,218)),$);
#883=IFCCARTESIANPOINTLIST3D(((1210.,1904.,430.),(1190.090091,1904.,428.103818),(1150.090091,1904.,848.103818),(1170.,1904.,850.),(1191.064541,1897.81966,428.196623),(1151.064541,1897.81966,848.196623),(1193.892545,1892.2443,428.465957),(1153.892545,1892.2443,848.465957),(1198.297254,1887.81966,428.885453),(1158.297254,1887.81966,848.885453),(1203.8475,1884.97886,429.414048),(1163.8475,1884.97886,849.414048),(1210.,1884.,430.),(1170.,1884.,850.),(1216.1525,1884.97886,430.585952),(1176.1525,1884.97886,850.585952),(1221.702746,1887.81966,431.114547),(1181.702746,1887.81966,851.114547),(1226.107455,1892.2443,431.534043),(1186.107455,1892.2443,851.534043),(1228.935459,1897.81966,431.803377),(1188.935459,1897.81966,851.803377),(1229.909909,1904.,431.896182),(1189.909909,1904.,851.896182),(1228.935459,1910.18034,431.803377),(1188.935459,1910.18034,851.803377),(1226.107455,1915.7557,431.534043),(1186.107455,1915.7557,851.534043),(1221.702746,1920.18034,431.114547),(1181.702746,1920.18034,851.114547),(1216.1525,1923.02114,430.585952),(1176.1525,1923.02114,850.585952),(1210.,1924.,430.),(1170.,1924.,850.),(1203.8475,1923.02114,429.414048),(1163.8475,1923.02114,849.414048),(1198.297254,1920.18034,428.885453),(1158.297254,1920.18034,848.885453),(1193.892545,1915.7557,428.465957),(1153.892545,1915.7557,848.465957),(1191.064541,1910.18034,428.196623),(1151.064541,1910.18034,848.196623)));
#884=IFCTRIANGULATEDFACESET(#883,$,.T.,((2,1,5),(2,5,3),(3,5,6),(3,6,4),(5,1,7),(5,7,6),(6,7,8),(6,8,4),(7,1,9),(7,9,8),(8,9,10),(8,10,4),(9,1,11),(9,11,10),(10,11,12),(10,12,4),(11,1,13),(11,13,12),(12,13,14),(12,14,4),(13,1,15),(13,15,14),(14,15,16),(14,16,4),(15,1,17),(15,17,16),(16,17,18),(16,18,4),(17,1,19),(17,19,18),(18,19,20),(18,20,4),(19,1,21),(19,21,20),(20,21,22),(20,22,4),(21,1,23),(21,23,22),(22,23,24),(22,24,4),(23,1,25),(23,25,24),(24,25,26),(24,26,4),(25,1,27),(25,27,26),(26,27,28),(26,28,4),(27,1,29),(27,29,28),(28,29,30),(28,30,4),(29,1,31),(29,31,30),(30,31,32),(30,32,4),(31,1,33),(31,33,32),(32,33,34),(32,34,4),(33,1,35),(33,35,34),(34,35,36),(34,36,4),(35,1,37),(35,37,36),(36,37,38),(36,38,4),(37,1,39),(37,39,38),(38,39,40),(38,40,4),(39,1,41),(39,41,40),(40,41,42),(40,42,4),(41,1,2),(41,2,42),(42,2,3),(42,3,4)),$);
#885=IFCCARTESIANPOINTLIST3D(((1210.,2304.,430.),(1190.090091,2304.,428.103818),(1150.090091,2304.,848.103818),(1170.,2304.,850.),(1191.064541,2297.81966,428.196623),(1151.064541,2297.81966,848.196623),(1193.892545,2292.2443,428.465957),(1153.892545,2292.2443,848.465957),(1198.297254,2287.81966,428.885453),(1158.297254,2287.81966,848.885453),(1203.8475,2284.97886,429.414048),(1163.8475,2284.97886,849.414048),(1210.,2284.,430.),(1170.,2284.,850.),(1216.1525,2284.97886,430.585952),(1176.1525,2284.97886,850.585952),(1221.702746,2287.81966,431.114547),(1181.702746,2287.81966,851.114547),(1226.107455,2292.2443,431.534043),(1186.107455,2292.2443,851.534043),(1228.935459,2297.81966,431.803377),(1188.935459,2297.81966,851.803377),(1229.909909,2304.,431.896182),(1189.909909,2304.,851.896182),(1228.935459,2310.18034,431.803377),(1188.935459,2310.18034,851.803377),(1226.107455,2315.7557,431.534043),(1186.107455,2315.7557,851.534043),(1221.702746,2320.18034,431.114547),(1181.702746,2320.18034,851.114547),(1216.1525,2323.02114,430.585952),(1176.1525,2323.02114,850.585952),(1210.,2324.,430.),(1170.,2324.,850.),(1203.8475,2323.02114,429.414048),(1163.8475,2323.02114,849.414048),(1198.297254,2320.18034,428.885453),(1158.297254,2320.18034,848.885453),(1193.892545,2315.7557,428.465957),(1153.892545,2315.7557,848.465957),(1191.064541,2310.18034,428.196623),(1151.064541,2310.18034,848.196623)));
#886=IFCTRIANGULATEDFACESET(#885,$,.T.,((2,1,5),(2,5,3),(3,5,6),(3,6,4),(5,1,7),(5,7,6),(6,7,8),(6,8,4),(7,1,9),(7,9,8),(8,9,10),(8,10,4),(9,1,11),(9,11,10),(10,11,12),(10,12,4),(11,1,13),(11,13,12),(12,13,14),(12,14,4),(13,1,15),(13,15,14),(14,15,16),(14,16,4),(15,1,17),(15,17,16),(16,17,18),(16,18,4),(17,1,19),(17,19,18),(18,19,20),(18,20,4),(19,1,21),(19,21,20),(20,21,22),(20,22,4),(21,1,23),(21,23,22),(22,23,24),(22,24,4),(23,1,25),(23,25,24),(24,25,26),(24,26,4),(25,1,27),(25,27,26),(26,27,28),(26,28,4),(27,1,29),(27,29,28),(28,29,30),(28,30,4),(29,1,31),(29,31,30),(30,31,32),(30,32,4),(31,1,33),(31,33,32),(32,33,34),(32,34,4),(33,1,35),(33,35,34),(34,35,36),(34,36,4),(35,1,37),(35,37,36),(36,37,38),(36,38,4),(37,1,39),(37,39,38),(38,39,40),(38,40,4),(39,1,41),(39,41,40),(40,41,42),(40,42,4),(41,1,2),(41,2,42),(42,2,3),(42,3,4)),$);
#887=IFCCARTESIANPOINTLIST3D(((1209.926,1866.574,622.574),(1213.786,1862.714,653.333),(1213.786,1862.714,696.667),(1213.786,1862.714,740.),(1213.786,1862.714,783.333),(1213.786,1862.714,826.667),(1209.926,1866.574,857.426),(1203.083,1864.023,620.023),(1206.554,1857.397,653.333),(1206.554,1857.397,696.667),(1206.554,1857.397,740.),(1206.554,1857.397,783.333),(1206.554,1857.397,826.667),(1203.083,1864.023,859.977),(1193.751,1862.725,618.725),(1194.165,1854.034,653.333),(1194.165,1854.034,696.667),(1194.165,1854.034,740.),(1194.165,1854.034,783.333),(1194.165,1854.034,826.667),(1193.751,1862.725,861.275),(1180.,1862.714,618.714),(1180.,1854.,653.333),(1180.,1854.,696.667),(1180.,1854.,740.),(1180.,1854.,783.333),(1180.,1854.,826.667),(1180.,1862.714,861.286),(1166.249,1862.725,618.725),(1165.835,1854.034,653.333),(1165.835,1854.034,696.667),(1165.835,1854.034,740.),(1165.835,1854.034,783.333),(1165.835,1854.034,826.667),(1166.249,1862.725,861.275),(1156.917,1864.023,620.023),(1153.446,1857.397,653.333),(1153.446,1857.397,696.667),(1153.446,1857.397,740.),(1153.446,1857.397,783.333),(1153.446,1857.397,826.667),(1156.917,1864.023,859.977),(1150.074,1866.574,622.574),(1146.214,1862.714,653.333),(1146.214,1862.714,696.667),(1146.214,1862.714,740.),(1146.214,1862.714,783.333),(1146.214,1862.714,826.667),(1150.074,1866.574,857.426),(1209.926,2341.426,622.574),(1213.786,2345.286,653.333),(1213.786,2345.286,696.667),(1213.786,2345.286,740.),(1213.786,2345.286,783.333),(1213.786,2345.286,826.667),(1209.926,2341.426,857.426),(1203.083,2343.977,620.023),(1206.554,2350.603,653.333),(1206.554,2350.603,696.667),(1206.554,2350.603,740.),(1206.554,2350.603,783.333),(1206.554,2350.603,826.667),(1203.083,2343.977,859.977),(1193.751,2345.275,618.725),(1194.165,2353.966,653.333),(1194.165,2353.966,696.667),(1194.165,2353.966,740.),(1194.165,2353.966,783.333),(1194.165,2353.966,826.667),(1193.751,2345.275,861.275),(1180.,2345.286,618.714),(1180.,2354.,653.333),(1180.,2354.,696.667),(1180.,2354.,740.),(1180.,2354.,783.333),(1180.,2354.,826.667),(1180.,2345.286,861.286),(1166.249,2345.275,618.725),(1165.835,2353.966,653.333),(1165.835,2353.966,696.667),(1165.835,2353.966,740.),(1165.835,2353.966,783.333),(1165.835,2353.966,826.667),(1166.249,2345.275,861.275),(1156.917,2343.977,620.023),(1153.446,2350.603,653.333),(1153.446,2350.603,696.667),(1153.446,2350.603,740.),(1153.446,2350.603,783.333),(1153.446,2350.603,826.667),(1156.917,2343.977,859.977),(1150.074,2341.426,622.574),(1146.214,2345.286,653.333),(1146.214,2345.286,696.667),(1146.214,2345.286,740.),(1146.214,2345.286,783.333),(1146.214,2345.286,826.667),(1150.074,2341.426,857.426),(1213.786,1937.333,618.714),(1222.5,1937.333,653.333),(1222.5,1937.333,696.667),(1222.5,1937.333,740.),(1222.5,1937.333,783.333),(1222.5,1937.333,826.667),(1213.786,1937.333,861.286),(1213.786,2020.667,618.714),(1222.5,2020.667,653.333),(1222.5,2020.667,696.667),(1222.5,2020.667,740.),(1222.5,2020.667,783.333),(1222.5,2020.667,826.667),(1213.786,2020.667,861.286),(1213.786,2104.,618.714),(1222.5,2104.,653.333),(1222.5,2104.,696.667),(1222.5,2104.,740.),(1222.5,2104.,783.333),(1222.5,2104.,826.667),(1213.786,2104.,861.286),(1213.786,2187.333,618.714),(1222.5,2187.333,653.333),(1222.5,2187.333,696.667),(1222.5,2187.333,740.),(1222.5,2187.333,783.333),(1222.5,2187.333,826.667),(1213.786,2187.333,861.286),(1213.786,2270.667,618.714),(1222.5,2270.667,653.333),(1222.5,2270.667,696.667),(1222.5,2270.667,740.),(1222.5,2270.667,783.333),(1222.5,2270.667,826.667),(1213.786,2270.667,861.286),(1146.214,1937.333,618.714),(1137.5,1937.333,653.333),(1137.5,1937.333,696.667),(1137.5,1937.333,740.),(1137.5,1937.333,783.333),(1137.5,1937.333,826.667),(1146.214,1937.333,861.286),(1146.214,2020.667,618.714),(1137.5,2020.667,653.333),(1137.5,2020.667,696.667),(1137.5,2020.667,740.),(1137.5,2020.667,783.333),(1137.5,2020.667,826.667),(1146.214,2020.667,861.286),(1146.214,2104.,618.714),(1137.5,2104.,653.333),(1137.5,2104.,696.667),(1137.5,2104.,740.),(1137.5,2104.,783.333),(1137.5,2104.,826.667),(1146.214,2104.,861.286),(1146.214,2187.333,618.714),(1137.5,2187.333,653.333),(1137.5,2187.333,696.667),(1137.5,2187.333,740.),(1137.5,2187.333,783.333),(1137.5,2187.333,826.667),(1146.214,2187.333,861.286),(1146.214,2270.667,618.714),(1137.5,2270.667,653.333),(1137.5,2270.667,696.667),(1137.5,2270.667,740.),(1137.5,2270.667,783.333),(1137.5,2270.667,826.667),(1146.214,2270.667,861.286),(1206.554,1937.333,613.397),(1194.165,1937.333,610.034),(1180.,1937.333,610.),(1165.835,1937.333,610.034),(1153.446,1937.333,613.397),(1206.554,2020.667,613.397),(1194.165,2020.667,610.034),(1180.,2020.667,610.),(1165.835,2020.667,610.034),(1153.446,2020.667,613.397),(1206.554,2104.,613.397),(1194.165,2104.,610.034),(1180.,2104.,610.),(1165.835,2104.,610.034),(1153.446,2104.,613.397),(1206.554,2187.333,613.397),(1194.165,2187.333,610.034),(1180.,2187.333,610.),(1165.835,2187.333,610.034),(1153.446,2187.333,613.397),(1206.554,2270.667,613.397),(1194.165,2270.667,610.034),(1180.,2270.667,610.),(1165.835,2270.667,610.034),(1153.446,2270.667,613.397),(1206.554,1937.333,866.603),(1194.165,1937.333,869.966),(1180.,1937.333,870.),(1165.835,1937.333,869.966),(1153.446,1937.333,866.603),(1206.554,2020.667,866.603),(1194.165,2020.667,869.966),(1180.,2020.667,870.),(1165.835,2020.667,869.966),(1153.446,2020.667,866.603),(1206.554,2104.,866.603),(1194.165,2104.,869.966),(1180.,2104.,870.),(1165.835,2104.,869.966),(1153.446,2104.,866.603),(1206.554,2187.333,866.603),(1194.165,2187.333,869.966),(1180.,2187.333,870.),(1165.835,2187.333,869.966),(1153.446,2187.333,866.603),(1206.554,2270.667,866.603),(1194.165,2270.667,869.966),(1180.,2270.667,870.),(1165.835,2270.667,869.966),(1153.446,2270.667,866.603)));
#888=IFCTRIANGULATEDFACESET(#887,$,.T.,((1,2,9),(1,9,8),(2,3,10),(2,10,9),(3,4,11),(3,11,10),(4,5,12),(4,12,11),(5,6,13),(5,13,12),(6,7,14),(6,14,13),(8,9,16),(8,16,15),(9,10,17),(9,17,16),(10,11,18),(10,18,17),(11,12,19),(11,19,18),(12,13,20),(12,20,19),(13,14,21),(13,21,20),(15,16,23),(15,23,22),(16,17,24),(16,24,23),(17,18,25),(17,25,24),(18,19,26),(18,26,25),(19,20,27),(19,27,26),(20,21,28),(20,28,27),(22,23,30),(22,30,29),(23,24,31),(23,31,30),(24,25,32),(24,32,31),(25,26,33),(25,33,32),(26,27,34),(26,34,33),(27,28,35),(27,35,34),(29,30,37),(29,37,36),(30,31,38),(30,38,37),(31,32,39),(31,39,38),(32,33,40),(32,40,39),(33,34,41),(33,41,40),(34,35,42),(34,42,41),(36,37,44),(36,44,43),(37,38,45),(37,45,44),(38,39,46),(38,46,45),(39,40,47),(39,47,46),(40,41,48),(40,48,47),(41,42,49),(41,49,48),(58,51,50),(57,58,50),(59,52,51),(58,59,51),(60,53,52),(59,60,52),(61,54,53),(60,61,53),(62,55,54),(61,62,54),(63,56,55),(62,63,55),(65,58,57),(64,65,57),(66,59,58),(65,66,58),(67,60,59),(66,67,59),(68,61,60),(67,68,60),(69,62,61),(68,69,61),(70,63,62),(69,70,62),(72,65,64),(71,72,64),(73,66,65),(72,73,65),(74,67,66),(73,74,66),(75,68,67),(74,75,67),(76,69,68),(75,76,68),(77,70,69),(76,77,69),(79,72,71),(78,79,71),(80,73,72),(79,80,72),(81,74,73),(80,81,73),(82,75,74),(81,82,74),(83,76,75),(82,83,75),(84,77,76),(83,84,76),(86,79,78),(85,86,78),(87,80,79),(86,87,79),(88,81,80),(87,88,80),(89,82,81),(88,89,81),(90,83,82),(89,90,82),(91,84,83),(90,91,83),(93,86,85),(92,93,85),(94,87,86),(93,94,86),(95,88,87),(94,95,87),(96,89,88),(95,96,88),(97,90,89),(96,97,89),(98,91,90),(97,98,90),(100,2,1),(99,100,1),(101,3,2),(100,101,2),(102,4,3),(101,102,3),(103,5,4),(102,103,4),(104,6,5),(103,104,5),(105,7,6),(104,105,6),(107,100,99),(106,107,99),(108,101,100),(107,108,100),(109,102,101),(108,109,101),(110,103,102),(109,110,102),(111,104,103),(110,111,103),(112,105,104),(111,112,104),(114,107,106),(113,114,106),(115,108,107),(114,115,107),(116,109,108),(115,116,108),(117,110,109),(116,117,109),(118,111,110),(117,118,110),(119,112,111),(118,119,111),(121,114,113),(120,121,113),(122,115,114),(121,122,114),(123,116,115),(122,123,115),(124,117,116),(123,124,116),(125,118,117),(124,125,117),(126,119,118),(125,126,118),(128,121,120),(127,128,120),(129,122,121),(128,129,121),(130,123,122),(129,130,122),(131,124,123),(130,131,123),(132,125,124),(131,132,124),(133,126,125),(132,133,125),(51,128,127),(50,51,127),(52,129,128),(51,52,128),(53,130,129),(52,53,129),(54,131,130),(53,54,130),(55,132,131),(54,55,131),(56,133,132),(55,56,132),(43,44,135),(43,135,134),(44,45,136),(44,136,135),(45,46,137),(45,137,136),(46,47,138),(46,138,137),(47,48,139),(47,139,138),(48,49,140),(48,140,139),(134,135,142),(134,142,141),(135,136,143),(135,143,142),(136,137,144),(136,144,143),(137,138,145),(137,145,144),(138,139,146),(138,146,145),(139,140,147),(139,147,146),(141,142,149),(141,149,148),(142,143,150),(142,150,149),(143,144,151),(143,151,150),(144,145,152),(144,152,151),(145,146,153),(145,153,152),(146,147,154),(146,154,153),(148,149,156),(148,156,155),(149,150,157),(149,157,156),(150,151,158),(150,158,157),(151,152,159),(151,159,158),(152,153,160),(152,160,159),(153,154,161),(153,161,160),(155,156,163),(155,163,162),(156,157,164),(156,164,163),(157,158,165),(157,165,164),(158,159,166),(158,166,165),(159,160,167),(159,167,166),(160,161,168),(160,168,167),(162,163,93),(162,93,92),(163,164,94),(163,94,93),(164,165,95),(164,95,94),(165,166,96),(165,96,95),(166,167,97),(166,97,96),(167,168,98),(167,98,97),(1,8,169),(1,169,99),(8,15,170),(8,170,169),(15,22,171),(15,171,170),(22,29,172),(22,172,171),(29,36,173),(29,173,172),(36,43,134),(36,134,173),(99,169,174),(99,174,106),(169,170,175),(169,175,174),(170,171,176),(170,176,175),(171,172,177),(171,177,176),(172,173,178),(172,178,177),(173,134,141),(173,141,178),(106,174,179),(106,179,113),(174,175,180),(174,180,179),(175,176,181),(175,181,180),(176,177,182),(176,182,181),(177,178,183),(177,183,182),(178,141,148),(178,148,183),(113,179,184),(113,184,120),(179,180,185),(179,185,184),(180,181,186),(180,186,185),(181,182,187),(181,187,186),(182,183,188),(182,188,187),(183,148,155),(183,155,188),(120,184,189),(120,189,127),(184,185,190),(184,190,189),(185,186,191),(185,191,190),(186,187,192),(186,192,191),(187,188,193),(187,193,192),(188,155,162),(188,162,193),(127,189,57),(127,57,50),(189,190,64),(189,64,57),(190,191,71),(190,71,64),(191,192,78),(191,78,71),(192,193,85),(192,85,78),(193,162,92),(193,92,85),(194,14,7),(105,194,7),(195,21,14),(194,195,14),(196,28,21),(195,196,21),(197,35,28),(196,197,28),(198,42,35),(197,198,35),(140,49,42),(198,140,42),(199,194,105),(112,199,105),(200,195,194),(199,200,194),(201,196,195),(200,201,195),(202,197,196),(201,202,196),(203,198,197),(202,203,197),(147,140,198),(203,147,198),(204,199,112),(119,204,112),(205,200,199),(204,205,199),(206,201,200),(205,206,200),(207,202,201),(206,207,201),(208,203,202),(207,208,202),(154,147,203),(208,154,203),(209,204,119),(126,209,119),(210,205,204),(209,210,204),(211,206,205),(210,211,205),(212,207,206),(211,212,206),(213,208,207),(212,213,207),(161,154,208),(213,161,208),(214,209,126),(133,214,126),(215,210,209),(214,215,209),(216,211,210),(215,216,210),(217,212,211),(216,217,211),(218,213,212),(217,218,212),(168,161,213),(218,168,213),(63,214,133),(56,63,133),(70,215,214),(63,70,214),(77,216,215),(70,77,215),(84,217,216),(77,84,216),(91,218,217),(84,91,217),(98,168,218),(91,98,218)),$);
#889=IFCCARTESIANPOINTLIST3D(((2560.,2304.,40.),(2574.411915,2288.829563,38.223892),(2597.211915,2264.829563,428.223892),(2582.8,2280.,430.),(2578.411333,2294.041591,38.31082),(2601.211333,2270.041591,428.31082),(2580.608504,2300.228427,38.563098),(2603.408504,2276.228427,428.563098),(2580.788382,2306.784455,38.95603),(2603.588382,2282.784455,428.95603),(2578.933358,2313.067917,39.451152),(2601.733358,2289.067917,429.451152),(2575.224988,2318.463739,40.),(2598.024988,2294.463739,430.),(2570.026305,2322.443763,40.548848),(2592.826305,2298.443763,430.548848),(2563.846167,2324.618366,41.04397),(2586.646167,2300.618366,431.04397),(2557.289535,2324.77471,41.436902),(2580.089535,2300.77471,431.436902),(2550.998228,2322.897491,41.68918),(2573.798228,2298.897491,431.68918),(2545.588085,2319.170437,41.776108),(2568.388085,2295.170437,431.776108),(2541.588667,2313.958409,41.68918),(2564.388667,2289.958409,431.68918),(2539.391496,2307.771573,41.436902),(2562.191496,2283.771573,431.436902),(2539.211618,2301.215545,41.04397),(2562.011618,2277.215545,431.04397),(2541.066642,2294.932083,40.548848),(2563.866642,2270.932083,430.548848),(2544.775012,2289.536261,40.),(2567.575012,2265.536261,430.),(2549.973695,2285.556237,39.451152),(2572.773695,2261.556237,429.451152),(2556.153833,2283.381634,38.95603),(2578.953833,2259.381634,428.95603),(2562.710465,2283.22529,38.563098),(2585.510465,2259.22529,428.563098),(2569.001772,2285.102509,38.31082),(2591.801772,2261.102509,428.31082)));
#890=IFCTRIANGULATEDFACESET(#889,$,.T.,((2,1,5),(2,5,3),(3,5,6),(3,6,4),(5,1,7),(5,7,6),(6,7,8),(6,8,4),(7,1,9),(7,9,8),(8,9,10),(8,10,4),(9,1,11),(9,11,10),(10,11,12),(10,12,4),(11,1,13),(11,13,12),(12,13,14),(12,14,4),(13,1,15),(13,15,14),(14,15,16),(14,16,4),(15,1,17),(15,17,16),(16,17,18),(16,18,4),(17,1,19),(17,19,18),(18,19,20),(18,20,4),(19,1,21),(19,21,20),(20,21,22),(20,22,4),(21,1,23),(21,23,22),(22,23,24),(22,24,4),(23,1,25),(23,25,24),(24,25,26),(24,26,4),(25,1,27),(25,27,26),(26,27,28),(26,28,4),(27,1,29),(27,29,28),(28,29,30),(28,30,4),(29,1,31),(29,31,30),(30,31,32),(30,32,4),(31,1,33),(31,33,32),(32,33,34),(32,34,4),(33,1,35),(33,35,34),(34,35,36),(34,36,4),(35,1,37),(35,37,36),(36,37,38),(36,38,4),(37,1,39),(37,39,38),(38,39,40),(38,40,4),(39,1,41),(39,41,40),(40,41,42),(40,42,4),(41,1,2),(41,2,42),(42,2,3),(42,3,4)),$);
#891=IFCCARTESIANPOINTLIST3D(((2940.,2304.,40.),(2925.588085,2288.829563,38.223892),(2902.788085,2264.829563,428.223892),(2917.2,2280.,430.),(2930.998228,2285.102509,38.31082),(2908.198228,2261.102509,428.31082),(2937.289535,2283.22529,38.563098),(2914.489535,2259.22529,428.563098),(2943.846167,2283.381634,38.95603),(2921.046167,2259.381634,428.95603),(2950.026305,2285.556237,39.451152),(2927.226305,2261.556237,429.451152),(2955.224988,2289.536261,40.),(2932.424988,2265.536261,430.),(2958.933358,2294.932083,40.548848),(2936.133358,2270.932083,430.548848),(2960.788382,2301.215545,41.04397),(2937.988382,2277.215545,431.04397),(2960.608504,2307.771573,41.436902),(2937.808504,2283.771573,431.436902),(2958.411333,2313.958409,41.68918),(2935.611333,2289.958409,431.68918),(2954.411915,2319.170437,41.776108),(2931.611915,2295.170437,431.776108),(2949.001772,2322.897491,41.68918),(2926.201772,2298.897491,431.68918),(2942.710465,2324.77471,41.436902),(2919.910465,2300.77471,431.436902),(2936.153833,2324.618366,41.04397),(2913.353833,2300.618366,431.04397),(2929.973695,2322.443763,40.548848),(2907.173695,2298.443763,430.548848),(2924.775012,2318.463739,40.),(2901.975012,2294.463739,430.),(2921.066642,2313.067917,39.451152),(2898.266642,2289.067917,429.451152),(2919.211618,2306.784455,38.95603),(2896.411618,2282.784455,428.95603),(2919.391496,2300.228427,38.563098),(2896.591496,2276.228427,428.563098),(2921.588667,2294.041591,38.31082),(2898.788667,2270.041591,428.31082)));
#892=IFCTRIANGULATEDFACESET(#891,$,.T.,((2,1,5),(2,5,3),(3,5,6),(3,6,4),(5,1,7),(5,7,6),(6,7,8),(6,8,4),(7,1,9),(7,9,8),(8,9,10),(8,10,4),(9,1,11),(9,11,10),(10,11,12),(10,12,4),(11,1,13),(11,13,12),(12,13,14),(12,14,4),(13,1,15),(13,15,14),(14,15,16),(14,16,4),(15,1,17),(15,17,16),(16,17,18),(16,18,4),(17,1,19),(17,19,18),(18,19,20),(18,20,4),(19,1,21),(19,21,20),(20,21,22),(20,22,4),(21,1,23),(21,23,22),(22,23,24),(22,24,4),(23,1,25),(23,25,24),(24,25,26),(24,26,4),(25,1,27),(25,27,26),(26,27,28),(26,28,4),(27,1,29),(27,29,28),(28,29,30),(28,30,4),(29,1,31),(29,31,30),(30,31,32),(30,32,4),(31,1,33),(31,33,32),(32,33,34),(32,34,4),(33,1,35),(33,35,34),(34,35,36),(34,36,4),(35,1,37),(35,37,36),(36,37,38),(36,38,4),(37,1,39),(37,39,38),(38,39,40),(38,40,4),(39,1,41),(39,41,40),(40,41,42),(40,42,4),(41,1,2),(41,2,42),(42,2,3),(42,3,4)),$);
#893=IFCCARTESIANPOINTLIST3D(((2560.,1904.,40.),(2574.411915,1919.170437,38.223892),(2597.211915,1943.170437,428.223892),(2582.8,1928.,430.),(2569.001772,1922.897491,38.31082),(2591.801772,1946.897491,428.31082),(2562.710465,1924.77471,38.563098),(2585.510465,1948.77471,428.563098),(2556.153833,1924.618366,38.95603),(2578.953833,1948.618366,428.95603),(2549.973695,1922.443763,39.451152),(2572.773695,1946.443763,429.451152),(2544.775012,1918.463739,40.),(2567.575012,1942.463739,430.),(2541.066642,1913.067917,40.548848),(2563.866642,1937.067917,430.548848),(2539.211618,1906.784455,41.04397),(2562.011618,1930.784455,431.04397),(2539.391496,1900.228427,41.436902),(2562.191496,1924.228427,431.436902),(2541.588667,1894.041591,41.68918),(2564.388667,1918.041591,431.68918),(2545.588085,1888.829563,41.776108),(2568.388085,1912.829563,431.776108),(2550.998228,1885.102509,41.68918),(2573.798228,1909.102509,431.68918),(2557.289535,1883.22529,41.436902),(2580.089535,1907.22529,431.436902),(2563.846167,1883.381634,41.04397),(2586.646167,1907.381634,431.04397),(2570.026305,1885.556237,40.548848),(2592.826305,1909.556237,430.548848),(2575.224988,1889.536261,40.),(2598.024988,1913.536261,430.),(2578.933358,1894.932083,39.451152),(2601.733358,1918.932083,429.451152),(2580.788382,1901.215545,38.95603),(2603.588382,1925.215545,428.95603),(2580.608504,1907.771573,38.563098),(2603.408504,1931.771573,428.563098),(2578.411333,1913.958409,38.31082),(2601.211333,1937.958409,428.31082)));
#894=IFCTRIANGULATEDFACESET(#893,$,.T.,((2,1,5),(2,5,3),(3,5,6),(3,6,4),(5,1,7),(5,7,6),(6,7,8),(6,8,4),(7,1,9),(7,9,8),(8,9,10),(8,10,4),(9,1,11),(9,11,10),(10,11,12),(10,12,4),(11,1,13),(11,13,12),(12,13,14),(12,14,4),(13,1,15),(13,15,14),(14,15,16),(14,16,4),(15,1,17),(15,17,16),(16,17,18),(16,18,4),(17,1,19),(17,19,18),(18,19,20),(18,20,4),(19,1,21),(19,21,20),(20,21,22),(20,22,4),(21,1,23),(21,23,22),(22,23,24),(22,24,4),(23,1,25),(23,25,24),(24,25,26),(24,26,4),(25,1,27),(25,27,26),(26,27,28),(26,28,4),(27,1,29),(27,29,28),(28,29,30),(28,30,4),(29,1,31),(29,31,30),(30,31,32),(30,32,4),(31,1,33),(31,33,32),(32,33,34),(32,34,4),(33,1,35),(33,35,34),(34,35,36),(34,36,4),(35,1,37),(35,37,36),(36,37,38),(36,38,4),(37,1,39),(37,39,38),(38,39,40),(38,40,4),(39,1,41),(39,41,40),(40,41,42),(40,42,4),(41,1,2),(41,2,42),(42,2,3),(42,3,4)),$);
#895=IFCCARTESIANPOINTLIST3D(((2940.,1904.,40.),(2925.588085,1919.170437,38.223892),(2902.788085,1943.170437,428.223892),(2917.2,1928.,430.),(2921.588667,1913.958409,38.31082),(2898.788667,1937.958409,428.31082),(2919.391496,1907.771573,38.563098),(2896.591496,1931.771573,428.563098),(2919.211618,1901.215545,38.95603),(2896.411618,1925.215545,428.95603),(2921.066642,1894.932083,39.451152),(2898.266642,1918.932083,429.451152),(2924.775012,1889.536261,40.),(2901.975012,1913.536261,430.),(2929.973695,1885.556237,40.548848),(2907.173695,1909.556237,430.548848),(2936.153833,1883.381634,41.04397),(2913.353833,1907.381634,431.04397),(2942.710465,1883.22529,41.436902),(2919.910465,1907.22529,431.436902),(2949.001772,1885.102509,41.68918),(2926.201772,1909.102509,431.68918),(2954.411915,1888.829563,41.776108),(2931.611915,1912.829563,431.776108),(2958.411333,1894.041591,41.68918),(2935.611333,1918.041591,431.68918),(2960.608504,1900.228427,41.436902),(2937.808504,1924.228427,431.436902),(2960.788382,1906.784455,41.04397),(2937.988382,1930.784455,431.04397),(2958.933358,1913.067917,40.548848),(2936.133358,1937.067917,430.548848),(2955.224988,1918.463739,40.),(2932.424988,1942.463739,430.),(2950.026305,1922.443763,39.451152),(2927.226305,1946.443763,429.451152),(2943.846167,1924.618366,38.95603),(2921.046167,1948.618366,428.95603),(2937.289535,1924.77471,38.563098),(2914.489535,1948.77471,428.563098),(2930.998228,1922.897491,38.31082),(2908.198228,1946.897491,428.31082)));
#896=IFCTRIANGULATEDFACESET(#895,$,.T.,((2,1,5),(2,5,3),(3,5,6),(3,6,4),(5,1,7),(5,7,6),(6,7,8),(6,8,4),(7,1,9),(7,9,8),(8,9,10),(8,10,4),(9,1,11),(9,11,10),(10,11,12),(10,12,4),(11,1,13),(11,13,12),(12,13,14),(12,14,4),(13,1,15),(13,15,14),(14,15,16),(14,16,4),(15,1,17),(15,17,16),(16,17,18),(16,18,4),(17,1,19),(17,19,18),(18,19,20),(18,20,4),(19,1,21),(19,21,20),(20,21,22),(20,22,4),(21,1,23),(21,23,22),(22,23,24),(22,24,4),(23,1,25),(23,25,24),(24,25,26),(24,26,4),(25,1,27),(25,27,26),(26,27,28),(26,28,4),(27,1,29),(27,29,28),(28,29,30),(28,30,4),(29,1,31),(29,31,30),(30,31,32),(30,32,4),(31,1,33),(31,33,32),(32,33,34),(32,34,4),(33,1,35),(33,35,34),(34,35,36),(34,36,4),(35,1,37),(35,37,36),(36,37,38),(36,38,4),(37,1,39),(37,39,38),(38,39,40),(38,40,4),(39,1,41),(39,41,40),(40,41,42),(40,42,4),(41,1,2),(41,2,42),(42,2,3),(42,3,4)),$);
#897=IFCCARTESIANPOINTLIST3D(((2518.313,2330.687,428.313),(2515.613,2333.387,435.559),(2514.239,2334.761,445.44),(2514.226,2334.774,460.),(2514.239,2334.761,474.56),(2515.613,2333.387,484.441),(2518.313,2330.687,491.687),(2586.667,2334.774,424.226),(2586.667,2340.404,431.884),(2586.667,2343.964,445.002),(2586.667,2344.,460.),(2586.667,2343.964,474.998),(2586.667,2340.404,488.116),(2586.667,2334.774,495.774),(2668.333,2334.774,424.226),(2668.333,2340.404,431.884),(2668.333,2343.964,445.002),(2668.333,2344.,460.),(2668.333,2343.964,474.998),(2668.333,2340.404,488.116),(2668.333,2334.774,495.774),(2750.,2334.774,424.226),(2750.,2340.404,431.884),(2750.,2343.964,445.002),(2750.,2344.,460.),(2750.,2343.964,474.998),(2750.,2340.404,488.116),(2750.,2334.774,495.774),(2831.667,2334.774,424.226),(2831.667,2340.404,431.884),(2831.667,2343.964,445.002),(2831.667,2344.,460.),(2831.667,2343.964,474.998),(2831.667,2340.404,488.116),(2831.667,2334.774,495.774),(2913.333,2334.774,424.226),(2913.333,2340.404,431.884),(2913.333,2343.964,445.002),(2913.333,2344.,460.),(2913.333,2343.964,474.998),(2913.333,2340.404,488.116),(2913.333,2334.774,495.774),(2981.687,2330.687,428.313),(2984.387,2333.387,435.559),(2985.761,2334.761,445.44),(2985.774,2334.774,460.),(2985.761,2334.761,474.56),(2984.387,2333.387,484.441),(2981.687,2330.687,491.687),(2518.313,1877.313,428.313),(2515.613,1874.613,435.559),(2514.239,1873.239,445.44),(2514.226,1873.226,460.),(2514.239,1873.239,474.56),(2515.613,1874.613,484.441),(2518.313,1877.313,491.687),(2586.667,1873.226,424.226),(2586.667,1867.596,431.884),(2586.667,1864.036,445.002),(2586.667,1864.,460.),(2586.667,1864.036,474.998),(2586.667,1867.596,488.116),(2586.667,1873.226,495.774),(2668.333,1873.226,424.226),(2668.333,1867.596,431.884),(2668.333,1864.036,445.002),(2668.333,1864.,460.),(2668.333,1864.036,474.998),(2668.333,1867.596,488.116),(2668.333,1873.226,495.774),(2750.,1873.226,424.226),(2750.,1867.596,431.884),(2750.,1864.036,445.002),(2750.,1864.,460.),(2750.,1864.036,474.998),(2750.,1867.596,488.116),(2750.,1873.226,495.774),(2831.667,1873.226,424.226),(2831.667,1867.596,431.884),(2831.667,1864.036,445.002),(2831.667,1864.,460.),(2831.667,1864.036,474.998),(2831.667,1867.596,488.116),(2831.667,1873.226,495.774),(2913.333,1873.226,424.226),(2913.333,1867.596,431.884),(2913.333,1864.036,445.002),(2913.333,1864.,460.),(2913.333,1864.036,474.998),(2913.333,1867.596,488.116),(2913.333,1873.226,495.774),(2981.687,1877.313,428.313),(2984.387,1874.613,435.559),(2985.761,1873.239,445.44),(2985.774,1873.226,460.),(2985.761,1873.239,474.56),(2984.387,1874.613,484.441),(2981.687,1877.313,491.687),(2514.226,2264.,424.226),(2508.596,2264.,431.884),(2505.036,2264.,445.002),(2505.,2264.,460.),(2505.036,2264.,474.998),(2508.596,2264.,488.116),(2514.226,2264.,495.774),(2514.226,2184.,424.226),(2508.596,2184.,431.884),(2505.036,2184.,445.002),(2505.,2184.,460.),(2505.036,2184.,474.998),(2508.596,2184.,488.116),(2514.226,2184.,495.774),(2514.226,2104.,424.226),(2508.596,2104.,431.884),(2505.036,2104.,445.002),(2505.,2104.,460.),(2505.036,2104.,474.998),(2508.596,2104.,488.116),(2514.226,2104.,495.774),(2514.226,2024.,424.226),(2508.596,2024.,431.884),(2505.036,2024.,445.002),(2505.,2024.,460.),(2505.036,2024.,474.998),(2508.596,2024.,488.116),(2514.226,2024.,495.774),(2514.226,1944.,424.226),(2508.596,1944.,431.884),(2505.036,1944.,445.002),(2505.,1944.,460.),(2505.036,1944.,474.998),(2508.596,1944.,488.116),(2514.226,1944.,495.774),(2985.774,2264.,424.226),(2991.404,2264.,431.884),(2994.964,2264.,445.002),(2995.,2264.,460.),(2994.964,2264.,474.998),(2991.404,2264.,488.116),(2985.774,2264.,495.774),(2985.774,2184.,424.226),(2991.404,2184.,431.884),(2994.964,2184.,445.002),(2995.,2184.,460.),(2994.964,2184.,474.998),(2991.404,2184.,488.116),(2985.774,2184.,495.774),(2985.774,2104.,424.226),(2991.404,2104.,431.884),(2994.964,2104.,445.002),(2995.,2104.,460.),(2994.964,2104.,474.998),(2991.404,2104.,488.116),(2985.774,2104.,495.774),(2985.774,2024.,424.226),(2991.404,2024.,431.884),(2994.964,2024.,445.002),(2995.,2024.,460.),(2994.964,2024.,474.998),(2991.404,2024.,488.116),(2985.774,2024.,495.774),(2985.774,1944.,424.226),(2991.404,1944.,431.884),(2994.964,1944.,445.002),(2995.,1944.,460.),(2994.964,1944.,474.998),(2991.404,1944.,488.116),(2985.774,1944.,495.774),(2586.667,2264.,415.),(2668.333,2264.,415.),(2750.,2264.,415.),(2831.667,2264.,415.),(2913.333,2264.,415.),(2586.667,2184.,415.),(2668.333,2184.,415.),(2750.,2184.,415.),(2831.667,2184.,415.),(2913.333,2184.,415.),(2586.667,2104.,415.),(2668.333,2104.,415.),(2750.,2104.,415.),(2831.667,2104.,415.),(2913.333,2104.,415.),(2586.667,2024.,415.),(2668.333,2024.,415.),(2750.,2024.,415.),(2831.667,2024.,415.),(2913.333,2024.,415.),(2586.667,1944.,415.),(2668.333,1944.,415.),(2750.,1944.,415.),(2831.667,1944.,415.),(2913.333,1944.,415.),(2586.667,2264.,505.),(2668.333,2264.,505.),(2750.,2264.,505.),(2831.667,2264.,505.),(2913.333,2264.,505.),(2586.667,2184.,505.),(2668.333,2184.,505.),(2750.,2184.,505.),(2831.667,2184.,505.),(2913.333,2184.,505.),(2586.667,2104.,505.),(2668.333,2104.,505.),(2750.,2104.,505.),(2831.667,2104.,505.),(2913.333,2104.,505.),(2586.667,2024.,505.),(2668.333,2024.,505.),(2750.,2024.,505.),(2831.667,2024.,505.),(2913.333,2024.,505.),(2586.667,1944.,505.),(2668.333,1944.,505.),(2750.,1944.,505.),(2831.667,1944.,505.),(2913.333,1944.,505.)));
#898=IFCTRIANGULATEDFACESET(#897,$,.T.,((1,2,9),(1,9,8),(2,3,10),(2,10,9),(3,4,11),(3,11,10),(4,5,12),(4,12,11),(5,6,13),(5,13,12),(6,7,14),(6,14,13),(8,9,16),(8,16,15),(9,10,17),(9,17,16),(10,11,18),(10,18,17),(11,12,19),(11,19,18),(12,13,20),(12,20,19),(13,14,21),(13,21,20),(15,16,23),(15,23,22),(16,17,24),(16,24,23),(17,18,25),(17,25,24),(18,19,26),(18,26,25),(19,20,27),(19,27,26),(20,21,28),(20,28,27),(22,23,30),(22,30,29),(23,24,31),(23,31,30),(24,25,32),(24,32,31),(25,26,33),(25,33,32),(26,27,34),(26,34,33),(27,28,35),(27,35,34),(29,30,37),(29,37,36),(30,31,38),(30,38,37),(31,32,39),(31,39,38),(32,33,40),(32,40,39),(33,34,41),(33,41,40),(34,35,42),(34,42,41),(36,37,44),(36,44,43),(37,38,45),(37,45,44),(38,39,46),(38,46,45),(39,40,47),(39,47,46),(40,41,48),(40,48,47),(41,42,49),(41,49,48),(58,51,50),(57,58,50),(59,52,51),(58,59,51),(60,53,52),(59,60,52),(61,54,53),(60,61,53),(62,55,54),(61,62,54),(63,56,55),(62,63,55),(65,58,57),(64,65,57),(66,59,58),(65,66,58),(67,60,59),(66,67,59),(68,61,60),(67,68,60),(69,62,61),(68,69,61),(70,63,62),(69,70,62),(72,65,64),(71,72,64),(73,66,65),(72,73,65),(74,67,66),(73,74,66),(75,68,67),(74,75,67),(76,69,68),(75,76,68),(77,70,69),(76,77,69),(79,72,71),(78,79,71),(80,73,72),(79,80,72),(81,74,73),(80,81,73),(82,75,74),(81,82,74),(83,76,75),(82,83,75),(84,77,76),(83,84,76),(86,79,78),(85,86,78),(87,80,79),(86,87,79),(88,81,80),(87,88,80),(89,82,81),(88,89,81),(90,83,82),(89,90,82),(91,84,83),(90,91,83),(93,86,85),(92,93,85),(94,87,86),(93,94,86),(95,88,87),(94,95,87),(96,89,88),(95,96,88),(97,90,89),(96,97,89),(98,91,90),(97,98,90),(100,2,1),(99,100,1),(101,3,2),(100,101,2),(102,4,3),(101,102,3),(103,5,4),(102,103,4),(104,6,5),(103,104,5),(105,7,6),(104,105,6),(107,100,99),(106,107,99),(108,101,100),(107,108,100),(109,102,101),(108,109,101),(110,103,102),(109,110,102),(111,104,103),(110,111,103),(112,105,104),(111,112,104),(114,107,106),(113,114,106),(115,108,107),(114,115,107),(116,109,108),(115,116,108),(117,110,109),(116,117,109),(118,111,110),(117,118,110),(119,112,111),(118,119,111),(121,114,113),(120,121,113),(122,115,114),(121,122,114),(123,116,115),(122,123,115),(124,117,116),(123,124,116),(125,118,117),(124,125,117),(126,119,118),(125,126,118),(128,121,120),(127,128,120),(129,122,121),(128,129,121),(130,123,122),(129,130,122),(131,124,123),(130,131,123),(132,125,124),(131,132,124),(133,126,125),(132,133,125),(51,128,127),(50,51,127),(52,129,128),(51,52,128),(53,130,129),(52,53,129),(54,131,130),(53,54,130),(55,132,131),(54,55,131),(56,133,132),(55,56,132),(43,44,135),(43,135,134),(44,45,136),(44,136,135),(45,46,137),(45,137,136),(46,47,138),(46,138,137),(47,48,139),(47,139,138),(48,49,140),(48,140,139),(134,135,142),(134,142,141),(135,136,143),(135,143,142),(136,137,144),(136,144,143),(137,138,145),(137,145,144),(138,139,146),(138,146,145),(139,140,147),(139,147,146),(141,142,149),(141,149,148),(142,143,150),(142,150,149),(143,144,151),(143,151,150),(144,145,152),(144,152,151),(145,146,153),(145,153,152),(146,147,154),(146,154,153),(148,149,156),(148,156,155),(149,150,157),(149,157,156),(150,151,158),(150,158,157),(151,152,159),(151,159,158),(152,153,160),(152,160,159),(153,154,161),(153,161,160),(155,156,163),(155,163,162),(156,157,164),(156,164,163),(157,158,165),(157,165,164),(158,159,166),(158,166,165),(159,160,167),(159,167,166),(160,161,168),(160,168,167),(162,163,93),(162,93,92),(163,164,94),(163,94,93),(164,165,95),(164,95,94),(165,166,96),(165,96,95),(166,167,97),(166,97,96),(167,168,98),(167,98,97),(1,8,169),(1,169,99),(8,15,170),(8,170,169),(15,22,171),(15,171,170),(22,29,172),(22,172,171),(29,36,173),(29,173,172),(36,43,134),(36,134,173),(99,169,174),(99,174,106),(169,170,175),(169,175,174),(170,171,176),(170,176,175),(171,172,177),(171,177,176),(172,173,178),(172,178,177),(173,134,141),(173,141,178),(106,174,179),(106,179,113),(174,175,180),(174,180,179),(175,176,181),(175,181,180),(176,177,182),(176,182,181),(177,178,183),(177,183,182),(178,141,148),(178,148,183),(113,179,184),(113,184,120),(179,180,185),(179,185,184),(180,181,186),(180,186,185),(181,182,187),(181,187,186),(182,183,188),(182,188,187),(183,148,155),(183,155,188),(120,184,189),(120,189,127),(184,185,190),(184,190,189),(185,186,191),(185,191,190),(186,187,192),(186,192,191),(187,188,193),(187,193,192),(188,155,162),(188,162,193),(127,189,57),(127,57,50),(189,190,64),(189,64,57),(190,191,71),(190,71,64),(191,192,78),(191,78,71),(192,193,85),(192,85,78),(193,162,92),(193,92,85),(194,14,7),(105,194,7),(195,21,14),(194,195,14),(196,28,21),(195,196,21),(197,35,28),(196,197,28),(198,42,35),(197,198,35),(140,49,42),(198,140,42),(199,194,105),(112,199,105),(200,195,194),(199,200,194),(201,196,195),(200,201,195),(202,197,196),(201,202,196),(203,198,197),(202,203,197),(147,140,198),(203,147,198),(204,199,112),(119,204,112),(205,200,199),(204,205,199),(206,201,200),(205,206,200),(207,202,201),(206,207,201),(208,203,202),(207,208,202),(154,147,203),(208,154,203),(209,204,119),(126,209,119),(210,205,204),(209,210,204),(211,206,205),(210,211,205),(212,207,206),(211,212,206),(213,208,207),(212,213,207),(161,154,208),(213,161,208),(214,209,126),(133,214,126),(215,210,209),(214,215,209),(216,211,210),(215,216,210),(217,212,211),(216,217,211),(218,213,212),(217,218,212),(168,161,213),(218,168,213),(63,214,133),(56,63,133),(70,215,214),(63,70,214),(77,216,215),(70,77,215),(84,217,216),(77,84,216),(91,218,217),(84,91,217),(98,168,218),(91,98,218)),$);
#899=IFCCARTESIANPOINTLIST3D(((2950.,2304.,430.),(2969.909909,2304.,428.103818),(3009.909909,2304.,848.103818),(2990.,2304.,850.),(2968.935459,2310.18034,428.196623),(3008.935459,2310.18034,848.196623),(2966.107455,2315.7557,428.465957),(3006.107455,2315.7557,848.465957),(2961.702746,2320.18034,428.885453),(3001.702746,2320.18034,848.885453),(2956.1525,2323.02114,429.414048),(2996.1525,2323.02114,849.414048),(2950.,2324.,430.),(2990.,2324.,850.),(2943.8475,2323.02114,430.585952),(2983.8475,2323.02114,850.585952),(2938.297254,2320.18034,431.114547),(2978.297254,2320.18034,851.114547),(2933.892545,2315.7557,431.534043),(2973.892545,2315.7557,851.534043),(2931.064541,2310.18034,431.803377),(2971.064541,2310.18034,851.803377),(2930.090091,2304.,431.896182),(2970.090091,2304.,851.896182),(2931.064541,2297.81966,431.803377),(2971.064541,2297.81966,851.803377),(2933.892545,2292.2443,431.534043),(2973.892545,2292.2443,851.534043),(2938.297254,2287.81966,431.114547),(2978.297254,2287.81966,851.114547),(2943.8475,2284.97886,430.585952),(2983.8475,2284.97886,850.585952),(2950.,2284.,430.),(2990.,2284.,850.),(2956.1525,2284.97886,429.414048),(2996.1525,2284.97886,849.414048),(2961.702746,2287.81966,428.885453),(3001.702746,2287.81966,848.885453),(2966.107455,2292.2443,428.465957),(3006.107455,2292.2443,848.465957),(2968.935459,2297.81966,428.196623),(3008.935459,2297.81966,848.196623)));
#900=IFCTRIANGULATEDFACESET(#899,$,.T.,((2,1,5),(2,5,3),(3,5,6),(3,6,4),(5,1,7),(5,7,6),(6,7,8),(6,8,4),(7,1,9),(7,9,8),(8,9,10),(8,10,4),(9,1,11),(9,11,10),(10,11,12),(10,12,4),(11,1,13),(11,13,12),(12,13,14),(12,14,4),(13,1,15),(13,15,14),(14,15,16),(14,16,4),(15,1,17),(15,17,16),(16,17,18),(16,18,4),(17,1,19),(17,19,18),(18,19,20),(18,20,4),(19,1,21),(19,21,20),(20,21,22),(20,22,4),(21,1,23),(21,23,22),(22,23,24),(22,24,4),(23,1,25),(23,25,24),(24,25,26),(24,26,4),(25,1,27),(25,27,26),(26,27,28),(26,28,4),(27,1,29),(27,29,28),(28,29,30),(28,30,4),(29,1,31),(29,31,30),(30,31,32),(30,32,4),(31,1,33),(31,33,32),(32,33,34),(32,34,4),(33,1,35),(33,35,34),(34,35,36),(34,36,4),(35,1,37),(35,37,36),(36,37,38),(36,38,4),(37,1,39),(37,39,38),(38,39,40),(38,40,4),(39,1,41),(39,41,40),(40,41,42),(40,42,4),(41,1,2),(41,2,42),(42,2,3),(42,3,4)),$);
#901=IFCCARTESIANPOINTLIST3D(((2950.,1904.,430.),(2969.909909,1904.,428.103818),(3009.909909,1904.,848.103818),(2990.,1904.,850.),(2968.935459,1910.18034,428.196623),(3008.935459,1910.18034,848.196623),(2966.107455,1915.7557,428.465957),(3006.107455,1915.7557,848.465957),(2961.702746,1920.18034,428.885453),(3001.702746,1920.18034,848.885453),(2956.1525,1923.02114,429.414048),(2996.1525,1923.02114,849.414048),(2950.,1924.,430.),(2990.,1924.,850.),(2943.8475,1923.02114,430.585952),(2983.8475,1923.02114,850.585952),(2938.297254,1920.18034,431.114547),(2978.297254,1920.18034,851.114547),(2933.892545,1915.7557,431.534043),(2973.892545,1915.7557,851.534043),(2931.064541,1910.18034,431.803377),(2971.064541,1910.18034,851.803377),(2930.090091,1904.,431.896182),(2970.090091,1904.,851.896182),(2931.064541,1897.81966,431.803377),(2971.064541,1897.81966,851.803377),(2933.892545,1892.2443,431.534043),(2973.892545,1892.2443,851.534043),(2938.297254,1887.81966,431.114547),(2978.297254,1887.81966,851.114547),(2943.8475,1884.97886,430.585952),(2983.8475,1884.97886,850.585952),(2950.,1884.,430.),(2990.,1884.,850.),(2956.1525,1884.97886,429.414048),(2996.1525,1884.97886,849.414048),(2961.702746,1887.81966,428.885453),(3001.702746,1887.81966,848.885453),(2966.107455,1892.2443,428.465957),(3006.107455,1892.2443,848.465957),(2968.935459,1897.81966,428.196623),(3008.935459,1897.81966,848.196623)));
#902=IFCTRIANGULATEDFACESET(#901,$,.T.,((2,1,5),(2,5,3),(3,5,6),(3,6,4),(5,1,7),(5,7,6),(6,7,8),(6,8,4),(7,1,9),(7,9,8),(8,9,10),(8,10,4),(9,1,11),(9,11,10),(10,11,12),(10,12,4),(11,1,13),(11,13,12),(12,13,14),(12,14,4),(13,1,15),(13,15,14),(14,15,16),(14,16,4),(15,1,17),(15,17,16),(16,17,18),(16,18,4),(17,1,19),(17,19,18),(18,19,20),(18,20,4),(19,1,21),(19,21,20),(20,21,22),(20,22,4),(21,1,23),(21,23,22),(22,23,24),(22,24,4),(23,1,25),(23,25,24),(24,25,26),(24,26,4),(25,1,27),(25,27,26),(26,27,28),(26,28,4),(27,1,29),(27,29,28),(28,29,30),(28,30,4),(29,1,31),(29,31,30),(30,31,32),(30,32,4),(31,1,33),(31,33,32),(32,33,34),(32,34,4),(33,1,35),(33,35,34),(34,35,36),(34,36,4),(35,1,37),(35,37,36),(36,37,38),(36,38,4),(37,1,39),(37,39,38),(38,39,40),(38,40,4),(39,1,41),(39,41,40),(40,41,42),(40,42,4),(41,1,2),(41,2,42),(42,2,3),(42,3,4)),$);
#903=IFCCARTESIANPOINTLIST3D(((2950.074,2341.426,622.574),(2946.214,2345.286,653.333),(2946.214,2345.286,696.667),(2946.214,2345.286,740.),(2946.214,2345.286,783.333),(2946.214,2345.286,826.667),(2950.074,2341.426,857.426),(2956.917,2343.977,620.023),(2953.446,2350.603,653.333),(2953.446,2350.603,696.667),(2953.446,2350.603,740.),(2953.446,2350.603,783.333),(2953.446,2350.603,826.667),(2956.917,2343.977,859.977),(2966.249,2345.275,618.725),(2965.835,2353.966,653.333),(2965.835,2353.966,696.667),(2965.835,2353.966,740.),(2965.835,2353.966,783.333),(2965.835,2353.966,826.667),(2966.249,2345.275,861.275),(2980.,2345.286,618.714),(2980.,2354.,653.333),(2980.,2354.,696.667),(2980.,2354.,740.),(2980.,2354.,783.333),(2980.,2354.,826.667),(2980.,2345.286,861.286),(2993.751,2345.275,618.725),(2994.165,2353.966,653.333),(2994.165,2353.966,696.667),(2994.165,2353.966,740.),(2994.165,2353.966,783.333),(2994.165,2353.966,826.667),(2993.751,2345.275,861.275),(3003.083,2343.977,620.023),(3006.554,2350.603,653.333),(3006.554,2350.603,696.667),(3006.554,2350.603,740.),(3006.554,2350.603,783.333),(3006.554,2350.603,826.667),(3003.083,2343.977,859.977),(3009.926,2341.426,622.574),(3013.786,2345.286,653.333),(3013.786,2345.286,696.667),(3013.786,2345.286,740.),(3013.786,2345.286,783.333),(3013.786,2345.286,826.667),(3009.926,2341.426,857.426),(2950.074,1866.574,622.574),(2946.214,1862.714,653.333),(2946.214,1862.714,696.667),(2946.214,1862.714,740.),(2946.214,1862.714,783.333),(2946.214,1862.714,826.667),(2950.074,1866.574,857.426),(2956.917,1864.023,620.023),(2953.446,1857.397,653.333),(2953.446,1857.397,696.667),(2953.446,1857.397,740.),(2953.446,1857.397,783.333),(2953.446,1857.397,826.667),(2956.917,1864.023,859.977),(2966.249,1862.725,618.725),(2965.835,1854.034,653.333),(2965.835,1854.034,696.667),(2965.835,1854.034,740.),(2965.835,1854.034,783.333),(2965.835,1854.034,826.667),(2966.249,1862.725,861.275),(2980.,1862.714,618.714),(2980.,1854.,653.333),(2980.,1854.,696.667),(2980.,1854.,740.),(2980.,1854.,783.333),(2980.,1854.,826.667),(2980.,1862.714,861.286),(2993.751,1862.725,618.725),(2994.165,1854.034,653.333),(2994.165,1854.034,696.667),(2994.165,1854.034,740.),(2994.165,1854.034,783.333),(2994.165,1854.034,826.667),(2993.751,1862.725,861.275),(3003.083,1864.023,620.023),(3006.554,1857.397,653.333),(3006.554,1857.397,696.667),(3006.554,1857.397,740.),(3006.554,1857.397,783.333),(3006.554,1857.397,826.667),(3003.083,1864.023,859.977),(3009.926,1866.574,622.574),(3013.786,1862.714,653.333),(3013.786,1862.714,696.667),(3013.786,1862.714,740.),(3013.786,1862.714,783.333),(3013.786,1862.714,826.667),(3009.926,1866.574,857.426),(2946.214,2270.667,618.714),(2937.5,2270.667,653.333),(2937.5,2270.667,696.667),(2937.5,2270.667,740.),(2937.5,2270.667,783.333),(2937.5,2270.667,826.667),(2946.214,2270.667,861.286),(2946.214,2187.333,618.714),(2937.5,2187.333,653.333),(2937.5,2187.333,696.667),(2937.5,2187.333,740.),(2937.5,2187.333,783.333),(2937.5,2187.333,826.667),(2946.214,2187.333,861.286),(2946.214,2104.,618.714),(2937.5,2104.,653.333),(2937.5,2104.,696.667),(2937.5,2104.,740.),(2937.5,2104.,783.333),(2937.5,2104.,826.667),(2946.214,2104.,861.286),(2946.214,2020.667,618.714),(2937.5,2020.667,653.333),(2937.5,2020.667,696.667),(2937.5,2020.667,740.),(2937.5,2020.667,783.333),(2937.5,2020.667,826.667),(2946.214,2020.667,861.286),(2946.214,1937.333,618.714),(2937.5,1937.333,653.333),(2937.5,1937.333,696.667),(2937.5,1937.333,740.),(2937.5,1937.333,783.333),(2937.5,1937.333,826.667),(2946.214,1937.333,861.286),(3013.786,2270.667,618.714),(3022.5,2270.667,653.333),(3022.5,2270.667,696.667),(3022.5,2270.667,740.),(3022.5,2270.667,783.333),(3022.5,2270.667,826.667),(3013.786,2270.667,861.286),(3013.786,2187.333,618.714),(3022.5,2187.333,653.333),(3022.5,2187.333,696.667),(3022.5,2187.333,740.),(3022.5,2187.333,783.333),(3022.5,2187.333,826.667),(3013.786,2187.333,861.286),(3013.786,2104.,618.714),(3022.5,2104.,653.333),(3022.5,2104.,696.667),(3022.5,2104.,740.),(3022.5,2104.,783.333),(3022.5,2104.,826.667),(3013.786,2104.,861.286),(3013.786,2020.667,618.714),(3022.5,2020.667,653.333),(3022.5,2020.667,696.667),(3022.5,2020.667,740.),(3022.5,2020.667,783.333),(3022.5,2020.667,826.667),(3013.786,2020.667,861.286),(3013.786,1937.333,618.714),(3022.5,1937.333,653.333),(3022.5,1937.333,696.667),(3022.5,1937.333,740.),(3022.5,1937.333,783.333),(3022.5,1937.333,826.667),(3013.786,1937.333,861.286),(2953.446,2270.667,613.397),(2965.835,2270.667,610.034),(2980.,2270.667,610.),(2994.165,2270.667,610.034),(3006.554,2270.667,613.397),(2953.446,2187.333,613.397),(2965.835,2187.333,610.034),(2980.,2187.333,610.),(2994.165,2187.333,610.034),(3006.554,2187.333,613.397),(2953.446,2104.,613.397),(2965.835,2104.,610.034),(2980.,2104.,610.),(2994.165,2104.,610.034),(3006.554,2104.,613.397),(2953.446,2020.667,613.397),(2965.835,2020.667,610.034),(2980.,2020.667,610.),(2994.165,2020.667,610.034),(3006.554,2020.667,613.397),(2953.446,1937.333,613.397),(2965.835,1937.333,610.034),(2980.,1937.333,610.),(2994.165,1937.333,610.034),(3006.554,1937.333,613.397),(2953.446,2270.667,866.603),(2965.835,2270.667,869.966),(2980.,2270.667,870.),(2994.165,2270.667,869.966),(3006.554,2270.667,866.603),(2953.446,2187.333,866.603),(2965.835,2187.333,869.966),(2980.,2187.333,870.),(2994.165,2187.333,869.966),(3006.554,2187.333,866.603),(2953.446,2104.,866.603),(2965.835,2104.,869.966),(2980.,2104.,870.),(2994.165,2104.,869.966),(3006.554,2104.,866.603),(2953.446,2020.667,866.603),(2965.835,2020.667,869.966),(2980.,2020.667,870.),(2994.165,2020.667,869.966),(3006.554,2020.667,866.603),(2953.446,1937.333,866.603),(2965.835,1937.333,869.966),(2980.,1937.333,870.),(2994.165,1937.333,869.966),(3006.554,1937.333,866.603)));
#904=IFCTRIANGULATEDFACESET(#903,$,.T.,((1,2,9),(1,9,8),(2,3,10),(2,10,9),(3,4,11),(3,11,10),(4,5,12),(4,12,11),(5,6,13),(5,13,12),(6,7,14),(6,14,13),(8,9,16),(8,16,15),(9,10,17),(9,17,16),(10,11,18),(10,18,17),(11,12,19),(11,19,18),(12,13,20),(12,20,19),(13,14,21),(13,21,20),(15,16,23),(15,23,22),(16,17,24),(16,24,23),(17,18,25),(17,25,24),(18,19,26),(18,26,25),(19,20,27),(19,27,26),(20,21,28),(20,28,27),(22,23,30),(22,30,29),(23,24,31),(23,31,30),(24,25,32),(24,32,31),(25,26,33),(25,33,32),(26,27,34),(26,34,33),(27,28,35),(27,35,34),(29,30,37),(29,37,36),(30,31,38),(30,38,37),(31,32,39),(31,39,38),(32,33,40),(32,40,39),(33,34,41),(33,41,40),(34,35,42),(34,42,41),(36,37,44),(36,44,43),(37,38,45),(37,45,44),(38,39,46),(38,46,45),(39,40,47),(39,47,46),(40,41,48),(40,48,47),(41,42,49),(41,49,48),(58,51,50),(57,58,50),(59,52,51),(58,59,51),(60,53,52),(59,60,52),(61,54,53),(60,61,53),(62,55,54),(61,62,54),(63,56,55),(62,63,55),(65,58,57),(64,65,57),(66,59,58),(65,66,58),(67,60,59),(66,67,59),(68,61,60),(67,68,60),(69,62,61),(68,69,61),(70,63,62),(69,70,62),(72,65,64),(71,72,64),(73,66,65),(72,73,65),(74,67,66),(73,74,66),(75,68,67),(74,75,67),(76,69,68),(75,76,68),(77,70,69),(76,77,69),(79,72,71),(78,79,71),(80,73,72),(79,80,72),(81,74,73),(80,81,73),(82,75,74),(81,82,74),(83,76,75),(82,83,75),(84,77,76),(83,84,76),(86,79,78),(85,86,78),(87,80,79),(86,87,79),(88,81,80),(87,88,80),(89,82,81),(88,89,81),(90,83,82),(89,90,82),(91,84,83),(90,91,83),(93,86,85),(92,93,85),(94,87,86),(93,94,86),(95,88,87),(94,95,87),(96,89,88),(95,96,88),(97,90,89),(96,97,89),(98,91,90),(97,98,90),(100,2,1),(99,100,1),(101,3,2),(100,101,2),(102,4,3),(101,102,3),(103,5,4),(102,103,4),(104,6,5),(103,104,5),(105,7,6),(104,105,6),(107,100,99),(106,107,99),(108,101,100),(107,108,100),(109,102,101),(108,109,101),(110,103,102),(109,110,102),(111,104,103),(110,111,103),(112,105,104),(111,112,104),(114,107,106),(113,114,106),(115,108,107),(114,115,107),(116,109,108),(115,116,108),(117,110,109),(116,117,109),(118,111,110),(117,118,110),(119,112,111),(118,119,111),(121,114,113),(120,121,113),(122,115,114),(121,122,114),(123,116,115),(122,123,115),(124,117,116),(123,124,116),(125,118,117),(124,125,117),(126,119,118),(125,126,118),(128,121,120),(127,128,120),(129,122,121),(128,129,121),(130,123,122),(129,130,122),(131,124,123),(130,131,123),(132,125,124),(131,132,124),(133,126,125),(132,133,125),(51,128,127),(50,51,127),(52,129,128),(51,52,128),(53,130,129),(52,53,129),(54,131,130),(53,54,130),(55,132,131),(54,55,131),(56,133,132),(55,56,132),(43,44,135),(43,135,134),(44,45,136),(44,136,135),(45,46,137),(45,137,136),(46,47,138),(46,138,137),(47,48,139),(47,139,138),(48,49,140),(48,140,139),(134,135,142),(134,142,141),(135,136,143),(135,143,142),(136,137,144),(136,144,143),(137,138,145),(137,145,144),(138,139,146),(138,146,145),(139,140,147),(139,147,146),(141,142,149),(141,149,148),(142,143,150),(142,150,149),(143,144,151),(143,151,150),(144,145,152),(144,152,151),(145,146,153),(145,153,152),(146,147,154),(146,154,153),(148,149,156),(148,156,155),(149,150,157),(149,157,156),(150,151,158),(150,158,157),(151,152,159),(151,159,158),(152,153,160),(152,160,159),(153,154,161),(153,161,160),(155,156,163),(155,163,162),(156,157,164),(156,164,163),(157,158,165),(157,165,164),(158,159,166),(158,166,165),(159,160,167),(159,167,166),(160,161,168),(160,168,167),(162,163,93),(162,93,92),(163,164,94),(163,94,93),(164,165,95),(164,95,94),(165,166,96),(165,96,95),(166,167,97),(166,97,96),(167,168,98),(167,98,97),(1,8,169),(1,169,99),(8,15,170),(8,170,169),(15,22,171),(15,171,170),(22,29,172),(22,172,171),(29,36,173),(29,173,172),(36,43,134),(36,134,173),(99,169,174),(99,174,106),(169,170,175),(169,175,174),(170,171,176),(170,176,175),(171,172,177),(171,177,176),(172,173,178),(172,178,177),(173,134,141),(173,141,178),(106,174,179),(106,179,113),(174,175,180),(174,180,179),(175,176,181),(175,181,180),(176,177,182),(176,182,181),(177,178,183),(177,183,182),(178,141,148),(178,148,183),(113,179,184),(113,184,120),(179,180,185),(179,185,184),(180,181,186),(180,186,185),(181,182,187),(181,187,186),(182,183,188),(182,188,187),(183,148,155),(183,155,188),(120,184,189),(120,189,127),(184,185,190),(184,190,189),(185,186,191),(185,191,190),(186,187,192),(186,192,191),(187,188,193),(187,193,192),(188,155,162),(188,162,193),(127,189,57),(127,57,50),(189,190,64),(189,64,57),(190,191,71),(190,71,64),(191,192,78),(191,78,71),(192,193,85),(192,85,78),(193,162,92),(193,92,85),(194,14,7),(105,194,7),(195,21,14),(194,195,14),(196,28,21),(195,196,21),(197,35,28),(196,197,28),(198,42,35),(197,198,35),(140,49,42),(198,140,42),(199,194,105),(112,199,105),(200,195,194),(199,200,194),(201,196,195),(200,201,195),(202,197,196),(201,202,196),(203,198,197),(202,203,197),(147,140,198),(203,147,198),(204,199,112),(119,204,112),(205,200,199),(204,205,199),(206,201,200),(205,206,200),(207,202,201),(206,207,201),(208,203,202),(207,208,202),(154,147,203),(208,154,203),(209,204,119),(126,209,119),(210,205,204),(209,210,204),(211,206,205),(210,211,205),(212,207,206),(211,212,206),(213,208,207),(212,213,207),(161,154,208),(213,161,208),(214,209,126),(133,214,126),(215,210,209),(214,215,209),(216,211,210),(215,216,210),(217,212,211),(216,217,211),(218,213,212),(217,218,212),(168,161,213),(218,168,213),(63,214,133),(56,63,133),(70,215,214),(63,70,214),(77,216,215),(70,77,215),(84,217,216),(77,84,216),(91,218,217),(84,91,217),(98,168,218),(91,98,218)),$);
#905=IFCCARTESIANPOINTLIST3D(((1860.,1456.,791.5),(1975.,1456.,791.5),(1975.,1456.,804.5),(1860.,1456.,804.5),(1969.371555,1491.536955,791.5),(1969.371555,1491.536955,804.5),(1953.036955,1523.595275,791.5),(1953.036955,1523.595275,804.5),(1927.595275,1549.036955,791.5),(1927.595275,1549.036955,804.5),(1895.536955,1565.371555,791.5),(1895.536955,1565.371555,804.5),(1860.,1571.,791.5),(1860.,1571.,804.5),(1824.463045,1565.371555,791.5),(1824.463045,1565.371555,804.5),(1792.404725,1549.036955,791.5),(1792.404725,1549.036955,804.5),(1766.963045,1523.595275,791.5),(1766.963045,1523.595275,804.5),(1750.628445,1491.536955,791.5),(1750.628445,1491.536955,804.5),(1745.,1456.,791.5),(1745.,1456.,804.5),(1750.628445,1420.463045,791.5),(1750.628445,1420.463045,804.5),(1766.963045,1388.404725,791.5),(1766.963045,1388.404725,804.5),(1792.404725,1362.963045,791.5),(1792.404725,1362.963045,804.5),(1824.463045,1346.628445,791.5),(1824.463045,1346.628445,804.5),(1860.,1341.,791.5),(1860.,1341.,804.5),(1895.536955,1346.628445,791.5),(1895.536955,1346.628445,804.5),(1927.595275,1362.963045,791.5),(1927.595275,1362.963045,804.5),(1953.036955,1388.404725,791.5),(1953.036955,1388.404725,804.5),(1969.371555,1420.463045,791.5),(1969.371555,1420.463045,804.5)));
#906=IFCTRIANGULATEDFACESET(#905,$,.T.,((2,1,5),(2,5,3),(3,5,6),(3,6,4),(5,1,7),(5,7,6),(6,7,8),(6,8,4),(7,1,9),(7,9,8),(8,9,10),(8,10,4),(9,1,11),(9,11,10),(10,11,12),(10,12,4),(11,1,13),(11,13,12),(12,13,14),(12,14,4),(13,1,15),(13,15,14),(14,15,16),(14,16,4),(15,1,17),(15,17,16),(16,17,18),(16,18,4),(17,1,19),(17,19,18),(18,19,20),(18,20,4),(19,1,21),(19,21,20),(20,21,22),(20,22,4),(21,1,23),(21,23,22),(22,23,24),(22,24,4),(23,1,25),(23,25,24),(24,25,26),(24,26,4),(25,1,27),(25,27,26),(26,27,28),(26,28,4),(27,1,29),(27,29,28),(28,29,30),(28,30,4),(29,1,31),(29,31,30),(30,31,32),(30,32,4),(31,1,33),(31,33,32),(32,33,34),(32,34,4),(33,1,35),(33,35,34),(34,35,36),(34,36,4),(35,1,37),(35,37,36),(36,37,38),(36,38,4),(37,1,39),(37,39,38),(38,39,40),(38,40,4),(39,1,41),(39,41,40),(40,41,42),(40,42,4),(41,1,2),(41,2,42),(42,2,3),(42,3,4)),$);
#907=IFCCARTESIANPOINTLIST3D(((2300.,1456.,791.5),(2415.,1456.,791.5),(2415.,1456.,804.5),(2300.,1456.,804.5),(2409.371555,1491.536955,791.5),(2409.371555,1491.536955,804.5),(2393.036955,1523.595275,791.5),(2393.036955,1523.595275,804.5),(2367.595275,1549.036955,791.5),(2367.595275,1549.036955,804.5),(2335.536955,1565.371555,791.5),(2335.536955,1565.371555,804.5),(2300.,1571.,791.5),(2300.,1571.,804.5),(2264.463045,1565.371555,791.5),(2264.463045,1565.371555,804.5),(2232.404725,1549.036955,791.5),(2232.404725,1549.036955,804.5),(2206.963045,1523.595275,791.5),(2206.963045,1523.595275,804.5),(2190.628445,1491.536955,791.5),(2190.628445,1491.536955,804.5),(2185.,1456.,791.5),(2185.,1456.,804.5),(2190.628445,1420.463045,791.5),(2190.628445,1420.463045,804.5),(2206.963045,1388.404725,791.5),(2206.963045,1388.404725,804.5),(2232.404725,1362.963045,791.5),(2232.404725,1362.963045,804.5),(2264.463045,1346.628445,791.5),(2264.463045,1346.628445,804.5),(2300.,1341.,791.5),(2300.,1341.,804.5),(2335.536955,1346.628445,791.5),(2335.536955,1346.628445,804.5),(2367.595275,1362.963045,791.5),(2367.595275,1362.963045,804.5),(2393.036955,1388.404725,791.5),(2393.036955,1388.404725,804.5),(2409.371555,1420.463045,791.5),(2409.371555,1420.463045,804.5)));
#908=IFCTRIANGULATEDFACESET(#907,$,.T.,((2,1,5),(2,5,3),(3,5,6),(3,6,4),(5,1,7),(5,7,6),(6,7,8),(6,8,4),(7,1,9),(7,9,8),(8,9,10),(8,10,4),(9,1,11),(9,11,10),(10,11,12),(10,12,4),(11,1,13),(11,13,12),(12,13,14),(12,14,4),(13,1,15),(13,15,14),(14,15,16),(14,16,4),(15,1,17),(15,17,16),(16,17,18),(16,18,4),(17,1,19),(17,19,18),(18,19,20),(18,20,4),(19,1,21),(19,21,20),(20,21,22),(20,22,4),(21,1,23),(21,23,22),(22,23,24),(22,24,4),(23,1,25),(23,25,24),(24,25,26),(24,26,4),(25,1,27),(25,27,26),(26,27,28),(26,28,4),(27,1,29),(27,29,28),(28,29,30),(28,30,4),(29,1,31),(29,31,30),(30,31,32),(30,32,4),(31,1,33),(31,33,32),(32,33,34),(32,34,4),(33,1,35),(33,35,34),(34,35,36),(34,36,4),(35,1,37),(35,37,36),(36,37,38),(36,38,4),(37,1,39),(37,39,38),(38,39,40),(38,40,4),(39,1,41),(39,41,40),(40,41,42),(40,42,4),(41,1,2),(41,2,42),(42,2,3),(42,3,4)),$);
#909=IFCCARTESIANPOINTLIST3D(((1860.,2104.,791.5),(1975.,2104.,791.5),(1975.,2104.,804.5),(1860.,2104.,804.5),(1969.371555,2139.536955,791.5),(1969.371555,2139.536955,804.5),(1953.036955,2171.595275,791.5),(1953.036955,2171.595275,804.5),(1927.595275,2197.036955,791.5),(1927.595275,2197.036955,804.5),(1895.536955,2213.371555,791.5),(1895.536955,2213.371555,804.5),(1860.,2219.,791.5),(1860.,2219.,804.5),(1824.463045,2213.371555,791.5),(1824.463045,2213.371555,804.5),(1792.404725,2197.036955,791.5),(1792.404725,2197.036955,804.5),(1766.963045,2171.595275,791.5),(1766.963045,2171.595275,804.5),(1750.628445,2139.536955,791.5),(1750.628445,2139.536955,804.5),(1745.,2104.,791.5),(1745.,2104.,804.5),(1750.628445,2068.463045,791.5),(1750.628445,2068.463045,804.5),(1766.963045,2036.404725,791.5),(1766.963045,2036.404725,804.5),(1792.404725,2010.963045,791.5),(1792.404725,2010.963045,804.5),(1824.463045,1994.628445,791.5),(1824.463045,1994.628445,804.5),(1860.,1989.,791.5),(1860.,1989.,804.5),(1895.536955,1994.628445,791.5),(1895.536955,1994.628445,804.5),(1927.595275,2010.963045,791.5),(1927.595275,2010.963045,804.5),(1953.036955,2036.404725,791.5),(1953.036955,2036.404725,804.5),(1969.371555,2068.463045,791.5),(1969.371555,2068.463045,804.5)));
#910=IFCTRIANGULATEDFACESET(#909,$,.T.,((2,1,5),(2,5,3),(3,5,6),(3,6,4),(5,1,7),(5,7,6),(6,7,8),(6,8,4),(7,1,9),(7,9,8),(8,9,10),(8,10,4),(9,1,11),(9,11,10),(10,11,12),(10,12,4),(11,1,13),(11,13,12),(12,13,14),(12,14,4),(13,1,15),(13,15,14),(14,15,16),(14,16,4),(15,1,17),(15,17,16),(16,17,18),(16,18,4),(17,1,19),(17,19,18),(18,19,20),(18,20,4),(19,1,21),(19,21,20),(20,21,22),(20,22,4),(21,1,23),(21,23,22),(22,23,24),(22,24,4),(23,1,25),(23,25,24),(24,25,26),(24,26,4),(25,1,27),(25,27,26),(26,27,28),(26,28,4),(27,1,29),(27,29,28),(28,29,30),(28,30,4),(29,1,31),(29,31,30),(30,31,32),(30,32,4),(31,1,33),(31,33,32),(32,33,34),(32,34,4),(33,1,35),(33,35,34),(34,35,36),(34,36,4),(35,1,37),(35,37,36),(36,37,38),(36,38,4),(37,1,39),(37,39,38),(38,39,40),(38,40,4),(39,1,41),(39,41,40),(40,41,42),(40,42,4),(41,1,2),(41,2,42),(42,2,3),(42,3,4)),$);
#911=IFCCARTESIANPOINTLIST3D(((2300.,2104.,791.5),(2415.,2104.,791.5),(2415.,2104.,804.5),(2300.,2104.,804.5),(2409.371555,2139.536955,791.5),(2409.371555,2139.536955,804.5),(2393.036955,2171.595275,791.5),(2393.036955,2171.595275,804.5),(2367.595275,2197.036955,791.5),(2367.595275,2197.036955,804.5),(2335.536955,2213.371555,791.5),(2335.536955,2213.371555,804.5),(2300.,2219.,791.5),(2300.,2219.,804.5),(2264.463045,2213.371555,791.5),(2264.463045,2213.371555,804.5),(2232.404725,2197.036955,791.5),(2232.404725,2197.036955,804.5),(2206.963045,2171.595275,791.5),(2206.963045,2171.595275,804.5),(2190.628445,2139.536955,791.5),(2190.628445,2139.536955,804.5),(2185.,2104.,791.5),(2185.,2104.,804.5),(2190.628445,2068.463045,791.5),(2190.628445,2068.463045,804.5),(2206.963045,2036.404725,791.5),(2206.963045,2036.404725,804.5),(2232.404725,2010.963045,791.5),(2232.404725,2010.963045,804.5),(2264.463045,1994.628445,791.5),(2264.463045,1994.628445,804.5),(2300.,1989.,791.5),(2300.,1989.,804.5),(2335.536955,1994.628445,791.5),(2335.536955,1994.628445,804.5),(2367.595275,2010.963045,791.5),(2367.595275,2010.963045,804.5),(2393.036955,2036.404725,791.5),(2393.036955,2036.404725,804.5),(2409.371555,2068.463045,791.5),(2409.371555,2068.463045,804.5)));
#912=IFCTRIANGULATEDFACESET(#911,$,.T.,((2,1,5),(2,5,3),(3,5,6),(3,6,4),(5,1,7),(5,7,6),(6,7,8),(6,8,4),(7,1,9),(7,9,8),(8,9,10),(8,10,4),(9,1,11),(9,11,10),(10,11,12),(10,12,4),(11,1,13),(11,13,12),(12,13,14),(12,14,4),(13,1,15),(13,15,14),(14,15,16),(14,16,4),(15,1,17),(15,17,16),(16,17,18),(16,18,4),(17,1,19),(17,19,18),(18,19,20),(18,20,4),(19,1,21),(19,21,20),(20,21,22),(20,22,4),(21,1,23),(21,23,22),(22,23,24),(22,24,4),(23,1,25),(23,25,24),(24,25,26),(24,26,4),(25,1,27),(25,27,26),(26,27,28),(26,28,4),(27,1,29),(27,29,28),(28,29,30),(28,30,4),(29,1,31),(29,31,30),(30,31,32),(30,32,4),(31,1,33),(31,33,32),(32,33,34),(32,34,4),(33,1,35),(33,35,34),(34,35,36),(34,36,4),(35,1,37),(35,37,36),(36,37,38),(36,38,4),(37,1,39),(37,39,38),(38,39,40),(38,40,4),(39,1,41),(39,41,40),(40,41,42),(40,42,4),(41,1,2),(41,2,42),(42,2,3),(42,3,4)),$);
#913=IFCSHAPEREPRESENTATION(#6,'Body','Tessellation',(#832,#834,#836,#838,#840,#842,#844,#846,#848,#850,#852,#854,#856,#858,#860,#862,#864,#866,#868,#870,#872,#874,#876,#878,#880,#882,#884,#886,#888,#890,#892,#894,#896,#898,#900,#902,#904,#906,#908,#910,#912));
#914=IFCPRODUCTDEFINITIONSHAPE($,$,(#913));
#915=IFCFURNISHINGELEMENT('3OvZPcJ_zNQuiEyzrQSdaO',$,'Dining Set','Authored furniture assembly',$,#19,#914,'F0-living/dining-set');
#916=IFCPROPERTYSINGLEVALUE('ReviewStatus',$,IFCLABEL('PRELIMINARY - NOT FOR CONSTRUCTION'),$);
#917=IFCPROPERTYSINGLEVALUE('PlanHash',$,IFCLABEL('9bdd75bf2ea4a15314ae6a886c801c8d1d01f7572e2e002ab2ad73d238ef7a80'),$);
#918=IFCPROPERTYSET('3fHRduLkvP3QKBFA1ckjLr',$,'FloorForge_Review',$,(#916,#917));
#919=IFCRELDEFINESBYPROPERTIES('1qm9rWCvLMSezOc3WEO1js',$,$,$,(#915),#918);
#920=IFCCARTESIANPOINTLIST3D(((252.679,8300.321,22.679),(248.787,8304.213,153.333),(248.787,8304.213,296.667),(248.787,8304.213,440.),(248.787,8304.213,583.333),(248.787,8304.213,726.667),(252.679,8300.321,857.321),(340.,8304.213,18.787),(340.,8313.,153.333),(340.,8313.,296.667),(340.,8313.,440.),(340.,8313.,583.333),(340.,8313.,726.667),(340.,8304.213,861.213),(440.,8304.213,18.787),(440.,8313.,153.333),(440.,8313.,296.667),(440.,8313.,440.),(440.,8313.,583.333),(440.,8313.,726.667),(440.,8304.213,861.213),(540.,8304.213,18.787),(540.,8313.,153.333),(540.,8313.,296.667),(540.,8313.,440.),(540.,8313.,583.333),(540.,8313.,726.667),(540.,8304.213,861.213),(640.,8304.213,18.787),(640.,8313.,153.333),(640.,8313.,296.667),(640.,8313.,440.),(640.,8313.,583.333),(640.,8313.,726.667),(640.,8304.213,861.213),(740.,8304.213,18.787),(740.,8313.,153.333),(740.,8313.,296.667),(740.,8313.,440.),(740.,8313.,583.333),(740.,8313.,726.667),(740.,8304.213,861.213),(827.321,8300.321,22.679),(831.213,8304.213,153.333),(831.213,8304.213,296.667),(831.213,8304.213,440.),(831.213,8304.213,583.333),(831.213,8304.213,726.667),(827.321,8300.321,857.321),(252.679,7725.679,22.679),(248.787,7721.787,153.333),(248.787,7721.787,296.667),(248.787,7721.787,440.),(248.787,7721.787,583.333),(248.787,7721.787,726.667),(252.679,7725.679,857.321),(340.,7721.787,18.787),(340.,7713.,153.333),(340.,7713.,296.667),(340.,7713.,440.),(340.,7713.,583.333),(340.,7713.,726.667),(340.,7721.787,861.213),(440.,7721.787,18.787),(440.,7713.,153.333),(440.,7713.,296.667),(440.,7713.,440.),(440.,7713.,583.333),(440.,7713.,726.667),(440.,7721.787,861.213),(540.,7721.787,18.787),(540.,7713.,153.333),(540.,7713.,296.667),(540.,7713.,440.),(540.,7713.,583.333),(540.,7713.,726.667),(540.,7721.787,861.213),(640.,7721.787,18.787),(640.,7713.,153.333),(640.,7713.,296.667),(640.,7713.,440.),(640.,7713.,583.333),(640.,7713.,726.667),(640.,7721.787,861.213),(740.,7721.787,18.787),(740.,7713.,153.333),(740.,7713.,296.667),(740.,7713.,440.),(740.,7713.,583.333),(740.,7713.,726.667),(740.,7721.787,861.213),(827.321,7725.679,22.679),(831.213,7721.787,153.333),(831.213,7721.787,296.667),(831.213,7721.787,440.),(831.213,7721.787,583.333),(831.213,7721.787,726.667),(827.321,7725.679,857.321),(248.787,8213.,18.787),(240.,8213.,153.333),(240.,8213.,296.667),(240.,8213.,440.),(240.,8213.,583.333),(240.,8213.,726.667),(248.787,8213.,861.213),(248.787,8113.,18.787),(240.,8113.,153.333),(240.,8113.,296.667),(240.,8113.,440.),(240.,8113.,583.333),(240.,8113.,726.667),(248.787,8113.,861.213),(248.787,8013.,18.787),(240.,8013.,153.333),(240.,8013.,296.667),(240.,8013.,440.),(240.,8013.,583.333),(240.,8013.,726.667),(248.787,8013.,861.213),(248.787,7913.,18.787),(240.,7913.,153.333),(240.,7913.,296.667),(240.,7913.,440.),(240.,7913.,583.333),(240.,7913.,726.667),(248.787,7913.,861.213),(248.787,7813.,18.787),(240.,7813.,153.333),(240.,7813.,296.667),(240.,7813.,440.),(240.,7813.,583.333),(240.,7813.,726.667),(248.787,7813.,861.213),(831.213,8213.,18.787),(840.,8213.,153.333),(840.,8213.,296.667),(840.,8213.,440.),(840.,8213.,583.333),(840.,8213.,726.667),(831.213,8213.,861.213),(831.213,8113.,18.787),(840.,8113.,153.333),(840.,8113.,296.667),(840.,8113.,440.),(840.,8113.,583.333),(840.,8113.,726.667),(831.213,8113.,861.213),(831.213,8013.,18.787),(840.,8013.,153.333),(840.,8013.,296.667),(840.,8013.,440.),(840.,8013.,583.333),(840.,8013.,726.667),(831.213,8013.,861.213),(831.213,7913.,18.787),(840.,7913.,153.333),(840.,7913.,296.667),(840.,7913.,440.),(840.,7913.,583.333),(840.,7913.,726.667),(831.213,7913.,861.213),(831.213,7813.,18.787),(840.,7813.,153.333),(840.,7813.,296.667),(840.,7813.,440.),(840.,7813.,583.333),(840.,7813.,726.667),(831.213,7813.,861.213),(340.,8213.,10.),(440.,8213.,10.),(540.,8213.,10.),(640.,8213.,10.),(740.,8213.,10.),(340.,8113.,10.),(440.,8113.,10.),(540.,8113.,10.),(640.,8113.,10.),(740.,8113.,10.),(340.,8013.,10.),(440.,8013.,10.),(540.,8013.,10.),(640.,8013.,10.),(740.,8013.,10.),(340.,7913.,10.),(440.,7913.,10.),(540.,7913.,10.),(640.,7913.,10.),(740.,7913.,10.),(340.,7813.,10.),(440.,7813.,10.),(540.,7813.,10.),(640.,7813.,10.),(740.,7813.,10.),(340.,8213.,870.),(440.,8213.,870.),(540.,8213.,870.),(640.,8213.,870.),(740.,8213.,870.),(340.,8113.,870.),(440.,8113.,870.),(540.,8113.,870.),(640.,8113.,870.),(740.,8113.,870.),(340.,8013.,870.),(440.,8013.,870.),(540.,8013.,870.),(640.,8013.,870.),(740.,8013.,870.),(340.,7913.,870.),(440.,7913.,870.),(540.,7913.,870.),(640.,7913.,870.),(740.,7913.,870.),(340.,7813.,870.),(440.,7813.,870.),(540.,7813.,870.),(640.,7813.,870.),(740.,7813.,870.)));
#921=IFCTRIANGULATEDFACESET(#920,$,.T.,((1,2,9),(1,9,8),(2,3,10),(2,10,9),(3,4,11),(3,11,10),(4,5,12),(4,12,11),(5,6,13),(5,13,12),(6,7,14),(6,14,13),(8,9,16),(8,16,15),(9,10,17),(9,17,16),(10,11,18),(10,18,17),(11,12,19),(11,19,18),(12,13,20),(12,20,19),(13,14,21),(13,21,20),(15,16,23),(15,23,22),(16,17,24),(16,24,23),(17,18,25),(17,25,24),(18,19,26),(18,26,25),(19,20,27),(19,27,26),(20,21,28),(20,28,27),(22,23,30),(22,30,29),(23,24,31),(23,31,30),(24,25,32),(24,32,31),(25,26,33),(25,33,32),(26,27,34),(26,34,33),(27,28,35),(27,35,34),(29,30,37),(29,37,36),(30,31,38),(30,38,37),(31,32,39),(31,39,38),(32,33,40),(32,40,39),(33,34,41),(33,41,40),(34,35,42),(34,42,41),(36,37,44),(36,44,43),(37,38,45),(37,45,44),(38,39,46),(38,46,45),(39,40,47),(39,47,46),(40,41,48),(40,48,47),(41,42,49),(41,49,48),(58,51,50),(57,58,50),(59,52,51),(58,59,51),(60,53,52),(59,60,52),(61,54,53),(60,61,53),(62,55,54),(61,62,54),(63,56,55),(62,63,55),(65,58,57),(64,65,57),(66,59,58),(65,66,58),(67,60,59),(66,67,59),(68,61,60),(67,68,60),(69,62,61),(68,69,61),(70,63,62),(69,70,62),(72,65,64),(71,72,64),(73,66,65),(72,73,65),(74,67,66),(73,74,66),(75,68,67),(74,75,67),(76,69,68),(75,76,68),(77,70,69),(76,77,69),(79,72,71),(78,79,71),(80,73,72),(79,80,72),(81,74,73),(80,81,73),(82,75,74),(81,82,74),(83,76,75),(82,83,75),(84,77,76),(83,84,76),(86,79,78),(85,86,78),(87,80,79),(86,87,79),(88,81,80),(87,88,80),(89,82,81),(88,89,81),(90,83,82),(89,90,82),(91,84,83),(90,91,83),(93,86,85),(92,93,85),(94,87,86),(93,94,86),(95,88,87),(94,95,87),(96,89,88),(95,96,88),(97,90,89),(96,97,89),(98,91,90),(97,98,90),(100,2,1),(99,100,1),(101,3,2),(100,101,2),(102,4,3),(101,102,3),(103,5,4),(102,103,4),(104,6,5),(103,104,5),(105,7,6),(104,105,6),(107,100,99),(106,107,99),(108,101,100),(107,108,100),(109,102,101),(108,109,101),(110,103,102),(109,110,102),(111,104,103),(110,111,103),(112,105,104),(111,112,104),(114,107,106),(113,114,106),(115,108,107),(114,115,107),(116,109,108),(115,116,108),(117,110,109),(116,117,109),(118,111,110),(117,118,110),(119,112,111),(118,119,111),(121,114,113),(120,121,113),(122,115,114),(121,122,114),(123,116,115),(122,123,115),(124,117,116),(123,124,116),(125,118,117),(124,125,117),(126,119,118),(125,126,118),(128,121,120),(127,128,120),(129,122,121),(128,129,121),(130,123,122),(129,130,122),(131,124,123),(130,131,123),(132,125,124),(131,132,124),(133,126,125),(132,133,125),(51,128,127),(50,51,127),(52,129,128),(51,52,128),(53,130,129),(52,53,129),(54,131,130),(53,54,130),(55,132,131),(54,55,131),(56,133,132),(55,56,132),(43,44,135),(43,135,134),(44,45,136),(44,136,135),(45,46,137),(45,137,136),(46,47,138),(46,138,137),(47,48,139),(47,139,138),(48,49,140),(48,140,139),(134,135,142),(134,142,141),(135,136,143),(135,143,142),(136,137,144),(136,144,143),(137,138,145),(137,145,144),(138,139,146),(138,146,145),(139,140,147),(139,147,146),(141,142,149),(141,149,148),(142,143,150),(142,150,149),(143,144,151),(143,151,150),(144,145,152),(144,152,151),(145,146,153),(145,153,152),(146,147,154),(146,154,153),(148,149,156),(148,156,155),(149,150,157),(149,157,156),(150,151,158),(150,158,157),(151,152,159),(151,159,158),(152,153,160),(152,160,159),(153,154,161),(153,161,160),(155,156,163),(155,163,162),(156,157,164),(156,164,163),(157,158,165),(157,165,164),(158,159,166),(158,166,165),(159,160,167),(159,167,166),(160,161,168),(160,168,167),(162,163,93),(162,93,92),(163,164,94),(163,94,93),(164,165,95),(164,95,94),(165,166,96),(165,96,95),(166,167,97),(166,97,96),(167,168,98),(167,98,97),(1,8,169),(1,169,99),(8,15,170),(8,170,169),(15,22,171),(15,171,170),(22,29,172),(22,172,171),(29,36,173),(29,173,172),(36,43,134),(36,134,173),(99,169,174),(99,174,106),(169,170,175),(169,175,174),(170,171,176),(170,176,175),(171,172,177),(171,177,176),(172,173,178),(172,178,177),(173,134,141),(173,141,178),(106,174,179),(106,179,113),(174,175,180),(174,180,179),(175,176,181),(175,181,180),(176,177,182),(176,182,181),(177,178,183),(177,183,182),(178,141,148),(178,148,183),(113,179,184),(113,184,120),(179,180,185),(179,185,184),(180,181,186),(180,186,185),(181,182,187),(181,187,186),(182,183,188),(182,188,187),(183,148,155),(183,155,188),(120,184,189),(120,189,127),(184,185,190),(184,190,189),(185,186,191),(185,191,190),(186,187,192),(186,192,191),(187,188,193),(187,193,192),(188,155,162),(188,162,193),(127,189,57),(127,57,50),(189,190,64),(189,64,57),(190,191,71),(190,71,64),(191,192,78),(191,78,71),(192,193,85),(192,85,78),(193,162,92),(193,92,85),(194,14,7),(105,194,7),(195,21,14),(194,195,14),(196,28,21),(195,196,21),(197,35,28),(196,197,28),(198,42,35),(197,198,35),(140,49,42),(198,140,42),(199,194,105),(112,199,105),(200,195,194),(199,200,194),(201,196,195),(200,201,195),(202,197,196),(201,202,196),(203,198,197),(202,203,197),(147,140,198),(203,147,198),(204,199,112),(119,204,112),(205,200,199),(204,205,199),(206,201,200),(205,206,200),(207,202,201),(206,207,201),(208,203,202),(207,208,202),(154,147,203),(208,154,203),(209,204,119),(126,209,119),(210,205,204),(209,210,204),(211,206,205),(210,211,205),(212,207,206),(211,212,206),(213,208,207),(212,213,207),(161,154,208),(213,161,208),(214,209,126),(133,214,126),(215,210,209),(214,215,209),(216,211,210),(215,216,210),(217,212,211),(216,217,211),(218,213,212),(217,218,212),(168,161,213),(218,168,213),(63,214,133),(56,63,133),(70,215,214),(63,70,214),(77,216,215),(70,77,215),(84,217,216),(77,84,216),(91,218,217),(84,91,217),(98,168,218),(91,98,218)),$);
#922=IFCCARTESIANPOINTLIST3D(((850.,7778.,450.),(825.251,7788.251,450.),(815.,7813.,450.),(825.251,7837.749,450.),(850.,7848.,450.),(874.749,7837.749,450.),(885.,7813.,450.),(874.749,7788.251,450.),(850.,7786.007,510.822),(825.251,7795.909,508.169),(815.,7819.815,501.764),(825.251,7843.72,495.358),(850.,7853.622,492.705),(874.749,7843.72,495.358),(885.,7819.815,501.764),(874.749,7795.909,508.169),(850.,7809.484,567.5),(825.251,7818.362,562.374),(815.,7839.795,550.),(825.251,7861.228,537.626),(850.,7870.106,532.5),(874.749,7861.228,537.626),(885.,7839.795,550.),(874.749,7818.362,562.374),(850.,7846.83,616.17),(825.251,7854.079,608.921),(815.,7871.579,591.421),(825.251,7889.079,573.921),(850.,7896.327,566.673),(874.749,7889.079,573.921),(885.,7871.579,591.421),(874.749,7854.079,608.921),(850.,7895.5,653.516),(825.251,7900.626,644.638),(815.,7913.,623.205),(825.251,7925.374,601.772),(850.,7930.5,592.894),(874.749,7925.374,601.772),(885.,7913.,623.205),(874.749,7900.626,644.638),(850.,7952.178,676.993),(825.251,7954.831,667.091),(815.,7961.236,643.185),(825.251,7967.642,619.28),(850.,7970.295,609.378),(874.749,7967.642,619.28),(885.,7961.236,643.185),(874.749,7954.831,667.091),(850.,8013.,685.),(825.251,8013.,674.749),(815.,8013.,650.),(825.251,8013.,625.251),(850.,8013.,615.),(874.749,8013.,625.251),(885.,8013.,650.),(874.749,8013.,674.749),(850.,8073.822,676.993),(825.251,8071.169,667.091),(815.,8064.764,643.185),(825.251,8058.358,619.28),(850.,8055.705,609.378),(874.749,8058.358,619.28),(885.,8064.764,643.185),(874.749,8071.169,667.091),(850.,8130.5,653.516),(825.251,8125.374,644.638),(815.,8113.,623.205),(825.251,8100.626,601.772),(850.,8095.5,592.894),(874.749,8100.626,601.772),(885.,8113.,623.205),(874.749,8125.374,644.638),(850.,8179.17,616.17),(825.251,8171.921,608.921),(815.,8154.421,591.421),(825.251,8136.921,573.921),(850.,8129.673,566.673),(874.749,8136.921,573.921),(885.,8154.421,591.421),(874.749,8171.921,608.921),(850.,8216.516,567.5),(825.251,8207.638,562.374),(815.,8186.205,550.),(825.251,8164.772,537.626),(850.,8155.894,532.5),(874.749,8164.772,537.626),(885.,8186.205,550.),(874.749,8207.638,562.374),(850.,8239.993,510.822),(825.251,8230.091,508.169),(815.,8206.185,501.764),(825.251,8182.28,495.358),(850.,8172.378,492.705),(874.749,8182.28,495.358),(885.,8206.185,501.764),(874.749,8230.091,508.169),(850.,8248.,450.),(825.251,8237.749,450.),(815.,8213.,450.),(825.251,8188.251,450.),(850.,8178.,450.),(874.749,8188.251,450.),(885.,8213.,450.),(874.749,8237.749,450.),(850.,8239.993,389.178),(825.251,8230.091,391.831),(815.,8206.185,398.236),(825.251,8182.28,404.642),(850.,8172.378,407.295),(874.749,8182.28,404.642),(885.,8206.185,398.236),(874.749,8230.091,391.831),(850.,8216.516,332.5),(825.251,8207.638,337.626),(815.,8186.205,350.),(825.251,8164.772,362.374),(850.,8155.894,367.5),(874.749,8164.772,362.374),(885.,8186.205,350.),(874.749,8207.638,337.626),(850.,8179.17,283.83),(825.251,8171.921,291.079),(815.,8154.421,308.579),(825.251,8136.921,326.079),(850.,8129.673,333.327),(874.749,8136.921,326.079),(885.,8154.421,308.579),(874.749,8171.921,291.079),(850.,8130.5,246.484),(825.251,8125.374,255.362),(815.,8113.,276.795),(825.251,8100.626,298.228),(850.,8095.5,307.106),(874.749,8100.626,298.228),(885.,8113.,276.795),(874.749,8125.374,255.362),(850.,8073.822,223.007),(825.251,8071.169,232.909),(815.,8064.764,256.815),(825.251,8058.358,280.72),(850.,8055.705,290.622),(874.749,8058.358,280.72),(885.,8064.764,256.815),(874.749,8071.169,232.909),(850.,8013.,215.),(825.251,8013.,225.251),(815.,8013.,250.),(825.251,8013.,274.749),(850.,8013.,285.),(874.749,8013.,274.749),(885.,8013.,250.),(874.749,8013.,225.251),(850.,7952.178,223.007),(825.251,7954.831,232.909),(815.,7961.236,256.815),(825.251,7967.642,280.72),(850.,7970.295,290.622),(874.749,7967.642,280.72),(885.,7961.236,256.815),(874.749,7954.831,232.909),(850.,7895.5,246.484),(825.251,7900.626,255.362),(815.,7913.,276.795),(825.251,7925.374,298.228),(850.,7930.5,307.106),(874.749,7925.374,298.228),(885.,7913.,276.795),(874.749,7900.626,255.362),(850.,7846.83,283.83),(825.251,7854.079,291.079),(815.,7871.579,308.579),(825.251,7889.079,326.079),(850.,7896.327,333.327),(874.749,7889.079,326.079),(885.,7871.579,308.579),(874.749,7854.079,291.079),(850.,7809.484,332.5),(825.251,7818.362,337.626),(815.,7839.795,350.),(825.251,7861.228,362.374),(850.,7870.106,367.5),(874.749,7861.228,362.374),(885.,7839.795,350.),(874.749,7818.362,337.626),(850.,7786.007,389.178),(825.251,7795.909,391.831),(815.,7819.815,398.236),(825.251,7843.72,404.642),(850.,7853.622,407.295),(874.749,7843.72,404.642),(885.,7819.815,398.236),(874.749,7795.909,391.831)));
#923=IFCTRIANGULATEDFACESET(#922,$,.T.,((1,9,2),(2,9,10),(2,10,3),(3,10,11),(3,11,4),(4,11,12),(4,12,5),(5,12,13),(5,13,6),(6,13,14),(6,14,7),(7,14,15),(7,15,8),(8,15,16),(8,16,1),(1,16,9),(9,17,10),(10,17,18),(10,18,11),(11,18,19),(11,19,12),(12,19,20),(12,20,13),(13,20,21),(13,21,14),(14,21,22),(14,22,15),(15,22,23),(15,23,16),(16,23,24),(16,24,9),(9,24,17),(17,25,18),(18,25,26),(18,26,19),(19,26,27),(19,27,20),(20,27,28),(20,28,21),(21,28,29),(21,29,22),(22,29,30),(22,30,23),(23,30,31),(23,31,24),(24,31,32),(24,32,17),(17,32,25),(25,33,26),(26,33,34),(26,34,27),(27,34,35),(27,35,28),(28,35,36),(28,36,29),(29,36,37),(29,37,30),(30,37,38),(30,38,31),(31,38,39),(31,39,32),(32,39,40),(32,40,25),(25,40,33),(33,41,34),(34,41,42),(34,42,35),(35,42,43),(35,43,36),(36,43,44),(36,44,37),(37,44,45),(37,45,38),(38,45,46),(38,46,39),(39,46,47),(39,47,40),(40,47,48),(40,48,33),(33,48,41),(41,49,42),(42,49,50),(42,50,43),(43,50,51),(43,51,44),(44,51,52),(44,52,45),(45,52,53),(45,53,46),(46,53,54),(46,54,47),(47,54,55),(47,55,48),(48,55,56),(48,56,41),(41,56,49),(49,57,50),(50,57,58),(50,58,51),(51,58,59),(51,59,52),(52,59,60),(52,60,53),(53,60,61),(53,61,54),(54,61,62),(54,62,55),(55,62,63),(55,63,56),(56,63,64),(56,64,49),(49,64,57),(57,65,58),(58,65,66),(58,66,59),(59,66,67),(59,67,60),(60,67,68),(60,68,61),(61,68,69),(61,69,62),(62,69,70),(62,70,63),(63,70,71),(63,71,64),(64,71,72),(64,72,57),(57,72,65),(65,73,66),(66,73,74),(66,74,67),(67,74,75),(67,75,68),(68,75,76),(68,76,69),(69,76,77),(69,77,70),(70,77,78),(70,78,71),(71,78,79),(71,79,72),(72,79,80),(72,80,65),(65,80,73),(73,81,74),(74,81,82),(74,82,75),(75,82,83),(75,83,76),(76,83,84),(76,84,77),(77,84,85),(77,85,78),(78,85,86),(78,86,79),(79,86,87),(79,87,80),(80,87,88),(80,88,73),(73,88,81),(81,89,82),(82,89,90),(82,90,83),(83,90,91),(83,91,84),(84,91,92),(84,92,85),(85,92,93),(85,93,86),(86,93,94),(86,94,87),(87,94,95),(87,95,88),(88,95,96),(88,96,81),(81,96,89),(89,97,90),(90,97,98),(90,98,91),(91,98,99),(91,99,92),(92,99,100),(92,100,93),(93,100,101),(93,101,94),(94,101,102),(94,102,95),(95,102,103),(95,103,96),(96,103,104),(96,104,89),(89,104,97),(97,105,98),(98,105,106),(98,106,99),(99,106,107),(99,107,100),(100,107,108),(100,108,101),(101,108,109),(101,109,102),(102,109,110),(102,110,103),(103,110,111),(103,111,104),(104,111,112),(104,112,97),(97,112,105),(105,113,106),(106,113,114),(106,114,107),(107,114,115),(107,115,108),(108,115,116),(108,116,109),(109,116,117),(109,117,110),(110,117,118),(110,118,111),(111,118,119),(111,119,112),(112,119,120),(112,120,105),(105,120,113),(113,121,114),(114,121,122),(114,122,115),(115,122,123),(115,123,116),(116,123,124),(116,124,117),(117,124,125),(117,125,118),(118,125,126),(118,126,119),(119,126,127),(119,127,120),(120,127,128),(120,128,113),(113,128,121),(121,129,122),(122,129,130),(122,130,123),(123,130,131),(123,131,124),(124,131,132),(124,132,125),(125,132,133),(125,133,126),(126,133,134),(126,134,127),(127,134,135),(127,135,128),(128,135,136),(128,136,121),(121,136,129),(129,137,130),(130,137,138),(130,138,131),(131,138,139),(131,139,132),(132,139,140),(132,140,133),(133,140,141),(133,141,134),(134,141,142),(134,142,135),(135,142,143),(135,143,136),(136,143,144),(136,144,129),(129,144,137),(137,145,138),(138,145,146),(138,146,139),(139,146,147),(139,147,140),(140,147,148),(140,148,141),(141,148,149),(141,149,142),(142,149,150),(142,150,143),(143,150,151),(143,151,144),(144,151,152),(144,152,137),(137,152,145),(145,153,146),(146,153,154),(146,154,147),(147,154,155),(147,155,148),(148,155,156),(148,156,149),(149,156,157),(149,157,150),(150,157,158),(150,158,151),(151,158,159),(151,159,152),(152,159,160),(152,160,145),(145,160,153),(153,161,154),(154,161,162),(154,162,155),(155,162,163),(155,163,156),(156,163,164),(156,164,157),(157,164,165),(157,165,158),(158,165,166),(158,166,159),(159,166,167),(159,167,160),(160,167,168),(160,168,153),(153,168,161),(161,169,162),(162,169,170),(162,170,163),(163,170,171),(163,171,164),(164,171,172),(164,172,165),(165,172,173),(165,173,166),(166,173,174),(166,174,167),(167,174,175),(167,175,168),(168,175,176),(168,176,161),(161,176,169),(169,177,170),(170,177,178),(170,178,171),(171,178,179),(171,179,172),(172,179,180),(172,180,173),(173,180,181),(173,181,174),(174,181,182),(174,182,175),(175,182,183),(175,183,176),(176,183,184),(176,184,169),(169,184,177),(177,185,178),(178,185,186),(178,186,179),(179,186,187),(179,187,180),(180,187,188),(180,188,181),(181,188,189),(181,189,182),(182,189,190),(182,190,183),(183,190,191),(183,191,184),(184,191,192),(184,192,177),(177,192,185),(185,1,186),(186,1,2),(186,2,187),(187,2,3),(187,3,188),(188,3,4),(188,4,189),(189,4,5),(189,5,190),(190,5,6),(190,6,191),(191,6,7),(191,7,192),(192,7,8),(192,8,185),(185,8,1)),$);
#924=IFCCARTESIANPOINTLIST3D(((580.,8243.,1950.),(580.,8243.,1938.),(580.,7743.,1938.),(580.,7743.,1950.),(583.708204,8243.,1938.587316),(583.708204,7743.,1938.587316),(587.05342,8243.,1940.291796),(587.05342,7743.,1940.291796),(589.708204,8243.,1942.94658),(589.708204,7743.,1942.94658),(591.412684,8243.,1946.291796),(591.412684,7743.,1946.291796),(592.,8243.,1950.),(592.,7743.,1950.),(591.412684,8243.,1953.708204),(591.412684,7743.,1953.708204),(589.708204,8243.,1957.05342),(589.708204,7743.,1957.05342),(587.05342,8243.,1959.708204),(587.05342,7743.,1959.708204),(583.708204,8243.,1961.412684),(583.708204,7743.,1961.412684),(580.,8243.,1962.),(580.,7743.,1962.),(576.291796,8243.,1961.412684),(576.291796,7743.,1961.412684),(572.94658,8243.,1959.708204),(572.94658,7743.,1959.708204),(570.291796,8243.,1957.05342),(570.291796,7743.,1957.05342),(568.587316,8243.,1953.708204),(568.587316,7743.,1953.708204),(568.,8243.,1950.),(568.,7743.,1950.),(568.587316,8243.,1946.291796),(568.587316,7743.,1946.291796),(570.291796,8243.,1942.94658),(570.291796,7743.,1942.94658),(572.94658,8243.,1940.291796),(572.94658,7743.,1940.291796),(576.291796,8243.,1938.587316),(576.291796,7743.,1938.587316)));
#925=IFCTRIANGULATEDFACESET(#924,$,.T.,((2,1,5),(2,5,3),(3,5,6),(3,6,4),(5,1,7),(5,7,6),(6,7,8),(6,8,4),(7,1,9),(7,9,8),(8,9,10),(8,10,4),(9,1,11),(9,11,10),(10,11,12),(10,12,4),(11,1,13),(11,13,12),(12,13,14),(12,14,4),(13,1,15),(13,15,14),(14,15,16),(14,16,4),(15,1,17),(15,17,16),(16,17,18),(16,18,4),(17,1,19),(17,19,18),(18,19,20),(18,20,4),(19,1,21),(19,21,20),(20,21,22),(20,22,4),(21,1,23),(21,23,22),(22,23,24),(22,24,4),(23,1,25),(23,25,24),(24,25,26),(24,26,4),(25,1,27),(25,27,26),(26,27,28),(26,28,4),(27,1,29),(27,29,28),(28,29,30),(28,30,4),(29,1,31),(29,31,30),(30,31,32),(30,32,4),(31,1,33),(31,33,32),(32,33,34),(32,34,4),(33,1,35),(33,35,34),(34,35,36),(34,36,4),(35,1,37),(35,37,36),(36,37,38),(36,38,4),(37,1,39),(37,39,38),(38,39,40),(38,40,4),(39,1,41),(39,41,40),(40,41,42),(40,42,4),(41,1,2),(41,2,42),(42,2,3),(42,3,4)),$);
#926=IFCSHAPEREPRESENTATION(#6,'Body','Tessellation',(#921,#923,#925));
#927=IFCPRODUCTDEFINITIONSHAPE($,$,(#926));
#928=IFCFURNISHINGELEMENT('3QxijZhUnQeO_sQpZvSSIF',$,'Laundry','Authored furniture assembly',$,#19,#927,'F0-utility/laundry');
#929=IFCPROPERTYSINGLEVALUE('ReviewStatus',$,IFCLABEL('PRELIMINARY - NOT FOR CONSTRUCTION'),$);
#930=IFCPROPERTYSINGLEVALUE('PlanHash',$,IFCLABEL('9bdd75bf2ea4a15314ae6a886c801c8d1d01f7572e2e002ab2ad73d238ef7a80'),$);
#931=IFCPROPERTYSET('1Z36mudPHGuP8qIaWiaYbo',$,'FloorForge_Review',$,(#929,#930));
#932=IFCRELDEFINESBYPROPERTIES('1q3un409fREB0G0tsRZeCU',$,$,$,(#928),#931);
#933=IFCCARTESIANPOINTLIST3D(((4940.,5125.,70.),(4940.,5125.,280.),(4940.,7175.,70.),(4940.,7175.,280.),(6440.,5125.,70.),(6440.,5125.,280.),(6440.,7175.,70.),(6440.,7175.,280.)));
#934=IFCTRIANGULATEDFACESET(#933,$,.T.,((2,4,1),(5,2,1),(1,4,3),(3,5,1),(2,8,4),(6,2,5),(6,8,2),(4,8,3),(7,5,3),(3,8,7),(7,6,5),(8,6,7)),$);
#935=IFCCARTESIANPOINTLIST3D(((4951.699,5141.699,296.699),(4944.407,5134.407,317.514),(4941.967,5131.967,348.333),(4941.967,5131.967,390.),(4941.967,5131.967,431.667),(4944.407,5134.407,462.486),(4951.699,5141.699,483.301),(4941.967,5456.667,286.967),(4926.464,5456.667,309.54),(4920.,5456.667,348.333),(4920.,5456.667,390.),(4920.,5456.667,431.667),(4926.464,5456.667,470.46),(4941.967,5456.667,493.033),(4941.967,5803.333,286.967),(4926.464,5803.333,309.54),(4920.,5803.333,348.333),(4920.,5803.333,390.),(4920.,5803.333,431.667),(4926.464,5803.333,470.46),(4941.967,5803.333,493.033),(4941.967,6150.,286.967),(4926.464,6150.,309.54),(4920.,6150.,348.333),(4920.,6150.,390.),(4920.,6150.,431.667),(4926.464,6150.,470.46),(4941.967,6150.,493.033),(4941.967,6496.667,286.967),(4926.464,6496.667,309.54),(4920.,6496.667,348.333),(4920.,6496.667,390.),(4920.,6496.667,431.667),(4926.464,6496.667,470.46),(4941.967,6496.667,493.033),(4941.967,6843.333,286.967),(4926.464,6843.333,309.54),(4920.,6843.333,348.333),(4920.,6843.333,390.),(4920.,6843.333,431.667),(4926.464,6843.333,470.46),(4941.967,6843.333,493.033),(4951.699,7158.301,296.699),(4944.407,7165.593,317.514),(4941.967,7168.033,348.333),(4941.967,7168.033,390.),(4941.967,7168.033,431.667),(4944.407,7165.593,462.486),(4951.699,7158.301,483.301),(6428.301,5141.699,296.699),(6435.593,5134.407,317.514),(6438.033,5131.967,348.333),(6438.033,5131.967,390.),(6438.033,5131.967,431.667),(6435.593,5134.407,462.486),(6428.301,5141.699,483.301),(6438.033,5456.667,286.967),(6453.536,5456.667,309.54),(6460.,5456.667,348.333),(6460.,5456.667,390.),(6460.,5456.667,431.667),(6453.536,5456.667,470.46),(6438.033,5456.667,493.033),(6438.033,5803.333,286.967),(6453.536,5803.333,309.54),(6460.,5803.333,348.333),(6460.,5803.333,390.),(6460.,5803.333,431.667),(6453.536,5803.333,470.46),(6438.033,5803.333,493.033),(6438.033,6150.,286.967),(6453.536,6150.,309.54),(6460.,6150.,348.333),(6460.,6150.,390.),(6460.,6150.,431.667),(6453.536,6150.,470.46),(6438.033,6150.,493.033),(6438.033,6496.667,286.967),(6453.536,6496.667,309.54),(6460.,6496.667,348.333),(6460.,6496.667,390.),(6460.,6496.667,431.667),(6453.536,6496.667,470.46),(6438.033,6496.667,493.033),(6438.033,6843.333,286.967),(6453.536,6843.333,309.54),(6460.,6843.333,348.333),(6460.,6843.333,390.),(6460.,6843.333,431.667),(6453.536,6843.333,470.46),(6438.033,6843.333,493.033),(6428.301,7158.301,296.699),(6435.593,7165.593,317.514),(6438.033,7168.033,348.333),(6438.033,7168.033,390.),(6438.033,7168.033,431.667),(6435.593,7165.593,462.486),(6428.301,7158.301,483.301),(5176.667,5131.967,286.967),(5176.667,5116.464,309.54),(5176.667,5110.,348.333),(5176.667,5110.,390.),(5176.667,5110.,431.667),(5176.667,5116.464,470.46),(5176.667,5131.967,493.033),(5433.333,5131.967,286.967),(5433.333,5116.464,309.54),(5433.333,5110.,348.333),(5433.333,5110.,390.),(5433.333,5110.,431.667),(5433.333,5116.464,470.46),(5433.333,5131.967,493.033),(5690.,5131.967,286.967),(5690.,5116.464,309.54),(5690.,5110.,348.333),(5690.,5110.,390.),(5690.,5110.,431.667),(5690.,5116.464,470.46),(5690.,5131.967,493.033),(5946.667,5131.967,286.967),(5946.667,5116.464,309.54),(5946.667,5110.,348.333),(5946.667,5110.,390.),(5946.667,5110.,431.667),(5946.667,5116.464,470.46),(5946.667,5131.967,493.033),(6203.333,5131.967,286.967),(6203.333,5116.464,309.54),(6203.333,5110.,348.333),(6203.333,5110.,390.),(6203.333,5110.,431.667),(6203.333,5116.464,470.46),(6203.333,5131.967,493.033),(5176.667,7168.033,286.967),(5176.667,7183.536,309.54),(5176.667,7190.,348.333),(5176.667,7190.,390.),(5176.667,7190.,431.667),(5176.667,7183.536,470.46),(5176.667,7168.033,493.033),(5433.333,7168.033,286.967),(5433.333,7183.536,309.54),(5433.333,7190.,348.333),(5433.333,7190.,390.),(5433.333,7190.,431.667),(5433.333,7183.536,470.46),(5433.333,7168.033,493.033),(5690.,7168.033,286.967),(5690.,7183.536,309.54),(5690.,7190.,348.333),(5690.,7190.,390.),(5690.,7190.,431.667),(5690.,7183.536,470.46),(5690.,7168.033,493.033),(5946.667,7168.033,286.967),(5946.667,7183.536,309.54),(5946.667,7190.,348.333),(5946.667,7190.,390.),(5946.667,7190.,431.667),(5946.667,7183.536,470.46),(5946.667,7168.033,493.033),(6203.333,7168.033,286.967),(6203.333,7183.536,309.54),(6203.333,7190.,348.333),(6203.333,7190.,390.),(6203.333,7190.,431.667),(6203.333,7183.536,470.46),(6203.333,7168.033,493.033),(5176.667,5456.667,265.),(5176.667,5803.333,265.),(5176.667,6150.,265.),(5176.667,6496.667,265.),(5176.667,6843.333,265.),(5433.333,5456.667,265.),(5433.333,5803.333,265.),(5433.333,6150.,265.),(5433.333,6496.667,265.),(5433.333,6843.333,265.),(5690.,5456.667,265.),(5690.,5803.333,265.),(5690.,6150.,265.),(5690.,6496.667,265.),(5690.,6843.333,265.),(5946.667,5456.667,265.),(5946.667,5803.333,265.),(5946.667,6150.,265.),(5946.667,6496.667,265.),(5946.667,6843.333,265.),(6203.333,5456.667,265.),(6203.333,5803.333,265.),(6203.333,6150.,265.),(6203.333,6496.667,265.),(6203.333,6843.333,265.),(5176.667,5456.667,515.),(5176.667,5803.333,515.),(5176.667,6150.,515.),(5176.667,6496.667,515.),(5176.667,6843.333,515.),(5433.333,5456.667,515.),(5433.333,5803.333,515.),(5433.333,6150.,515.),(5433.333,6496.667,515.),(5433.333,6843.333,515.),(5690.,5456.667,515.),(5690.,5803.333,515.),(5690.,6150.,515.),(5690.,6496.667,515.),(5690.,6843.333,515.),(5946.667,5456.667,515.),(5946.667,5803.333,515.),(5946.667,6150.,515.),(5946.667,6496.667,515.),(5946.667,6843.333,515.),(6203.333,5456.667,515.),(6203.333,5803.333,515.),(6203.333,6150.,515.),(6203.333,6496.667,515.),(6203.333,6843.333,515.)));
#936=IFCTRIANGULATEDFACESET(#935,$,.T.,((1,2,9),(1,9,8),(2,3,10),(2,10,9),(3,4,11),(3,11,10),(4,5,12),(4,12,11),(5,6,13),(5,13,12),(6,7,14),(6,14,13),(8,9,16),(8,16,15),(9,10,17),(9,17,16),(10,11,18),(10,18,17),(11,12,19),(11,19,18),(12,13,20),(12,20,19),(13,14,21),(13,21,20),(15,16,23),(15,23,22),(16,17,24),(16,24,23),(17,18,25),(17,25,24),(18,19,26),(18,26,25),(19,20,27),(19,27,26),(20,21,28),(20,28,27),(22,23,30),(22,30,29),(23,24,31),(23,31,30),(24,25,32),(24,32,31),(25,26,33),(25,33,32),(26,27,34),(26,34,33),(27,28,35),(27,35,34),(29,30,37),(29,37,36),(30,31,38),(30,38,37),(31,32,39),(31,39,38),(32,33,40),(32,40,39),(33,34,41),(33,41,40),(34,35,42),(34,42,41),(36,37,44),(36,44,43),(37,38,45),(37,45,44),(38,39,46),(38,46,45),(39,40,47),(39,47,46),(40,41,48),(40,48,47),(41,42,49),(41,49,48),(58,51,50),(57,58,50),(59,52,51),(58,59,51),(60,53,52),(59,60,52),(61,54,53),(60,61,53),(62,55,54),(61,62,54),(63,56,55),(62,63,55),(65,58,57),(64,65,57),(66,59,58),(65,66,58),(67,60,59),(66,67,59),(68,61,60),(67,68,60),(69,62,61),(68,69,61),(70,63,62),(69,70,62),(72,65,64),(71,72,64),(73,66,65),(72,73,65),(74,67,66),(73,74,66),(75,68,67),(74,75,67),(76,69,68),(75,76,68),(77,70,69),(76,77,69),(79,72,71),(78,79,71),(80,73,72),(79,80,72),(81,74,73),(80,81,73),(82,75,74),(81,82,74),(83,76,75),(82,83,75),(84,77,76),(83,84,76),(86,79,78),(85,86,78),(87,80,79),(86,87,79),(88,81,80),(87,88,80),(89,82,81),(88,89,81),(90,83,82),(89,90,82),(91,84,83),(90,91,83),(93,86,85),(92,93,85),(94,87,86),(93,94,86),(95,88,87),(94,95,87),(96,89,88),(95,96,88),(97,90,89),(96,97,89),(98,91,90),(97,98,90),(100,2,1),(99,100,1),(101,3,2),(100,101,2),(102,4,3),(101,102,3),(103,5,4),(102,103,4),(104,6,5),(103,104,5),(105,7,6),(104,105,6),(107,100,99),(106,107,99),(108,101,100),(107,108,100),(109,102,101),(108,109,101),(110,103,102),(109,110,102),(111,104,103),(110,111,103),(112,105,104),(111,112,104),(114,107,106),(113,114,106),(115,108,107),(114,115,107),(116,109,108),(115,116,108),(117,110,109),(116,117,109),(118,111,110),(117,118,110),(119,112,111),(118,119,111),(121,114,113),(120,121,113),(122,115,114),(121,122,114),(123,116,115),(122,123,115),(124,117,116),(123,124,116),(125,118,117),(124,125,117),(126,119,118),(125,126,118),(128,121,120),(127,128,120),(129,122,121),(128,129,121),(130,123,122),(129,130,122),(131,124,123),(130,131,123),(132,125,124),(131,132,124),(133,126,125),(132,133,125),(51,128,127),(50,51,127),(52,129,128),(51,52,128),(53,130,129),(52,53,129),(54,131,130),(53,54,130),(55,132,131),(54,55,131),(56,133,132),(55,56,132),(43,44,135),(43,135,134),(44,45,136),(44,136,135),(45,46,137),(45,137,136),(46,47,138),(46,138,137),(47,48,139),(47,139,138),(48,49,140),(48,140,139),(134,135,142),(134,142,141),(135,136,143),(135,143,142),(136,137,144),(136,144,143),(137,138,145),(137,145,144),(138,139,146),(138,146,145),(139,140,147),(139,147,146),(141,142,149),(141,149,148),(142,143,150),(142,150,149),(143,144,151),(143,151,150),(144,145,152),(144,152,151),(145,146,153),(145,153,152),(146,147,154),(146,154,153),(148,149,156),(148,156,155),(149,150,157),(149,157,156),(150,151,158),(150,158,157),(151,152,159),(151,159,158),(152,153,160),(152,160,159),(153,154,161),(153,161,160),(155,156,163),(155,163,162),(156,157,164),(156,164,163),(157,158,165),(157,165,164),(158,159,166),(158,166,165),(159,160,167),(159,167,166),(160,161,168),(160,168,167),(162,163,93),(162,93,92),(163,164,94),(163,94,93),(164,165,95),(164,95,94),(165,166,96),(165,96,95),(166,167,97),(166,97,96),(167,168,98),(167,98,97),(1,8,169),(1,169,99),(8,15,170),(8,170,169),(15,22,171),(15,171,170),(22,29,172),(22,172,171),(29,36,173),(29,173,172),(36,43,134),(36,134,173),(99,169,174),(99,174,106),(169,170,175),(169,175,174),(170,171,176),(170,176,175),(171,172,177),(171,177,176),(172,173,178),(172,178,177),(173,134,141),(173,141,178),(106,174,179),(106,179,113),(174,175,180),(174,180,179),(175,176,181),(175,181,180),(176,177,182),(176,182,181),(177,178,183),(177,183,182),(178,141,148),(178,148,183),(113,179,184),(113,184,120),(179,180,185),(179,185,184),(180,181,186),(180,186,185),(181,182,187),(181,187,186),(182,183,188),(182,188,187),(183,148,155),(183,155,188),(120,184,189),(120,189,127),(184,185,190),(184,190,189),(185,186,191),(185,191,190),(186,187,192),(186,192,191),(187,188,193),(187,193,192),(188,155,162),(188,162,193),(127,189,57),(127,57,50),(189,190,64),(189,64,57),(190,191,71),(190,71,64),(191,192,78),(191,78,71),(192,193,85),(192,85,78),(193,162,92),(193,92,85),(194,14,7),(105,194,7),(195,21,14),(194,195,14),(196,28,21),(195,196,21),(197,35,28),(196,197,28),(198,42,35),(197,198,35),(140,49,42),(198,140,42),(199,194,105),(112,199,105),(200,195,194),(199,200,194),(201,196,195),(200,201,195),(202,197,196),(201,202,196),(203,198,197),(202,203,197),(147,140,198),(203,147,198),(204,199,112),(119,204,112),(205,200,199),(204,205,199),(206,201,200),(205,206,200),(207,202,201),(206,207,201),(208,203,202),(207,208,202),(154,147,203),(208,154,203),(209,204,119),(126,209,119),(210,205,204),(209,210,204),(211,206,205),(210,211,205),(212,207,206),(211,212,206),(213,208,207),(212,213,207),(161,154,208),(213,161,208),(214,209,126),(133,214,126),(215,210,209),(214,215,209),(216,211,210),(215,216,210),(217,212,211),(216,217,211),(218,213,212),(217,218,212),(168,161,213),(218,168,213),(63,214,133),(56,63,133),(70,215,214),(63,70,214),(77,216,215),(70,77,215),(84,217,216),(77,84,216),(91,218,217),(84,91,217),(98,168,218),(91,98,218)),$);
#937=IFCCARTESIANPOINTLIST3D(((4782.751,5052.751,92.751),(4777.302,5047.302,283.333),(4777.302,5047.302,491.667),(4777.302,5047.302,700.),(4777.302,5047.302,908.333),(4777.302,5047.302,1116.667),(4782.751,5052.751,1307.249),(4779.15,5062.412,89.15),(4769.795,5057.512,283.333),(4769.795,5057.512,491.667),(4769.795,5057.512,700.),(4769.795,5057.512,908.333),(4769.795,5057.512,1116.667),(4779.15,5062.412,1310.85),(4777.318,5075.587,87.318),(4765.048,5075.002,283.333),(4765.048,5075.002,491.667),(4765.048,5075.002,700.),(4765.048,5075.002,908.333),(4765.048,5075.002,1116.667),(4777.318,5075.587,1312.682),(4777.302,5095.,87.302),(4765.,5095.,283.333),(4765.,5095.,491.667),(4765.,5095.,700.),(4765.,5095.,908.333),(4765.,5095.,1116.667),(4777.302,5095.,1312.698),(4777.318,5114.413,87.318),(4765.048,5114.998,283.333),(4765.048,5114.998,491.667),(4765.048,5114.998,700.),(4765.048,5114.998,908.333),(4765.048,5114.998,1116.667),(4777.318,5114.413,1312.682),(4779.15,5127.588,89.15),(4769.795,5132.488,283.333),(4769.795,5132.488,491.667),(4769.795,5132.488,700.),(4769.795,5132.488,908.333),(4769.795,5132.488,1116.667),(4779.15,5127.588,1310.85),(4782.751,5137.249,92.751),(4777.302,5142.698,283.333),(4777.302,5142.698,491.667),(4777.302,5142.698,700.),(4777.302,5142.698,908.333),(4777.302,5142.698,1116.667),(4782.751,5137.249,1307.249),(6597.249,5052.751,92.751),(6602.698,5047.302,283.333),(6602.698,5047.302,491.667),(6602.698,5047.302,700.),(6602.698,5047.302,908.333),(6602.698,5047.302,1116.667),(6597.249,5052.751,1307.249),(6600.85,5062.412,89.15),(6610.205,5057.512,283.333),(6610.205,5057.512,491.667),(6610.205,5057.512,700.),(6610.205,5057.512,908.333),(6610.205,5057.512,1116.667),(6600.85,5062.412,1310.85),(6602.682,5075.587,87.318),(6614.952,5075.002,283.333),(6614.952,5075.002,491.667),(6614.952,5075.002,700.),(6614.952,5075.002,908.333),(6614.952,5075.002,1116.667),(6602.682,5075.587,1312.682),(6602.698,5095.,87.302),(6615.,5095.,283.333),(6615.,5095.,491.667),(6615.,5095.,700.),(6615.,5095.,908.333),(6615.,5095.,1116.667),(6602.698,5095.,1312.698),(6602.682,5114.413,87.318),(6614.952,5114.998,283.333),(6614.952,5114.998,491.667),(6614.952,5114.998,700.),(6614.952,5114.998,908.333),(6614.952,5114.998,1116.667),(6602.682,5114.413,1312.682),(6600.85,5127.588,89.15),(6610.205,5132.488,283.333),(6610.205,5132.488,491.667),(6610.205,5132.488,700.),(6610.205,5132.488,908.333),(6610.205,5132.488,1116.667),(6600.85,5127.588,1310.85),(6597.249,5137.249,92.751),(6602.698,5142.698,283.333),(6602.698,5142.698,491.667),(6602.698,5142.698,700.),(6602.698,5142.698,908.333),(6602.698,5142.698,1116.667),(6597.249,5137.249,1307.249),(5073.333,5047.302,87.302),(5073.333,5035.,283.333),(5073.333,5035.,491.667),(5073.333,5035.,700.),(5073.333,5035.,908.333),(5073.333,5035.,1116.667),(5073.333,5047.302,1312.698),(5381.667,5047.302,87.302),(5381.667,5035.,283.333),(5381.667,5035.,491.667),(5381.667,5035.,700.),(5381.667,5035.,908.333),(5381.667,5035.,1116.667),(5381.667,5047.302,1312.698),(5690.,5047.302,87.302),(5690.,5035.,283.333),(5690.,5035.,491.667),(5690.,5035.,700.),(5690.,5035.,908.333),(5690.,5035.,1116.667),(5690.,5047.302,1312.698),(5998.333,5047.302,87.302),(5998.333,5035.,283.333),(5998.333,5035.,491.667),(5998.333,5035.,700.),(5998.333,5035.,908.333),(5998.333,5035.,1116.667),(5998.333,5047.302,1312.698),(6306.667,5047.302,87.302),(6306.667,5035.,283.333),(6306.667,5035.,491.667),(6306.667,5035.,700.),(6306.667,5035.,908.333),(6306.667,5035.,1116.667),(6306.667,5047.302,1312.698),(5073.333,5142.698,87.302),(5073.333,5155.,283.333),(5073.333,5155.,491.667),(5073.333,5155.,700.),(5073.333,5155.,908.333),(5073.333,5155.,1116.667),(5073.333,5142.698,1312.698),(5381.667,5142.698,87.302),(5381.667,5155.,283.333),(5381.667,5155.,491.667),(5381.667,5155.,700.),(5381.667,5155.,908.333),(5381.667,5155.,1116.667),(5381.667,5142.698,1312.698),(5690.,5142.698,87.302),(5690.,5155.,283.333),(5690.,5155.,491.667),(5690.,5155.,700.),(5690.,5155.,908.333),(5690.,5155.,1116.667),(5690.,5142.698,1312.698),(5998.333,5142.698,87.302),(5998.333,5155.,283.333),(5998.333,5155.,491.667),(5998.333,5155.,700.),(5998.333,5155.,908.333),(5998.333,5155.,1116.667),(5998.333,5142.698,1312.698),(6306.667,5142.698,87.302),(6306.667,5155.,283.333),(6306.667,5155.,491.667),(6306.667,5155.,700.),(6306.667,5155.,908.333),(6306.667,5155.,1116.667),(6306.667,5142.698,1312.698),(5073.333,5057.512,79.795),(5073.333,5075.002,75.048),(5073.333,5095.,75.),(5073.333,5114.998,75.048),(5073.333,5132.488,79.795),(5381.667,5057.512,79.795),(5381.667,5075.002,75.048),(5381.667,5095.,75.),(5381.667,5114.998,75.048),(5381.667,5132.488,79.795),(5690.,5057.512,79.795),(5690.,5075.002,75.048),(5690.,5095.,75.),(5690.,5114.998,75.048),(5690.,5132.488,79.795),(5998.333,5057.512,79.795),(5998.333,5075.002,75.048),(5998.333,5095.,75.),(5998.333,5114.998,75.048),(5998.333,5132.488,79.795),(6306.667,5057.512,79.795),(6306.667,5075.002,75.048),(6306.667,5095.,75.),(6306.667,5114.998,75.048),(6306.667,5132.488,79.795),(5073.333,5057.512,1320.205),(5073.333,5075.002,1324.952),(5073.333,5095.,1325.),(5073.333,5114.998,1324.952),(5073.333,5132.488,1320.205),(5381.667,5057.512,1320.205),(5381.667,5075.002,1324.952),(5381.667,5095.,1325.),(5381.667,5114.998,1324.952),(5381.667,5132.488,1320.205),(5690.,5057.512,1320.205),(5690.,5075.002,1324.952),(5690.,5095.,1325.),(5690.,5114.998,1324.952),(5690.,5132.488,1320.205),(5998.333,5057.512,1320.205),(5998.333,5075.002,1324.952),(5998.333,5095.,1325.),(5998.333,5114.998,1324.952),(5998.333,5132.488,1320.205),(6306.667,5057.512,1320.205),(6306.667,5075.002,1324.952),(6306.667,5095.,1325.),(6306.667,5114.998,1324.952),(6306.667,5132.488,1320.205)));
#938=IFCTRIANGULATEDFACESET(#937,$,.T.,((1,2,9),(1,9,8),(2,3,10),(2,10,9),(3,4,11),(3,11,10),(4,5,12),(4,12,11),(5,6,13),(5,13,12),(6,7,14),(6,14,13),(8,9,16),(8,16,15),(9,10,17),(9,17,16),(10,11,18),(10,18,17),(11,12,19),(11,19,18),(12,13,20),(12,20,19),(13,14,21),(13,21,20),(15,16,23),(15,23,22),(16,17,24),(16,24,23),(17,18,25),(17,25,24),(18,19,26),(18,26,25),(19,20,27),(19,27,26),(20,21,28),(20,28,27),(22,23,30),(22,30,29),(23,24,31),(23,31,30),(24,25,32),(24,32,31),(25,26,33),(25,33,32),(26,27,34),(26,34,33),(27,28,35),(27,35,34),(29,30,37),(29,37,36),(30,31,38),(30,38,37),(31,32,39),(31,39,38),(32,33,40),(32,40,39),(33,34,41),(33,41,40),(34,35,42),(34,42,41),(36,37,44),(36,44,43),(37,38,45),(37,45,44),(38,39,46),(38,46,45),(39,40,47),(39,47,46),(40,41,48),(40,48,47),(41,42,49),(41,49,48),(58,51,50),(57,58,50),(59,52,51),(58,59,51),(60,53,52),(59,60,52),(61,54,53),(60,61,53),(62,55,54),(61,62,54),(63,56,55),(62,63,55),(65,58,57),(64,65,57),(66,59,58),(65,66,58),(67,60,59),(66,67,59),(68,61,60),(67,68,60),(69,62,61),(68,69,61),(70,63,62),(69,70,62),(72,65,64),(71,72,64),(73,66,65),(72,73,65),(74,67,66),(73,74,66),(75,68,67),(74,75,67),(76,69,68),(75,76,68),(77,70,69),(76,77,69),(79,72,71),(78,79,71),(80,73,72),(79,80,72),(81,74,73),(80,81,73),(82,75,74),(81,82,74),(83,76,75),(82,83,75),(84,77,76),(83,84,76),(86,79,78),(85,86,78),(87,80,79),(86,87,79),(88,81,80),(87,88,80),(89,82,81),(88,89,81),(90,83,82),(89,90,82),(91,84,83),(90,91,83),(93,86,85),(92,93,85),(94,87,86),(93,94,86),(95,88,87),(94,95,87),(96,89,88),(95,96,88),(97,90,89),(96,97,89),(98,91,90),(97,98,90),(100,2,1),(99,100,1),(101,3,2),(100,101,2),(102,4,3),(101,102,3),(103,5,4),(102,103,4),(104,6,5),(103,104,5),(105,7,6),(104,105,6),(107,100,99),(106,107,99),(108,101,100),(107,108,100),(109,102,101),(108,109,101),(110,103,102),(109,110,102),(111,104,103),(110,111,103),(112,105,104),(111,112,104),(114,107,106),(113,114,106),(115,108,107),(114,115,107),(116,109,108),(115,116,108),(117,110,109),(116,117,109),(118,111,110),(117,118,110),(119,112,111),(118,119,111),(121,114,113),(120,121,113),(122,115,114),(121,122,114),(123,116,115),(122,123,115),(124,117,116),(123,124,116),(125,118,117),(124,125,117),(126,119,118),(125,126,118),(128,121,120),(127,128,120),(129,122,121),(128,129,121),(130,123,122),(129,130,122),(131,124,123),(130,131,123),(132,125,124),(131,132,124),(133,126,125),(132,133,125),(51,128,127),(50,51,127),(52,129,128),(51,52,128),(53,130,129),(52,53,129),(54,131,130),(53,54,130),(55,132,131),(54,55,131),(56,133,132),(55,56,132),(43,44,135),(43,135,134),(44,45,136),(44,136,135),(45,46,137),(45,137,136),(46,47,138),(46,138,137),(47,48,139),(47,139,138),(48,49,140),(48,140,139),(134,135,142),(134,142,141),(135,136,143),(135,143,142),(136,137,144),(136,144,143),(137,138,145),(137,145,144),(138,139,146),(138,146,145),(139,140,147),(139,147,146),(141,142,149),(141,149,148),(142,143,150),(142,150,149),(143,144,151),(143,151,150),(144,145,152),(144,152,151),(145,146,153),(145,153,152),(146,147,154),(146,154,153),(148,149,156),(148,156,155),(149,150,157),(149,157,156),(150,151,158),(150,158,157),(151,152,159),(151,159,158),(152,153,160),(152,160,159),(153,154,161),(153,161,160),(155,156,163),(155,163,162),(156,157,164),(156,164,163),(157,158,165),(157,165,164),(158,159,166),(158,166,165),(159,160,167),(159,167,166),(160,161,168),(160,168,167),(162,163,93),(162,93,92),(163,164,94),(163,94,93),(164,165,95),(164,95,94),(165,166,96),(165,96,95),(166,167,97),(166,97,96),(167,168,98),(167,98,97),(1,8,169),(1,169,99),(8,15,170),(8,170,169),(15,22,171),(15,171,170),(22,29,172),(22,172,171),(29,36,173),(29,173,172),(36,43,134),(36,134,173),(99,169,174),(99,174,106),(169,170,175),(169,175,174),(170,171,176),(170,176,175),(171,172,177),(171,177,176),(172,173,178),(172,178,177),(173,134,141),(173,141,178),(106,174,179),(106,179,113),(174,175,180),(174,180,179),(175,176,181),(175,181,180),(176,177,182),(176,182,181),(177,178,183),(177,183,182),(178,141,148),(178,148,183),(113,179,184),(113,184,120),(179,180,185),(179,185,184),(180,181,186),(180,186,185),(181,182,187),(181,187,186),(182,183,188),(182,188,187),(183,148,155),(183,155,188),(120,184,189),(120,189,127),(184,185,190),(184,190,189),(185,186,191),(185,191,190),(186,187,192),(186,192,191),(187,188,193),(187,193,192),(188,155,162),(188,162,193),(127,189,57),(127,57,50),(189,190,64),(189,64,57),(190,191,71),(190,71,64),(191,192,78),(191,78,71),(192,193,85),(192,85,78),(193,162,92),(193,92,85),(194,14,7),(105,194,7),(195,21,14),(194,195,14),(196,28,21),(195,196,21),(197,35,28),(196,197,28),(198,42,35),(197,198,35),(140,49,42),(198,140,42),(199,194,105),(112,199,105),(200,195,194),(199,200,194),(201,196,195),(200,201,195),(202,197,196),(201,202,196),(203,198,197),(202,203,197),(147,140,198),(203,147,198),(204,199,112),(119,204,112),(205,200,199),(204,205,199),(206,201,200),(205,206,200),(207,202,201),(206,207,201),(208,203,202),(207,208,202),(154,147,203),(208,154,203),(209,204,119),(126,209,119),(210,205,204),(209,210,204),(211,206,205),(210,211,205),(212,207,206),(211,212,206),(213,208,207),(212,213,207),(161,154,208),(213,161,208),(214,209,126),(133,214,126),(215,210,209),(214,215,209),(216,211,210),(215,216,210),(217,212,211),(216,217,211),(218,213,212),(217,218,212),(168,161,213),(218,168,213),(63,214,133),(56,63,133),(70,215,214),(63,70,214),(77,216,215),(70,77,215),(84,217,216),(77,84,216),(91,218,217),(84,91,217),(98,168,218),(91,98,218)),$);
#939=IFCCARTESIANPOINTLIST3D(((5031.794015,5310.118461,520.148),(5026.873674,5304.841053,533.834),(5024.371069,5302.156835,552.498),(5024.347924,5302.13201,580.),(5024.371069,5302.156835,607.502),(5026.873674,5304.841053,626.166),(5031.794015,5310.118461,639.852),(5022.508245,5354.672813,512.427),(5011.880757,5354.300699,526.892),(5005.158876,5354.065337,551.67),(5005.091917,5354.062992,580.),(5005.158876,5354.065337,608.33),(5011.880757,5354.300699,633.108),(5022.508245,5354.672813,647.573),(5020.058745,5424.629942,512.427),(5009.431257,5424.257828,526.892),(5002.709377,5424.022466,551.67),(5002.642418,5424.020121,580.),(5002.709377,5424.022466,608.33),(5009.431257,5424.257828,633.108),(5020.058745,5424.629942,647.573),(5017.609245,5494.587071,512.427),(5006.981758,5494.214957,526.892),(5000.259877,5493.979595,551.67),(5000.192918,5493.977251,580.),(5000.259877,5493.979595,608.33),(5006.981758,5494.214957,633.108),(5017.609245,5494.587071,647.573),(5015.159745,5564.544201,512.427),(5004.532258,5564.172087,526.892),(4997.810377,5563.936725,551.67),(4997.743418,5563.93438,580.),(4997.810377,5563.936725,608.33),(5004.532258,5564.172087,633.108),(5015.159745,5564.544201,647.573),(5012.710245,5634.50133,512.427),(5002.082758,5634.129216,526.892),(4995.360877,5633.893854,551.67),(4995.293918,5633.89151,580.),(4995.360877,5633.893854,608.33),(5002.082758,5634.129216,633.108),(5012.710245,5634.50133,647.573),(5018.857017,5679.596041,520.148),(5013.579608,5684.516383,533.834),(5010.895391,5687.018987,552.498),(5010.870566,5687.042132,580.),(5010.895391,5687.018987,607.502),(5013.579608,5684.516383,626.166),(5018.857017,5679.596041,639.852),(5611.142983,5330.403959,520.148),(5616.420392,5325.483617,533.834),(5619.104609,5322.981013,552.498),(5619.129434,5322.957868,580.),(5619.104609,5322.981013,607.502),(5616.420392,5325.483617,626.166),(5611.142983,5330.403959,639.852),(5617.289755,5375.49867,512.427),(5627.917242,5375.870784,526.892),(5634.639123,5376.106146,551.67),(5634.706082,5376.10849,580.),(5634.639123,5376.106146,608.33),(5627.917242,5375.870784,633.108),(5617.289755,5375.49867,647.573),(5614.840255,5445.455799,512.427),(5625.467742,5445.827913,526.892),(5632.189623,5446.063275,551.67),(5632.256582,5446.06562,580.),(5632.189623,5446.063275,608.33),(5625.467742,5445.827913,633.108),(5614.840255,5445.455799,647.573),(5612.390755,5515.412929,512.427),(5623.018242,5515.785043,526.892),(5629.740123,5516.020405,551.67),(5629.807082,5516.022749,580.),(5629.740123,5516.020405,608.33),(5623.018242,5515.785043,633.108),(5612.390755,5515.412929,647.573),(5609.941255,5585.370058,512.427),(5620.568743,5585.742172,526.892),(5627.290623,5585.977534,551.67),(5627.357582,5585.979879,580.),(5627.290623,5585.977534,608.33),(5620.568743,5585.742172,633.108),(5609.941255,5585.370058,647.573),(5607.491755,5655.327187,512.427),(5618.119243,5655.699301,526.892),(5624.841124,5655.934663,551.67),(5624.908083,5655.937008,580.),(5624.841124,5655.934663,608.33),(5618.119243,5655.699301,633.108),(5607.491755,5655.327187,647.573),(5598.205985,5699.881539,520.148),(5603.126326,5705.158947,533.834),(5605.628931,5707.843165,552.498),(5605.652076,5707.86799,580.),(5605.628931,5707.843165,607.502),(5603.126326,5705.158947,626.166),(5598.205985,5699.881539,639.852),(5111.867291,5305.196439,512.427),(5112.239405,5294.568952,526.892),(5112.474767,5287.847071,551.67),(5112.477111,5287.780112,580.),(5112.474767,5287.847071,608.33),(5112.239405,5294.568952,633.108),(5111.867291,5305.196439,647.573),(5216.802985,5308.870689,512.427),(5217.175099,5298.243202,526.892),(5217.410461,5291.521321,551.67),(5217.412805,5291.454362,580.),(5217.410461,5291.521321,608.33),(5217.175099,5298.243202,633.108),(5216.802985,5308.870689,647.573),(5321.738679,5312.544939,512.427),(5322.110793,5301.917452,526.892),(5322.346155,5295.195571,551.67),(5322.348499,5295.128612,580.),(5322.346155,5295.195571,608.33),(5322.110793,5301.917452,633.108),(5321.738679,5312.544939,647.573),(5426.674373,5316.219189,512.427),(5427.046487,5305.591701,526.892),(5427.281849,5298.869821,551.67),(5427.284194,5298.802862,580.),(5427.281849,5298.869821,608.33),(5427.046487,5305.591701,633.108),(5426.674373,5316.219189,647.573),(5531.610067,5319.893438,512.427),(5531.982181,5309.265951,526.892),(5532.217543,5302.54407,551.67),(5532.219888,5302.477111,580.),(5532.217543,5302.54407,608.33),(5531.982181,5309.265951,633.108),(5531.610067,5319.893438,647.573),(5098.389933,5690.106562,512.427),(5098.017819,5700.734049,526.892),(5097.782457,5707.45593,551.67),(5097.780112,5707.522889,580.),(5097.782457,5707.45593,608.33),(5098.017819,5700.734049,633.108),(5098.389933,5690.106562,647.573),(5203.325627,5693.780811,512.427),(5202.953513,5704.408299,526.892),(5202.718151,5711.130179,551.67),(5202.715806,5711.197138,580.),(5202.718151,5711.130179,608.33),(5202.953513,5704.408299,633.108),(5203.325627,5693.780811,647.573),(5308.261321,5697.455061,512.427),(5307.889207,5708.082548,526.892),(5307.653845,5714.804429,551.67),(5307.651501,5714.871388,580.),(5307.653845,5714.804429,608.33),(5307.889207,5708.082548,633.108),(5308.261321,5697.455061,647.573),(5413.197015,5701.129311,512.427),(5412.824901,5711.756798,526.892),(5412.589539,5718.478679,551.67),(5412.587195,5718.545638,580.),(5412.589539,5718.478679,608.33),(5412.824901,5711.756798,633.108),(5413.197015,5701.129311,647.573),(5518.132709,5704.803561,512.427),(5517.760595,5715.431048,526.892),(5517.525233,5722.152929,551.67),(5517.522889,5722.219888,580.),(5517.525233,5722.152929,608.33),(5517.760595,5715.431048,633.108),(5518.132709,5704.803561,647.573),(5110.027612,5357.737242,495.),(5107.578112,5427.694371,495.),(5105.128612,5497.651501,495.),(5102.679112,5567.60863,495.),(5100.229612,5637.565759,495.),(5214.963306,5361.411492,495.),(5212.513806,5431.368621,495.),(5210.064306,5501.32575,495.),(5207.614806,5571.28288,495.),(5205.165306,5641.240009,495.),(5319.899,5365.085741,495.),(5317.4495,5435.042871,495.),(5315.,5505.,495.),(5312.5505,5574.957129,495.),(5310.101,5644.914259,495.),(5424.834694,5368.759991,495.),(5422.385194,5438.71712,495.),(5419.935694,5508.67425,495.),(5417.486194,5578.631379,495.),(5415.036694,5648.588508,495.),(5529.770388,5372.434241,495.),(5527.320888,5442.39137,495.),(5524.871388,5512.348499,495.),(5522.421888,5582.305629,495.),(5519.972388,5652.262758,495.),(5110.027612,5357.737242,665.),(5107.578112,5427.694371,665.),(5105.128612,5497.651501,665.),(5102.679112,5567.60863,665.),(5100.229612,5637.565759,665.),(5214.963306,5361.411492,665.),(5212.513806,5431.368621,665.),(5210.064306,5501.32575,665.),(5207.614806,5571.28288,665.),(5205.165306,5641.240009,665.),(5319.899,5365.085741,665.),(5317.4495,5435.042871,665.),(5315.,5505.,665.),(5312.5505,5574.957129,665.),(5310.101,5644.914259,665.),(5424.834694,5368.759991,665.),(5422.385194,5438.71712,665.),(5419.935694,5508.67425,665.),(5417.486194,5578.631379,665.),(5415.036694,5648.588508,665.),(5529.770388,5372.434241,665.),(5527.320888,5442.39137,665.),(5524.871388,5512.348499,665.),(5522.421888,5582.305629,665.),(5519.972388,5652.262758,665.)));
#940=IFCTRIANGULATEDFACESET(#939,$,.T.,((1,2,9),(1,9,8),(2,3,10),(2,10,9),(3,4,11),(3,11,10),(4,5,12),(4,12,11),(5,6,13),(5,13,12),(6,7,14),(6,14,13),(8,9,16),(8,16,15),(9,10,17),(9,17,16),(10,11,18),(10,18,17),(11,12,19),(11,19,18),(12,13,20),(12,20,19),(13,14,21),(13,21,20),(15,16,23),(15,23,22),(16,17,24),(16,24,23),(17,18,25),(17,25,24),(18,19,26),(18,26,25),(19,20,27),(19,27,26),(20,21,28),(20,28,27),(22,23,30),(22,30,29),(23,24,31),(23,31,30),(24,25,32),(24,32,31),(25,26,33),(25,33,32),(26,27,34),(26,34,33),(27,28,35),(27,35,34),(29,30,37),(29,37,36),(30,31,38),(30,38,37),(31,32,39),(31,39,38),(32,33,40),(32,40,39),(33,34,41),(33,41,40),(34,35,42),(34,42,41),(36,37,44),(36,44,43),(37,38,45),(37,45,44),(38,39,46),(38,46,45),(39,40,47),(39,47,46),(40,41,48),(40,48,47),(41,42,49),(41,49,48),(58,51,50),(57,58,50),(59,52,51),(58,59,51),(60,53,52),(59,60,52),(61,54,53),(60,61,53),(62,55,54),(61,62,54),(63,56,55),(62,63,55),(65,58,57),(64,65,57),(66,59,58),(65,66,58),(67,60,59),(66,67,59),(68,61,60),(67,68,60),(69,62,61),(68,69,61),(70,63,62),(69,70,62),(72,65,64),(71,72,64),(73,66,65),(72,73,65),(74,67,66),(73,74,66),(75,68,67),(74,75,67),(76,69,68),(75,76,68),(77,70,69),(76,77,69),(79,72,71),(78,79,71),(80,73,72),(79,80,72),(81,74,73),(80,81,73),(82,75,74),(81,82,74),(83,76,75),(82,83,75),(84,77,76),(83,84,76),(86,79,78),(85,86,78),(87,80,79),(86,87,79),(88,81,80),(87,88,80),(89,82,81),(88,89,81),(90,83,82),(89,90,82),(91,84,83),(90,91,83),(93,86,85),(92,93,85),(94,87,86),(93,94,86),(95,88,87),(94,95,87),(96,89,88),(95,96,88),(97,90,89),(96,97,89),(98,91,90),(97,98,90),(100,2,1),(99,100,1),(101,3,2),(100,101,2),(102,4,3),(101,102,3),(103,5,4),(102,103,4),(104,6,5),(103,104,5),(105,7,6),(104,105,6),(107,100,99),(106,107,99),(108,101,100),(107,108,100),(109,102,101),(108,109,101),(110,103,102),(109,110,102),(111,104,103),(110,111,103),(112,105,104),(111,112,104),(114,107,106),(113,114,106),(115,108,107),(114,115,107),(116,109,108),(115,116,108),(117,110,109),(116,117,109),(118,111,110),(117,118,110),(119,112,111),(118,119,111),(121,114,113),(120,121,113),(122,115,114),(121,122,114),(123,116,115),(122,123,115),(124,117,116),(123,124,116),(125,118,117),(124,125,117),(126,119,118),(125,126,118),(128,121,120),(127,128,120),(129,122,121),(128,129,121),(130,123,122),(129,130,122),(131,124,123),(130,131,123),(132,125,124),(131,132,124),(133,126,125),(132,133,125),(51,128,127),(50,51,127),(52,129,128),(51,52,128),(53,130,129),(52,53,129),(54,131,130),(53,54,130),(55,132,131),(54,55,131),(56,133,132),(55,56,132),(43,44,135),(43,135,134),(44,45,136),(44,136,135),(45,46,137),(45,137,136),(46,47,138),(46,138,137),(47,48,139),(47,139,138),(48,49,140),(48,140,139),(134,135,142),(134,142,141),(135,136,143),(135,143,142),(136,137,144),(136,144,143),(137,138,145),(137,145,144),(138,139,146),(138,146,145),(139,140,147),(139,147,146),(141,142,149),(141,149,148),(142,143,150),(142,150,149),(143,144,151),(143,151,150),(144,145,152),(144,152,151),(145,146,153),(145,153,152),(146,147,154),(146,154,153),(148,149,156),(148,156,155),(149,150,157),(149,157,156),(150,151,158),(150,158,157),(151,152,159),(151,159,158),(152,153,160),(152,160,159),(153,154,161),(153,161,160),(155,156,163),(155,163,162),(156,157,164),(156,164,163),(157,158,165),(157,165,164),(158,159,166),(158,166,165),(159,160,167),(159,167,166),(160,161,168),(160,168,167),(162,163,93),(162,93,92),(163,164,94),(163,94,93),(164,165,95),(164,95,94),(165,166,96),(165,96,95),(166,167,97),(166,97,96),(167,168,98),(167,98,97),(1,8,169),(1,169,99),(8,15,170),(8,170,169),(15,22,171),(15,171,170),(22,29,172),(22,172,171),(29,36,173),(29,173,172),(36,43,134),(36,134,173),(99,169,174),(99,174,106),(169,170,175),(169,175,174),(170,171,176),(170,176,175),(171,172,177),(171,177,176),(172,173,178),(172,178,177),(173,134,141),(173,141,178),(106,174,179),(106,179,113),(174,175,180),(174,180,179),(175,176,181),(175,181,180),(176,177,182),(176,182,181),(177,178,183),(177,183,182),(178,141,148),(178,148,183),(113,179,184),(113,184,120),(179,180,185),(179,185,184),(180,181,186),(180,186,185),(181,182,187),(181,187,186),(182,183,188),(182,188,187),(183,148,155),(183,155,188),(120,184,189),(120,189,127),(184,185,190),(184,190,189),(185,186,191),(185,191,190),(186,187,192),(186,192,191),(187,188,193),(187,193,192),(188,155,162),(188,162,193),(127,189,57),(127,57,50),(189,190,64),(189,64,57),(190,191,71),(190,71,64),(191,192,78),(191,78,71),(192,193,85),(192,85,78),(193,162,92),(193,92,85),(194,14,7),(105,194,7),(195,21,14),(194,195,14),(196,28,21),(195,196,21),(197,35,28),(196,197,28),(198,42,35),(197,198,35),(140,49,42),(198,140,42),(199,194,105),(112,199,105),(200,195,194),(199,200,194),(201,196,195),(200,201,195),(202,197,196),(201,202,196),(203,198,197),(202,203,197),(147,140,198),(203,147,198),(204,199,112),(119,204,112),(205,200,199),(204,205,199),(206,201,200),(205,206,200),(207,202,201),(206,207,201),(208,203,202),(207,208,202),(154,147,203),(208,154,203),(209,204,119),(126,209,119),(210,205,204),(209,210,204),(211,206,205),(210,211,205),(212,207,206),(211,212,206),(213,208,207),(212,213,207),(161,154,208),(213,161,208),(214,209,126),(133,214,126),(215,210,209),(214,215,209),(216,211,210),(215,216,210),(217,212,211),(216,217,211),(218,213,212),(217,218,212),(168,161,213),(218,168,213),(63,214,133),(56,63,133),(70,215,214),(63,70,214),(77,216,215),(70,77,215),(84,217,216),(77,84,216),(91,218,217),(84,91,217),(98,168,218),(91,98,218)),$);
#941=IFCCARTESIANPOINTLIST3D(((5781.794015,5310.118461,520.148),(5776.873674,5304.841053,533.834),(5774.371069,5302.156835,552.498),(5774.347924,5302.13201,580.),(5774.371069,5302.156835,607.502),(5776.873674,5304.841053,626.166),(5781.794015,5310.118461,639.852),(5772.508245,5354.672813,512.427),(5761.880757,5354.300699,526.892),(5755.158876,5354.065337,551.67),(5755.091917,5354.062992,580.),(5755.158876,5354.065337,608.33),(5761.880757,5354.300699,633.108),(5772.508245,5354.672813,647.573),(5770.058745,5424.629942,512.427),(5759.431257,5424.257828,526.892),(5752.709377,5424.022466,551.67),(5752.642418,5424.020121,580.),(5752.709377,5424.022466,608.33),(5759.431257,5424.257828,633.108),(5770.058745,5424.629942,647.573),(5767.609245,5494.587071,512.427),(5756.981758,5494.214957,526.892),(5750.259877,5493.979595,551.67),(5750.192918,5493.977251,580.),(5750.259877,5493.979595,608.33),(5756.981758,5494.214957,633.108),(5767.609245,5494.587071,647.573),(5765.159745,5564.544201,512.427),(5754.532258,5564.172087,526.892),(5747.810377,5563.936725,551.67),(5747.743418,5563.93438,580.),(5747.810377,5563.936725,608.33),(5754.532258,5564.172087,633.108),(5765.159745,5564.544201,647.573),(5762.710245,5634.50133,512.427),(5752.082758,5634.129216,526.892),(5745.360877,5633.893854,551.67),(5745.293918,5633.89151,580.),(5745.360877,5633.893854,608.33),(5752.082758,5634.129216,633.108),(5762.710245,5634.50133,647.573),(5768.857017,5679.596041,520.148),(5763.579608,5684.516383,533.834),(5760.895391,5687.018987,552.498),(5760.870566,5687.042132,580.),(5760.895391,5687.018987,607.502),(5763.579608,5684.516383,626.166),(5768.857017,5679.596041,639.852),(6361.142983,5330.403959,520.148),(6366.420392,5325.483617,533.834),(6369.104609,5322.981013,552.498),(6369.129434,5322.957868,580.),(6369.104609,5322.981013,607.502),(6366.420392,5325.483617,626.166),(6361.142983,5330.403959,639.852),(6367.289755,5375.49867,512.427),(6377.917242,5375.870784,526.892),(6384.639123,5376.106146,551.67),(6384.706082,5376.10849,580.),(6384.639123,5376.106146,608.33),(6377.917242,5375.870784,633.108),(6367.289755,5375.49867,647.573),(6364.840255,5445.455799,512.427),(6375.467742,5445.827913,526.892),(6382.189623,5446.063275,551.67),(6382.256582,5446.06562,580.),(6382.189623,5446.063275,608.33),(6375.467742,5445.827913,633.108),(6364.840255,5445.455799,647.573),(6362.390755,5515.412929,512.427),(6373.018242,5515.785043,526.892),(6379.740123,5516.020405,551.67),(6379.807082,5516.022749,580.),(6379.740123,5516.020405,608.33),(6373.018242,5515.785043,633.108),(6362.390755,5515.412929,647.573),(6359.941255,5585.370058,512.427),(6370.568743,5585.742172,526.892),(6377.290623,5585.977534,551.67),(6377.357582,5585.979879,580.),(6377.290623,5585.977534,608.33),(6370.568743,5585.742172,633.108),(6359.941255,5585.370058,647.573),(6357.491755,5655.327187,512.427),(6368.119243,5655.699301,526.892),(6374.841124,5655.934663,551.67),(6374.908083,5655.937008,580.),(6374.841124,5655.934663,608.33),(6368.119243,5655.699301,633.108),(6357.491755,5655.327187,647.573),(6348.205985,5699.881539,520.148),(6353.126326,5705.158947,533.834),(6355.628931,5707.843165,552.498),(6355.652076,5707.86799,580.),(6355.628931,5707.843165,607.502),(6353.126326,5705.158947,626.166),(6348.205985,5699.881539,639.852),(5861.867291,5305.196439,512.427),(5862.239405,5294.568952,526.892),(5862.474767,5287.847071,551.67),(5862.477111,5287.780112,580.),(5862.474767,5287.847071,608.33),(5862.239405,5294.568952,633.108),(5861.867291,5305.196439,647.573),(5966.802985,5308.870689,512.427),(5967.175099,5298.243202,526.892),(5967.410461,5291.521321,551.67),(5967.412805,5291.454362,580.),(5967.410461,5291.521321,608.33),(5967.175099,5298.243202,633.108),(5966.802985,5308.870689,647.573),(6071.738679,5312.544939,512.427),(6072.110793,5301.917452,526.892),(6072.346155,5295.195571,551.67),(6072.348499,5295.128612,580.),(6072.346155,5295.195571,608.33),(6072.110793,5301.917452,633.108),(6071.738679,5312.544939,647.573),(6176.674373,5316.219189,512.427),(6177.046487,5305.591701,526.892),(6177.281849,5298.869821,551.67),(6177.284194,5298.802862,580.),(6177.281849,5298.869821,608.33),(6177.046487,5305.591701,633.108),(6176.674373,5316.219189,647.573),(6281.610067,5319.893438,512.427),(6281.982181,5309.265951,526.892),(6282.217543,5302.54407,551.67),(6282.219888,5302.477111,580.),(6282.217543,5302.54407,608.33),(6281.982181,5309.265951,633.108),(6281.610067,5319.893438,647.573),(5848.389933,5690.106562,512.427),(5848.017819,5700.734049,526.892),(5847.782457,5707.45593,551.67),(5847.780112,5707.522889,580.),(5847.782457,5707.45593,608.33),(5848.017819,5700.734049,633.108),(5848.389933,5690.106562,647.573),(5953.325627,5693.780811,512.427),(5952.953513,5704.408299,526.892),(5952.718151,5711.130179,551.67),(5952.715806,5711.197138,580.),(5952.718151,5711.130179,608.33),(5952.953513,5704.408299,633.108),(5953.325627,5693.780811,647.573),(6058.261321,5697.455061,512.427),(6057.889207,5708.082548,526.892),(6057.653845,5714.804429,551.67),(6057.651501,5714.871388,580.),(6057.653845,5714.804429,608.33),(6057.889207,5708.082548,633.108),(6058.261321,5697.455061,647.573),(6163.197015,5701.129311,512.427),(6162.824901,5711.756798,526.892),(6162.589539,5718.478679,551.67),(6162.587195,5718.545638,580.),(6162.589539,5718.478679,608.33),(6162.824901,5711.756798,633.108),(6163.197015,5701.129311,647.573),(6268.132709,5704.803561,512.427),(6267.760595,5715.431048,526.892),(6267.525233,5722.152929,551.67),(6267.522889,5722.219888,580.),(6267.525233,5722.152929,608.33),(6267.760595,5715.431048,633.108),(6268.132709,5704.803561,647.573),(5860.027612,5357.737242,495.),(5857.578112,5427.694371,495.),(5855.128612,5497.651501,495.),(5852.679112,5567.60863,495.),(5850.229612,5637.565759,495.),(5964.963306,5361.411492,495.),(5962.513806,5431.368621,495.),(5960.064306,5501.32575,495.),(5957.614806,5571.28288,495.),(5955.165306,5641.240009,495.),(6069.899,5365.085741,495.),(6067.4495,5435.042871,495.),(6065.,5505.,495.),(6062.5505,5574.957129,495.),(6060.101,5644.914259,495.),(6174.834694,5368.759991,495.),(6172.385194,5438.71712,495.),(6169.935694,5508.67425,495.),(6167.486194,5578.631379,495.),(6165.036694,5648.588508,495.),(6279.770388,5372.434241,495.),(6277.320888,5442.39137,495.),(6274.871388,5512.348499,495.),(6272.421888,5582.305629,495.),(6269.972388,5652.262758,495.),(5860.027612,5357.737242,665.),(5857.578112,5427.694371,665.),(5855.128612,5497.651501,665.),(5852.679112,5567.60863,665.),(5850.229612,5637.565759,665.),(5964.963306,5361.411492,665.),(5962.513806,5431.368621,665.),(5960.064306,5501.32575,665.),(5957.614806,5571.28288,665.),(5955.165306,5641.240009,665.),(6069.899,5365.085741,665.),(6067.4495,5435.042871,665.),(6065.,5505.,665.),(6062.5505,5574.957129,665.),(6060.101,5644.914259,665.),(6174.834694,5368.759991,665.),(6172.385194,5438.71712,665.),(6169.935694,5508.67425,665.),(6167.486194,5578.631379,665.),(6165.036694,5648.588508,665.),(6279.770388,5372.434241,665.),(6277.320888,5442.39137,665.),(6274.871388,5512.348499,665.),(6272.421888,5582.305629,665.),(6269.972388,5652.262758,665.)));
#942=IFCTRIANGULATEDFACESET(#941,$,.T.,((1,2,9),(1,9,8),(2,3,10),(2,10,9),(3,4,11),(3,11,10),(4,5,12),(4,12,11),(5,6,13),(5,13,12),(6,7,14),(6,14,13),(8,9,16),(8,16,15),(9,10,17),(9,17,16),(10,11,18),(10,18,17),(11,12,19),(11,19,18),(12,13,20),(12,20,19),(13,14,21),(13,21,20),(15,16,23),(15,23,22),(16,17,24),(16,24,23),(17,18,25),(17,25,24),(18,19,26),(18,26,25),(19,20,27),(19,27,26),(20,21,28),(20,28,27),(22,23,30),(22,30,29),(23,24,31),(23,31,30),(24,25,32),(24,32,31),(25,26,33),(25,33,32),(26,27,34),(26,34,33),(27,28,35),(27,35,34),(29,30,37),(29,37,36),(30,31,38),(30,38,37),(31,32,39),(31,39,38),(32,33,40),(32,40,39),(33,34,41),(33,41,40),(34,35,42),(34,42,41),(36,37,44),(36,44,43),(37,38,45),(37,45,44),(38,39,46),(38,46,45),(39,40,47),(39,47,46),(40,41,48),(40,48,47),(41,42,49),(41,49,48),(58,51,50),(57,58,50),(59,52,51),(58,59,51),(60,53,52),(59,60,52),(61,54,53),(60,61,53),(62,55,54),(61,62,54),(63,56,55),(62,63,55),(65,58,57),(64,65,57),(66,59,58),(65,66,58),(67,60,59),(66,67,59),(68,61,60),(67,68,60),(69,62,61),(68,69,61),(70,63,62),(69,70,62),(72,65,64),(71,72,64),(73,66,65),(72,73,65),(74,67,66),(73,74,66),(75,68,67),(74,75,67),(76,69,68),(75,76,68),(77,70,69),(76,77,69),(79,72,71),(78,79,71),(80,73,72),(79,80,72),(81,74,73),(80,81,73),(82,75,74),(81,82,74),(83,76,75),(82,83,75),(84,77,76),(83,84,76),(86,79,78),(85,86,78),(87,80,79),(86,87,79),(88,81,80),(87,88,80),(89,82,81),(88,89,81),(90,83,82),(89,90,82),(91,84,83),(90,91,83),(93,86,85),(92,93,85),(94,87,86),(93,94,86),(95,88,87),(94,95,87),(96,89,88),(95,96,88),(97,90,89),(96,97,89),(98,91,90),(97,98,90),(100,2,1),(99,100,1),(101,3,2),(100,101,2),(102,4,3),(101,102,3),(103,5,4),(102,103,4),(104,6,5),(103,104,5),(105,7,6),(104,105,6),(107,100,99),(106,107,99),(108,101,100),(107,108,100),(109,102,101),(108,109,101),(110,103,102),(109,110,102),(111,104,103),(110,111,103),(112,105,104),(111,112,104),(114,107,106),(113,114,106),(115,108,107),(114,115,107),(116,109,108),(115,116,108),(117,110,109),(116,117,109),(118,111,110),(117,118,110),(119,112,111),(118,119,111),(121,114,113),(120,121,113),(122,115,114),(121,122,114),(123,116,115),(122,123,115),(124,117,116),(123,124,116),(125,118,117),(124,125,117),(126,119,118),(125,126,118),(128,121,120),(127,128,120),(129,122,121),(128,129,121),(130,123,122),(129,130,122),(131,124,123),(130,131,123),(132,125,124),(131,132,124),(133,126,125),(132,133,125),(51,128,127),(50,51,127),(52,129,128),(51,52,128),(53,130,129),(52,53,129),(54,131,130),(53,54,130),(55,132,131),(54,55,131),(56,133,132),(55,56,132),(43,44,135),(43,135,134),(44,45,136),(44,136,135),(45,46,137),(45,137,136),(46,47,138),(46,138,137),(47,48,139),(47,139,138),(48,49,140),(48,140,139),(134,135,142),(134,142,141),(135,136,143),(135,143,142),(136,137,144),(136,144,143),(137,138,145),(137,145,144),(138,139,146),(138,146,145),(139,140,147),(139,147,146),(141,142,149),(141,149,148),(142,143,150),(142,150,149),(143,144,151),(143,151,150),(144,145,152),(144,152,151),(145,146,153),(145,153,152),(146,147,154),(146,154,153),(148,149,156),(148,156,155),(149,150,157),(149,157,156),(150,151,158),(150,158,157),(151,152,159),(151,159,158),(152,153,160),(152,160,159),(153,154,161),(153,161,160),(155,156,163),(155,163,162),(156,157,164),(156,164,163),(157,158,165),(157,165,164),(158,159,166),(158,166,165),(159,160,167),(159,167,166),(160,161,168),(160,168,167),(162,163,93),(162,93,92),(163,164,94),(163,94,93),(164,165,95),(164,95,94),(165,166,96),(165,96,95),(166,167,97),(166,97,96),(167,168,98),(167,98,97),(1,8,169),(1,169,99),(8,15,170),(8,170,169),(15,22,171),(15,171,170),(22,29,172),(22,172,171),(29,36,173),(29,173,172),(36,43,134),(36,134,173),(99,169,174),(99,174,106),(169,170,175),(169,175,174),(170,171,176),(170,176,175),(171,172,177),(171,177,176),(172,173,178),(172,178,177),(173,134,141),(173,141,178),(106,174,179),(106,179,113),(174,175,180),(174,180,179),(175,176,181),(175,181,180),(176,177,182),(176,182,181),(177,178,183),(177,183,182),(178,141,148),(178,148,183),(113,179,184),(113,184,120),(179,180,185),(179,185,184),(180,181,186),(180,186,185),(181,182,187),(181,187,186),(182,183,188),(182,188,187),(183,148,155),(183,155,188),(120,184,189),(120,189,127),(184,185,190),(184,190,189),(185,186,191),(185,191,190),(186,187,192),(186,192,191),(187,188,193),(187,193,192),(188,155,162),(188,162,193),(127,189,57),(127,57,50),(189,190,64),(189,64,57),(190,191,71),(190,71,64),(191,192,78),(191,78,71),(192,193,85),(192,85,78),(193,162,92),(193,92,85),(194,14,7),(105,194,7),(195,21,14),(194,195,14),(196,28,21),(195,196,21),(197,35,28),(196,197,28),(198,42,35),(197,198,35),(140,49,42),(198,140,42),(199,194,105),(112,199,105),(200,195,194),(199,200,194),(201,196,195),(200,201,195),(202,197,196),(201,202,196),(203,198,197),(202,203,197),(147,140,198),(203,147,198),(204,199,112),(119,204,112),(205,200,199),(204,205,199),(206,201,200),(205,206,200),(207,202,201),(206,207,201),(208,203,202),(207,208,202),(154,147,203),(208,154,203),(209,204,119),(126,209,119),(210,205,204),(209,210,204),(211,206,205),(210,211,205),(212,207,206),(211,212,206),(213,208,207),(212,213,207),(161,154,208),(213,161,208),(214,209,126),(133,214,126),(215,210,209),(214,215,209),(216,211,210),(215,216,210),(217,212,211),(216,217,211),(218,213,212),(217,218,212),(168,161,213),(218,168,213),(63,214,133),(56,63,133),(70,215,214),(63,70,214),(77,216,215),(70,77,215),(84,217,216),(77,84,216),(91,218,217),(84,91,217),(98,168,218),(91,98,218)),$);
#943=IFCCARTESIANPOINTLIST3D(((4885.,5805.,424.),(4961.667,5805.,555.519),(5038.333,5805.,533.722),(5115.,5805.,521.934),(5191.667,5805.,533.001),(5268.333,5805.,539.934),(5345.,5805.,542.019),(5421.667,5805.,554.233),(5498.333,5805.,555.277),(5575.,5805.,533.283),(5651.667,5805.,521.987),(5728.333,5805.,533.247),(5805.,5805.,539.948),(5881.667,5805.,542.158),(5958.333,5805.,554.463),(6035.,5805.,555.024),(6111.667,5805.,532.85),(6188.333,5805.,522.05),(6265.,5805.,533.49),(6341.667,5805.,539.96),(6418.333,5805.,542.302),(6495.,5805.,424.687),(4885.,5868.913,423.565),(4961.667,5868.913,552.536),(5038.333,5868.913,530.447),(5115.,5868.913,520.847),(5191.667,5868.913,534.924),(5268.333,5868.913,543.411),(5345.,5868.913,544.42),(5421.667,5868.913,553.74),(5498.333,5868.913,552.263),(5575.,5868.913,530.03),(5651.667,5868.913,520.956),(5728.333,5868.913,535.219),(5805.,5868.913,543.43),(5881.667,5868.913,544.515),(5958.333,5868.913,553.911),(6035.,5868.913,551.981),(6111.667,5868.913,529.618),(6188.333,5868.913,521.076),(6265.,5868.913,535.51),(6341.667,5868.913,543.446),(6418.333,5868.913,544.616),(6495.,5868.913,424.078),(4885.,5932.826,422.286),(4961.667,5932.826,549.196),(5038.333,5932.826,527.574),(5115.,5932.826,520.615),(5191.667,5932.826,537.508),(5268.333,5932.826,546.856),(5345.,5932.826,546.118),(5421.667,5932.826,552.407),(5498.333,5932.826,548.907),(5575.,5932.826,527.191),(5651.667,5932.826,520.783),(5728.333,5932.826,537.842),(5805.,5932.826,546.865),(5881.667,5932.826,546.162),(5958.333,5932.826,552.524),(6035.,5932.826,548.609),(6111.667,5932.826,526.814),(6188.333,5932.826,520.961),(6265.,5932.826,538.172),(6341.667,5932.826,546.87),(6418.333,5932.826,546.211),(6495.,5932.826,422.637),(4885.,5996.739,420.244),(4961.667,5996.739,545.709),(5038.333,5996.739,525.282),(5115.,5996.739,521.251),(5191.667,5996.739,540.593),(5268.333,5996.739,550.054),(5345.,5996.739,547.009),(5421.667,5996.739,550.317),(5498.333,5996.739,545.417),(5575.,5996.739,524.943),(5651.667,5996.739,521.477),(5728.333,5996.739,540.953),(5805.,5996.739,550.039),(5881.667,5996.739,546.997),(5958.333,5996.739,550.387),(6035.,5996.739,545.118),(6111.667,5996.739,524.611),(6188.333,5996.739,521.712),(6265.,5996.739,541.309),(6341.667,5996.739,550.019),(6418.333,5996.739,546.988),(6495.,5996.739,420.454),(4885.,6060.652,417.564),(4961.667,6060.652,542.291),(5038.333,6060.652,523.711),(5115.,6060.652,522.717),(5191.667,6060.652,543.986),(5268.333,6060.652,552.806),(5345.,6060.652,547.038),(5421.667,6060.652,547.6),(5498.333,6060.652,542.011),(5575.,6060.652,523.425),(5651.667,6060.652,522.996),(5728.333,6060.652,544.36),(5805.,6060.652,552.755),(5881.667,6060.652,546.967),(5958.333,6060.652,547.634),(6035.,6060.652,541.726),(6111.667,6060.652,523.146),(6188.333,6060.652,523.284),(6265.,6060.652,544.728),(6341.667,6060.652,552.698),(6418.333,6060.652,546.899),(6495.,6060.652,417.666),(4885.,6124.565,414.415),(4961.667,6124.565,539.154),(5038.333,6124.565,522.961),(5115.,6124.565,524.922),(5191.667,6124.565,547.476),(5268.333,6124.565,554.942),(5345.,6124.565,546.202),(5421.667,6124.565,544.426),(5498.333,6124.565,538.901),(5575.,6124.565,522.732),(5651.667,6124.565,525.246),(5728.333,6124.565,547.849),(5805.,6124.565,554.843),(5881.667,6124.565,546.074),(5958.333,6124.565,544.436),(6035.,6124.565,538.642),(6111.667,6124.565,522.511),(6188.333,6124.565,525.578),(6265.,6124.565,548.215),(6341.667,6124.565,554.739),(6418.333,6124.565,545.95),(6495.,6124.565,414.444),(4885.,6188.478,410.99),(4961.667,6188.478,536.493),(5038.333,6188.478,523.078),(5115.,6188.478,527.727),(5191.667,6188.478,550.847),(5268.333,6188.478,556.327),(5345.,6188.478,544.554),(5421.667,6188.478,540.991),(5498.333,6188.478,536.279),(5575.,6188.478,522.907),(5651.667,6188.478,528.086),(5728.333,6188.478,551.205),(5805.,6188.478,556.175),(5881.667,6188.478,544.374),(5958.333,6188.478,540.991),(6035.,6188.478,536.059),(6111.667,6188.478,522.745),(6188.333,6188.478,528.452),(6265.,6188.478,551.554),(6341.667,6188.478,556.016),(6418.333,6188.478,544.199),(6495.,6188.478,410.99),(4885.,6252.391,407.505),(4961.667,6252.391,534.475),(5038.333,6252.391,524.054),(5115.,6252.391,530.959),(5191.667,6252.391,553.89),(5268.333,6252.391,556.877),(5345.,6252.391,542.195),(5421.667,6252.391,537.509),(5498.333,6252.391,534.308),(5575.,6252.391,523.94),(5651.667,6252.391,531.34),(5728.333,6252.391,554.218),(5805.,6252.391,556.667),(5881.667,6252.391,541.972),(5958.333,6252.391,537.513),(6035.,6252.391,534.137),(6111.667,6252.391,523.833),(6188.333,6252.391,531.727),(6265.,6252.391,554.537),(6341.667,6252.391,556.45),(6418.333,6252.391,541.755),(6495.,6252.391,407.518),(4885.,6316.304,404.174),(4961.667,6316.304,533.224),(5038.333,6316.304,525.829),(5115.,6316.304,534.417),(5191.667,6316.304,556.414),(5268.333,6316.304,556.557),(5345.,6316.304,539.273),(5421.667,6316.304,534.196),(5498.333,6316.304,533.112),(5575.,6316.304,525.765),(5651.667,6316.304,534.805),(5728.333,6316.304,556.701),(5805.,6316.304,556.288),(5881.667,6316.304,539.019),(5958.333,6316.304,534.22),(6035.,6316.304,532.996),(6111.667,6316.304,525.708),(6188.333,6316.304,535.199),(6265.,6316.304,556.978),(6341.667,6316.304,556.013),(6418.333,6316.304,538.771),(6495.,6316.304,404.244),(4885.,6380.217,401.206),(4961.667,6380.217,532.817),(5038.333,6380.217,528.292),(5115.,6380.217,537.886),(5191.667,6380.217,558.263),(5268.333,6380.217,555.387),(5345.,6380.217,535.969),(5421.667,6380.217,531.259),(5498.333,6380.217,532.764),(5575.,6380.217,528.27),(5651.667,6380.217,538.267),(5728.333,6380.217,558.5),(5805.,6380.217,555.063),(5881.667,6380.217,535.697),(5958.333,6380.217,531.315),(6035.,6380.217,532.707),(6111.667,6380.217,528.253),(6188.333,6380.217,538.652),(6265.,6380.217,558.727),(6341.667,6380.217,554.733),(6418.333,6380.217,535.431),(6495.,6380.217,401.373),(4885.,6444.13,398.784),(4961.667,6444.13,533.282),(5038.333,6444.13,531.291),(5115.,6444.13,541.15),(5191.667,6444.13,559.321),(5268.333,6444.13,553.439),(5345.,6444.13,532.489),(5421.667,6444.13,528.88),(5498.333,6444.13,533.286),(5575.,6444.13,531.298),(5651.667,6444.13,541.509),(5728.333,6444.13,559.502),(5805.,6444.13,553.067),(5881.667,6444.13,532.213),(5958.333,6444.13,528.979),(6035.,6444.13,533.287),(6111.667,6444.13,531.311),(6188.333,6444.13,541.873),(6265.,6444.13,559.673),(6341.667,6444.13,552.689),(6418.333,6444.13,531.944),(6495.,6444.13,399.081),(4885.,6508.043,397.06),(4961.667,6508.043,534.588),(5038.333,6508.043,534.639),(5115.,6508.043,544.006),(5191.667,6508.043,559.524),(5268.333,6508.043,550.836),(5345.,6508.043,529.049),(5421.667,6508.043,527.207),(5498.333,6508.043,534.647),(5575.,6508.043,534.662),(5651.667,6508.043,544.331),(5728.333,6508.043,559.647),(5805.,6508.043,550.425),(5881.667,6508.043,528.783),(5958.333,6508.043,527.358),(6035.,6508.043,534.701),(6111.667,6508.043,534.69),(6188.333,6508.043,544.66),(6265.,6508.043,559.759),(6341.667,6508.043,550.009),(6418.333,6508.043,528.526),(6495.,6508.043,397.512),(4885.,6571.957,396.14),(4961.667,6571.957,536.654),(5038.333,6571.957,538.127),(5115.,6571.957,546.277),(5191.667,6571.957,558.859),(5268.333,6571.957,547.738),(5345.,6571.957,525.863),(5421.667,6571.957,526.344),(5498.333,6571.957,536.76),(5575.,6571.957,538.152),(5651.667,6571.957,546.557),(5728.333,6571.957,558.924),(5805.,6571.957,547.3),(5881.667,6571.957,525.621),(5958.333,6571.957,526.552),(6035.,6571.957,536.861),(6111.667,6571.957,538.181),(6188.333,6571.957,546.84),(6265.,6571.957,558.978),(6341.667,6571.957,546.858),(6418.333,6571.957,525.389),(6495.,6571.957,396.763),(4885.,6635.87,396.082),(4961.667,6635.87,539.352),(5038.333,6635.87,541.54),(5115.,6635.87,547.821),(5191.667,6635.87,557.366),(5268.333,6635.87,544.338),(5345.,6635.87,523.129),(5421.667,6635.87,526.345),(5498.333,6635.87,539.495),(5575.,6635.87,541.552),(5651.667,6635.87,548.048),(5728.333,6635.87,557.378),(5805.,6635.87,543.888),(5881.667,6635.87,522.924),(5958.333,6635.87,526.611),(6035.,6635.87,539.632),(6111.667,6635.87,541.566),(6188.333,6635.87,548.278),(6265.,6635.87,557.381),(6341.667,6635.87,543.434),(6418.333,6635.87,522.73),(6495.,6635.87,396.881),(4885.,6699.783,396.89),(4961.667,6699.783,542.514),(5038.333,6699.783,544.664),(5115.,6699.783,548.542),(5191.667,6699.783,555.139),(5268.333,6699.783,540.848),(5345.,6699.783,521.017),(5421.667,6699.783,527.209),(5498.333,6699.783,542.682),(5575.,6699.783,544.649),(5651.667,6699.783,548.712),(5728.333,6699.783,555.106),(5805.,6699.783,540.399),(5881.667,6699.783,520.859),(5958.333,6699.783,527.533),(6035.,6699.783,542.842),(6111.667,6699.783,544.636),(6188.333,6699.783,548.884),(6265.,6699.783,555.064),(6341.667,6699.783,539.948),(6418.333,6699.783,520.712),(6495.,6699.783,397.859),(4885.,6763.696,398.512),(4961.667,6763.696,545.944),(5038.333,6763.696,547.305),(5115.,6763.696,548.396),(5191.667,6763.696,552.316),(5268.333,6763.696,537.484),(5345.,6763.696,519.659),(5421.667,6763.696,528.884),(5498.333,6763.696,546.122),(5575.,6763.696,547.252),(5651.667,6763.696,548.508),(5728.333,6763.696,552.249),(5805.,6763.696,537.052),(5881.667,6763.696,519.555),(5958.333,6763.696,529.258),(6035.,6763.696,546.292),(6111.667,6763.696,547.199),(6188.333,6763.696,548.621),(6265.,6763.696,552.174),(6341.667,6763.696,536.618),(6418.333,6763.696,519.463),(6495.,6763.696,399.635),(4885.,6827.609,400.849),(4961.667,6827.609,549.428),(5038.333,6827.609,549.3),(5115.,6827.609,547.392),(5191.667,6827.609,549.073),(5268.333,6827.609,534.457),(5345.,6827.609,519.138),(5421.667,6827.609,531.264),(5498.333,6827.609,549.602),(5575.,6827.609,549.198),(5651.667,6827.609,547.447),(5728.333,6827.609,548.985),(5805.,6827.609,534.054),(5881.667,6827.609,519.092),(5958.333,6827.609,531.681),(6035.,6827.609,549.767),(6111.667,6827.609,549.096),(6188.333,6827.609,547.505),(6265.,6827.609,548.889),(6341.667,6827.609,533.65),(6418.333,6827.609,519.058),(6495.,6827.609,402.1),(4885.,6891.522,403.755),(4961.667,6891.522,552.75),(5038.333,6891.522,550.523),(5115.,6891.522,545.592),(5191.667,6891.522,545.611),(5268.333,6891.522,531.953),(5345.,6891.522,519.487),(5421.667,6891.522,534.202),(5498.333,6891.522,552.905),(5575.,6891.522,550.367),(5651.667,6891.522,545.597),(5728.333,6891.522,545.516),(5805.,6891.522,531.591),(5881.667,6891.522,519.5),(5958.333,6891.522,534.65),(6035.,6891.522,553.051),(6111.667,6891.522,550.21),(6188.333,6891.522,545.605),(6265.,6891.522,545.414),(6341.667,6891.522,531.23),(6418.333,6891.522,519.524),(6495.,6891.522,405.1),(4885.,6955.435,407.049),(4961.667,6955.435,555.703),(5038.333,6955.435,550.9),(5115.,6955.435,543.108),(5191.667,6955.435,542.146),(5268.333,6955.435,530.129),(5345.,6955.435,520.685),(5421.667,6955.435,537.515),(5498.333,6955.435,555.826),(5575.,6955.435,550.685),(5651.667,6955.435,543.072),(5728.333,6955.435,542.058),(5805.,6955.435,529.818),(5881.667,6955.435,520.752),(5958.333,6955.435,537.981),(6035.,6955.435,555.939),(6111.667,6955.435,550.47),(6188.333,6955.435,543.04),(6265.,6955.435,541.965),(6341.667,6955.435,529.507),(6418.333,6955.435,520.831),(6495.,6955.435,408.448),(4885.,7019.348,410.526),(4961.667,7019.348,558.103),(5038.333,7019.348,550.407),(5115.,7019.348,540.094),(5191.667,7019.348,538.893),(5268.333,7019.348,529.098),(5345.,7019.348,522.657),(5421.667,7019.348,540.997),(5498.333,7019.348,558.183),(5575.,7019.348,550.134),(5651.667,7019.348,540.029),(5728.333,7019.348,538.827),(5805.,7019.348,528.843),(5881.667,7019.348,522.772),(5958.333,7019.348,541.467),(6035.,7019.348,558.253),(6111.667,7019.348,549.86),(6188.333,7019.348,539.969),(6265.,7019.348,538.756),(6341.667,7019.348,528.589),(6418.333,7019.348,522.899),(6495.,7019.348,411.936),(4885.,7083.261,413.971),(4961.667,7083.261,559.802),(5038.333,7083.261,549.074),(5115.,7083.261,536.738),(5191.667,7083.261,536.054),(5268.333,7083.261,528.924),(5345.,7083.261,525.28),(5421.667,7083.261,544.432),(5498.333,7083.261,559.83),(5575.,7083.261,548.747),(5651.667,7083.261,536.657),(5728.333,7083.261,536.022),(5805.,7083.261,528.728),(5881.667,7083.261,525.434),(5958.333,7083.261,544.891),(6035.,7083.261,559.848),(6111.667,7083.261,548.42),(6188.333,7083.261,536.582),(6265.,7083.261,535.987),(6341.667,7083.261,528.533),(6418.333,7083.261,525.598),(6495.,7083.261,415.348),(4885.,7147.174,417.169),(4961.667,7147.174,560.693),(5038.333,7147.174,546.984),(5115.,7147.174,533.248),(5191.667,7147.174,533.805),(5268.333,7147.174,529.619),(5345.,7147.174,528.391),(5421.667,7147.174,547.606),(5498.333,7147.174,560.665),(5575.,7147.174,546.61),(5651.667,7147.174,533.167),(5728.333,7147.174,533.819),(5805.,7147.174,529.48),(5881.667,7147.174,528.571),(5958.333,7147.174,548.04),(6035.,7147.174,560.625),(6111.667,7147.174,546.237),(6188.333,7147.174,533.091),(6265.,7147.174,533.83),(6341.667,7147.174,529.341),(6418.333,7147.174,528.761),(6495.,7147.174,418.471),(4885.,7211.087,419.921),(4961.667,7211.087,560.722),(5038.333,7211.087,544.267),(5115.,7211.087,529.842),(5191.667,7211.087,532.288),(5268.333,7211.087,531.138),(5345.,7211.087,531.797),(5421.667,7211.087,550.321),(5498.333,7211.087,560.635),(5575.,7211.087,543.857),(5651.667,7211.087,529.774),(5728.333,7211.087,532.354),(5805.,7211.087,531.051),(5881.667,7211.087,531.99),(5958.333,7211.087,550.718),(6035.,7211.087,560.536),(6111.667,7211.087,543.448),(6188.333,7211.087,529.713),(6265.,7211.087,532.419),(6341.667,7211.087,530.965),(6418.333,7211.087,532.191),(6495.,7211.087,421.112),(4885.,7275.,422.057),(4961.667,7275.,559.886),(5038.333,7275.,541.093),(5115.,7275.,526.732),(5191.667,7275.,531.595),(5268.333,7275.,533.387),(5345.,7275.,535.287),(5421.667,7275.,552.41),(5498.333,7275.,559.742),(5575.,7275.,540.658),(5651.667,7275.,526.69),(5728.333,7275.,531.719),(5805.,7275.,533.346),(5881.667,7275.,535.477),(5958.333,7275.,552.76),(6035.,7275.,559.587),(6111.667,7275.,540.226),(6188.333,7275.,526.657),(6265.,7275.,531.841),(6341.667,7275.,533.303),(6418.333,7275.,535.675),(6495.,7275.,423.105)));
#944=IFCTRIANGULATEDFACESET(#943,$,.F.,((1,2,24),(1,24,23),(2,3,25),(2,25,24),(3,4,26),(3,26,25),(4,5,27),(4,27,26),(5,6,28),(5,28,27),(6,7,29),(6,29,28),(7,8,30),(7,30,29),(8,9,31),(8,31,30),(9,10,32),(9,32,31),(10,11,33),(10,33,32),(11,12,34),(11,34,33),(12,13,35),(12,35,34),(13,14,36),(13,36,35),(14,15,37),(14,37,36),(15,16,38),(15,38,37),(16,17,39),(16,39,38),(17,18,40),(17,40,39),(18,19,41),(18,41,40),(19,20,42),(19,42,41),(20,21,43),(20,43,42),(21,22,44),(21,44,43),(23,24,46),(23,46,45),(24,25,47),(24,47,46),(25,26,48),(25,48,47),(26,27,49),(26,49,48),(27,28,50),(27,50,49),(28,29,51),(28,51,50),(29,30,52),(29,52,51),(30,31,53),(30,53,52),(31,32,54),(31,54,53),(32,33,55),(32,55,54),(33,34,56),(33,56,55),(34,35,57),(34,57,56),(35,36,58),(35,58,57),(36,37,59),(36,59,58),(37,38,60),(37,60,59),(38,39,61),(38,61,60),(39,40,62),(39,62,61),(40,41,63),(40,63,62),(41,42,64),(41,64,63),(42,43,65),(42,65,64),(43,44,66),(43,66,65),(45,46,68),(45,68,67),(46,47,69),(46,69,68),(47,48,70),(47,70,69),(48,49,71),(48,71,70),(49,50,72),(49,72,71),(50,51,73),(50,73,72),(51,52,74),(51,74,73),(52,53,75),(52,75,74),(53,54,76),(53,76,75),(54,55,77),(54,77,76),(55,56,78),(55,78,77),(56,57,79),(56,79,78),(57,58,80),(57,80,79),(58,59,81),(58,81,80),(59,60,82),(59,82,81),(60,61,83),(60,83,82),(61,62,84),(61,84,83),(62,63,85),(62,85,84),(63,64,86),(63,86,85),(64,65,87),(64,87,86),(65,66,88),(65,88,87),(67,68,90),(67,90,89),(68,69,91),(68,91,90),(69,70,92),(69,92,91),(70,71,93),(70,93,92),(71,72,94),(71,94,93),(72,73,95),(72,95,94),(73,74,96),(73,96,95),(74,75,97),(74,97,96),(75,76,98),(75,98,97),(76,77,99),(76,99,98),(77,78,100),(77,100,99),(78,79,101),(78,101,100),(79,80,102),(79,102,101),(80,81,103),(80,103,102),(81,82,104),(81,104,103),(82,83,105),(82,105,104),(83,84,106),(83,106,105),(84,85,107),(84,107,106),(85,86,108),(85,108,107),(86,87,109),(86,109,108),(87,88,110),(87,110,109),(89,90,112),(89,112,111),(90,91,113),(90,113,112),(91,92,114),(91,114,113),(92,93,115),(92,115,114),(93,94,116),(93,116,115),(94,95,117),(94,117,116),(95,96,118),(95,118,117),(96,97,119),(96,119,118),(97,98,120),(97,120,119),(98,99,121),(98,121,120),(99,100,122),(99,122,121),(100,101,123),(100,123,122),(101,102,124),(101,124,123),(102,103,125),(102,125,124),(103,104,126),(103,126,125),(104,105,127),(104,127,126),(105,106,128),(105,128,127),(106,107,129),(106,129,128),(107,108,130),(107,130,129),(108,109,131),(108,131,130),(109,110,132),(109,132,131),(111,112,134),(111,134,133),(112,113,135),(112,135,134),(113,114,136),(113,136,135),(114,115,137),(114,137,136),(115,116,138),(115,138,137),(116,117,139),(116,139,138),(117,118,140),(117,140,139),(118,119,141),(118,141,140),(119,120,142),(119,142,141),(120,121,143),(120,143,142),(121,122,144),(121,144,143),(122,123,145),(122,145,144),(123,124,146),(123,146,145),(124,125,147),(124,147,146),(125,126,148),(125,148,147),(126,127,149),(126,149,148),(127,128,150),(127,150,149),(128,129,151),(128,151,150),(129,130,152),(129,152,151),(130,131,153),(130,153,152),(131,132,154),(131,154,153),(133,134,156),(133,156,155),(134,135,157),(134,157,156),(135,136,158),(135,158,157),(136,137,159),(136,159,158),(137,138,160),(137,160,159),(138,139,161),(138,161,160),(139,140,162),(139,162,161),(140,141,163),(140,163,162),(141,142,164),(141,164,163),(142,143,165),(142,165,164),(143,144,166),(143,166,165),(144,145,167),(144,167,166),(145,146,168),(145,168,167),(146,147,169),(146,169,168),(147,148,170),(147,170,169),(148,149,171),(148,171,170),(149,150,172),(149,172,171),(150,151,173),(150,173,172),(151,152,174),(151,174,173),(152,153,175),(152,175,174),(153,154,176),(153,176,175),(155,156,178),(155,178,177),(156,157,179),(156,179,178),(157,158,180),(157,180,179),(158,159,181),(158,181,180),(159,160,182),(159,182,181),(160,161,183),(160,183,182),(161,162,184),(161,184,183),(162,163,185),(162,185,184),(163,164,186),(163,186,185),(164,165,187),(164,187,186),(165,166,188),(165,188,187),(166,167,189),(166,189,188),(167,168,190),(167,190,189),(168,169,191),(168,191,190),(169,170,192),(169,192,191),(170,171,193),(170,193,192),(171,172,194),(171,194,193),(172,173,195),(172,195,194),(173,174,196),(173,196,195),(174,175,197),(174,197,196),(175,176,198),(175,198,197),(177,178,200),(177,200,199),(178,179,201),(178,201,200),(179,180,202),(179,202,201),(180,181,203),(180,203,202),(181,182,204),(181,204,203),(182,183,205),(182,205,204),(183,184,206),(183,206,205),(184,185,207),(184,207,206),(185,186,208),(185,208,207),(186,187,209),(186,209,208),(187,188,210),(187,210,209),(188,189,211),(188,211,210),(189,190,212),(189,212,211),(190,191,213),(190,213,212),(191,192,214),(191,214,213),(192,193,215),(192,215,214),(193,194,216),(193,216,215),(194,195,217),(194,217,216),(195,196,218),(195,218,217),(196,197,219),(196,219,218),(197,198,220),(197,220,219),(199,200,222),(199,222,221),(200,201,223),(200,223,222),(201,202,224),(201,224,223),(202,203,225),(202,225,224),(203,204,226),(203,226,225),(204,205,227),(204,227,226),(205,206,228),(205,228,227),(206,207,229),(206,229,228),(207,208,230),(207,230,229),(208,209,231),(208,231,230),(209,210,232),(209,232,231),(210,211,233),(210,233,232),(211,212,234),(211,234,233),(212,213,235),(212,235,234),(213,214,236),(213,236,235),(214,215,237),(214,237,236),(215,216,238),(215,238,237),(216,217,239),(216,239,238),(217,218,240),(217,240,239),(218,219,241),(218,241,240),(219,220,242),(219,242,241),(221,222,244),(221,244,243),(222,223,245),(222,245,244),(223,224,246),(223,246,245),(224,225,247),(224,247,246),(225,226,248),(225,248,247),(226,227,249),(226,249,248),(227,228,250),(227,250,249),(228,229,251),(228,251,250),(229,230,252),(229,252,251),(230,231,253),(230,253,252),(231,232,254),(231,254,253),(232,233,255),(232,255,254),(233,234,256),(233,256,255),(234,235,257),(234,257,256),(235,236,258),(235,258,257),(236,237,259),(236,259,258),(237,238,260),(237,260,259),(238,239,261),(238,261,260),(239,240,262),(239,262,261),(240,241,263),(240,263,262),(241,242,264),(241,264,263),(243,244,266),(243,266,265),(244,245,267),(244,267,266),(245,246,268),(245,268,267),(246,247,269),(246,269,268),(247,248,270),(247,270,269),(248,249,271),(248,271,270),(249,250,272),(249,272,271),(250,251,273),(250,273,272),(251,252,274),(251,274,273),(252,253,275),(252,275,274),(253,254,276),(253,276,275),(254,255,277),(254,277,276),(255,256,278),(255,278,277),(256,257,279),(256,279,278),(257,258,280),(257,280,279),(258,259,281),(258,281,280),(259,260,282),(259,282,281),(260,261,283),(260,283,282),(261,262,284),(261,284,283),(262,263,285),(262,285,284),(263,264,286),(263,286,285),(265,266,288),(265,288,287),(266,267,289),(266,289,288),(267,268,290),(267,290,289),(268,269,291),(268,291,290),(269,270,292),(269,292,291),(270,271,293),(270,293,292),(271,272,294),(271,294,293),(272,273,295),(272,295,294),(273,274,296),(273,296,295),(274,275,297),(274,297,296),(275,276,298),(275,298,297),(276,277,299),(276,299,298),(277,278,300),(277,300,299),(278,279,301),(278,301,300),(279,280,302),(279,302,301),(280,281,303),(280,303,302),(281,282,304),(281,304,303),(282,283,305),(282,305,304),(283,284,306),(283,306,305),(284,285,307),(284,307,306),(285,286,308),(285,308,307),(287,288,310),(287,310,309),(288,289,311),(288,311,310),(289,290,312),(289,312,311),(290,291,313),(290,313,312),(291,292,314),(291,314,313),(292,293,315),(292,315,314),(293,294,316),(293,316,315),(294,295,317),(294,317,316),(295,296,318),(295,318,317),(296,297,319),(296,319,318),(297,298,320),(297,320,319),(298,299,321),(298,321,320),(299,300,322),(299,322,321),(300,301,323),(300,323,322),(301,302,324),(301,324,323),(302,303,325),(302,325,324),(303,304,326),(303,326,325),(304,305,327),(304,327,326),(305,306,328),(305,328,327),(306,307,329),(306,329,328),(307,308,330),(307,330,329),(309,310,332),(309,332,331),(310,311,333),(310,333,332),(311,312,334),(311,334,333),(312,313,335),(312,335,334),(313,314,336),(313,336,335),(314,315,337),(314,337,336),(315,316,338),(315,338,337),(316,317,339),(316,339,338),(317,318,340),(317,340,339),(318,319,341),(318,341,340),(319,320,342),(319,342,341),(320,321,343),(320,343,342),(321,322,344),(321,344,343),(322,323,345),(322,345,344),(323,324,346),(323,346,345),(324,325,347),(324,347,346),(325,326,348),(325,348,347),(326,327,349),(326,349,348),(327,328,350),(327,350,349),(328,329,351),(328,351,350),(329,330,352),(329,352,351),(331,332,354),(331,354,353),(332,333,355),(332,355,354),(333,334,356),(333,356,355),(334,335,357),(334,357,356),(335,336,358),(335,358,357),(336,337,359),(336,359,358),(337,338,360),(337,360,359),(338,339,361),(338,361,360),(339,340,362),(339,362,361),(340,341,363),(340,363,362),(341,342,364),(341,364,363),(342,343,365),(342,365,364),(343,344,366),(343,366,365),(344,345,367),(344,367,366),(345,346,368),(345,368,367),(346,347,369),(346,369,368),(347,348,370),(347,370,369),(348,349,371),(348,371,370),(349,350,372),(349,372,371),(350,351,373),(350,373,372),(351,352,374),(351,374,373),(353,354,376),(353,376,375),(354,355,377),(354,377,376),(355,356,378),(355,378,377),(356,357,379),(356,379,378),(357,358,380),(357,380,379),(358,359,381),(358,381,380),(359,360,382),(359,382,381),(360,361,383),(360,383,382),(361,362,384),(361,384,383),(362,363,385),(362,385,384),(363,364,386),(363,386,385),(364,365,387),(364,387,386),(365,366,388),(365,388,387),(366,367,389),(366,389,388),(367,368,390),(367,390,389),(368,369,391),(368,391,390),(369,370,392),(369,392,391),(370,371,393),(370,393,392),(371,372,394),(371,394,393),(372,373,395),(372,395,394),(373,374,396),(373,396,395),(375,376,398),(375,398,397),(376,377,399),(376,399,398),(377,378,400),(377,400,399),(378,379,401),(378,401,400),(379,380,402),(379,402,401),(380,381,403),(380,403,402),(381,382,404),(381,404,403),(382,383,405),(382,405,404),(383,384,406),(383,406,405),(384,385,407),(384,407,406),(385,386,408),(385,408,407),(386,387,409),(386,409,408),(387,388,410),(387,410,409),(388,389,411),(388,411,410),(389,390,412),(389,412,411),(390,391,413),(390,413,412),(391,392,414),(391,414,413),(392,393,415),(392,415,414),(393,394,416),(393,416,415),(394,395,417),(394,417,416),(395,396,418),(395,418,417),(397,398,420),(397,420,419),(398,399,421),(398,421,420),(399,400,422),(399,422,421),(400,401,423),(400,423,422),(401,402,424),(401,424,423),(402,403,425),(402,425,424),(403,404,426),(403,426,425),(404,405,427),(404,427,426),(405,406,428),(405,428,427),(406,407,429),(406,429,428),(407,408,430),(407,430,429),(408,409,431),(408,431,430),(409,410,432),(409,432,431),(410,411,433),(410,433,432),(411,412,434),(411,434,433),(412,413,435),(412,435,434),(413,414,436),(413,436,435),(414,415,437),(414,437,436),(415,416,438),(415,438,437),(416,417,439),(416,439,438),(417,418,440),(417,440,439),(419,420,442),(419,442,441),(420,421,443),(420,443,442),(421,422,444),(421,444,443),(422,423,445),(422,445,444),(423,424,446),(423,446,445),(424,425,447),(424,447,446),(425,426,448),(425,448,447),(426,427,449),(426,449,448),(427,428,450),(427,450,449),(428,429,451),(428,451,450),(429,430,452),(429,452,451),(430,431,453),(430,453,452),(431,432,454),(431,454,453),(432,433,455),(432,455,454),(433,434,456),(433,456,455),(434,435,457),(434,457,456),(435,436,458),(435,458,457),(436,437,459),(436,459,458),(437,438,460),(437,460,459),(438,439,461),(438,461,460),(439,440,462),(439,462,461),(441,442,464),(441,464,463),(442,443,465),(442,465,464),(443,444,466),(443,466,465),(444,445,467),(444,467,466),(445,446,468),(445,468,467),(446,447,469),(446,469,468),(447,448,470),(447,470,469),(448,449,471),(448,471,470),(449,450,472),(449,472,471),(450,451,473),(450,473,472),(451,452,474),(451,474,473),(452,453,475),(452,475,474),(453,454,476),(453,476,475),(454,455,477),(454,477,476),(455,456,478),(455,478,477),(456,457,479),(456,479,478),(457,458,480),(457,480,479),(458,459,481),(458,481,480),(459,460,482),(459,482,481),(460,461,483),(460,483,482),(461,462,484),(461,484,483),(463,464,486),(463,486,485),(464,465,487),(464,487,486),(465,466,488),(465,488,487),(466,467,489),(466,489,488),(467,468,490),(467,490,489),(468,469,491),(468,491,490),(469,470,492),(469,492,491),(470,471,493),(470,493,492),(471,472,494),(471,494,493),(472,473,495),(472,495,494),(473,474,496),(473,496,495),(474,475,497),(474,497,496),(475,476,498),(475,498,497),(476,477,499),(476,499,498),(477,478,500),(477,500,499),(478,479,501),(478,501,500),(479,480,502),(479,502,501),(480,481,503),(480,503,502),(481,482,504),(481,504,503),(482,483,505),(482,505,504),(483,484,506),(483,506,505),(485,486,508),(485,508,507),(486,487,509),(486,509,508),(487,488,510),(487,510,509),(488,489,511),(488,511,510),(489,490,512),(489,512,511),(490,491,513),(490,513,512),(491,492,514),(491,514,513),(492,493,515),(492,515,514),(493,494,516),(493,516,515),(494,495,517),(494,517,516),(495,496,518),(495,518,517),(496,497,519),(496,519,518),(497,498,520),(497,520,519),(498,499,521),(498,521,520),(499,500,522),(499,522,521),(500,501,523),(500,523,522),(501,502,524),(501,524,523),(502,503,525),(502,525,524),(503,504,526),(503,526,525),(504,505,527),(504,527,526),(505,506,528),(505,528,527)),$);
#945=IFCSHAPEREPRESENTATION(#6,'Body','Tessellation',(#934,#936,#938,#940,#942,#944));
#946=IFCPRODUCTDEFINITIONSHAPE($,$,(#945));
#947=IFCFURNISHINGELEMENT('2U06pHWzHVmhpcH$_Lfqgu',$,'Bed','Authored furniture assembly',$,#19,#946,'F0-bed-m/bed');
#948=IFCPROPERTYSINGLEVALUE('ReviewStatus',$,IFCLABEL('PRELIMINARY - NOT FOR CONSTRUCTION'),$);
#949=IFCPROPERTYSINGLEVALUE('PlanHash',$,IFCLABEL('9bdd75bf2ea4a15314ae6a886c801c8d1d01f7572e2e002ab2ad73d238ef7a80'),$);
#950=IFCPROPERTYSET('1IifRidTvLY97wKXPy$qYl',$,'FloorForge_Review',$,(#948,#949));
#951=IFCRELDEFINESBYPROPERTIES('3LL86SIgDK5vB2oZdO4XwQ',$,$,$,(#947),#950);
#952=IFCCARTESIANPOINTLIST3D(((4575.,8158.,80.),(4575.,8158.,820.),(4575.,8618.,80.),(4575.,8618.,820.),(5775.,8158.,80.),(5775.,8158.,820.),(5775.,8618.,80.),(5775.,8618.,820.)));
#953=IFCTRIANGULATEDFACESET(#952,$,.T.,((2,4,1),(5,2,1),(1,4,3),(3,5,1),(2,8,4),(6,2,5),(6,8,2),(4,8,3),(7,5,3),(3,8,7),(7,6,5),(8,6,7)),$);
#954=IFCCARTESIANPOINTLIST3D(((4605.,8138.,120.),(4605.,8138.,310.),(4605.,8158.,120.),(4605.,8158.,310.),(5745.,8138.,120.),(5745.,8138.,310.),(5745.,8158.,120.),(5745.,8158.,310.)));
#955=IFCTRIANGULATEDFACESET(#954,$,.T.,((2,4,1),(5,2,1),(1,4,3),(3,5,1),(2,8,4),(6,2,5),(6,8,2),(4,8,3),(7,5,3),(3,8,7),(7,6,5),(8,6,7)),$);
#956=IFCCARTESIANPOINTLIST3D(((5295.,8118.,220.),(5295.,8118.,213.),(5055.,8118.,213.),(5055.,8118.,220.),(5295.,8115.836881,213.342601),(5055.,8115.836881,213.342601),(5295.,8113.885505,214.336881),(5055.,8113.885505,214.336881),(5295.,8112.336881,215.885505),(5055.,8112.336881,215.885505),(5295.,8111.342601,217.836881),(5055.,8111.342601,217.836881),(5295.,8111.,220.),(5055.,8111.,220.),(5295.,8111.342601,222.163119),(5055.,8111.342601,222.163119),(5295.,8112.336881,224.114495),(5055.,8112.336881,224.114495),(5295.,8113.885505,225.663119),(5055.,8113.885505,225.663119),(5295.,8115.836881,226.657399),(5055.,8115.836881,226.657399),(5295.,8118.,227.),(5055.,8118.,227.),(5295.,8120.163119,226.657399),(5055.,8120.163119,226.657399),(5295.,8122.114495,225.663119),(5055.,8122.114495,225.663119),(5295.,8123.663119,224.114495),(5055.,8123.663119,224.114495),(5295.,8124.657399,222.163119),(5055.,8124.657399,222.163119),(5295.,8125.,220.),(5055.,8125.,220.),(5295.,8124.657399,217.836881),(5055.,8124.657399,217.836881),(5295.,8123.663119,215.885505),(5055.,8123.663119,215.885505),(5295.,8122.114495,214.336881),(5055.,8122.114495,214.336881),(5295.,8120.163119,213.342601),(5055.,8120.163119,213.342601)));
#957=IFCTRIANGULATEDFACESET(#956,$,.T.,((2,1,5),(2,5,3),(3,5,6),(3,6,4),(5,1,7),(5,7,6),(6,7,8),(6,8,4),(7,1,9),(7,9,8),(8,9,10),(8,10,4),(9,1,11),(9,11,10),(10,11,12),(10,12,4),(11,1,13),(11,13,12),(12,13,14),(12,14,4),(13,1,15),(13,15,14),(14,15,16),(14,16,4),(15,1,17),(15,17,16),(16,17,18),(16,18,4),(17,1,19),(17,19,18),(18,19,20),(18,20,4),(19,1,21),(19,21,20),(20,21,22),(20,22,4),(21,1,23),(21,23,22),(22,23,24),(22,24,4),(23,1,25),(23,25,24),(24,25,26),(24,26,4),(25,1,27),(25,27,26),(26,27,28),(26,28,4),(27,1,29),(27,29,28),(28,29,30),(28,30,4),(29,1,31),(29,31,30),(30,31,32),(30,32,4),(31,1,33),(31,33,32),(32,33,34),(32,34,4),(33,1,35),(33,35,34),(34,35,36),(34,36,4),(35,1,37),(35,37,36),(36,37,38),(36,38,4),(37,1,39),(37,39,38),(38,39,40),(38,40,4),(39,1,41),(39,41,40),(40,41,42),(40,42,4),(41,1,2),(41,2,42),(42,2,3),(42,3,4)),$);
#958=IFCCARTESIANPOINTLIST3D(((4605.,8138.,350.),(4605.,8138.,540.),(4605.,8158.,350.),(4605.,8158.,540.),(5745.,8138.,350.),(5745.,8138.,540.),(5745.,8158.,350.),(5745.,8158.,540.)));
#959=IFCTRIANGULATEDFACESET(#958,$,.T.,((2,4,1),(5,2,1),(1,4,3),(3,5,1),(2,8,4),(6,2,5),(6,8,2),(4,8,3),(7,5,3),(3,8,7),(7,6,5),(8,6,7)),$);
#960=IFCCARTESIANPOINTLIST3D(((5295.,8118.,450.),(5295.,8118.,443.),(5055.,8118.,443.),(5055.,8118.,450.),(5295.,8115.836881,443.342601),(5055.,8115.836881,443.342601),(5295.,8113.885505,444.336881),(5055.,8113.885505,444.336881),(5295.,8112.336881,445.885505),(5055.,8112.336881,445.885505),(5295.,8111.342601,447.836881),(5055.,8111.342601,447.836881),(5295.,8111.,450.),(5055.,8111.,450.),(5295.,8111.342601,452.163119),(5055.,8111.342601,452.163119),(5295.,8112.336881,454.114495),(5055.,8112.336881,454.114495),(5295.,8113.885505,455.663119),(5055.,8113.885505,455.663119),(5295.,8115.836881,456.657399),(5055.,8115.836881,456.657399),(5295.,8118.,457.),(5055.,8118.,457.),(5295.,8120.163119,456.657399),(5055.,8120.163119,456.657399),(5295.,8122.114495,455.663119),(5055.,8122.114495,455.663119),(5295.,8123.663119,454.114495),(5055.,8123.663119,454.114495),(5295.,8124.657399,452.163119),(5055.,8124.657399,452.163119),(5295.,8125.,450.),(5055.,8125.,450.),(5295.,8124.657399,447.836881),(5055.,8124.657399,447.836881),(5295.,8123.663119,445.885505),(5055.,8123.663119,445.885505),(5295.,8122.114495,444.336881),(5055.,8122.114495,444.336881),(5295.,8120.163119,443.342601),(5055.,8120.163119,443.342601)));
#961=IFCTRIANGULATEDFACESET(#960,$,.T.,((2,1,5),(2,5,3),(3,5,6),(3,6,4),(5,1,7),(5,7,6),(6,7,8),(6,8,4),(7,1,9),(7,9,8),(8,9,10),(8,10,4),(9,1,11),(9,11,10),(10,11,12),(10,12,4),(11,1,13),(11,13,12),(12,13,14),(12,14,4),(13,1,15),(13,15,14),(14,15,16),(14,16,4),(15,1,17),(15,17,16),(16,17,18),(16,18,4),(17,1,19),(17,19,18),(18,19,20),(18,20,4),(19,1,21),(19,21,20),(20,21,22),(20,22,4),(21,1,23),(21,23,22),(22,23,24),(22,24,4),(23,1,25),(23,25,24),(24,25,26),(24,26,4),(25,1,27),(25,27,26),(26,27,28),(26,28,4),(27,1,29),(27,29,28),(28,29,30),(28,30,4),(29,1,31),(29,31,30),(30,31,32),(30,32,4),(31,1,33),(31,33,32),(32,33,34),(32,34,4),(33,1,35),(33,35,34),(34,35,36),(34,36,4),(35,1,37),(35,37,36),(36,37,38),(36,38,4),(37,1,39),(37,39,38),(38,39,40),(38,40,4),(39,1,41),(39,41,40),(40,41,42),(40,42,4),(41,1,2),(41,2,42),(42,2,3),(42,3,4)),$);
#962=IFCCARTESIANPOINTLIST3D(((4605.,8138.,580.),(4605.,8138.,770.),(4605.,8158.,580.),(4605.,8158.,770.),(5745.,8138.,580.),(5745.,8138.,770.),(5745.,8158.,580.),(5745.,8158.,770.)));
#963=IFCTRIANGULATEDFACESET(#962,$,.T.,((2,4,1),(5,2,1),(1,4,3),(3,5,1),(2,8,4),(6,2,5),(6,8,2),(4,8,3),(7,5,3),(3,8,7),(7,6,5),(8,6,7)),$);
#964=IFCCARTESIANPOINTLIST3D(((5295.,8118.,680.),(5295.,8118.,673.),(5055.,8118.,673.),(5055.,8118.,680.),(5295.,8115.836881,673.342601),(5055.,8115.836881,673.342601),(5295.,8113.885505,674.336881),(5055.,8113.885505,674.336881),(5295.,8112.336881,675.885505),(5055.,8112.336881,675.885505),(5295.,8111.342601,677.836881),(5055.,8111.342601,677.836881),(5295.,8111.,680.),(5055.,8111.,680.),(5295.,8111.342601,682.163119),(5055.,8111.342601,682.163119),(5295.,8112.336881,684.114495),(5055.,8112.336881,684.114495),(5295.,8113.885505,685.663119),(5055.,8113.885505,685.663119),(5295.,8115.836881,686.657399),(5055.,8115.836881,686.657399),(5295.,8118.,687.),(5055.,8118.,687.),(5295.,8120.163119,686.657399),(5055.,8120.163119,686.657399),(5295.,8122.114495,685.663119),(5055.,8122.114495,685.663119),(5295.,8123.663119,684.114495),(5055.,8123.663119,684.114495),(5295.,8124.657399,682.163119),(5055.,8124.657399,682.163119),(5295.,8125.,680.),(5055.,8125.,680.),(5295.,8124.657399,677.836881),(5055.,8124.657399,677.836881),(5295.,8123.663119,675.885505),(5055.,8123.663119,675.885505),(5295.,8122.114495,674.336881),(5055.,8122.114495,674.336881),(5295.,8120.163119,673.342601),(5055.,8120.163119,673.342601)));
#965=IFCTRIANGULATEDFACESET(#964,$,.T.,((2,1,5),(2,5,3),(3,5,6),(3,6,4),(5,1,7),(5,7,6),(6,7,8),(6,8,4),(7,1,9),(7,9,8),(8,9,10),(8,10,4),(9,1,11),(9,11,10),(10,11,12),(10,12,4),(11,1,13),(11,13,12),(12,13,14),(12,14,4),(13,1,15),(13,15,14),(14,15,16),(14,16,4),(15,1,17),(15,17,16),(16,17,18),(16,18,4),(17,1,19),(17,19,18),(18,19,20),(18,20,4),(19,1,21),(19,21,20),(20,21,22),(20,22,4),(21,1,23),(21,23,22),(22,23,24),(22,24,4),(23,1,25),(23,25,24),(24,25,26),(24,26,4),(25,1,27),(25,27,26),(26,27,28),(26,28,4),(27,1,29),(27,29,28),(28,29,30),(28,30,4),(29,1,31),(29,31,30),(30,31,32),(30,32,4),(31,1,33),(31,33,32),(32,33,34),(32,34,4),(33,1,35),(33,35,34),(34,35,36),(34,36,4),(35,1,37),(35,37,36),(36,37,38),(36,38,4),(37,1,39),(37,39,38),(38,39,40),(38,40,4),(39,1,41),(39,41,40),(40,41,42),(40,42,4),(41,1,2),(41,2,42),(42,2,3),(42,3,4)),$);
#966=IFCSHAPEREPRESENTATION(#6,'Body','Tessellation',(#953,#955,#957,#959,#961,#963,#965));
#967=IFCPRODUCTDEFINITIONSHAPE($,$,(#966));
#968=IFCFURNISHINGELEMENT('1WsPk$w_HMgOB1bf7sQMz3',$,'Wardrobe','Authored furniture assembly',$,#19,#967,'F0-bed-m/wardrobe');
#969=IFCPROPERTYSINGLEVALUE('ReviewStatus',$,IFCLABEL('PRELIMINARY - NOT FOR CONSTRUCTION'),$);
#970=IFCPROPERTYSINGLEVALUE('PlanHash',$,IFCLABEL('9bdd75bf2ea4a15314ae6a886c801c8d1d01f7572e2e002ab2ad73d238ef7a80'),$);
#971=IFCPROPERTYSET('1q8_P74EzPRws01qawAiyU',$,'FloorForge_Review',$,(#969,#970));
#972=IFCRELDEFINESBYPROPERTIES('0uJ5bQLUbQSOtID_lL9BDD',$,$,$,(#968),#971);
#973=IFCRELCONTAINEDINSPATIALSTRUCTURE('2HKaWjR0bOKOUO4b13xbHD',$,$,$,(#35,#49,#64,#79,#94,#109,#123,#139,#155,#171,#186,#201,#217,#232,#248,#263,#278,#293,#308,#323,#337,#722,#740,#769,#786,#803,#826,#915,#928,#947,#968),#20);
#974=IFCRELAGGREGATES('0rPXE1JNzQUAbNN65eEx6H',$,$,$,#20,(#360,#379,#398,#414,#430,#449,#468));
#975=IFCPROPERTYSINGLEVALUE('ReviewStatus',$,IFCLABEL('PRELIMINARY - NOT FOR CONSTRUCTION'),$);
#976=IFCPROPERTYSINGLEVALUE('PlanHash',$,IFCLABEL('9bdd75bf2ea4a15314ae6a886c801c8d1d01f7572e2e002ab2ad73d238ef7a80'),$);
#977=IFCPROPERTYSET('2$0IFeFQLN4fOLNU0u0DsJ',$,'FloorForge_Review',$,(#975,#976));
#978=IFCRELDEFINESBYPROPERTIES('2Ws3_YXaDOWhF57XpEg3fr',$,$,$,(#14),#977);
ENDSEC;
END-ISO-10303-21;
