ISO-10303-21;
HEADER;
FILE_DESCRIPTION(('ViewDefinition [DesignTransferView]','PRELIMINARY - ENGINEER TO REVIEW'),'2;1');
FILE_NAME('FloorForge.ifc','2026-09-06T00:00:00',('FloorForge'),('FloorForge'),'FloorForge 0.2','FloorForge','');
FILE_SCHEMA(('IFC4'));
ENDSEC;
DATA;
#1=IFCCARTESIANPOINT((0.,0.,0.));
#2=IFCAXIS2PLACEMENT3D(#1,$,$);
#3=IFCLOCALPLACEMENT($,#2);
#4=IFCCARTESIANPOINT((0.,0.,0.));
#5=IFCAXIS2PLACEMENT3D(#4,$,$);
#6=IFCGEOMETRICREPRESENTATIONCONTEXT($,'Model',3,0.00001,#5,$);
#7=IFCSIUNIT(*,.LENGTHUNIT.,.MILLI.,.METRE.);
#8=IFCSIUNIT(*,.AREAUNIT.,$,.SQUARE_METRE.);
#9=IFCSIUNIT(*,.VOLUMEUNIT.,$,.CUBIC_METRE.);
#10=IFCSIUNIT(*,.PLANEANGLEUNIT.,$,.RADIAN.);
#11=IFCUNITASSIGNMENT((#7,#8,#9,#10));
#12=IFCPROJECT('2a2_X_ZHvSyuOfiZys31j4',$,'The Garden Pavilion','PRELIMINARY - ENGINEER TO REVIEW - NOT FOR CONSTRUCTION',$,$,$,(#6),#11);
#13=IFCSITE('0IND1MtDfK1AbQ2nKV0Yfj',$,'Unsurveyed plot',$,$,#3,$,$,.ELEMENT.,$,$,$,$,$);
#14=IFCBUILDING('3d_qio$hPPbRLetmFAJFuc',$,'Preliminary house',$,$,#3,$,$,.ELEMENT.,$,$,$);
#15=IFCRELAGGREGATES('1ZAPOA5gXUm96CSQ6hMnFI',$,$,$,#12,(#13));
#16=IFCRELAGGREGATES('37xmt9XwzNWfTTFBKnonrr',$,$,$,#13,(#14));
#17=IFCCARTESIANPOINT((0.,0.,0.));
#18=IFCAXIS2PLACEMENT3D(#17,$,$);
#19=IFCLOCALPLACEMENT(#3,#18);
#20=IFCBUILDINGSTOREY('0HSym5oLvSJeN0iAUrC7hc',$,'Ground floor',$,$,#19,$,$,.ELEMENT.,0.);
#21=IFCRELAGGREGATES('0kttugR8vVchF2bevvlRNq',$,$,$,#14,(#20));
#22=IFCCARTESIANPOINT((230.,3680.));
#23=IFCCARTESIANPOINT((230.,0.));
#24=IFCCARTESIANPOINT((0.,0.));
#25=IFCCARTESIANPOINT((0.,3680.));
#26=IFCCARTESIANPOINT((230.,3680.));
#27=IFCPOLYLINE((#22,#23,#24,#25,#26));
#28=IFCARBITRARYCLOSEDPROFILEDEF(.AREA.,$,#27);
#29=IFCCARTESIANPOINT((0.,0.,0.));
#30=IFCAXIS2PLACEMENT3D(#29,$,$);
#31=IFCDIRECTION((0.,0.,1.));
#32=IFCEXTRUDEDAREASOLID(#28,#30,#31,3000.);
#33=IFCSHAPEREPRESENTATION(#6,'Body','SweptSolid',(#32));
#34=IFCPRODUCTDEFINITIONSHAPE($,$,(#33));
#35=IFCWALL('0IVxmT9WHJCvmO4yTMhDq6',$,'F0-W001','Nominal wall; structural role unverified',$,#19,#34,'F0-W001',.NOTDEFINED.);
#36=IFCCARTESIANPOINT((7644.,230.));
#37=IFCCARTESIANPOINT((7644.,0.));
#38=IFCCARTESIANPOINT((0.,0.));
#39=IFCCARTESIANPOINT((0.,230.));
#40=IFCCARTESIANPOINT((7644.,230.));
#41=IFCPOLYLINE((#36,#37,#38,#39,#40));
#42=IFCARBITRARYCLOSEDPROFILEDEF(.AREA.,$,#41);
#43=IFCCARTESIANPOINT((0.,0.,0.));
#44=IFCAXIS2PLACEMENT3D(#43,$,$);
#45=IFCDIRECTION((0.,0.,1.));
#46=IFCEXTRUDEDAREASOLID(#42,#44,#45,3000.);
#47=IFCSHAPEREPRESENTATION(#6,'Body','SweptSolid',(#46));
#48=IFCPRODUCTDEFINITIONSHAPE($,$,(#47));
#49=IFCWALL('0TSQyhba1V0PFSkMjjDO_o',$,'F0-W002','Nominal wall; structural role unverified',$,#19,#48,'F0-W002',.NOTDEFINED.);
#50=IFCCARTESIANPOINT((230.,6580.));
#51=IFCCARTESIANPOINT((230.,3450.));
#52=IFCCARTESIANPOINT((230.,3220.));
#53=IFCCARTESIANPOINT((0.,3220.));
#54=IFCCARTESIANPOINT((0.,6580.));
#55=IFCCARTESIANPOINT((230.,6580.));
#56=IFCPOLYLINE((#50,#51,#52,#53,#54,#55));
#57=IFCARBITRARYCLOSEDPROFILEDEF(.AREA.,$,#56);
#58=IFCCARTESIANPOINT((0.,0.,0.));
#59=IFCAXIS2PLACEMENT3D(#58,$,$);
#60=IFCDIRECTION((0.,0.,1.));
#61=IFCEXTRUDEDAREASOLID(#57,#59,#60,3000.);
#62=IFCSHAPEREPRESENTATION(#6,'Body','SweptSolid',(#61));
#63=IFCPRODUCTDEFINITIONSHAPE($,$,(#62));
#64=IFCWALL('3QVSBFFy9Us8E4XRB73Gwu',$,'F0-W003','Nominal wall; structural role unverified',$,#19,#63,'F0-W003',.NOTDEFINED.);
#65=IFCCARTESIANPOINT((2625.,3525.));
#66=IFCCARTESIANPOINT((2625.,3375.));
#67=IFCCARTESIANPOINT((0.,3375.));
#68=IFCCARTESIANPOINT((0.,3525.));
#69=IFCCARTESIANPOINT((2550.,3525.));
#70=IFCCARTESIANPOINT((2625.,3525.));
#71=IFCPOLYLINE((#65,#66,#67,#68,#69,#70));
#72=IFCARBITRARYCLOSEDPROFILEDEF(.AREA.,$,#71);
#73=IFCCARTESIANPOINT((0.,0.,0.));
#74=IFCAXIS2PLACEMENT3D(#73,$,$);
#75=IFCDIRECTION((0.,0.,1.));
#76=IFCEXTRUDEDAREASOLID(#72,#74,#75,3000.);
#77=IFCSHAPEREPRESENTATION(#6,'Body','SweptSolid',(#76));
#78=IFCPRODUCTDEFINITIONSHAPE($,$,(#77));
#79=IFCWALL('0PJjSfGODNdebqIYecH63i',$,'F0-W004','Nominal wall; structural role unverified',$,#19,#78,'F0-W004',.NOTDEFINED.);
#80=IFCCARTESIANPOINT((230.,8080.));
#81=IFCCARTESIANPOINT((230.,6350.));
#82=IFCCARTESIANPOINT((230.,6120.));
#83=IFCCARTESIANPOINT((0.,6120.));
#84=IFCCARTESIANPOINT((0.,8080.));
#85=IFCCARTESIANPOINT((230.,8080.));
#86=IFCPOLYLINE((#80,#81,#82,#83,#84,#85));
#87=IFCARBITRARYCLOSEDPROFILEDEF(.AREA.,$,#86);
#88=IFCCARTESIANPOINT((0.,0.,0.));
#89=IFCAXIS2PLACEMENT3D(#88,$,$);
#90=IFCDIRECTION((0.,0.,1.));
#91=IFCEXTRUDEDAREASOLID(#87,#89,#90,3000.);
#92=IFCSHAPEREPRESENTATION(#6,'Body','SweptSolid',(#91));
#93=IFCPRODUCTDEFINITIONSHAPE($,$,(#92));
#94=IFCWALL('3LMoYkeEzIL8GVdf85a_8L',$,'F0-W005','Nominal wall; structural role unverified',$,#19,#93,'F0-W005',.NOTDEFINED.);
#95=IFCCARTESIANPOINT((2625.,6425.));
#96=IFCCARTESIANPOINT((2625.,6275.));
#97=IFCCARTESIANPOINT((0.,6275.));
#98=IFCCARTESIANPOINT((0.,6425.));
#99=IFCCARTESIANPOINT((2550.,6425.));
#100=IFCCARTESIANPOINT((2625.,6425.));
#101=IFCPOLYLINE((#95,#96,#97,#98,#99,#100));
#102=IFCARBITRARYCLOSEDPROFILEDEF(.AREA.,$,#101);
#103=IFCCARTESIANPOINT((0.,0.,0.));
#104=IFCAXIS2PLACEMENT3D(#103,$,$);
#105=IFCDIRECTION((0.,0.,1.));
#106=IFCEXTRUDEDAREASOLID(#102,#104,#105,3000.);
#107=IFCSHAPEREPRESENTATION(#6,'Body','SweptSolid',(#106));
#108=IFCPRODUCTDEFINITIONSHAPE($,$,(#107));
#109=IFCWALL('3iOL1wIJDQswl$iiP3TE9s',$,'F0-W006','Nominal wall; structural role unverified',$,#19,#108,'F0-W006',.NOTDEFINED.);
#110=IFCCARTESIANPOINT((230.,7850.));
#111=IFCCARTESIANPOINT((230.,7620.));
#112=IFCCARTESIANPOINT((0.,7620.));
#113=IFCCARTESIANPOINT((0.,9492.));
#114=IFCCARTESIANPOINT((230.,9492.));
#115=IFCCARTESIANPOINT((230.,7850.));
#116=IFCPOLYLINE((#110,#111,#112,#113,#114,#115));
#117=IFCARBITRARYCLOSEDPROFILEDEF(.AREA.,$,#116);
#118=IFCCARTESIANPOINT((0.,0.,0.));
#119=IFCAXIS2PLACEMENT3D(#118,$,$);
#120=IFCDIRECTION((0.,0.,1.));
#121=IFCEXTRUDEDAREASOLID(#117,#119,#120,3000.);
#122=IFCSHAPEREPRESENTATION(#6,'Body','SweptSolid',(#121));
#123=IFCPRODUCTDEFINITIONSHAPE($,$,(#122));
#124=IFCWALL('1fz8kV1F5UFP48E8Tc36oe',$,'F0-W007','Nominal wall; structural role unverified',$,#19,#123,'F0-W007',.NOTDEFINED.);
#125=IFCCARTESIANPOINT((2625.,7925.));
#126=IFCCARTESIANPOINT((2625.,7775.));
#127=IFCCARTESIANPOINT((0.,7775.));
#128=IFCCARTESIANPOINT((0.,7925.));
#129=IFCCARTESIANPOINT((2550.,7925.));
#130=IFCCARTESIANPOINT((2625.,7925.));
#131=IFCPOLYLINE((#125,#126,#127,#128,#129,#130));
#132=IFCARBITRARYCLOSEDPROFILEDEF(.AREA.,$,#131);
#133=IFCCARTESIANPOINT((0.,0.,0.));
#134=IFCAXIS2PLACEMENT3D(#133,$,$);
#135=IFCDIRECTION((0.,0.,1.));
#136=IFCEXTRUDEDAREASOLID(#132,#134,#135,3000.);
#137=IFCSHAPEREPRESENTATION(#6,'Body','SweptSolid',(#136));
#138=IFCPRODUCTDEFINITIONSHAPE($,$,(#137));
#139=IFCWALL('3ju1qNjfrGGPYcuMRH7tIr',$,'F0-W008','Nominal wall; structural role unverified',$,#19,#138,'F0-W008',.NOTDEFINED.);
#140=IFCCARTESIANPOINT((2780.,9262.));
#141=IFCCARTESIANPOINT((0.,9262.));
#142=IFCCARTESIANPOINT((0.,9492.));
#143=IFCCARTESIANPOINT((2780.,9492.));
#144=IFCCARTESIANPOINT((2780.,9262.));
#145=IFCPOLYLINE((#140,#141,#142,#143,#144));
#146=IFCARBITRARYCLOSEDPROFILEDEF(.AREA.,$,#145);
#147=IFCCARTESIANPOINT((0.,0.,0.));
#148=IFCAXIS2PLACEMENT3D(#147,$,$);
#149=IFCDIRECTION((0.,0.,1.));
#150=IFCEXTRUDEDAREASOLID(#146,#148,#149,3000.);
#151=IFCSHAPEREPRESENTATION(#6,'Body','SweptSolid',(#150));
#152=IFCPRODUCTDEFINITIONSHAPE($,$,(#151));
#153=IFCWALL('06YW0W7unRDea7jva_Sw3T',$,'F0-W009','Nominal wall; structural role unverified',$,#19,#152,'F0-W009',.NOTDEFINED.);
#154=IFCCARTESIANPOINT((2475.,6425.));
#155=IFCCARTESIANPOINT((2625.,6425.));
#156=IFCCARTESIANPOINT((2625.,3450.));
#157=IFCCARTESIANPOINT((2625.,3375.));
#158=IFCCARTESIANPOINT((2475.,3375.));
#159=IFCCARTESIANPOINT((2475.,6350.));
#160=IFCCARTESIANPOINT((2475.,6425.));
#161=IFCPOLYLINE((#154,#155,#156,#157,#158,#159,#160));
#162=IFCARBITRARYCLOSEDPROFILEDEF(.AREA.,$,#161);
#163=IFCCARTESIANPOINT((0.,0.,0.));
#164=IFCAXIS2PLACEMENT3D(#163,$,$);
#165=IFCDIRECTION((0.,0.,1.));
#166=IFCEXTRUDEDAREASOLID(#162,#164,#165,3000.);
#167=IFCSHAPEREPRESENTATION(#6,'Body','SweptSolid',(#166));
#168=IFCPRODUCTDEFINITIONSHAPE($,$,(#167));
#169=IFCWALL('2tN8NEHAvLD9PsgSlbIGG9',$,'F0-W010','Nominal wall; structural role unverified',$,#19,#168,'F0-W010',.NOTDEFINED.);
#170=IFCCARTESIANPOINT((2475.,7925.));
#171=IFCCARTESIANPOINT((2625.,7925.));
#172=IFCCARTESIANPOINT((2625.,6350.));
#173=IFCCARTESIANPOINT((2625.,6275.));
#174=IFCCARTESIANPOINT((2475.,6275.));
#175=IFCCARTESIANPOINT((2475.,7850.));
#176=IFCCARTESIANPOINT((2475.,7925.));
#177=IFCPOLYLINE((#170,#171,#172,#173,#174,#175,#176));
#178=IFCARBITRARYCLOSEDPROFILEDEF(.AREA.,$,#177);
#179=IFCCARTESIANPOINT((0.,0.,0.));
#180=IFCAXIS2PLACEMENT3D(#179,$,$);
#181=IFCDIRECTION((0.,0.,1.));
#182=IFCEXTRUDEDAREASOLID(#178,#180,#181,3000.);
#183=IFCSHAPEREPRESENTATION(#6,'Body','SweptSolid',(#182));
#184=IFCPRODUCTDEFINITIONSHAPE($,$,(#183));
#185=IFCWALL('0ivxzn$g5HEhhEmSR1GDGd',$,'F0-W011','Nominal wall; structural role unverified',$,#19,#184,'F0-W011',.NOTDEFINED.);
#186=IFCCARTESIANPOINT((2625.,7850.));
#187=IFCCARTESIANPOINT((2625.,7775.));
#188=IFCCARTESIANPOINT((2475.,7775.));
#189=IFCCARTESIANPOINT((2475.,9492.));
#190=IFCCARTESIANPOINT((2625.,9492.));
#191=IFCCARTESIANPOINT((2625.,7850.));
#192=IFCPOLYLINE((#186,#187,#188,#189,#190,#191));
#193=IFCARBITRARYCLOSEDPROFILEDEF(.AREA.,$,#192);
#194=IFCCARTESIANPOINT((0.,0.,0.));
#195=IFCAXIS2PLACEMENT3D(#194,$,$);
#196=IFCDIRECTION((0.,0.,1.));
#197=IFCEXTRUDEDAREASOLID(#193,#195,#196,3000.);
#198=IFCSHAPEREPRESENTATION(#6,'Body','SweptSolid',(#197));
#199=IFCPRODUCTDEFINITIONSHAPE($,$,(#198));
#200=IFCWALL('16H1kuuQ9ScADYvslbUNxH',$,'F0-W012','Nominal wall; structural role unverified',$,#19,#199,'F0-W012',.NOTDEFINED.);
#201=IFCCARTESIANPOINT((4130.,9262.));
#202=IFCCARTESIANPOINT((2550.,9262.));
#203=IFCCARTESIANPOINT((2320.,9262.));
#204=IFCCARTESIANPOINT((2320.,9492.));
#205=IFCCARTESIANPOINT((4130.,9492.));
#206=IFCCARTESIANPOINT((4130.,9262.));
#207=IFCPOLYLINE((#201,#202,#203,#204,#205,#206));
#208=IFCARBITRARYCLOSEDPROFILEDEF(.AREA.,$,#207);
#209=IFCCARTESIANPOINT((0.,0.,0.));
#210=IFCAXIS2PLACEMENT3D(#209,$,$);
#211=IFCDIRECTION((0.,0.,1.));
#212=IFCEXTRUDEDAREASOLID(#208,#210,#211,3000.);
#213=IFCSHAPEREPRESENTATION(#6,'Body','SweptSolid',(#212));
#214=IFCPRODUCTDEFINITIONSHAPE($,$,(#213));
#215=IFCWALL('1ydUaloefQtBYdv9UaoSdn',$,'F0-W013','Nominal wall; structural role unverified',$,#19,#214,'F0-W013',.NOTDEFINED.);
#216=IFCCARTESIANPOINT((3825.,6425.));
#217=IFCCARTESIANPOINT((3975.,6425.));
#218=IFCCARTESIANPOINT((3975.,3450.));
#219=IFCCARTESIANPOINT((3975.,3375.));
#220=IFCCARTESIANPOINT((3825.,3375.));
#221=IFCCARTESIANPOINT((3825.,6350.));
#222=IFCCARTESIANPOINT((3825.,6425.));
#223=IFCPOLYLINE((#216,#217,#218,#219,#220,#221,#222));
#224=IFCARBITRARYCLOSEDPROFILEDEF(.AREA.,$,#223);
#225=IFCCARTESIANPOINT((0.,0.,0.));
#226=IFCAXIS2PLACEMENT3D(#225,$,$);
#227=IFCDIRECTION((0.,0.,1.));
#228=IFCEXTRUDEDAREASOLID(#224,#226,#227,3000.);
#229=IFCSHAPEREPRESENTATION(#6,'Body','SweptSolid',(#228));
#230=IFCPRODUCTDEFINITIONSHAPE($,$,(#229));
#231=IFCWALL('0S2gSq8H9M0e76hpbjgiTy',$,'F0-W014','Nominal wall; structural role unverified',$,#19,#230,'F0-W014',.NOTDEFINED.);
#232=IFCCARTESIANPOINT((3900.,3375.));
#233=IFCCARTESIANPOINT((3825.,3375.));
#234=IFCCARTESIANPOINT((3825.,3525.));
#235=IFCCARTESIANPOINT((7644.,3525.));
#236=IFCCARTESIANPOINT((7644.,3375.));
#237=IFCCARTESIANPOINT((3900.,3375.));
#238=IFCPOLYLINE((#232,#233,#234,#235,#236,#237));
#239=IFCARBITRARYCLOSEDPROFILEDEF(.AREA.,$,#238);
#240=IFCCARTESIANPOINT((0.,0.,0.));
#241=IFCAXIS2PLACEMENT3D(#240,$,$);
#242=IFCDIRECTION((0.,0.,1.));
#243=IFCEXTRUDEDAREASOLID(#239,#241,#242,3000.);
#244=IFCSHAPEREPRESENTATION(#6,'Body','SweptSolid',(#243));
#245=IFCPRODUCTDEFINITIONSHAPE($,$,(#244));
#246=IFCWALL('3ND9WpBWbJZBBeOfT_Whcx',$,'F0-W015','Nominal wall; structural role unverified',$,#19,#245,'F0-W015',.NOTDEFINED.);
#247=IFCCARTESIANPOINT((3975.,6350.));
#248=IFCCARTESIANPOINT((3975.,6275.));
#249=IFCCARTESIANPOINT((3825.,6275.));
#250=IFCCARTESIANPOINT((3825.,9492.));
#251=IFCCARTESIANPOINT((3975.,9492.));
#252=IFCCARTESIANPOINT((3975.,6350.));
#253=IFCPOLYLINE((#247,#248,#249,#250,#251,#252));
#254=IFCARBITRARYCLOSEDPROFILEDEF(.AREA.,$,#253);
#255=IFCCARTESIANPOINT((0.,0.,0.));
#256=IFCAXIS2PLACEMENT3D(#255,$,$);
#257=IFCDIRECTION((0.,0.,1.));
#258=IFCEXTRUDEDAREASOLID(#254,#256,#257,3000.);
#259=IFCSHAPEREPRESENTATION(#6,'Body','SweptSolid',(#258));
#260=IFCPRODUCTDEFINITIONSHAPE($,$,(#259));
#261=IFCWALL('2ijZhWXNvGvx$EwOMaQUYr',$,'F0-W016','Nominal wall; structural role unverified',$,#19,#260,'F0-W016',.NOTDEFINED.);
#262=IFCCARTESIANPOINT((3900.,6275.));
#263=IFCCARTESIANPOINT((3825.,6275.));
#264=IFCCARTESIANPOINT((3825.,6425.));
#265=IFCCARTESIANPOINT((7644.,6425.));
#266=IFCCARTESIANPOINT((7644.,6275.));
#267=IFCCARTESIANPOINT((3900.,6275.));
#268=IFCPOLYLINE((#262,#263,#264,#265,#266,#267));
#269=IFCARBITRARYCLOSEDPROFILEDEF(.AREA.,$,#268);
#270=IFCCARTESIANPOINT((0.,0.,0.));
#271=IFCAXIS2PLACEMENT3D(#270,$,$);
#272=IFCDIRECTION((0.,0.,1.));
#273=IFCEXTRUDEDAREASOLID(#269,#271,#272,3000.);
#274=IFCSHAPEREPRESENTATION(#6,'Body','SweptSolid',(#273));
#275=IFCPRODUCTDEFINITIONSHAPE($,$,(#274));
#276=IFCWALL('26gewieb5JKPPzJu1Do1Ly',$,'F0-W017','Nominal wall; structural role unverified',$,#19,#275,'F0-W017',.NOTDEFINED.);
#277=IFCCARTESIANPOINT((3900.,9262.));
#278=IFCCARTESIANPOINT((3670.,9262.));
#279=IFCCARTESIANPOINT((3670.,9492.));
#280=IFCCARTESIANPOINT((7644.,9492.));
#281=IFCCARTESIANPOINT((7644.,9262.));
#282=IFCCARTESIANPOINT((3900.,9262.));
#283=IFCPOLYLINE((#277,#278,#279,#280,#281,#282));
#284=IFCARBITRARYCLOSEDPROFILEDEF(.AREA.,$,#283);
#285=IFCCARTESIANPOINT((0.,0.,0.));
#286=IFCAXIS2PLACEMENT3D(#285,$,$);
#287=IFCDIRECTION((0.,0.,1.));
#288=IFCEXTRUDEDAREASOLID(#284,#286,#287,3000.);
#289=IFCSHAPEREPRESENTATION(#6,'Body','SweptSolid',(#288));
#290=IFCPRODUCTDEFINITIONSHAPE($,$,(#289));
#291=IFCWALL('1Oq9yWGyXK$hECrhRYMRza',$,'F0-W018','Nominal wall; structural role unverified',$,#19,#290,'F0-W018',.NOTDEFINED.);
#292=IFCCARTESIANPOINT((7414.,3680.));
#293=IFCCARTESIANPOINT((7644.,3680.));
#294=IFCCARTESIANPOINT((7644.,0.));
#295=IFCCARTESIANPOINT((7414.,0.));
#296=IFCCARTESIANPOINT((7414.,3450.));
#297=IFCCARTESIANPOINT((7414.,3680.));
#298=IFCPOLYLINE((#292,#293,#294,#295,#296,#297));
#299=IFCARBITRARYCLOSEDPROFILEDEF(.AREA.,$,#298);
#300=IFCCARTESIANPOINT((0.,0.,0.));
#301=IFCAXIS2PLACEMENT3D(#300,$,$);
#302=IFCDIRECTION((0.,0.,1.));
#303=IFCEXTRUDEDAREASOLID(#299,#301,#302,3000.);
#304=IFCSHAPEREPRESENTATION(#6,'Body','SweptSolid',(#303));
#305=IFCPRODUCTDEFINITIONSHAPE($,$,(#304));
#306=IFCWALL('2cM74skKLVFAYu59P2N9UQ',$,'F0-W019','Nominal wall; structural role unverified',$,#19,#305,'F0-W019',.NOTDEFINED.);
#307=IFCCARTESIANPOINT((7414.,6580.));
#308=IFCCARTESIANPOINT((7644.,6580.));
#309=IFCCARTESIANPOINT((7644.,3220.));
#310=IFCCARTESIANPOINT((7414.,3220.));
#311=IFCCARTESIANPOINT((7414.,6350.));
#312=IFCCARTESIANPOINT((7414.,6580.));
#313=IFCPOLYLINE((#307,#308,#309,#310,#311,#312));
#314=IFCARBITRARYCLOSEDPROFILEDEF(.AREA.,$,#313);
#315=IFCCARTESIANPOINT((0.,0.,0.));
#316=IFCAXIS2PLACEMENT3D(#315,$,$);
#317=IFCDIRECTION((0.,0.,1.));
#318=IFCEXTRUDEDAREASOLID(#314,#316,#317,3000.);
#319=IFCSHAPEREPRESENTATION(#6,'Body','SweptSolid',(#318));
#320=IFCPRODUCTDEFINITIONSHAPE($,$,(#319));
#321=IFCWALL('0pNWN9FzvTIOJuzlKks9tQ',$,'F0-W020','Nominal wall; structural role unverified',$,#19,#320,'F0-W020',.NOTDEFINED.);
#322=IFCCARTESIANPOINT((7414.,6120.));
#323=IFCCARTESIANPOINT((7414.,9492.));
#324=IFCCARTESIANPOINT((7644.,9492.));
#325=IFCCARTESIANPOINT((7644.,6120.));
#326=IFCCARTESIANPOINT((7414.,6120.));
#327=IFCPOLYLINE((#322,#323,#324,#325,#326));
#328=IFCARBITRARYCLOSEDPROFILEDEF(.AREA.,$,#327);
#329=IFCCARTESIANPOINT((0.,0.,0.));
#330=IFCAXIS2PLACEMENT3D(#329,$,$);
#331=IFCDIRECTION((0.,0.,1.));
#332=IFCEXTRUDEDAREASOLID(#328,#330,#331,3000.);
#333=IFCSHAPEREPRESENTATION(#6,'Body','SweptSolid',(#332));
#334=IFCPRODUCTDEFINITIONSHAPE($,$,(#333));
#335=IFCWALL('2zSG5dLnfR0B16O$sDmNHN',$,'F0-W021','Nominal wall; structural role unverified',$,#19,#334,'F0-W021',.NOTDEFINED.);
#336=IFCCARTESIANPOINT((3825.,3450.));
#337=IFCCARTESIANPOINT((3825.,3375.));
#338=IFCCARTESIANPOINT((3900.,3375.));
#339=IFCCARTESIANPOINT((3975.,3375.));
#340=IFCCARTESIANPOINT((7414.,3375.));
#341=IFCCARTESIANPOINT((7414.,3220.));
#342=IFCCARTESIANPOINT((7414.,230.));
#343=IFCCARTESIANPOINT((230.,230.));
#344=IFCCARTESIANPOINT((230.,3220.));
#345=IFCCARTESIANPOINT((230.,3375.));
#346=IFCCARTESIANPOINT((2475.,3375.));
#347=IFCCARTESIANPOINT((2625.,3375.));
#348=IFCCARTESIANPOINT((2625.,3450.));
#349=IFCCARTESIANPOINT((3825.,3450.));
#350=IFCPOLYLINE((#336,#337,#338,#339,#340,#341,#342,#343,#344,#345,#346,#347,#348,#349));
#351=IFCARBITRARYCLOSEDPROFILEDEF(.AREA.,$,#350);
#352=IFCCARTESIANPOINT((0.,0.,0.));
#353=IFCAXIS2PLACEMENT3D(#352,$,$);
#354=IFCDIRECTION((0.,0.,1.));
#355=IFCEXTRUDEDAREASOLID(#351,#353,#354,3000.);
#356=IFCSHAPEREPRESENTATION(#6,'Body','SweptSolid',(#355));
#357=IFCPRODUCTDEFINITIONSHAPE($,$,(#356));
#358=IFCSPACE('1iUUA1MxXRXRgbMX6a5t7r',$,'Living & dining','Clear-space study volume',$,#19,#357,'F0-living',.ELEMENT.,.NOTDEFINED.,$);
#359=IFCCARTESIANPOINT((2625.,3450.));
#360=IFCCARTESIANPOINT((2625.,3525.));
#361=IFCCARTESIANPOINT((2625.,6275.));
#362=IFCCARTESIANPOINT((2625.,6350.));
#363=IFCCARTESIANPOINT((2625.,6425.));
#364=IFCCARTESIANPOINT((2625.,7775.));
#365=IFCCARTESIANPOINT((2625.,7850.));
#366=IFCCARTESIANPOINT((2625.,7925.));
#367=IFCCARTESIANPOINT((2625.,9262.));
#368=IFCCARTESIANPOINT((2780.,9262.));
#369=IFCCARTESIANPOINT((3670.,9262.));
#370=IFCCARTESIANPOINT((3825.,9262.));
#371=IFCCARTESIANPOINT((3825.,6425.));
#372=IFCCARTESIANPOINT((3825.,6350.));
#373=IFCCARTESIANPOINT((3825.,6275.));
#374=IFCCARTESIANPOINT((3825.,3525.));
#375=IFCCARTESIANPOINT((3825.,3450.));
#376=IFCCARTESIANPOINT((2625.,3450.));
#377=IFCPOLYLINE((#359,#360,#361,#362,#363,#364,#365,#366,#367,#368,#369,#370,#371,#372,#373,#374,#375,#376));
#378=IFCARBITRARYCLOSEDPROFILEDEF(.AREA.,$,#377);
#379=IFCCARTESIANPOINT((0.,0.,0.));
#380=IFCAXIS2PLACEMENT3D(#379,$,$);
#381=IFCDIRECTION((0.,0.,1.));
#382=IFCEXTRUDEDAREASOLID(#378,#380,#381,3000.);
#383=IFCSHAPEREPRESENTATION(#6,'Body','SweptSolid',(#382));
#384=IFCPRODUCTDEFINITIONSHAPE($,$,(#383));
#385=IFCSPACE('3syy0l4frVtQFGMQtu9JVj',$,'Hall','Clear-space study volume',$,#19,#384,'F0-hall',.ELEMENT.,.NOTDEFINED.,$);
#386=IFCCARTESIANPOINT((2475.,6275.));
#387=IFCCARTESIANPOINT((2475.,3525.));
#388=IFCCARTESIANPOINT((230.,3525.));
#389=IFCCARTESIANPOINT((230.,3680.));
#390=IFCCARTESIANPOINT((230.,6120.));
#391=IFCCARTESIANPOINT((230.,6275.));
#392=IFCCARTESIANPOINT((2475.,6275.));
#393=IFCPOLYLINE((#386,#387,#388,#389,#390,#391,#392));
#394=IFCARBITRARYCLOSEDPROFILEDEF(.AREA.,$,#393);
#395=IFCCARTESIANPOINT((0.,0.,0.));
#396=IFCAXIS2PLACEMENT3D(#395,$,$);
#397=IFCDIRECTION((0.,0.,1.));
#398=IFCEXTRUDEDAREASOLID(#394,#396,#397,3000.);
#399=IFCSHAPEREPRESENTATION(#6,'Body','SweptSolid',(#398));
#400=IFCPRODUCTDEFINITIONSHAPE($,$,(#399));
#401=IFCSPACE('1CHRqV8bTJpOO7SSK0k3zZ',$,'Kitchen','Clear-space study volume',$,#19,#400,'F0-kitchen',.ELEMENT.,.NOTDEFINED.,$);
#402=IFCCARTESIANPOINT((230.,6425.));
#403=IFCCARTESIANPOINT((230.,6580.));
#404=IFCCARTESIANPOINT((230.,7620.));
#405=IFCCARTESIANPOINT((230.,7775.));
#406=IFCCARTESIANPOINT((2475.,7775.));
#407=IFCCARTESIANPOINT((2475.,6425.));
#408=IFCCARTESIANPOINT((230.,6425.));
#409=IFCPOLYLINE((#402,#403,#404,#405,#406,#407,#408));
#410=IFCARBITRARYCLOSEDPROFILEDEF(.AREA.,$,#409);
#411=IFCCARTESIANPOINT((0.,0.,0.));
#412=IFCAXIS2PLACEMENT3D(#411,$,$);
#413=IFCDIRECTION((0.,0.,1.));
#414=IFCEXTRUDEDAREASOLID(#410,#412,#413,3000.);
#415=IFCSHAPEREPRESENTATION(#6,'Body','SweptSolid',(#414));
#416=IFCPRODUCTDEFINITIONSHAPE($,$,(#415));
#417=IFCSPACE('3wbK3RxKnHfg5hY43y9prE',$,'Utility','Clear-space study volume',$,#19,#416,'F0-utility',.ELEMENT.,.NOTDEFINED.,$);
#418=IFCCARTESIANPOINT((230.,9262.));
#419=IFCCARTESIANPOINT((2320.,9262.));
#420=IFCCARTESIANPOINT((2475.,9262.));
#421=IFCCARTESIANPOINT((2475.,7925.));
#422=IFCCARTESIANPOINT((230.,7925.));
#423=IFCCARTESIANPOINT((230.,8080.));
#424=IFCCARTESIANPOINT((230.,9262.));
#425=IFCPOLYLINE((#418,#419,#420,#421,#422,#423,#424));
#426=IFCARBITRARYCLOSEDPROFILEDEF(.AREA.,$,#425);
#427=IFCCARTESIANPOINT((0.,0.,0.));
#428=IFCAXIS2PLACEMENT3D(#427,$,$);
#429=IFCDIRECTION((0.,0.,1.));
#430=IFCEXTRUDEDAREASOLID(#426,#428,#429,3000.);
#431=IFCSHAPEREPRESENTATION(#6,'Body','SweptSolid',(#430));
#432=IFCPRODUCTDEFINITIONSHAPE($,$,(#431));
#433=IFCSPACE('1xfocFzIXLkRe4QNPF6IgP',$,'Common bath','Clear-space study volume',$,#19,#432,'F0-cbath',.ELEMENT.,.NOTDEFINED.,$);
#434=IFCCARTESIANPOINT((3975.,3525.));
#435=IFCCARTESIANPOINT((3975.,6275.));
#436=IFCCARTESIANPOINT((7414.,6275.));
#437=IFCCARTESIANPOINT((7414.,6120.));
#438=IFCCARTESIANPOINT((7414.,3680.));
#439=IFCCARTESIANPOINT((7414.,3525.));
#440=IFCCARTESIANPOINT((3975.,3525.));
#441=IFCPOLYLINE((#434,#435,#436,#437,#438,#439,#440));
#442=IFCARBITRARYCLOSEDPROFILEDEF(.AREA.,$,#441);
#443=IFCCARTESIANPOINT((0.,0.,0.));
#444=IFCAXIS2PLACEMENT3D(#443,$,$);
#445=IFCDIRECTION((0.,0.,1.));
#446=IFCEXTRUDEDAREASOLID(#442,#444,#445,3000.);
#447=IFCSHAPEREPRESENTATION(#6,'Body','SweptSolid',(#446));
#448=IFCPRODUCTDEFINITIONSHAPE($,$,(#447));
#449=IFCSPACE('15hyEX7_PQBgaFKR5cawAt',$,'Bedroom 1','Clear-space study volume',$,#19,#448,'F0-bed-1',.ELEMENT.,.NOTDEFINED.,$);
#450=IFCCARTESIANPOINT((7414.,6580.));
#451=IFCCARTESIANPOINT((7414.,6425.));
#452=IFCCARTESIANPOINT((3975.,6425.));
#453=IFCCARTESIANPOINT((3975.,9262.));
#454=IFCCARTESIANPOINT((4130.,9262.));
#455=IFCCARTESIANPOINT((7414.,9262.));
#456=IFCCARTESIANPOINT((7414.,6580.));
#457=IFCPOLYLINE((#450,#451,#452,#453,#454,#455,#456));
#458=IFCARBITRARYCLOSEDPROFILEDEF(.AREA.,$,#457);
#459=IFCCARTESIANPOINT((0.,0.,0.));
#460=IFCAXIS2PLACEMENT3D(#459,$,$);
#461=IFCDIRECTION((0.,0.,1.));
#462=IFCEXTRUDEDAREASOLID(#458,#460,#461,3000.);
#463=IFCSHAPEREPRESENTATION(#6,'Body','SweptSolid',(#462));
#464=IFCPRODUCTDEFINITIONSHAPE($,$,(#463));
#465=IFCSPACE('1FNxVE3RnRIxXv8Dx6bZ$3',$,'Master bedroom','Clear-space study volume',$,#19,#464,'F0-bed-m',.ELEMENT.,.NOTDEFINED.,$);
#466=IFCCARTESIANPOINT((4350.,3600.));
#467=IFCCARTESIANPOINT((4350.,4500.));
#468=IFCCARTESIANPOINT((3450.,4500.));
#469=IFCCARTESIANPOINT((3450.,3600.));
#470=IFCCARTESIANPOINT((4350.,3600.));
#471=IFCPOLYLINE((#466,#467,#468,#469,#470));
#472=IFCARBITRARYCLOSEDPROFILEDEF(.AREA.,$,#471);
#473=IFCCARTESIANPOINT((0.,0.,0.));
#474=IFCAXIS2PLACEMENT3D(#473,$,$);
#475=IFCDIRECTION((0.,0.,1.));
#476=IFCEXTRUDEDAREASOLID(#472,#474,#475,2100.);
#477=IFCSHAPEREPRESENTATION(#6,'Body','SweptSolid',(#476));
#478=IFCPRODUCTDEFINITIONSHAPE($,$,(#477));
#479=IFCOPENINGELEMENT('1xW1t1f1DMpuTSXL9IYfJp',$,'F0-D001','Nominal door aperture',$,#19,#478,'F0-D001',.OPENING.);
#480=IFCRELVOIDSELEMENT('1WtEEe77DMHvgRO_qPW65r',$,$,$,#231,#479);
#481=IFCCARTESIANPOINT((4350.,6500.));
#482=IFCCARTESIANPOINT((4350.,7400.));
#483=IFCCARTESIANPOINT((3450.,7400.));
#484=IFCCARTESIANPOINT((3450.,6500.));
#485=IFCCARTESIANPOINT((4350.,6500.));
#486=IFCPOLYLINE((#481,#482,#483,#484,#485));
#487=IFCARBITRARYCLOSEDPROFILEDEF(.AREA.,$,#486);
#488=IFCCARTESIANPOINT((0.,0.,0.));
#489=IFCAXIS2PLACEMENT3D(#488,$,$);
#490=IFCDIRECTION((0.,0.,1.));
#491=IFCEXTRUDEDAREASOLID(#487,#489,#490,2100.);
#492=IFCSHAPEREPRESENTATION(#6,'Body','SweptSolid',(#491));
#493=IFCPRODUCTDEFINITIONSHAPE($,$,(#492));
#494=IFCOPENINGELEMENT('25P_f5R$DJA8a$BVn965V9',$,'F0-D002','Nominal door aperture',$,#19,#493,'F0-D002',.OPENING.);
#495=IFCRELVOIDSELEMENT('20NTvaOR9SGOdGbAkawkUT',$,$,$,#261,#494);
#496=IFCCARTESIANPOINT((3000.,8000.));
#497=IFCCARTESIANPOINT((3000.,8750.));
#498=IFCCARTESIANPOINT((2100.,8750.));
#499=IFCCARTESIANPOINT((2100.,8000.));
#500=IFCCARTESIANPOINT((3000.,8000.));
#501=IFCPOLYLINE((#496,#497,#498,#499,#500));
#502=IFCARBITRARYCLOSEDPROFILEDEF(.AREA.,$,#501);
#503=IFCCARTESIANPOINT((0.,0.,0.));
#504=IFCAXIS2PLACEMENT3D(#503,$,$);
#505=IFCDIRECTION((0.,0.,1.));
#506=IFCEXTRUDEDAREASOLID(#502,#504,#505,2100.);
#507=IFCSHAPEREPRESENTATION(#6,'Body','SweptSolid',(#506));
#508=IFCPRODUCTDEFINITIONSHAPE($,$,(#507));
#509=IFCOPENINGELEMENT('0u5tgTaLLRWxI1lgmK27jB',$,'F0-D003','Nominal door aperture',$,#19,#508,'F0-D003',.OPENING.);
#510=IFCRELVOIDSELEMENT('2v5INTrOjPqvLN0$$SOsLE',$,$,$,#200,#509);
#511=IFCCARTESIANPOINT((525.,3000.));
#512=IFCCARTESIANPOINT((2025.,3000.));
#513=IFCCARTESIANPOINT((2025.,3900.));
#514=IFCCARTESIANPOINT((525.,3900.));
#515=IFCCARTESIANPOINT((525.,3000.));
#516=IFCPOLYLINE((#511,#512,#513,#514,#515));
#517=IFCARBITRARYCLOSEDPROFILEDEF(.AREA.,$,#516);
#518=IFCCARTESIANPOINT((0.,0.,0.));
#519=IFCAXIS2PLACEMENT3D(#518,$,$);
#520=IFCDIRECTION((0.,0.,1.));
#521=IFCEXTRUDEDAREASOLID(#517,#519,#520,2100.);
#522=IFCSHAPEREPRESENTATION(#6,'Body','SweptSolid',(#521));
#523=IFCPRODUCTDEFINITIONSHAPE($,$,(#522));
#524=IFCOPENINGELEMENT('0nlfNBW09MbQa_MMZWa91N',$,'F0-D004','Nominal cased aperture',$,#19,#523,'F0-D004',.OPENING.);
#525=IFCRELVOIDSELEMENT('0bhaqcqEPO99GXETE$ks7e',$,$,$,#79,#524);
#526=IFCCARTESIANPOINT((1650.,5900.));
#527=IFCCARTESIANPOINT((2400.,5900.));
#528=IFCCARTESIANPOINT((2400.,6800.));
#529=IFCCARTESIANPOINT((1650.,6800.));
#530=IFCCARTESIANPOINT((1650.,5900.));
#531=IFCPOLYLINE((#526,#527,#528,#529,#530));
#532=IFCARBITRARYCLOSEDPROFILEDEF(.AREA.,$,#531);
#533=IFCCARTESIANPOINT((0.,0.,0.));
#534=IFCAXIS2PLACEMENT3D(#533,$,$);
#535=IFCDIRECTION((0.,0.,1.));
#536=IFCEXTRUDEDAREASOLID(#532,#534,#535,2100.);
#537=IFCSHAPEREPRESENTATION(#6,'Body','SweptSolid',(#536));
#538=IFCPRODUCTDEFINITIONSHAPE($,$,(#537));
#539=IFCOPENINGELEMENT('2hnI07_GvR5Oq3$AVau8yV',$,'F0-D005','Nominal door aperture',$,#19,#538,'F0-D005',.OPENING.);
#540=IFCRELVOIDSELEMENT('0JvVEVokLO4uPe1pxnstts',$,$,$,#109,#539);
#541=IFCCARTESIANPOINT((645.,825.));
#542=IFCCARTESIANPOINT((645.,2625.));
#543=IFCCARTESIANPOINT((-415.,2625.));
#544=IFCCARTESIANPOINT((-415.,825.));
#545=IFCCARTESIANPOINT((645.,825.));
#546=IFCPOLYLINE((#541,#542,#543,#544,#545));
#547=IFCARBITRARYCLOSEDPROFILEDEF(.AREA.,$,#546);
#548=IFCCARTESIANPOINT((0.,0.,300.));
#549=IFCAXIS2PLACEMENT3D(#548,$,$);
#550=IFCDIRECTION((0.,0.,1.));
#551=IFCEXTRUDEDAREASOLID(#547,#549,#550,2200.);
#552=IFCSHAPEREPRESENTATION(#6,'Body','SweptSolid',(#551));
#553=IFCPRODUCTDEFINITIONSHAPE($,$,(#552));
#554=IFCOPENINGELEMENT('2EJ2VQbM9S_OFFHkAISNwY',$,'F0-N006','Nominal window aperture',$,#19,#553,'F0-N006',.OPENING.);
#555=IFCRELVOIDSELEMENT('2lSg_QAQXVKAJLLrcglmDl',$,$,$,#35,#554);
#556=IFCCARTESIANPOINT((700.,-415.));
#557=IFCCARTESIANPOINT((1900.,-415.));
#558=IFCCARTESIANPOINT((1900.,645.));
#559=IFCCARTESIANPOINT((700.,645.));
#560=IFCCARTESIANPOINT((700.,-415.));
#561=IFCPOLYLINE((#556,#557,#558,#559,#560));
#562=IFCARBITRARYCLOSEDPROFILEDEF(.AREA.,$,#561);
#563=IFCCARTESIANPOINT((0.,0.,0.));
#564=IFCAXIS2PLACEMENT3D(#563,$,$);
#565=IFCDIRECTION((0.,0.,1.));
#566=IFCEXTRUDEDAREASOLID(#562,#564,#565,2300.);
#567=IFCSHAPEREPRESENTATION(#6,'Body','SweptSolid',(#566));
#568=IFCPRODUCTDEFINITIONSHAPE($,$,(#567));
#569=IFCOPENINGELEMENT('3OAX6MsYHKqfcA4uoyNfm9',$,'F0-D007','Nominal entry aperture',$,#19,#568,'F0-D007',.OPENING.);
#570=IFCRELVOIDSELEMENT('1lgTzEWB1Li827QHb8kftF',$,$,$,#49,#569);
#571=IFCCARTESIANPOINT((3572.,-415.));
#572=IFCCARTESIANPOINT((5972.,-415.));
#573=IFCCARTESIANPOINT((5972.,645.));
#574=IFCCARTESIANPOINT((3572.,645.));
#575=IFCCARTESIANPOINT((3572.,-415.));
#576=IFCPOLYLINE((#571,#572,#573,#574,#575));
#577=IFCARBITRARYCLOSEDPROFILEDEF(.AREA.,$,#576);
#578=IFCCARTESIANPOINT((0.,0.,300.));
#579=IFCAXIS2PLACEMENT3D(#578,$,$);
#580=IFCDIRECTION((0.,0.,1.));
#581=IFCEXTRUDEDAREASOLID(#577,#579,#580,2200.);
#582=IFCSHAPEREPRESENTATION(#6,'Body','SweptSolid',(#581));
#583=IFCPRODUCTDEFINITIONSHAPE($,$,(#582));
#584=IFCOPENINGELEMENT('0QyD$u_CjQ$8aae5SFfE9e',$,'F0-N008','Nominal window aperture',$,#19,#583,'F0-N008',.OPENING.);
#585=IFCRELVOIDSELEMENT('0lak4DdPjGYexNY$mjRlqC',$,$,$,#49,#584);
#586=IFCCARTESIANPOINT((645.,4150.));
#587=IFCCARTESIANPOINT((645.,5650.));
#588=IFCCARTESIANPOINT((-415.,5650.));
#589=IFCCARTESIANPOINT((-415.,4150.));
#590=IFCCARTESIANPOINT((645.,4150.));
#591=IFCPOLYLINE((#586,#587,#588,#589,#590));
#592=IFCARBITRARYCLOSEDPROFILEDEF(.AREA.,$,#591);
#593=IFCCARTESIANPOINT((0.,0.,1100.));
#594=IFCAXIS2PLACEMENT3D(#593,$,$);
#595=IFCDIRECTION((0.,0.,1.));
#596=IFCEXTRUDEDAREASOLID(#592,#594,#595,1150.);
#597=IFCSHAPEREPRESENTATION(#6,'Body','SweptSolid',(#596));
#598=IFCPRODUCTDEFINITIONSHAPE($,$,(#597));
#599=IFCOPENINGELEMENT('3sBOlYwHTQ_hEGGHGDzF2I',$,'F0-N009','Nominal window aperture',$,#19,#598,'F0-N009',.OPENING.);
#600=IFCRELVOIDSELEMENT('3L$gJjXU5O3xC7fImM6TAn',$,$,$,#64,#599);
#601=IFCCARTESIANPOINT((645.,6650.));
#602=IFCCARTESIANPOINT((645.,7550.));
#603=IFCCARTESIANPOINT((-415.,7550.));
#604=IFCCARTESIANPOINT((-415.,6650.));
#605=IFCCARTESIANPOINT((645.,6650.));
#606=IFCPOLYLINE((#601,#602,#603,#604,#605));
#607=IFCARBITRARYCLOSEDPROFILEDEF(.AREA.,$,#606);
#608=IFCCARTESIANPOINT((0.,0.,1000.));
#609=IFCAXIS2PLACEMENT3D(#608,$,$);
#610=IFCDIRECTION((0.,0.,1.));
#611=IFCEXTRUDEDAREASOLID(#607,#609,#610,1050.);
#612=IFCSHAPEREPRESENTATION(#6,'Body','SweptSolid',(#611));
#613=IFCPRODUCTDEFINITIONSHAPE($,$,(#612));
#614=IFCOPENINGELEMENT('1N3kexIj5TLAd0znQ$hiAT',$,'F0-N010','Nominal window aperture',$,#19,#613,'F0-N010',.OPENING.);
#615=IFCRELVOIDSELEMENT('2Ul4A6jHjPighISLFeORk2',$,$,$,#94,#614);
#616=IFCCARTESIANPOINT((645.,8221.));
#617=IFCCARTESIANPOINT((645.,9121.));
#618=IFCCARTESIANPOINT((-415.,9121.));
#619=IFCCARTESIANPOINT((-415.,8221.));
#620=IFCCARTESIANPOINT((645.,8221.));
#621=IFCPOLYLINE((#616,#617,#618,#619,#620));
#622=IFCARBITRARYCLOSEDPROFILEDEF(.AREA.,$,#621);
#623=IFCCARTESIANPOINT((0.,0.,1750.));
#624=IFCAXIS2PLACEMENT3D(#623,$,$);
#625=IFCDIRECTION((0.,0.,1.));
#626=IFCEXTRUDEDAREASOLID(#622,#624,#625,600.);
#627=IFCSHAPEREPRESENTATION(#6,'Body','SweptSolid',(#626));
#628=IFCPRODUCTDEFINITIONSHAPE($,$,(#627));
#629=IFCOPENINGELEMENT('2T6a8YDyjVI8U1LZuC8fIg',$,'F0-N011','Nominal window aperture',$,#19,#628,'F0-N011',.OPENING.);
#630=IFCRELVOIDSELEMENT('2mNXRFuVLO48NoIVRut5AV',$,$,$,#124,#629);
#631=IFCCARTESIANPOINT((825.,8847.));
#632=IFCCARTESIANPOINT((1725.,8847.));
#633=IFCCARTESIANPOINT((1725.,9907.));
#634=IFCCARTESIANPOINT((825.,9907.));
#635=IFCCARTESIANPOINT((825.,8847.));
#636=IFCPOLYLINE((#631,#632,#633,#634,#635));
#637=IFCARBITRARYCLOSEDPROFILEDEF(.AREA.,$,#636);
#638=IFCCARTESIANPOINT((0.,0.,1750.));
#639=IFCAXIS2PLACEMENT3D(#638,$,$);
#640=IFCDIRECTION((0.,0.,1.));
#641=IFCEXTRUDEDAREASOLID(#637,#639,#640,600.);
#642=IFCSHAPEREPRESENTATION(#6,'Body','SweptSolid',(#641));
#643=IFCPRODUCTDEFINITIONSHAPE($,$,(#642));
#644=IFCOPENINGELEMENT('1IoNDEewvS5gLpbSxJPx5t',$,'F0-N012','Nominal window aperture',$,#19,#643,'F0-N012',.OPENING.);
#645=IFCRELVOIDSELEMENT('1PNJCicmTQKwE_vNx9GtRS',$,$,$,#153,#644);
#646=IFCCARTESIANPOINT((2925.,8847.));
#647=IFCCARTESIANPOINT((3525.,8847.));
#648=IFCCARTESIANPOINT((3525.,9907.));
#649=IFCCARTESIANPOINT((2925.,9907.));
#650=IFCCARTESIANPOINT((2925.,8847.));
#651=IFCPOLYLINE((#646,#647,#648,#649,#650));
#652=IFCARBITRARYCLOSEDPROFILEDEF(.AREA.,$,#651);
#653=IFCCARTESIANPOINT((0.,0.,850.));
#654=IFCAXIS2PLACEMENT3D(#653,$,$);
#655=IFCDIRECTION((0.,0.,1.));
#656=IFCEXTRUDEDAREASOLID(#652,#654,#655,1450.);
#657=IFCSHAPEREPRESENTATION(#6,'Body','SweptSolid',(#656));
#658=IFCPRODUCTDEFINITIONSHAPE($,$,(#657));
#659=IFCOPENINGELEMENT('2iLQEC3wzMoA4ZrrJJt0ny',$,'F0-N013','Nominal window aperture',$,#19,#658,'F0-N013',.OPENING.);
#660=IFCRELVOIDSELEMENT('3$KqL1RSnNtxHC$xOhZSlm',$,$,$,#215,#659);
#661=IFCCARTESIANPOINT((4872.,8847.));
#662=IFCCARTESIANPOINT((6672.,8847.));
#663=IFCCARTESIANPOINT((6672.,9907.));
#664=IFCCARTESIANPOINT((4872.,9907.));
#665=IFCCARTESIANPOINT((4872.,8847.));
#666=IFCPOLYLINE((#661,#662,#663,#664,#665));
#667=IFCARBITRARYCLOSEDPROFILEDEF(.AREA.,$,#666);
#668=IFCCARTESIANPOINT((0.,0.,850.));
#669=IFCAXIS2PLACEMENT3D(#668,$,$);
#670=IFCDIRECTION((0.,0.,1.));
#671=IFCEXTRUDEDAREASOLID(#667,#669,#670,1450.);
#672=IFCSHAPEREPRESENTATION(#6,'Body','SweptSolid',(#671));
#673=IFCPRODUCTDEFINITIONSHAPE($,$,(#672));
#674=IFCOPENINGELEMENT('18_l48zj9PjPVjw4tyxE3p',$,'F0-N014','Nominal window aperture',$,#19,#673,'F0-N014',.OPENING.);
#675=IFCRELVOIDSELEMENT('3_rslvviPSdRiCONLUaLo$',$,$,$,#291,#674);
#676=IFCCARTESIANPOINT((8059.,825.));
#677=IFCCARTESIANPOINT((8059.,2625.));
#678=IFCCARTESIANPOINT((6999.,2625.));
#679=IFCCARTESIANPOINT((6999.,825.));
#680=IFCCARTESIANPOINT((8059.,825.));
#681=IFCPOLYLINE((#676,#677,#678,#679,#680));
#682=IFCARBITRARYCLOSEDPROFILEDEF(.AREA.,$,#681);
#683=IFCCARTESIANPOINT((0.,0.,300.));
#684=IFCAXIS2PLACEMENT3D(#683,$,$);
#685=IFCDIRECTION((0.,0.,1.));
#686=IFCEXTRUDEDAREASOLID(#682,#684,#685,2200.);
#687=IFCSHAPEREPRESENTATION(#6,'Body','SweptSolid',(#686));
#688=IFCPRODUCTDEFINITIONSHAPE($,$,(#687));
#689=IFCOPENINGELEMENT('1k4yxYFGnH_f0Fbbn2CRyU',$,'F0-N015','Nominal window aperture',$,#19,#688,'F0-N015',.OPENING.);
#690=IFCRELVOIDSELEMENT('1owWzTLaPIMexbSfZiXLa3',$,$,$,#306,#689);
#691=IFCCARTESIANPOINT((8059.,4150.));
#692=IFCCARTESIANPOINT((8059.,5650.));
#693=IFCCARTESIANPOINT((6999.,5650.));
#694=IFCCARTESIANPOINT((6999.,4150.));
#695=IFCCARTESIANPOINT((8059.,4150.));
#696=IFCPOLYLINE((#691,#692,#693,#694,#695));
#697=IFCARBITRARYCLOSEDPROFILEDEF(.AREA.,$,#696);
#698=IFCCARTESIANPOINT((0.,0.,850.));
#699=IFCAXIS2PLACEMENT3D(#698,$,$);
#700=IFCDIRECTION((0.,0.,1.));
#701=IFCEXTRUDEDAREASOLID(#697,#699,#700,1450.);
#702=IFCSHAPEREPRESENTATION(#6,'Body','SweptSolid',(#701));
#703=IFCPRODUCTDEFINITIONSHAPE($,$,(#702));
#704=IFCOPENINGELEMENT('2_tY91NxnLlxRtL6eTlQ6M',$,'F0-N016','Nominal window aperture',$,#19,#703,'F0-N016',.OPENING.);
#705=IFCRELVOIDSELEMENT('10OB0SbBrRow9sfTMeRWc7',$,$,$,#321,#704);
#706=IFCCARTESIANPOINT((8059.,7171.));
#707=IFCCARTESIANPOINT((8059.,8671.));
#708=IFCCARTESIANPOINT((6999.,8671.));
#709=IFCCARTESIANPOINT((6999.,7171.));
#710=IFCCARTESIANPOINT((8059.,7171.));
#711=IFCPOLYLINE((#706,#707,#708,#709,#710));
#712=IFCARBITRARYCLOSEDPROFILEDEF(.AREA.,$,#711);
#713=IFCCARTESIANPOINT((0.,0.,850.));
#714=IFCAXIS2PLACEMENT3D(#713,$,$);
#715=IFCDIRECTION((0.,0.,1.));
#716=IFCEXTRUDEDAREASOLID(#712,#714,#715,1450.);
#717=IFCSHAPEREPRESENTATION(#6,'Body','SweptSolid',(#716));
#718=IFCPRODUCTDEFINITIONSHAPE($,$,(#717));
#719=IFCOPENINGELEMENT('23o_$_ZTvI9h7zvH$KO5vn',$,'F0-N017','Nominal window aperture',$,#19,#718,'F0-N017',.OPENING.);
#720=IFCRELVOIDSELEMENT('3Yp1ChUk1TGPy6827T_xgQ',$,$,$,#335,#719);
#721=IFCCARTESIANPOINT((7644.,0.));
#722=IFCCARTESIANPOINT((7644.,9492.));
#723=IFCCARTESIANPOINT((0.,9492.));
#724=IFCCARTESIANPOINT((0.,0.));
#725=IFCCARTESIANPOINT((7644.,0.));
#726=IFCPOLYLINE((#721,#722,#723,#724,#725));
#727=IFCARBITRARYCLOSEDPROFILEDEF(.AREA.,$,#726);
#728=IFCCARTESIANPOINT((0.,0.,-150.));
#729=IFCAXIS2PLACEMENT3D(#728,$,$);
#730=IFCDIRECTION((0.,0.,1.));
#731=IFCEXTRUDEDAREASOLID(#727,#729,#730,150.);
#732=IFCSHAPEREPRESENTATION(#6,'Body','SweptSolid',(#731));
#733=IFCPRODUCTDEFINITIONSHAPE($,$,(#732));
#734=IFCSLAB('1v9wu8f99G2AwTaXePbR7m',$,'Floor slab / thickness assumption',$,$,#19,#733,'SL-0',.FLOOR.);
#735=IFCPROPERTYSINGLEVALUE('ReviewStatus',$,IFCLABEL('PRELIMINARY - NOT FOR CONSTRUCTION'),$);
#736=IFCPROPERTYSINGLEVALUE('PlanHash',$,IFCLABEL('13e93ea3847ed8bb1a6303802cf36b20f1f5a619efd14b6e4fd3dcf0f379760f'),$);
#737=IFCPROPERTYSET('2fnf7uDhTRvhcppHLMqrf9',$,'FloorForge_Review',$,(#735,#736));
#738=IFCRELDEFINESBYPROPERTIES('1Nc1YnL2HLvwvkSgTlLwjB',$,$,$,(#734),#737);
#739=IFCCARTESIANPOINT((7644.,0.));
#740=IFCCARTESIANPOINT((7644.,9492.));
#741=IFCCARTESIANPOINT((0.,9492.));
#742=IFCCARTESIANPOINT((0.,0.));
#743=IFCCARTESIANPOINT((7644.,0.));
#744=IFCPOLYLINE((#739,#740,#741,#742,#743));
#745=IFCARBITRARYCLOSEDPROFILEDEF(.AREA.,$,#744);
#746=IFCCARTESIANPOINT((0.,0.,3000.));
#747=IFCAXIS2PLACEMENT3D(#746,$,$);
#748=IFCDIRECTION((0.,0.,1.));
#749=IFCEXTRUDEDAREASOLID(#745,#747,#748,150.);
#750=IFCSHAPEREPRESENTATION(#6,'Body','SweptSolid',(#749));
#751=IFCPRODUCTDEFINITIONSHAPE($,$,(#750));
#752=IFCSLAB('1H2xQyMWjOWwhf9S0zY7ij',$,'Roof / thickness assumption',$,$,#19,#751,'ROOF-0',.ROOF.);
#753=IFCPROPERTYSINGLEVALUE('ReviewStatus',$,IFCLABEL('PRELIMINARY - NOT FOR CONSTRUCTION'),$);
#754=IFCPROPERTYSINGLEVALUE('PlanHash',$,IFCLABEL('13e93ea3847ed8bb1a6303802cf36b20f1f5a619efd14b6e4fd3dcf0f379760f'),$);
#755=IFCPROPERTYSET('1Yf0pjCmLPixxYR8WeQxjV',$,'FloorForge_Review',$,(#753,#754));
#756=IFCRELDEFINESBYPROPERTIES('24Z6SIf$1V1h10292tF2tf',$,$,$,(#752),#755);
#757=IFCCARTESIANPOINTLIST3D(((6845.415,3105.415,139.585),(6853.177,3113.177,163.941),(6854.497,3114.497,203.333),(6854.497,3114.497,250.),(6854.497,3114.497,296.667),(6853.177,3113.177,336.059),(6845.415,3105.415,360.415),(6854.497,2981.667,130.503),(6871.408,2981.667,157.864),(6875.,2981.667,203.333),(6875.,2981.667,250.),(6875.,2981.667,296.667),(6871.408,2981.667,342.136),(6854.497,2981.667,369.497),(6854.497,2828.333,130.503),(6871.408,2828.333,157.864),(6875.,2828.333,203.333),(6875.,2828.333,250.),(6875.,2828.333,296.667),(6871.408,2828.333,342.136),(6854.497,2828.333,369.497),(6854.497,2675.,130.503),(6871.408,2675.,157.864),(6875.,2675.,203.333),(6875.,2675.,250.),(6875.,2675.,296.667),(6871.408,2675.,342.136),(6854.497,2675.,369.497),(6854.497,2521.667,130.503),(6871.408,2521.667,157.864),(6875.,2521.667,203.333),(6875.,2521.667,250.),(6875.,2521.667,296.667),(6871.408,2521.667,342.136),(6854.497,2521.667,369.497),(6854.497,2368.333,130.503),(6871.408,2368.333,157.864),(6875.,2368.333,203.333),(6875.,2368.333,250.),(6875.,2368.333,296.667),(6871.408,2368.333,342.136),(6854.497,2368.333,369.497),(6845.415,2244.585,139.585),(6853.177,2236.823,163.941),(6854.497,2235.503,203.333),(6854.497,2235.503,250.),(6854.497,2235.503,296.667),(6853.177,2236.823,336.059),(6845.415,2244.585,360.415),(4554.585,3105.415,139.585),(4546.823,3113.177,163.941),(4545.503,3114.497,203.333),(4545.503,3114.497,250.),(4545.503,3114.497,296.667),(4546.823,3113.177,336.059),(4554.585,3105.415,360.415),(4545.503,2981.667,130.503),(4528.592,2981.667,157.864),(4525.,2981.667,203.333),(4525.,2981.667,250.),(4525.,2981.667,296.667),(4528.592,2981.667,342.136),(4545.503,2981.667,369.497),(4545.503,2828.333,130.503),(4528.592,2828.333,157.864),(4525.,2828.333,203.333),(4525.,2828.333,250.),(4525.,2828.333,296.667),(4528.592,2828.333,342.136),(4545.503,2828.333,369.497),(4545.503,2675.,130.503),(4528.592,2675.,157.864),(4525.,2675.,203.333),(4525.,2675.,250.),(4525.,2675.,296.667),(4528.592,2675.,342.136),(4545.503,2675.,369.497),(4545.503,2521.667,130.503),(4528.592,2521.667,157.864),(4525.,2521.667,203.333),(4525.,2521.667,250.),(4525.,2521.667,296.667),(4528.592,2521.667,342.136),(4545.503,2521.667,369.497),(4545.503,2368.333,130.503),(4528.592,2368.333,157.864),(4525.,2368.333,203.333),(4525.,2368.333,250.),(4525.,2368.333,296.667),(4528.592,2368.333,342.136),(4545.503,2368.333,369.497),(4554.585,2244.585,139.585),(4546.823,2236.823,163.941),(4545.503,2235.503,203.333),(4545.503,2235.503,250.),(4545.503,2235.503,296.667),(4546.823,2236.823,336.059),(4554.585,2244.585,360.415),(6483.333,3114.497,130.503),(6483.333,3131.408,157.864),(6483.333,3135.,203.333),(6483.333,3135.,250.),(6483.333,3135.,296.667),(6483.333,3131.408,342.136),(6483.333,3114.497,369.497),(6091.667,3114.497,130.503),(6091.667,3131.408,157.864),(6091.667,3135.,203.333),(6091.667,3135.,250.),(6091.667,3135.,296.667),(6091.667,3131.408,342.136),(6091.667,3114.497,369.497),(5700.,3114.497,130.503),(5700.,3131.408,157.864),(5700.,3135.,203.333),(5700.,3135.,250.),(5700.,3135.,296.667),(5700.,3131.408,342.136),(5700.,3114.497,369.497),(5308.333,3114.497,130.503),(5308.333,3131.408,157.864),(5308.333,3135.,203.333),(5308.333,3135.,250.),(5308.333,3135.,296.667),(5308.333,3131.408,342.136),(5308.333,3114.497,369.497),(4916.667,3114.497,130.503),(4916.667,3131.408,157.864),(4916.667,3135.,203.333),(4916.667,3135.,250.),(4916.667,3135.,296.667),(4916.667,3131.408,342.136),(4916.667,3114.497,369.497),(6483.333,2235.503,130.503),(6483.333,2218.592,157.864),(6483.333,2215.,203.333),(6483.333,2215.,250.),(6483.333,2215.,296.667),(6483.333,2218.592,342.136),(6483.333,2235.503,369.497),(6091.667,2235.503,130.503),(6091.667,2218.592,157.864),(6091.667,2215.,203.333),(6091.667,2215.,250.),(6091.667,2215.,296.667),(6091.667,2218.592,342.136),(6091.667,2235.503,369.497),(5700.,2235.503,130.503),(5700.,2218.592,157.864),(5700.,2215.,203.333),(5700.,2215.,250.),(5700.,2215.,296.667),(5700.,2218.592,342.136),(5700.,2235.503,369.497),(5308.333,2235.503,130.503),(5308.333,2218.592,157.864),(5308.333,2215.,203.333),(5308.333,2215.,250.),(5308.333,2215.,296.667),(5308.333,2218.592,342.136),(5308.333,2235.503,369.497),(4916.667,2235.503,130.503),(4916.667,2218.592,157.864),(4916.667,2215.,203.333),(4916.667,2215.,250.),(4916.667,2215.,296.667),(4916.667,2218.592,342.136),(4916.667,2235.503,369.497),(6483.333,2981.667,110.),(6483.333,2828.333,110.),(6483.333,2675.,110.),(6483.333,2521.667,110.),(6483.333,2368.333,110.),(6091.667,2981.667,110.),(6091.667,2828.333,110.),(6091.667,2675.,110.),(6091.667,2521.667,110.),(6091.667,2368.333,110.),(5700.,2981.667,110.),(5700.,2828.333,110.),(5700.,2675.,110.),(5700.,2521.667,110.),(5700.,2368.333,110.),(5308.333,2981.667,110.),(5308.333,2828.333,110.),(5308.333,2675.,110.),(5308.333,2521.667,110.),(5308.333,2368.333,110.),(4916.667,2981.667,110.),(4916.667,2828.333,110.),(4916.667,2675.,110.),(4916.667,2521.667,110.),(4916.667,2368.333,110.),(6483.333,2981.667,390.),(6483.333,2828.333,390.),(6483.333,2675.,390.),(6483.333,2521.667,390.),(6483.333,2368.333,390.),(6091.667,2981.667,390.),(6091.667,2828.333,390.),(6091.667,2675.,390.),(6091.667,2521.667,390.),(6091.667,2368.333,390.),(5700.,2981.667,390.),(5700.,2828.333,390.),(5700.,2675.,390.),(5700.,2521.667,390.),(5700.,2368.333,390.),(5308.333,2981.667,390.),(5308.333,2828.333,390.),(5308.333,2675.,390.),(5308.333,2521.667,390.),(5308.333,2368.333,390.),(4916.667,2981.667,390.),(4916.667,2828.333,390.),(4916.667,2675.,390.),(4916.667,2521.667,390.),(4916.667,2368.333,390.)));
#758=IFCTRIANGULATEDFACESET(#757,$,.T.,((1,2,9),(1,9,8),(2,3,10),(2,10,9),(3,4,11),(3,11,10),(4,5,12),(4,12,11),(5,6,13),(5,13,12),(6,7,14),(6,14,13),(8,9,16),(8,16,15),(9,10,17),(9,17,16),(10,11,18),(10,18,17),(11,12,19),(11,19,18),(12,13,20),(12,20,19),(13,14,21),(13,21,20),(15,16,23),(15,23,22),(16,17,24),(16,24,23),(17,18,25),(17,25,24),(18,19,26),(18,26,25),(19,20,27),(19,27,26),(20,21,28),(20,28,27),(22,23,30),(22,30,29),(23,24,31),(23,31,30),(24,25,32),(24,32,31),(25,26,33),(25,33,32),(26,27,34),(26,34,33),(27,28,35),(27,35,34),(29,30,37),(29,37,36),(30,31,38),(30,38,37),(31,32,39),(31,39,38),(32,33,40),(32,40,39),(33,34,41),(33,41,40),(34,35,42),(34,42,41),(36,37,44),(36,44,43),(37,38,45),(37,45,44),(38,39,46),(38,46,45),(39,40,47),(39,47,46),(40,41,48),(40,48,47),(41,42,49),(41,49,48),(58,51,50),(57,58,50),(59,52,51),(58,59,51),(60,53,52),(59,60,52),(61,54,53),(60,61,53),(62,55,54),(61,62,54),(63,56,55),(62,63,55),(65,58,57),(64,65,57),(66,59,58),(65,66,58),(67,60,59),(66,67,59),(68,61,60),(67,68,60),(69,62,61),(68,69,61),(70,63,62),(69,70,62),(72,65,64),(71,72,64),(73,66,65),(72,73,65),(74,67,66),(73,74,66),(75,68,67),(74,75,67),(76,69,68),(75,76,68),(77,70,69),(76,77,69),(79,72,71),(78,79,71),(80,73,72),(79,80,72),(81,74,73),(80,81,73),(82,75,74),(81,82,74),(83,76,75),(82,83,75),(84,77,76),(83,84,76),(86,79,78),(85,86,78),(87,80,79),(86,87,79),(88,81,80),(87,88,80),(89,82,81),(88,89,81),(90,83,82),(89,90,82),(91,84,83),(90,91,83),(93,86,85),(92,93,85),(94,87,86),(93,94,86),(95,88,87),(94,95,87),(96,89,88),(95,96,88),(97,90,89),(96,97,89),(98,91,90),(97,98,90),(100,2,1),(99,100,1),(101,3,2),(100,101,2),(102,4,3),(101,102,3),(103,5,4),(102,103,4),(104,6,5),(103,104,5),(105,7,6),(104,105,6),(107,100,99),(106,107,99),(108,101,100),(107,108,100),(109,102,101),(108,109,101),(110,103,102),(109,110,102),(111,104,103),(110,111,103),(112,105,104),(111,112,104),(114,107,106),(113,114,106),(115,108,107),(114,115,107),(116,109,108),(115,116,108),(117,110,109),(116,117,109),(118,111,110),(117,118,110),(119,112,111),(118,119,111),(121,114,113),(120,121,113),(122,115,114),(121,122,114),(123,116,115),(122,123,115),(124,117,116),(123,124,116),(125,118,117),(124,125,117),(126,119,118),(125,126,118),(128,121,120),(127,128,120),(129,122,121),(128,129,121),(130,123,122),(129,130,122),(131,124,123),(130,131,123),(132,125,124),(131,132,124),(133,126,125),(132,133,125),(51,128,127),(50,51,127),(52,129,128),(51,52,128),(53,130,129),(52,53,129),(54,131,130),(53,54,130),(55,132,131),(54,55,131),(56,133,132),(55,56,132),(43,44,135),(43,135,134),(44,45,136),(44,136,135),(45,46,137),(45,137,136),(46,47,138),(46,138,137),(47,48,139),(47,139,138),(48,49,140),(48,140,139),(134,135,142),(134,142,141),(135,136,143),(135,143,142),(136,137,144),(136,144,143),(137,138,145),(137,145,144),(138,139,146),(138,146,145),(139,140,147),(139,147,146),(141,142,149),(141,149,148),(142,143,150),(142,150,149),(143,144,151),(143,151,150),(144,145,152),(144,152,151),(145,146,153),(145,153,152),(146,147,154),(146,154,153),(148,149,156),(148,156,155),(149,150,157),(149,157,156),(150,151,158),(150,158,157),(151,152,159),(151,159,158),(152,153,160),(152,160,159),(153,154,161),(153,161,160),(155,156,163),(155,163,162),(156,157,164),(156,164,163),(157,158,165),(157,165,164),(158,159,166),(158,166,165),(159,160,167),(159,167,166),(160,161,168),(160,168,167),(162,163,93),(162,93,92),(163,164,94),(163,94,93),(164,165,95),(164,95,94),(165,166,96),(165,96,95),(166,167,97),(166,97,96),(167,168,98),(167,98,97),(1,8,169),(1,169,99),(8,15,170),(8,170,169),(15,22,171),(15,171,170),(22,29,172),(22,172,171),(29,36,173),(29,173,172),(36,43,134),(36,134,173),(99,169,174),(99,174,106),(169,170,175),(169,175,174),(170,171,176),(170,176,175),(171,172,177),(171,177,176),(172,173,178),(172,178,177),(173,134,141),(173,141,178),(106,174,179),(106,179,113),(174,175,180),(174,180,179),(175,176,181),(175,181,180),(176,177,182),(176,182,181),(177,178,183),(177,183,182),(178,141,148),(178,148,183),(113,179,184),(113,184,120),(179,180,185),(179,185,184),(180,181,186),(180,186,185),(181,182,187),(181,187,186),(182,183,188),(182,188,187),(183,148,155),(183,155,188),(120,184,189),(120,189,127),(184,185,190),(184,190,189),(185,186,191),(185,191,190),(186,187,192),(186,192,191),(187,188,193),(187,193,192),(188,155,162),(188,162,193),(127,189,57),(127,57,50),(189,190,64),(189,64,57),(190,191,71),(190,71,64),(191,192,78),(191,78,71),(192,193,85),(192,85,78),(193,162,92),(193,92,85),(194,14,7),(105,194,7),(195,21,14),(194,195,14),(196,28,21),(195,196,21),(197,35,28),(196,197,28),(198,42,35),(197,198,35),(140,49,42),(198,140,42),(199,194,105),(112,199,105),(200,195,194),(199,200,194),(201,196,195),(200,201,195),(202,197,196),(201,202,196),(203,198,197),(202,203,197),(147,140,198),(203,147,198),(204,199,112),(119,204,112),(205,200,199),(204,205,199),(206,201,200),(205,206,200),(207,202,201),(206,207,201),(208,203,202),(207,208,202),(154,147,203),(208,154,203),(209,204,119),(126,209,119),(210,205,204),(209,210,204),(211,206,205),(210,211,205),(212,207,206),(211,212,206),(213,208,207),(212,213,207),(161,154,208),(213,161,208),(214,209,126),(133,214,126),(215,210,209),(214,215,209),(216,211,210),(215,216,210),(217,212,211),(216,217,211),(218,213,212),(217,218,212),(168,161,213),(218,168,213),(63,214,133),(56,63,133),(70,215,214),(63,70,214),(77,216,215),(70,77,215),(84,217,216),(77,84,216),(91,218,217),(84,91,217),(98,168,218),(91,98,218)),$);
#759=IFCCARTESIANPOINTLIST3D(((6849.641,3119.641,305.359),(6857.426,3127.426,403.333),(6857.426,3127.426,526.667),(6857.426,3127.426,650.),(6857.426,3127.426,773.333),(6857.426,3127.426,896.667),(6849.641,3119.641,994.641),(6855.475,3102.989,299.525),(6869.829,3109.368,403.333),(6869.829,3109.368,526.667),(6869.829,3109.368,650.),(6869.829,3109.368,773.333),(6869.829,3109.368,896.667),(6855.475,3102.989,1000.475),(6857.426,3078.333,297.574),(6875.,3078.333,403.333),(6875.,3078.333,526.667),(6875.,3078.333,650.),(6875.,3078.333,773.333),(6875.,3078.333,896.667),(6857.426,3078.333,1002.426),(6857.426,3045.,297.574),(6875.,3045.,403.333),(6875.,3045.,526.667),(6875.,3045.,650.),(6875.,3045.,773.333),(6875.,3045.,896.667),(6857.426,3045.,1002.426),(6857.426,3011.667,297.574),(6875.,3011.667,403.333),(6875.,3011.667,526.667),(6875.,3011.667,650.),(6875.,3011.667,773.333),(6875.,3011.667,896.667),(6857.426,3011.667,1002.426),(6855.475,2987.011,299.525),(6869.829,2980.632,403.333),(6869.829,2980.632,526.667),(6869.829,2980.632,650.),(6869.829,2980.632,773.333),(6869.829,2980.632,896.667),(6855.475,2987.011,1000.475),(6849.641,2970.359,305.359),(6857.426,2962.574,403.333),(6857.426,2962.574,526.667),(6857.426,2962.574,650.),(6857.426,2962.574,773.333),(6857.426,2962.574,896.667),(6849.641,2970.359,994.641),(4550.359,3119.641,305.359),(4542.574,3127.426,403.333),(4542.574,3127.426,526.667),(4542.574,3127.426,650.),(4542.574,3127.426,773.333),(4542.574,3127.426,896.667),(4550.359,3119.641,994.641),(4544.525,3102.989,299.525),(4530.171,3109.368,403.333),(4530.171,3109.368,526.667),(4530.171,3109.368,650.),(4530.171,3109.368,773.333),(4530.171,3109.368,896.667),(4544.525,3102.989,1000.475),(4542.574,3078.333,297.574),(4525.,3078.333,403.333),(4525.,3078.333,526.667),(4525.,3078.333,650.),(4525.,3078.333,773.333),(4525.,3078.333,896.667),(4542.574,3078.333,1002.426),(4542.574,3045.,297.574),(4525.,3045.,403.333),(4525.,3045.,526.667),(4525.,3045.,650.),(4525.,3045.,773.333),(4525.,3045.,896.667),(4542.574,3045.,1002.426),(4542.574,3011.667,297.574),(4525.,3011.667,403.333),(4525.,3011.667,526.667),(4525.,3011.667,650.),(4525.,3011.667,773.333),(4525.,3011.667,896.667),(4542.574,3011.667,1002.426),(4544.525,2987.011,299.525),(4530.171,2980.632,403.333),(4530.171,2980.632,526.667),(4530.171,2980.632,650.),(4530.171,2980.632,773.333),(4530.171,2980.632,896.667),(4544.525,2987.011,1000.475),(4550.359,2970.359,305.359),(4542.574,2962.574,403.333),(4542.574,2962.574,526.667),(4542.574,2962.574,650.),(4542.574,2962.574,773.333),(4542.574,2962.574,896.667),(4550.359,2970.359,994.641),(6483.333,3127.426,297.574),(6483.333,3145.,403.333),(6483.333,3145.,526.667),(6483.333,3145.,650.),(6483.333,3145.,773.333),(6483.333,3145.,896.667),(6483.333,3127.426,1002.426),(6091.667,3127.426,297.574),(6091.667,3145.,403.333),(6091.667,3145.,526.667),(6091.667,3145.,650.),(6091.667,3145.,773.333),(6091.667,3145.,896.667),(6091.667,3127.426,1002.426),(5700.,3127.426,297.574),(5700.,3145.,403.333),(5700.,3145.,526.667),(5700.,3145.,650.),(5700.,3145.,773.333),(5700.,3145.,896.667),(5700.,3127.426,1002.426),(5308.333,3127.426,297.574),(5308.333,3145.,403.333),(5308.333,3145.,526.667),(5308.333,3145.,650.),(5308.333,3145.,773.333),(5308.333,3145.,896.667),(5308.333,3127.426,1002.426),(4916.667,3127.426,297.574),(4916.667,3145.,403.333),(4916.667,3145.,526.667),(4916.667,3145.,650.),(4916.667,3145.,773.333),(4916.667,3145.,896.667),(4916.667,3127.426,1002.426),(6483.333,2962.574,297.574),(6483.333,2945.,403.333),(6483.333,2945.,526.667),(6483.333,2945.,650.),(6483.333,2945.,773.333),(6483.333,2945.,896.667),(6483.333,2962.574,1002.426),(6091.667,2962.574,297.574),(6091.667,2945.,403.333),(6091.667,2945.,526.667),(6091.667,2945.,650.),(6091.667,2945.,773.333),(6091.667,2945.,896.667),(6091.667,2962.574,1002.426),(5700.,2962.574,297.574),(5700.,2945.,403.333),(5700.,2945.,526.667),(5700.,2945.,650.),(5700.,2945.,773.333),(5700.,2945.,896.667),(5700.,2962.574,1002.426),(5308.333,2962.574,297.574),(5308.333,2945.,403.333),(5308.333,2945.,526.667),(5308.333,2945.,650.),(5308.333,2945.,773.333),(5308.333,2945.,896.667),(5308.333,2962.574,1002.426),(4916.667,2962.574,297.574),(4916.667,2945.,403.333),(4916.667,2945.,526.667),(4916.667,2945.,650.),(4916.667,2945.,773.333),(4916.667,2945.,896.667),(4916.667,2962.574,1002.426),(6483.333,3109.368,285.171),(6483.333,3078.333,280.),(6483.333,3045.,280.),(6483.333,3011.667,280.),(6483.333,2980.632,285.171),(6091.667,3109.368,285.171),(6091.667,3078.333,280.),(6091.667,3045.,280.),(6091.667,3011.667,280.),(6091.667,2980.632,285.171),(5700.,3109.368,285.171),(5700.,3078.333,280.),(5700.,3045.,280.),(5700.,3011.667,280.),(5700.,2980.632,285.171),(5308.333,3109.368,285.171),(5308.333,3078.333,280.),(5308.333,3045.,280.),(5308.333,3011.667,280.),(5308.333,2980.632,285.171),(4916.667,3109.368,285.171),(4916.667,3078.333,280.),(4916.667,3045.,280.),(4916.667,3011.667,280.),(4916.667,2980.632,285.171),(6483.333,3109.368,1014.829),(6483.333,3078.333,1020.),(6483.333,3045.,1020.),(6483.333,3011.667,1020.),(6483.333,2980.632,1014.829),(6091.667,3109.368,1014.829),(6091.667,3078.333,1020.),(6091.667,3045.,1020.),(6091.667,3011.667,1020.),(6091.667,2980.632,1014.829),(5700.,3109.368,1014.829),(5700.,3078.333,1020.),(5700.,3045.,1020.),(5700.,3011.667,1020.),(5700.,2980.632,1014.829),(5308.333,3109.368,1014.829),(5308.333,3078.333,1020.),(5308.333,3045.,1020.),(5308.333,3011.667,1020.),(5308.333,2980.632,1014.829),(4916.667,3109.368,1014.829),(4916.667,3078.333,1020.),(4916.667,3045.,1020.),(4916.667,3011.667,1020.),(4916.667,2980.632,1014.829)));
#760=IFCTRIANGULATEDFACESET(#759,$,.T.,((1,2,9),(1,9,8),(2,3,10),(2,10,9),(3,4,11),(3,11,10),(4,5,12),(4,12,11),(5,6,13),(5,13,12),(6,7,14),(6,14,13),(8,9,16),(8,16,15),(9,10,17),(9,17,16),(10,11,18),(10,18,17),(11,12,19),(11,19,18),(12,13,20),(12,20,19),(13,14,21),(13,21,20),(15,16,23),(15,23,22),(16,17,24),(16,24,23),(17,18,25),(17,25,24),(18,19,26),(18,26,25),(19,20,27),(19,27,26),(20,21,28),(20,28,27),(22,23,30),(22,30,29),(23,24,31),(23,31,30),(24,25,32),(24,32,31),(25,26,33),(25,33,32),(26,27,34),(26,34,33),(27,28,35),(27,35,34),(29,30,37),(29,37,36),(30,31,38),(30,38,37),(31,32,39),(31,39,38),(32,33,40),(32,40,39),(33,34,41),(33,41,40),(34,35,42),(34,42,41),(36,37,44),(36,44,43),(37,38,45),(37,45,44),(38,39,46),(38,46,45),(39,40,47),(39,47,46),(40,41,48),(40,48,47),(41,42,49),(41,49,48),(58,51,50),(57,58,50),(59,52,51),(58,59,51),(60,53,52),(59,60,52),(61,54,53),(60,61,53),(62,55,54),(61,62,54),(63,56,55),(62,63,55),(65,58,57),(64,65,57),(66,59,58),(65,66,58),(67,60,59),(66,67,59),(68,61,60),(67,68,60),(69,62,61),(68,69,61),(70,63,62),(69,70,62),(72,65,64),(71,72,64),(73,66,65),(72,73,65),(74,67,66),(73,74,66),(75,68,67),(74,75,67),(76,69,68),(75,76,68),(77,70,69),(76,77,69),(79,72,71),(78,79,71),(80,73,72),(79,80,72),(81,74,73),(80,81,73),(82,75,74),(81,82,74),(83,76,75),(82,83,75),(84,77,76),(83,84,76),(86,79,78),(85,86,78),(87,80,79),(86,87,79),(88,81,80),(87,88,80),(89,82,81),(88,89,81),(90,83,82),(89,90,82),(91,84,83),(90,91,83),(93,86,85),(92,93,85),(94,87,86),(93,94,86),(95,88,87),(94,95,87),(96,89,88),(95,96,88),(97,90,89),(96,97,89),(98,91,90),(97,98,90),(100,2,1),(99,100,1),(101,3,2),(100,101,2),(102,4,3),(101,102,3),(103,5,4),(102,103,4),(104,6,5),(103,104,5),(105,7,6),(104,105,6),(107,100,99),(106,107,99),(108,101,100),(107,108,100),(109,102,101),(108,109,101),(110,103,102),(109,110,102),(111,104,103),(110,111,103),(112,105,104),(111,112,104),(114,107,106),(113,114,106),(115,108,107),(114,115,107),(116,109,108),(115,116,108),(117,110,109),(116,117,109),(118,111,110),(117,118,110),(119,112,111),(118,119,111),(121,114,113),(120,121,113),(122,115,114),(121,122,114),(123,116,115),(122,123,115),(124,117,116),(123,124,116),(125,118,117),(124,125,117),(126,119,118),(125,126,118),(128,121,120),(127,128,120),(129,122,121),(128,129,121),(130,123,122),(129,130,122),(131,124,123),(130,131,123),(132,125,124),(131,132,124),(133,126,125),(132,133,125),(51,128,127),(50,51,127),(52,129,128),(51,52,128),(53,130,129),(52,53,129),(54,131,130),(53,54,130),(55,132,131),(54,55,131),(56,133,132),(55,56,132),(43,44,135),(43,135,134),(44,45,136),(44,136,135),(45,46,137),(45,137,136),(46,47,138),(46,138,137),(47,48,139),(47,139,138),(48,49,140),(48,140,139),(134,135,142),(134,142,141),(135,136,143),(135,143,142),(136,137,144),(136,144,143),(137,138,145),(137,145,144),(138,139,146),(138,146,145),(139,140,147),(139,147,146),(141,142,149),(141,149,148),(142,143,150),(142,150,149),(143,144,151),(143,151,150),(144,145,152),(144,152,151),(145,146,153),(145,153,152),(146,147,154),(146,154,153),(148,149,156),(148,156,155),(149,150,157),(149,157,156),(150,151,158),(150,158,157),(151,152,159),(151,159,158),(152,153,160),(152,160,159),(153,154,161),(153,161,160),(155,156,163),(155,163,162),(156,157,164),(156,164,163),(157,158,165),(157,165,164),(158,159,166),(158,166,165),(159,160,167),(159,167,166),(160,161,168),(160,168,167),(162,163,93),(162,93,92),(163,164,94),(163,94,93),(164,165,95),(164,95,94),(165,166,96),(165,96,95),(166,167,97),(166,97,96),(167,168,98),(167,98,97),(1,8,169),(1,169,99),(8,15,170),(8,170,169),(15,22,171),(15,171,170),(22,29,172),(22,172,171),(29,36,173),(29,173,172),(36,43,134),(36,134,173),(99,169,174),(99,174,106),(169,170,175),(169,175,174),(170,171,176),(170,176,175),(171,172,177),(171,177,176),(172,173,178),(172,178,177),(173,134,141),(173,141,178),(106,174,179),(106,179,113),(174,175,180),(174,180,179),(175,176,181),(175,181,180),(176,177,182),(176,182,181),(177,178,183),(177,183,182),(178,141,148),(178,148,183),(113,179,184),(113,184,120),(179,180,185),(179,185,184),(180,181,186),(180,186,185),(181,182,187),(181,187,186),(182,183,188),(182,188,187),(183,148,155),(183,155,188),(120,184,189),(120,189,127),(184,185,190),(184,190,189),(185,186,191),(185,191,190),(186,187,192),(186,192,191),(187,188,193),(187,193,192),(188,155,162),(188,162,193),(127,189,57),(127,57,50),(189,190,64),(189,64,57),(190,191,71),(190,71,64),(191,192,78),(191,78,71),(192,193,85),(192,85,78),(193,162,92),(193,92,85),(194,14,7),(105,194,7),(195,21,14),(194,195,14),(196,28,21),(195,196,21),(197,35,28),(196,197,28),(198,42,35),(197,198,35),(140,49,42),(198,140,42),(199,194,105),(112,199,105),(200,195,194),(199,200,194),(201,196,195),(200,201,195),(202,197,196),(201,202,196),(203,198,197),(202,203,197),(147,140,198),(203,147,198),(204,199,112),(119,204,112),(205,200,199),(204,205,199),(206,201,200),(205,206,200),(207,202,201),(206,207,201),(208,203,202),(207,208,202),(154,147,203),(208,154,203),(209,204,119),(126,209,119),(210,205,204),(209,210,204),(211,206,205),(210,211,205),(212,207,206),(211,212,206),(213,208,207),(212,213,207),(161,154,208),(213,161,208),(214,209,126),(133,214,126),(215,210,209),(214,215,209),(216,211,210),(215,216,210),(217,212,211),(216,217,211),(218,213,212),(217,218,212),(168,161,213),(218,168,213),(63,214,133),(56,63,133),(70,215,214),(63,70,214),(77,216,215),(70,77,215),(84,217,216),(77,84,216),(91,218,217),(84,91,217),(98,168,218),(91,98,218)),$);
#761=IFCCARTESIANPOINTLIST3D(((6859.641,3059.641,325.359),(6867.426,3067.426,383.333),(6867.426,3067.426,466.667),(6867.426,3067.426,550.),(6867.426,3067.426,633.333),(6867.426,3067.426,716.667),(6859.641,3059.641,774.641),(6867.426,2935.,317.574),(6885.,2935.,383.333),(6885.,2935.,466.667),(6885.,2935.,550.),(6885.,2935.,633.333),(6885.,2935.,716.667),(6867.426,2935.,782.426),(6867.426,2785.,317.574),(6885.,2785.,383.333),(6885.,2785.,466.667),(6885.,2785.,550.),(6885.,2785.,633.333),(6885.,2785.,716.667),(6867.426,2785.,782.426),(6867.426,2635.,317.574),(6885.,2635.,383.333),(6885.,2635.,466.667),(6885.,2635.,550.),(6885.,2635.,633.333),(6885.,2635.,716.667),(6867.426,2635.,782.426),(6867.426,2485.,317.574),(6885.,2485.,383.333),(6885.,2485.,466.667),(6885.,2485.,550.),(6885.,2485.,633.333),(6885.,2485.,716.667),(6867.426,2485.,782.426),(6867.426,2335.,317.574),(6885.,2335.,383.333),(6885.,2335.,466.667),(6885.,2335.,550.),(6885.,2335.,633.333),(6885.,2335.,716.667),(6867.426,2335.,782.426),(6859.641,2210.359,325.359),(6867.426,2202.574,383.333),(6867.426,2202.574,466.667),(6867.426,2202.574,550.),(6867.426,2202.574,633.333),(6867.426,2202.574,716.667),(6859.641,2210.359,774.641),(6730.359,3059.641,325.359),(6722.574,3067.426,383.333),(6722.574,3067.426,466.667),(6722.574,3067.426,550.),(6722.574,3067.426,633.333),(6722.574,3067.426,716.667),(6730.359,3059.641,774.641),(6722.574,2935.,317.574),(6705.,2935.,383.333),(6705.,2935.,466.667),(6705.,2935.,550.),(6705.,2935.,633.333),(6705.,2935.,716.667),(6722.574,2935.,782.426),(6722.574,2785.,317.574),(6705.,2785.,383.333),(6705.,2785.,466.667),(6705.,2785.,550.),(6705.,2785.,633.333),(6705.,2785.,716.667),(6722.574,2785.,782.426),(6722.574,2635.,317.574),(6705.,2635.,383.333),(6705.,2635.,466.667),(6705.,2635.,550.),(6705.,2635.,633.333),(6705.,2635.,716.667),(6722.574,2635.,782.426),(6722.574,2485.,317.574),(6705.,2485.,383.333),(6705.,2485.,466.667),(6705.,2485.,550.),(6705.,2485.,633.333),(6705.,2485.,716.667),(6722.574,2485.,782.426),(6722.574,2335.,317.574),(6705.,2335.,383.333),(6705.,2335.,466.667),(6705.,2335.,550.),(6705.,2335.,633.333),(6705.,2335.,716.667),(6722.574,2335.,782.426),(6730.359,2210.359,325.359),(6722.574,2202.574,383.333),(6722.574,2202.574,466.667),(6722.574,2202.574,550.),(6722.574,2202.574,633.333),(6722.574,2202.574,716.667),(6730.359,2210.359,774.641),(6845.,3065.,320.),(6851.833,3078.666,383.333),(6851.833,3078.666,466.667),(6851.833,3078.666,550.),(6851.833,3078.666,633.333),(6851.833,3078.666,716.667),(6845.,3065.,780.),(6825.,3067.426,317.574),(6825.,3085.,383.333),(6825.,3085.,466.667),(6825.,3085.,550.),(6825.,3085.,633.333),(6825.,3085.,716.667),(6825.,3067.426,782.426),(6795.,3067.426,317.574),(6795.,3085.,383.333),(6795.,3085.,466.667),(6795.,3085.,550.),(6795.,3085.,633.333),(6795.,3085.,716.667),(6795.,3067.426,782.426),(6765.,3067.426,317.574),(6765.,3085.,383.333),(6765.,3085.,466.667),(6765.,3085.,550.),(6765.,3085.,633.333),(6765.,3085.,716.667),(6765.,3067.426,782.426),(6745.,3065.,320.),(6738.167,3078.666,383.333),(6738.167,3078.666,466.667),(6738.167,3078.666,550.),(6738.167,3078.666,633.333),(6738.167,3078.666,716.667),(6745.,3065.,780.),(6845.,2205.,320.),(6851.833,2191.334,383.333),(6851.833,2191.334,466.667),(6851.833,2191.334,550.),(6851.833,2191.334,633.333),(6851.833,2191.334,716.667),(6845.,2205.,780.),(6825.,2202.574,317.574),(6825.,2185.,383.333),(6825.,2185.,466.667),(6825.,2185.,550.),(6825.,2185.,633.333),(6825.,2185.,716.667),(6825.,2202.574,782.426),(6795.,2202.574,317.574),(6795.,2185.,383.333),(6795.,2185.,466.667),(6795.,2185.,550.),(6795.,2185.,633.333),(6795.,2185.,716.667),(6795.,2202.574,782.426),(6765.,2202.574,317.574),(6765.,2185.,383.333),(6765.,2185.,466.667),(6765.,2185.,550.),(6765.,2185.,633.333),(6765.,2185.,716.667),(6765.,2202.574,782.426),(6745.,2205.,320.),(6738.167,2191.334,383.333),(6738.167,2191.334,466.667),(6738.167,2191.334,550.),(6738.167,2191.334,633.333),(6738.167,2191.334,716.667),(6745.,2205.,780.),(6851.833,2935.,306.334),(6851.833,2785.,306.334),(6851.833,2635.,306.334),(6851.833,2485.,306.334),(6851.833,2335.,306.334),(6825.,2935.,300.),(6825.,2785.,300.),(6825.,2635.,300.),(6825.,2485.,300.),(6825.,2335.,300.),(6795.,2935.,300.),(6795.,2785.,300.),(6795.,2635.,300.),(6795.,2485.,300.),(6795.,2335.,300.),(6765.,2935.,300.),(6765.,2785.,300.),(6765.,2635.,300.),(6765.,2485.,300.),(6765.,2335.,300.),(6738.167,2935.,306.334),(6738.167,2785.,306.334),(6738.167,2635.,306.334),(6738.167,2485.,306.334),(6738.167,2335.,306.334),(6851.833,2935.,793.666),(6851.833,2785.,793.666),(6851.833,2635.,793.666),(6851.833,2485.,793.666),(6851.833,2335.,793.666),(6825.,2935.,800.),(6825.,2785.,800.),(6825.,2635.,800.),(6825.,2485.,800.),(6825.,2335.,800.),(6795.,2935.,800.),(6795.,2785.,800.),(6795.,2635.,800.),(6795.,2485.,800.),(6795.,2335.,800.),(6765.,2935.,800.),(6765.,2785.,800.),(6765.,2635.,800.),(6765.,2485.,800.),(6765.,2335.,800.),(6738.167,2935.,793.666),(6738.167,2785.,793.666),(6738.167,2635.,793.666),(6738.167,2485.,793.666),(6738.167,2335.,793.666)));
#762=IFCTRIANGULATEDFACESET(#761,$,.T.,((1,2,9),(1,9,8),(2,3,10),(2,10,9),(3,4,11),(3,11,10),(4,5,12),(4,12,11),(5,6,13),(5,13,12),(6,7,14),(6,14,13),(8,9,16),(8,16,15),(9,10,17),(9,17,16),(10,11,18),(10,18,17),(11,12,19),(11,19,18),(12,13,20),(12,20,19),(13,14,21),(13,21,20),(15,16,23),(15,23,22),(16,17,24),(16,24,23),(17,18,25),(17,25,24),(18,19,26),(18,26,25),(19,20,27),(19,27,26),(20,21,28),(20,28,27),(22,23,30),(22,30,29),(23,24,31),(23,31,30),(24,25,32),(24,32,31),(25,26,33),(25,33,32),(26,27,34),(26,34,33),(27,28,35),(27,35,34),(29,30,37),(29,37,36),(30,31,38),(30,38,37),(31,32,39),(31,39,38),(32,33,40),(32,40,39),(33,34,41),(33,41,40),(34,35,42),(34,42,41),(36,37,44),(36,44,43),(37,38,45),(37,45,44),(38,39,46),(38,46,45),(39,40,47),(39,47,46),(40,41,48),(40,48,47),(41,42,49),(41,49,48),(58,51,50),(57,58,50),(59,52,51),(58,59,51),(60,53,52),(59,60,52),(61,54,53),(60,61,53),(62,55,54),(61,62,54),(63,56,55),(62,63,55),(65,58,57),(64,65,57),(66,59,58),(65,66,58),(67,60,59),(66,67,59),(68,61,60),(67,68,60),(69,62,61),(68,69,61),(70,63,62),(69,70,62),(72,65,64),(71,72,64),(73,66,65),(72,73,65),(74,67,66),(73,74,66),(75,68,67),(74,75,67),(76,69,68),(75,76,68),(77,70,69),(76,77,69),(79,72,71),(78,79,71),(80,73,72),(79,80,72),(81,74,73),(80,81,73),(82,75,74),(81,82,74),(83,76,75),(82,83,75),(84,77,76),(83,84,76),(86,79,78),(85,86,78),(87,80,79),(86,87,79),(88,81,80),(87,88,80),(89,82,81),(88,89,81),(90,83,82),(89,90,82),(91,84,83),(90,91,83),(93,86,85),(92,93,85),(94,87,86),(93,94,86),(95,88,87),(94,95,87),(96,89,88),(95,96,88),(97,90,89),(96,97,89),(98,91,90),(97,98,90),(100,2,1),(99,100,1),(101,3,2),(100,101,2),(102,4,3),(101,102,3),(103,5,4),(102,103,4),(104,6,5),(103,104,5),(105,7,6),(104,105,6),(107,100,99),(106,107,99),(108,101,100),(107,108,100),(109,102,101),(108,109,101),(110,103,102),(109,110,102),(111,104,103),(110,111,103),(112,105,104),(111,112,104),(114,107,106),(113,114,106),(115,108,107),(114,115,107),(116,109,108),(115,116,108),(117,110,109),(116,117,109),(118,111,110),(117,118,110),(119,112,111),(118,119,111),(121,114,113),(120,121,113),(122,115,114),(121,122,114),(123,116,115),(122,123,115),(124,117,116),(123,124,116),(125,118,117),(124,125,117),(126,119,118),(125,126,118),(128,121,120),(127,128,120),(129,122,121),(128,129,121),(130,123,122),(129,130,122),(131,124,123),(130,131,123),(132,125,124),(131,132,124),(133,126,125),(132,133,125),(51,128,127),(50,51,127),(52,129,128),(51,52,128),(53,130,129),(52,53,129),(54,131,130),(53,54,130),(55,132,131),(54,55,131),(56,133,132),(55,56,132),(43,44,135),(43,135,134),(44,45,136),(44,136,135),(45,46,137),(45,137,136),(46,47,138),(46,138,137),(47,48,139),(47,139,138),(48,49,140),(48,140,139),(134,135,142),(134,142,141),(135,136,143),(135,143,142),(136,137,144),(136,144,143),(137,138,145),(137,145,144),(138,139,146),(138,146,145),(139,140,147),(139,147,146),(141,142,149),(141,149,148),(142,143,150),(142,150,149),(143,144,151),(143,151,150),(144,145,152),(144,152,151),(145,146,153),(145,153,152),(146,147,154),(146,154,153),(148,149,156),(148,156,155),(149,150,157),(149,157,156),(150,151,158),(150,158,157),(151,152,159),(151,159,158),(152,153,160),(152,160,159),(153,154,161),(153,161,160),(155,156,163),(155,163,162),(156,157,164),(156,164,163),(157,158,165),(157,165,164),(158,159,166),(158,166,165),(159,160,167),(159,167,166),(160,161,168),(160,168,167),(162,163,93),(162,93,92),(163,164,94),(163,94,93),(164,165,95),(164,95,94),(165,166,96),(165,96,95),(166,167,97),(166,97,96),(167,168,98),(167,98,97),(1,8,169),(1,169,99),(8,15,170),(8,170,169),(15,22,171),(15,171,170),(22,29,172),(22,172,171),(29,36,173),(29,173,172),(36,43,134),(36,134,173),(99,169,174),(99,174,106),(169,170,175),(169,175,174),(170,171,176),(170,176,175),(171,172,177),(171,177,176),(172,173,178),(172,178,177),(173,134,141),(173,141,178),(106,174,179),(106,179,113),(174,175,180),(174,180,179),(175,176,181),(175,181,180),(176,177,182),(176,182,181),(177,178,183),(177,183,182),(178,141,148),(178,148,183),(113,179,184),(113,184,120),(179,180,185),(179,185,184),(180,181,186),(180,186,185),(181,182,187),(181,187,186),(182,183,188),(182,188,187),(183,148,155),(183,155,188),(120,184,189),(120,189,127),(184,185,190),(184,190,189),(185,186,191),(185,191,190),(186,187,192),(186,192,191),(187,188,193),(187,193,192),(188,155,162),(188,162,193),(127,189,57),(127,57,50),(189,190,64),(189,64,57),(190,191,71),(190,71,64),(191,192,78),(191,78,71),(192,193,85),(192,85,78),(193,162,92),(193,92,85),(194,14,7),(105,194,7),(195,21,14),(194,195,14),(196,28,21),(195,196,21),(197,35,28),(196,197,28),(198,42,35),(197,198,35),(140,49,42),(198,140,42),(199,194,105),(112,199,105),(200,195,194),(199,200,194),(201,196,195),(200,201,195),(202,197,196),(201,202,196),(203,198,197),(202,203,197),(147,140,198),(203,147,198),(204,199,112),(119,204,112),(205,200,199),(204,205,199),(206,201,200),(205,206,200),(207,202,201),(206,207,201),(208,203,202),(207,208,202),(154,147,203),(208,154,203),(209,204,119),(126,209,119),(210,205,204),(209,210,204),(211,206,205),(210,211,205),(212,207,206),(211,212,206),(213,208,207),(212,213,207),(161,154,208),(213,161,208),(214,209,126),(133,214,126),(215,210,209),(214,215,209),(216,211,210),(215,216,210),(217,212,211),(216,217,211),(218,213,212),(217,218,212),(168,161,213),(218,168,213),(63,214,133),(56,63,133),(70,215,214),(63,70,214),(77,216,215),(70,77,215),(84,217,216),(77,84,216),(91,218,217),(84,91,217),(98,168,218),(91,98,218)),$);
#763=IFCCARTESIANPOINTLIST3D(((4669.641,3059.641,325.359),(4677.426,3067.426,383.333),(4677.426,3067.426,466.667),(4677.426,3067.426,550.),(4677.426,3067.426,633.333),(4677.426,3067.426,716.667),(4669.641,3059.641,774.641),(4677.426,2935.,317.574),(4695.,2935.,383.333),(4695.,2935.,466.667),(4695.,2935.,550.),(4695.,2935.,633.333),(4695.,2935.,716.667),(4677.426,2935.,782.426),(4677.426,2785.,317.574),(4695.,2785.,383.333),(4695.,2785.,466.667),(4695.,2785.,550.),(4695.,2785.,633.333),(4695.,2785.,716.667),(4677.426,2785.,782.426),(4677.426,2635.,317.574),(4695.,2635.,383.333),(4695.,2635.,466.667),(4695.,2635.,550.),(4695.,2635.,633.333),(4695.,2635.,716.667),(4677.426,2635.,782.426),(4677.426,2485.,317.574),(4695.,2485.,383.333),(4695.,2485.,466.667),(4695.,2485.,550.),(4695.,2485.,633.333),(4695.,2485.,716.667),(4677.426,2485.,782.426),(4677.426,2335.,317.574),(4695.,2335.,383.333),(4695.,2335.,466.667),(4695.,2335.,550.),(4695.,2335.,633.333),(4695.,2335.,716.667),(4677.426,2335.,782.426),(4669.641,2210.359,325.359),(4677.426,2202.574,383.333),(4677.426,2202.574,466.667),(4677.426,2202.574,550.),(4677.426,2202.574,633.333),(4677.426,2202.574,716.667),(4669.641,2210.359,774.641),(4540.359,3059.641,325.359),(4532.574,3067.426,383.333),(4532.574,3067.426,466.667),(4532.574,3067.426,550.),(4532.574,3067.426,633.333),(4532.574,3067.426,716.667),(4540.359,3059.641,774.641),(4532.574,2935.,317.574),(4515.,2935.,383.333),(4515.,2935.,466.667),(4515.,2935.,550.),(4515.,2935.,633.333),(4515.,2935.,716.667),(4532.574,2935.,782.426),(4532.574,2785.,317.574),(4515.,2785.,383.333),(4515.,2785.,466.667),(4515.,2785.,550.),(4515.,2785.,633.333),(4515.,2785.,716.667),(4532.574,2785.,782.426),(4532.574,2635.,317.574),(4515.,2635.,383.333),(4515.,2635.,466.667),(4515.,2635.,550.),(4515.,2635.,633.333),(4515.,2635.,716.667),(4532.574,2635.,782.426),(4532.574,2485.,317.574),(4515.,2485.,383.333),(4515.,2485.,466.667),(4515.,2485.,550.),(4515.,2485.,633.333),(4515.,2485.,716.667),(4532.574,2485.,782.426),(4532.574,2335.,317.574),(4515.,2335.,383.333),(4515.,2335.,466.667),(4515.,2335.,550.),(4515.,2335.,633.333),(4515.,2335.,716.667),(4532.574,2335.,782.426),(4540.359,2210.359,325.359),(4532.574,2202.574,383.333),(4532.574,2202.574,466.667),(4532.574,2202.574,550.),(4532.574,2202.574,633.333),(4532.574,2202.574,716.667),(4540.359,2210.359,774.641),(4655.,3065.,320.),(4661.833,3078.666,383.333),(4661.833,3078.666,466.667),(4661.833,3078.666,550.),(4661.833,3078.666,633.333),(4661.833,3078.666,716.667),(4655.,3065.,780.),(4635.,3067.426,317.574),(4635.,3085.,383.333),(4635.,3085.,466.667),(4635.,3085.,550.),(4635.,3085.,633.333),(4635.,3085.,716.667),(4635.,3067.426,782.426),(4605.,3067.426,317.574),(4605.,3085.,383.333),(4605.,3085.,466.667),(4605.,3085.,550.),(4605.,3085.,633.333),(4605.,3085.,716.667),(4605.,3067.426,782.426),(4575.,3067.426,317.574),(4575.,3085.,383.333),(4575.,3085.,466.667),(4575.,3085.,550.),(4575.,3085.,633.333),(4575.,3085.,716.667),(4575.,3067.426,782.426),(4555.,3065.,320.),(4548.167,3078.666,383.333),(4548.167,3078.666,466.667),(4548.167,3078.666,550.),(4548.167,3078.666,633.333),(4548.167,3078.666,716.667),(4555.,3065.,780.),(4655.,2205.,320.),(4661.833,2191.334,383.333),(4661.833,2191.334,466.667),(4661.833,2191.334,550.),(4661.833,2191.334,633.333),(4661.833,2191.334,716.667),(4655.,2205.,780.),(4635.,2202.574,317.574),(4635.,2185.,383.333),(4635.,2185.,466.667),(4635.,2185.,550.),(4635.,2185.,633.333),(4635.,2185.,716.667),(4635.,2202.574,782.426),(4605.,2202.574,317.574),(4605.,2185.,383.333),(4605.,2185.,466.667),(4605.,2185.,550.),(4605.,2185.,633.333),(4605.,2185.,716.667),(4605.,2202.574,782.426),(4575.,2202.574,317.574),(4575.,2185.,383.333),(4575.,2185.,466.667),(4575.,2185.,550.),(4575.,2185.,633.333),(4575.,2185.,716.667),(4575.,2202.574,782.426),(4555.,2205.,320.),(4548.167,2191.334,383.333),(4548.167,2191.334,466.667),(4548.167,2191.334,550.),(4548.167,2191.334,633.333),(4548.167,2191.334,716.667),(4555.,2205.,780.),(4661.833,2935.,306.334),(4661.833,2785.,306.334),(4661.833,2635.,306.334),(4661.833,2485.,306.334),(4661.833,2335.,306.334),(4635.,2935.,300.),(4635.,2785.,300.),(4635.,2635.,300.),(4635.,2485.,300.),(4635.,2335.,300.),(4605.,2935.,300.),(4605.,2785.,300.),(4605.,2635.,300.),(4605.,2485.,300.),(4605.,2335.,300.),(4575.,2935.,300.),(4575.,2785.,300.),(4575.,2635.,300.),(4575.,2485.,300.),(4575.,2335.,300.),(4548.167,2935.,306.334),(4548.167,2785.,306.334),(4548.167,2635.,306.334),(4548.167,2485.,306.334),(4548.167,2335.,306.334),(4661.833,2935.,793.666),(4661.833,2785.,793.666),(4661.833,2635.,793.666),(4661.833,2485.,793.666),(4661.833,2335.,793.666),(4635.,2935.,800.),(4635.,2785.,800.),(4635.,2635.,800.),(4635.,2485.,800.),(4635.,2335.,800.),(4605.,2935.,800.),(4605.,2785.,800.),(4605.,2635.,800.),(4605.,2485.,800.),(4605.,2335.,800.),(4575.,2935.,800.),(4575.,2785.,800.),(4575.,2635.,800.),(4575.,2485.,800.),(4575.,2335.,800.),(4548.167,2935.,793.666),(4548.167,2785.,793.666),(4548.167,2635.,793.666),(4548.167,2485.,793.666),(4548.167,2335.,793.666)));
#764=IFCTRIANGULATEDFACESET(#763,$,.T.,((1,2,9),(1,9,8),(2,3,10),(2,10,9),(3,4,11),(3,11,10),(4,5,12),(4,12,11),(5,6,13),(5,13,12),(6,7,14),(6,14,13),(8,9,16),(8,16,15),(9,10,17),(9,17,16),(10,11,18),(10,18,17),(11,12,19),(11,19,18),(12,13,20),(12,20,19),(13,14,21),(13,21,20),(15,16,23),(15,23,22),(16,17,24),(16,24,23),(17,18,25),(17,25,24),(18,19,26),(18,26,25),(19,20,27),(19,27,26),(20,21,28),(20,28,27),(22,23,30),(22,30,29),(23,24,31),(23,31,30),(24,25,32),(24,32,31),(25,26,33),(25,33,32),(26,27,34),(26,34,33),(27,28,35),(27,35,34),(29,30,37),(29,37,36),(30,31,38),(30,38,37),(31,32,39),(31,39,38),(32,33,40),(32,40,39),(33,34,41),(33,41,40),(34,35,42),(34,42,41),(36,37,44),(36,44,43),(37,38,45),(37,45,44),(38,39,46),(38,46,45),(39,40,47),(39,47,46),(40,41,48),(40,48,47),(41,42,49),(41,49,48),(58,51,50),(57,58,50),(59,52,51),(58,59,51),(60,53,52),(59,60,52),(61,54,53),(60,61,53),(62,55,54),(61,62,54),(63,56,55),(62,63,55),(65,58,57),(64,65,57),(66,59,58),(65,66,58),(67,60,59),(66,67,59),(68,61,60),(67,68,60),(69,62,61),(68,69,61),(70,63,62),(69,70,62),(72,65,64),(71,72,64),(73,66,65),(72,73,65),(74,67,66),(73,74,66),(75,68,67),(74,75,67),(76,69,68),(75,76,68),(77,70,69),(76,77,69),(79,72,71),(78,79,71),(80,73,72),(79,80,72),(81,74,73),(80,81,73),(82,75,74),(81,82,74),(83,76,75),(82,83,75),(84,77,76),(83,84,76),(86,79,78),(85,86,78),(87,80,79),(86,87,79),(88,81,80),(87,88,80),(89,82,81),(88,89,81),(90,83,82),(89,90,82),(91,84,83),(90,91,83),(93,86,85),(92,93,85),(94,87,86),(93,94,86),(95,88,87),(94,95,87),(96,89,88),(95,96,88),(97,90,89),(96,97,89),(98,91,90),(97,98,90),(100,2,1),(99,100,1),(101,3,2),(100,101,2),(102,4,3),(101,102,3),(103,5,4),(102,103,4),(104,6,5),(103,104,5),(105,7,6),(104,105,6),(107,100,99),(106,107,99),(108,101,100),(107,108,100),(109,102,101),(108,109,101),(110,103,102),(109,110,102),(111,104,103),(110,111,103),(112,105,104),(111,112,104),(114,107,106),(113,114,106),(115,108,107),(114,115,107),(116,109,108),(115,116,108),(117,110,109),(116,117,109),(118,111,110),(117,118,110),(119,112,111),(118,119,111),(121,114,113),(120,121,113),(122,115,114),(121,122,114),(123,116,115),(122,123,115),(124,117,116),(123,124,116),(125,118,117),(124,125,117),(126,119,118),(125,126,118),(128,121,120),(127,128,120),(129,122,121),(128,129,121),(130,123,122),(129,130,122),(131,124,123),(130,131,123),(132,125,124),(131,132,124),(133,126,125),(132,133,125),(51,128,127),(50,51,127),(52,129,128),(51,52,128),(53,130,129),(52,53,129),(54,131,130),(53,54,130),(55,132,131),(54,55,131),(56,133,132),(55,56,132),(43,44,135),(43,135,134),(44,45,136),(44,136,135),(45,46,137),(45,137,136),(46,47,138),(46,138,137),(47,48,139),(47,139,138),(48,49,140),(48,140,139),(134,135,142),(134,142,141),(135,136,143),(135,143,142),(136,137,144),(136,144,143),(137,138,145),(137,145,144),(138,139,146),(138,146,145),(139,140,147),(139,147,146),(141,142,149),(141,149,148),(142,143,150),(142,150,149),(143,144,151),(143,151,150),(144,145,152),(144,152,151),(145,146,153),(145,153,152),(146,147,154),(146,154,153),(148,149,156),(148,156,155),(149,150,157),(149,157,156),(150,151,158),(150,158,157),(151,152,159),(151,159,158),(152,153,160),(152,160,159),(153,154,161),(153,161,160),(155,156,163),(155,163,162),(156,157,164),(156,164,163),(157,158,165),(157,165,164),(158,159,166),(158,166,165),(159,160,167),(159,167,166),(160,161,168),(160,168,167),(162,163,93),(162,93,92),(163,164,94),(163,94,93),(164,165,95),(164,95,94),(165,166,96),(165,96,95),(166,167,97),(166,97,96),(167,168,98),(167,98,97),(1,8,169),(1,169,99),(8,15,170),(8,170,169),(15,22,171),(15,171,170),(22,29,172),(22,172,171),(29,36,173),(29,173,172),(36,43,134),(36,134,173),(99,169,174),(99,174,106),(169,170,175),(169,175,174),(170,171,176),(170,176,175),(171,172,177),(171,177,176),(172,173,178),(172,178,177),(173,134,141),(173,141,178),(106,174,179),(106,179,113),(174,175,180),(174,180,179),(175,176,181),(175,181,180),(176,177,182),(176,182,181),(177,178,183),(177,183,182),(178,141,148),(178,148,183),(113,179,184),(113,184,120),(179,180,185),(179,185,184),(180,181,186),(180,186,185),(181,182,187),(181,187,186),(182,183,188),(182,188,187),(183,148,155),(183,155,188),(120,184,189),(120,189,127),(184,185,190),(184,190,189),(185,186,191),(185,191,190),(186,187,192),(186,192,191),(187,188,193),(187,193,192),(188,155,162),(188,162,193),(127,189,57),(127,57,50),(189,190,64),(189,64,57),(190,191,71),(190,71,64),(191,192,78),(191,78,71),(192,193,85),(192,85,78),(193,162,92),(193,92,85),(194,14,7),(105,194,7),(195,21,14),(194,195,14),(196,28,21),(195,196,21),(197,35,28),(196,197,28),(198,42,35),(197,198,35),(140,49,42),(198,140,42),(199,194,105),(112,199,105),(200,195,194),(199,200,194),(201,196,195),(200,201,195),(202,197,196),(201,202,196),(203,198,197),(202,203,197),(147,140,198),(203,147,198),(204,199,112),(119,204,112),(205,200,199),(204,205,199),(206,201,200),(205,206,200),(207,202,201),(206,207,201),(208,203,202),(207,208,202),(154,147,203),(208,154,203),(209,204,119),(126,209,119),(210,205,204),(209,210,204),(211,206,205),(210,211,205),(212,207,206),(211,212,206),(213,208,207),(212,213,207),(161,154,208),(213,161,208),(214,209,126),(133,214,126),(215,210,209),(214,215,209),(216,211,210),(215,216,210),(217,212,211),(216,217,211),(218,213,212),(217,218,212),(168,161,213),(218,168,213),(63,214,133),(56,63,133),(70,215,214),(63,70,214),(77,216,215),(70,77,215),(84,217,216),(77,84,216),(91,218,217),(84,91,217),(98,168,218),(91,98,218)),$);
#765=IFCCARTESIANPOINTLIST3D(((6585.087667,2896.754,383.246),(6590.797667,2902.465,400.241),(6592.224667,2903.891,426.667),(6592.224667,2903.891,460.),(6592.224667,2903.891,493.333),(6590.797667,2902.465,519.759),(6585.087667,2896.754,536.754),(6592.224667,2805.,376.109),(6604.505667,2805.,394.841),(6608.333667,2805.,426.667),(6608.333667,2805.,460.),(6608.333667,2805.,493.333),(6604.505667,2805.,525.159),(6592.224667,2805.,543.891),(6592.224667,2690.,376.109),(6604.505667,2690.,394.841),(6608.333667,2690.,426.667),(6608.333667,2690.,460.),(6608.333667,2690.,493.333),(6604.505667,2690.,525.159),(6592.224667,2690.,543.891),(6592.224667,2575.,376.109),(6604.505667,2575.,394.841),(6608.333667,2575.,426.667),(6608.333667,2575.,460.),(6608.333667,2575.,493.333),(6604.505667,2575.,525.159),(6592.224667,2575.,543.891),(6592.224667,2460.,376.109),(6604.505667,2460.,394.841),(6608.333667,2460.,426.667),(6608.333667,2460.,460.),(6608.333667,2460.,493.333),(6604.505667,2460.,525.159),(6592.224667,2460.,543.891),(6592.224667,2345.,376.109),(6604.505667,2345.,394.841),(6608.333667,2345.,426.667),(6608.333667,2345.,460.),(6608.333667,2345.,493.333),(6604.505667,2345.,525.159),(6592.224667,2345.,543.891),(6585.087667,2253.246,383.246),(6590.797667,2247.535,400.241),(6592.224667,2246.109,426.667),(6592.224667,2246.109,460.),(6592.224667,2246.109,493.333),(6590.797667,2247.535,519.759),(6585.087667,2253.246,536.754),(6028.245667,2896.754,383.246),(6022.535667,2902.465,400.241),(6021.108667,2903.891,426.667),(6021.108667,2903.891,460.),(6021.108667,2903.891,493.333),(6022.535667,2902.465,519.759),(6028.245667,2896.754,536.754),(6021.108667,2805.,376.109),(6008.827667,2805.,394.841),(6004.999667,2805.,426.667),(6004.999667,2805.,460.),(6004.999667,2805.,493.333),(6008.827667,2805.,525.159),(6021.108667,2805.,543.891),(6021.108667,2690.,376.109),(6008.827667,2690.,394.841),(6004.999667,2690.,426.667),(6004.999667,2690.,460.),(6004.999667,2690.,493.333),(6008.827667,2690.,525.159),(6021.108667,2690.,543.891),(6021.108667,2575.,376.109),(6008.827667,2575.,394.841),(6004.999667,2575.,426.667),(6004.999667,2575.,460.),(6004.999667,2575.,493.333),(6008.827667,2575.,525.159),(6021.108667,2575.,543.891),(6021.108667,2460.,376.109),(6008.827667,2460.,394.841),(6004.999667,2460.,426.667),(6004.999667,2460.,460.),(6004.999667,2460.,493.333),(6008.827667,2460.,525.159),(6021.108667,2460.,543.891),(6021.108667,2345.,376.109),(6008.827667,2345.,394.841),(6004.999667,2345.,426.667),(6004.999667,2345.,460.),(6004.999667,2345.,493.333),(6008.827667,2345.,525.159),(6021.108667,2345.,543.891),(6028.245667,2253.246,383.246),(6022.535667,2247.535,400.241),(6021.108667,2246.109,426.667),(6021.108667,2246.109,460.),(6021.108667,2246.109,493.333),(6022.535667,2247.535,519.759),(6028.245667,2253.246,536.754),(6507.777667,2903.891,376.109),(6507.777667,2916.172,394.841),(6507.777667,2920.,426.667),(6507.777667,2920.,460.),(6507.777667,2920.,493.333),(6507.777667,2916.172,525.159),(6507.777667,2903.891,543.891),(6407.222667,2903.891,376.109),(6407.222667,2916.172,394.841),(6407.222667,2920.,426.667),(6407.222667,2920.,460.),(6407.222667,2920.,493.333),(6407.222667,2916.172,525.159),(6407.222667,2903.891,543.891),(6306.666667,2903.891,376.109),(6306.666667,2916.172,394.841),(6306.666667,2920.,426.667),(6306.666667,2920.,460.),(6306.666667,2920.,493.333),(6306.666667,2916.172,525.159),(6306.666667,2903.891,543.891),(6206.110667,2903.891,376.109),(6206.110667,2916.172,394.841),(6206.110667,2920.,426.667),(6206.110667,2920.,460.),(6206.110667,2920.,493.333),(6206.110667,2916.172,525.159),(6206.110667,2903.891,543.891),(6105.555667,2903.891,376.109),(6105.555667,2916.172,394.841),(6105.555667,2920.,426.667),(6105.555667,2920.,460.),(6105.555667,2920.,493.333),(6105.555667,2916.172,525.159),(6105.555667,2903.891,543.891),(6507.777667,2246.109,376.109),(6507.777667,2233.828,394.841),(6507.777667,2230.,426.667),(6507.777667,2230.,460.),(6507.777667,2230.,493.333),(6507.777667,2233.828,525.159),(6507.777667,2246.109,543.891),(6407.222667,2246.109,376.109),(6407.222667,2233.828,394.841),(6407.222667,2230.,426.667),(6407.222667,2230.,460.),(6407.222667,2230.,493.333),(6407.222667,2233.828,525.159),(6407.222667,2246.109,543.891),(6306.666667,2246.109,376.109),(6306.666667,2233.828,394.841),(6306.666667,2230.,426.667),(6306.666667,2230.,460.),(6306.666667,2230.,493.333),(6306.666667,2233.828,525.159),(6306.666667,2246.109,543.891),(6206.110667,2246.109,376.109),(6206.110667,2233.828,394.841),(6206.110667,2230.,426.667),(6206.110667,2230.,460.),(6206.110667,2230.,493.333),(6206.110667,2233.828,525.159),(6206.110667,2246.109,543.891),(6105.555667,2246.109,376.109),(6105.555667,2233.828,394.841),(6105.555667,2230.,426.667),(6105.555667,2230.,460.),(6105.555667,2230.,493.333),(6105.555667,2233.828,525.159),(6105.555667,2246.109,543.891),(6507.777667,2805.,360.),(6507.777667,2690.,360.),(6507.777667,2575.,360.),(6507.777667,2460.,360.),(6507.777667,2345.,360.),(6407.222667,2805.,360.),(6407.222667,2690.,360.),(6407.222667,2575.,360.),(6407.222667,2460.,360.),(6407.222667,2345.,360.),(6306.666667,2805.,360.),(6306.666667,2690.,360.),(6306.666667,2575.,360.),(6306.666667,2460.,360.),(6306.666667,2345.,360.),(6206.110667,2805.,360.),(6206.110667,2690.,360.),(6206.110667,2575.,360.),(6206.110667,2460.,360.),(6206.110667,2345.,360.),(6105.555667,2805.,360.),(6105.555667,2690.,360.),(6105.555667,2575.,360.),(6105.555667,2460.,360.),(6105.555667,2345.,360.),(6507.777667,2805.,560.),(6507.777667,2690.,560.),(6507.777667,2575.,560.),(6507.777667,2460.,560.),(6507.777667,2345.,560.),(6407.222667,2805.,560.),(6407.222667,2690.,560.),(6407.222667,2575.,560.),(6407.222667,2460.,560.),(6407.222667,2345.,560.),(6306.666667,2805.,560.),(6306.666667,2690.,560.),(6306.666667,2575.,560.),(6306.666667,2460.,560.),(6306.666667,2345.,560.),(6206.110667,2805.,560.),(6206.110667,2690.,560.),(6206.110667,2575.,560.),(6206.110667,2460.,560.),(6206.110667,2345.,560.),(6105.555667,2805.,560.),(6105.555667,2690.,560.),(6105.555667,2575.,560.),(6105.555667,2460.,560.),(6105.555667,2345.,560.)));
#766=IFCTRIANGULATEDFACESET(#765,$,.T.,((1,2,9),(1,9,8),(2,3,10),(2,10,9),(3,4,11),(3,11,10),(4,5,12),(4,12,11),(5,6,13),(5,13,12),(6,7,14),(6,14,13),(8,9,16),(8,16,15),(9,10,17),(9,17,16),(10,11,18),(10,18,17),(11,12,19),(11,19,18),(12,13,20),(12,20,19),(13,14,21),(13,21,20),(15,16,23),(15,23,22),(16,17,24),(16,24,23),(17,18,25),(17,25,24),(18,19,26),(18,26,25),(19,20,27),(19,27,26),(20,21,28),(20,28,27),(22,23,30),(22,30,29),(23,24,31),(23,31,30),(24,25,32),(24,32,31),(25,26,33),(25,33,32),(26,27,34),(26,34,33),(27,28,35),(27,35,34),(29,30,37),(29,37,36),(30,31,38),(30,38,37),(31,32,39),(31,39,38),(32,33,40),(32,40,39),(33,34,41),(33,41,40),(34,35,42),(34,42,41),(36,37,44),(36,44,43),(37,38,45),(37,45,44),(38,39,46),(38,46,45),(39,40,47),(39,47,46),(40,41,48),(40,48,47),(41,42,49),(41,49,48),(58,51,50),(57,58,50),(59,52,51),(58,59,51),(60,53,52),(59,60,52),(61,54,53),(60,61,53),(62,55,54),(61,62,54),(63,56,55),(62,63,55),(65,58,57),(64,65,57),(66,59,58),(65,66,58),(67,60,59),(66,67,59),(68,61,60),(67,68,60),(69,62,61),(68,69,61),(70,63,62),(69,70,62),(72,65,64),(71,72,64),(73,66,65),(72,73,65),(74,67,66),(73,74,66),(75,68,67),(74,75,67),(76,69,68),(75,76,68),(77,70,69),(76,77,69),(79,72,71),(78,79,71),(80,73,72),(79,80,72),(81,74,73),(80,81,73),(82,75,74),(81,82,74),(83,76,75),(82,83,75),(84,77,76),(83,84,76),(86,79,78),(85,86,78),(87,80,79),(86,87,79),(88,81,80),(87,88,80),(89,82,81),(88,89,81),(90,83,82),(89,90,82),(91,84,83),(90,91,83),(93,86,85),(92,93,85),(94,87,86),(93,94,86),(95,88,87),(94,95,87),(96,89,88),(95,96,88),(97,90,89),(96,97,89),(98,91,90),(97,98,90),(100,2,1),(99,100,1),(101,3,2),(100,101,2),(102,4,3),(101,102,3),(103,5,4),(102,103,4),(104,6,5),(103,104,5),(105,7,6),(104,105,6),(107,100,99),(106,107,99),(108,101,100),(107,108,100),(109,102,101),(108,109,101),(110,103,102),(109,110,102),(111,104,103),(110,111,103),(112,105,104),(111,112,104),(114,107,106),(113,114,106),(115,108,107),(114,115,107),(116,109,108),(115,116,108),(117,110,109),(116,117,109),(118,111,110),(117,118,110),(119,112,111),(118,119,111),(121,114,113),(120,121,113),(122,115,114),(121,122,114),(123,116,115),(122,123,115),(124,117,116),(123,124,116),(125,118,117),(124,125,117),(126,119,118),(125,126,118),(128,121,120),(127,128,120),(129,122,121),(128,129,121),(130,123,122),(129,130,122),(131,124,123),(130,131,123),(132,125,124),(131,132,124),(133,126,125),(132,133,125),(51,128,127),(50,51,127),(52,129,128),(51,52,128),(53,130,129),(52,53,129),(54,131,130),(53,54,130),(55,132,131),(54,55,131),(56,133,132),(55,56,132),(43,44,135),(43,135,134),(44,45,136),(44,136,135),(45,46,137),(45,137,136),(46,47,138),(46,138,137),(47,48,139),(47,139,138),(48,49,140),(48,140,139),(134,135,142),(134,142,141),(135,136,143),(135,143,142),(136,137,144),(136,144,143),(137,138,145),(137,145,144),(138,139,146),(138,146,145),(139,140,147),(139,147,146),(141,142,149),(141,149,148),(142,143,150),(142,150,149),(143,144,151),(143,151,150),(144,145,152),(144,152,151),(145,146,153),(145,153,152),(146,147,154),(146,154,153),(148,149,156),(148,156,155),(149,150,157),(149,157,156),(150,151,158),(150,158,157),(151,152,159),(151,159,158),(152,153,160),(152,160,159),(153,154,161),(153,161,160),(155,156,163),(155,163,162),(156,157,164),(156,164,163),(157,158,165),(157,165,164),(158,159,166),(158,166,165),(159,160,167),(159,167,166),(160,161,168),(160,168,167),(162,163,93),(162,93,92),(163,164,94),(163,94,93),(164,165,95),(164,95,94),(165,166,96),(165,96,95),(166,167,97),(166,97,96),(167,168,98),(167,98,97),(1,8,169),(1,169,99),(8,15,170),(8,170,169),(15,22,171),(15,171,170),(22,29,172),(22,172,171),(29,36,173),(29,173,172),(36,43,134),(36,134,173),(99,169,174),(99,174,106),(169,170,175),(169,175,174),(170,171,176),(170,176,175),(171,172,177),(171,177,176),(172,173,178),(172,178,177),(173,134,141),(173,141,178),(106,174,179),(106,179,113),(174,175,180),(174,180,179),(175,176,181),(175,181,180),(176,177,182),(176,182,181),(177,178,183),(177,183,182),(178,141,148),(178,148,183),(113,179,184),(113,184,120),(179,180,185),(179,185,184),(180,181,186),(180,186,185),(181,182,187),(181,187,186),(182,183,188),(182,188,187),(183,148,155),(183,155,188),(120,184,189),(120,189,127),(184,185,190),(184,190,189),(185,186,191),(185,191,190),(186,187,192),(186,192,191),(187,188,193),(187,193,192),(188,155,162),(188,162,193),(127,189,57),(127,57,50),(189,190,64),(189,64,57),(190,191,71),(190,71,64),(191,192,78),(191,78,71),(192,193,85),(192,85,78),(193,162,92),(193,92,85),(194,14,7),(105,194,7),(195,21,14),(194,195,14),(196,28,21),(195,196,21),(197,35,28),(196,197,28),(198,42,35),(197,198,35),(140,49,42),(198,140,42),(199,194,105),(112,199,105),(200,195,194),(199,200,194),(201,196,195),(200,201,195),(202,197,196),(201,202,196),(203,198,197),(202,203,197),(147,140,198),(203,147,198),(204,199,112),(119,204,112),(205,200,199),(204,205,199),(206,201,200),(205,206,200),(207,202,201),(206,207,201),(208,203,202),(207,208,202),(154,147,203),(208,154,203),(209,204,119),(126,209,119),(210,205,204),(209,210,204),(211,206,205),(210,211,205),(212,207,206),(211,212,206),(213,208,207),(212,213,207),(161,154,208),(213,161,208),(214,209,126),(133,214,126),(215,210,209),(214,215,209),(216,211,210),(215,216,210),(217,212,211),(216,217,211),(218,213,212),(217,218,212),(168,161,213),(218,168,213),(63,214,133),(56,63,133),(70,215,214),(63,70,214),(77,216,215),(70,77,215),(84,217,216),(77,84,216),(91,218,217),(84,91,217),(98,168,218),(91,98,218)),$);
#767=IFCCARTESIANPOINTLIST3D(((5968.421,2896.754,383.246),(5974.131,2902.465,400.241),(5975.558,2903.891,426.667),(5975.558,2903.891,460.),(5975.558,2903.891,493.333),(5974.131,2902.465,519.759),(5968.421,2896.754,536.754),(5975.558,2805.,376.109),(5987.839,2805.,394.841),(5991.667,2805.,426.667),(5991.667,2805.,460.),(5991.667,2805.,493.333),(5987.839,2805.,525.159),(5975.558,2805.,543.891),(5975.558,2690.,376.109),(5987.839,2690.,394.841),(5991.667,2690.,426.667),(5991.667,2690.,460.),(5991.667,2690.,493.333),(5987.839,2690.,525.159),(5975.558,2690.,543.891),(5975.558,2575.,376.109),(5987.839,2575.,394.841),(5991.667,2575.,426.667),(5991.667,2575.,460.),(5991.667,2575.,493.333),(5987.839,2575.,525.159),(5975.558,2575.,543.891),(5975.558,2460.,376.109),(5987.839,2460.,394.841),(5991.667,2460.,426.667),(5991.667,2460.,460.),(5991.667,2460.,493.333),(5987.839,2460.,525.159),(5975.558,2460.,543.891),(5975.558,2345.,376.109),(5987.839,2345.,394.841),(5991.667,2345.,426.667),(5991.667,2345.,460.),(5991.667,2345.,493.333),(5987.839,2345.,525.159),(5975.558,2345.,543.891),(5968.421,2253.246,383.246),(5974.131,2247.535,400.241),(5975.558,2246.109,426.667),(5975.558,2246.109,460.),(5975.558,2246.109,493.333),(5974.131,2247.535,519.759),(5968.421,2253.246,536.754),(5411.579,2896.754,383.246),(5405.869,2902.465,400.241),(5404.442,2903.891,426.667),(5404.442,2903.891,460.),(5404.442,2903.891,493.333),(5405.869,2902.465,519.759),(5411.579,2896.754,536.754),(5404.442,2805.,376.109),(5392.161,2805.,394.841),(5388.333,2805.,426.667),(5388.333,2805.,460.),(5388.333,2805.,493.333),(5392.161,2805.,525.159),(5404.442,2805.,543.891),(5404.442,2690.,376.109),(5392.161,2690.,394.841),(5388.333,2690.,426.667),(5388.333,2690.,460.),(5388.333,2690.,493.333),(5392.161,2690.,525.159),(5404.442,2690.,543.891),(5404.442,2575.,376.109),(5392.161,2575.,394.841),(5388.333,2575.,426.667),(5388.333,2575.,460.),(5388.333,2575.,493.333),(5392.161,2575.,525.159),(5404.442,2575.,543.891),(5404.442,2460.,376.109),(5392.161,2460.,394.841),(5388.333,2460.,426.667),(5388.333,2460.,460.),(5388.333,2460.,493.333),(5392.161,2460.,525.159),(5404.442,2460.,543.891),(5404.442,2345.,376.109),(5392.161,2345.,394.841),(5388.333,2345.,426.667),(5388.333,2345.,460.),(5388.333,2345.,493.333),(5392.161,2345.,525.159),(5404.442,2345.,543.891),(5411.579,2253.246,383.246),(5405.869,2247.535,400.241),(5404.442,2246.109,426.667),(5404.442,2246.109,460.),(5404.442,2246.109,493.333),(5405.869,2247.535,519.759),(5411.579,2253.246,536.754),(5891.111,2903.891,376.109),(5891.111,2916.172,394.841),(5891.111,2920.,426.667),(5891.111,2920.,460.),(5891.111,2920.,493.333),(5891.111,2916.172,525.159),(5891.111,2903.891,543.891),(5790.556,2903.891,376.109),(5790.556,2916.172,394.841),(5790.556,2920.,426.667),(5790.556,2920.,460.),(5790.556,2920.,493.333),(5790.556,2916.172,525.159),(5790.556,2903.891,543.891),(5690.,2903.891,376.109),(5690.,2916.172,394.841),(5690.,2920.,426.667),(5690.,2920.,460.),(5690.,2920.,493.333),(5690.,2916.172,525.159),(5690.,2903.891,543.891),(5589.444,2903.891,376.109),(5589.444,2916.172,394.841),(5589.444,2920.,426.667),(5589.444,2920.,460.),(5589.444,2920.,493.333),(5589.444,2916.172,525.159),(5589.444,2903.891,543.891),(5488.889,2903.891,376.109),(5488.889,2916.172,394.841),(5488.889,2920.,426.667),(5488.889,2920.,460.),(5488.889,2920.,493.333),(5488.889,2916.172,525.159),(5488.889,2903.891,543.891),(5891.111,2246.109,376.109),(5891.111,2233.828,394.841),(5891.111,2230.,426.667),(5891.111,2230.,460.),(5891.111,2230.,493.333),(5891.111,2233.828,525.159),(5891.111,2246.109,543.891),(5790.556,2246.109,376.109),(5790.556,2233.828,394.841),(5790.556,2230.,426.667),(5790.556,2230.,460.),(5790.556,2230.,493.333),(5790.556,2233.828,525.159),(5790.556,2246.109,543.891),(5690.,2246.109,376.109),(5690.,2233.828,394.841),(5690.,2230.,426.667),(5690.,2230.,460.),(5690.,2230.,493.333),(5690.,2233.828,525.159),(5690.,2246.109,543.891),(5589.444,2246.109,376.109),(5589.444,2233.828,394.841),(5589.444,2230.,426.667),(5589.444,2230.,460.),(5589.444,2230.,493.333),(5589.444,2233.828,525.159),(5589.444,2246.109,543.891),(5488.889,2246.109,376.109),(5488.889,2233.828,394.841),(5488.889,2230.,426.667),(5488.889,2230.,460.),(5488.889,2230.,493.333),(5488.889,2233.828,525.159),(5488.889,2246.109,543.891),(5891.111,2805.,360.),(5891.111,2690.,360.),(5891.111,2575.,360.),(5891.111,2460.,360.),(5891.111,2345.,360.),(5790.556,2805.,360.),(5790.556,2690.,360.),(5790.556,2575.,360.),(5790.556,2460.,360.),(5790.556,2345.,360.),(5690.,2805.,360.),(5690.,2690.,360.),(5690.,2575.,360.),(5690.,2460.,360.),(5690.,2345.,360.),(5589.444,2805.,360.),(5589.444,2690.,360.),(5589.444,2575.,360.),(5589.444,2460.,360.),(5589.444,2345.,360.),(5488.889,2805.,360.),(5488.889,2690.,360.),(5488.889,2575.,360.),(5488.889,2460.,360.),(5488.889,2345.,360.),(5891.111,2805.,560.),(5891.111,2690.,560.),(5891.111,2575.,560.),(5891.111,2460.,560.),(5891.111,2345.,560.),(5790.556,2805.,560.),(5790.556,2690.,560.),(5790.556,2575.,560.),(5790.556,2460.,560.),(5790.556,2345.,560.),(5690.,2805.,560.),(5690.,2690.,560.),(5690.,2575.,560.),(5690.,2460.,560.),(5690.,2345.,560.),(5589.444,2805.,560.),(5589.444,2690.,560.),(5589.444,2575.,560.),(5589.444,2460.,560.),(5589.444,2345.,560.),(5488.889,2805.,560.),(5488.889,2690.,560.),(5488.889,2575.,560.),(5488.889,2460.,560.),(5488.889,2345.,560.)));
#768=IFCTRIANGULATEDFACESET(#767,$,.T.,((1,2,9),(1,9,8),(2,3,10),(2,10,9),(3,4,11),(3,11,10),(4,5,12),(4,12,11),(5,6,13),(5,13,12),(6,7,14),(6,14,13),(8,9,16),(8,16,15),(9,10,17),(9,17,16),(10,11,18),(10,18,17),(11,12,19),(11,19,18),(12,13,20),(12,20,19),(13,14,21),(13,21,20),(15,16,23),(15,23,22),(16,17,24),(16,24,23),(17,18,25),(17,25,24),(18,19,26),(18,26,25),(19,20,27),(19,27,26),(20,21,28),(20,28,27),(22,23,30),(22,30,29),(23,24,31),(23,31,30),(24,25,32),(24,32,31),(25,26,33),(25,33,32),(26,27,34),(26,34,33),(27,28,35),(27,35,34),(29,30,37),(29,37,36),(30,31,38),(30,38,37),(31,32,39),(31,39,38),(32,33,40),(32,40,39),(33,34,41),(33,41,40),(34,35,42),(34,42,41),(36,37,44),(36,44,43),(37,38,45),(37,45,44),(38,39,46),(38,46,45),(39,40,47),(39,47,46),(40,41,48),(40,48,47),(41,42,49),(41,49,48),(58,51,50),(57,58,50),(59,52,51),(58,59,51),(60,53,52),(59,60,52),(61,54,53),(60,61,53),(62,55,54),(61,62,54),(63,56,55),(62,63,55),(65,58,57),(64,65,57),(66,59,58),(65,66,58),(67,60,59),(66,67,59),(68,61,60),(67,68,60),(69,62,61),(68,69,61),(70,63,62),(69,70,62),(72,65,64),(71,72,64),(73,66,65),(72,73,65),(74,67,66),(73,74,66),(75,68,67),(74,75,67),(76,69,68),(75,76,68),(77,70,69),(76,77,69),(79,72,71),(78,79,71),(80,73,72),(79,80,72),(81,74,73),(80,81,73),(82,75,74),(81,82,74),(83,76,75),(82,83,75),(84,77,76),(83,84,76),(86,79,78),(85,86,78),(87,80,79),(86,87,79),(88,81,80),(87,88,80),(89,82,81),(88,89,81),(90,83,82),(89,90,82),(91,84,83),(90,91,83),(93,86,85),(92,93,85),(94,87,86),(93,94,86),(95,88,87),(94,95,87),(96,89,88),(95,96,88),(97,90,89),(96,97,89),(98,91,90),(97,98,90),(100,2,1),(99,100,1),(101,3,2),(100,101,2),(102,4,3),(101,102,3),(103,5,4),(102,103,4),(104,6,5),(103,104,5),(105,7,6),(104,105,6),(107,100,99),(106,107,99),(108,101,100),(107,108,100),(109,102,101),(108,109,101),(110,103,102),(109,110,102),(111,104,103),(110,111,103),(112,105,104),(111,112,104),(114,107,106),(113,114,106),(115,108,107),(114,115,107),(116,109,108),(115,116,108),(117,110,109),(116,117,109),(118,111,110),(117,118,110),(119,112,111),(118,119,111),(121,114,113),(120,121,113),(122,115,114),(121,122,114),(123,116,115),(122,123,115),(124,117,116),(123,124,116),(125,118,117),(124,125,117),(126,119,118),(125,126,118),(128,121,120),(127,128,120),(129,122,121),(128,129,121),(130,123,122),(129,130,122),(131,124,123),(130,131,123),(132,125,124),(131,132,124),(133,126,125),(132,133,125),(51,128,127),(50,51,127),(52,129,128),(51,52,128),(53,130,129),(52,53,129),(54,131,130),(53,54,130),(55,132,131),(54,55,131),(56,133,132),(55,56,132),(43,44,135),(43,135,134),(44,45,136),(44,136,135),(45,46,137),(45,137,136),(46,47,138),(46,138,137),(47,48,139),(47,139,138),(48,49,140),(48,140,139),(134,135,142),(134,142,141),(135,136,143),(135,143,142),(136,137,144),(136,144,143),(137,138,145),(137,145,144),(138,139,146),(138,146,145),(139,140,147),(139,147,146),(141,142,149),(141,149,148),(142,143,150),(142,150,149),(143,144,151),(143,151,150),(144,145,152),(144,152,151),(145,146,153),(145,153,152),(146,147,154),(146,154,153),(148,149,156),(148,156,155),(149,150,157),(149,157,156),(150,151,158),(150,158,157),(151,152,159),(151,159,158),(152,153,160),(152,160,159),(153,154,161),(153,161,160),(155,156,163),(155,163,162),(156,157,164),(156,164,163),(157,158,165),(157,165,164),(158,159,166),(158,166,165),(159,160,167),(159,167,166),(160,161,168),(160,168,167),(162,163,93),(162,93,92),(163,164,94),(163,94,93),(164,165,95),(164,95,94),(165,166,96),(165,96,95),(166,167,97),(166,97,96),(167,168,98),(167,98,97),(1,8,169),(1,169,99),(8,15,170),(8,170,169),(15,22,171),(15,171,170),(22,29,172),(22,172,171),(29,36,173),(29,173,172),(36,43,134),(36,134,173),(99,169,174),(99,174,106),(169,170,175),(169,175,174),(170,171,176),(170,176,175),(171,172,177),(171,177,176),(172,173,178),(172,178,177),(173,134,141),(173,141,178),(106,174,179),(106,179,113),(174,175,180),(174,180,179),(175,176,181),(175,181,180),(176,177,182),(176,182,181),(177,178,183),(177,183,182),(178,141,148),(178,148,183),(113,179,184),(113,184,120),(179,180,185),(179,185,184),(180,181,186),(180,186,185),(181,182,187),(181,187,186),(182,183,188),(182,188,187),(183,148,155),(183,155,188),(120,184,189),(120,189,127),(184,185,190),(184,190,189),(185,186,191),(185,191,190),(186,187,192),(186,192,191),(187,188,193),(187,193,192),(188,155,162),(188,162,193),(127,189,57),(127,57,50),(189,190,64),(189,64,57),(190,191,71),(190,71,64),(191,192,78),(191,78,71),(192,193,85),(192,85,78),(193,162,92),(193,92,85),(194,14,7),(105,194,7),(195,21,14),(194,195,14),(196,28,21),(195,196,21),(197,35,28),(196,197,28),(198,42,35),(197,198,35),(140,49,42),(198,140,42),(199,194,105),(112,199,105),(200,195,194),(199,200,194),(201,196,195),(200,201,195),(202,197,196),(201,202,196),(203,198,197),(202,203,197),(147,140,198),(203,147,198),(204,199,112),(119,204,112),(205,200,199),(204,205,199),(206,201,200),(205,206,200),(207,202,201),(206,207,201),(208,203,202),(207,208,202),(154,147,203),(208,154,203),(209,204,119),(126,209,119),(210,205,204),(209,210,204),(211,206,205),(210,211,205),(212,207,206),(211,212,206),(213,208,207),(212,213,207),(161,154,208),(213,161,208),(214,209,126),(133,214,126),(215,210,209),(214,215,209),(216,211,210),(215,216,210),(217,212,211),(216,217,211),(218,213,212),(217,218,212),(168,161,213),(218,168,213),(63,214,133),(56,63,133),(70,215,214),(63,70,214),(77,216,215),(70,77,215),(84,217,216),(77,84,216),(91,218,217),(84,91,217),(98,168,218),(91,98,218)),$);
#769=IFCCARTESIANPOINTLIST3D(((5351.754333,2896.754,383.246),(5357.464333,2902.465,400.241),(5358.891333,2903.891,426.667),(5358.891333,2903.891,460.),(5358.891333,2903.891,493.333),(5357.464333,2902.465,519.759),(5351.754333,2896.754,536.754),(5358.891333,2805.,376.109),(5371.172333,2805.,394.841),(5375.000333,2805.,426.667),(5375.000333,2805.,460.),(5375.000333,2805.,493.333),(5371.172333,2805.,525.159),(5358.891333,2805.,543.891),(5358.891333,2690.,376.109),(5371.172333,2690.,394.841),(5375.000333,2690.,426.667),(5375.000333,2690.,460.),(5375.000333,2690.,493.333),(5371.172333,2690.,525.159),(5358.891333,2690.,543.891),(5358.891333,2575.,376.109),(5371.172333,2575.,394.841),(5375.000333,2575.,426.667),(5375.000333,2575.,460.),(5375.000333,2575.,493.333),(5371.172333,2575.,525.159),(5358.891333,2575.,543.891),(5358.891333,2460.,376.109),(5371.172333,2460.,394.841),(5375.000333,2460.,426.667),(5375.000333,2460.,460.),(5375.000333,2460.,493.333),(5371.172333,2460.,525.159),(5358.891333,2460.,543.891),(5358.891333,2345.,376.109),(5371.172333,2345.,394.841),(5375.000333,2345.,426.667),(5375.000333,2345.,460.),(5375.000333,2345.,493.333),(5371.172333,2345.,525.159),(5358.891333,2345.,543.891),(5351.754333,2253.246,383.246),(5357.464333,2247.535,400.241),(5358.891333,2246.109,426.667),(5358.891333,2246.109,460.),(5358.891333,2246.109,493.333),(5357.464333,2247.535,519.759),(5351.754333,2253.246,536.754),(4794.912333,2896.754,383.246),(4789.202333,2902.465,400.241),(4787.775333,2903.891,426.667),(4787.775333,2903.891,460.),(4787.775333,2903.891,493.333),(4789.202333,2902.465,519.759),(4794.912333,2896.754,536.754),(4787.775333,2805.,376.109),(4775.494333,2805.,394.841),(4771.666333,2805.,426.667),(4771.666333,2805.,460.),(4771.666333,2805.,493.333),(4775.494333,2805.,525.159),(4787.775333,2805.,543.891),(4787.775333,2690.,376.109),(4775.494333,2690.,394.841),(4771.666333,2690.,426.667),(4771.666333,2690.,460.),(4771.666333,2690.,493.333),(4775.494333,2690.,525.159),(4787.775333,2690.,543.891),(4787.775333,2575.,376.109),(4775.494333,2575.,394.841),(4771.666333,2575.,426.667),(4771.666333,2575.,460.),(4771.666333,2575.,493.333),(4775.494333,2575.,525.159),(4787.775333,2575.,543.891),(4787.775333,2460.,376.109),(4775.494333,2460.,394.841),(4771.666333,2460.,426.667),(4771.666333,2460.,460.),(4771.666333,2460.,493.333),(4775.494333,2460.,525.159),(4787.775333,2460.,543.891),(4787.775333,2345.,376.109),(4775.494333,2345.,394.841),(4771.666333,2345.,426.667),(4771.666333,2345.,460.),(4771.666333,2345.,493.333),(4775.494333,2345.,525.159),(4787.775333,2345.,543.891),(4794.912333,2253.246,383.246),(4789.202333,2247.535,400.241),(4787.775333,2246.109,426.667),(4787.775333,2246.109,460.),(4787.775333,2246.109,493.333),(4789.202333,2247.535,519.759),(4794.912333,2253.246,536.754),(5274.444333,2903.891,376.109),(5274.444333,2916.172,394.841),(5274.444333,2920.,426.667),(5274.444333,2920.,460.),(5274.444333,2920.,493.333),(5274.444333,2916.172,525.159),(5274.444333,2903.891,543.891),(5173.889333,2903.891,376.109),(5173.889333,2916.172,394.841),(5173.889333,2920.,426.667),(5173.889333,2920.,460.),(5173.889333,2920.,493.333),(5173.889333,2916.172,525.159),(5173.889333,2903.891,543.891),(5073.333333,2903.891,376.109),(5073.333333,2916.172,394.841),(5073.333333,2920.,426.667),(5073.333333,2920.,460.),(5073.333333,2920.,493.333),(5073.333333,2916.172,525.159),(5073.333333,2903.891,543.891),(4972.777333,2903.891,376.109),(4972.777333,2916.172,394.841),(4972.777333,2920.,426.667),(4972.777333,2920.,460.),(4972.777333,2920.,493.333),(4972.777333,2916.172,525.159),(4972.777333,2903.891,543.891),(4872.222333,2903.891,376.109),(4872.222333,2916.172,394.841),(4872.222333,2920.,426.667),(4872.222333,2920.,460.),(4872.222333,2920.,493.333),(4872.222333,2916.172,525.159),(4872.222333,2903.891,543.891),(5274.444333,2246.109,376.109),(5274.444333,2233.828,394.841),(5274.444333,2230.,426.667),(5274.444333,2230.,460.),(5274.444333,2230.,493.333),(5274.444333,2233.828,525.159),(5274.444333,2246.109,543.891),(5173.889333,2246.109,376.109),(5173.889333,2233.828,394.841),(5173.889333,2230.,426.667),(5173.889333,2230.,460.),(5173.889333,2230.,493.333),(5173.889333,2233.828,525.159),(5173.889333,2246.109,543.891),(5073.333333,2246.109,376.109),(5073.333333,2233.828,394.841),(5073.333333,2230.,426.667),(5073.333333,2230.,460.),(5073.333333,2230.,493.333),(5073.333333,2233.828,525.159),(5073.333333,2246.109,543.891),(4972.777333,2246.109,376.109),(4972.777333,2233.828,394.841),(4972.777333,2230.,426.667),(4972.777333,2230.,460.),(4972.777333,2230.,493.333),(4972.777333,2233.828,525.159),(4972.777333,2246.109,543.891),(4872.222333,2246.109,376.109),(4872.222333,2233.828,394.841),(4872.222333,2230.,426.667),(4872.222333,2230.,460.),(4872.222333,2230.,493.333),(4872.222333,2233.828,525.159),(4872.222333,2246.109,543.891),(5274.444333,2805.,360.),(5274.444333,2690.,360.),(5274.444333,2575.,360.),(5274.444333,2460.,360.),(5274.444333,2345.,360.),(5173.889333,2805.,360.),(5173.889333,2690.,360.),(5173.889333,2575.,360.),(5173.889333,2460.,360.),(5173.889333,2345.,360.),(5073.333333,2805.,360.),(5073.333333,2690.,360.),(5073.333333,2575.,360.),(5073.333333,2460.,360.),(5073.333333,2345.,360.),(4972.777333,2805.,360.),(4972.777333,2690.,360.),(4972.777333,2575.,360.),(4972.777333,2460.,360.),(4972.777333,2345.,360.),(4872.222333,2805.,360.),(4872.222333,2690.,360.),(4872.222333,2575.,360.),(4872.222333,2460.,360.),(4872.222333,2345.,360.),(5274.444333,2805.,560.),(5274.444333,2690.,560.),(5274.444333,2575.,560.),(5274.444333,2460.,560.),(5274.444333,2345.,560.),(5173.889333,2805.,560.),(5173.889333,2690.,560.),(5173.889333,2575.,560.),(5173.889333,2460.,560.),(5173.889333,2345.,560.),(5073.333333,2805.,560.),(5073.333333,2690.,560.),(5073.333333,2575.,560.),(5073.333333,2460.,560.),(5073.333333,2345.,560.),(4972.777333,2805.,560.),(4972.777333,2690.,560.),(4972.777333,2575.,560.),(4972.777333,2460.,560.),(4972.777333,2345.,560.),(4872.222333,2805.,560.),(4872.222333,2690.,560.),(4872.222333,2575.,560.),(4872.222333,2460.,560.),(4872.222333,2345.,560.)));
#770=IFCTRIANGULATEDFACESET(#769,$,.T.,((1,2,9),(1,9,8),(2,3,10),(2,10,9),(3,4,11),(3,11,10),(4,5,12),(4,12,11),(5,6,13),(5,13,12),(6,7,14),(6,14,13),(8,9,16),(8,16,15),(9,10,17),(9,17,16),(10,11,18),(10,18,17),(11,12,19),(11,19,18),(12,13,20),(12,20,19),(13,14,21),(13,21,20),(15,16,23),(15,23,22),(16,17,24),(16,24,23),(17,18,25),(17,25,24),(18,19,26),(18,26,25),(19,20,27),(19,27,26),(20,21,28),(20,28,27),(22,23,30),(22,30,29),(23,24,31),(23,31,30),(24,25,32),(24,32,31),(25,26,33),(25,33,32),(26,27,34),(26,34,33),(27,28,35),(27,35,34),(29,30,37),(29,37,36),(30,31,38),(30,38,37),(31,32,39),(31,39,38),(32,33,40),(32,40,39),(33,34,41),(33,41,40),(34,35,42),(34,42,41),(36,37,44),(36,44,43),(37,38,45),(37,45,44),(38,39,46),(38,46,45),(39,40,47),(39,47,46),(40,41,48),(40,48,47),(41,42,49),(41,49,48),(58,51,50),(57,58,50),(59,52,51),(58,59,51),(60,53,52),(59,60,52),(61,54,53),(60,61,53),(62,55,54),(61,62,54),(63,56,55),(62,63,55),(65,58,57),(64,65,57),(66,59,58),(65,66,58),(67,60,59),(66,67,59),(68,61,60),(67,68,60),(69,62,61),(68,69,61),(70,63,62),(69,70,62),(72,65,64),(71,72,64),(73,66,65),(72,73,65),(74,67,66),(73,74,66),(75,68,67),(74,75,67),(76,69,68),(75,76,68),(77,70,69),(76,77,69),(79,72,71),(78,79,71),(80,73,72),(79,80,72),(81,74,73),(80,81,73),(82,75,74),(81,82,74),(83,76,75),(82,83,75),(84,77,76),(83,84,76),(86,79,78),(85,86,78),(87,80,79),(86,87,79),(88,81,80),(87,88,80),(89,82,81),(88,89,81),(90,83,82),(89,90,82),(91,84,83),(90,91,83),(93,86,85),(92,93,85),(94,87,86),(93,94,86),(95,88,87),(94,95,87),(96,89,88),(95,96,88),(97,90,89),(96,97,89),(98,91,90),(97,98,90),(100,2,1),(99,100,1),(101,3,2),(100,101,2),(102,4,3),(101,102,3),(103,5,4),(102,103,4),(104,6,5),(103,104,5),(105,7,6),(104,105,6),(107,100,99),(106,107,99),(108,101,100),(107,108,100),(109,102,101),(108,109,101),(110,103,102),(109,110,102),(111,104,103),(110,111,103),(112,105,104),(111,112,104),(114,107,106),(113,114,106),(115,108,107),(114,115,107),(116,109,108),(115,116,108),(117,110,109),(116,117,109),(118,111,110),(117,118,110),(119,112,111),(118,119,111),(121,114,113),(120,121,113),(122,115,114),(121,122,114),(123,116,115),(122,123,115),(124,117,116),(123,124,116),(125,118,117),(124,125,117),(126,119,118),(125,126,118),(128,121,120),(127,128,120),(129,122,121),(128,129,121),(130,123,122),(129,130,122),(131,124,123),(130,131,123),(132,125,124),(131,132,124),(133,126,125),(132,133,125),(51,128,127),(50,51,127),(52,129,128),(51,52,128),(53,130,129),(52,53,129),(54,131,130),(53,54,130),(55,132,131),(54,55,131),(56,133,132),(55,56,132),(43,44,135),(43,135,134),(44,45,136),(44,136,135),(45,46,137),(45,137,136),(46,47,138),(46,138,137),(47,48,139),(47,139,138),(48,49,140),(48,140,139),(134,135,142),(134,142,141),(135,136,143),(135,143,142),(136,137,144),(136,144,143),(137,138,145),(137,145,144),(138,139,146),(138,146,145),(139,140,147),(139,147,146),(141,142,149),(141,149,148),(142,143,150),(142,150,149),(143,144,151),(143,151,150),(144,145,152),(144,152,151),(145,146,153),(145,153,152),(146,147,154),(146,154,153),(148,149,156),(148,156,155),(149,150,157),(149,157,156),(150,151,158),(150,158,157),(151,152,159),(151,159,158),(152,153,160),(152,160,159),(153,154,161),(153,161,160),(155,156,163),(155,163,162),(156,157,164),(156,164,163),(157,158,165),(157,165,164),(158,159,166),(158,166,165),(159,160,167),(159,167,166),(160,161,168),(160,168,167),(162,163,93),(162,93,92),(163,164,94),(163,94,93),(164,165,95),(164,95,94),(165,166,96),(165,96,95),(166,167,97),(166,97,96),(167,168,98),(167,98,97),(1,8,169),(1,169,99),(8,15,170),(8,170,169),(15,22,171),(15,171,170),(22,29,172),(22,172,171),(29,36,173),(29,173,172),(36,43,134),(36,134,173),(99,169,174),(99,174,106),(169,170,175),(169,175,174),(170,171,176),(170,176,175),(171,172,177),(171,177,176),(172,173,178),(172,178,177),(173,134,141),(173,141,178),(106,174,179),(106,179,113),(174,175,180),(174,180,179),(175,176,181),(175,181,180),(176,177,182),(176,182,181),(177,178,183),(177,183,182),(178,141,148),(178,148,183),(113,179,184),(113,184,120),(179,180,185),(179,185,184),(180,181,186),(180,186,185),(181,182,187),(181,187,186),(182,183,188),(182,188,187),(183,148,155),(183,155,188),(120,184,189),(120,189,127),(184,185,190),(184,190,189),(185,186,191),(185,191,190),(186,187,192),(186,192,191),(187,188,193),(187,193,192),(188,155,162),(188,162,193),(127,189,57),(127,57,50),(189,190,64),(189,64,57),(190,191,71),(190,71,64),(191,192,78),(191,78,71),(192,193,85),(192,85,78),(193,162,92),(193,92,85),(194,14,7),(105,194,7),(195,21,14),(194,195,14),(196,28,21),(195,196,21),(197,35,28),(196,197,28),(198,42,35),(197,198,35),(140,49,42),(198,140,42),(199,194,105),(112,199,105),(200,195,194),(199,200,194),(201,196,195),(200,201,195),(202,197,196),(201,202,196),(203,198,197),(202,203,197),(147,140,198),(203,147,198),(204,199,112),(119,204,112),(205,200,199),(204,205,199),(206,201,200),(205,206,200),(207,202,201),(206,207,201),(208,203,202),(207,208,202),(154,147,203),(208,154,203),(209,204,119),(126,209,119),(210,205,204),(209,210,204),(211,206,205),(210,211,205),(212,207,206),(211,212,206),(213,208,207),(212,213,207),(161,154,208),(213,161,208),(214,209,126),(133,214,126),(215,210,209),(214,215,209),(216,211,210),(215,216,210),(217,212,211),(216,217,211),(218,213,212),(217,218,212),(168,161,213),(218,168,213),(63,214,133),(56,63,133),(70,215,214),(63,70,214),(77,216,215),(70,77,215),(84,217,216),(77,84,216),(91,218,217),(84,91,217),(98,168,218),(91,98,218)),$);
#771=IFCCARTESIANPOINTLIST3D(((6423.677293,2605.332667,449.867376),(6347.153905,2607.344542,444.482067),(6272.88664,2613.217158,458.987097),(6206.891825,2622.474801,492.207536),(6154.516299,2634.367445,541.451991),(6120.003079,2647.931594,602.730815),(6106.148061,2662.068406,671.079764),(6114.073744,2675.632555,740.961379),(6143.138104,2687.525199,806.714517),(6190.986706,2696.782842,863.012159),(6253.742862,2702.655458,905.293211),(6326.322707,2704.667333,930.132624),(6348.261143,2599.264432,446.377748),(6275.011041,2597.711426,462.62483),(6209.861706,2600.799795,497.292665),(6158.090653,2608.279053,547.572487),(6123.892585,2619.54323,609.390905),(6110.037567,2633.680043,677.739854),(6117.648098,2649.544163,747.081875),(6146.107985,2665.850194,811.799646),(6193.111106,2681.277111,866.649892),(6254.850099,2694.575348,907.188892),(6352.190598,2591.494807,448.781302),(6282.551828,2582.801674,467.237251),(6220.402504,2579.957602,503.740243),(6170.778071,2583.193122,555.33295),(6137.698135,2592.245975,617.8354),(6123.843117,2606.382788,686.184349),(6130.335516,2624.458232,754.842339),(6156.648783,2645.008,818.247224),(6200.651893,2666.367358,871.262313),(6258.779554,2686.805723,909.592446),(6358.791555,2584.334245,451.600423),(6295.219024,2569.06065,472.647115),(6238.109602,2560.749424,511.302533),(6192.090529,2560.07389,564.435018),(6160.889596,2567.088597,627.739916),(6147.034578,2581.22541,696.088865),(6151.647974,2601.339,763.944406),(6174.355881,2625.799822,825.809514),(6213.31909,2652.626335,876.672177),(6265.380511,2679.645161,912.411567),(6367.810214,2578.057947,454.72674),(6312.525571,2557.016563,478.64644),(6262.302221,2543.913252,519.688894),(6221.209084,2539.809592,574.528965),(6192.575247,2545.037981,638.723709),(6178.720229,2559.174794,707.072657),(6180.766529,2581.074703,774.038353),(6198.5485,2608.96365,834.195875),(6230.625637,2640.582247,882.671501),(6274.399171,2673.368864,915.537884),(6378.900115,2572.907159,458.040127),(6333.806868,2547.132346,485.004754),(6292.050887,2530.096224,528.577063),(6257.015077,2523.179235,585.226905),(6231.537569,2526.941492,650.364712),(6217.682551,2541.078305,718.713661),(6216.572522,2564.444345,784.736293),(6228.297166,2595.146623,843.084044),(6251.906934,2630.698031,889.029815),(6285.489072,2668.218075,918.851271),(6391.634989,2569.079754,461.413247),(6358.24492,2539.78758,491.477731),(6326.212131,2519.829194,537.62545),(6298.132029,2510.821722,596.117664),(6276.279308,2513.494489,662.215594),(6262.42429,2527.631302,730.564543),(6257.689474,2552.086832,795.627052),(6262.458409,2584.879592,852.132431),(6276.344986,2623.353265,895.502793),(6298.223946,2664.39067,922.224391),(6405.525398,2566.722889,464.71645),(6384.900328,2535.264671,497.816536),(6363.473466,2513.506882,546.486359),(6342.98024,2503.211897,606.782809),(6325.080894,2505.214004,673.820842),(6311.225876,2519.350817,742.169791),(6302.537685,2544.477007,806.292197),(6299.719744,2578.557281,860.99334),(6303.000393,2618.830356,901.841598),(6312.114354,2662.033806,925.527594),(6420.037542,2565.926977,467.822828),(6412.749143,2533.737531,503.777633),(6402.402499,2511.372003,554.819228),(6389.835869,2500.642457,616.81236),(6376.067347,2502.418022,684.73461),(6362.21233,2516.554834,753.083558),(6349.393314,2541.907567,816.321748),(6338.648778,2576.422402,869.326209),(6330.849208,2617.303216,907.802695),(6326.626499,2661.237893,928.633972),(6434.613793,2566.722889,470.612959),(6440.72096,2535.264671,509.131939),(6441.503485,2513.506882,562.303827),(6436.898452,2503.211897,625.820973),(6427.279002,2505.214004,694.537425),(6413.423984,2519.350817,762.886373),(6396.455897,2544.477007,825.330361),(6377.749764,2578.557281,876.810808),(6358.821026,2618.830356,913.157),(6341.20275,2662.033806,931.424103),(6448.694034,2569.079754,472.979688),(6467.740663,2539.78758,513.673617),(6479.274048,2519.829194,568.652637),(6482.359593,2510.821722,633.46244),(6476.747536,2513.494489,702.852516),(6462.892518,2527.631302,771.201465),(6441.917038,2552.086832,832.971828),(6415.520327,2584.879592,883.159618),(6385.840729,2623.353265,917.698679),(6355.282991,2664.39067,933.790832),(6461.737185,2572.907159,474.832033),(6492.770296,2547.132346,517.228236),(6514.262245,2530.096224,573.621536),(6524.471875,2523.179235,639.443082),(6522.572358,2526.941492,709.360384),(6508.71734,2541.078305,777.709333),(6484.02932,2564.444345,838.95247),(6450.508523,2595.146623,888.128517),(6410.870361,2630.698031,921.253297),(6368.326142,2668.218075,935.643177),(6473.241954,2578.057947,476.098812),(6514.847713,2557.016563,519.659168),(6545.123797,2543.913252,577.019666),(6561.617353,2539.809592,643.533137),(6562.992253,2545.037981,713.810953),(6549.137235,2559.174794,782.159902),(6521.174798,2581.074703,843.042526),(6481.370076,2608.96365,891.526647),(6432.947778,2640.582247,923.684229),(6379.830911,2673.368864,936.909956),(6482.766135,2584.334245,476.731314),(6533.124345,2569.06065,520.872911),(6570.672477,2560.749424,578.716365),(6592.368086,2560.07389,645.575296),(6596.45396,2567.088597,716.033183),(6582.598942,2581.22541,784.382132),(6551.925531,2601.339,845.084684),(6506.918756,2625.799822,893.223346),(6451.22441,2652.626335,924.897972),(6389.355092,2679.645161,937.542458),(6489.943836,2591.494807,476.705266),(6546.898306,2582.801674,520.822935),(6589.926689,2579.957602,578.646503),(6615.542672,2583.193122,645.491199),(6621.671711,2592.245975,715.941701),(6607.816693,2606.382788,784.290649),(6575.100117,2624.458232,845.000587),(6526.172968,2645.008,893.153484),(6464.998371,2666.367358,924.847997),(6396.532793,2686.805723,937.51641),(6494.499092,2599.264432,476.021648),(6555.639992,2597.711426,519.511135),(6602.146212,2600.799795,576.812671),(6630.250625,2608.279053,643.284052),(6637.675906,2619.54323,713.53994),(6623.820888,2633.680043,781.888889),(6589.808069,2649.544163,842.79344),(6538.392491,2665.850194,891.319652),(6473.740057,2681.277111,923.536196),(6401.088048,2694.575348,936.832792),(6496.257138,2607.344542,474.706789),(6559.013294,2613.217158,516.987841),(6606.861896,2622.474801,573.285483),(6635.926256,2634.367445,639.038621),(6643.851939,2647.931594,708.920236),(6629.996921,2662.068406,777.269185),(6595.483701,2675.632555,838.548009),(6543.108175,2687.525199,887.792464),(6477.11336,2696.782842,921.012903),(6402.846095,2702.655458,935.517933),(6495.149901,2615.424652,472.811108),(6556.888894,2628.722889,513.350108),(6603.892015,2644.149806,568.200354),(6632.351902,2660.455837,632.918125),(6639.962433,2676.319957,702.260146),(6626.107415,2690.45677,770.609095),(6591.909347,2701.720947,832.427513),(6540.138294,2709.200205,882.707335),(6474.988959,2712.288574,917.37517),(6401.738857,2710.735568,933.622252),(6491.220446,2623.194277,470.407554),(6549.348107,2643.632642,508.737687),(6593.351217,2664.992,561.752776),(6619.664484,2685.541768,625.157661),(6626.156883,2703.617212,693.815651),(6612.301865,2717.754025,762.1646),(6579.221929,2726.806878,824.66705),(6529.597496,2730.042398,876.259757),(6467.448172,2727.198326,912.762749),(6397.809402,2718.505193,931.218698),(6484.619489,2630.354839,467.588433),(6536.68091,2657.373665,503.327823),(6575.644119,2684.200178,554.190486),(6598.352026,2708.661,616.055594),(6602.965422,2728.77459,683.911135),(6589.110404,2742.911403,752.260084),(6557.909471,2749.92611,815.564982),(6511.890398,2749.250576,868.697467),(6454.780976,2740.93935,907.352885),(6391.208445,2725.665755,928.399577),(6475.600829,2636.631136,464.462116),(6519.374363,2669.417753,497.328499),(6551.4515,2701.03635,545.804125),(6569.233471,2728.925297,605.961647),(6571.279771,2750.825206,672.927343),(6557.424753,2764.962019,741.276291),(6528.790916,2770.190408,805.471035),(6487.697779,2766.086748,860.311106),(6437.474429,2752.983437,901.35356),(6382.189786,2731.942053,925.27326),(6464.510928,2641.781925,461.148729),(6498.093066,2679.301969,490.970185),(6521.702834,2714.853377,536.915956),(6533.427478,2745.555655,595.263707),(6532.317449,2768.921695,661.286339),(6518.462431,2783.058508,729.635288),(6492.984923,2786.820765,794.773095),(6457.949113,2779.903776,851.422937),(6416.193132,2762.867654,894.995246),(6371.099885,2737.092841,921.959873),(6451.776054,2645.60933,457.775609),(6473.655014,2686.646735,484.497207),(6487.541591,2725.120408,527.867569),(6492.310526,2757.913168,584.372948),(6487.57571,2782.368698,649.435457),(6473.720692,2796.505511,717.784406),(6451.867971,2799.178278,783.882336),(6423.787869,2790.170806,842.37455),(6391.75508,2770.21242,888.522269),(6358.365011,2740.920246,918.586753),(6437.885646,2647.966194,454.472406),(6446.999607,2691.169644,478.158402),(6450.280256,2731.442719,519.00666),(6447.462315,2765.522993,573.707803),(6438.774124,2790.649183,637.830209),(6424.919106,2804.785996,706.179158),(6407.01976,2806.788103,773.217191),(6386.526534,2796.493118,833.513641),(6365.099672,2774.735329,882.183464),(6344.474602,2743.277111,915.28355),(6423.373501,2648.762107,451.366028),(6419.150792,2692.696784,472.197305),(6411.351222,2733.577598,510.673791),(6400.606686,2768.092433,563.678252),(6387.78767,2793.445166,626.916442),(6373.932653,2807.581978,695.26539),(6360.164131,2809.357543,763.18764),(6347.597501,2798.627997,825.180772),(6337.250857,2776.262469,876.222367),(6329.962458,2744.073023,912.177172),(6408.79725,2647.966194,448.575897),(6391.178974,2691.169644,466.843),(6372.250236,2731.442719,503.189192),(6353.544103,2765.522993,554.669639),(6336.576016,2790.649183,617.113627),(6322.720998,2804.785996,685.462575),(6313.101548,2806.788103,754.179027),(6308.496515,2796.493118,817.696173),(6309.27904,2774.735329,870.868061),(6315.386207,2743.277111,909.387041),(6394.717009,2645.60933,446.209168),(6364.159271,2686.646735,462.301321),(6334.479673,2725.120408,496.840382),(6308.082962,2757.913168,547.028172),(6287.107482,2782.368698,608.798535),(6273.252464,2796.505511,677.147484),(6267.640407,2799.178278,746.53756),(6270.725952,2790.170806,811.347363),(6282.259337,2770.21242,866.326383),(6301.305966,2740.920246,907.020312),(6381.673858,2641.781925,444.356823),(6339.129639,2679.301969,458.746703),(6299.491477,2714.853377,491.871483),(6265.97068,2745.555655,541.04753),(6241.28266,2768.921695,602.290667),(6227.427642,2783.058508,670.639616),(6225.528125,2786.820765,740.556918),(6235.737755,2779.903776,806.378464),(6257.229704,2762.867654,862.771764),(6288.262815,2737.092841,905.167967),(6370.169089,2636.631136,443.090044),(6317.052222,2669.417753,456.315771),(6268.629924,2701.03635,488.473353),(6228.825202,2728.925297,536.957474),(6200.862765,2750.825206,597.840098),(6187.007747,2764.962019,666.189047),(6188.382647,2770.190408,736.466863),(6204.876203,2766.086748,802.980334),(6235.152287,2752.983437,860.340832),(6276.758046,2731.942053,903.901188),(6360.644908,2630.354839,442.457542),(6298.77559,2657.373665,455.102028),(6243.081244,2684.200178,486.776654),(6198.074469,2708.661,534.915316),(6167.401058,2728.77459,595.617868),(6153.54604,2742.911403,663.966817),(6157.631914,2749.92611,734.424704),(6179.327523,2749.250576,801.283635),(6216.875655,2740.93935,859.127089),(6267.233865,2725.665755,903.268686),(6353.467207,2623.194277,442.48359),(6285.001629,2643.632642,455.152003),(6223.827032,2664.992,486.846516),(6174.899883,2685.541768,534.999413),(6142.183307,2703.617212,595.709351),(6128.328289,2717.754025,664.058299),(6134.457328,2726.806878,734.508801),(6160.073311,2730.042398,801.353497),(6203.101694,2727.198326,859.177065),(6260.056164,2718.505193,903.294734),(6348.911952,2615.424652,443.167208),(6276.259943,2628.722889,456.463804),(6211.607509,2644.149806,488.680348),(6160.191931,2660.455837,537.20656),(6126.179112,2676.319957,598.111111),(6112.324094,2690.45677,666.46006),(6119.749375,2701.720947,736.715948),(6147.853788,2709.200205,803.187329),(6194.360008,2712.288574,860.488865),(6255.500908,2710.735568,903.978352)));
#772=IFCTRIANGULATEDFACESET(#771,$,.T.,((2,1,13),(2,13,3),(3,13,14),(3,14,4),(4,14,15),(4,15,5),(5,15,16),(5,16,6),(6,16,17),(6,17,7),(7,17,18),(7,18,8),(8,18,19),(8,19,9),(9,19,20),(9,20,10),(10,20,21),(10,21,11),(11,21,22),(11,22,12),(13,1,23),(13,23,14),(14,23,24),(14,24,15),(15,24,25),(15,25,16),(16,25,26),(16,26,17),(17,26,27),(17,27,18),(18,27,28),(18,28,19),(19,28,29),(19,29,20),(20,29,30),(20,30,21),(21,30,31),(21,31,22),(22,31,32),(22,32,12),(23,1,33),(23,33,24),(24,33,34),(24,34,25),(25,34,35),(25,35,26),(26,35,36),(26,36,27),(27,36,37),(27,37,28),(28,37,38),(28,38,29),(29,38,39),(29,39,30),(30,39,40),(30,40,31),(31,40,41),(31,41,32),(32,41,42),(32,42,12),(33,1,43),(33,43,34),(34,43,44),(34,44,35),(35,44,45),(35,45,36),(36,45,46),(36,46,37),(37,46,47),(37,47,38),(38,47,48),(38,48,39),(39,48,49),(39,49,40),(40,49,50),(40,50,41),(41,50,51),(41,51,42),(42,51,52),(42,52,12),(43,1,53),(43,53,44),(44,53,54),(44,54,45),(45,54,55),(45,55,46),(46,55,56),(46,56,47),(47,56,57),(47,57,48),(48,57,58),(48,58,49),(49,58,59),(49,59,50),(50,59,60),(50,60,51),(51,60,61),(51,61,52),(52,61,62),(52,62,12),(53,1,63),(53,63,54),(54,63,64),(54,64,55),(55,64,65),(55,65,56),(56,65,66),(56,66,57),(57,66,67),(57,67,58),(58,67,68),(58,68,59),(59,68,69),(59,69,60),(60,69,70),(60,70,61),(61,70,71),(61,71,62),(62,71,72),(62,72,12),(63,1,73),(63,73,64),(64,73,74),(64,74,65),(65,74,75),(65,75,66),(66,75,76),(66,76,67),(67,76,77),(67,77,68),(68,77,78),(68,78,69),(69,78,79),(69,79,70),(70,79,80),(70,80,71),(71,80,81),(71,81,72),(72,81,82),(72,82,12),(73,1,83),(73,83,74),(74,83,84),(74,84,75),(75,84,85),(75,85,76),(76,85,86),(76,86,77),(77,86,87),(77,87,78),(78,87,88),(78,88,79),(79,88,89),(79,89,80),(80,89,90),(80,90,81),(81,90,91),(81,91,82),(82,91,92),(82,92,12),(83,1,93),(83,93,84),(84,93,94),(84,94,85),(85,94,95),(85,95,86),(86,95,96),(86,96,87),(87,96,97),(87,97,88),(88,97,98),(88,98,89),(89,98,99),(89,99,90),(90,99,100),(90,100,91),(91,100,101),(91,101,92),(92,101,102),(92,102,12),(93,1,103),(93,103,94),(94,103,104),(94,104,95),(95,104,105),(95,105,96),(96,105,106),(96,106,97),(97,106,107),(97,107,98),(98,107,108),(98,108,99),(99,108,109),(99,109,100),(100,109,110),(100,110,101),(101,110,111),(101,111,102),(102,111,112),(102,112,12),(103,1,113),(103,113,104),(104,113,114),(104,114,105),(105,114,115),(105,115,106),(106,115,116),(106,116,107),(107,116,117),(107,117,108),(108,117,118),(108,118,109),(109,118,119),(109,119,110),(110,119,120),(110,120,111),(111,120,121),(111,121,112),(112,121,122),(112,122,12),(113,1,123),(113,123,114),(114,123,124),(114,124,115),(115,124,125),(115,125,116),(116,125,126),(116,126,117),(117,126,127),(117,127,118),(118,127,128),(118,128,119),(119,128,129),(119,129,120),(120,129,130),(120,130,121),(121,130,131),(121,131,122),(122,131,132),(122,132,12),(123,1,133),(123,133,124),(124,133,134),(124,134,125),(125,134,135),(125,135,126),(126,135,136),(126,136,127),(127,136,137),(127,137,128),(128,137,138),(128,138,129),(129,138,139),(129,139,130),(130,139,140),(130,140,131),(131,140,141),(131,141,132),(132,141,142),(132,142,12),(133,1,143),(133,143,134),(134,143,144),(134,144,135),(135,144,145),(135,145,136),(136,145,146),(136,146,137),(137,146,147),(137,147,138),(138,147,148),(138,148,139),(139,148,149),(139,149,140),(140,149,150),(140,150,141),(141,150,151),(141,151,142),(142,151,152),(142,152,12),(143,1,153),(143,153,144),(144,153,154),(144,154,145),(145,154,155),(145,155,146),(146,155,156),(146,156,147),(147,156,157),(147,157,148),(148,157,158),(148,158,149),(149,158,159),(149,159,150),(150,159,160),(150,160,151),(151,160,161),(151,161,152),(152,161,162),(152,162,12),(153,1,163),(153,163,154),(154,163,164),(154,164,155),(155,164,165),(155,165,156),(156,165,166),(156,166,157),(157,166,167),(157,167,158),(158,167,168),(158,168,159),(159,168,169),(159,169,160),(160,169,170),(160,170,161),(161,170,171),(161,171,162),(162,171,172),(162,172,12),(163,1,173),(163,173,164),(164,173,174),(164,174,165),(165,174,175),(165,175,166),(166,175,176),(166,176,167),(167,176,177),(167,177,168),(168,177,178),(168,178,169),(169,178,179),(169,179,170),(170,179,180),(170,180,171),(171,180,181),(171,181,172),(172,181,182),(172,182,12),(173,1,183),(173,183,174),(174,183,184),(174,184,175),(175,184,185),(175,185,176),(176,185,186),(176,186,177),(177,186,187),(177,187,178),(178,187,188),(178,188,179),(179,188,189),(179,189,180),(180,189,190),(180,190,181),(181,190,191),(181,191,182),(182,191,192),(182,192,12),(183,1,193),(183,193,184),(184,193,194),(184,194,185),(185,194,195),(185,195,186),(186,195,196),(186,196,187),(187,196,197),(187,197,188),(188,197,198),(188,198,189),(189,198,199),(189,199,190),(190,199,200),(190,200,191),(191,200,201),(191,201,192),(192,201,202),(192,202,12),(193,1,203),(193,203,194),(194,203,204),(194,204,195),(195,204,205),(195,205,196),(196,205,206),(196,206,197),(197,206,207),(197,207,198),(198,207,208),(198,208,199),(199,208,209),(199,209,200),(200,209,210),(200,210,201),(201,210,211),(201,211,202),(202,211,212),(202,212,12),(203,1,213),(203,213,204),(204,213,214),(204,214,205),(205,214,215),(205,215,206),(206,215,216),(206,216,207),(207,216,217),(207,217,208),(208,217,218),(208,218,209),(209,218,219),(209,219,210),(210,219,220),(210,220,211),(211,220,221),(211,221,212),(212,221,222),(212,222,12),(213,1,223),(213,223,214),(214,223,224),(214,224,215),(215,224,225),(215,225,216),(216,225,226),(216,226,217),(217,226,227),(217,227,218),(218,227,228),(218,228,219),(219,228,229),(219,229,220),(220,229,230),(220,230,221),(221,230,231),(221,231,222),(222,231,232),(222,232,12),(223,1,233),(223,233,224),(224,233,234),(224,234,225),(225,234,235),(225,235,226),(226,235,236),(226,236,227),(227,236,237),(227,237,228),(228,237,238),(228,238,229),(229,238,239),(229,239,230),(230,239,240),(230,240,231),(231,240,241),(231,241,232),(232,241,242),(232,242,12),(233,1,243),(233,243,234),(234,243,244),(234,244,235),(235,244,245),(235,245,236),(236,245,246),(236,246,237),(237,246,247),(237,247,238),(238,247,248),(238,248,239),(239,248,249),(239,249,240),(240,249,250),(240,250,241),(241,250,251),(241,251,242),(242,251,252),(242,252,12),(243,1,253),(243,253,244),(244,253,254),(244,254,245),(245,254,255),(245,255,246),(246,255,256),(246,256,247),(247,256,257),(247,257,248),(248,257,258),(248,258,249),(249,258,259),(249,259,250),(250,259,260),(250,260,251),(251,260,261),(251,261,252),(252,261,262),(252,262,12),(253,1,263),(253,263,254),(254,263,264),(254,264,255),(255,264,265),(255,265,256),(256,265,266),(256,266,257),(257,266,267),(257,267,258),(258,267,268),(258,268,259),(259,268,269),(259,269,260),(260,269,270),(260,270,261),(261,270,271),(261,271,262),(262,271,272),(262,272,12),(263,1,273),(263,273,264),(264,273,274),(264,274,265),(265,274,275),(265,275,266),(266,275,276),(266,276,267),(267,276,277),(267,277,268),(268,277,278),(268,278,269),(269,278,279),(269,279,270),(270,279,280),(270,280,271),(271,280,281),(271,281,272),(272,281,282),(272,282,12),(273,1,283),(273,283,274),(274,283,284),(274,284,275),(275,284,285),(275,285,276),(276,285,286),(276,286,277),(277,286,287),(277,287,278),(278,287,288),(278,288,279),(279,288,289),(279,289,280),(280,289,290),(280,290,281),(281,290,291),(281,291,282),(282,291,292),(282,292,12),(283,1,293),(283,293,284),(284,293,294),(284,294,285),(285,294,295),(285,295,286),(286,295,296),(286,296,287),(287,296,297),(287,297,288),(288,297,298),(288,298,289),(289,298,299),(289,299,290),(290,299,300),(290,300,291),(291,300,301),(291,301,292),(292,301,302),(292,302,12),(293,1,303),(293,303,294),(294,303,304),(294,304,295),(295,304,305),(295,305,296),(296,305,306),(296,306,297),(297,306,307),(297,307,298),(298,307,308),(298,308,299),(299,308,309),(299,309,300),(300,309,310),(300,310,301),(301,310,311),(301,311,302),(302,311,312),(302,312,12),(303,1,313),(303,313,304),(304,313,314),(304,314,305),(305,314,315),(305,315,306),(306,315,316),(306,316,307),(307,316,317),(307,317,308),(308,317,318),(308,318,309),(309,318,319),(309,319,310),(310,319,320),(310,320,311),(311,320,321),(311,321,312),(312,321,322),(312,322,12),(313,1,2),(313,2,314),(314,2,3),(314,3,315),(315,3,4),(315,4,316),(316,4,5),(316,5,317),(317,5,6),(317,6,318),(318,6,7),(318,7,319),(319,7,8),(319,8,320),(320,8,9),(320,9,321),(321,9,10),(321,10,322),(322,10,11),(322,11,12)),$);
#773=IFCCARTESIANPOINTLIST3D(((5073.677293,2605.332667,449.867376),(4997.153905,2607.344542,444.482067),(4922.88664,2613.217158,458.987097),(4856.891825,2622.474801,492.207536),(4804.516299,2634.367445,541.451991),(4770.003079,2647.931594,602.730815),(4756.148061,2662.068406,671.079764),(4764.073744,2675.632555,740.961379),(4793.138104,2687.525199,806.714517),(4840.986706,2696.782842,863.012159),(4903.742862,2702.655458,905.293211),(4976.322707,2704.667333,930.132624),(4998.261143,2599.264432,446.377748),(4925.011041,2597.711426,462.62483),(4859.861706,2600.799795,497.292665),(4808.090653,2608.279053,547.572487),(4773.892585,2619.54323,609.390905),(4760.037567,2633.680043,677.739854),(4767.648098,2649.544163,747.081875),(4796.107985,2665.850194,811.799646),(4843.111106,2681.277111,866.649892),(4904.850099,2694.575348,907.188892),(5002.190598,2591.494807,448.781302),(4932.551828,2582.801674,467.237251),(4870.402504,2579.957602,503.740243),(4820.778071,2583.193122,555.33295),(4787.698135,2592.245975,617.8354),(4773.843117,2606.382788,686.184349),(4780.335516,2624.458232,754.842339),(4806.648783,2645.008,818.247224),(4850.651893,2666.367358,871.262313),(4908.779554,2686.805723,909.592446),(5008.791555,2584.334245,451.600423),(4945.219024,2569.06065,472.647115),(4888.109602,2560.749424,511.302533),(4842.090529,2560.07389,564.435018),(4810.889596,2567.088597,627.739916),(4797.034578,2581.22541,696.088865),(4801.647974,2601.339,763.944406),(4824.355881,2625.799822,825.809514),(4863.31909,2652.626335,876.672177),(4915.380511,2679.645161,912.411567),(5017.810214,2578.057947,454.72674),(4962.525571,2557.016563,478.64644),(4912.302221,2543.913252,519.688894),(4871.209084,2539.809592,574.528965),(4842.575247,2545.037981,638.723709),(4828.720229,2559.174794,707.072657),(4830.766529,2581.074703,774.038353),(4848.5485,2608.96365,834.195875),(4880.625637,2640.582247,882.671501),(4924.399171,2673.368864,915.537884),(5028.900115,2572.907159,458.040127),(4983.806868,2547.132346,485.004754),(4942.050887,2530.096224,528.577063),(4907.015077,2523.179235,585.226905),(4881.537569,2526.941492,650.364712),(4867.682551,2541.078305,718.713661),(4866.572522,2564.444345,784.736293),(4878.297166,2595.146623,843.084044),(4901.906934,2630.698031,889.029815),(4935.489072,2668.218075,918.851271),(5041.634989,2569.079754,461.413247),(5008.24492,2539.78758,491.477731),(4976.212131,2519.829194,537.62545),(4948.132029,2510.821722,596.117664),(4926.279308,2513.494489,662.215594),(4912.42429,2527.631302,730.564543),(4907.689474,2552.086832,795.627052),(4912.458409,2584.879592,852.132431),(4926.344986,2623.353265,895.502793),(4948.223946,2664.39067,922.224391),(5055.525398,2566.722889,464.71645),(5034.900328,2535.264671,497.816536),(5013.473466,2513.506882,546.486359),(4992.98024,2503.211897,606.782809),(4975.080894,2505.214004,673.820842),(4961.225876,2519.350817,742.169791),(4952.537685,2544.477007,806.292197),(4949.719744,2578.557281,860.99334),(4953.000393,2618.830356,901.841598),(4962.114354,2662.033806,925.527594),(5070.037542,2565.926977,467.822828),(5062.749143,2533.737531,503.777633),(5052.402499,2511.372003,554.819228),(5039.835869,2500.642457,616.81236),(5026.067347,2502.418022,684.73461),(5012.21233,2516.554834,753.083558),(4999.393314,2541.907567,816.321748),(4988.648778,2576.422402,869.326209),(4980.849208,2617.303216,907.802695),(4976.626499,2661.237893,928.633972),(5084.613793,2566.722889,470.612959),(5090.72096,2535.264671,509.131939),(5091.503485,2513.506882,562.303827),(5086.898452,2503.211897,625.820973),(5077.279002,2505.214004,694.537425),(5063.423984,2519.350817,762.886373),(5046.455897,2544.477007,825.330361),(5027.749764,2578.557281,876.810808),(5008.821026,2618.830356,913.157),(4991.20275,2662.033806,931.424103),(5098.694034,2569.079754,472.979688),(5117.740663,2539.78758,513.673617),(5129.274048,2519.829194,568.652637),(5132.359593,2510.821722,633.46244),(5126.747536,2513.494489,702.852516),(5112.892518,2527.631302,771.201465),(5091.917038,2552.086832,832.971828),(5065.520327,2584.879592,883.159618),(5035.840729,2623.353265,917.698679),(5005.282991,2664.39067,933.790832),(5111.737185,2572.907159,474.832033),(5142.770296,2547.132346,517.228236),(5164.262245,2530.096224,573.621536),(5174.471875,2523.179235,639.443082),(5172.572358,2526.941492,709.360384),(5158.71734,2541.078305,777.709333),(5134.02932,2564.444345,838.95247),(5100.508523,2595.146623,888.128517),(5060.870361,2630.698031,921.253297),(5018.326142,2668.218075,935.643177),(5123.241954,2578.057947,476.098812),(5164.847713,2557.016563,519.659168),(5195.123797,2543.913252,577.019666),(5211.617353,2539.809592,643.533137),(5212.992253,2545.037981,713.810953),(5199.137235,2559.174794,782.159902),(5171.174798,2581.074703,843.042526),(5131.370076,2608.96365,891.526647),(5082.947778,2640.582247,923.684229),(5029.830911,2673.368864,936.909956),(5132.766135,2584.334245,476.731314),(5183.124345,2569.06065,520.872911),(5220.672477,2560.749424,578.716365),(5242.368086,2560.07389,645.575296),(5246.45396,2567.088597,716.033183),(5232.598942,2581.22541,784.382132),(5201.925531,2601.339,845.084684),(5156.918756,2625.799822,893.223346),(5101.22441,2652.626335,924.897972),(5039.355092,2679.645161,937.542458),(5139.943836,2591.494807,476.705266),(5196.898306,2582.801674,520.822935),(5239.926689,2579.957602,578.646503),(5265.542672,2583.193122,645.491199),(5271.671711,2592.245975,715.941701),(5257.816693,2606.382788,784.290649),(5225.100117,2624.458232,845.000587),(5176.172968,2645.008,893.153484),(5114.998371,2666.367358,924.847997),(5046.532793,2686.805723,937.51641),(5144.499092,2599.264432,476.021648),(5205.639992,2597.711426,519.511135),(5252.146212,2600.799795,576.812671),(5280.250625,2608.279053,643.284052),(5287.675906,2619.54323,713.53994),(5273.820888,2633.680043,781.888889),(5239.808069,2649.544163,842.79344),(5188.392491,2665.850194,891.319652),(5123.740057,2681.277111,923.536196),(5051.088048,2694.575348,936.832792),(5146.257138,2607.344542,474.706789),(5209.013294,2613.217158,516.987841),(5256.861896,2622.474801,573.285483),(5285.926256,2634.367445,639.038621),(5293.851939,2647.931594,708.920236),(5279.996921,2662.068406,777.269185),(5245.483701,2675.632555,838.548009),(5193.108175,2687.525199,887.792464),(5127.11336,2696.782842,921.012903),(5052.846095,2702.655458,935.517933),(5145.149901,2615.424652,472.811108),(5206.888894,2628.722889,513.350108),(5253.892015,2644.149806,568.200354),(5282.351902,2660.455837,632.918125),(5289.962433,2676.319957,702.260146),(5276.107415,2690.45677,770.609095),(5241.909347,2701.720947,832.427513),(5190.138294,2709.200205,882.707335),(5124.988959,2712.288574,917.37517),(5051.738857,2710.735568,933.622252),(5141.220446,2623.194277,470.407554),(5199.348107,2643.632642,508.737687),(5243.351217,2664.992,561.752776),(5269.664484,2685.541768,625.157661),(5276.156883,2703.617212,693.815651),(5262.301865,2717.754025,762.1646),(5229.221929,2726.806878,824.66705),(5179.597496,2730.042398,876.259757),(5117.448172,2727.198326,912.762749),(5047.809402,2718.505193,931.218698),(5134.619489,2630.354839,467.588433),(5186.68091,2657.373665,503.327823),(5225.644119,2684.200178,554.190486),(5248.352026,2708.661,616.055594),(5252.965422,2728.77459,683.911135),(5239.110404,2742.911403,752.260084),(5207.909471,2749.92611,815.564982),(5161.890398,2749.250576,868.697467),(5104.780976,2740.93935,907.352885),(5041.208445,2725.665755,928.399577),(5125.600829,2636.631136,464.462116),(5169.374363,2669.417753,497.328499),(5201.4515,2701.03635,545.804125),(5219.233471,2728.925297,605.961647),(5221.279771,2750.825206,672.927343),(5207.424753,2764.962019,741.276291),(5178.790916,2770.190408,805.471035),(5137.697779,2766.086748,860.311106),(5087.474429,2752.983437,901.35356),(5032.189786,2731.942053,925.27326),(5114.510928,2641.781925,461.148729),(5148.093066,2679.301969,490.970185),(5171.702834,2714.853377,536.915956),(5183.427478,2745.555655,595.263707),(5182.317449,2768.921695,661.286339),(5168.462431,2783.058508,729.635288),(5142.984923,2786.820765,794.773095),(5107.949113,2779.903776,851.422937),(5066.193132,2762.867654,894.995246),(5021.099885,2737.092841,921.959873),(5101.776054,2645.60933,457.775609),(5123.655014,2686.646735,484.497207),(5137.541591,2725.120408,527.867569),(5142.310526,2757.913168,584.372948),(5137.57571,2782.368698,649.435457),(5123.720692,2796.505511,717.784406),(5101.867971,2799.178278,783.882336),(5073.787869,2790.170806,842.37455),(5041.75508,2770.21242,888.522269),(5008.365011,2740.920246,918.586753),(5087.885646,2647.966194,454.472406),(5096.999607,2691.169644,478.158402),(5100.280256,2731.442719,519.00666),(5097.462315,2765.522993,573.707803),(5088.774124,2790.649183,637.830209),(5074.919106,2804.785996,706.179158),(5057.01976,2806.788103,773.217191),(5036.526534,2796.493118,833.513641),(5015.099672,2774.735329,882.183464),(4994.474602,2743.277111,915.28355),(5073.373501,2648.762107,451.366028),(5069.150792,2692.696784,472.197305),(5061.351222,2733.577598,510.673791),(5050.606686,2768.092433,563.678252),(5037.78767,2793.445166,626.916442),(5023.932653,2807.581978,695.26539),(5010.164131,2809.357543,763.18764),(4997.597501,2798.627997,825.180772),(4987.250857,2776.262469,876.222367),(4979.962458,2744.073023,912.177172),(5058.79725,2647.966194,448.575897),(5041.178974,2691.169644,466.843),(5022.250236,2731.442719,503.189192),(5003.544103,2765.522993,554.669639),(4986.576016,2790.649183,617.113627),(4972.720998,2804.785996,685.462575),(4963.101548,2806.788103,754.179027),(4958.496515,2796.493118,817.696173),(4959.27904,2774.735329,870.868061),(4965.386207,2743.277111,909.387041),(5044.717009,2645.60933,446.209168),(5014.159271,2686.646735,462.301321),(4984.479673,2725.120408,496.840382),(4958.082962,2757.913168,547.028172),(4937.107482,2782.368698,608.798535),(4923.252464,2796.505511,677.147484),(4917.640407,2799.178278,746.53756),(4920.725952,2790.170806,811.347363),(4932.259337,2770.21242,866.326383),(4951.305966,2740.920246,907.020312),(5031.673858,2641.781925,444.356823),(4989.129639,2679.301969,458.746703),(4949.491477,2714.853377,491.871483),(4915.97068,2745.555655,541.04753),(4891.28266,2768.921695,602.290667),(4877.427642,2783.058508,670.639616),(4875.528125,2786.820765,740.556918),(4885.737755,2779.903776,806.378464),(4907.229704,2762.867654,862.771764),(4938.262815,2737.092841,905.167967),(5020.169089,2636.631136,443.090044),(4967.052222,2669.417753,456.315771),(4918.629924,2701.03635,488.473353),(4878.825202,2728.925297,536.957474),(4850.862765,2750.825206,597.840098),(4837.007747,2764.962019,666.189047),(4838.382647,2770.190408,736.466863),(4854.876203,2766.086748,802.980334),(4885.152287,2752.983437,860.340832),(4926.758046,2731.942053,903.901188),(5010.644908,2630.354839,442.457542),(4948.77559,2657.373665,455.102028),(4893.081244,2684.200178,486.776654),(4848.074469,2708.661,534.915316),(4817.401058,2728.77459,595.617868),(4803.54604,2742.911403,663.966817),(4807.631914,2749.92611,734.424704),(4829.327523,2749.250576,801.283635),(4866.875655,2740.93935,859.127089),(4917.233865,2725.665755,903.268686),(5003.467207,2623.194277,442.48359),(4935.001629,2643.632642,455.152003),(4873.827032,2664.992,486.846516),(4824.899883,2685.541768,534.999413),(4792.183307,2703.617212,595.709351),(4778.328289,2717.754025,664.058299),(4784.457328,2726.806878,734.508801),(4810.073311,2730.042398,801.353497),(4853.101694,2727.198326,859.177065),(4910.056164,2718.505193,903.294734),(4998.911952,2615.424652,443.167208),(4926.259943,2628.722889,456.463804),(4861.607509,2644.149806,488.680348),(4810.191931,2660.455837,537.20656),(4776.179112,2676.319957,598.111111),(4762.324094,2690.45677,666.46006),(4769.749375,2701.720947,736.715948),(4797.853788,2709.200205,803.187329),(4844.360008,2712.288574,860.488865),(4905.500908,2710.735568,903.978352)));
#774=IFCTRIANGULATEDFACESET(#773,$,.T.,((2,1,13),(2,13,3),(3,13,14),(3,14,4),(4,14,15),(4,15,5),(5,15,16),(5,16,6),(6,16,17),(6,17,7),(7,17,18),(7,18,8),(8,18,19),(8,19,9),(9,19,20),(9,20,10),(10,20,21),(10,21,11),(11,21,22),(11,22,12),(13,1,23),(13,23,14),(14,23,24),(14,24,15),(15,24,25),(15,25,16),(16,25,26),(16,26,17),(17,26,27),(17,27,18),(18,27,28),(18,28,19),(19,28,29),(19,29,20),(20,29,30),(20,30,21),(21,30,31),(21,31,22),(22,31,32),(22,32,12),(23,1,33),(23,33,24),(24,33,34),(24,34,25),(25,34,35),(25,35,26),(26,35,36),(26,36,27),(27,36,37),(27,37,28),(28,37,38),(28,38,29),(29,38,39),(29,39,30),(30,39,40),(30,40,31),(31,40,41),(31,41,32),(32,41,42),(32,42,12),(33,1,43),(33,43,34),(34,43,44),(34,44,35),(35,44,45),(35,45,36),(36,45,46),(36,46,37),(37,46,47),(37,47,38),(38,47,48),(38,48,39),(39,48,49),(39,49,40),(40,49,50),(40,50,41),(41,50,51),(41,51,42),(42,51,52),(42,52,12),(43,1,53),(43,53,44),(44,53,54),(44,54,45),(45,54,55),(45,55,46),(46,55,56),(46,56,47),(47,56,57),(47,57,48),(48,57,58),(48,58,49),(49,58,59),(49,59,50),(50,59,60),(50,60,51),(51,60,61),(51,61,52),(52,61,62),(52,62,12),(53,1,63),(53,63,54),(54,63,64),(54,64,55),(55,64,65),(55,65,56),(56,65,66),(56,66,57),(57,66,67),(57,67,58),(58,67,68),(58,68,59),(59,68,69),(59,69,60),(60,69,70),(60,70,61),(61,70,71),(61,71,62),(62,71,72),(62,72,12),(63,1,73),(63,73,64),(64,73,74),(64,74,65),(65,74,75),(65,75,66),(66,75,76),(66,76,67),(67,76,77),(67,77,68),(68,77,78),(68,78,69),(69,78,79),(69,79,70),(70,79,80),(70,80,71),(71,80,81),(71,81,72),(72,81,82),(72,82,12),(73,1,83),(73,83,74),(74,83,84),(74,84,75),(75,84,85),(75,85,76),(76,85,86),(76,86,77),(77,86,87),(77,87,78),(78,87,88),(78,88,79),(79,88,89),(79,89,80),(80,89,90),(80,90,81),(81,90,91),(81,91,82),(82,91,92),(82,92,12),(83,1,93),(83,93,84),(84,93,94),(84,94,85),(85,94,95),(85,95,86),(86,95,96),(86,96,87),(87,96,97),(87,97,88),(88,97,98),(88,98,89),(89,98,99),(89,99,90),(90,99,100),(90,100,91),(91,100,101),(91,101,92),(92,101,102),(92,102,12),(93,1,103),(93,103,94),(94,103,104),(94,104,95),(95,104,105),(95,105,96),(96,105,106),(96,106,97),(97,106,107),(97,107,98),(98,107,108),(98,108,99),(99,108,109),(99,109,100),(100,109,110),(100,110,101),(101,110,111),(101,111,102),(102,111,112),(102,112,12),(103,1,113),(103,113,104),(104,113,114),(104,114,105),(105,114,115),(105,115,106),(106,115,116),(106,116,107),(107,116,117),(107,117,108),(108,117,118),(108,118,109),(109,118,119),(109,119,110),(110,119,120),(110,120,111),(111,120,121),(111,121,112),(112,121,122),(112,122,12),(113,1,123),(113,123,114),(114,123,124),(114,124,115),(115,124,125),(115,125,116),(116,125,126),(116,126,117),(117,126,127),(117,127,118),(118,127,128),(118,128,119),(119,128,129),(119,129,120),(120,129,130),(120,130,121),(121,130,131),(121,131,122),(122,131,132),(122,132,12),(123,1,133),(123,133,124),(124,133,134),(124,134,125),(125,134,135),(125,135,126),(126,135,136),(126,136,127),(127,136,137),(127,137,128),(128,137,138),(128,138,129),(129,138,139),(129,139,130),(130,139,140),(130,140,131),(131,140,141),(131,141,132),(132,141,142),(132,142,12),(133,1,143),(133,143,134),(134,143,144),(134,144,135),(135,144,145),(135,145,136),(136,145,146),(136,146,137),(137,146,147),(137,147,138),(138,147,148),(138,148,139),(139,148,149),(139,149,140),(140,149,150),(140,150,141),(141,150,151),(141,151,142),(142,151,152),(142,152,12),(143,1,153),(143,153,144),(144,153,154),(144,154,145),(145,154,155),(145,155,146),(146,155,156),(146,156,147),(147,156,157),(147,157,148),(148,157,158),(148,158,149),(149,158,159),(149,159,150),(150,159,160),(150,160,151),(151,160,161),(151,161,152),(152,161,162),(152,162,12),(153,1,163),(153,163,154),(154,163,164),(154,164,155),(155,164,165),(155,165,156),(156,165,166),(156,166,157),(157,166,167),(157,167,158),(158,167,168),(158,168,159),(159,168,169),(159,169,160),(160,169,170),(160,170,161),(161,170,171),(161,171,162),(162,171,172),(162,172,12),(163,1,173),(163,173,164),(164,173,174),(164,174,165),(165,174,175),(165,175,166),(166,175,176),(166,176,167),(167,176,177),(167,177,168),(168,177,178),(168,178,169),(169,178,179),(169,179,170),(170,179,180),(170,180,171),(171,180,181),(171,181,172),(172,181,182),(172,182,12),(173,1,183),(173,183,174),(174,183,184),(174,184,175),(175,184,185),(175,185,176),(176,185,186),(176,186,177),(177,186,187),(177,187,178),(178,187,188),(178,188,179),(179,188,189),(179,189,180),(180,189,190),(180,190,181),(181,190,191),(181,191,182),(182,191,192),(182,192,12),(183,1,193),(183,193,184),(184,193,194),(184,194,185),(185,194,195),(185,195,186),(186,195,196),(186,196,187),(187,196,197),(187,197,188),(188,197,198),(188,198,189),(189,198,199),(189,199,190),(190,199,200),(190,200,191),(191,200,201),(191,201,192),(192,201,202),(192,202,12),(193,1,203),(193,203,194),(194,203,204),(194,204,195),(195,204,205),(195,205,196),(196,205,206),(196,206,197),(197,206,207),(197,207,198),(198,207,208),(198,208,199),(199,208,209),(199,209,200),(200,209,210),(200,210,201),(201,210,211),(201,211,202),(202,211,212),(202,212,12),(203,1,213),(203,213,204),(204,213,214),(204,214,205),(205,214,215),(205,215,206),(206,215,216),(206,216,207),(207,216,217),(207,217,208),(208,217,218),(208,218,209),(209,218,219),(209,219,210),(210,219,220),(210,220,211),(211,220,221),(211,221,212),(212,221,222),(212,222,12),(213,1,223),(213,223,214),(214,223,224),(214,224,215),(215,224,225),(215,225,216),(216,225,226),(216,226,217),(217,226,227),(217,227,218),(218,227,228),(218,228,219),(219,228,229),(219,229,220),(220,229,230),(220,230,221),(221,230,231),(221,231,222),(222,231,232),(222,232,12),(223,1,233),(223,233,224),(224,233,234),(224,234,225),(225,234,235),(225,235,226),(226,235,236),(226,236,227),(227,236,237),(227,237,228),(228,237,238),(228,238,229),(229,238,239),(229,239,230),(230,239,240),(230,240,231),(231,240,241),(231,241,232),(232,241,242),(232,242,12),(233,1,243),(233,243,234),(234,243,244),(234,244,235),(235,244,245),(235,245,236),(236,245,246),(236,246,237),(237,246,247),(237,247,238),(238,247,248),(238,248,239),(239,248,249),(239,249,240),(240,249,250),(240,250,241),(241,250,251),(241,251,242),(242,251,252),(242,252,12),(243,1,253),(243,253,244),(244,253,254),(244,254,245),(245,254,255),(245,255,246),(246,255,256),(246,256,247),(247,256,257),(247,257,248),(248,257,258),(248,258,249),(249,258,259),(249,259,250),(250,259,260),(250,260,251),(251,260,261),(251,261,252),(252,261,262),(252,262,12),(253,1,263),(253,263,254),(254,263,264),(254,264,255),(255,264,265),(255,265,256),(256,265,266),(256,266,257),(257,266,267),(257,267,258),(258,267,268),(258,268,259),(259,268,269),(259,269,260),(260,269,270),(260,270,261),(261,270,271),(261,271,262),(262,271,272),(262,272,12),(263,1,273),(263,273,264),(264,273,274),(264,274,265),(265,274,275),(265,275,266),(266,275,276),(266,276,267),(267,276,277),(267,277,268),(268,277,278),(268,278,269),(269,278,279),(269,279,270),(270,279,280),(270,280,271),(271,280,281),(271,281,272),(272,281,282),(272,282,12),(273,1,283),(273,283,274),(274,283,284),(274,284,275),(275,284,285),(275,285,276),(276,285,286),(276,286,277),(277,286,287),(277,287,278),(278,287,288),(278,288,279),(279,288,289),(279,289,280),(280,289,290),(280,290,281),(281,290,291),(281,291,282),(282,291,292),(282,292,12),(283,1,293),(283,293,284),(284,293,294),(284,294,285),(285,294,295),(285,295,286),(286,295,296),(286,296,287),(287,296,297),(287,297,288),(288,297,298),(288,298,289),(289,298,299),(289,299,290),(290,299,300),(290,300,291),(291,300,301),(291,301,292),(292,301,302),(292,302,12),(293,1,303),(293,303,294),(294,303,304),(294,304,295),(295,304,305),(295,305,296),(296,305,306),(296,306,297),(297,306,307),(297,307,298),(298,307,308),(298,308,299),(299,308,309),(299,309,300),(300,309,310),(300,310,301),(301,310,311),(301,311,302),(302,311,312),(302,312,12),(303,1,313),(303,313,304),(304,313,314),(304,314,305),(305,314,315),(305,315,306),(306,315,316),(306,316,307),(307,316,317),(307,317,308),(308,317,318),(308,318,309),(309,318,319),(309,319,310),(310,319,320),(310,320,311),(311,320,321),(311,321,312),(312,321,322),(312,322,12),(313,1,2),(313,2,314),(314,2,3),(314,3,315),(315,3,4),(315,4,316),(316,4,5),(316,5,317),(317,5,6),(317,6,318),(318,6,7),(318,7,319),(319,7,8),(319,8,320),(320,8,9),(320,9,321),(321,9,10),(321,10,322),(322,10,11),(322,11,12)),$);
#775=IFCCARTESIANPOINTLIST3D(((6675.,2635.,0.),(6700.,2635.,0.),(6700.,2635.,170.),(6675.,2635.,170.),(6698.776425,2642.725425,0.),(6698.776425,2642.725425,170.),(6695.225425,2649.694625,0.),(6695.225425,2649.694625,170.),(6689.694625,2655.225425,0.),(6689.694625,2655.225425,170.),(6682.725425,2658.776425,0.),(6682.725425,2658.776425,170.),(6675.,2660.,0.),(6675.,2660.,170.),(6667.274575,2658.776425,0.),(6667.274575,2658.776425,170.),(6660.305375,2655.225425,0.),(6660.305375,2655.225425,170.),(6654.774575,2649.694625,0.),(6654.774575,2649.694625,170.),(6651.223575,2642.725425,0.),(6651.223575,2642.725425,170.),(6650.,2635.,0.),(6650.,2635.,170.),(6651.223575,2627.274575,0.),(6651.223575,2627.274575,170.),(6654.774575,2620.305375,0.),(6654.774575,2620.305375,170.),(6660.305375,2614.774575,0.),(6660.305375,2614.774575,170.),(6667.274575,2611.223575,0.),(6667.274575,2611.223575,170.),(6675.,2610.,0.),(6675.,2610.,170.),(6682.725425,2611.223575,0.),(6682.725425,2611.223575,170.),(6689.694625,2614.774575,0.),(6689.694625,2614.774575,170.),(6695.225425,2620.305375,0.),(6695.225425,2620.305375,170.),(6698.776425,2627.274575,0.),(6698.776425,2627.274575,170.)));
#776=IFCTRIANGULATEDFACESET(#775,$,.T.,((2,1,5),(2,5,3),(3,5,6),(3,6,4),(5,1,7),(5,7,6),(6,7,8),(6,8,4),(7,1,9),(7,9,8),(8,9,10),(8,10,4),(9,1,11),(9,11,10),(10,11,12),(10,12,4),(11,1,13),(11,13,12),(12,13,14),(12,14,4),(13,1,15),(13,15,14),(14,15,16),(14,16,4),(15,1,17),(15,17,16),(16,17,18),(16,18,4),(17,1,19),(17,19,18),(18,19,20),(18,20,4),(19,1,21),(19,21,20),(20,21,22),(20,22,4),(21,1,23),(21,23,22),(22,23,24),(22,24,4),(23,1,25),(23,25,24),(24,25,26),(24,26,4),(25,1,27),(25,27,26),(26,27,28),(26,28,4),(27,1,29),(27,29,28),(28,29,30),(28,30,4),(29,1,31),(29,31,30),(30,31,32),(30,32,4),(31,1,33),(31,33,32),(32,33,34),(32,34,4),(33,1,35),(33,35,34),(34,35,36),(34,36,4),(35,1,37),(35,37,36),(36,37,38),(36,38,4),(37,1,39),(37,39,38),(38,39,40),(38,40,4),(39,1,41),(39,41,40),(40,41,42),(40,42,4),(41,1,2),(41,2,42),(42,2,3),(42,3,4)),$);
#777=IFCCARTESIANPOINTLIST3D(((4725.,2635.,0.),(4750.,2635.,0.),(4750.,2635.,170.),(4725.,2635.,170.),(4748.776425,2642.725425,0.),(4748.776425,2642.725425,170.),(4745.225425,2649.694625,0.),(4745.225425,2649.694625,170.),(4739.694625,2655.225425,0.),(4739.694625,2655.225425,170.),(4732.725425,2658.776425,0.),(4732.725425,2658.776425,170.),(4725.,2660.,0.),(4725.,2660.,170.),(4717.274575,2658.776425,0.),(4717.274575,2658.776425,170.),(4710.305375,2655.225425,0.),(4710.305375,2655.225425,170.),(4704.774575,2649.694625,0.),(4704.774575,2649.694625,170.),(4701.223575,2642.725425,0.),(4701.223575,2642.725425,170.),(4700.,2635.,0.),(4700.,2635.,170.),(4701.223575,2627.274575,0.),(4701.223575,2627.274575,170.),(4704.774575,2620.305375,0.),(4704.774575,2620.305375,170.),(4710.305375,2614.774575,0.),(4710.305375,2614.774575,170.),(4717.274575,2611.223575,0.),(4717.274575,2611.223575,170.),(4725.,2610.,0.),(4725.,2610.,170.),(4732.725425,2611.223575,0.),(4732.725425,2611.223575,170.),(4739.694625,2614.774575,0.),(4739.694625,2614.774575,170.),(4745.225425,2620.305375,0.),(4745.225425,2620.305375,170.),(4748.776425,2627.274575,0.),(4748.776425,2627.274575,170.)));
#778=IFCTRIANGULATEDFACESET(#777,$,.T.,((2,1,5),(2,5,3),(3,5,6),(3,6,4),(5,1,7),(5,7,6),(6,7,8),(6,8,4),(7,1,9),(7,9,8),(8,9,10),(8,10,4),(9,1,11),(9,11,10),(10,11,12),(10,12,4),(11,1,13),(11,13,12),(12,13,14),(12,14,4),(13,1,15),(13,15,14),(14,15,16),(14,16,4),(15,1,17),(15,17,16),(16,17,18),(16,18,4),(17,1,19),(17,19,18),(18,19,20),(18,20,4),(19,1,21),(19,21,20),(20,21,22),(20,22,4),(21,1,23),(21,23,22),(22,23,24),(22,24,4),(23,1,25),(23,25,24),(24,25,26),(24,26,4),(25,1,27),(25,27,26),(26,27,28),(26,28,4),(27,1,29),(27,29,28),(28,29,30),(28,30,4),(29,1,31),(29,31,30),(30,31,32),(30,32,4),(31,1,33),(31,33,32),(32,33,34),(32,34,4),(33,1,35),(33,35,34),(34,35,36),(34,36,4),(35,1,37),(35,37,36),(36,37,38),(36,38,4),(37,1,39),(37,39,38),(38,39,40),(38,40,4),(39,1,41),(39,41,40),(40,41,42),(40,42,4),(41,1,2),(41,2,42),(42,2,3),(42,3,4)),$);
#779=IFCSHAPEREPRESENTATION(#6,'Body','Tessellation',(#758,#760,#762,#764,#766,#768,#770,#772,#774,#776,#778));
#780=IFCPRODUCTDEFINITIONSHAPE($,$,(#779));
#781=IFCFURNISHINGELEMENT('2d1dArWX9JlPst8GY_qgaO',$,'Sofa','Authored furniture assembly',$,#19,#780,'F0-living/sofa');
#782=IFCPROPERTYSINGLEVALUE('ReviewStatus',$,IFCLABEL('PRELIMINARY - NOT FOR CONSTRUCTION'),$);
#783=IFCPROPERTYSINGLEVALUE('PlanHash',$,IFCLABEL('13e93ea3847ed8bb1a6303802cf36b20f1f5a619efd14b6e4fd3dcf0f379760f'),$);
#784=IFCPROPERTYSET('2CIqRt4xrMEwe1Qk6MBiKv',$,'FloorForge_Review',$,(#782,#783));
#785=IFCRELDEFINESBYPROPERTIES('2xnyC5dOjLxPpExTyKukAx',$,$,$,(#781),#784);
#786=IFCCARTESIANPOINTLIST3D(((6241.124,1841.124,338.876),(6242.925,1842.925,343.706),(6243.841,1843.841,350.293),(6243.849,1843.849,360.),(6243.841,1843.841,369.707),(6242.925,1842.925,376.294),(6241.124,1841.124,381.124),(6243.849,1725.,336.151),(6247.602,1725.,341.256),(6249.976,1725.,350.001),(6250.,1725.,360.),(6249.976,1725.,369.999),(6247.602,1725.,378.744),(6243.849,1725.,383.849),(6243.849,1600.,336.151),(6247.602,1600.,341.256),(6249.976,1600.,350.001),(6250.,1600.,360.),(6249.976,1600.,369.999),(6247.602,1600.,378.744),(6243.849,1600.,383.849),(6243.849,1475.,336.151),(6247.602,1475.,341.256),(6249.976,1475.,350.001),(6250.,1475.,360.),(6249.976,1475.,369.999),(6247.602,1475.,378.744),(6243.849,1475.,383.849),(6243.849,1350.,336.151),(6247.602,1350.,341.256),(6249.976,1350.,350.001),(6250.,1350.,360.),(6249.976,1350.,369.999),(6247.602,1350.,378.744),(6243.849,1350.,383.849),(6243.849,1225.,336.151),(6247.602,1225.,341.256),(6249.976,1225.,350.001),(6250.,1225.,360.),(6249.976,1225.,369.999),(6247.602,1225.,378.744),(6243.849,1225.,383.849),(6241.124,1108.876,338.876),(6242.925,1107.075,343.706),(6243.841,1106.159,350.293),(6243.849,1106.151,360.),(6243.841,1106.159,369.707),(6242.925,1107.075,376.294),(6241.124,1108.876,381.124),(5158.876,1841.124,338.876),(5157.075,1842.925,343.706),(5156.159,1843.841,350.293),(5156.151,1843.849,360.),(5156.159,1843.841,369.707),(5157.075,1842.925,376.294),(5158.876,1841.124,381.124),(5156.151,1725.,336.151),(5152.398,1725.,341.256),(5150.024,1725.,350.001),(5150.,1725.,360.),(5150.024,1725.,369.999),(5152.398,1725.,378.744),(5156.151,1725.,383.849),(5156.151,1600.,336.151),(5152.398,1600.,341.256),(5150.024,1600.,350.001),(5150.,1600.,360.),(5150.024,1600.,369.999),(5152.398,1600.,378.744),(5156.151,1600.,383.849),(5156.151,1475.,336.151),(5152.398,1475.,341.256),(5150.024,1475.,350.001),(5150.,1475.,360.),(5150.024,1475.,369.999),(5152.398,1475.,378.744),(5156.151,1475.,383.849),(5156.151,1350.,336.151),(5152.398,1350.,341.256),(5150.024,1350.,350.001),(5150.,1350.,360.),(5150.024,1350.,369.999),(5152.398,1350.,378.744),(5156.151,1350.,383.849),(5156.151,1225.,336.151),(5152.398,1225.,341.256),(5150.024,1225.,350.001),(5150.,1225.,360.),(5150.024,1225.,369.999),(5152.398,1225.,378.744),(5156.151,1225.,383.849),(5158.876,1108.876,338.876),(5157.075,1107.075,343.706),(5156.159,1106.159,350.293),(5156.151,1106.151,360.),(5156.159,1106.159,369.707),(5157.075,1107.075,376.294),(5158.876,1108.876,381.124),(6066.667,1843.849,336.151),(6066.667,1847.602,341.256),(6066.667,1849.976,350.001),(6066.667,1850.,360.),(6066.667,1849.976,369.999),(6066.667,1847.602,378.744),(6066.667,1843.849,383.849),(5883.333,1843.849,336.151),(5883.333,1847.602,341.256),(5883.333,1849.976,350.001),(5883.333,1850.,360.),(5883.333,1849.976,369.999),(5883.333,1847.602,378.744),(5883.333,1843.849,383.849),(5700.,1843.849,336.151),(5700.,1847.602,341.256),(5700.,1849.976,350.001),(5700.,1850.,360.),(5700.,1849.976,369.999),(5700.,1847.602,378.744),(5700.,1843.849,383.849),(5516.667,1843.849,336.151),(5516.667,1847.602,341.256),(5516.667,1849.976,350.001),(5516.667,1850.,360.),(5516.667,1849.976,369.999),(5516.667,1847.602,378.744),(5516.667,1843.849,383.849),(5333.333,1843.849,336.151),(5333.333,1847.602,341.256),(5333.333,1849.976,350.001),(5333.333,1850.,360.),(5333.333,1849.976,369.999),(5333.333,1847.602,378.744),(5333.333,1843.849,383.849),(6066.667,1106.151,336.151),(6066.667,1102.398,341.256),(6066.667,1100.024,350.001),(6066.667,1100.,360.),(6066.667,1100.024,369.999),(6066.667,1102.398,378.744),(6066.667,1106.151,383.849),(5883.333,1106.151,336.151),(5883.333,1102.398,341.256),(5883.333,1100.024,350.001),(5883.333,1100.,360.),(5883.333,1100.024,369.999),(5883.333,1102.398,378.744),(5883.333,1106.151,383.849),(5700.,1106.151,336.151),(5700.,1102.398,341.256),(5700.,1100.024,350.001),(5700.,1100.,360.),(5700.,1100.024,369.999),(5700.,1102.398,378.744),(5700.,1106.151,383.849),(5516.667,1106.151,336.151),(5516.667,1102.398,341.256),(5516.667,1100.024,350.001),(5516.667,1100.,360.),(5516.667,1100.024,369.999),(5516.667,1102.398,378.744),(5516.667,1106.151,383.849),(5333.333,1106.151,336.151),(5333.333,1102.398,341.256),(5333.333,1100.024,350.001),(5333.333,1100.,360.),(5333.333,1100.024,369.999),(5333.333,1102.398,378.744),(5333.333,1106.151,383.849),(6066.667,1725.,330.),(6066.667,1600.,330.),(6066.667,1475.,330.),(6066.667,1350.,330.),(6066.667,1225.,330.),(5883.333,1725.,330.),(5883.333,1600.,330.),(5883.333,1475.,330.),(5883.333,1350.,330.),(5883.333,1225.,330.),(5700.,1725.,330.),(5700.,1600.,330.),(5700.,1475.,330.),(5700.,1350.,330.),(5700.,1225.,330.),(5516.667,1725.,330.),(5516.667,1600.,330.),(5516.667,1475.,330.),(5516.667,1350.,330.),(5516.667,1225.,330.),(5333.333,1725.,330.),(5333.333,1600.,330.),(5333.333,1475.,330.),(5333.333,1350.,330.),(5333.333,1225.,330.),(6066.667,1725.,390.),(6066.667,1600.,390.),(6066.667,1475.,390.),(6066.667,1350.,390.),(6066.667,1225.,390.),(5883.333,1725.,390.),(5883.333,1600.,390.),(5883.333,1475.,390.),(5883.333,1350.,390.),(5883.333,1225.,390.),(5700.,1725.,390.),(5700.,1600.,390.),(5700.,1475.,390.),(5700.,1350.,390.),(5700.,1225.,390.),(5516.667,1725.,390.),(5516.667,1600.,390.),(5516.667,1475.,390.),(5516.667,1350.,390.),(5516.667,1225.,390.),(5333.333,1725.,390.),(5333.333,1600.,390.),(5333.333,1475.,390.),(5333.333,1350.,390.),(5333.333,1225.,390.)));
#787=IFCTRIANGULATEDFACESET(#786,$,.T.,((1,2,9),(1,9,8),(2,3,10),(2,10,9),(3,4,11),(3,11,10),(4,5,12),(4,12,11),(5,6,13),(5,13,12),(6,7,14),(6,14,13),(8,9,16),(8,16,15),(9,10,17),(9,17,16),(10,11,18),(10,18,17),(11,12,19),(11,19,18),(12,13,20),(12,20,19),(13,14,21),(13,21,20),(15,16,23),(15,23,22),(16,17,24),(16,24,23),(17,18,25),(17,25,24),(18,19,26),(18,26,25),(19,20,27),(19,27,26),(20,21,28),(20,28,27),(22,23,30),(22,30,29),(23,24,31),(23,31,30),(24,25,32),(24,32,31),(25,26,33),(25,33,32),(26,27,34),(26,34,33),(27,28,35),(27,35,34),(29,30,37),(29,37,36),(30,31,38),(30,38,37),(31,32,39),(31,39,38),(32,33,40),(32,40,39),(33,34,41),(33,41,40),(34,35,42),(34,42,41),(36,37,44),(36,44,43),(37,38,45),(37,45,44),(38,39,46),(38,46,45),(39,40,47),(39,47,46),(40,41,48),(40,48,47),(41,42,49),(41,49,48),(58,51,50),(57,58,50),(59,52,51),(58,59,51),(60,53,52),(59,60,52),(61,54,53),(60,61,53),(62,55,54),(61,62,54),(63,56,55),(62,63,55),(65,58,57),(64,65,57),(66,59,58),(65,66,58),(67,60,59),(66,67,59),(68,61,60),(67,68,60),(69,62,61),(68,69,61),(70,63,62),(69,70,62),(72,65,64),(71,72,64),(73,66,65),(72,73,65),(74,67,66),(73,74,66),(75,68,67),(74,75,67),(76,69,68),(75,76,68),(77,70,69),(76,77,69),(79,72,71),(78,79,71),(80,73,72),(79,80,72),(81,74,73),(80,81,73),(82,75,74),(81,82,74),(83,76,75),(82,83,75),(84,77,76),(83,84,76),(86,79,78),(85,86,78),(87,80,79),(86,87,79),(88,81,80),(87,88,80),(89,82,81),(88,89,81),(90,83,82),(89,90,82),(91,84,83),(90,91,83),(93,86,85),(92,93,85),(94,87,86),(93,94,86),(95,88,87),(94,95,87),(96,89,88),(95,96,88),(97,90,89),(96,97,89),(98,91,90),(97,98,90),(100,2,1),(99,100,1),(101,3,2),(100,101,2),(102,4,3),(101,102,3),(103,5,4),(102,103,4),(104,6,5),(103,104,5),(105,7,6),(104,105,6),(107,100,99),(106,107,99),(108,101,100),(107,108,100),(109,102,101),(108,109,101),(110,103,102),(109,110,102),(111,104,103),(110,111,103),(112,105,104),(111,112,104),(114,107,106),(113,114,106),(115,108,107),(114,115,107),(116,109,108),(115,116,108),(117,110,109),(116,117,109),(118,111,110),(117,118,110),(119,112,111),(118,119,111),(121,114,113),(120,121,113),(122,115,114),(121,122,114),(123,116,115),(122,123,115),(124,117,116),(123,124,116),(125,118,117),(124,125,117),(126,119,118),(125,126,118),(128,121,120),(127,128,120),(129,122,121),(128,129,121),(130,123,122),(129,130,122),(131,124,123),(130,131,123),(132,125,124),(131,132,124),(133,126,125),(132,133,125),(51,128,127),(50,51,127),(52,129,128),(51,52,128),(53,130,129),(52,53,129),(54,131,130),(53,54,130),(55,132,131),(54,55,131),(56,133,132),(55,56,132),(43,44,135),(43,135,134),(44,45,136),(44,136,135),(45,46,137),(45,137,136),(46,47,138),(46,138,137),(47,48,139),(47,139,138),(48,49,140),(48,140,139),(134,135,142),(134,142,141),(135,136,143),(135,143,142),(136,137,144),(136,144,143),(137,138,145),(137,145,144),(138,139,146),(138,146,145),(139,140,147),(139,147,146),(141,142,149),(141,149,148),(142,143,150),(142,150,149),(143,144,151),(143,151,150),(144,145,152),(144,152,151),(145,146,153),(145,153,152),(146,147,154),(146,154,153),(148,149,156),(148,156,155),(149,150,157),(149,157,156),(150,151,158),(150,158,157),(151,152,159),(151,159,158),(152,153,160),(152,160,159),(153,154,161),(153,161,160),(155,156,163),(155,163,162),(156,157,164),(156,164,163),(157,158,165),(157,165,164),(158,159,166),(158,166,165),(159,160,167),(159,167,166),(160,161,168),(160,168,167),(162,163,93),(162,93,92),(163,164,94),(163,94,93),(164,165,95),(164,95,94),(165,166,96),(165,96,95),(166,167,97),(166,97,96),(167,168,98),(167,98,97),(1,8,169),(1,169,99),(8,15,170),(8,170,169),(15,22,171),(15,171,170),(22,29,172),(22,172,171),(29,36,173),(29,173,172),(36,43,134),(36,134,173),(99,169,174),(99,174,106),(169,170,175),(169,175,174),(170,171,176),(170,176,175),(171,172,177),(171,177,176),(172,173,178),(172,178,177),(173,134,141),(173,141,178),(106,174,179),(106,179,113),(174,175,180),(174,180,179),(175,176,181),(175,181,180),(176,177,182),(176,182,181),(177,178,183),(177,183,182),(178,141,148),(178,148,183),(113,179,184),(113,184,120),(179,180,185),(179,185,184),(180,181,186),(180,186,185),(181,182,187),(181,187,186),(182,183,188),(182,188,187),(183,148,155),(183,155,188),(120,184,189),(120,189,127),(184,185,190),(184,190,189),(185,186,191),(185,191,190),(186,187,192),(186,192,191),(187,188,193),(187,193,192),(188,155,162),(188,162,193),(127,189,57),(127,57,50),(189,190,64),(189,64,57),(190,191,71),(190,71,64),(191,192,78),(191,78,71),(192,193,85),(192,85,78),(193,162,92),(193,92,85),(194,14,7),(105,194,7),(195,21,14),(194,195,14),(196,28,21),(195,196,21),(197,35,28),(196,197,28),(198,42,35),(197,198,35),(140,49,42),(198,140,42),(199,194,105),(112,199,105),(200,195,194),(199,200,194),(201,196,195),(200,201,195),(202,197,196),(201,202,196),(203,198,197),(202,203,197),(147,140,198),(203,147,198),(204,199,112),(119,204,112),(205,200,199),(204,205,199),(206,201,200),(205,206,200),(207,202,201),(206,207,201),(208,203,202),(207,208,202),(154,147,203),(208,154,203),(209,204,119),(126,209,119),(210,205,204),(209,210,204),(211,206,205),(210,211,205),(212,207,206),(211,212,206),(213,208,207),(212,213,207),(161,154,208),(213,161,208),(214,209,126),(133,214,126),(215,210,209),(214,215,209),(216,211,210),(215,216,210),(217,212,211),(216,217,211),(218,213,212),(217,218,212),(168,161,213),(218,168,213),(63,214,133),(56,63,133),(70,215,214),(63,70,214),(77,216,215),(70,77,215),(84,217,216),(77,84,216),(91,218,217),(84,91,217),(98,168,218),(91,98,218)),$);
#788=IFCCARTESIANPOINTLIST3D(((5700.,1695.,15.),(5745.,1695.,15.),(5745.,1695.,345.),(5700.,1695.,345.),(5742.797565,1708.905765,15.),(5742.797565,1708.905765,345.),(5736.405765,1721.450325,15.),(5736.405765,1721.450325,345.),(5726.450325,1731.405765,15.),(5726.450325,1731.405765,345.),(5713.905765,1737.797565,15.),(5713.905765,1737.797565,345.),(5700.,1740.,15.),(5700.,1740.,345.),(5686.094235,1737.797565,15.),(5686.094235,1737.797565,345.),(5673.549675,1731.405765,15.),(5673.549675,1731.405765,345.),(5663.594235,1721.450325,15.),(5663.594235,1721.450325,345.),(5657.202435,1708.905765,15.),(5657.202435,1708.905765,345.),(5655.,1695.,15.),(5655.,1695.,345.),(5657.202435,1681.094235,15.),(5657.202435,1681.094235,345.),(5663.594235,1668.549675,15.),(5663.594235,1668.549675,345.),(5673.549675,1658.594235,15.),(5673.549675,1658.594235,345.),(5686.094235,1652.202435,15.),(5686.094235,1652.202435,345.),(5700.,1650.,15.),(5700.,1650.,345.),(5713.905765,1652.202435,15.),(5713.905765,1652.202435,345.),(5726.450325,1658.594235,15.),(5726.450325,1658.594235,345.),(5736.405765,1668.549675,15.),(5736.405765,1668.549675,345.),(5742.797565,1681.094235,15.),(5742.797565,1681.094235,345.)));
#789=IFCTRIANGULATEDFACESET(#788,$,.T.,((2,1,5),(2,5,3),(3,5,6),(3,6,4),(5,1,7),(5,7,6),(6,7,8),(6,8,4),(7,1,9),(7,9,8),(8,9,10),(8,10,4),(9,1,11),(9,11,10),(10,11,12),(10,12,4),(11,1,13),(11,13,12),(12,13,14),(12,14,4),(13,1,15),(13,15,14),(14,15,16),(14,16,4),(15,1,17),(15,17,16),(16,17,18),(16,18,4),(17,1,19),(17,19,18),(18,19,20),(18,20,4),(19,1,21),(19,21,20),(20,21,22),(20,22,4),(21,1,23),(21,23,22),(22,23,24),(22,24,4),(23,1,25),(23,25,24),(24,25,26),(24,26,4),(25,1,27),(25,27,26),(26,27,28),(26,28,4),(27,1,29),(27,29,28),(28,29,30),(28,30,4),(29,1,31),(29,31,30),(30,31,32),(30,32,4),(31,1,33),(31,33,32),(32,33,34),(32,34,4),(33,1,35),(33,35,34),(34,35,36),(34,36,4),(35,1,37),(35,37,36),(36,37,38),(36,38,4),(37,1,39),(37,39,38),(38,39,40),(38,40,4),(39,1,41),(39,41,40),(40,41,42),(40,42,4),(41,1,2),(41,2,42),(42,2,3),(42,3,4)),$);
#790=IFCCARTESIANPOINTLIST3D(((5700.,1255.,15.),(5745.,1255.,15.),(5745.,1255.,345.),(5700.,1255.,345.),(5742.797565,1268.905765,15.),(5742.797565,1268.905765,345.),(5736.405765,1281.450325,15.),(5736.405765,1281.450325,345.),(5726.450325,1291.405765,15.),(5726.450325,1291.405765,345.),(5713.905765,1297.797565,15.),(5713.905765,1297.797565,345.),(5700.,1300.,15.),(5700.,1300.,345.),(5686.094235,1297.797565,15.),(5686.094235,1297.797565,345.),(5673.549675,1291.405765,15.),(5673.549675,1291.405765,345.),(5663.594235,1281.450325,15.),(5663.594235,1281.450325,345.),(5657.202435,1268.905765,15.),(5657.202435,1268.905765,345.),(5655.,1255.,15.),(5655.,1255.,345.),(5657.202435,1241.094235,15.),(5657.202435,1241.094235,345.),(5663.594235,1228.549675,15.),(5663.594235,1228.549675,345.),(5673.549675,1218.594235,15.),(5673.549675,1218.594235,345.),(5686.094235,1212.202435,15.),(5686.094235,1212.202435,345.),(5700.,1210.,15.),(5700.,1210.,345.),(5713.905765,1212.202435,15.),(5713.905765,1212.202435,345.),(5726.450325,1218.594235,15.),(5726.450325,1218.594235,345.),(5736.405765,1228.549675,15.),(5736.405765,1228.549675,345.),(5742.797565,1241.094235,15.),(5742.797565,1241.094235,345.)));
#791=IFCTRIANGULATEDFACESET(#790,$,.T.,((2,1,5),(2,5,3),(3,5,6),(3,6,4),(5,1,7),(5,7,6),(6,7,8),(6,8,4),(7,1,9),(7,9,8),(8,9,10),(8,10,4),(9,1,11),(9,11,10),(10,11,12),(10,12,4),(11,1,13),(11,13,12),(12,13,14),(12,14,4),(13,1,15),(13,15,14),(14,15,16),(14,16,4),(15,1,17),(15,17,16),(16,17,18),(16,18,4),(17,1,19),(17,19,18),(18,19,20),(18,20,4),(19,1,21),(19,21,20),(20,21,22),(20,22,4),(21,1,23),(21,23,22),(22,23,24),(22,24,4),(23,1,25),(23,25,24),(24,25,26),(24,26,4),(25,1,27),(25,27,26),(26,27,28),(26,28,4),(27,1,29),(27,29,28),(28,29,30),(28,30,4),(29,1,31),(29,31,30),(30,31,32),(30,32,4),(31,1,33),(31,33,32),(32,33,34),(32,34,4),(33,1,35),(33,35,34),(34,35,36),(34,36,4),(35,1,37),(35,37,36),(36,37,38),(36,38,4),(37,1,39),(37,39,38),(38,39,40),(38,40,4),(39,1,41),(39,41,40),(40,41,42),(40,42,4),(41,1,2),(41,2,42),(42,2,3),(42,3,4)),$);
#792=IFCCARTESIANPOINTLIST3D(((5780.,1255.,394.),(5780.,1255.,427.),(5780.,1535.,394.),(5780.,1535.,427.),(5980.,1255.,394.),(5980.,1255.,427.),(5980.,1535.,394.),(5980.,1535.,427.)));
#793=IFCTRIANGULATEDFACESET(#792,$,.T.,((2,4,1),(5,2,1),(1,4,3),(3,5,1),(2,8,4),(6,2,5),(6,8,2),(4,8,3),(7,5,3),(3,8,7),(7,6,5),(8,6,7)),$);
#794=IFCCARTESIANPOINTLIST3D(((5655.,1605.,394.),(5680.,1605.,474.),(5675.,1605.,554.),(5655.,1605.,574.),(5645.,1605.,574.),(5664.,1605.,544.),(5668.,1605.,474.),(5640.,1605.,409.),(5653.126,1619.235,394.),(5677.274,1625.706,474.),(5672.444,1624.411,554.),(5653.126,1619.235,574.),(5643.467,1616.647,574.),(5661.819,1621.564,544.),(5665.683,1622.6,474.),(5638.637,1615.353,409.),(5647.631,1632.5,394.),(5669.282,1645.,474.),(5664.952,1642.5,554.),(5647.631,1632.5,574.),(5638.971,1627.5,574.),(5655.426,1637.,544.),(5658.89,1639.,474.),(5634.641,1625.,409.),(5638.891,1643.891,394.),(5656.569,1661.569,474.),(5653.033,1658.033,554.),(5638.891,1643.891,574.),(5631.82,1636.82,574.),(5645.255,1650.255,544.),(5648.083,1653.083,474.),(5628.284,1633.284,409.),(5627.5,1652.631,394.),(5640.,1674.282,474.),(5637.5,1669.952,554.),(5627.5,1652.631,574.),(5622.5,1643.971,574.),(5632.,1660.426,544.),(5634.,1663.89,474.),(5620.,1639.641,409.),(5614.235,1658.126,394.),(5620.706,1682.274,474.),(5619.411,1677.444,554.),(5614.235,1658.126,574.),(5611.647,1648.467,574.),(5616.564,1666.819,544.),(5617.6,1670.683,474.),(5610.353,1643.637,409.),(5600.,1660.,394.),(5600.,1685.,474.),(5600.,1680.,554.),(5600.,1660.,574.),(5600.,1650.,574.),(5600.,1669.,544.),(5600.,1673.,474.),(5600.,1645.,409.),(5585.765,1658.126,394.),(5579.294,1682.274,474.),(5580.589,1677.444,554.),(5585.765,1658.126,574.),(5588.353,1648.467,574.),(5583.436,1666.819,544.),(5582.4,1670.683,474.),(5589.647,1643.637,409.),(5572.5,1652.631,394.),(5560.,1674.282,474.),(5562.5,1669.952,554.),(5572.5,1652.631,574.),(5577.5,1643.971,574.),(5568.,1660.426,544.),(5566.,1663.89,474.),(5580.,1639.641,409.),(5561.109,1643.891,394.),(5543.431,1661.569,474.),(5546.967,1658.033,554.),(5561.109,1643.891,574.),(5568.18,1636.82,574.),(5554.745,1650.255,544.),(5551.917,1653.083,474.),(5571.716,1633.284,409.),(5552.369,1632.5,394.),(5530.718,1645.,474.),(5535.048,1642.5,554.),(5552.369,1632.5,574.),(5561.029,1627.5,574.),(5544.574,1637.,544.),(5541.11,1639.,474.),(5565.359,1625.,409.),(5546.874,1619.235,394.),(5522.726,1625.706,474.),(5527.556,1624.411,554.),(5546.874,1619.235,574.),(5556.533,1616.647,574.),(5538.181,1621.564,544.),(5534.317,1622.6,474.),(5561.363,1615.353,409.),(5545.,1605.,394.),(5520.,1605.,474.),(5525.,1605.,554.),(5545.,1605.,574.),(5555.,1605.,574.),(5536.,1605.,544.),(5532.,1605.,474.),(5560.,1605.,409.),(5546.874,1590.765,394.),(5522.726,1584.294,474.),(5527.556,1585.589,554.),(5546.874,1590.765,574.),(5556.533,1593.353,574.),(5538.181,1588.436,544.),(5534.317,1587.4,474.),(5561.363,1594.647,409.),(5552.369,1577.5,394.),(5530.718,1565.,474.),(5535.048,1567.5,554.),(5552.369,1577.5,574.),(5561.029,1582.5,574.),(5544.574,1573.,544.),(5541.11,1571.,474.),(5565.359,1585.,409.),(5561.109,1566.109,394.),(5543.431,1548.431,474.),(5546.967,1551.967,554.),(5561.109,1566.109,574.),(5568.18,1573.18,574.),(5554.745,1559.745,544.),(5551.917,1556.917,474.),(5571.716,1576.716,409.),(5572.5,1557.369,394.),(5560.,1535.718,474.),(5562.5,1540.048,554.),(5572.5,1557.369,574.),(5577.5,1566.029,574.),(5568.,1549.574,544.),(5566.,1546.11,474.),(5580.,1570.359,409.),(5585.765,1551.874,394.),(5579.294,1527.726,474.),(5580.589,1532.556,554.),(5585.765,1551.874,574.),(5588.353,1561.533,574.),(5583.436,1543.181,544.),(5582.4,1539.317,474.),(5589.647,1566.363,409.),(5600.,1550.,394.),(5600.,1525.,474.),(5600.,1530.,554.),(5600.,1550.,574.),(5600.,1560.,574.),(5600.,1541.,544.),(5600.,1537.,474.),(5600.,1565.,409.),(5614.235,1551.874,394.),(5620.706,1527.726,474.),(5619.411,1532.556,554.),(5614.235,1551.874,574.),(5611.647,1561.533,574.),(5616.564,1543.181,544.),(5617.6,1539.317,474.),(5610.353,1566.363,409.),(5627.5,1557.369,394.),(5640.,1535.718,474.),(5637.5,1540.048,554.),(5627.5,1557.369,574.),(5622.5,1566.029,574.),(5632.,1549.574,544.),(5634.,1546.11,474.),(5620.,1570.359,409.),(5638.891,1566.109,394.),(5656.569,1548.431,474.),(5653.033,1551.967,554.),(5638.891,1566.109,574.),(5631.82,1573.18,574.),(5645.255,1559.745,544.),(5648.083,1556.917,474.),(5628.284,1576.716,409.),(5647.631,1577.5,394.),(5669.282,1565.,474.),(5664.952,1567.5,554.),(5647.631,1577.5,574.),(5638.971,1582.5,574.),(5655.426,1573.,544.),(5658.89,1571.,474.),(5634.641,1585.,409.),(5653.126,1590.765,394.),(5677.274,1584.294,474.),(5672.444,1585.589,554.),(5653.126,1590.765,574.),(5643.467,1593.353,574.),(5661.819,1588.436,544.),(5665.683,1587.4,474.),(5638.637,1594.647,409.)));
#795=IFCTRIANGULATEDFACESET(#794,$,.F.,((1,9,2),(2,9,10),(2,10,3),(3,10,11),(3,11,4),(4,11,12),(4,12,5),(5,12,13),(5,13,6),(6,13,14),(6,14,7),(7,14,15),(7,15,8),(8,15,16),(9,17,10),(10,17,18),(10,18,11),(11,18,19),(11,19,12),(12,19,20),(12,20,13),(13,20,21),(13,21,14),(14,21,22),(14,22,15),(15,22,23),(15,23,16),(16,23,24),(17,25,18),(18,25,26),(18,26,19),(19,26,27),(19,27,20),(20,27,28),(20,28,21),(21,28,29),(21,29,22),(22,29,30),(22,30,23),(23,30,31),(23,31,24),(24,31,32),(25,33,26),(26,33,34),(26,34,27),(27,34,35),(27,35,28),(28,35,36),(28,36,29),(29,36,37),(29,37,30),(30,37,38),(30,38,31),(31,38,39),(31,39,32),(32,39,40),(33,41,34),(34,41,42),(34,42,35),(35,42,43),(35,43,36),(36,43,44),(36,44,37),(37,44,45),(37,45,38),(38,45,46),(38,46,39),(39,46,47),(39,47,40),(40,47,48),(41,49,42),(42,49,50),(42,50,43),(43,50,51),(43,51,44),(44,51,52),(44,52,45),(45,52,53),(45,53,46),(46,53,54),(46,54,47),(47,54,55),(47,55,48),(48,55,56),(49,57,50),(50,57,58),(50,58,51),(51,58,59),(51,59,52),(52,59,60),(52,60,53),(53,60,61),(53,61,54),(54,61,62),(54,62,55),(55,62,63),(55,63,56),(56,63,64),(57,65,58),(58,65,66),(58,66,59),(59,66,67),(59,67,60),(60,67,68),(60,68,61),(61,68,69),(61,69,62),(62,69,70),(62,70,63),(63,70,71),(63,71,64),(64,71,72),(65,73,66),(66,73,74),(66,74,67),(67,74,75),(67,75,68),(68,75,76),(68,76,69),(69,76,77),(69,77,70),(70,77,78),(70,78,71),(71,78,79),(71,79,72),(72,79,80),(73,81,74),(74,81,82),(74,82,75),(75,82,83),(75,83,76),(76,83,84),(76,84,77),(77,84,85),(77,85,78),(78,85,86),(78,86,79),(79,86,87),(79,87,80),(80,87,88),(81,89,82),(82,89,90),(82,90,83),(83,90,91),(83,91,84),(84,91,92),(84,92,85),(85,92,93),(85,93,86),(86,93,94),(86,94,87),(87,94,95),(87,95,88),(88,95,96),(89,97,90),(90,97,98),(90,98,91),(91,98,99),(91,99,92),(92,99,100),(92,100,93),(93,100,101),(93,101,94),(94,101,102),(94,102,95),(95,102,103),(95,103,96),(96,103,104),(97,105,98),(98,105,106),(98,106,99),(99,106,107),(99,107,100),(100,107,108),(100,108,101),(101,108,109),(101,109,102),(102,109,110),(102,110,103),(103,110,111),(103,111,104),(104,111,112),(105,113,106),(106,113,114),(106,114,107),(107,114,115),(107,115,108),(108,115,116),(108,116,109),(109,116,117),(109,117,110),(110,117,118),(110,118,111),(111,118,119),(111,119,112),(112,119,120),(113,121,114),(114,121,122),(114,122,115),(115,122,123),(115,123,116),(116,123,124),(116,124,117),(117,124,125),(117,125,118),(118,125,126),(118,126,119),(119,126,127),(119,127,120),(120,127,128),(121,129,122),(122,129,130),(122,130,123),(123,130,131),(123,131,124),(124,131,132),(124,132,125),(125,132,133),(125,133,126),(126,133,134),(126,134,127),(127,134,135),(127,135,128),(128,135,136),(129,137,130),(130,137,138),(130,138,131),(131,138,139),(131,139,132),(132,139,140),(132,140,133),(133,140,141),(133,141,134),(134,141,142),(134,142,135),(135,142,143),(135,143,136),(136,143,144),(137,145,138),(138,145,146),(138,146,139),(139,146,147),(139,147,140),(140,147,148),(140,148,141),(141,148,149),(141,149,142),(142,149,150),(142,150,143),(143,150,151),(143,151,144),(144,151,152),(145,153,146),(146,153,154),(146,154,147),(147,154,155),(147,155,148),(148,155,156),(148,156,149),(149,156,157),(149,157,150),(150,157,158),(150,158,151),(151,158,159),(151,159,152),(152,159,160),(153,161,154),(154,161,162),(154,162,155),(155,162,163),(155,163,156),(156,163,164),(156,164,157),(157,164,165),(157,165,158),(158,165,166),(158,166,159),(159,166,167),(159,167,160),(160,167,168),(161,169,162),(162,169,170),(162,170,163),(163,170,171),(163,171,164),(164,171,172),(164,172,165),(165,172,173),(165,173,166),(166,173,174),(166,174,167),(167,174,175),(167,175,168),(168,175,176),(169,177,170),(170,177,178),(170,178,171),(171,178,179),(171,179,172),(172,179,180),(172,180,173),(173,180,181),(173,181,174),(174,181,182),(174,182,175),(175,182,183),(175,183,176),(176,183,184),(177,185,178),(178,185,186),(178,186,179),(179,186,187),(179,187,180),(180,187,188),(180,188,181),(181,188,189),(181,189,182),(182,189,190),(182,190,183),(183,190,191),(183,191,184),(184,191,192),(185,1,186),(186,1,2),(186,2,187),(187,2,3),(187,3,188),(188,3,4),(188,4,189),(189,4,5),(189,5,190),(190,5,6),(190,6,191),(191,6,7),(191,7,192),(192,7,8)),$);
#796=IFCSHAPEREPRESENTATION(#6,'Body','Tessellation',(#787,#789,#791,#793,#795));
#797=IFCPRODUCTDEFINITIONSHAPE($,$,(#796));
#798=IFCFURNISHINGELEMENT('3hrJyFLgDMvO5WkFM7RG5n',$,'Coffee Table','Authored furniture assembly',$,#19,#797,'F0-living/coffee-table');
#799=IFCPROPERTYSINGLEVALUE('ReviewStatus',$,IFCLABEL('PRELIMINARY - NOT FOR CONSTRUCTION'),$);
#800=IFCPROPERTYSINGLEVALUE('PlanHash',$,IFCLABEL('13e93ea3847ed8bb1a6303802cf36b20f1f5a619efd14b6e4fd3dcf0f379760f'),$);
#801=IFCPROPERTYSET('1vwaXmUVbNM8$oNtsTIr$t',$,'FloorForge_Review',$,(#799,#800));
#802=IFCRELDEFINESBYPROPERTIES('1iJ9cwIPDQwhhx6lY_gwKW',$,$,$,(#798),#801);
#803=IFCCARTESIANPOINTLIST3D(((7075.,2675.,0.),(7235.,2675.,0.),(7235.,2675.,40.),(7075.,2675.,40.),(7227.16912,2724.44272,0.),(7227.16912,2724.44272,40.),(7204.44272,2769.0456,0.),(7204.44272,2769.0456,40.),(7169.0456,2804.44272,0.),(7169.0456,2804.44272,40.),(7124.44272,2827.16912,0.),(7124.44272,2827.16912,40.),(7075.,2835.,0.),(7075.,2835.,40.),(7025.55728,2827.16912,0.),(7025.55728,2827.16912,40.),(6980.9544,2804.44272,0.),(6980.9544,2804.44272,40.),(6945.55728,2769.0456,0.),(6945.55728,2769.0456,40.),(6922.83088,2724.44272,0.),(6922.83088,2724.44272,40.),(6915.,2675.,0.),(6915.,2675.,40.),(6922.83088,2625.55728,0.),(6922.83088,2625.55728,40.),(6945.55728,2580.9544,0.),(6945.55728,2580.9544,40.),(6980.9544,2545.55728,0.),(6980.9544,2545.55728,40.),(7025.55728,2522.83088,0.),(7025.55728,2522.83088,40.),(7075.,2515.,0.),(7075.,2515.,40.),(7124.44272,2522.83088,0.),(7124.44272,2522.83088,40.),(7169.0456,2545.55728,0.),(7169.0456,2545.55728,40.),(7204.44272,2580.9544,0.),(7204.44272,2580.9544,40.),(7227.16912,2625.55728,0.),(7227.16912,2625.55728,40.)));
#804=IFCTRIANGULATEDFACESET(#803,$,.T.,((2,1,5),(2,5,3),(3,5,6),(3,6,4),(5,1,7),(5,7,6),(6,7,8),(6,8,4),(7,1,9),(7,9,8),(8,9,10),(8,10,4),(9,1,11),(9,11,10),(10,11,12),(10,12,4),(11,1,13),(11,13,12),(12,13,14),(12,14,4),(13,1,15),(13,15,14),(14,15,16),(14,16,4),(15,1,17),(15,17,16),(16,17,18),(16,18,4),(17,1,19),(17,19,18),(18,19,20),(18,20,4),(19,1,21),(19,21,20),(20,21,22),(20,22,4),(21,1,23),(21,23,22),(22,23,24),(22,24,4),(23,1,25),(23,25,24),(24,25,26),(24,26,4),(25,1,27),(25,27,26),(26,27,28),(26,28,4),(27,1,29),(27,29,28),(28,29,30),(28,30,4),(29,1,31),(29,31,30),(30,31,32),(30,32,4),(31,1,33),(31,33,32),(32,33,34),(32,34,4),(33,1,35),(33,35,34),(34,35,36),(34,36,4),(35,1,37),(35,37,36),(36,37,38),(36,38,4),(37,1,39),(37,39,38),(38,39,40),(38,40,4),(39,1,41),(39,41,40),(40,41,42),(40,42,4),(41,1,2),(41,2,42),(42,2,3),(42,3,4)),$);
#805=IFCCARTESIANPOINTLIST3D(((7075.,2675.,40.),(7087.,2675.,40.),(7087.,2675.,1550.),(7075.,2675.,1550.),(7086.412684,2678.708204,40.),(7086.412684,2678.708204,1550.),(7084.708204,2682.05342,40.),(7084.708204,2682.05342,1550.),(7082.05342,2684.708204,40.),(7082.05342,2684.708204,1550.),(7078.708204,2686.412684,40.),(7078.708204,2686.412684,1550.),(7075.,2687.,40.),(7075.,2687.,1550.),(7071.291796,2686.412684,40.),(7071.291796,2686.412684,1550.),(7067.94658,2684.708204,40.),(7067.94658,2684.708204,1550.),(7065.291796,2682.05342,40.),(7065.291796,2682.05342,1550.),(7063.587316,2678.708204,40.),(7063.587316,2678.708204,1550.),(7063.,2675.,40.),(7063.,2675.,1550.),(7063.587316,2671.291796,40.),(7063.587316,2671.291796,1550.),(7065.291796,2667.94658,40.),(7065.291796,2667.94658,1550.),(7067.94658,2665.291796,40.),(7067.94658,2665.291796,1550.),(7071.291796,2663.587316,40.),(7071.291796,2663.587316,1550.),(7075.,2663.,40.),(7075.,2663.,1550.),(7078.708204,2663.587316,40.),(7078.708204,2663.587316,1550.),(7082.05342,2665.291796,40.),(7082.05342,2665.291796,1550.),(7084.708204,2667.94658,40.),(7084.708204,2667.94658,1550.),(7086.412684,2671.291796,40.),(7086.412684,2671.291796,1550.)));
#806=IFCTRIANGULATEDFACESET(#805,$,.T.,((2,1,5),(2,5,3),(3,5,6),(3,6,4),(5,1,7),(5,7,6),(6,7,8),(6,8,4),(7,1,9),(7,9,8),(8,9,10),(8,10,4),(9,1,11),(9,11,10),(10,11,12),(10,12,4),(11,1,13),(11,13,12),(12,13,14),(12,14,4),(13,1,15),(13,15,14),(14,15,16),(14,16,4),(15,1,17),(15,17,16),(16,17,18),(16,18,4),(17,1,19),(17,19,18),(18,19,20),(18,20,4),(19,1,21),(19,21,20),(20,21,22),(20,22,4),(21,1,23),(21,23,22),(22,23,24),(22,24,4),(23,1,25),(23,25,24),(24,25,26),(24,26,4),(25,1,27),(25,27,26),(26,27,28),(26,28,4),(27,1,29),(27,29,28),(28,29,30),(28,30,4),(29,1,31),(29,31,30),(30,31,32),(30,32,4),(31,1,33),(31,33,32),(32,33,34),(32,34,4),(33,1,35),(33,35,34),(34,35,36),(34,36,4),(35,1,37),(35,37,36),(36,37,38),(36,38,4),(37,1,39),(37,39,38),(38,39,40),(38,40,4),(39,1,41),(39,41,40),(40,41,42),(40,42,4),(41,1,2),(41,2,42),(42,2,3),(42,3,4)),$);
#807=IFCCARTESIANPOINTLIST3D(((7075.,2675.,1550.),(7070.233901,2673.72904,1539.060669),(6320.233901,2473.72904,1889.060669),(6325.,2475.,1900.),(7071.422634,2670.208249,1539.596073),(6321.422634,2470.208249,1889.596073),(7072.961548,2667.156511,1541.149895),(6322.961548,2467.156511,1891.149895),(7074.7,2664.872543,1543.570025),(6324.7,2464.872543,1893.570025),(7076.467817,2663.579918,1546.619561),(6326.467817,2463.579918,1896.619561),(7078.091952,2663.405181,1550.),(6328.091952,2463.405181,1900.),(7079.413428,2664.365414,1553.380439),(6329.413428,2464.365414,1903.380439),(7080.302883,2666.366645,1556.429975),(6330.302883,2466.366645,1906.429975),(7080.673258,2669.212967,1558.850105),(6330.673258,2469.212967,1908.850105),(7080.488297,2672.625759,1560.403927),(6330.488297,2472.625759,1910.403927),(7079.766099,2676.27096,1560.939331),(6329.766099,2476.27096,1910.939331),(7078.577366,2679.791751,1560.403927),(6328.577366,2479.791751,1910.403927),(7077.038452,2682.843489,1558.850105),(6327.038452,2482.843489,1908.850105),(7075.3,2685.127457,1556.429975),(6325.3,2485.127457,1906.429975),(7073.532183,2686.420082,1553.380439),(6323.532183,2486.420082,1903.380439),(7071.908048,2686.594819,1550.),(6321.908048,2486.594819,1900.),(7070.586572,2685.634586,1546.619561),(6320.586572,2485.634586,1896.619561),(7069.697117,2683.633355,1543.570025),(6319.697117,2483.633355,1893.570025),(7069.326742,2680.787033,1541.149895),(6319.326742,2480.787033,1891.149895),(7069.511703,2677.374241,1539.596073),(6319.511703,2477.374241,1889.596073)));
#808=IFCTRIANGULATEDFACESET(#807,$,.T.,((2,1,5),(2,5,3),(3,5,6),(3,6,4),(5,1,7),(5,7,6),(6,7,8),(6,8,4),(7,1,9),(7,9,8),(8,9,10),(8,10,4),(9,1,11),(9,11,10),(10,11,12),(10,12,4),(11,1,13),(11,13,12),(12,13,14),(12,14,4),(13,1,15),(13,15,14),(14,15,16),(14,16,4),(15,1,17),(15,17,16),(16,17,18),(16,18,4),(17,1,19),(17,19,18),(18,19,20),(18,20,4),(19,1,21),(19,21,20),(20,21,22),(20,22,4),(21,1,23),(21,23,22),(22,23,24),(22,24,4),(23,1,25),(23,25,24),(24,25,26),(24,26,4),(25,1,27),(25,27,26),(26,27,28),(26,28,4),(27,1,29),(27,29,28),(28,29,30),(28,30,4),(29,1,31),(29,31,30),(30,31,32),(30,32,4),(31,1,33),(31,33,32),(32,33,34),(32,34,4),(33,1,35),(33,35,34),(34,35,36),(34,36,4),(35,1,37),(35,37,36),(36,37,38),(36,38,4),(37,1,39),(37,39,38),(38,39,40),(38,40,4),(39,1,41),(39,41,40),(40,41,42),(40,42,4),(41,1,2),(41,2,42),(42,2,3),(42,3,4)),$);
#809=IFCCARTESIANPOINTLIST3D(((6275.,2475.,1780.),(6475.,2475.,1780.),(6275.,2475.,1580.),(6469.986,2430.496,1780.),(6455.194,2388.223,1780.),(6431.366,2350.302,1780.),(6399.698,2318.634,1780.),(6361.777,2294.806,1780.),(6319.504,2280.014,1780.),(6275.,2275.,1780.),(6230.496,2280.014,1780.),(6188.223,2294.806,1780.),(6150.302,2318.634,1780.),(6118.634,2350.302,1780.),(6094.806,2388.223,1780.),(6080.014,2430.496,1780.),(6075.,2475.,1780.),(6080.014,2519.504,1780.),(6094.806,2561.777,1780.),(6118.634,2599.698,1780.),(6150.302,2631.366,1780.),(6188.223,2655.194,1780.),(6230.496,2669.986,1780.),(6275.,2675.,1780.),(6319.504,2669.986,1780.),(6361.777,2655.194,1780.),(6399.698,2631.366,1780.),(6431.366,2599.698,1780.),(6455.194,2561.777,1780.),(6469.986,2519.504,1780.)));
#810=IFCTRIANGULATEDFACESET(#809,$,.T.,((2,1,4),(2,4,3),(4,1,5),(4,5,3),(5,1,6),(5,6,3),(6,1,7),(6,7,3),(7,1,8),(7,8,3),(8,1,9),(8,9,3),(9,1,10),(9,10,3),(10,1,11),(10,11,3),(11,1,12),(11,12,3),(12,1,13),(12,13,3),(13,1,14),(13,14,3),(14,1,15),(14,15,3),(15,1,16),(15,16,3),(16,1,17),(16,17,3),(17,1,18),(17,18,3),(18,1,19),(18,19,3),(19,1,20),(19,20,3),(20,1,21),(20,21,3),(21,1,22),(21,22,3),(22,1,23),(22,23,3),(23,1,24),(23,24,3),(24,1,25),(24,25,3),(25,1,26),(25,26,3),(26,1,27),(26,27,3),(27,1,28),(27,28,3),(28,1,29),(28,29,3),(29,1,30),(29,30,3),(30,1,2),(30,2,3)),$);
#811=IFCCARTESIANPOINTLIST3D(((6275.,2475.,1690.),(6289.08665,2475.,1692.02535),(6302.03205,2475.,1697.9373),(6312.7875,2475.,1707.25695),(6320.4816,2475.,1719.22925),(6324.49105,2475.,1732.88425),(6324.49105,2475.,1747.11575),(6320.4816,2475.,1760.77075),(6312.7875,2475.,1772.74305),(6302.03205,2475.,1782.0627),(6289.08665,2475.,1787.97465),(6275.,2475.,1790.),(6288.81595,2477.74815,1692.02535),(6301.51265,2480.2737,1697.9373),(6312.0614,2482.37195,1707.25695),(6319.6077,2483.873,1719.22925),(6323.5401,2484.65525,1732.88425),(6323.5401,2484.65525,1747.11575),(6319.6077,2483.873,1760.77075),(6312.0614,2482.37195,1772.74305),(6301.51265,2480.2737,1782.0627),(6288.81595,2477.74815,1787.97465),(6288.01435,2480.3907,1692.02535),(6299.97435,2485.3447,1697.9373),(6309.9111,2489.46065,1707.25695),(6317.0195,2492.40505,1719.22925),(6320.7238,2493.9394,1732.88425),(6320.7238,2493.9394,1747.11575),(6317.0195,2492.40505,1760.77075),(6309.9111,2489.46065,1772.74305),(6299.97435,2485.3447,1782.0627),(6288.01435,2480.3907,1787.97465),(6286.7126,2482.8261,1692.02535),(6297.4763,2490.0182,1697.9373),(6306.41915,2495.9936,1707.25695),(6312.81655,2500.2682,1719.22925),(6316.1503,2502.49575,1732.88425),(6316.1503,2502.49575,1747.11575),(6312.81655,2500.2682,1760.77075),(6306.41915,2495.9936,1772.74305),(6297.4763,2490.0182,1782.0627),(6286.7126,2482.8261,1787.97465),(6284.96075,2484.96075,1692.02535),(6294.11455,2494.11455,1697.9373),(6301.7198,2501.7198,1707.25695),(6307.16035,2507.16035,1719.22925),(6309.99545,2509.99545,1732.88425),(6309.99545,2509.99545,1747.11575),(6307.16035,2507.16035,1760.77075),(6301.7198,2501.7198,1772.74305),(6294.11455,2494.11455,1782.0627),(6284.96075,2484.96075,1787.97465),(6282.8261,2486.7126,1692.02535),(6290.0182,2497.4763,1697.9373),(6295.9936,2506.41915,1707.25695),(6300.2682,2512.81655,1719.22925),(6302.49575,2516.1503,1732.88425),(6302.49575,2516.1503,1747.11575),(6300.2682,2512.81655,1760.77075),(6295.9936,2506.41915,1772.74305),(6290.0182,2497.4763,1782.0627),(6282.8261,2486.7126,1787.97465),(6280.3907,2488.01435,1692.02535),(6285.3447,2499.97435,1697.9373),(6289.46065,2509.9111,1707.25695),(6292.40505,2517.0195,1719.22925),(6293.9394,2520.7238,1732.88425),(6293.9394,2520.7238,1747.11575),(6292.40505,2517.0195,1760.77075),(6289.46065,2509.9111,1772.74305),(6285.3447,2499.97435,1782.0627),(6280.3907,2488.01435,1787.97465),(6277.74815,2488.81595,1692.02535),(6280.2737,2501.51265,1697.9373),(6282.37195,2512.0614,1707.25695),(6283.873,2519.6077,1719.22925),(6284.65525,2523.5401,1732.88425),(6284.65525,2523.5401,1747.11575),(6283.873,2519.6077,1760.77075),(6282.37195,2512.0614,1772.74305),(6280.2737,2501.51265,1782.0627),(6277.74815,2488.81595,1787.97465),(6275.,2489.08665,1692.02535),(6275.,2502.03205,1697.9373),(6275.,2512.7875,1707.25695),(6275.,2520.4816,1719.22925),(6275.,2524.49105,1732.88425),(6275.,2524.49105,1747.11575),(6275.,2520.4816,1760.77075),(6275.,2512.7875,1772.74305),(6275.,2502.03205,1782.0627),(6275.,2489.08665,1787.97465),(6272.25185,2488.81595,1692.02535),(6269.7263,2501.51265,1697.9373),(6267.62805,2512.0614,1707.25695),(6266.127,2519.6077,1719.22925),(6265.34475,2523.5401,1732.88425),(6265.34475,2523.5401,1747.11575),(6266.127,2519.6077,1760.77075),(6267.62805,2512.0614,1772.74305),(6269.7263,2501.51265,1782.0627),(6272.25185,2488.81595,1787.97465),(6269.6093,2488.01435,1692.02535),(6264.6553,2499.97435,1697.9373),(6260.53935,2509.9111,1707.25695),(6257.59495,2517.0195,1719.22925),(6256.0606,2520.7238,1732.88425),(6256.0606,2520.7238,1747.11575),(6257.59495,2517.0195,1760.77075),(6260.53935,2509.9111,1772.74305),(6264.6553,2499.97435,1782.0627),(6269.6093,2488.01435,1787.97465),(6267.1739,2486.7126,1692.02535),(6259.9818,2497.4763,1697.9373),(6254.0064,2506.41915,1707.25695),(6249.7318,2512.81655,1719.22925),(6247.50425,2516.1503,1732.88425),(6247.50425,2516.1503,1747.11575),(6249.7318,2512.81655,1760.77075),(6254.0064,2506.41915,1772.74305),(6259.9818,2497.4763,1782.0627),(6267.1739,2486.7126,1787.97465),(6265.03925,2484.96075,1692.02535),(6255.88545,2494.11455,1697.9373),(6248.2802,2501.7198,1707.25695),(6242.83965,2507.16035,1719.22925),(6240.00455,2509.99545,1732.88425),(6240.00455,2509.99545,1747.11575),(6242.83965,2507.16035,1760.77075),(6248.2802,2501.7198,1772.74305),(6255.88545,2494.11455,1782.0627),(6265.03925,2484.96075,1787.97465),(6263.2874,2482.8261,1692.02535),(6252.5237,2490.0182,1697.9373),(6243.58085,2495.9936,1707.25695),(6237.18345,2500.2682,1719.22925),(6233.8497,2502.49575,1732.88425),(6233.8497,2502.49575,1747.11575),(6237.18345,2500.2682,1760.77075),(6243.58085,2495.9936,1772.74305),(6252.5237,2490.0182,1782.0627),(6263.2874,2482.8261,1787.97465),(6261.98565,2480.3907,1692.02535),(6250.02565,2485.3447,1697.9373),(6240.0889,2489.46065,1707.25695),(6232.9805,2492.40505,1719.22925),(6229.2762,2493.9394,1732.88425),(6229.2762,2493.9394,1747.11575),(6232.9805,2492.40505,1760.77075),(6240.0889,2489.46065,1772.74305),(6250.02565,2485.3447,1782.0627),(6261.98565,2480.3907,1787.97465),(6261.18405,2477.74815,1692.02535),(6248.48735,2480.2737,1697.9373),(6237.9386,2482.37195,1707.25695),(6230.3923,2483.873,1719.22925),(6226.4599,2484.65525,1732.88425),(6226.4599,2484.65525,1747.11575),(6230.3923,2483.873,1760.77075),(6237.9386,2482.37195,1772.74305),(6248.48735,2480.2737,1782.0627),(6261.18405,2477.74815,1787.97465),(6260.91335,2475.,1692.02535),(6247.96795,2475.,1697.9373),(6237.2125,2475.,1707.25695),(6229.5184,2475.,1719.22925),(6225.50895,2475.,1732.88425),(6225.50895,2475.,1747.11575),(6229.5184,2475.,1760.77075),(6237.2125,2475.,1772.74305),(6247.96795,2475.,1782.0627),(6260.91335,2475.,1787.97465),(6261.18405,2472.25185,1692.02535),(6248.48735,2469.7263,1697.9373),(6237.9386,2467.62805,1707.25695),(6230.3923,2466.127,1719.22925),(6226.4599,2465.34475,1732.88425),(6226.4599,2465.34475,1747.11575),(6230.3923,2466.127,1760.77075),(6237.9386,2467.62805,1772.74305),(6248.48735,2469.7263,1782.0627),(6261.18405,2472.25185,1787.97465),(6261.98565,2469.6093,1692.02535),(6250.02565,2464.6553,1697.9373),(6240.0889,2460.53935,1707.25695),(6232.9805,2457.59495,1719.22925),(6229.2762,2456.0606,1732.88425),(6229.2762,2456.0606,1747.11575),(6232.9805,2457.59495,1760.77075),(6240.0889,2460.53935,1772.74305),(6250.02565,2464.6553,1782.0627),(6261.98565,2469.6093,1787.97465),(6263.2874,2467.1739,1692.02535),(6252.5237,2459.9818,1697.9373),(6243.58085,2454.0064,1707.25695),(6237.18345,2449.7318,1719.22925),(6233.8497,2447.50425,1732.88425),(6233.8497,2447.50425,1747.11575),(6237.18345,2449.7318,1760.77075),(6243.58085,2454.0064,1772.74305),(6252.5237,2459.9818,1782.0627),(6263.2874,2467.1739,1787.97465),(6265.03925,2465.03925,1692.02535),(6255.88545,2455.88545,1697.9373),(6248.2802,2448.2802,1707.25695),(6242.83965,2442.83965,1719.22925),(6240.00455,2440.00455,1732.88425),(6240.00455,2440.00455,1747.11575),(6242.83965,2442.83965,1760.77075),(6248.2802,2448.2802,1772.74305),(6255.88545,2455.88545,1782.0627),(6265.03925,2465.03925,1787.97465),(6267.1739,2463.2874,1692.02535),(6259.9818,2452.5237,1697.9373),(6254.0064,2443.58085,1707.25695),(6249.7318,2437.18345,1719.22925),(6247.50425,2433.8497,1732.88425),(6247.50425,2433.8497,1747.11575),(6249.7318,2437.18345,1760.77075),(6254.0064,2443.58085,1772.74305),(6259.9818,2452.5237,1782.0627),(6267.1739,2463.2874,1787.97465),(6269.6093,2461.98565,1692.02535),(6264.6553,2450.02565,1697.9373),(6260.53935,2440.0889,1707.25695),(6257.59495,2432.9805,1719.22925),(6256.0606,2429.2762,1732.88425),(6256.0606,2429.2762,1747.11575),(6257.59495,2432.9805,1760.77075),(6260.53935,2440.0889,1772.74305),(6264.6553,2450.02565,1782.0627),(6269.6093,2461.98565,1787.97465),(6272.25185,2461.18405,1692.02535),(6269.7263,2448.48735,1697.9373),(6267.62805,2437.9386,1707.25695),(6266.127,2430.3923,1719.22925),(6265.34475,2426.4599,1732.88425),(6265.34475,2426.4599,1747.11575),(6266.127,2430.3923,1760.77075),(6267.62805,2437.9386,1772.74305),(6269.7263,2448.48735,1782.0627),(6272.25185,2461.18405,1787.97465),(6275.,2460.91335,1692.02535),(6275.,2447.96795,1697.9373),(6275.,2437.2125,1707.25695),(6275.,2429.5184,1719.22925),(6275.,2425.50895,1732.88425),(6275.,2425.50895,1747.11575),(6275.,2429.5184,1760.77075),(6275.,2437.2125,1772.74305),(6275.,2447.96795,1782.0627),(6275.,2460.91335,1787.97465),(6277.74815,2461.18405,1692.02535),(6280.2737,2448.48735,1697.9373),(6282.37195,2437.9386,1707.25695),(6283.873,2430.3923,1719.22925),(6284.65525,2426.4599,1732.88425),(6284.65525,2426.4599,1747.11575),(6283.873,2430.3923,1760.77075),(6282.37195,2437.9386,1772.74305),(6280.2737,2448.48735,1782.0627),(6277.74815,2461.18405,1787.97465),(6280.3907,2461.98565,1692.02535),(6285.3447,2450.02565,1697.9373),(6289.46065,2440.0889,1707.25695),(6292.40505,2432.9805,1719.22925),(6293.9394,2429.2762,1732.88425),(6293.9394,2429.2762,1747.11575),(6292.40505,2432.9805,1760.77075),(6289.46065,2440.0889,1772.74305),(6285.3447,2450.02565,1782.0627),(6280.3907,2461.98565,1787.97465),(6282.8261,2463.2874,1692.02535),(6290.0182,2452.5237,1697.9373),(6295.9936,2443.58085,1707.25695),(6300.2682,2437.18345,1719.22925),(6302.49575,2433.8497,1732.88425),(6302.49575,2433.8497,1747.11575),(6300.2682,2437.18345,1760.77075),(6295.9936,2443.58085,1772.74305),(6290.0182,2452.5237,1782.0627),(6282.8261,2463.2874,1787.97465),(6284.96075,2465.03925,1692.02535),(6294.11455,2455.88545,1697.9373),(6301.7198,2448.2802,1707.25695),(6307.16035,2442.83965,1719.22925),(6309.99545,2440.00455,1732.88425),(6309.99545,2440.00455,1747.11575),(6307.16035,2442.83965,1760.77075),(6301.7198,2448.2802,1772.74305),(6294.11455,2455.88545,1782.0627),(6284.96075,2465.03925,1787.97465),(6286.7126,2467.1739,1692.02535),(6297.4763,2459.9818,1697.9373),(6306.41915,2454.0064,1707.25695),(6312.81655,2449.7318,1719.22925),(6316.1503,2447.50425,1732.88425),(6316.1503,2447.50425,1747.11575),(6312.81655,2449.7318,1760.77075),(6306.41915,2454.0064,1772.74305),(6297.4763,2459.9818,1782.0627),(6286.7126,2467.1739,1787.97465),(6288.01435,2469.6093,1692.02535),(6299.97435,2464.6553,1697.9373),(6309.9111,2460.53935,1707.25695),(6317.0195,2457.59495,1719.22925),(6320.7238,2456.0606,1732.88425),(6320.7238,2456.0606,1747.11575),(6317.0195,2457.59495,1760.77075),(6309.9111,2460.53935,1772.74305),(6299.97435,2464.6553,1782.0627),(6288.01435,2469.6093,1787.97465),(6288.81595,2472.25185,1692.02535),(6301.51265,2469.7263,1697.9373),(6312.0614,2467.62805,1707.25695),(6319.6077,2466.127,1719.22925),(6323.5401,2465.34475,1732.88425),(6323.5401,2465.34475,1747.11575),(6319.6077,2466.127,1760.77075),(6312.0614,2467.62805,1772.74305),(6301.51265,2469.7263,1782.0627),(6288.81595,2472.25185,1787.97465)));
#812=IFCTRIANGULATEDFACESET(#811,$,.T.,((2,1,13),(2,13,3),(3,13,14),(3,14,4),(4,14,15),(4,15,5),(5,15,16),(5,16,6),(6,16,17),(6,17,7),(7,17,18),(7,18,8),(8,18,19),(8,19,9),(9,19,20),(9,20,10),(10,20,21),(10,21,11),(11,21,22),(11,22,12),(13,1,23),(13,23,14),(14,23,24),(14,24,15),(15,24,25),(15,25,16),(16,25,26),(16,26,17),(17,26,27),(17,27,18),(18,27,28),(18,28,19),(19,28,29),(19,29,20),(20,29,30),(20,30,21),(21,30,31),(21,31,22),(22,31,32),(22,32,12),(23,1,33),(23,33,24),(24,33,34),(24,34,25),(25,34,35),(25,35,26),(26,35,36),(26,36,27),(27,36,37),(27,37,28),(28,37,38),(28,38,29),(29,38,39),(29,39,30),(30,39,40),(30,40,31),(31,40,41),(31,41,32),(32,41,42),(32,42,12),(33,1,43),(33,43,34),(34,43,44),(34,44,35),(35,44,45),(35,45,36),(36,45,46),(36,46,37),(37,46,47),(37,47,38),(38,47,48),(38,48,39),(39,48,49),(39,49,40),(40,49,50),(40,50,41),(41,50,51),(41,51,42),(42,51,52),(42,52,12),(43,1,53),(43,53,44),(44,53,54),(44,54,45),(45,54,55),(45,55,46),(46,55,56),(46,56,47),(47,56,57),(47,57,48),(48,57,58),(48,58,49),(49,58,59),(49,59,50),(50,59,60),(50,60,51),(51,60,61),(51,61,52),(52,61,62),(52,62,12),(53,1,63),(53,63,54),(54,63,64),(54,64,55),(55,64,65),(55,65,56),(56,65,66),(56,66,57),(57,66,67),(57,67,58),(58,67,68),(58,68,59),(59,68,69),(59,69,60),(60,69,70),(60,70,61),(61,70,71),(61,71,62),(62,71,72),(62,72,12),(63,1,73),(63,73,64),(64,73,74),(64,74,65),(65,74,75),(65,75,66),(66,75,76),(66,76,67),(67,76,77),(67,77,68),(68,77,78),(68,78,69),(69,78,79),(69,79,70),(70,79,80),(70,80,71),(71,80,81),(71,81,72),(72,81,82),(72,82,12),(73,1,83),(73,83,74),(74,83,84),(74,84,75),(75,84,85),(75,85,76),(76,85,86),(76,86,77),(77,86,87),(77,87,78),(78,87,88),(78,88,79),(79,88,89),(79,89,80),(80,89,90),(80,90,81),(81,90,91),(81,91,82),(82,91,92),(82,92,12),(83,1,93),(83,93,84),(84,93,94),(84,94,85),(85,94,95),(85,95,86),(86,95,96),(86,96,87),(87,96,97),(87,97,88),(88,97,98),(88,98,89),(89,98,99),(89,99,90),(90,99,100),(90,100,91),(91,100,101),(91,101,92),(92,101,102),(92,102,12),(93,1,103),(93,103,94),(94,103,104),(94,104,95),(95,104,105),(95,105,96),(96,105,106),(96,106,97),(97,106,107),(97,107,98),(98,107,108),(98,108,99),(99,108,109),(99,109,100),(100,109,110),(100,110,101),(101,110,111),(101,111,102),(102,111,112),(102,112,12),(103,1,113),(103,113,104),(104,113,114),(104,114,105),(105,114,115),(105,115,106),(106,115,116),(106,116,107),(107,116,117),(107,117,108),(108,117,118),(108,118,109),(109,118,119),(109,119,110),(110,119,120),(110,120,111),(111,120,121),(111,121,112),(112,121,122),(112,122,12),(113,1,123),(113,123,114),(114,123,124),(114,124,115),(115,124,125),(115,125,116),(116,125,126),(116,126,117),(117,126,127),(117,127,118),(118,127,128),(118,128,119),(119,128,129),(119,129,120),(120,129,130),(120,130,121),(121,130,131),(121,131,122),(122,131,132),(122,132,12),(123,1,133),(123,133,124),(124,133,134),(124,134,125),(125,134,135),(125,135,126),(126,135,136),(126,136,127),(127,136,137),(127,137,128),(128,137,138),(128,138,129),(129,138,139),(129,139,130),(130,139,140),(130,140,131),(131,140,141),(131,141,132),(132,141,142),(132,142,12),(133,1,143),(133,143,134),(134,143,144),(134,144,135),(135,144,145),(135,145,136),(136,145,146),(136,146,137),(137,146,147),(137,147,138),(138,147,148),(138,148,139),(139,148,149),(139,149,140),(140,149,150),(140,150,141),(141,150,151),(141,151,142),(142,151,152),(142,152,12),(143,1,153),(143,153,144),(144,153,154),(144,154,145),(145,154,155),(145,155,146),(146,155,156),(146,156,147),(147,156,157),(147,157,148),(148,157,158),(148,158,149),(149,158,159),(149,159,150),(150,159,160),(150,160,151),(151,160,161),(151,161,152),(152,161,162),(152,162,12),(153,1,163),(153,163,154),(154,163,164),(154,164,155),(155,164,165),(155,165,156),(156,165,166),(156,166,157),(157,166,167),(157,167,158),(158,167,168),(158,168,159),(159,168,169),(159,169,160),(160,169,170),(160,170,161),(161,170,171),(161,171,162),(162,171,172),(162,172,12),(163,1,173),(163,173,164),(164,173,174),(164,174,165),(165,174,175),(165,175,166),(166,175,176),(166,176,167),(167,176,177),(167,177,168),(168,177,178),(168,178,169),(169,178,179),(169,179,170),(170,179,180),(170,180,171),(171,180,181),(171,181,172),(172,181,182),(172,182,12),(173,1,183),(173,183,174),(174,183,184),(174,184,175),(175,184,185),(175,185,176),(176,185,186),(176,186,177),(177,186,187),(177,187,178),(178,187,188),(178,188,179),(179,188,189),(179,189,180),(180,189,190),(180,190,181),(181,190,191),(181,191,182),(182,191,192),(182,192,12),(183,1,193),(183,193,184),(184,193,194),(184,194,185),(185,194,195),(185,195,186),(186,195,196),(186,196,187),(187,196,197),(187,197,188),(188,197,198),(188,198,189),(189,198,199),(189,199,190),(190,199,200),(190,200,191),(191,200,201),(191,201,192),(192,201,202),(192,202,12),(193,1,203),(193,203,194),(194,203,204),(194,204,195),(195,204,205),(195,205,196),(196,205,206),(196,206,197),(197,206,207),(197,207,198),(198,207,208),(198,208,199),(199,208,209),(199,209,200),(200,209,210),(200,210,201),(201,210,211),(201,211,202),(202,211,212),(202,212,12),(203,1,213),(203,213,204),(204,213,214),(204,214,205),(205,214,215),(205,215,206),(206,215,216),(206,216,207),(207,216,217),(207,217,208),(208,217,218),(208,218,209),(209,218,219),(209,219,210),(210,219,220),(210,220,211),(211,220,221),(211,221,212),(212,221,222),(212,222,12),(213,1,223),(213,223,214),(214,223,224),(214,224,215),(215,224,225),(215,225,216),(216,225,226),(216,226,217),(217,226,227),(217,227,218),(218,227,228),(218,228,219),(219,228,229),(219,229,220),(220,229,230),(220,230,221),(221,230,231),(221,231,222),(222,231,232),(222,232,12),(223,1,233),(223,233,224),(224,233,234),(224,234,225),(225,234,235),(225,235,226),(226,235,236),(226,236,227),(227,236,237),(227,237,228),(228,237,238),(228,238,229),(229,238,239),(229,239,230),(230,239,240),(230,240,231),(231,240,241),(231,241,232),(232,241,242),(232,242,12),(233,1,243),(233,243,234),(234,243,244),(234,244,235),(235,244,245),(235,245,236),(236,245,246),(236,246,237),(237,246,247),(237,247,238),(238,247,248),(238,248,239),(239,248,249),(239,249,240),(240,249,250),(240,250,241),(241,250,251),(241,251,242),(242,251,252),(242,252,12),(243,1,253),(243,253,244),(244,253,254),(244,254,245),(245,254,255),(245,255,246),(246,255,256),(246,256,247),(247,256,257),(247,257,248),(248,257,258),(248,258,249),(249,258,259),(249,259,250),(250,259,260),(250,260,251),(251,260,261),(251,261,252),(252,261,262),(252,262,12),(253,1,263),(253,263,254),(254,263,264),(254,264,255),(255,264,265),(255,265,256),(256,265,266),(256,266,257),(257,266,267),(257,267,258),(258,267,268),(258,268,259),(259,268,269),(259,269,260),(260,269,270),(260,270,261),(261,270,271),(261,271,262),(262,271,272),(262,272,12),(263,1,273),(263,273,264),(264,273,274),(264,274,265),(265,274,275),(265,275,266),(266,275,276),(266,276,267),(267,276,277),(267,277,268),(268,277,278),(268,278,269),(269,278,279),(269,279,270),(270,279,280),(270,280,271),(271,280,281),(271,281,272),(272,281,282),(272,282,12),(273,1,283),(273,283,274),(274,283,284),(274,284,275),(275,284,285),(275,285,276),(276,285,286),(276,286,277),(277,286,287),(277,287,278),(278,287,288),(278,288,279),(279,288,289),(279,289,280),(280,289,290),(280,290,281),(281,290,291),(281,291,282),(282,291,292),(282,292,12),(283,1,293),(283,293,284),(284,293,294),(284,294,285),(285,294,295),(285,295,286),(286,295,296),(286,296,287),(287,296,297),(287,297,288),(288,297,298),(288,298,289),(289,298,299),(289,299,290),(290,299,300),(290,300,291),(291,300,301),(291,301,292),(292,301,302),(292,302,12),(293,1,303),(293,303,294),(294,303,304),(294,304,295),(295,304,305),(295,305,296),(296,305,306),(296,306,297),(297,306,307),(297,307,298),(298,307,308),(298,308,299),(299,308,309),(299,309,300),(300,309,310),(300,310,301),(301,310,311),(301,311,302),(302,311,312),(302,312,12),(303,1,313),(303,313,304),(304,313,314),(304,314,305),(305,314,315),(305,315,306),(306,315,316),(306,316,307),(307,316,317),(307,317,308),(308,317,318),(308,318,309),(309,318,319),(309,319,310),(310,319,320),(310,320,311),(311,320,321),(311,321,312),(312,321,322),(312,322,12),(313,1,2),(313,2,314),(314,2,3),(314,3,315),(315,3,4),(315,4,316),(316,4,5),(316,5,317),(317,5,6),(317,6,318),(318,6,7),(318,7,319),(319,7,8),(319,8,320),(320,8,9),(320,9,321),(321,9,10),(321,10,322),(322,10,11),(322,11,12)),$);
#813=IFCSHAPEREPRESENTATION(#6,'Body','Tessellation',(#804,#806,#808,#810,#812));
#814=IFCPRODUCTDEFINITIONSHAPE($,$,(#813));
#815=IFCFURNISHINGELEMENT('1Wy193W7nSKAHzn6EddW2C',$,'Floor Lamp','Authored furniture assembly',$,#19,#814,'F0-living/floor-lamp');
#816=IFCPROPERTYSINGLEVALUE('ReviewStatus',$,IFCLABEL('PRELIMINARY - NOT FOR CONSTRUCTION'),$);
#817=IFCPROPERTYSINGLEVALUE('PlanHash',$,IFCLABEL('13e93ea3847ed8bb1a6303802cf36b20f1f5a619efd14b6e4fd3dcf0f379760f'),$);
#818=IFCPROPERTYSET('0a_kDI6ULLjBApwCMvVyom',$,'FloorForge_Review',$,(#816,#817));
#819=IFCRELDEFINESBYPROPERTIES('27wvxPOdvHyBp41wkpDWS3',$,$,$,(#815),#818);
#820=IFCCARTESIANPOINTLIST3D(((3965.,1275.,40.),(3950.588085,1290.170437,38.223892),(3927.788085,1314.170437,428.223892),(3942.2,1299.,430.),(3946.588667,1284.958409,38.31082),(3923.788667,1308.958409,428.31082),(3944.391496,1278.771573,38.563098),(3921.591496,1302.771573,428.563098),(3944.211618,1272.215545,38.95603),(3921.411618,1296.215545,428.95603),(3946.066642,1265.932083,39.451152),(3923.266642,1289.932083,429.451152),(3949.775012,1260.536261,40.),(3926.975012,1284.536261,430.),(3954.973695,1256.556237,40.548848),(3932.173695,1280.556237,430.548848),(3961.153833,1254.381634,41.04397),(3938.353833,1278.381634,431.04397),(3967.710465,1254.22529,41.436902),(3944.910465,1278.22529,431.436902),(3974.001772,1256.102509,41.68918),(3951.201772,1280.102509,431.68918),(3979.411915,1259.829563,41.776108),(3956.611915,1283.829563,431.776108),(3983.411333,1265.041591,41.68918),(3960.611333,1289.041591,431.68918),(3985.608504,1271.228427,41.436902),(3962.808504,1295.228427,431.436902),(3985.788382,1277.784455,41.04397),(3962.988382,1301.784455,431.04397),(3983.933358,1284.067917,40.548848),(3961.133358,1308.067917,430.548848),(3980.224988,1289.463739,40.),(3957.424988,1313.463739,430.),(3975.026305,1293.443763,39.451152),(3952.226305,1317.443763,429.451152),(3968.846167,1295.618366,38.95603),(3946.046167,1319.618366,428.95603),(3962.289535,1295.77471,38.563098),(3939.489535,1319.77471,428.563098),(3955.998228,1293.897491,38.31082),(3933.198228,1317.897491,428.31082)));
#821=IFCTRIANGULATEDFACESET(#820,$,.T.,((2,1,5),(2,5,3),(3,5,6),(3,6,4),(5,1,7),(5,7,6),(6,7,8),(6,8,4),(7,1,9),(7,9,8),(8,9,10),(8,10,4),(9,1,11),(9,11,10),(10,11,12),(10,12,4),(11,1,13),(11,13,12),(12,13,14),(12,14,4),(13,1,15),(13,15,14),(14,15,16),(14,16,4),(15,1,17),(15,17,16),(16,17,18),(16,18,4),(17,1,19),(17,19,18),(18,19,20),(18,20,4),(19,1,21),(19,21,20),(20,21,22),(20,22,4),(21,1,23),(21,23,22),(22,23,24),(22,24,4),(23,1,25),(23,25,24),(24,25,26),(24,26,4),(25,1,27),(25,27,26),(26,27,28),(26,28,4),(27,1,29),(27,29,28),(28,29,30),(28,30,4),(29,1,31),(29,31,30),(30,31,32),(30,32,4),(31,1,33),(31,33,32),(32,33,34),(32,34,4),(33,1,35),(33,35,34),(34,35,36),(34,36,4),(35,1,37),(35,37,36),(36,37,38),(36,38,4),(37,1,39),(37,39,38),(38,39,40),(38,40,4),(39,1,41),(39,41,40),(40,41,42),(40,42,4),(41,1,2),(41,2,42),(42,2,3),(42,3,4)),$);
#822=IFCCARTESIANPOINTLIST3D(((3585.,1275.,40.),(3599.411915,1290.170437,38.223892),(3622.211915,1314.170437,428.223892),(3607.8,1299.,430.),(3594.001772,1293.897491,38.31082),(3616.801772,1317.897491,428.31082),(3587.710465,1295.77471,38.563098),(3610.510465,1319.77471,428.563098),(3581.153833,1295.618366,38.95603),(3603.953833,1319.618366,428.95603),(3574.973695,1293.443763,39.451152),(3597.773695,1317.443763,429.451152),(3569.775012,1289.463739,40.),(3592.575012,1313.463739,430.),(3566.066642,1284.067917,40.548848),(3588.866642,1308.067917,430.548848),(3564.211618,1277.784455,41.04397),(3587.011618,1301.784455,431.04397),(3564.391496,1271.228427,41.436902),(3587.191496,1295.228427,431.436902),(3566.588667,1265.041591,41.68918),(3589.388667,1289.041591,431.68918),(3570.588085,1259.829563,41.776108),(3593.388085,1283.829563,431.776108),(3575.998228,1256.102509,41.68918),(3598.798228,1280.102509,431.68918),(3582.289535,1254.22529,41.436902),(3605.089535,1278.22529,431.436902),(3588.846167,1254.381634,41.04397),(3611.646167,1278.381634,431.04397),(3595.026305,1256.556237,40.548848),(3617.826305,1280.556237,430.548848),(3600.224988,1260.536261,40.),(3623.024988,1284.536261,430.),(3603.933358,1265.932083,39.451152),(3626.733358,1289.932083,429.451152),(3605.788382,1272.215545,38.95603),(3628.588382,1296.215545,428.95603),(3605.608504,1278.771573,38.563098),(3628.408504,1302.771573,428.563098),(3603.411333,1284.958409,38.31082),(3626.211333,1308.958409,428.31082)));
#823=IFCTRIANGULATEDFACESET(#822,$,.T.,((2,1,5),(2,5,3),(3,5,6),(3,6,4),(5,1,7),(5,7,6),(6,7,8),(6,8,4),(7,1,9),(7,9,8),(8,9,10),(8,10,4),(9,1,11),(9,11,10),(10,11,12),(10,12,4),(11,1,13),(11,13,12),(12,13,14),(12,14,4),(13,1,15),(13,15,14),(14,15,16),(14,16,4),(15,1,17),(15,17,16),(16,17,18),(16,18,4),(17,1,19),(17,19,18),(18,19,20),(18,20,4),(19,1,21),(19,21,20),(20,21,22),(20,22,4),(21,1,23),(21,23,22),(22,23,24),(22,24,4),(23,1,25),(23,25,24),(24,25,26),(24,26,4),(25,1,27),(25,27,26),(26,27,28),(26,28,4),(27,1,29),(27,29,28),(28,29,30),(28,30,4),(29,1,31),(29,31,30),(30,31,32),(30,32,4),(31,1,33),(31,33,32),(32,33,34),(32,34,4),(33,1,35),(33,35,34),(34,35,36),(34,36,4),(35,1,37),(35,37,36),(36,37,38),(36,38,4),(37,1,39),(37,39,38),(38,39,40),(38,40,4),(39,1,41),(39,41,40),(40,41,42),(40,42,4),(41,1,2),(41,2,42),(42,2,3),(42,3,4)),$);
#824=IFCCARTESIANPOINTLIST3D(((3965.,1675.,40.),(3950.588085,1659.829563,38.223892),(3927.788085,1635.829563,428.223892),(3942.2,1651.,430.),(3955.998228,1656.102509,38.31082),(3933.198228,1632.102509,428.31082),(3962.289535,1654.22529,38.563098),(3939.489535,1630.22529,428.563098),(3968.846167,1654.381634,38.95603),(3946.046167,1630.381634,428.95603),(3975.026305,1656.556237,39.451152),(3952.226305,1632.556237,429.451152),(3980.224988,1660.536261,40.),(3957.424988,1636.536261,430.),(3983.933358,1665.932083,40.548848),(3961.133358,1641.932083,430.548848),(3985.788382,1672.215545,41.04397),(3962.988382,1648.215545,431.04397),(3985.608504,1678.771573,41.436902),(3962.808504,1654.771573,431.436902),(3983.411333,1684.958409,41.68918),(3960.611333,1660.958409,431.68918),(3979.411915,1690.170437,41.776108),(3956.611915,1666.170437,431.776108),(3974.001772,1693.897491,41.68918),(3951.201772,1669.897491,431.68918),(3967.710465,1695.77471,41.436902),(3944.910465,1671.77471,431.436902),(3961.153833,1695.618366,41.04397),(3938.353833,1671.618366,431.04397),(3954.973695,1693.443763,40.548848),(3932.173695,1669.443763,430.548848),(3949.775012,1689.463739,40.),(3926.975012,1665.463739,430.),(3946.066642,1684.067917,39.451152),(3923.266642,1660.067917,429.451152),(3944.211618,1677.784455,38.95603),(3921.411618,1653.784455,428.95603),(3944.391496,1671.228427,38.563098),(3921.591496,1647.228427,428.563098),(3946.588667,1665.041591,38.31082),(3923.788667,1641.041591,428.31082)));
#825=IFCTRIANGULATEDFACESET(#824,$,.T.,((2,1,5),(2,5,3),(3,5,6),(3,6,4),(5,1,7),(5,7,6),(6,7,8),(6,8,4),(7,1,9),(7,9,8),(8,9,10),(8,10,4),(9,1,11),(9,11,10),(10,11,12),(10,12,4),(11,1,13),(11,13,12),(12,13,14),(12,14,4),(13,1,15),(13,15,14),(14,15,16),(14,16,4),(15,1,17),(15,17,16),(16,17,18),(16,18,4),(17,1,19),(17,19,18),(18,19,20),(18,20,4),(19,1,21),(19,21,20),(20,21,22),(20,22,4),(21,1,23),(21,23,22),(22,23,24),(22,24,4),(23,1,25),(23,25,24),(24,25,26),(24,26,4),(25,1,27),(25,27,26),(26,27,28),(26,28,4),(27,1,29),(27,29,28),(28,29,30),(28,30,4),(29,1,31),(29,31,30),(30,31,32),(30,32,4),(31,1,33),(31,33,32),(32,33,34),(32,34,4),(33,1,35),(33,35,34),(34,35,36),(34,36,4),(35,1,37),(35,37,36),(36,37,38),(36,38,4),(37,1,39),(37,39,38),(38,39,40),(38,40,4),(39,1,41),(39,41,40),(40,41,42),(40,42,4),(41,1,2),(41,2,42),(42,2,3),(42,3,4)),$);
#826=IFCCARTESIANPOINTLIST3D(((3585.,1675.,40.),(3599.411915,1659.829563,38.223892),(3622.211915,1635.829563,428.223892),(3607.8,1651.,430.),(3603.411333,1665.041591,38.31082),(3626.211333,1641.041591,428.31082),(3605.608504,1671.228427,38.563098),(3628.408504,1647.228427,428.563098),(3605.788382,1677.784455,38.95603),(3628.588382,1653.784455,428.95603),(3603.933358,1684.067917,39.451152),(3626.733358,1660.067917,429.451152),(3600.224988,1689.463739,40.),(3623.024988,1665.463739,430.),(3595.026305,1693.443763,40.548848),(3617.826305,1669.443763,430.548848),(3588.846167,1695.618366,41.04397),(3611.646167,1671.618366,431.04397),(3582.289535,1695.77471,41.436902),(3605.089535,1671.77471,431.436902),(3575.998228,1693.897491,41.68918),(3598.798228,1669.897491,431.68918),(3570.588085,1690.170437,41.776108),(3593.388085,1666.170437,431.776108),(3566.588667,1684.958409,41.68918),(3589.388667,1660.958409,431.68918),(3564.391496,1678.771573,41.436902),(3587.191496,1654.771573,431.436902),(3564.211618,1672.215545,41.04397),(3587.011618,1648.215545,431.04397),(3566.066642,1665.932083,40.548848),(3588.866642,1641.932083,430.548848),(3569.775012,1660.536261,40.),(3592.575012,1636.536261,430.),(3574.973695,1656.556237,39.451152),(3597.773695,1632.556237,429.451152),(3581.153833,1654.381634,38.95603),(3603.953833,1630.381634,428.95603),(3587.710465,1654.22529,38.563098),(3610.510465,1630.22529,428.563098),(3594.001772,1656.102509,38.31082),(3616.801772,1632.102509,428.31082)));
#827=IFCTRIANGULATEDFACESET(#826,$,.T.,((2,1,5),(2,5,3),(3,5,6),(3,6,4),(5,1,7),(5,7,6),(6,7,8),(6,8,4),(7,1,9),(7,9,8),(8,9,10),(8,10,4),(9,1,11),(9,11,10),(10,11,12),(10,12,4),(11,1,13),(11,13,12),(12,13,14),(12,14,4),(13,1,15),(13,15,14),(14,15,16),(14,16,4),(15,1,17),(15,17,16),(16,17,18),(16,18,4),(17,1,19),(17,19,18),(18,19,20),(18,20,4),(19,1,21),(19,21,20),(20,21,22),(20,22,4),(21,1,23),(21,23,22),(22,23,24),(22,24,4),(23,1,25),(23,25,24),(24,25,26),(24,26,4),(25,1,27),(25,27,26),(26,27,28),(26,28,4),(27,1,29),(27,29,28),(28,29,30),(28,30,4),(29,1,31),(29,31,30),(30,31,32),(30,32,4),(31,1,33),(31,33,32),(32,33,34),(32,34,4),(33,1,35),(33,35,34),(34,35,36),(34,36,4),(35,1,37),(35,37,36),(36,37,38),(36,38,4),(37,1,39),(37,39,38),(38,39,40),(38,40,4),(39,1,41),(39,41,40),(40,41,42),(40,42,4),(41,1,2),(41,2,42),(42,2,3),(42,3,4)),$);
#828=IFCCARTESIANPOINTLIST3D(((4006.687,1248.313,428.313),(4009.387,1245.613,435.559),(4010.761,1244.239,445.44),(4010.774,1244.226,460.),(4010.761,1244.239,474.56),(4009.387,1245.613,484.441),(4006.687,1248.313,491.687),(3938.333,1244.226,424.226),(3938.333,1238.596,431.884),(3938.333,1235.036,445.002),(3938.333,1235.,460.),(3938.333,1235.036,474.998),(3938.333,1238.596,488.116),(3938.333,1244.226,495.774),(3856.667,1244.226,424.226),(3856.667,1238.596,431.884),(3856.667,1235.036,445.002),(3856.667,1235.,460.),(3856.667,1235.036,474.998),(3856.667,1238.596,488.116),(3856.667,1244.226,495.774),(3775.,1244.226,424.226),(3775.,1238.596,431.884),(3775.,1235.036,445.002),(3775.,1235.,460.),(3775.,1235.036,474.998),(3775.,1238.596,488.116),(3775.,1244.226,495.774),(3693.333,1244.226,424.226),(3693.333,1238.596,431.884),(3693.333,1235.036,445.002),(3693.333,1235.,460.),(3693.333,1235.036,474.998),(3693.333,1238.596,488.116),(3693.333,1244.226,495.774),(3611.667,1244.226,424.226),(3611.667,1238.596,431.884),(3611.667,1235.036,445.002),(3611.667,1235.,460.),(3611.667,1235.036,474.998),(3611.667,1238.596,488.116),(3611.667,1244.226,495.774),(3543.313,1248.313,428.313),(3540.613,1245.613,435.559),(3539.239,1244.239,445.44),(3539.226,1244.226,460.),(3539.239,1244.239,474.56),(3540.613,1245.613,484.441),(3543.313,1248.313,491.687),(4006.687,1701.687,428.313),(4009.387,1704.387,435.559),(4010.761,1705.761,445.44),(4010.774,1705.774,460.),(4010.761,1705.761,474.56),(4009.387,1704.387,484.441),(4006.687,1701.687,491.687),(3938.333,1705.774,424.226),(3938.333,1711.404,431.884),(3938.333,1714.964,445.002),(3938.333,1715.,460.),(3938.333,1714.964,474.998),(3938.333,1711.404,488.116),(3938.333,1705.774,495.774),(3856.667,1705.774,424.226),(3856.667,1711.404,431.884),(3856.667,1714.964,445.002),(3856.667,1715.,460.),(3856.667,1714.964,474.998),(3856.667,1711.404,488.116),(3856.667,1705.774,495.774),(3775.,1705.774,424.226),(3775.,1711.404,431.884),(3775.,1714.964,445.002),(3775.,1715.,460.),(3775.,1714.964,474.998),(3775.,1711.404,488.116),(3775.,1705.774,495.774),(3693.333,1705.774,424.226),(3693.333,1711.404,431.884),(3693.333,1714.964,445.002),(3693.333,1715.,460.),(3693.333,1714.964,474.998),(3693.333,1711.404,488.116),(3693.333,1705.774,495.774),(3611.667,1705.774,424.226),(3611.667,1711.404,431.884),(3611.667,1714.964,445.002),(3611.667,1715.,460.),(3611.667,1714.964,474.998),(3611.667,1711.404,488.116),(3611.667,1705.774,495.774),(3543.313,1701.687,428.313),(3540.613,1704.387,435.559),(3539.239,1705.761,445.44),(3539.226,1705.774,460.),(3539.239,1705.761,474.56),(3540.613,1704.387,484.441),(3543.313,1701.687,491.687),(4010.774,1315.,424.226),(4016.404,1315.,431.884),(4019.964,1315.,445.002),(4020.,1315.,460.),(4019.964,1315.,474.998),(4016.404,1315.,488.116),(4010.774,1315.,495.774),(4010.774,1395.,424.226),(4016.404,1395.,431.884),(4019.964,1395.,445.002),(4020.,1395.,460.),(4019.964,1395.,474.998),(4016.404,1395.,488.116),(4010.774,1395.,495.774),(4010.774,1475.,424.226),(4016.404,1475.,431.884),(4019.964,1475.,445.002),(4020.,1475.,460.),(4019.964,1475.,474.998),(4016.404,1475.,488.116),(4010.774,1475.,495.774),(4010.774,1555.,424.226),(4016.404,1555.,431.884),(4019.964,1555.,445.002),(4020.,1555.,460.),(4019.964,1555.,474.998),(4016.404,1555.,488.116),(4010.774,1555.,495.774),(4010.774,1635.,424.226),(4016.404,1635.,431.884),(4019.964,1635.,445.002),(4020.,1635.,460.),(4019.964,1635.,474.998),(4016.404,1635.,488.116),(4010.774,1635.,495.774),(3539.226,1315.,424.226),(3533.596,1315.,431.884),(3530.036,1315.,445.002),(3530.,1315.,460.),(3530.036,1315.,474.998),(3533.596,1315.,488.116),(3539.226,1315.,495.774),(3539.226,1395.,424.226),(3533.596,1395.,431.884),(3530.036,1395.,445.002),(3530.,1395.,460.),(3530.036,1395.,474.998),(3533.596,1395.,488.116),(3539.226,1395.,495.774),(3539.226,1475.,424.226),(3533.596,1475.,431.884),(3530.036,1475.,445.002),(3530.,1475.,460.),(3530.036,1475.,474.998),(3533.596,1475.,488.116),(3539.226,1475.,495.774),(3539.226,1555.,424.226),(3533.596,1555.,431.884),(3530.036,1555.,445.002),(3530.,1555.,460.),(3530.036,1555.,474.998),(3533.596,1555.,488.116),(3539.226,1555.,495.774),(3539.226,1635.,424.226),(3533.596,1635.,431.884),(3530.036,1635.,445.002),(3530.,1635.,460.),(3530.036,1635.,474.998),(3533.596,1635.,488.116),(3539.226,1635.,495.774),(3938.333,1315.,415.),(3856.667,1315.,415.),(3775.,1315.,415.),(3693.333,1315.,415.),(3611.667,1315.,415.),(3938.333,1395.,415.),(3856.667,1395.,415.),(3775.,1395.,415.),(3693.333,1395.,415.),(3611.667,1395.,415.),(3938.333,1475.,415.),(3856.667,1475.,415.),(3775.,1475.,415.),(3693.333,1475.,415.),(3611.667,1475.,415.),(3938.333,1555.,415.),(3856.667,1555.,415.),(3775.,1555.,415.),(3693.333,1555.,415.),(3611.667,1555.,415.),(3938.333,1635.,415.),(3856.667,1635.,415.),(3775.,1635.,415.),(3693.333,1635.,415.),(3611.667,1635.,415.),(3938.333,1315.,505.),(3856.667,1315.,505.),(3775.,1315.,505.),(3693.333,1315.,505.),(3611.667,1315.,505.),(3938.333,1395.,505.),(3856.667,1395.,505.),(3775.,1395.,505.),(3693.333,1395.,505.),(3611.667,1395.,505.),(3938.333,1475.,505.),(3856.667,1475.,505.),(3775.,1475.,505.),(3693.333,1475.,505.),(3611.667,1475.,505.),(3938.333,1555.,505.),(3856.667,1555.,505.),(3775.,1555.,505.),(3693.333,1555.,505.),(3611.667,1555.,505.),(3938.333,1635.,505.),(3856.667,1635.,505.),(3775.,1635.,505.),(3693.333,1635.,505.),(3611.667,1635.,505.)));
#829=IFCTRIANGULATEDFACESET(#828,$,.T.,((1,2,9),(1,9,8),(2,3,10),(2,10,9),(3,4,11),(3,11,10),(4,5,12),(4,12,11),(5,6,13),(5,13,12),(6,7,14),(6,14,13),(8,9,16),(8,16,15),(9,10,17),(9,17,16),(10,11,18),(10,18,17),(11,12,19),(11,19,18),(12,13,20),(12,20,19),(13,14,21),(13,21,20),(15,16,23),(15,23,22),(16,17,24),(16,24,23),(17,18,25),(17,25,24),(18,19,26),(18,26,25),(19,20,27),(19,27,26),(20,21,28),(20,28,27),(22,23,30),(22,30,29),(23,24,31),(23,31,30),(24,25,32),(24,32,31),(25,26,33),(25,33,32),(26,27,34),(26,34,33),(27,28,35),(27,35,34),(29,30,37),(29,37,36),(30,31,38),(30,38,37),(31,32,39),(31,39,38),(32,33,40),(32,40,39),(33,34,41),(33,41,40),(34,35,42),(34,42,41),(36,37,44),(36,44,43),(37,38,45),(37,45,44),(38,39,46),(38,46,45),(39,40,47),(39,47,46),(40,41,48),(40,48,47),(41,42,49),(41,49,48),(58,51,50),(57,58,50),(59,52,51),(58,59,51),(60,53,52),(59,60,52),(61,54,53),(60,61,53),(62,55,54),(61,62,54),(63,56,55),(62,63,55),(65,58,57),(64,65,57),(66,59,58),(65,66,58),(67,60,59),(66,67,59),(68,61,60),(67,68,60),(69,62,61),(68,69,61),(70,63,62),(69,70,62),(72,65,64),(71,72,64),(73,66,65),(72,73,65),(74,67,66),(73,74,66),(75,68,67),(74,75,67),(76,69,68),(75,76,68),(77,70,69),(76,77,69),(79,72,71),(78,79,71),(80,73,72),(79,80,72),(81,74,73),(80,81,73),(82,75,74),(81,82,74),(83,76,75),(82,83,75),(84,77,76),(83,84,76),(86,79,78),(85,86,78),(87,80,79),(86,87,79),(88,81,80),(87,88,80),(89,82,81),(88,89,81),(90,83,82),(89,90,82),(91,84,83),(90,91,83),(93,86,85),(92,93,85),(94,87,86),(93,94,86),(95,88,87),(94,95,87),(96,89,88),(95,96,88),(97,90,89),(96,97,89),(98,91,90),(97,98,90),(100,2,1),(99,100,1),(101,3,2),(100,101,2),(102,4,3),(101,102,3),(103,5,4),(102,103,4),(104,6,5),(103,104,5),(105,7,6),(104,105,6),(107,100,99),(106,107,99),(108,101,100),(107,108,100),(109,102,101),(108,109,101),(110,103,102),(109,110,102),(111,104,103),(110,111,103),(112,105,104),(111,112,104),(114,107,106),(113,114,106),(115,108,107),(114,115,107),(116,109,108),(115,116,108),(117,110,109),(116,117,109),(118,111,110),(117,118,110),(119,112,111),(118,119,111),(121,114,113),(120,121,113),(122,115,114),(121,122,114),(123,116,115),(122,123,115),(124,117,116),(123,124,116),(125,118,117),(124,125,117),(126,119,118),(125,126,118),(128,121,120),(127,128,120),(129,122,121),(128,129,121),(130,123,122),(129,130,122),(131,124,123),(130,131,123),(132,125,124),(131,132,124),(133,126,125),(132,133,125),(51,128,127),(50,51,127),(52,129,128),(51,52,128),(53,130,129),(52,53,129),(54,131,130),(53,54,130),(55,132,131),(54,55,131),(56,133,132),(55,56,132),(43,44,135),(43,135,134),(44,45,136),(44,136,135),(45,46,137),(45,137,136),(46,47,138),(46,138,137),(47,48,139),(47,139,138),(48,49,140),(48,140,139),(134,135,142),(134,142,141),(135,136,143),(135,143,142),(136,137,144),(136,144,143),(137,138,145),(137,145,144),(138,139,146),(138,146,145),(139,140,147),(139,147,146),(141,142,149),(141,149,148),(142,143,150),(142,150,149),(143,144,151),(143,151,150),(144,145,152),(144,152,151),(145,146,153),(145,153,152),(146,147,154),(146,154,153),(148,149,156),(148,156,155),(149,150,157),(149,157,156),(150,151,158),(150,158,157),(151,152,159),(151,159,158),(152,153,160),(152,160,159),(153,154,161),(153,161,160),(155,156,163),(155,163,162),(156,157,164),(156,164,163),(157,158,165),(157,165,164),(158,159,166),(158,166,165),(159,160,167),(159,167,166),(160,161,168),(160,168,167),(162,163,93),(162,93,92),(163,164,94),(163,94,93),(164,165,95),(164,95,94),(165,166,96),(165,96,95),(166,167,97),(166,97,96),(167,168,98),(167,98,97),(1,8,169),(1,169,99),(8,15,170),(8,170,169),(15,22,171),(15,171,170),(22,29,172),(22,172,171),(29,36,173),(29,173,172),(36,43,134),(36,134,173),(99,169,174),(99,174,106),(169,170,175),(169,175,174),(170,171,176),(170,176,175),(171,172,177),(171,177,176),(172,173,178),(172,178,177),(173,134,141),(173,141,178),(106,174,179),(106,179,113),(174,175,180),(174,180,179),(175,176,181),(175,181,180),(176,177,182),(176,182,181),(177,178,183),(177,183,182),(178,141,148),(178,148,183),(113,179,184),(113,184,120),(179,180,185),(179,185,184),(180,181,186),(180,186,185),(181,182,187),(181,187,186),(182,183,188),(182,188,187),(183,148,155),(183,155,188),(120,184,189),(120,189,127),(184,185,190),(184,190,189),(185,186,191),(185,191,190),(186,187,192),(186,192,191),(187,188,193),(187,193,192),(188,155,162),(188,162,193),(127,189,57),(127,57,50),(189,190,64),(189,64,57),(190,191,71),(190,71,64),(191,192,78),(191,78,71),(192,193,85),(192,85,78),(193,162,92),(193,92,85),(194,14,7),(105,194,7),(195,21,14),(194,195,14),(196,28,21),(195,196,21),(197,35,28),(196,197,28),(198,42,35),(197,198,35),(140,49,42),(198,140,42),(199,194,105),(112,199,105),(200,195,194),(199,200,194),(201,196,195),(200,201,195),(202,197,196),(201,202,196),(203,198,197),(202,203,197),(147,140,198),(203,147,198),(204,199,112),(119,204,112),(205,200,199),(204,205,199),(206,201,200),(205,206,200),(207,202,201),(206,207,201),(208,203,202),(207,208,202),(154,147,203),(208,154,203),(209,204,119),(126,209,119),(210,205,204),(209,210,204),(211,206,205),(210,211,205),(212,207,206),(211,212,206),(213,208,207),(212,213,207),(161,154,208),(213,161,208),(214,209,126),(133,214,126),(215,210,209),(214,215,209),(216,211,210),(215,216,210),(217,212,211),(216,217,211),(218,213,212),(217,218,212),(168,161,213),(218,168,213),(63,214,133),(56,63,133),(70,215,214),(63,70,214),(77,216,215),(70,77,215),(84,217,216),(77,84,216),(91,218,217),(84,91,217),(98,168,218),(91,98,218)),$);
#830=IFCCARTESIANPOINTLIST3D(((3575.,1275.,430.),(3555.090091,1275.,428.103818),(3515.090091,1275.,848.103818),(3535.,1275.,850.),(3556.064541,1268.81966,428.196623),(3516.064541,1268.81966,848.196623),(3558.892545,1263.2443,428.465957),(3518.892545,1263.2443,848.465957),(3563.297254,1258.81966,428.885453),(3523.297254,1258.81966,848.885453),(3568.8475,1255.97886,429.414048),(3528.8475,1255.97886,849.414048),(3575.,1255.,430.),(3535.,1255.,850.),(3581.1525,1255.97886,430.585952),(3541.1525,1255.97886,850.585952),(3586.702746,1258.81966,431.114547),(3546.702746,1258.81966,851.114547),(3591.107455,1263.2443,431.534043),(3551.107455,1263.2443,851.534043),(3593.935459,1268.81966,431.803377),(3553.935459,1268.81966,851.803377),(3594.909909,1275.,431.896182),(3554.909909,1275.,851.896182),(3593.935459,1281.18034,431.803377),(3553.935459,1281.18034,851.803377),(3591.107455,1286.7557,431.534043),(3551.107455,1286.7557,851.534043),(3586.702746,1291.18034,431.114547),(3546.702746,1291.18034,851.114547),(3581.1525,1294.02114,430.585952),(3541.1525,1294.02114,850.585952),(3575.,1295.,430.),(3535.,1295.,850.),(3568.8475,1294.02114,429.414048),(3528.8475,1294.02114,849.414048),(3563.297254,1291.18034,428.885453),(3523.297254,1291.18034,848.885453),(3558.892545,1286.7557,428.465957),(3518.892545,1286.7557,848.465957),(3556.064541,1281.18034,428.196623),(3516.064541,1281.18034,848.196623)));
#831=IFCTRIANGULATEDFACESET(#830,$,.T.,((2,1,5),(2,5,3),(3,5,6),(3,6,4),(5,1,7),(5,7,6),(6,7,8),(6,8,4),(7,1,9),(7,9,8),(8,9,10),(8,10,4),(9,1,11),(9,11,10),(10,11,12),(10,12,4),(11,1,13),(11,13,12),(12,13,14),(12,14,4),(13,1,15),(13,15,14),(14,15,16),(14,16,4),(15,1,17),(15,17,16),(16,17,18),(16,18,4),(17,1,19),(17,19,18),(18,19,20),(18,20,4),(19,1,21),(19,21,20),(20,21,22),(20,22,4),(21,1,23),(21,23,22),(22,23,24),(22,24,4),(23,1,25),(23,25,24),(24,25,26),(24,26,4),(25,1,27),(25,27,26),(26,27,28),(26,28,4),(27,1,29),(27,29,28),(28,29,30),(28,30,4),(29,1,31),(29,31,30),(30,31,32),(30,32,4),(31,1,33),(31,33,32),(32,33,34),(32,34,4),(33,1,35),(33,35,34),(34,35,36),(34,36,4),(35,1,37),(35,37,36),(36,37,38),(36,38,4),(37,1,39),(37,39,38),(38,39,40),(38,40,4),(39,1,41),(39,41,40),(40,41,42),(40,42,4),(41,1,2),(41,2,42),(42,2,3),(42,3,4)),$);
#832=IFCCARTESIANPOINTLIST3D(((3575.,1675.,430.),(3555.090091,1675.,428.103818),(3515.090091,1675.,848.103818),(3535.,1675.,850.),(3556.064541,1668.81966,428.196623),(3516.064541,1668.81966,848.196623),(3558.892545,1663.2443,428.465957),(3518.892545,1663.2443,848.465957),(3563.297254,1658.81966,428.885453),(3523.297254,1658.81966,848.885453),(3568.8475,1655.97886,429.414048),(3528.8475,1655.97886,849.414048),(3575.,1655.,430.),(3535.,1655.,850.),(3581.1525,1655.97886,430.585952),(3541.1525,1655.97886,850.585952),(3586.702746,1658.81966,431.114547),(3546.702746,1658.81966,851.114547),(3591.107455,1663.2443,431.534043),(3551.107455,1663.2443,851.534043),(3593.935459,1668.81966,431.803377),(3553.935459,1668.81966,851.803377),(3594.909909,1675.,431.896182),(3554.909909,1675.,851.896182),(3593.935459,1681.18034,431.803377),(3553.935459,1681.18034,851.803377),(3591.107455,1686.7557,431.534043),(3551.107455,1686.7557,851.534043),(3586.702746,1691.18034,431.114547),(3546.702746,1691.18034,851.114547),(3581.1525,1694.02114,430.585952),(3541.1525,1694.02114,850.585952),(3575.,1695.,430.),(3535.,1695.,850.),(3568.8475,1694.02114,429.414048),(3528.8475,1694.02114,849.414048),(3563.297254,1691.18034,428.885453),(3523.297254,1691.18034,848.885453),(3558.892545,1686.7557,428.465957),(3518.892545,1686.7557,848.465957),(3556.064541,1681.18034,428.196623),(3516.064541,1681.18034,848.196623)));
#833=IFCTRIANGULATEDFACESET(#832,$,.T.,((2,1,5),(2,5,3),(3,5,6),(3,6,4),(5,1,7),(5,7,6),(6,7,8),(6,8,4),(7,1,9),(7,9,8),(8,9,10),(8,10,4),(9,1,11),(9,11,10),(10,11,12),(10,12,4),(11,1,13),(11,13,12),(12,13,14),(12,14,4),(13,1,15),(13,15,14),(14,15,16),(14,16,4),(15,1,17),(15,17,16),(16,17,18),(16,18,4),(17,1,19),(17,19,18),(18,19,20),(18,20,4),(19,1,21),(19,21,20),(20,21,22),(20,22,4),(21,1,23),(21,23,22),(22,23,24),(22,24,4),(23,1,25),(23,25,24),(24,25,26),(24,26,4),(25,1,27),(25,27,26),(26,27,28),(26,28,4),(27,1,29),(27,29,28),(28,29,30),(28,30,4),(29,1,31),(29,31,30),(30,31,32),(30,32,4),(31,1,33),(31,33,32),(32,33,34),(32,34,4),(33,1,35),(33,35,34),(34,35,36),(34,36,4),(35,1,37),(35,37,36),(36,37,38),(36,38,4),(37,1,39),(37,39,38),(38,39,40),(38,40,4),(39,1,41),(39,41,40),(40,41,42),(40,42,4),(41,1,2),(41,2,42),(42,2,3),(42,3,4)),$);
#834=IFCCARTESIANPOINTLIST3D(((3574.926,1237.574,622.574),(3578.786,1233.714,653.333),(3578.786,1233.714,696.667),(3578.786,1233.714,740.),(3578.786,1233.714,783.333),(3578.786,1233.714,826.667),(3574.926,1237.574,857.426),(3568.083,1235.023,620.023),(3571.554,1228.397,653.333),(3571.554,1228.397,696.667),(3571.554,1228.397,740.),(3571.554,1228.397,783.333),(3571.554,1228.397,826.667),(3568.083,1235.023,859.977),(3558.751,1233.725,618.725),(3559.165,1225.034,653.333),(3559.165,1225.034,696.667),(3559.165,1225.034,740.),(3559.165,1225.034,783.333),(3559.165,1225.034,826.667),(3558.751,1233.725,861.275),(3545.,1233.714,618.714),(3545.,1225.,653.333),(3545.,1225.,696.667),(3545.,1225.,740.),(3545.,1225.,783.333),(3545.,1225.,826.667),(3545.,1233.714,861.286),(3531.249,1233.725,618.725),(3530.835,1225.034,653.333),(3530.835,1225.034,696.667),(3530.835,1225.034,740.),(3530.835,1225.034,783.333),(3530.835,1225.034,826.667),(3531.249,1233.725,861.275),(3521.917,1235.023,620.023),(3518.446,1228.397,653.333),(3518.446,1228.397,696.667),(3518.446,1228.397,740.),(3518.446,1228.397,783.333),(3518.446,1228.397,826.667),(3521.917,1235.023,859.977),(3515.074,1237.574,622.574),(3511.214,1233.714,653.333),(3511.214,1233.714,696.667),(3511.214,1233.714,740.),(3511.214,1233.714,783.333),(3511.214,1233.714,826.667),(3515.074,1237.574,857.426),(3574.926,1712.426,622.574),(3578.786,1716.286,653.333),(3578.786,1716.286,696.667),(3578.786,1716.286,740.),(3578.786,1716.286,783.333),(3578.786,1716.286,826.667),(3574.926,1712.426,857.426),(3568.083,1714.977,620.023),(3571.554,1721.603,653.333),(3571.554,1721.603,696.667),(3571.554,1721.603,740.),(3571.554,1721.603,783.333),(3571.554,1721.603,826.667),(3568.083,1714.977,859.977),(3558.751,1716.275,618.725),(3559.165,1724.966,653.333),(3559.165,1724.966,696.667),(3559.165,1724.966,740.),(3559.165,1724.966,783.333),(3559.165,1724.966,826.667),(3558.751,1716.275,861.275),(3545.,1716.286,618.714),(3545.,1725.,653.333),(3545.,1725.,696.667),(3545.,1725.,740.),(3545.,1725.,783.333),(3545.,1725.,826.667),(3545.,1716.286,861.286),(3531.249,1716.275,618.725),(3530.835,1724.966,653.333),(3530.835,1724.966,696.667),(3530.835,1724.966,740.),(3530.835,1724.966,783.333),(3530.835,1724.966,826.667),(3531.249,1716.275,861.275),(3521.917,1714.977,620.023),(3518.446,1721.603,653.333),(3518.446,1721.603,696.667),(3518.446,1721.603,740.),(3518.446,1721.603,783.333),(3518.446,1721.603,826.667),(3521.917,1714.977,859.977),(3515.074,1712.426,622.574),(3511.214,1716.286,653.333),(3511.214,1716.286,696.667),(3511.214,1716.286,740.),(3511.214,1716.286,783.333),(3511.214,1716.286,826.667),(3515.074,1712.426,857.426),(3578.786,1308.333,618.714),(3587.5,1308.333,653.333),(3587.5,1308.333,696.667),(3587.5,1308.333,740.),(3587.5,1308.333,783.333),(3587.5,1308.333,826.667),(3578.786,1308.333,861.286),(3578.786,1391.667,618.714),(3587.5,1391.667,653.333),(3587.5,1391.667,696.667),(3587.5,1391.667,740.),(3587.5,1391.667,783.333),(3587.5,1391.667,826.667),(3578.786,1391.667,861.286),(3578.786,1475.,618.714),(3587.5,1475.,653.333),(3587.5,1475.,696.667),(3587.5,1475.,740.),(3587.5,1475.,783.333),(3587.5,1475.,826.667),(3578.786,1475.,861.286),(3578.786,1558.333,618.714),(3587.5,1558.333,653.333),(3587.5,1558.333,696.667),(3587.5,1558.333,740.),(3587.5,1558.333,783.333),(3587.5,1558.333,826.667),(3578.786,1558.333,861.286),(3578.786,1641.667,618.714),(3587.5,1641.667,653.333),(3587.5,1641.667,696.667),(3587.5,1641.667,740.),(3587.5,1641.667,783.333),(3587.5,1641.667,826.667),(3578.786,1641.667,861.286),(3511.214,1308.333,618.714),(3502.5,1308.333,653.333),(3502.5,1308.333,696.667),(3502.5,1308.333,740.),(3502.5,1308.333,783.333),(3502.5,1308.333,826.667),(3511.214,1308.333,861.286),(3511.214,1391.667,618.714),(3502.5,1391.667,653.333),(3502.5,1391.667,696.667),(3502.5,1391.667,740.),(3502.5,1391.667,783.333),(3502.5,1391.667,826.667),(3511.214,1391.667,861.286),(3511.214,1475.,618.714),(3502.5,1475.,653.333),(3502.5,1475.,696.667),(3502.5,1475.,740.),(3502.5,1475.,783.333),(3502.5,1475.,826.667),(3511.214,1475.,861.286),(3511.214,1558.333,618.714),(3502.5,1558.333,653.333),(3502.5,1558.333,696.667),(3502.5,1558.333,740.),(3502.5,1558.333,783.333),(3502.5,1558.333,826.667),(3511.214,1558.333,861.286),(3511.214,1641.667,618.714),(3502.5,1641.667,653.333),(3502.5,1641.667,696.667),(3502.5,1641.667,740.),(3502.5,1641.667,783.333),(3502.5,1641.667,826.667),(3511.214,1641.667,861.286),(3571.554,1308.333,613.397),(3559.165,1308.333,610.034),(3545.,1308.333,610.),(3530.835,1308.333,610.034),(3518.446,1308.333,613.397),(3571.554,1391.667,613.397),(3559.165,1391.667,610.034),(3545.,1391.667,610.),(3530.835,1391.667,610.034),(3518.446,1391.667,613.397),(3571.554,1475.,613.397),(3559.165,1475.,610.034),(3545.,1475.,610.),(3530.835,1475.,610.034),(3518.446,1475.,613.397),(3571.554,1558.333,613.397),(3559.165,1558.333,610.034),(3545.,1558.333,610.),(3530.835,1558.333,610.034),(3518.446,1558.333,613.397),(3571.554,1641.667,613.397),(3559.165,1641.667,610.034),(3545.,1641.667,610.),(3530.835,1641.667,610.034),(3518.446,1641.667,613.397),(3571.554,1308.333,866.603),(3559.165,1308.333,869.966),(3545.,1308.333,870.),(3530.835,1308.333,869.966),(3518.446,1308.333,866.603),(3571.554,1391.667,866.603),(3559.165,1391.667,869.966),(3545.,1391.667,870.),(3530.835,1391.667,869.966),(3518.446,1391.667,866.603),(3571.554,1475.,866.603),(3559.165,1475.,869.966),(3545.,1475.,870.),(3530.835,1475.,869.966),(3518.446,1475.,866.603),(3571.554,1558.333,866.603),(3559.165,1558.333,869.966),(3545.,1558.333,870.),(3530.835,1558.333,869.966),(3518.446,1558.333,866.603),(3571.554,1641.667,866.603),(3559.165,1641.667,869.966),(3545.,1641.667,870.),(3530.835,1641.667,869.966),(3518.446,1641.667,866.603)));
#835=IFCTRIANGULATEDFACESET(#834,$,.T.,((1,2,9),(1,9,8),(2,3,10),(2,10,9),(3,4,11),(3,11,10),(4,5,12),(4,12,11),(5,6,13),(5,13,12),(6,7,14),(6,14,13),(8,9,16),(8,16,15),(9,10,17),(9,17,16),(10,11,18),(10,18,17),(11,12,19),(11,19,18),(12,13,20),(12,20,19),(13,14,21),(13,21,20),(15,16,23),(15,23,22),(16,17,24),(16,24,23),(17,18,25),(17,25,24),(18,19,26),(18,26,25),(19,20,27),(19,27,26),(20,21,28),(20,28,27),(22,23,30),(22,30,29),(23,24,31),(23,31,30),(24,25,32),(24,32,31),(25,26,33),(25,33,32),(26,27,34),(26,34,33),(27,28,35),(27,35,34),(29,30,37),(29,37,36),(30,31,38),(30,38,37),(31,32,39),(31,39,38),(32,33,40),(32,40,39),(33,34,41),(33,41,40),(34,35,42),(34,42,41),(36,37,44),(36,44,43),(37,38,45),(37,45,44),(38,39,46),(38,46,45),(39,40,47),(39,47,46),(40,41,48),(40,48,47),(41,42,49),(41,49,48),(58,51,50),(57,58,50),(59,52,51),(58,59,51),(60,53,52),(59,60,52),(61,54,53),(60,61,53),(62,55,54),(61,62,54),(63,56,55),(62,63,55),(65,58,57),(64,65,57),(66,59,58),(65,66,58),(67,60,59),(66,67,59),(68,61,60),(67,68,60),(69,62,61),(68,69,61),(70,63,62),(69,70,62),(72,65,64),(71,72,64),(73,66,65),(72,73,65),(74,67,66),(73,74,66),(75,68,67),(74,75,67),(76,69,68),(75,76,68),(77,70,69),(76,77,69),(79,72,71),(78,79,71),(80,73,72),(79,80,72),(81,74,73),(80,81,73),(82,75,74),(81,82,74),(83,76,75),(82,83,75),(84,77,76),(83,84,76),(86,79,78),(85,86,78),(87,80,79),(86,87,79),(88,81,80),(87,88,80),(89,82,81),(88,89,81),(90,83,82),(89,90,82),(91,84,83),(90,91,83),(93,86,85),(92,93,85),(94,87,86),(93,94,86),(95,88,87),(94,95,87),(96,89,88),(95,96,88),(97,90,89),(96,97,89),(98,91,90),(97,98,90),(100,2,1),(99,100,1),(101,3,2),(100,101,2),(102,4,3),(101,102,3),(103,5,4),(102,103,4),(104,6,5),(103,104,5),(105,7,6),(104,105,6),(107,100,99),(106,107,99),(108,101,100),(107,108,100),(109,102,101),(108,109,101),(110,103,102),(109,110,102),(111,104,103),(110,111,103),(112,105,104),(111,112,104),(114,107,106),(113,114,106),(115,108,107),(114,115,107),(116,109,108),(115,116,108),(117,110,109),(116,117,109),(118,111,110),(117,118,110),(119,112,111),(118,119,111),(121,114,113),(120,121,113),(122,115,114),(121,122,114),(123,116,115),(122,123,115),(124,117,116),(123,124,116),(125,118,117),(124,125,117),(126,119,118),(125,126,118),(128,121,120),(127,128,120),(129,122,121),(128,129,121),(130,123,122),(129,130,122),(131,124,123),(130,131,123),(132,125,124),(131,132,124),(133,126,125),(132,133,125),(51,128,127),(50,51,127),(52,129,128),(51,52,128),(53,130,129),(52,53,129),(54,131,130),(53,54,130),(55,132,131),(54,55,131),(56,133,132),(55,56,132),(43,44,135),(43,135,134),(44,45,136),(44,136,135),(45,46,137),(45,137,136),(46,47,138),(46,138,137),(47,48,139),(47,139,138),(48,49,140),(48,140,139),(134,135,142),(134,142,141),(135,136,143),(135,143,142),(136,137,144),(136,144,143),(137,138,145),(137,145,144),(138,139,146),(138,146,145),(139,140,147),(139,147,146),(141,142,149),(141,149,148),(142,143,150),(142,150,149),(143,144,151),(143,151,150),(144,145,152),(144,152,151),(145,146,153),(145,153,152),(146,147,154),(146,154,153),(148,149,156),(148,156,155),(149,150,157),(149,157,156),(150,151,158),(150,158,157),(151,152,159),(151,159,158),(152,153,160),(152,160,159),(153,154,161),(153,161,160),(155,156,163),(155,163,162),(156,157,164),(156,164,163),(157,158,165),(157,165,164),(158,159,166),(158,166,165),(159,160,167),(159,167,166),(160,161,168),(160,168,167),(162,163,93),(162,93,92),(163,164,94),(163,94,93),(164,165,95),(164,95,94),(165,166,96),(165,96,95),(166,167,97),(166,97,96),(167,168,98),(167,98,97),(1,8,169),(1,169,99),(8,15,170),(8,170,169),(15,22,171),(15,171,170),(22,29,172),(22,172,171),(29,36,173),(29,173,172),(36,43,134),(36,134,173),(99,169,174),(99,174,106),(169,170,175),(169,175,174),(170,171,176),(170,176,175),(171,172,177),(171,177,176),(172,173,178),(172,178,177),(173,134,141),(173,141,178),(106,174,179),(106,179,113),(174,175,180),(174,180,179),(175,176,181),(175,181,180),(176,177,182),(176,182,181),(177,178,183),(177,183,182),(178,141,148),(178,148,183),(113,179,184),(113,184,120),(179,180,185),(179,185,184),(180,181,186),(180,186,185),(181,182,187),(181,187,186),(182,183,188),(182,188,187),(183,148,155),(183,155,188),(120,184,189),(120,189,127),(184,185,190),(184,190,189),(185,186,191),(185,191,190),(186,187,192),(186,192,191),(187,188,193),(187,193,192),(188,155,162),(188,162,193),(127,189,57),(127,57,50),(189,190,64),(189,64,57),(190,191,71),(190,71,64),(191,192,78),(191,78,71),(192,193,85),(192,85,78),(193,162,92),(193,92,85),(194,14,7),(105,194,7),(195,21,14),(194,195,14),(196,28,21),(195,196,21),(197,35,28),(196,197,28),(198,42,35),(197,198,35),(140,49,42),(198,140,42),(199,194,105),(112,199,105),(200,195,194),(199,200,194),(201,196,195),(200,201,195),(202,197,196),(201,202,196),(203,198,197),(202,203,197),(147,140,198),(203,147,198),(204,199,112),(119,204,112),(205,200,199),(204,205,199),(206,201,200),(205,206,200),(207,202,201),(206,207,201),(208,203,202),(207,208,202),(154,147,203),(208,154,203),(209,204,119),(126,209,119),(210,205,204),(209,210,204),(211,206,205),(210,211,205),(212,207,206),(211,212,206),(213,208,207),(212,213,207),(161,154,208),(213,161,208),(214,209,126),(133,214,126),(215,210,209),(214,215,209),(216,211,210),(215,216,210),(217,212,211),(216,217,211),(218,213,212),(217,218,212),(168,161,213),(218,168,213),(63,214,133),(56,63,133),(70,215,214),(63,70,214),(77,216,215),(70,77,215),(84,217,216),(77,84,216),(91,218,217),(84,91,217),(98,168,218),(91,98,218)),$);
#836=IFCSHAPEREPRESENTATION(#6,'Body','Tessellation',(#821,#823,#825,#827,#829,#831,#833,#835));
#837=IFCPRODUCTDEFINITIONSHAPE($,$,(#836));
#838=IFCFURNISHINGELEMENT('2Ej$E9OCHPGxx18f1LNgol',$,'Lounge Chair','Authored furniture assembly',$,#19,#837,'F0-living/lounge-chair');
#839=IFCPROPERTYSINGLEVALUE('ReviewStatus',$,IFCLABEL('PRELIMINARY - NOT FOR CONSTRUCTION'),$);
#840=IFCPROPERTYSINGLEVALUE('PlanHash',$,IFCLABEL('13e93ea3847ed8bb1a6303802cf36b20f1f5a619efd14b6e4fd3dcf0f379760f'),$);
#841=IFCPROPERTYSET('3A6dIvafDTOwrAQeFSfpr0',$,'FloorForge_Review',$,(#839,#840));
#842=IFCRELDEFINESBYPROPERTIES('0ZXOMH3t9HuxO_ErCSxPek',$,$,$,(#838),#841);
#843=IFCCARTESIANPOINTLIST3D(((1840.355,1190.355,725.355),(1838.254,1188.254,730.99),(1837.186,1187.186,738.676),(1837.176,1187.176,750.),(1837.186,1187.186,761.324),(1838.254,1188.254,769.01),(1840.355,1190.355,774.645),(1837.176,1380.,722.176),(1832.797,1380.,728.132),(1830.028,1380.,738.335),(1830.,1380.,750.),(1830.028,1380.,761.665),(1832.797,1380.,771.868),(1837.176,1380.,777.824),(1837.176,1580.,722.176),(1832.797,1580.,728.132),(1830.028,1580.,738.335),(1830.,1580.,750.),(1830.028,1580.,761.665),(1832.797,1580.,771.868),(1837.176,1580.,777.824),(1837.176,1780.,722.176),(1832.797,1780.,728.132),(1830.028,1780.,738.335),(1830.,1780.,750.),(1830.028,1780.,761.665),(1832.797,1780.,771.868),(1837.176,1780.,777.824),(1837.176,1980.,722.176),(1832.797,1980.,728.132),(1830.028,1980.,738.335),(1830.,1980.,750.),(1830.028,1980.,761.665),(1832.797,1980.,771.868),(1837.176,1980.,777.824),(1837.176,2180.,722.176),(1832.797,2180.,728.132),(1830.028,2180.,738.335),(1830.,2180.,750.),(1830.028,2180.,761.665),(1832.797,2180.,771.868),(1837.176,2180.,777.824),(1840.355,2369.645,725.355),(1838.254,2371.746,730.99),(1837.186,2372.814,738.676),(1837.176,2372.824,750.),(1837.186,2372.814,761.324),(1838.254,2371.746,769.01),(1840.355,2369.645,774.645),(2719.645,1190.355,725.355),(2721.746,1188.254,730.99),(2722.814,1187.186,738.676),(2722.824,1187.176,750.),(2722.814,1187.186,761.324),(2721.746,1188.254,769.01),(2719.645,1190.355,774.645),(2722.824,1380.,722.176),(2727.203,1380.,728.132),(2729.972,1380.,738.335),(2730.,1380.,750.),(2729.972,1380.,761.665),(2727.203,1380.,771.868),(2722.824,1380.,777.824),(2722.824,1580.,722.176),(2727.203,1580.,728.132),(2729.972,1580.,738.335),(2730.,1580.,750.),(2729.972,1580.,761.665),(2727.203,1580.,771.868),(2722.824,1580.,777.824),(2722.824,1780.,722.176),(2727.203,1780.,728.132),(2729.972,1780.,738.335),(2730.,1780.,750.),(2729.972,1780.,761.665),(2727.203,1780.,771.868),(2722.824,1780.,777.824),(2722.824,1980.,722.176),(2727.203,1980.,728.132),(2729.972,1980.,738.335),(2730.,1980.,750.),(2729.972,1980.,761.665),(2727.203,1980.,771.868),(2722.824,1980.,777.824),(2722.824,2180.,722.176),(2727.203,2180.,728.132),(2729.972,2180.,738.335),(2730.,2180.,750.),(2729.972,2180.,761.665),(2727.203,2180.,771.868),(2722.824,2180.,777.824),(2719.645,2369.645,725.355),(2721.746,2371.746,730.99),(2722.814,2372.814,738.676),(2722.824,2372.824,750.),(2722.814,2372.814,761.324),(2721.746,2371.746,769.01),(2719.645,2369.645,774.645),(1980.,1187.176,722.176),(1980.,1182.797,728.132),(1980.,1180.028,738.335),(1980.,1180.,750.),(1980.,1180.028,761.665),(1980.,1182.797,771.868),(1980.,1187.176,777.824),(2130.,1187.176,722.176),(2130.,1182.797,728.132),(2130.,1180.028,738.335),(2130.,1180.,750.),(2130.,1180.028,761.665),(2130.,1182.797,771.868),(2130.,1187.176,777.824),(2280.,1187.176,722.176),(2280.,1182.797,728.132),(2280.,1180.028,738.335),(2280.,1180.,750.),(2280.,1180.028,761.665),(2280.,1182.797,771.868),(2280.,1187.176,777.824),(2430.,1187.176,722.176),(2430.,1182.797,728.132),(2430.,1180.028,738.335),(2430.,1180.,750.),(2430.,1180.028,761.665),(2430.,1182.797,771.868),(2430.,1187.176,777.824),(2580.,1187.176,722.176),(2580.,1182.797,728.132),(2580.,1180.028,738.335),(2580.,1180.,750.),(2580.,1180.028,761.665),(2580.,1182.797,771.868),(2580.,1187.176,777.824),(1980.,2372.824,722.176),(1980.,2377.203,728.132),(1980.,2379.972,738.335),(1980.,2380.,750.),(1980.,2379.972,761.665),(1980.,2377.203,771.868),(1980.,2372.824,777.824),(2130.,2372.824,722.176),(2130.,2377.203,728.132),(2130.,2379.972,738.335),(2130.,2380.,750.),(2130.,2379.972,761.665),(2130.,2377.203,771.868),(2130.,2372.824,777.824),(2280.,2372.824,722.176),(2280.,2377.203,728.132),(2280.,2379.972,738.335),(2280.,2380.,750.),(2280.,2379.972,761.665),(2280.,2377.203,771.868),(2280.,2372.824,777.824),(2430.,2372.824,722.176),(2430.,2377.203,728.132),(2430.,2379.972,738.335),(2430.,2380.,750.),(2430.,2379.972,761.665),(2430.,2377.203,771.868),(2430.,2372.824,777.824),(2580.,2372.824,722.176),(2580.,2377.203,728.132),(2580.,2379.972,738.335),(2580.,2380.,750.),(2580.,2379.972,761.665),(2580.,2377.203,771.868),(2580.,2372.824,777.824),(1980.,1380.,715.),(1980.,1580.,715.),(1980.,1780.,715.),(1980.,1980.,715.),(1980.,2180.,715.),(2130.,1380.,715.),(2130.,1580.,715.),(2130.,1780.,715.),(2130.,1980.,715.),(2130.,2180.,715.),(2280.,1380.,715.),(2280.,1580.,715.),(2280.,1780.,715.),(2280.,1980.,715.),(2280.,2180.,715.),(2430.,1380.,715.),(2430.,1580.,715.),(2430.,1780.,715.),(2430.,1980.,715.),(2430.,2180.,715.),(2580.,1380.,715.),(2580.,1580.,715.),(2580.,1780.,715.),(2580.,1980.,715.),(2580.,2180.,715.),(1980.,1380.,785.),(1980.,1580.,785.),(1980.,1780.,785.),(1980.,1980.,785.),(1980.,2180.,785.),(2130.,1380.,785.),(2130.,1580.,785.),(2130.,1780.,785.),(2130.,1980.,785.),(2130.,2180.,785.),(2280.,1380.,785.),(2280.,1580.,785.),(2280.,1780.,785.),(2280.,1980.,785.),(2280.,2180.,785.),(2430.,1380.,785.),(2430.,1580.,785.),(2430.,1780.,785.),(2430.,1980.,785.),(2430.,2180.,785.),(2580.,1380.,785.),(2580.,1580.,785.),(2580.,1780.,785.),(2580.,1980.,785.),(2580.,2180.,785.)));
#844=IFCTRIANGULATEDFACESET(#843,$,.T.,((1,2,9),(1,9,8),(2,3,10),(2,10,9),(3,4,11),(3,11,10),(4,5,12),(4,12,11),(5,6,13),(5,13,12),(6,7,14),(6,14,13),(8,9,16),(8,16,15),(9,10,17),(9,17,16),(10,11,18),(10,18,17),(11,12,19),(11,19,18),(12,13,20),(12,20,19),(13,14,21),(13,21,20),(15,16,23),(15,23,22),(16,17,24),(16,24,23),(17,18,25),(17,25,24),(18,19,26),(18,26,25),(19,20,27),(19,27,26),(20,21,28),(20,28,27),(22,23,30),(22,30,29),(23,24,31),(23,31,30),(24,25,32),(24,32,31),(25,26,33),(25,33,32),(26,27,34),(26,34,33),(27,28,35),(27,35,34),(29,30,37),(29,37,36),(30,31,38),(30,38,37),(31,32,39),(31,39,38),(32,33,40),(32,40,39),(33,34,41),(33,41,40),(34,35,42),(34,42,41),(36,37,44),(36,44,43),(37,38,45),(37,45,44),(38,39,46),(38,46,45),(39,40,47),(39,47,46),(40,41,48),(40,48,47),(41,42,49),(41,49,48),(58,51,50),(57,58,50),(59,52,51),(58,59,51),(60,53,52),(59,60,52),(61,54,53),(60,61,53),(62,55,54),(61,62,54),(63,56,55),(62,63,55),(65,58,57),(64,65,57),(66,59,58),(65,66,58),(67,60,59),(66,67,59),(68,61,60),(67,68,60),(69,62,61),(68,69,61),(70,63,62),(69,70,62),(72,65,64),(71,72,64),(73,66,65),(72,73,65),(74,67,66),(73,74,66),(75,68,67),(74,75,67),(76,69,68),(75,76,68),(77,70,69),(76,77,69),(79,72,71),(78,79,71),(80,73,72),(79,80,72),(81,74,73),(80,81,73),(82,75,74),(81,82,74),(83,76,75),(82,83,75),(84,77,76),(83,84,76),(86,79,78),(85,86,78),(87,80,79),(86,87,79),(88,81,80),(87,88,80),(89,82,81),(88,89,81),(90,83,82),(89,90,82),(91,84,83),(90,91,83),(93,86,85),(92,93,85),(94,87,86),(93,94,86),(95,88,87),(94,95,87),(96,89,88),(95,96,88),(97,90,89),(96,97,89),(98,91,90),(97,98,90),(100,2,1),(99,100,1),(101,3,2),(100,101,2),(102,4,3),(101,102,3),(103,5,4),(102,103,4),(104,6,5),(103,104,5),(105,7,6),(104,105,6),(107,100,99),(106,107,99),(108,101,100),(107,108,100),(109,102,101),(108,109,101),(110,103,102),(109,110,102),(111,104,103),(110,111,103),(112,105,104),(111,112,104),(114,107,106),(113,114,106),(115,108,107),(114,115,107),(116,109,108),(115,116,108),(117,110,109),(116,117,109),(118,111,110),(117,118,110),(119,112,111),(118,119,111),(121,114,113),(120,121,113),(122,115,114),(121,122,114),(123,116,115),(122,123,115),(124,117,116),(123,124,116),(125,118,117),(124,125,117),(126,119,118),(125,126,118),(128,121,120),(127,128,120),(129,122,121),(128,129,121),(130,123,122),(129,130,122),(131,124,123),(130,131,123),(132,125,124),(131,132,124),(133,126,125),(132,133,125),(51,128,127),(50,51,127),(52,129,128),(51,52,128),(53,130,129),(52,53,129),(54,131,130),(53,54,130),(55,132,131),(54,55,131),(56,133,132),(55,56,132),(43,44,135),(43,135,134),(44,45,136),(44,136,135),(45,46,137),(45,137,136),(46,47,138),(46,138,137),(47,48,139),(47,139,138),(48,49,140),(48,140,139),(134,135,142),(134,142,141),(135,136,143),(135,143,142),(136,137,144),(136,144,143),(137,138,145),(137,145,144),(138,139,146),(138,146,145),(139,140,147),(139,147,146),(141,142,149),(141,149,148),(142,143,150),(142,150,149),(143,144,151),(143,151,150),(144,145,152),(144,152,151),(145,146,153),(145,153,152),(146,147,154),(146,154,153),(148,149,156),(148,156,155),(149,150,157),(149,157,156),(150,151,158),(150,158,157),(151,152,159),(151,159,158),(152,153,160),(152,160,159),(153,154,161),(153,161,160),(155,156,163),(155,163,162),(156,157,164),(156,164,163),(157,158,165),(157,165,164),(158,159,166),(158,166,165),(159,160,167),(159,167,166),(160,161,168),(160,168,167),(162,163,93),(162,93,92),(163,164,94),(163,94,93),(164,165,95),(164,95,94),(165,166,96),(165,96,95),(166,167,97),(166,97,96),(167,168,98),(167,98,97),(1,8,169),(1,169,99),(8,15,170),(8,170,169),(15,22,171),(15,171,170),(22,29,172),(22,172,171),(29,36,173),(29,173,172),(36,43,134),(36,134,173),(99,169,174),(99,174,106),(169,170,175),(169,175,174),(170,171,176),(170,176,175),(171,172,177),(171,177,176),(172,173,178),(172,178,177),(173,134,141),(173,141,178),(106,174,179),(106,179,113),(174,175,180),(174,180,179),(175,176,181),(175,181,180),(176,177,182),(176,182,181),(177,178,183),(177,183,182),(178,141,148),(178,148,183),(113,179,184),(113,184,120),(179,180,185),(179,185,184),(180,181,186),(180,186,185),(181,182,187),(181,187,186),(182,183,188),(182,188,187),(183,148,155),(183,155,188),(120,184,189),(120,189,127),(184,185,190),(184,190,189),(185,186,191),(185,191,190),(186,187,192),(186,192,191),(187,188,193),(187,193,192),(188,155,162),(188,162,193),(127,189,57),(127,57,50),(189,190,64),(189,64,57),(190,191,71),(190,71,64),(191,192,78),(191,78,71),(192,193,85),(192,85,78),(193,162,92),(193,92,85),(194,14,7),(105,194,7),(195,21,14),(194,195,14),(196,28,21),(195,196,21),(197,35,28),(196,197,28),(198,42,35),(197,198,35),(140,49,42),(198,140,42),(199,194,105),(112,199,105),(200,195,194),(199,200,194),(201,196,195),(200,201,195),(202,197,196),(201,202,196),(203,198,197),(202,203,197),(147,140,198),(203,147,198),(204,199,112),(119,204,112),(205,200,199),(204,205,199),(206,201,200),(205,206,200),(207,202,201),(206,207,201),(208,203,202),(207,208,202),(154,147,203),(208,154,203),(209,204,119),(126,209,119),(210,205,204),(209,210,204),(211,206,205),(210,211,205),(212,207,206),(211,212,206),(213,208,207),(212,213,207),(161,154,208),(213,161,208),(214,209,126),(133,214,126),(215,210,209),(214,215,209),(216,211,210),(215,216,210),(217,212,211),(216,217,211),(218,213,212),(217,218,212),(168,161,213),(218,168,213),(63,214,133),(56,63,133),(70,215,214),(63,70,214),(77,216,215),(70,77,215),(84,217,216),(77,84,216),(91,218,217),(84,91,217),(98,168,218),(91,98,218)),$);
#845=IFCCARTESIANPOINTLIST3D(((2020.,1360.,40.),(2058.,1360.,40.),(2058.,1360.,720.),(2020.,1360.,720.),(2056.140166,1371.742646,40.),(2056.140166,1371.742646,720.),(2050.742646,1382.33583,40.),(2050.742646,1382.33583,720.),(2042.33583,1390.742646,40.),(2042.33583,1390.742646,720.),(2031.742646,1396.140166,40.),(2031.742646,1396.140166,720.),(2020.,1398.,40.),(2020.,1398.,720.),(2008.257354,1396.140166,40.),(2008.257354,1396.140166,720.),(1997.66417,1390.742646,40.),(1997.66417,1390.742646,720.),(1989.257354,1382.33583,40.),(1989.257354,1382.33583,720.),(1983.859834,1371.742646,40.),(1983.859834,1371.742646,720.),(1982.,1360.,40.),(1982.,1360.,720.),(1983.859834,1348.257354,40.),(1983.859834,1348.257354,720.),(1989.257354,1337.66417,40.),(1989.257354,1337.66417,720.),(1997.66417,1329.257354,40.),(1997.66417,1329.257354,720.),(2008.257354,1323.859834,40.),(2008.257354,1323.859834,720.),(2020.,1322.,40.),(2020.,1322.,720.),(2031.742646,1323.859834,40.),(2031.742646,1323.859834,720.),(2042.33583,1329.257354,40.),(2042.33583,1329.257354,720.),(2050.742646,1337.66417,40.),(2050.742646,1337.66417,720.),(2056.140166,1348.257354,40.),(2056.140166,1348.257354,720.)));
#846=IFCTRIANGULATEDFACESET(#845,$,.T.,((2,1,5),(2,5,3),(3,5,6),(3,6,4),(5,1,7),(5,7,6),(6,7,8),(6,8,4),(7,1,9),(7,9,8),(8,9,10),(8,10,4),(9,1,11),(9,11,10),(10,11,12),(10,12,4),(11,1,13),(11,13,12),(12,13,14),(12,14,4),(13,1,15),(13,15,14),(14,15,16),(14,16,4),(15,1,17),(15,17,16),(16,17,18),(16,18,4),(17,1,19),(17,19,18),(18,19,20),(18,20,4),(19,1,21),(19,21,20),(20,21,22),(20,22,4),(21,1,23),(21,23,22),(22,23,24),(22,24,4),(23,1,25),(23,25,24),(24,25,26),(24,26,4),(25,1,27),(25,27,26),(26,27,28),(26,28,4),(27,1,29),(27,29,28),(28,29,30),(28,30,4),(29,1,31),(29,31,30),(30,31,32),(30,32,4),(31,1,33),(31,33,32),(32,33,34),(32,34,4),(33,1,35),(33,35,34),(34,35,36),(34,36,4),(35,1,37),(35,37,36),(36,37,38),(36,38,4),(37,1,39),(37,39,38),(38,39,40),(38,40,4),(39,1,41),(39,41,40),(40,41,42),(40,42,4),(41,1,2),(41,2,42),(42,2,3),(42,3,4)),$);
#847=IFCCARTESIANPOINTLIST3D(((2540.,1360.,40.),(2578.,1360.,40.),(2578.,1360.,720.),(2540.,1360.,720.),(2576.140166,1371.742646,40.),(2576.140166,1371.742646,720.),(2570.742646,1382.33583,40.),(2570.742646,1382.33583,720.),(2562.33583,1390.742646,40.),(2562.33583,1390.742646,720.),(2551.742646,1396.140166,40.),(2551.742646,1396.140166,720.),(2540.,1398.,40.),(2540.,1398.,720.),(2528.257354,1396.140166,40.),(2528.257354,1396.140166,720.),(2517.66417,1390.742646,40.),(2517.66417,1390.742646,720.),(2509.257354,1382.33583,40.),(2509.257354,1382.33583,720.),(2503.859834,1371.742646,40.),(2503.859834,1371.742646,720.),(2502.,1360.,40.),(2502.,1360.,720.),(2503.859834,1348.257354,40.),(2503.859834,1348.257354,720.),(2509.257354,1337.66417,40.),(2509.257354,1337.66417,720.),(2517.66417,1329.257354,40.),(2517.66417,1329.257354,720.),(2528.257354,1323.859834,40.),(2528.257354,1323.859834,720.),(2540.,1322.,40.),(2540.,1322.,720.),(2551.742646,1323.859834,40.),(2551.742646,1323.859834,720.),(2562.33583,1329.257354,40.),(2562.33583,1329.257354,720.),(2570.742646,1337.66417,40.),(2570.742646,1337.66417,720.),(2576.140166,1348.257354,40.),(2576.140166,1348.257354,720.)));
#848=IFCTRIANGULATEDFACESET(#847,$,.T.,((2,1,5),(2,5,3),(3,5,6),(3,6,4),(5,1,7),(5,7,6),(6,7,8),(6,8,4),(7,1,9),(7,9,8),(8,9,10),(8,10,4),(9,1,11),(9,11,10),(10,11,12),(10,12,4),(11,1,13),(11,13,12),(12,13,14),(12,14,4),(13,1,15),(13,15,14),(14,15,16),(14,16,4),(15,1,17),(15,17,16),(16,17,18),(16,18,4),(17,1,19),(17,19,18),(18,19,20),(18,20,4),(19,1,21),(19,21,20),(20,21,22),(20,22,4),(21,1,23),(21,23,22),(22,23,24),(22,24,4),(23,1,25),(23,25,24),(24,25,26),(24,26,4),(25,1,27),(25,27,26),(26,27,28),(26,28,4),(27,1,29),(27,29,28),(28,29,30),(28,30,4),(29,1,31),(29,31,30),(30,31,32),(30,32,4),(31,1,33),(31,33,32),(32,33,34),(32,34,4),(33,1,35),(33,35,34),(34,35,36),(34,36,4),(35,1,37),(35,37,36),(36,37,38),(36,38,4),(37,1,39),(37,39,38),(38,39,40),(38,40,4),(39,1,41),(39,41,40),(40,41,42),(40,42,4),(41,1,2),(41,2,42),(42,2,3),(42,3,4)),$);
#849=IFCCARTESIANPOINTLIST3D(((2020.,2200.,40.),(2058.,2200.,40.),(2058.,2200.,720.),(2020.,2200.,720.),(2056.140166,2211.742646,40.),(2056.140166,2211.742646,720.),(2050.742646,2222.33583,40.),(2050.742646,2222.33583,720.),(2042.33583,2230.742646,40.),(2042.33583,2230.742646,720.),(2031.742646,2236.140166,40.),(2031.742646,2236.140166,720.),(2020.,2238.,40.),(2020.,2238.,720.),(2008.257354,2236.140166,40.),(2008.257354,2236.140166,720.),(1997.66417,2230.742646,40.),(1997.66417,2230.742646,720.),(1989.257354,2222.33583,40.),(1989.257354,2222.33583,720.),(1983.859834,2211.742646,40.),(1983.859834,2211.742646,720.),(1982.,2200.,40.),(1982.,2200.,720.),(1983.859834,2188.257354,40.),(1983.859834,2188.257354,720.),(1989.257354,2177.66417,40.),(1989.257354,2177.66417,720.),(1997.66417,2169.257354,40.),(1997.66417,2169.257354,720.),(2008.257354,2163.859834,40.),(2008.257354,2163.859834,720.),(2020.,2162.,40.),(2020.,2162.,720.),(2031.742646,2163.859834,40.),(2031.742646,2163.859834,720.),(2042.33583,2169.257354,40.),(2042.33583,2169.257354,720.),(2050.742646,2177.66417,40.),(2050.742646,2177.66417,720.),(2056.140166,2188.257354,40.),(2056.140166,2188.257354,720.)));
#850=IFCTRIANGULATEDFACESET(#849,$,.T.,((2,1,5),(2,5,3),(3,5,6),(3,6,4),(5,1,7),(5,7,6),(6,7,8),(6,8,4),(7,1,9),(7,9,8),(8,9,10),(8,10,4),(9,1,11),(9,11,10),(10,11,12),(10,12,4),(11,1,13),(11,13,12),(12,13,14),(12,14,4),(13,1,15),(13,15,14),(14,15,16),(14,16,4),(15,1,17),(15,17,16),(16,17,18),(16,18,4),(17,1,19),(17,19,18),(18,19,20),(18,20,4),(19,1,21),(19,21,20),(20,21,22),(20,22,4),(21,1,23),(21,23,22),(22,23,24),(22,24,4),(23,1,25),(23,25,24),(24,25,26),(24,26,4),(25,1,27),(25,27,26),(26,27,28),(26,28,4),(27,1,29),(27,29,28),(28,29,30),(28,30,4),(29,1,31),(29,31,30),(30,31,32),(30,32,4),(31,1,33),(31,33,32),(32,33,34),(32,34,4),(33,1,35),(33,35,34),(34,35,36),(34,36,4),(35,1,37),(35,37,36),(36,37,38),(36,38,4),(37,1,39),(37,39,38),(38,39,40),(38,40,4),(39,1,41),(39,41,40),(40,41,42),(40,42,4),(41,1,2),(41,2,42),(42,2,3),(42,3,4)),$);
#851=IFCCARTESIANPOINTLIST3D(((2540.,2200.,40.),(2578.,2200.,40.),(2578.,2200.,720.),(2540.,2200.,720.),(2576.140166,2211.742646,40.),(2576.140166,2211.742646,720.),(2570.742646,2222.33583,40.),(2570.742646,2222.33583,720.),(2562.33583,2230.742646,40.),(2562.33583,2230.742646,720.),(2551.742646,2236.140166,40.),(2551.742646,2236.140166,720.),(2540.,2238.,40.),(2540.,2238.,720.),(2528.257354,2236.140166,40.),(2528.257354,2236.140166,720.),(2517.66417,2230.742646,40.),(2517.66417,2230.742646,720.),(2509.257354,2222.33583,40.),(2509.257354,2222.33583,720.),(2503.859834,2211.742646,40.),(2503.859834,2211.742646,720.),(2502.,2200.,40.),(2502.,2200.,720.),(2503.859834,2188.257354,40.),(2503.859834,2188.257354,720.),(2509.257354,2177.66417,40.),(2509.257354,2177.66417,720.),(2517.66417,2169.257354,40.),(2517.66417,2169.257354,720.),(2528.257354,2163.859834,40.),(2528.257354,2163.859834,720.),(2540.,2162.,40.),(2540.,2162.,720.),(2551.742646,2163.859834,40.),(2551.742646,2163.859834,720.),(2562.33583,2169.257354,40.),(2562.33583,2169.257354,720.),(2570.742646,2177.66417,40.),(2570.742646,2177.66417,720.),(2576.140166,2188.257354,40.),(2576.140166,2188.257354,720.)));
#852=IFCTRIANGULATEDFACESET(#851,$,.T.,((2,1,5),(2,5,3),(3,5,6),(3,6,4),(5,1,7),(5,7,6),(6,7,8),(6,8,4),(7,1,9),(7,9,8),(8,9,10),(8,10,4),(9,1,11),(9,11,10),(10,11,12),(10,12,4),(11,1,13),(11,13,12),(12,13,14),(12,14,4),(13,1,15),(13,15,14),(14,15,16),(14,16,4),(15,1,17),(15,17,16),(16,17,18),(16,18,4),(17,1,19),(17,19,18),(18,19,20),(18,20,4),(19,1,21),(19,21,20),(20,21,22),(20,22,4),(21,1,23),(21,23,22),(22,23,24),(22,24,4),(23,1,25),(23,25,24),(24,25,26),(24,26,4),(25,1,27),(25,27,26),(26,27,28),(26,28,4),(27,1,29),(27,29,28),(28,29,30),(28,30,4),(29,1,31),(29,31,30),(30,31,32),(30,32,4),(31,1,33),(31,33,32),(32,33,34),(32,34,4),(33,1,35),(33,35,34),(34,35,36),(34,36,4),(35,1,37),(35,37,36),(36,37,38),(36,38,4),(37,1,39),(37,39,38),(38,39,40),(38,40,4),(39,1,41),(39,41,40),(40,41,42),(40,42,4),(41,1,2),(41,2,42),(42,2,3),(42,3,4)),$);
#853=IFCCARTESIANPOINTLIST3D(((1800.,1256.,40.),(1785.588085,1271.170437,38.223892),(1762.788085,1295.170437,428.223892),(1777.2,1280.,430.),(1781.588667,1265.958409,38.31082),(1758.788667,1289.958409,428.31082),(1779.391496,1259.771573,38.563098),(1756.591496,1283.771573,428.563098),(1779.211618,1253.215545,38.95603),(1756.411618,1277.215545,428.95603),(1781.066642,1246.932083,39.451152),(1758.266642,1270.932083,429.451152),(1784.775012,1241.536261,40.),(1761.975012,1265.536261,430.),(1789.973695,1237.556237,40.548848),(1767.173695,1261.556237,430.548848),(1796.153833,1235.381634,41.04397),(1773.353833,1259.381634,431.04397),(1802.710465,1235.22529,41.436902),(1779.910465,1259.22529,431.436902),(1809.001772,1237.102509,41.68918),(1786.201772,1261.102509,431.68918),(1814.411915,1240.829563,41.776108),(1791.611915,1264.829563,431.776108),(1818.411333,1246.041591,41.68918),(1795.611333,1270.041591,431.68918),(1820.608504,1252.228427,41.436902),(1797.808504,1276.228427,431.436902),(1820.788382,1258.784455,41.04397),(1797.988382,1282.784455,431.04397),(1818.933358,1265.067917,40.548848),(1796.133358,1289.067917,430.548848),(1815.224988,1270.463739,40.),(1792.424988,1294.463739,430.),(1810.026305,1274.443763,39.451152),(1787.226305,1298.443763,429.451152),(1803.846167,1276.618366,38.95603),(1781.046167,1300.618366,428.95603),(1797.289535,1276.77471,38.563098),(1774.489535,1300.77471,428.563098),(1790.998228,1274.897491,38.31082),(1768.198228,1298.897491,428.31082)));
#854=IFCTRIANGULATEDFACESET(#853,$,.T.,((2,1,5),(2,5,3),(3,5,6),(3,6,4),(5,1,7),(5,7,6),(6,7,8),(6,8,4),(7,1,9),(7,9,8),(8,9,10),(8,10,4),(9,1,11),(9,11,10),(10,11,12),(10,12,4),(11,1,13),(11,13,12),(12,13,14),(12,14,4),(13,1,15),(13,15,14),(14,15,16),(14,16,4),(15,1,17),(15,17,16),(16,17,18),(16,18,4),(17,1,19),(17,19,18),(18,19,20),(18,20,4),(19,1,21),(19,21,20),(20,21,22),(20,22,4),(21,1,23),(21,23,22),(22,23,24),(22,24,4),(23,1,25),(23,25,24),(24,25,26),(24,26,4),(25,1,27),(25,27,26),(26,27,28),(26,28,4),(27,1,29),(27,29,28),(28,29,30),(28,30,4),(29,1,31),(29,31,30),(30,31,32),(30,32,4),(31,1,33),(31,33,32),(32,33,34),(32,34,4),(33,1,35),(33,35,34),(34,35,36),(34,36,4),(35,1,37),(35,37,36),(36,37,38),(36,38,4),(37,1,39),(37,39,38),(38,39,40),(38,40,4),(39,1,41),(39,41,40),(40,41,42),(40,42,4),(41,1,2),(41,2,42),(42,2,3),(42,3,4)),$);
#855=IFCCARTESIANPOINTLIST3D(((1420.,1256.,40.),(1434.411915,1271.170437,38.223892),(1457.211915,1295.170437,428.223892),(1442.8,1280.,430.),(1429.001772,1274.897491,38.31082),(1451.801772,1298.897491,428.31082),(1422.710465,1276.77471,38.563098),(1445.510465,1300.77471,428.563098),(1416.153833,1276.618366,38.95603),(1438.953833,1300.618366,428.95603),(1409.973695,1274.443763,39.451152),(1432.773695,1298.443763,429.451152),(1404.775012,1270.463739,40.),(1427.575012,1294.463739,430.),(1401.066642,1265.067917,40.548848),(1423.866642,1289.067917,430.548848),(1399.211618,1258.784455,41.04397),(1422.011618,1282.784455,431.04397),(1399.391496,1252.228427,41.436902),(1422.191496,1276.228427,431.436902),(1401.588667,1246.041591,41.68918),(1424.388667,1270.041591,431.68918),(1405.588085,1240.829563,41.776108),(1428.388085,1264.829563,431.776108),(1410.998228,1237.102509,41.68918),(1433.798228,1261.102509,431.68918),(1417.289535,1235.22529,41.436902),(1440.089535,1259.22529,431.436902),(1423.846167,1235.381634,41.04397),(1446.646167,1259.381634,431.04397),(1430.026305,1237.556237,40.548848),(1452.826305,1261.556237,430.548848),(1435.224988,1241.536261,40.),(1458.024988,1265.536261,430.),(1438.933358,1246.932083,39.451152),(1461.733358,1270.932083,429.451152),(1440.788382,1253.215545,38.95603),(1463.588382,1277.215545,428.95603),(1440.608504,1259.771573,38.563098),(1463.408504,1283.771573,428.563098),(1438.411333,1265.958409,38.31082),(1461.211333,1289.958409,428.31082)));
#856=IFCTRIANGULATEDFACESET(#855,$,.T.,((2,1,5),(2,5,3),(3,5,6),(3,6,4),(5,1,7),(5,7,6),(6,7,8),(6,8,4),(7,1,9),(7,9,8),(8,9,10),(8,10,4),(9,1,11),(9,11,10),(10,11,12),(10,12,4),(11,1,13),(11,13,12),(12,13,14),(12,14,4),(13,1,15),(13,15,14),(14,15,16),(14,16,4),(15,1,17),(15,17,16),(16,17,18),(16,18,4),(17,1,19),(17,19,18),(18,19,20),(18,20,4),(19,1,21),(19,21,20),(20,21,22),(20,22,4),(21,1,23),(21,23,22),(22,23,24),(22,24,4),(23,1,25),(23,25,24),(24,25,26),(24,26,4),(25,1,27),(25,27,26),(26,27,28),(26,28,4),(27,1,29),(27,29,28),(28,29,30),(28,30,4),(29,1,31),(29,31,30),(30,31,32),(30,32,4),(31,1,33),(31,33,32),(32,33,34),(32,34,4),(33,1,35),(33,35,34),(34,35,36),(34,36,4),(35,1,37),(35,37,36),(36,37,38),(36,38,4),(37,1,39),(37,39,38),(38,39,40),(38,40,4),(39,1,41),(39,41,40),(40,41,42),(40,42,4),(41,1,2),(41,2,42),(42,2,3),(42,3,4)),$);
#857=IFCCARTESIANPOINTLIST3D(((1800.,1656.,40.),(1785.588085,1640.829563,38.223892),(1762.788085,1616.829563,428.223892),(1777.2,1632.,430.),(1790.998228,1637.102509,38.31082),(1768.198228,1613.102509,428.31082),(1797.289535,1635.22529,38.563098),(1774.489535,1611.22529,428.563098),(1803.846167,1635.381634,38.95603),(1781.046167,1611.381634,428.95603),(1810.026305,1637.556237,39.451152),(1787.226305,1613.556237,429.451152),(1815.224988,1641.536261,40.),(1792.424988,1617.536261,430.),(1818.933358,1646.932083,40.548848),(1796.133358,1622.932083,430.548848),(1820.788382,1653.215545,41.04397),(1797.988382,1629.215545,431.04397),(1820.608504,1659.771573,41.436902),(1797.808504,1635.771573,431.436902),(1818.411333,1665.958409,41.68918),(1795.611333,1641.958409,431.68918),(1814.411915,1671.170437,41.776108),(1791.611915,1647.170437,431.776108),(1809.001772,1674.897491,41.68918),(1786.201772,1650.897491,431.68918),(1802.710465,1676.77471,41.436902),(1779.910465,1652.77471,431.436902),(1796.153833,1676.618366,41.04397),(1773.353833,1652.618366,431.04397),(1789.973695,1674.443763,40.548848),(1767.173695,1650.443763,430.548848),(1784.775012,1670.463739,40.),(1761.975012,1646.463739,430.),(1781.066642,1665.067917,39.451152),(1758.266642,1641.067917,429.451152),(1779.211618,1658.784455,38.95603),(1756.411618,1634.784455,428.95603),(1779.391496,1652.228427,38.563098),(1756.591496,1628.228427,428.563098),(1781.588667,1646.041591,38.31082),(1758.788667,1622.041591,428.31082)));
#858=IFCTRIANGULATEDFACESET(#857,$,.T.,((2,1,5),(2,5,3),(3,5,6),(3,6,4),(5,1,7),(5,7,6),(6,7,8),(6,8,4),(7,1,9),(7,9,8),(8,9,10),(8,10,4),(9,1,11),(9,11,10),(10,11,12),(10,12,4),(11,1,13),(11,13,12),(12,13,14),(12,14,4),(13,1,15),(13,15,14),(14,15,16),(14,16,4),(15,1,17),(15,17,16),(16,17,18),(16,18,4),(17,1,19),(17,19,18),(18,19,20),(18,20,4),(19,1,21),(19,21,20),(20,21,22),(20,22,4),(21,1,23),(21,23,22),(22,23,24),(22,24,4),(23,1,25),(23,25,24),(24,25,26),(24,26,4),(25,1,27),(25,27,26),(26,27,28),(26,28,4),(27,1,29),(27,29,28),(28,29,30),(28,30,4),(29,1,31),(29,31,30),(30,31,32),(30,32,4),(31,1,33),(31,33,32),(32,33,34),(32,34,4),(33,1,35),(33,35,34),(34,35,36),(34,36,4),(35,1,37),(35,37,36),(36,37,38),(36,38,4),(37,1,39),(37,39,38),(38,39,40),(38,40,4),(39,1,41),(39,41,40),(40,41,42),(40,42,4),(41,1,2),(41,2,42),(42,2,3),(42,3,4)),$);
#859=IFCCARTESIANPOINTLIST3D(((1420.,1656.,40.),(1434.411915,1640.829563,38.223892),(1457.211915,1616.829563,428.223892),(1442.8,1632.,430.),(1438.411333,1646.041591,38.31082),(1461.211333,1622.041591,428.31082),(1440.608504,1652.228427,38.563098),(1463.408504,1628.228427,428.563098),(1440.788382,1658.784455,38.95603),(1463.588382,1634.784455,428.95603),(1438.933358,1665.067917,39.451152),(1461.733358,1641.067917,429.451152),(1435.224988,1670.463739,40.),(1458.024988,1646.463739,430.),(1430.026305,1674.443763,40.548848),(1452.826305,1650.443763,430.548848),(1423.846167,1676.618366,41.04397),(1446.646167,1652.618366,431.04397),(1417.289535,1676.77471,41.436902),(1440.089535,1652.77471,431.436902),(1410.998228,1674.897491,41.68918),(1433.798228,1650.897491,431.68918),(1405.588085,1671.170437,41.776108),(1428.388085,1647.170437,431.776108),(1401.588667,1665.958409,41.68918),(1424.388667,1641.958409,431.68918),(1399.391496,1659.771573,41.436902),(1422.191496,1635.771573,431.436902),(1399.211618,1653.215545,41.04397),(1422.011618,1629.215545,431.04397),(1401.066642,1646.932083,40.548848),(1423.866642,1622.932083,430.548848),(1404.775012,1641.536261,40.),(1427.575012,1617.536261,430.),(1409.973695,1637.556237,39.451152),(1432.773695,1613.556237,429.451152),(1416.153833,1635.381634,38.95603),(1438.953833,1611.381634,428.95603),(1422.710465,1635.22529,38.563098),(1445.510465,1611.22529,428.563098),(1429.001772,1637.102509,38.31082),(1451.801772,1613.102509,428.31082)));
#860=IFCTRIANGULATEDFACESET(#859,$,.T.,((2,1,5),(2,5,3),(3,5,6),(3,6,4),(5,1,7),(5,7,6),(6,7,8),(6,8,4),(7,1,9),(7,9,8),(8,9,10),(8,10,4),(9,1,11),(9,11,10),(10,11,12),(10,12,4),(11,1,13),(11,13,12),(12,13,14),(12,14,4),(13,1,15),(13,15,14),(14,15,16),(14,16,4),(15,1,17),(15,17,16),(16,17,18),(16,18,4),(17,1,19),(17,19,18),(18,19,20),(18,20,4),(19,1,21),(19,21,20),(20,21,22),(20,22,4),(21,1,23),(21,23,22),(22,23,24),(22,24,4),(23,1,25),(23,25,24),(24,25,26),(24,26,4),(25,1,27),(25,27,26),(26,27,28),(26,28,4),(27,1,29),(27,29,28),(28,29,30),(28,30,4),(29,1,31),(29,31,30),(30,31,32),(30,32,4),(31,1,33),(31,33,32),(32,33,34),(32,34,4),(33,1,35),(33,35,34),(34,35,36),(34,36,4),(35,1,37),(35,37,36),(36,37,38),(36,38,4),(37,1,39),(37,39,38),(38,39,40),(38,40,4),(39,1,41),(39,41,40),(40,41,42),(40,42,4),(41,1,2),(41,2,42),(42,2,3),(42,3,4)),$);
#861=IFCCARTESIANPOINTLIST3D(((1841.687,1229.313,428.313),(1844.387,1226.613,435.559),(1845.761,1225.239,445.44),(1845.774,1225.226,460.),(1845.761,1225.239,474.56),(1844.387,1226.613,484.441),(1841.687,1229.313,491.687),(1773.333,1225.226,424.226),(1773.333,1219.596,431.884),(1773.333,1216.036,445.002),(1773.333,1216.,460.),(1773.333,1216.036,474.998),(1773.333,1219.596,488.116),(1773.333,1225.226,495.774),(1691.667,1225.226,424.226),(1691.667,1219.596,431.884),(1691.667,1216.036,445.002),(1691.667,1216.,460.),(1691.667,1216.036,474.998),(1691.667,1219.596,488.116),(1691.667,1225.226,495.774),(1610.,1225.226,424.226),(1610.,1219.596,431.884),(1610.,1216.036,445.002),(1610.,1216.,460.),(1610.,1216.036,474.998),(1610.,1219.596,488.116),(1610.,1225.226,495.774),(1528.333,1225.226,424.226),(1528.333,1219.596,431.884),(1528.333,1216.036,445.002),(1528.333,1216.,460.),(1528.333,1216.036,474.998),(1528.333,1219.596,488.116),(1528.333,1225.226,495.774),(1446.667,1225.226,424.226),(1446.667,1219.596,431.884),(1446.667,1216.036,445.002),(1446.667,1216.,460.),(1446.667,1216.036,474.998),(1446.667,1219.596,488.116),(1446.667,1225.226,495.774),(1378.313,1229.313,428.313),(1375.613,1226.613,435.559),(1374.239,1225.239,445.44),(1374.226,1225.226,460.),(1374.239,1225.239,474.56),(1375.613,1226.613,484.441),(1378.313,1229.313,491.687),(1841.687,1682.687,428.313),(1844.387,1685.387,435.559),(1845.761,1686.761,445.44),(1845.774,1686.774,460.),(1845.761,1686.761,474.56),(1844.387,1685.387,484.441),(1841.687,1682.687,491.687),(1773.333,1686.774,424.226),(1773.333,1692.404,431.884),(1773.333,1695.964,445.002),(1773.333,1696.,460.),(1773.333,1695.964,474.998),(1773.333,1692.404,488.116),(1773.333,1686.774,495.774),(1691.667,1686.774,424.226),(1691.667,1692.404,431.884),(1691.667,1695.964,445.002),(1691.667,1696.,460.),(1691.667,1695.964,474.998),(1691.667,1692.404,488.116),(1691.667,1686.774,495.774),(1610.,1686.774,424.226),(1610.,1692.404,431.884),(1610.,1695.964,445.002),(1610.,1696.,460.),(1610.,1695.964,474.998),(1610.,1692.404,488.116),(1610.,1686.774,495.774),(1528.333,1686.774,424.226),(1528.333,1692.404,431.884),(1528.333,1695.964,445.002),(1528.333,1696.,460.),(1528.333,1695.964,474.998),(1528.333,1692.404,488.116),(1528.333,1686.774,495.774),(1446.667,1686.774,424.226),(1446.667,1692.404,431.884),(1446.667,1695.964,445.002),(1446.667,1696.,460.),(1446.667,1695.964,474.998),(1446.667,1692.404,488.116),(1446.667,1686.774,495.774),(1378.313,1682.687,428.313),(1375.613,1685.387,435.559),(1374.239,1686.761,445.44),(1374.226,1686.774,460.),(1374.239,1686.761,474.56),(1375.613,1685.387,484.441),(1378.313,1682.687,491.687),(1845.774,1296.,424.226),(1851.404,1296.,431.884),(1854.964,1296.,445.002),(1855.,1296.,460.),(1854.964,1296.,474.998),(1851.404,1296.,488.116),(1845.774,1296.,495.774),(1845.774,1376.,424.226),(1851.404,1376.,431.884),(1854.964,1376.,445.002),(1855.,1376.,460.),(1854.964,1376.,474.998),(1851.404,1376.,488.116),(1845.774,1376.,495.774),(1845.774,1456.,424.226),(1851.404,1456.,431.884),(1854.964,1456.,445.002),(1855.,1456.,460.),(1854.964,1456.,474.998),(1851.404,1456.,488.116),(1845.774,1456.,495.774),(1845.774,1536.,424.226),(1851.404,1536.,431.884),(1854.964,1536.,445.002),(1855.,1536.,460.),(1854.964,1536.,474.998),(1851.404,1536.,488.116),(1845.774,1536.,495.774),(1845.774,1616.,424.226),(1851.404,1616.,431.884),(1854.964,1616.,445.002),(1855.,1616.,460.),(1854.964,1616.,474.998),(1851.404,1616.,488.116),(1845.774,1616.,495.774),(1374.226,1296.,424.226),(1368.596,1296.,431.884),(1365.036,1296.,445.002),(1365.,1296.,460.),(1365.036,1296.,474.998),(1368.596,1296.,488.116),(1374.226,1296.,495.774),(1374.226,1376.,424.226),(1368.596,1376.,431.884),(1365.036,1376.,445.002),(1365.,1376.,460.),(1365.036,1376.,474.998),(1368.596,1376.,488.116),(1374.226,1376.,495.774),(1374.226,1456.,424.226),(1368.596,1456.,431.884),(1365.036,1456.,445.002),(1365.,1456.,460.),(1365.036,1456.,474.998),(1368.596,1456.,488.116),(1374.226,1456.,495.774),(1374.226,1536.,424.226),(1368.596,1536.,431.884),(1365.036,1536.,445.002),(1365.,1536.,460.),(1365.036,1536.,474.998),(1368.596,1536.,488.116),(1374.226,1536.,495.774),(1374.226,1616.,424.226),(1368.596,1616.,431.884),(1365.036,1616.,445.002),(1365.,1616.,460.),(1365.036,1616.,474.998),(1368.596,1616.,488.116),(1374.226,1616.,495.774),(1773.333,1296.,415.),(1691.667,1296.,415.),(1610.,1296.,415.),(1528.333,1296.,415.),(1446.667,1296.,415.),(1773.333,1376.,415.),(1691.667,1376.,415.),(1610.,1376.,415.),(1528.333,1376.,415.),(1446.667,1376.,415.),(1773.333,1456.,415.),(1691.667,1456.,415.),(1610.,1456.,415.),(1528.333,1456.,415.),(1446.667,1456.,415.),(1773.333,1536.,415.),(1691.667,1536.,415.),(1610.,1536.,415.),(1528.333,1536.,415.),(1446.667,1536.,415.),(1773.333,1616.,415.),(1691.667,1616.,415.),(1610.,1616.,415.),(1528.333,1616.,415.),(1446.667,1616.,415.),(1773.333,1296.,505.),(1691.667,1296.,505.),(1610.,1296.,505.),(1528.333,1296.,505.),(1446.667,1296.,505.),(1773.333,1376.,505.),(1691.667,1376.,505.),(1610.,1376.,505.),(1528.333,1376.,505.),(1446.667,1376.,505.),(1773.333,1456.,505.),(1691.667,1456.,505.),(1610.,1456.,505.),(1528.333,1456.,505.),(1446.667,1456.,505.),(1773.333,1536.,505.),(1691.667,1536.,505.),(1610.,1536.,505.),(1528.333,1536.,505.),(1446.667,1536.,505.),(1773.333,1616.,505.),(1691.667,1616.,505.),(1610.,1616.,505.),(1528.333,1616.,505.),(1446.667,1616.,505.)));
#862=IFCTRIANGULATEDFACESET(#861,$,.T.,((1,2,9),(1,9,8),(2,3,10),(2,10,9),(3,4,11),(3,11,10),(4,5,12),(4,12,11),(5,6,13),(5,13,12),(6,7,14),(6,14,13),(8,9,16),(8,16,15),(9,10,17),(9,17,16),(10,11,18),(10,18,17),(11,12,19),(11,19,18),(12,13,20),(12,20,19),(13,14,21),(13,21,20),(15,16,23),(15,23,22),(16,17,24),(16,24,23),(17,18,25),(17,25,24),(18,19,26),(18,26,25),(19,20,27),(19,27,26),(20,21,28),(20,28,27),(22,23,30),(22,30,29),(23,24,31),(23,31,30),(24,25,32),(24,32,31),(25,26,33),(25,33,32),(26,27,34),(26,34,33),(27,28,35),(27,35,34),(29,30,37),(29,37,36),(30,31,38),(30,38,37),(31,32,39),(31,39,38),(32,33,40),(32,40,39),(33,34,41),(33,41,40),(34,35,42),(34,42,41),(36,37,44),(36,44,43),(37,38,45),(37,45,44),(38,39,46),(38,46,45),(39,40,47),(39,47,46),(40,41,48),(40,48,47),(41,42,49),(41,49,48),(58,51,50),(57,58,50),(59,52,51),(58,59,51),(60,53,52),(59,60,52),(61,54,53),(60,61,53),(62,55,54),(61,62,54),(63,56,55),(62,63,55),(65,58,57),(64,65,57),(66,59,58),(65,66,58),(67,60,59),(66,67,59),(68,61,60),(67,68,60),(69,62,61),(68,69,61),(70,63,62),(69,70,62),(72,65,64),(71,72,64),(73,66,65),(72,73,65),(74,67,66),(73,74,66),(75,68,67),(74,75,67),(76,69,68),(75,76,68),(77,70,69),(76,77,69),(79,72,71),(78,79,71),(80,73,72),(79,80,72),(81,74,73),(80,81,73),(82,75,74),(81,82,74),(83,76,75),(82,83,75),(84,77,76),(83,84,76),(86,79,78),(85,86,78),(87,80,79),(86,87,79),(88,81,80),(87,88,80),(89,82,81),(88,89,81),(90,83,82),(89,90,82),(91,84,83),(90,91,83),(93,86,85),(92,93,85),(94,87,86),(93,94,86),(95,88,87),(94,95,87),(96,89,88),(95,96,88),(97,90,89),(96,97,89),(98,91,90),(97,98,90),(100,2,1),(99,100,1),(101,3,2),(100,101,2),(102,4,3),(101,102,3),(103,5,4),(102,103,4),(104,6,5),(103,104,5),(105,7,6),(104,105,6),(107,100,99),(106,107,99),(108,101,100),(107,108,100),(109,102,101),(108,109,101),(110,103,102),(109,110,102),(111,104,103),(110,111,103),(112,105,104),(111,112,104),(114,107,106),(113,114,106),(115,108,107),(114,115,107),(116,109,108),(115,116,108),(117,110,109),(116,117,109),(118,111,110),(117,118,110),(119,112,111),(118,119,111),(121,114,113),(120,121,113),(122,115,114),(121,122,114),(123,116,115),(122,123,115),(124,117,116),(123,124,116),(125,118,117),(124,125,117),(126,119,118),(125,126,118),(128,121,120),(127,128,120),(129,122,121),(128,129,121),(130,123,122),(129,130,122),(131,124,123),(130,131,123),(132,125,124),(131,132,124),(133,126,125),(132,133,125),(51,128,127),(50,51,127),(52,129,128),(51,52,128),(53,130,129),(52,53,129),(54,131,130),(53,54,130),(55,132,131),(54,55,131),(56,133,132),(55,56,132),(43,44,135),(43,135,134),(44,45,136),(44,136,135),(45,46,137),(45,137,136),(46,47,138),(46,138,137),(47,48,139),(47,139,138),(48,49,140),(48,140,139),(134,135,142),(134,142,141),(135,136,143),(135,143,142),(136,137,144),(136,144,143),(137,138,145),(137,145,144),(138,139,146),(138,146,145),(139,140,147),(139,147,146),(141,142,149),(141,149,148),(142,143,150),(142,150,149),(143,144,151),(143,151,150),(144,145,152),(144,152,151),(145,146,153),(145,153,152),(146,147,154),(146,154,153),(148,149,156),(148,156,155),(149,150,157),(149,157,156),(150,151,158),(150,158,157),(151,152,159),(151,159,158),(152,153,160),(152,160,159),(153,154,161),(153,161,160),(155,156,163),(155,163,162),(156,157,164),(156,164,163),(157,158,165),(157,165,164),(158,159,166),(158,166,165),(159,160,167),(159,167,166),(160,161,168),(160,168,167),(162,163,93),(162,93,92),(163,164,94),(163,94,93),(164,165,95),(164,95,94),(165,166,96),(165,96,95),(166,167,97),(166,97,96),(167,168,98),(167,98,97),(1,8,169),(1,169,99),(8,15,170),(8,170,169),(15,22,171),(15,171,170),(22,29,172),(22,172,171),(29,36,173),(29,173,172),(36,43,134),(36,134,173),(99,169,174),(99,174,106),(169,170,175),(169,175,174),(170,171,176),(170,176,175),(171,172,177),(171,177,176),(172,173,178),(172,178,177),(173,134,141),(173,141,178),(106,174,179),(106,179,113),(174,175,180),(174,180,179),(175,176,181),(175,181,180),(176,177,182),(176,182,181),(177,178,183),(177,183,182),(178,141,148),(178,148,183),(113,179,184),(113,184,120),(179,180,185),(179,185,184),(180,181,186),(180,186,185),(181,182,187),(181,187,186),(182,183,188),(182,188,187),(183,148,155),(183,155,188),(120,184,189),(120,189,127),(184,185,190),(184,190,189),(185,186,191),(185,191,190),(186,187,192),(186,192,191),(187,188,193),(187,193,192),(188,155,162),(188,162,193),(127,189,57),(127,57,50),(189,190,64),(189,64,57),(190,191,71),(190,71,64),(191,192,78),(191,78,71),(192,193,85),(192,85,78),(193,162,92),(193,92,85),(194,14,7),(105,194,7),(195,21,14),(194,195,14),(196,28,21),(195,196,21),(197,35,28),(196,197,28),(198,42,35),(197,198,35),(140,49,42),(198,140,42),(199,194,105),(112,199,105),(200,195,194),(199,200,194),(201,196,195),(200,201,195),(202,197,196),(201,202,196),(203,198,197),(202,203,197),(147,140,198),(203,147,198),(204,199,112),(119,204,112),(205,200,199),(204,205,199),(206,201,200),(205,206,200),(207,202,201),(206,207,201),(208,203,202),(207,208,202),(154,147,203),(208,154,203),(209,204,119),(126,209,119),(210,205,204),(209,210,204),(211,206,205),(210,211,205),(212,207,206),(211,212,206),(213,208,207),(212,213,207),(161,154,208),(213,161,208),(214,209,126),(133,214,126),(215,210,209),(214,215,209),(216,211,210),(215,216,210),(217,212,211),(216,217,211),(218,213,212),(217,218,212),(168,161,213),(218,168,213),(63,214,133),(56,63,133),(70,215,214),(63,70,214),(77,216,215),(70,77,215),(84,217,216),(77,84,216),(91,218,217),(84,91,217),(98,168,218),(91,98,218)),$);
#863=IFCCARTESIANPOINTLIST3D(((1410.,1256.,430.),(1390.090091,1256.,428.103818),(1350.090091,1256.,848.103818),(1370.,1256.,850.),(1391.064541,1249.81966,428.196623),(1351.064541,1249.81966,848.196623),(1393.892545,1244.2443,428.465957),(1353.892545,1244.2443,848.465957),(1398.297254,1239.81966,428.885453),(1358.297254,1239.81966,848.885453),(1403.8475,1236.97886,429.414048),(1363.8475,1236.97886,849.414048),(1410.,1236.,430.),(1370.,1236.,850.),(1416.1525,1236.97886,430.585952),(1376.1525,1236.97886,850.585952),(1421.702746,1239.81966,431.114547),(1381.702746,1239.81966,851.114547),(1426.107455,1244.2443,431.534043),(1386.107455,1244.2443,851.534043),(1428.935459,1249.81966,431.803377),(1388.935459,1249.81966,851.803377),(1429.909909,1256.,431.896182),(1389.909909,1256.,851.896182),(1428.935459,1262.18034,431.803377),(1388.935459,1262.18034,851.803377),(1426.107455,1267.7557,431.534043),(1386.107455,1267.7557,851.534043),(1421.702746,1272.18034,431.114547),(1381.702746,1272.18034,851.114547),(1416.1525,1275.02114,430.585952),(1376.1525,1275.02114,850.585952),(1410.,1276.,430.),(1370.,1276.,850.),(1403.8475,1275.02114,429.414048),(1363.8475,1275.02114,849.414048),(1398.297254,1272.18034,428.885453),(1358.297254,1272.18034,848.885453),(1393.892545,1267.7557,428.465957),(1353.892545,1267.7557,848.465957),(1391.064541,1262.18034,428.196623),(1351.064541,1262.18034,848.196623)));
#864=IFCTRIANGULATEDFACESET(#863,$,.T.,((2,1,5),(2,5,3),(3,5,6),(3,6,4),(5,1,7),(5,7,6),(6,7,8),(6,8,4),(7,1,9),(7,9,8),(8,9,10),(8,10,4),(9,1,11),(9,11,10),(10,11,12),(10,12,4),(11,1,13),(11,13,12),(12,13,14),(12,14,4),(13,1,15),(13,15,14),(14,15,16),(14,16,4),(15,1,17),(15,17,16),(16,17,18),(16,18,4),(17,1,19),(17,19,18),(18,19,20),(18,20,4),(19,1,21),(19,21,20),(20,21,22),(20,22,4),(21,1,23),(21,23,22),(22,23,24),(22,24,4),(23,1,25),(23,25,24),(24,25,26),(24,26,4),(25,1,27),(25,27,26),(26,27,28),(26,28,4),(27,1,29),(27,29,28),(28,29,30),(28,30,4),(29,1,31),(29,31,30),(30,31,32),(30,32,4),(31,1,33),(31,33,32),(32,33,34),(32,34,4),(33,1,35),(33,35,34),(34,35,36),(34,36,4),(35,1,37),(35,37,36),(36,37,38),(36,38,4),(37,1,39),(37,39,38),(38,39,40),(38,40,4),(39,1,41),(39,41,40),(40,41,42),(40,42,4),(41,1,2),(41,2,42),(42,2,3),(42,3,4)),$);
#865=IFCCARTESIANPOINTLIST3D(((1410.,1656.,430.),(1390.090091,1656.,428.103818),(1350.090091,1656.,848.103818),(1370.,1656.,850.),(1391.064541,1649.81966,428.196623),(1351.064541,1649.81966,848.196623),(1393.892545,1644.2443,428.465957),(1353.892545,1644.2443,848.465957),(1398.297254,1639.81966,428.885453),(1358.297254,1639.81966,848.885453),(1403.8475,1636.97886,429.414048),(1363.8475,1636.97886,849.414048),(1410.,1636.,430.),(1370.,1636.,850.),(1416.1525,1636.97886,430.585952),(1376.1525,1636.97886,850.585952),(1421.702746,1639.81966,431.114547),(1381.702746,1639.81966,851.114547),(1426.107455,1644.2443,431.534043),(1386.107455,1644.2443,851.534043),(1428.935459,1649.81966,431.803377),(1388.935459,1649.81966,851.803377),(1429.909909,1656.,431.896182),(1389.909909,1656.,851.896182),(1428.935459,1662.18034,431.803377),(1388.935459,1662.18034,851.803377),(1426.107455,1667.7557,431.534043),(1386.107455,1667.7557,851.534043),(1421.702746,1672.18034,431.114547),(1381.702746,1672.18034,851.114547),(1416.1525,1675.02114,430.585952),(1376.1525,1675.02114,850.585952),(1410.,1676.,430.),(1370.,1676.,850.),(1403.8475,1675.02114,429.414048),(1363.8475,1675.02114,849.414048),(1398.297254,1672.18034,428.885453),(1358.297254,1672.18034,848.885453),(1393.892545,1667.7557,428.465957),(1353.892545,1667.7557,848.465957),(1391.064541,1662.18034,428.196623),(1351.064541,1662.18034,848.196623)));
#866=IFCTRIANGULATEDFACESET(#865,$,.T.,((2,1,5),(2,5,3),(3,5,6),(3,6,4),(5,1,7),(5,7,6),(6,7,8),(6,8,4),(7,1,9),(7,9,8),(8,9,10),(8,10,4),(9,1,11),(9,11,10),(10,11,12),(10,12,4),(11,1,13),(11,13,12),(12,13,14),(12,14,4),(13,1,15),(13,15,14),(14,15,16),(14,16,4),(15,1,17),(15,17,16),(16,17,18),(16,18,4),(17,1,19),(17,19,18),(18,19,20),(18,20,4),(19,1,21),(19,21,20),(20,21,22),(20,22,4),(21,1,23),(21,23,22),(22,23,24),(22,24,4),(23,1,25),(23,25,24),(24,25,26),(24,26,4),(25,1,27),(25,27,26),(26,27,28),(26,28,4),(27,1,29),(27,29,28),(28,29,30),(28,30,4),(29,1,31),(29,31,30),(30,31,32),(30,32,4),(31,1,33),(31,33,32),(32,33,34),(32,34,4),(33,1,35),(33,35,34),(34,35,36),(34,36,4),(35,1,37),(35,37,36),(36,37,38),(36,38,4),(37,1,39),(37,39,38),(38,39,40),(38,40,4),(39,1,41),(39,41,40),(40,41,42),(40,42,4),(41,1,2),(41,2,42),(42,2,3),(42,3,4)),$);
#867=IFCCARTESIANPOINTLIST3D(((1409.926,1218.574,622.574),(1413.786,1214.714,653.333),(1413.786,1214.714,696.667),(1413.786,1214.714,740.),(1413.786,1214.714,783.333),(1413.786,1214.714,826.667),(1409.926,1218.574,857.426),(1403.083,1216.023,620.023),(1406.554,1209.397,653.333),(1406.554,1209.397,696.667),(1406.554,1209.397,740.),(1406.554,1209.397,783.333),(1406.554,1209.397,826.667),(1403.083,1216.023,859.977),(1393.751,1214.725,618.725),(1394.165,1206.034,653.333),(1394.165,1206.034,696.667),(1394.165,1206.034,740.),(1394.165,1206.034,783.333),(1394.165,1206.034,826.667),(1393.751,1214.725,861.275),(1380.,1214.714,618.714),(1380.,1206.,653.333),(1380.,1206.,696.667),(1380.,1206.,740.),(1380.,1206.,783.333),(1380.,1206.,826.667),(1380.,1214.714,861.286),(1366.249,1214.725,618.725),(1365.835,1206.034,653.333),(1365.835,1206.034,696.667),(1365.835,1206.034,740.),(1365.835,1206.034,783.333),(1365.835,1206.034,826.667),(1366.249,1214.725,861.275),(1356.917,1216.023,620.023),(1353.446,1209.397,653.333),(1353.446,1209.397,696.667),(1353.446,1209.397,740.),(1353.446,1209.397,783.333),(1353.446,1209.397,826.667),(1356.917,1216.023,859.977),(1350.074,1218.574,622.574),(1346.214,1214.714,653.333),(1346.214,1214.714,696.667),(1346.214,1214.714,740.),(1346.214,1214.714,783.333),(1346.214,1214.714,826.667),(1350.074,1218.574,857.426),(1409.926,1693.426,622.574),(1413.786,1697.286,653.333),(1413.786,1697.286,696.667),(1413.786,1697.286,740.),(1413.786,1697.286,783.333),(1413.786,1697.286,826.667),(1409.926,1693.426,857.426),(1403.083,1695.977,620.023),(1406.554,1702.603,653.333),(1406.554,1702.603,696.667),(1406.554,1702.603,740.),(1406.554,1702.603,783.333),(1406.554,1702.603,826.667),(1403.083,1695.977,859.977),(1393.751,1697.275,618.725),(1394.165,1705.966,653.333),(1394.165,1705.966,696.667),(1394.165,1705.966,740.),(1394.165,1705.966,783.333),(1394.165,1705.966,826.667),(1393.751,1697.275,861.275),(1380.,1697.286,618.714),(1380.,1706.,653.333),(1380.,1706.,696.667),(1380.,1706.,740.),(1380.,1706.,783.333),(1380.,1706.,826.667),(1380.,1697.286,861.286),(1366.249,1697.275,618.725),(1365.835,1705.966,653.333),(1365.835,1705.966,696.667),(1365.835,1705.966,740.),(1365.835,1705.966,783.333),(1365.835,1705.966,826.667),(1366.249,1697.275,861.275),(1356.917,1695.977,620.023),(1353.446,1702.603,653.333),(1353.446,1702.603,696.667),(1353.446,1702.603,740.),(1353.446,1702.603,783.333),(1353.446,1702.603,826.667),(1356.917,1695.977,859.977),(1350.074,1693.426,622.574),(1346.214,1697.286,653.333),(1346.214,1697.286,696.667),(1346.214,1697.286,740.),(1346.214,1697.286,783.333),(1346.214,1697.286,826.667),(1350.074,1693.426,857.426),(1413.786,1289.333,618.714),(1422.5,1289.333,653.333),(1422.5,1289.333,696.667),(1422.5,1289.333,740.),(1422.5,1289.333,783.333),(1422.5,1289.333,826.667),(1413.786,1289.333,861.286),(1413.786,1372.667,618.714),(1422.5,1372.667,653.333),(1422.5,1372.667,696.667),(1422.5,1372.667,740.),(1422.5,1372.667,783.333),(1422.5,1372.667,826.667),(1413.786,1372.667,861.286),(1413.786,1456.,618.714),(1422.5,1456.,653.333),(1422.5,1456.,696.667),(1422.5,1456.,740.),(1422.5,1456.,783.333),(1422.5,1456.,826.667),(1413.786,1456.,861.286),(1413.786,1539.333,618.714),(1422.5,1539.333,653.333),(1422.5,1539.333,696.667),(1422.5,1539.333,740.),(1422.5,1539.333,783.333),(1422.5,1539.333,826.667),(1413.786,1539.333,861.286),(1413.786,1622.667,618.714),(1422.5,1622.667,653.333),(1422.5,1622.667,696.667),(1422.5,1622.667,740.),(1422.5,1622.667,783.333),(1422.5,1622.667,826.667),(1413.786,1622.667,861.286),(1346.214,1289.333,618.714),(1337.5,1289.333,653.333),(1337.5,1289.333,696.667),(1337.5,1289.333,740.),(1337.5,1289.333,783.333),(1337.5,1289.333,826.667),(1346.214,1289.333,861.286),(1346.214,1372.667,618.714),(1337.5,1372.667,653.333),(1337.5,1372.667,696.667),(1337.5,1372.667,740.),(1337.5,1372.667,783.333),(1337.5,1372.667,826.667),(1346.214,1372.667,861.286),(1346.214,1456.,618.714),(1337.5,1456.,653.333),(1337.5,1456.,696.667),(1337.5,1456.,740.),(1337.5,1456.,783.333),(1337.5,1456.,826.667),(1346.214,1456.,861.286),(1346.214,1539.333,618.714),(1337.5,1539.333,653.333),(1337.5,1539.333,696.667),(1337.5,1539.333,740.),(1337.5,1539.333,783.333),(1337.5,1539.333,826.667),(1346.214,1539.333,861.286),(1346.214,1622.667,618.714),(1337.5,1622.667,653.333),(1337.5,1622.667,696.667),(1337.5,1622.667,740.),(1337.5,1622.667,783.333),(1337.5,1622.667,826.667),(1346.214,1622.667,861.286),(1406.554,1289.333,613.397),(1394.165,1289.333,610.034),(1380.,1289.333,610.),(1365.835,1289.333,610.034),(1353.446,1289.333,613.397),(1406.554,1372.667,613.397),(1394.165,1372.667,610.034),(1380.,1372.667,610.),(1365.835,1372.667,610.034),(1353.446,1372.667,613.397),(1406.554,1456.,613.397),(1394.165,1456.,610.034),(1380.,1456.,610.),(1365.835,1456.,610.034),(1353.446,1456.,613.397),(1406.554,1539.333,613.397),(1394.165,1539.333,610.034),(1380.,1539.333,610.),(1365.835,1539.333,610.034),(1353.446,1539.333,613.397),(1406.554,1622.667,613.397),(1394.165,1622.667,610.034),(1380.,1622.667,610.),(1365.835,1622.667,610.034),(1353.446,1622.667,613.397),(1406.554,1289.333,866.603),(1394.165,1289.333,869.966),(1380.,1289.333,870.),(1365.835,1289.333,869.966),(1353.446,1289.333,866.603),(1406.554,1372.667,866.603),(1394.165,1372.667,869.966),(1380.,1372.667,870.),(1365.835,1372.667,869.966),(1353.446,1372.667,866.603),(1406.554,1456.,866.603),(1394.165,1456.,869.966),(1380.,1456.,870.),(1365.835,1456.,869.966),(1353.446,1456.,866.603),(1406.554,1539.333,866.603),(1394.165,1539.333,869.966),(1380.,1539.333,870.),(1365.835,1539.333,869.966),(1353.446,1539.333,866.603),(1406.554,1622.667,866.603),(1394.165,1622.667,869.966),(1380.,1622.667,870.),(1365.835,1622.667,869.966),(1353.446,1622.667,866.603)));
#868=IFCTRIANGULATEDFACESET(#867,$,.T.,((1,2,9),(1,9,8),(2,3,10),(2,10,9),(3,4,11),(3,11,10),(4,5,12),(4,12,11),(5,6,13),(5,13,12),(6,7,14),(6,14,13),(8,9,16),(8,16,15),(9,10,17),(9,17,16),(10,11,18),(10,18,17),(11,12,19),(11,19,18),(12,13,20),(12,20,19),(13,14,21),(13,21,20),(15,16,23),(15,23,22),(16,17,24),(16,24,23),(17,18,25),(17,25,24),(18,19,26),(18,26,25),(19,20,27),(19,27,26),(20,21,28),(20,28,27),(22,23,30),(22,30,29),(23,24,31),(23,31,30),(24,25,32),(24,32,31),(25,26,33),(25,33,32),(26,27,34),(26,34,33),(27,28,35),(27,35,34),(29,30,37),(29,37,36),(30,31,38),(30,38,37),(31,32,39),(31,39,38),(32,33,40),(32,40,39),(33,34,41),(33,41,40),(34,35,42),(34,42,41),(36,37,44),(36,44,43),(37,38,45),(37,45,44),(38,39,46),(38,46,45),(39,40,47),(39,47,46),(40,41,48),(40,48,47),(41,42,49),(41,49,48),(58,51,50),(57,58,50),(59,52,51),(58,59,51),(60,53,52),(59,60,52),(61,54,53),(60,61,53),(62,55,54),(61,62,54),(63,56,55),(62,63,55),(65,58,57),(64,65,57),(66,59,58),(65,66,58),(67,60,59),(66,67,59),(68,61,60),(67,68,60),(69,62,61),(68,69,61),(70,63,62),(69,70,62),(72,65,64),(71,72,64),(73,66,65),(72,73,65),(74,67,66),(73,74,66),(75,68,67),(74,75,67),(76,69,68),(75,76,68),(77,70,69),(76,77,69),(79,72,71),(78,79,71),(80,73,72),(79,80,72),(81,74,73),(80,81,73),(82,75,74),(81,82,74),(83,76,75),(82,83,75),(84,77,76),(83,84,76),(86,79,78),(85,86,78),(87,80,79),(86,87,79),(88,81,80),(87,88,80),(89,82,81),(88,89,81),(90,83,82),(89,90,82),(91,84,83),(90,91,83),(93,86,85),(92,93,85),(94,87,86),(93,94,86),(95,88,87),(94,95,87),(96,89,88),(95,96,88),(97,90,89),(96,97,89),(98,91,90),(97,98,90),(100,2,1),(99,100,1),(101,3,2),(100,101,2),(102,4,3),(101,102,3),(103,5,4),(102,103,4),(104,6,5),(103,104,5),(105,7,6),(104,105,6),(107,100,99),(106,107,99),(108,101,100),(107,108,100),(109,102,101),(108,109,101),(110,103,102),(109,110,102),(111,104,103),(110,111,103),(112,105,104),(111,112,104),(114,107,106),(113,114,106),(115,108,107),(114,115,107),(116,109,108),(115,116,108),(117,110,109),(116,117,109),(118,111,110),(117,118,110),(119,112,111),(118,119,111),(121,114,113),(120,121,113),(122,115,114),(121,122,114),(123,116,115),(122,123,115),(124,117,116),(123,124,116),(125,118,117),(124,125,117),(126,119,118),(125,126,118),(128,121,120),(127,128,120),(129,122,121),(128,129,121),(130,123,122),(129,130,122),(131,124,123),(130,131,123),(132,125,124),(131,132,124),(133,126,125),(132,133,125),(51,128,127),(50,51,127),(52,129,128),(51,52,128),(53,130,129),(52,53,129),(54,131,130),(53,54,130),(55,132,131),(54,55,131),(56,133,132),(55,56,132),(43,44,135),(43,135,134),(44,45,136),(44,136,135),(45,46,137),(45,137,136),(46,47,138),(46,138,137),(47,48,139),(47,139,138),(48,49,140),(48,140,139),(134,135,142),(134,142,141),(135,136,143),(135,143,142),(136,137,144),(136,144,143),(137,138,145),(137,145,144),(138,139,146),(138,146,145),(139,140,147),(139,147,146),(141,142,149),(141,149,148),(142,143,150),(142,150,149),(143,144,151),(143,151,150),(144,145,152),(144,152,151),(145,146,153),(145,153,152),(146,147,154),(146,154,153),(148,149,156),(148,156,155),(149,150,157),(149,157,156),(150,151,158),(150,158,157),(151,152,159),(151,159,158),(152,153,160),(152,160,159),(153,154,161),(153,161,160),(155,156,163),(155,163,162),(156,157,164),(156,164,163),(157,158,165),(157,165,164),(158,159,166),(158,166,165),(159,160,167),(159,167,166),(160,161,168),(160,168,167),(162,163,93),(162,93,92),(163,164,94),(163,94,93),(164,165,95),(164,95,94),(165,166,96),(165,96,95),(166,167,97),(166,97,96),(167,168,98),(167,98,97),(1,8,169),(1,169,99),(8,15,170),(8,170,169),(15,22,171),(15,171,170),(22,29,172),(22,172,171),(29,36,173),(29,173,172),(36,43,134),(36,134,173),(99,169,174),(99,174,106),(169,170,175),(169,175,174),(170,171,176),(170,176,175),(171,172,177),(171,177,176),(172,173,178),(172,178,177),(173,134,141),(173,141,178),(106,174,179),(106,179,113),(174,175,180),(174,180,179),(175,176,181),(175,181,180),(176,177,182),(176,182,181),(177,178,183),(177,183,182),(178,141,148),(178,148,183),(113,179,184),(113,184,120),(179,180,185),(179,185,184),(180,181,186),(180,186,185),(181,182,187),(181,187,186),(182,183,188),(182,188,187),(183,148,155),(183,155,188),(120,184,189),(120,189,127),(184,185,190),(184,190,189),(185,186,191),(185,191,190),(186,187,192),(186,192,191),(187,188,193),(187,193,192),(188,155,162),(188,162,193),(127,189,57),(127,57,50),(189,190,64),(189,64,57),(190,191,71),(190,71,64),(191,192,78),(191,78,71),(192,193,85),(192,85,78),(193,162,92),(193,92,85),(194,14,7),(105,194,7),(195,21,14),(194,195,14),(196,28,21),(195,196,21),(197,35,28),(196,197,28),(198,42,35),(197,198,35),(140,49,42),(198,140,42),(199,194,105),(112,199,105),(200,195,194),(199,200,194),(201,196,195),(200,201,195),(202,197,196),(201,202,196),(203,198,197),(202,203,197),(147,140,198),(203,147,198),(204,199,112),(119,204,112),(205,200,199),(204,205,199),(206,201,200),(205,206,200),(207,202,201),(206,207,201),(208,203,202),(207,208,202),(154,147,203),(208,154,203),(209,204,119),(126,209,119),(210,205,204),(209,210,204),(211,206,205),(210,211,205),(212,207,206),(211,212,206),(213,208,207),(212,213,207),(161,154,208),(213,161,208),(214,209,126),(133,214,126),(215,210,209),(214,215,209),(216,211,210),(215,216,210),(217,212,211),(216,217,211),(218,213,212),(217,218,212),(168,161,213),(218,168,213),(63,214,133),(56,63,133),(70,215,214),(63,70,214),(77,216,215),(70,77,215),(84,217,216),(77,84,216),(91,218,217),(84,91,217),(98,168,218),(91,98,218)),$);
#869=IFCCARTESIANPOINTLIST3D(((2760.,1656.,40.),(2774.411915,1640.829563,38.223892),(2797.211915,1616.829563,428.223892),(2782.8,1632.,430.),(2778.411333,1646.041591,38.31082),(2801.211333,1622.041591,428.31082),(2780.608504,1652.228427,38.563098),(2803.408504,1628.228427,428.563098),(2780.788382,1658.784455,38.95603),(2803.588382,1634.784455,428.95603),(2778.933358,1665.067917,39.451152),(2801.733358,1641.067917,429.451152),(2775.224988,1670.463739,40.),(2798.024988,1646.463739,430.),(2770.026305,1674.443763,40.548848),(2792.826305,1650.443763,430.548848),(2763.846167,1676.618366,41.04397),(2786.646167,1652.618366,431.04397),(2757.289535,1676.77471,41.436902),(2780.089535,1652.77471,431.436902),(2750.998228,1674.897491,41.68918),(2773.798228,1650.897491,431.68918),(2745.588085,1671.170437,41.776108),(2768.388085,1647.170437,431.776108),(2741.588667,1665.958409,41.68918),(2764.388667,1641.958409,431.68918),(2739.391496,1659.771573,41.436902),(2762.191496,1635.771573,431.436902),(2739.211618,1653.215545,41.04397),(2762.011618,1629.215545,431.04397),(2741.066642,1646.932083,40.548848),(2763.866642,1622.932083,430.548848),(2744.775012,1641.536261,40.),(2767.575012,1617.536261,430.),(2749.973695,1637.556237,39.451152),(2772.773695,1613.556237,429.451152),(2756.153833,1635.381634,38.95603),(2778.953833,1611.381634,428.95603),(2762.710465,1635.22529,38.563098),(2785.510465,1611.22529,428.563098),(2769.001772,1637.102509,38.31082),(2791.801772,1613.102509,428.31082)));
#870=IFCTRIANGULATEDFACESET(#869,$,.T.,((2,1,5),(2,5,3),(3,5,6),(3,6,4),(5,1,7),(5,7,6),(6,7,8),(6,8,4),(7,1,9),(7,9,8),(8,9,10),(8,10,4),(9,1,11),(9,11,10),(10,11,12),(10,12,4),(11,1,13),(11,13,12),(12,13,14),(12,14,4),(13,1,15),(13,15,14),(14,15,16),(14,16,4),(15,1,17),(15,17,16),(16,17,18),(16,18,4),(17,1,19),(17,19,18),(18,19,20),(18,20,4),(19,1,21),(19,21,20),(20,21,22),(20,22,4),(21,1,23),(21,23,22),(22,23,24),(22,24,4),(23,1,25),(23,25,24),(24,25,26),(24,26,4),(25,1,27),(25,27,26),(26,27,28),(26,28,4),(27,1,29),(27,29,28),(28,29,30),(28,30,4),(29,1,31),(29,31,30),(30,31,32),(30,32,4),(31,1,33),(31,33,32),(32,33,34),(32,34,4),(33,1,35),(33,35,34),(34,35,36),(34,36,4),(35,1,37),(35,37,36),(36,37,38),(36,38,4),(37,1,39),(37,39,38),(38,39,40),(38,40,4),(39,1,41),(39,41,40),(40,41,42),(40,42,4),(41,1,2),(41,2,42),(42,2,3),(42,3,4)),$);
#871=IFCCARTESIANPOINTLIST3D(((3140.,1656.,40.),(3125.588085,1640.829563,38.223892),(3102.788085,1616.829563,428.223892),(3117.2,1632.,430.),(3130.998228,1637.102509,38.31082),(3108.198228,1613.102509,428.31082),(3137.289535,1635.22529,38.563098),(3114.489535,1611.22529,428.563098),(3143.846167,1635.381634,38.95603),(3121.046167,1611.381634,428.95603),(3150.026305,1637.556237,39.451152),(3127.226305,1613.556237,429.451152),(3155.224988,1641.536261,40.),(3132.424988,1617.536261,430.),(3158.933358,1646.932083,40.548848),(3136.133358,1622.932083,430.548848),(3160.788382,1653.215545,41.04397),(3137.988382,1629.215545,431.04397),(3160.608504,1659.771573,41.436902),(3137.808504,1635.771573,431.436902),(3158.411333,1665.958409,41.68918),(3135.611333,1641.958409,431.68918),(3154.411915,1671.170437,41.776108),(3131.611915,1647.170437,431.776108),(3149.001772,1674.897491,41.68918),(3126.201772,1650.897491,431.68918),(3142.710465,1676.77471,41.436902),(3119.910465,1652.77471,431.436902),(3136.153833,1676.618366,41.04397),(3113.353833,1652.618366,431.04397),(3129.973695,1674.443763,40.548848),(3107.173695,1650.443763,430.548848),(3124.775012,1670.463739,40.),(3101.975012,1646.463739,430.),(3121.066642,1665.067917,39.451152),(3098.266642,1641.067917,429.451152),(3119.211618,1658.784455,38.95603),(3096.411618,1634.784455,428.95603),(3119.391496,1652.228427,38.563098),(3096.591496,1628.228427,428.563098),(3121.588667,1646.041591,38.31082),(3098.788667,1622.041591,428.31082)));
#872=IFCTRIANGULATEDFACESET(#871,$,.T.,((2,1,5),(2,5,3),(3,5,6),(3,6,4),(5,1,7),(5,7,6),(6,7,8),(6,8,4),(7,1,9),(7,9,8),(8,9,10),(8,10,4),(9,1,11),(9,11,10),(10,11,12),(10,12,4),(11,1,13),(11,13,12),(12,13,14),(12,14,4),(13,1,15),(13,15,14),(14,15,16),(14,16,4),(15,1,17),(15,17,16),(16,17,18),(16,18,4),(17,1,19),(17,19,18),(18,19,20),(18,20,4),(19,1,21),(19,21,20),(20,21,22),(20,22,4),(21,1,23),(21,23,22),(22,23,24),(22,24,4),(23,1,25),(23,25,24),(24,25,26),(24,26,4),(25,1,27),(25,27,26),(26,27,28),(26,28,4),(27,1,29),(27,29,28),(28,29,30),(28,30,4),(29,1,31),(29,31,30),(30,31,32),(30,32,4),(31,1,33),(31,33,32),(32,33,34),(32,34,4),(33,1,35),(33,35,34),(34,35,36),(34,36,4),(35,1,37),(35,37,36),(36,37,38),(36,38,4),(37,1,39),(37,39,38),(38,39,40),(38,40,4),(39,1,41),(39,41,40),(40,41,42),(40,42,4),(41,1,2),(41,2,42),(42,2,3),(42,3,4)),$);
#873=IFCCARTESIANPOINTLIST3D(((2760.,1256.,40.),(2774.411915,1271.170437,38.223892),(2797.211915,1295.170437,428.223892),(2782.8,1280.,430.),(2769.001772,1274.897491,38.31082),(2791.801772,1298.897491,428.31082),(2762.710465,1276.77471,38.563098),(2785.510465,1300.77471,428.563098),(2756.153833,1276.618366,38.95603),(2778.953833,1300.618366,428.95603),(2749.973695,1274.443763,39.451152),(2772.773695,1298.443763,429.451152),(2744.775012,1270.463739,40.),(2767.575012,1294.463739,430.),(2741.066642,1265.067917,40.548848),(2763.866642,1289.067917,430.548848),(2739.211618,1258.784455,41.04397),(2762.011618,1282.784455,431.04397),(2739.391496,1252.228427,41.436902),(2762.191496,1276.228427,431.436902),(2741.588667,1246.041591,41.68918),(2764.388667,1270.041591,431.68918),(2745.588085,1240.829563,41.776108),(2768.388085,1264.829563,431.776108),(2750.998228,1237.102509,41.68918),(2773.798228,1261.102509,431.68918),(2757.289535,1235.22529,41.436902),(2780.089535,1259.22529,431.436902),(2763.846167,1235.381634,41.04397),(2786.646167,1259.381634,431.04397),(2770.026305,1237.556237,40.548848),(2792.826305,1261.556237,430.548848),(2775.224988,1241.536261,40.),(2798.024988,1265.536261,430.),(2778.933358,1246.932083,39.451152),(2801.733358,1270.932083,429.451152),(2780.788382,1253.215545,38.95603),(2803.588382,1277.215545,428.95603),(2780.608504,1259.771573,38.563098),(2803.408504,1283.771573,428.563098),(2778.411333,1265.958409,38.31082),(2801.211333,1289.958409,428.31082)));
#874=IFCTRIANGULATEDFACESET(#873,$,.T.,((2,1,5),(2,5,3),(3,5,6),(3,6,4),(5,1,7),(5,7,6),(6,7,8),(6,8,4),(7,1,9),(7,9,8),(8,9,10),(8,10,4),(9,1,11),(9,11,10),(10,11,12),(10,12,4),(11,1,13),(11,13,12),(12,13,14),(12,14,4),(13,1,15),(13,15,14),(14,15,16),(14,16,4),(15,1,17),(15,17,16),(16,17,18),(16,18,4),(17,1,19),(17,19,18),(18,19,20),(18,20,4),(19,1,21),(19,21,20),(20,21,22),(20,22,4),(21,1,23),(21,23,22),(22,23,24),(22,24,4),(23,1,25),(23,25,24),(24,25,26),(24,26,4),(25,1,27),(25,27,26),(26,27,28),(26,28,4),(27,1,29),(27,29,28),(28,29,30),(28,30,4),(29,1,31),(29,31,30),(30,31,32),(30,32,4),(31,1,33),(31,33,32),(32,33,34),(32,34,4),(33,1,35),(33,35,34),(34,35,36),(34,36,4),(35,1,37),(35,37,36),(36,37,38),(36,38,4),(37,1,39),(37,39,38),(38,39,40),(38,40,4),(39,1,41),(39,41,40),(40,41,42),(40,42,4),(41,1,2),(41,2,42),(42,2,3),(42,3,4)),$);
#875=IFCCARTESIANPOINTLIST3D(((3140.,1256.,40.),(3125.588085,1271.170437,38.223892),(3102.788085,1295.170437,428.223892),(3117.2,1280.,430.),(3121.588667,1265.958409,38.31082),(3098.788667,1289.958409,428.31082),(3119.391496,1259.771573,38.563098),(3096.591496,1283.771573,428.563098),(3119.211618,1253.215545,38.95603),(3096.411618,1277.215545,428.95603),(3121.066642,1246.932083,39.451152),(3098.266642,1270.932083,429.451152),(3124.775012,1241.536261,40.),(3101.975012,1265.536261,430.),(3129.973695,1237.556237,40.548848),(3107.173695,1261.556237,430.548848),(3136.153833,1235.381634,41.04397),(3113.353833,1259.381634,431.04397),(3142.710465,1235.22529,41.436902),(3119.910465,1259.22529,431.436902),(3149.001772,1237.102509,41.68918),(3126.201772,1261.102509,431.68918),(3154.411915,1240.829563,41.776108),(3131.611915,1264.829563,431.776108),(3158.411333,1246.041591,41.68918),(3135.611333,1270.041591,431.68918),(3160.608504,1252.228427,41.436902),(3137.808504,1276.228427,431.436902),(3160.788382,1258.784455,41.04397),(3137.988382,1282.784455,431.04397),(3158.933358,1265.067917,40.548848),(3136.133358,1289.067917,430.548848),(3155.224988,1270.463739,40.),(3132.424988,1294.463739,430.),(3150.026305,1274.443763,39.451152),(3127.226305,1298.443763,429.451152),(3143.846167,1276.618366,38.95603),(3121.046167,1300.618366,428.95603),(3137.289535,1276.77471,38.563098),(3114.489535,1300.77471,428.563098),(3130.998228,1274.897491,38.31082),(3108.198228,1298.897491,428.31082)));
#876=IFCTRIANGULATEDFACESET(#875,$,.T.,((2,1,5),(2,5,3),(3,5,6),(3,6,4),(5,1,7),(5,7,6),(6,7,8),(6,8,4),(7,1,9),(7,9,8),(8,9,10),(8,10,4),(9,1,11),(9,11,10),(10,11,12),(10,12,4),(11,1,13),(11,13,12),(12,13,14),(12,14,4),(13,1,15),(13,15,14),(14,15,16),(14,16,4),(15,1,17),(15,17,16),(16,17,18),(16,18,4),(17,1,19),(17,19,18),(18,19,20),(18,20,4),(19,1,21),(19,21,20),(20,21,22),(20,22,4),(21,1,23),(21,23,22),(22,23,24),(22,24,4),(23,1,25),(23,25,24),(24,25,26),(24,26,4),(25,1,27),(25,27,26),(26,27,28),(26,28,4),(27,1,29),(27,29,28),(28,29,30),(28,30,4),(29,1,31),(29,31,30),(30,31,32),(30,32,4),(31,1,33),(31,33,32),(32,33,34),(32,34,4),(33,1,35),(33,35,34),(34,35,36),(34,36,4),(35,1,37),(35,37,36),(36,37,38),(36,38,4),(37,1,39),(37,39,38),(38,39,40),(38,40,4),(39,1,41),(39,41,40),(40,41,42),(40,42,4),(41,1,2),(41,2,42),(42,2,3),(42,3,4)),$);
#877=IFCCARTESIANPOINTLIST3D(((2718.313,1682.687,428.313),(2715.613,1685.387,435.559),(2714.239,1686.761,445.44),(2714.226,1686.774,460.),(2714.239,1686.761,474.56),(2715.613,1685.387,484.441),(2718.313,1682.687,491.687),(2786.667,1686.774,424.226),(2786.667,1692.404,431.884),(2786.667,1695.964,445.002),(2786.667,1696.,460.),(2786.667,1695.964,474.998),(2786.667,1692.404,488.116),(2786.667,1686.774,495.774),(2868.333,1686.774,424.226),(2868.333,1692.404,431.884),(2868.333,1695.964,445.002),(2868.333,1696.,460.),(2868.333,1695.964,474.998),(2868.333,1692.404,488.116),(2868.333,1686.774,495.774),(2950.,1686.774,424.226),(2950.,1692.404,431.884),(2950.,1695.964,445.002),(2950.,1696.,460.),(2950.,1695.964,474.998),(2950.,1692.404,488.116),(2950.,1686.774,495.774),(3031.667,1686.774,424.226),(3031.667,1692.404,431.884),(3031.667,1695.964,445.002),(3031.667,1696.,460.),(3031.667,1695.964,474.998),(3031.667,1692.404,488.116),(3031.667,1686.774,495.774),(3113.333,1686.774,424.226),(3113.333,1692.404,431.884),(3113.333,1695.964,445.002),(3113.333,1696.,460.),(3113.333,1695.964,474.998),(3113.333,1692.404,488.116),(3113.333,1686.774,495.774),(3181.687,1682.687,428.313),(3184.387,1685.387,435.559),(3185.761,1686.761,445.44),(3185.774,1686.774,460.),(3185.761,1686.761,474.56),(3184.387,1685.387,484.441),(3181.687,1682.687,491.687),(2718.313,1229.313,428.313),(2715.613,1226.613,435.559),(2714.239,1225.239,445.44),(2714.226,1225.226,460.),(2714.239,1225.239,474.56),(2715.613,1226.613,484.441),(2718.313,1229.313,491.687),(2786.667,1225.226,424.226),(2786.667,1219.596,431.884),(2786.667,1216.036,445.002),(2786.667,1216.,460.),(2786.667,1216.036,474.998),(2786.667,1219.596,488.116),(2786.667,1225.226,495.774),(2868.333,1225.226,424.226),(2868.333,1219.596,431.884),(2868.333,1216.036,445.002),(2868.333,1216.,460.),(2868.333,1216.036,474.998),(2868.333,1219.596,488.116),(2868.333,1225.226,495.774),(2950.,1225.226,424.226),(2950.,1219.596,431.884),(2950.,1216.036,445.002),(2950.,1216.,460.),(2950.,1216.036,474.998),(2950.,1219.596,488.116),(2950.,1225.226,495.774),(3031.667,1225.226,424.226),(3031.667,1219.596,431.884),(3031.667,1216.036,445.002),(3031.667,1216.,460.),(3031.667,1216.036,474.998),(3031.667,1219.596,488.116),(3031.667,1225.226,495.774),(3113.333,1225.226,424.226),(3113.333,1219.596,431.884),(3113.333,1216.036,445.002),(3113.333,1216.,460.),(3113.333,1216.036,474.998),(3113.333,1219.596,488.116),(3113.333,1225.226,495.774),(3181.687,1229.313,428.313),(3184.387,1226.613,435.559),(3185.761,1225.239,445.44),(3185.774,1225.226,460.),(3185.761,1225.239,474.56),(3184.387,1226.613,484.441),(3181.687,1229.313,491.687),(2714.226,1616.,424.226),(2708.596,1616.,431.884),(2705.036,1616.,445.002),(2705.,1616.,460.),(2705.036,1616.,474.998),(2708.596,1616.,488.116),(2714.226,1616.,495.774),(2714.226,1536.,424.226),(2708.596,1536.,431.884),(2705.036,1536.,445.002),(2705.,1536.,460.),(2705.036,1536.,474.998),(2708.596,1536.,488.116),(2714.226,1536.,495.774),(2714.226,1456.,424.226),(2708.596,1456.,431.884),(2705.036,1456.,445.002),(2705.,1456.,460.),(2705.036,1456.,474.998),(2708.596,1456.,488.116),(2714.226,1456.,495.774),(2714.226,1376.,424.226),(2708.596,1376.,431.884),(2705.036,1376.,445.002),(2705.,1376.,460.),(2705.036,1376.,474.998),(2708.596,1376.,488.116),(2714.226,1376.,495.774),(2714.226,1296.,424.226),(2708.596,1296.,431.884),(2705.036,1296.,445.002),(2705.,1296.,460.),(2705.036,1296.,474.998),(2708.596,1296.,488.116),(2714.226,1296.,495.774),(3185.774,1616.,424.226),(3191.404,1616.,431.884),(3194.964,1616.,445.002),(3195.,1616.,460.),(3194.964,1616.,474.998),(3191.404,1616.,488.116),(3185.774,1616.,495.774),(3185.774,1536.,424.226),(3191.404,1536.,431.884),(3194.964,1536.,445.002),(3195.,1536.,460.),(3194.964,1536.,474.998),(3191.404,1536.,488.116),(3185.774,1536.,495.774),(3185.774,1456.,424.226),(3191.404,1456.,431.884),(3194.964,1456.,445.002),(3195.,1456.,460.),(3194.964,1456.,474.998),(3191.404,1456.,488.116),(3185.774,1456.,495.774),(3185.774,1376.,424.226),(3191.404,1376.,431.884),(3194.964,1376.,445.002),(3195.,1376.,460.),(3194.964,1376.,474.998),(3191.404,1376.,488.116),(3185.774,1376.,495.774),(3185.774,1296.,424.226),(3191.404,1296.,431.884),(3194.964,1296.,445.002),(3195.,1296.,460.),(3194.964,1296.,474.998),(3191.404,1296.,488.116),(3185.774,1296.,495.774),(2786.667,1616.,415.),(2868.333,1616.,415.),(2950.,1616.,415.),(3031.667,1616.,415.),(3113.333,1616.,415.),(2786.667,1536.,415.),(2868.333,1536.,415.),(2950.,1536.,415.),(3031.667,1536.,415.),(3113.333,1536.,415.),(2786.667,1456.,415.),(2868.333,1456.,415.),(2950.,1456.,415.),(3031.667,1456.,415.),(3113.333,1456.,415.),(2786.667,1376.,415.),(2868.333,1376.,415.),(2950.,1376.,415.),(3031.667,1376.,415.),(3113.333,1376.,415.),(2786.667,1296.,415.),(2868.333,1296.,415.),(2950.,1296.,415.),(3031.667,1296.,415.),(3113.333,1296.,415.),(2786.667,1616.,505.),(2868.333,1616.,505.),(2950.,1616.,505.),(3031.667,1616.,505.),(3113.333,1616.,505.),(2786.667,1536.,505.),(2868.333,1536.,505.),(2950.,1536.,505.),(3031.667,1536.,505.),(3113.333,1536.,505.),(2786.667,1456.,505.),(2868.333,1456.,505.),(2950.,1456.,505.),(3031.667,1456.,505.),(3113.333,1456.,505.),(2786.667,1376.,505.),(2868.333,1376.,505.),(2950.,1376.,505.),(3031.667,1376.,505.),(3113.333,1376.,505.),(2786.667,1296.,505.),(2868.333,1296.,505.),(2950.,1296.,505.),(3031.667,1296.,505.),(3113.333,1296.,505.)));
#878=IFCTRIANGULATEDFACESET(#877,$,.T.,((1,2,9),(1,9,8),(2,3,10),(2,10,9),(3,4,11),(3,11,10),(4,5,12),(4,12,11),(5,6,13),(5,13,12),(6,7,14),(6,14,13),(8,9,16),(8,16,15),(9,10,17),(9,17,16),(10,11,18),(10,18,17),(11,12,19),(11,19,18),(12,13,20),(12,20,19),(13,14,21),(13,21,20),(15,16,23),(15,23,22),(16,17,24),(16,24,23),(17,18,25),(17,25,24),(18,19,26),(18,26,25),(19,20,27),(19,27,26),(20,21,28),(20,28,27),(22,23,30),(22,30,29),(23,24,31),(23,31,30),(24,25,32),(24,32,31),(25,26,33),(25,33,32),(26,27,34),(26,34,33),(27,28,35),(27,35,34),(29,30,37),(29,37,36),(30,31,38),(30,38,37),(31,32,39),(31,39,38),(32,33,40),(32,40,39),(33,34,41),(33,41,40),(34,35,42),(34,42,41),(36,37,44),(36,44,43),(37,38,45),(37,45,44),(38,39,46),(38,46,45),(39,40,47),(39,47,46),(40,41,48),(40,48,47),(41,42,49),(41,49,48),(58,51,50),(57,58,50),(59,52,51),(58,59,51),(60,53,52),(59,60,52),(61,54,53),(60,61,53),(62,55,54),(61,62,54),(63,56,55),(62,63,55),(65,58,57),(64,65,57),(66,59,58),(65,66,58),(67,60,59),(66,67,59),(68,61,60),(67,68,60),(69,62,61),(68,69,61),(70,63,62),(69,70,62),(72,65,64),(71,72,64),(73,66,65),(72,73,65),(74,67,66),(73,74,66),(75,68,67),(74,75,67),(76,69,68),(75,76,68),(77,70,69),(76,77,69),(79,72,71),(78,79,71),(80,73,72),(79,80,72),(81,74,73),(80,81,73),(82,75,74),(81,82,74),(83,76,75),(82,83,75),(84,77,76),(83,84,76),(86,79,78),(85,86,78),(87,80,79),(86,87,79),(88,81,80),(87,88,80),(89,82,81),(88,89,81),(90,83,82),(89,90,82),(91,84,83),(90,91,83),(93,86,85),(92,93,85),(94,87,86),(93,94,86),(95,88,87),(94,95,87),(96,89,88),(95,96,88),(97,90,89),(96,97,89),(98,91,90),(97,98,90),(100,2,1),(99,100,1),(101,3,2),(100,101,2),(102,4,3),(101,102,3),(103,5,4),(102,103,4),(104,6,5),(103,104,5),(105,7,6),(104,105,6),(107,100,99),(106,107,99),(108,101,100),(107,108,100),(109,102,101),(108,109,101),(110,103,102),(109,110,102),(111,104,103),(110,111,103),(112,105,104),(111,112,104),(114,107,106),(113,114,106),(115,108,107),(114,115,107),(116,109,108),(115,116,108),(117,110,109),(116,117,109),(118,111,110),(117,118,110),(119,112,111),(118,119,111),(121,114,113),(120,121,113),(122,115,114),(121,122,114),(123,116,115),(122,123,115),(124,117,116),(123,124,116),(125,118,117),(124,125,117),(126,119,118),(125,126,118),(128,121,120),(127,128,120),(129,122,121),(128,129,121),(130,123,122),(129,130,122),(131,124,123),(130,131,123),(132,125,124),(131,132,124),(133,126,125),(132,133,125),(51,128,127),(50,51,127),(52,129,128),(51,52,128),(53,130,129),(52,53,129),(54,131,130),(53,54,130),(55,132,131),(54,55,131),(56,133,132),(55,56,132),(43,44,135),(43,135,134),(44,45,136),(44,136,135),(45,46,137),(45,137,136),(46,47,138),(46,138,137),(47,48,139),(47,139,138),(48,49,140),(48,140,139),(134,135,142),(134,142,141),(135,136,143),(135,143,142),(136,137,144),(136,144,143),(137,138,145),(137,145,144),(138,139,146),(138,146,145),(139,140,147),(139,147,146),(141,142,149),(141,149,148),(142,143,150),(142,150,149),(143,144,151),(143,151,150),(144,145,152),(144,152,151),(145,146,153),(145,153,152),(146,147,154),(146,154,153),(148,149,156),(148,156,155),(149,150,157),(149,157,156),(150,151,158),(150,158,157),(151,152,159),(151,159,158),(152,153,160),(152,160,159),(153,154,161),(153,161,160),(155,156,163),(155,163,162),(156,157,164),(156,164,163),(157,158,165),(157,165,164),(158,159,166),(158,166,165),(159,160,167),(159,167,166),(160,161,168),(160,168,167),(162,163,93),(162,93,92),(163,164,94),(163,94,93),(164,165,95),(164,95,94),(165,166,96),(165,96,95),(166,167,97),(166,97,96),(167,168,98),(167,98,97),(1,8,169),(1,169,99),(8,15,170),(8,170,169),(15,22,171),(15,171,170),(22,29,172),(22,172,171),(29,36,173),(29,173,172),(36,43,134),(36,134,173),(99,169,174),(99,174,106),(169,170,175),(169,175,174),(170,171,176),(170,176,175),(171,172,177),(171,177,176),(172,173,178),(172,178,177),(173,134,141),(173,141,178),(106,174,179),(106,179,113),(174,175,180),(174,180,179),(175,176,181),(175,181,180),(176,177,182),(176,182,181),(177,178,183),(177,183,182),(178,141,148),(178,148,183),(113,179,184),(113,184,120),(179,180,185),(179,185,184),(180,181,186),(180,186,185),(181,182,187),(181,187,186),(182,183,188),(182,188,187),(183,148,155),(183,155,188),(120,184,189),(120,189,127),(184,185,190),(184,190,189),(185,186,191),(185,191,190),(186,187,192),(186,192,191),(187,188,193),(187,193,192),(188,155,162),(188,162,193),(127,189,57),(127,57,50),(189,190,64),(189,64,57),(190,191,71),(190,71,64),(191,192,78),(191,78,71),(192,193,85),(192,85,78),(193,162,92),(193,92,85),(194,14,7),(105,194,7),(195,21,14),(194,195,14),(196,28,21),(195,196,21),(197,35,28),(196,197,28),(198,42,35),(197,198,35),(140,49,42),(198,140,42),(199,194,105),(112,199,105),(200,195,194),(199,200,194),(201,196,195),(200,201,195),(202,197,196),(201,202,196),(203,198,197),(202,203,197),(147,140,198),(203,147,198),(204,199,112),(119,204,112),(205,200,199),(204,205,199),(206,201,200),(205,206,200),(207,202,201),(206,207,201),(208,203,202),(207,208,202),(154,147,203),(208,154,203),(209,204,119),(126,209,119),(210,205,204),(209,210,204),(211,206,205),(210,211,205),(212,207,206),(211,212,206),(213,208,207),(212,213,207),(161,154,208),(213,161,208),(214,209,126),(133,214,126),(215,210,209),(214,215,209),(216,211,210),(215,216,210),(217,212,211),(216,217,211),(218,213,212),(217,218,212),(168,161,213),(218,168,213),(63,214,133),(56,63,133),(70,215,214),(63,70,214),(77,216,215),(70,77,215),(84,217,216),(77,84,216),(91,218,217),(84,91,217),(98,168,218),(91,98,218)),$);
#879=IFCCARTESIANPOINTLIST3D(((3150.,1656.,430.),(3169.909909,1656.,428.103818),(3209.909909,1656.,848.103818),(3190.,1656.,850.),(3168.935459,1662.18034,428.196623),(3208.935459,1662.18034,848.196623),(3166.107455,1667.7557,428.465957),(3206.107455,1667.7557,848.465957),(3161.702746,1672.18034,428.885453),(3201.702746,1672.18034,848.885453),(3156.1525,1675.02114,429.414048),(3196.1525,1675.02114,849.414048),(3150.,1676.,430.),(3190.,1676.,850.),(3143.8475,1675.02114,430.585952),(3183.8475,1675.02114,850.585952),(3138.297254,1672.18034,431.114547),(3178.297254,1672.18034,851.114547),(3133.892545,1667.7557,431.534043),(3173.892545,1667.7557,851.534043),(3131.064541,1662.18034,431.803377),(3171.064541,1662.18034,851.803377),(3130.090091,1656.,431.896182),(3170.090091,1656.,851.896182),(3131.064541,1649.81966,431.803377),(3171.064541,1649.81966,851.803377),(3133.892545,1644.2443,431.534043),(3173.892545,1644.2443,851.534043),(3138.297254,1639.81966,431.114547),(3178.297254,1639.81966,851.114547),(3143.8475,1636.97886,430.585952),(3183.8475,1636.97886,850.585952),(3150.,1636.,430.),(3190.,1636.,850.),(3156.1525,1636.97886,429.414048),(3196.1525,1636.97886,849.414048),(3161.702746,1639.81966,428.885453),(3201.702746,1639.81966,848.885453),(3166.107455,1644.2443,428.465957),(3206.107455,1644.2443,848.465957),(3168.935459,1649.81966,428.196623),(3208.935459,1649.81966,848.196623)));
#880=IFCTRIANGULATEDFACESET(#879,$,.T.,((2,1,5),(2,5,3),(3,5,6),(3,6,4),(5,1,7),(5,7,6),(6,7,8),(6,8,4),(7,1,9),(7,9,8),(8,9,10),(8,10,4),(9,1,11),(9,11,10),(10,11,12),(10,12,4),(11,1,13),(11,13,12),(12,13,14),(12,14,4),(13,1,15),(13,15,14),(14,15,16),(14,16,4),(15,1,17),(15,17,16),(16,17,18),(16,18,4),(17,1,19),(17,19,18),(18,19,20),(18,20,4),(19,1,21),(19,21,20),(20,21,22),(20,22,4),(21,1,23),(21,23,22),(22,23,24),(22,24,4),(23,1,25),(23,25,24),(24,25,26),(24,26,4),(25,1,27),(25,27,26),(26,27,28),(26,28,4),(27,1,29),(27,29,28),(28,29,30),(28,30,4),(29,1,31),(29,31,30),(30,31,32),(30,32,4),(31,1,33),(31,33,32),(32,33,34),(32,34,4),(33,1,35),(33,35,34),(34,35,36),(34,36,4),(35,1,37),(35,37,36),(36,37,38),(36,38,4),(37,1,39),(37,39,38),(38,39,40),(38,40,4),(39,1,41),(39,41,40),(40,41,42),(40,42,4),(41,1,2),(41,2,42),(42,2,3),(42,3,4)),$);
#881=IFCCARTESIANPOINTLIST3D(((3150.,1256.,430.),(3169.909909,1256.,428.103818),(3209.909909,1256.,848.103818),(3190.,1256.,850.),(3168.935459,1262.18034,428.196623),(3208.935459,1262.18034,848.196623),(3166.107455,1267.7557,428.465957),(3206.107455,1267.7557,848.465957),(3161.702746,1272.18034,428.885453),(3201.702746,1272.18034,848.885453),(3156.1525,1275.02114,429.414048),(3196.1525,1275.02114,849.414048),(3150.,1276.,430.),(3190.,1276.,850.),(3143.8475,1275.02114,430.585952),(3183.8475,1275.02114,850.585952),(3138.297254,1272.18034,431.114547),(3178.297254,1272.18034,851.114547),(3133.892545,1267.7557,431.534043),(3173.892545,1267.7557,851.534043),(3131.064541,1262.18034,431.803377),(3171.064541,1262.18034,851.803377),(3130.090091,1256.,431.896182),(3170.090091,1256.,851.896182),(3131.064541,1249.81966,431.803377),(3171.064541,1249.81966,851.803377),(3133.892545,1244.2443,431.534043),(3173.892545,1244.2443,851.534043),(3138.297254,1239.81966,431.114547),(3178.297254,1239.81966,851.114547),(3143.8475,1236.97886,430.585952),(3183.8475,1236.97886,850.585952),(3150.,1236.,430.),(3190.,1236.,850.),(3156.1525,1236.97886,429.414048),(3196.1525,1236.97886,849.414048),(3161.702746,1239.81966,428.885453),(3201.702746,1239.81966,848.885453),(3166.107455,1244.2443,428.465957),(3206.107455,1244.2443,848.465957),(3168.935459,1249.81966,428.196623),(3208.935459,1249.81966,848.196623)));
#882=IFCTRIANGULATEDFACESET(#881,$,.T.,((2,1,5),(2,5,3),(3,5,6),(3,6,4),(5,1,7),(5,7,6),(6,7,8),(6,8,4),(7,1,9),(7,9,8),(8,9,10),(8,10,4),(9,1,11),(9,11,10),(10,11,12),(10,12,4),(11,1,13),(11,13,12),(12,13,14),(12,14,4),(13,1,15),(13,15,14),(14,15,16),(14,16,4),(15,1,17),(15,17,16),(16,17,18),(16,18,4),(17,1,19),(17,19,18),(18,19,20),(18,20,4),(19,1,21),(19,21,20),(20,21,22),(20,22,4),(21,1,23),(21,23,22),(22,23,24),(22,24,4),(23,1,25),(23,25,24),(24,25,26),(24,26,4),(25,1,27),(25,27,26),(26,27,28),(26,28,4),(27,1,29),(27,29,28),(28,29,30),(28,30,4),(29,1,31),(29,31,30),(30,31,32),(30,32,4),(31,1,33),(31,33,32),(32,33,34),(32,34,4),(33,1,35),(33,35,34),(34,35,36),(34,36,4),(35,1,37),(35,37,36),(36,37,38),(36,38,4),(37,1,39),(37,39,38),(38,39,40),(38,40,4),(39,1,41),(39,41,40),(40,41,42),(40,42,4),(41,1,2),(41,2,42),(42,2,3),(42,3,4)),$);
#883=IFCCARTESIANPOINTLIST3D(((3150.074,1693.426,622.574),(3146.214,1697.286,653.333),(3146.214,1697.286,696.667),(3146.214,1697.286,740.),(3146.214,1697.286,783.333),(3146.214,1697.286,826.667),(3150.074,1693.426,857.426),(3156.917,1695.977,620.023),(3153.446,1702.603,653.333),(3153.446,1702.603,696.667),(3153.446,1702.603,740.),(3153.446,1702.603,783.333),(3153.446,1702.603,826.667),(3156.917,1695.977,859.977),(3166.249,1697.275,618.725),(3165.835,1705.966,653.333),(3165.835,1705.966,696.667),(3165.835,1705.966,740.),(3165.835,1705.966,783.333),(3165.835,1705.966,826.667),(3166.249,1697.275,861.275),(3180.,1697.286,618.714),(3180.,1706.,653.333),(3180.,1706.,696.667),(3180.,1706.,740.),(3180.,1706.,783.333),(3180.,1706.,826.667),(3180.,1697.286,861.286),(3193.751,1697.275,618.725),(3194.165,1705.966,653.333),(3194.165,1705.966,696.667),(3194.165,1705.966,740.),(3194.165,1705.966,783.333),(3194.165,1705.966,826.667),(3193.751,1697.275,861.275),(3203.083,1695.977,620.023),(3206.554,1702.603,653.333),(3206.554,1702.603,696.667),(3206.554,1702.603,740.),(3206.554,1702.603,783.333),(3206.554,1702.603,826.667),(3203.083,1695.977,859.977),(3209.926,1693.426,622.574),(3213.786,1697.286,653.333),(3213.786,1697.286,696.667),(3213.786,1697.286,740.),(3213.786,1697.286,783.333),(3213.786,1697.286,826.667),(3209.926,1693.426,857.426),(3150.074,1218.574,622.574),(3146.214,1214.714,653.333),(3146.214,1214.714,696.667),(3146.214,1214.714,740.),(3146.214,1214.714,783.333),(3146.214,1214.714,826.667),(3150.074,1218.574,857.426),(3156.917,1216.023,620.023),(3153.446,1209.397,653.333),(3153.446,1209.397,696.667),(3153.446,1209.397,740.),(3153.446,1209.397,783.333),(3153.446,1209.397,826.667),(3156.917,1216.023,859.977),(3166.249,1214.725,618.725),(3165.835,1206.034,653.333),(3165.835,1206.034,696.667),(3165.835,1206.034,740.),(3165.835,1206.034,783.333),(3165.835,1206.034,826.667),(3166.249,1214.725,861.275),(3180.,1214.714,618.714),(3180.,1206.,653.333),(3180.,1206.,696.667),(3180.,1206.,740.),(3180.,1206.,783.333),(3180.,1206.,826.667),(3180.,1214.714,861.286),(3193.751,1214.725,618.725),(3194.165,1206.034,653.333),(3194.165,1206.034,696.667),(3194.165,1206.034,740.),(3194.165,1206.034,783.333),(3194.165,1206.034,826.667),(3193.751,1214.725,861.275),(3203.083,1216.023,620.023),(3206.554,1209.397,653.333),(3206.554,1209.397,696.667),(3206.554,1209.397,740.),(3206.554,1209.397,783.333),(3206.554,1209.397,826.667),(3203.083,1216.023,859.977),(3209.926,1218.574,622.574),(3213.786,1214.714,653.333),(3213.786,1214.714,696.667),(3213.786,1214.714,740.),(3213.786,1214.714,783.333),(3213.786,1214.714,826.667),(3209.926,1218.574,857.426),(3146.214,1622.667,618.714),(3137.5,1622.667,653.333),(3137.5,1622.667,696.667),(3137.5,1622.667,740.),(3137.5,1622.667,783.333),(3137.5,1622.667,826.667),(3146.214,1622.667,861.286),(3146.214,1539.333,618.714),(3137.5,1539.333,653.333),(3137.5,1539.333,696.667),(3137.5,1539.333,740.),(3137.5,1539.333,783.333),(3137.5,1539.333,826.667),(3146.214,1539.333,861.286),(3146.214,1456.,618.714),(3137.5,1456.,653.333),(3137.5,1456.,696.667),(3137.5,1456.,740.),(3137.5,1456.,783.333),(3137.5,1456.,826.667),(3146.214,1456.,861.286),(3146.214,1372.667,618.714),(3137.5,1372.667,653.333),(3137.5,1372.667,696.667),(3137.5,1372.667,740.),(3137.5,1372.667,783.333),(3137.5,1372.667,826.667),(3146.214,1372.667,861.286),(3146.214,1289.333,618.714),(3137.5,1289.333,653.333),(3137.5,1289.333,696.667),(3137.5,1289.333,740.),(3137.5,1289.333,783.333),(3137.5,1289.333,826.667),(3146.214,1289.333,861.286),(3213.786,1622.667,618.714),(3222.5,1622.667,653.333),(3222.5,1622.667,696.667),(3222.5,1622.667,740.),(3222.5,1622.667,783.333),(3222.5,1622.667,826.667),(3213.786,1622.667,861.286),(3213.786,1539.333,618.714),(3222.5,1539.333,653.333),(3222.5,1539.333,696.667),(3222.5,1539.333,740.),(3222.5,1539.333,783.333),(3222.5,1539.333,826.667),(3213.786,1539.333,861.286),(3213.786,1456.,618.714),(3222.5,1456.,653.333),(3222.5,1456.,696.667),(3222.5,1456.,740.),(3222.5,1456.,783.333),(3222.5,1456.,826.667),(3213.786,1456.,861.286),(3213.786,1372.667,618.714),(3222.5,1372.667,653.333),(3222.5,1372.667,696.667),(3222.5,1372.667,740.),(3222.5,1372.667,783.333),(3222.5,1372.667,826.667),(3213.786,1372.667,861.286),(3213.786,1289.333,618.714),(3222.5,1289.333,653.333),(3222.5,1289.333,696.667),(3222.5,1289.333,740.),(3222.5,1289.333,783.333),(3222.5,1289.333,826.667),(3213.786,1289.333,861.286),(3153.446,1622.667,613.397),(3165.835,1622.667,610.034),(3180.,1622.667,610.),(3194.165,1622.667,610.034),(3206.554,1622.667,613.397),(3153.446,1539.333,613.397),(3165.835,1539.333,610.034),(3180.,1539.333,610.),(3194.165,1539.333,610.034),(3206.554,1539.333,613.397),(3153.446,1456.,613.397),(3165.835,1456.,610.034),(3180.,1456.,610.),(3194.165,1456.,610.034),(3206.554,1456.,613.397),(3153.446,1372.667,613.397),(3165.835,1372.667,610.034),(3180.,1372.667,610.),(3194.165,1372.667,610.034),(3206.554,1372.667,613.397),(3153.446,1289.333,613.397),(3165.835,1289.333,610.034),(3180.,1289.333,610.),(3194.165,1289.333,610.034),(3206.554,1289.333,613.397),(3153.446,1622.667,866.603),(3165.835,1622.667,869.966),(3180.,1622.667,870.),(3194.165,1622.667,869.966),(3206.554,1622.667,866.603),(3153.446,1539.333,866.603),(3165.835,1539.333,869.966),(3180.,1539.333,870.),(3194.165,1539.333,869.966),(3206.554,1539.333,866.603),(3153.446,1456.,866.603),(3165.835,1456.,869.966),(3180.,1456.,870.),(3194.165,1456.,869.966),(3206.554,1456.,866.603),(3153.446,1372.667,866.603),(3165.835,1372.667,869.966),(3180.,1372.667,870.),(3194.165,1372.667,869.966),(3206.554,1372.667,866.603),(3153.446,1289.333,866.603),(3165.835,1289.333,869.966),(3180.,1289.333,870.),(3194.165,1289.333,869.966),(3206.554,1289.333,866.603)));
#884=IFCTRIANGULATEDFACESET(#883,$,.T.,((1,2,9),(1,9,8),(2,3,10),(2,10,9),(3,4,11),(3,11,10),(4,5,12),(4,12,11),(5,6,13),(5,13,12),(6,7,14),(6,14,13),(8,9,16),(8,16,15),(9,10,17),(9,17,16),(10,11,18),(10,18,17),(11,12,19),(11,19,18),(12,13,20),(12,20,19),(13,14,21),(13,21,20),(15,16,23),(15,23,22),(16,17,24),(16,24,23),(17,18,25),(17,25,24),(18,19,26),(18,26,25),(19,20,27),(19,27,26),(20,21,28),(20,28,27),(22,23,30),(22,30,29),(23,24,31),(23,31,30),(24,25,32),(24,32,31),(25,26,33),(25,33,32),(26,27,34),(26,34,33),(27,28,35),(27,35,34),(29,30,37),(29,37,36),(30,31,38),(30,38,37),(31,32,39),(31,39,38),(32,33,40),(32,40,39),(33,34,41),(33,41,40),(34,35,42),(34,42,41),(36,37,44),(36,44,43),(37,38,45),(37,45,44),(38,39,46),(38,46,45),(39,40,47),(39,47,46),(40,41,48),(40,48,47),(41,42,49),(41,49,48),(58,51,50),(57,58,50),(59,52,51),(58,59,51),(60,53,52),(59,60,52),(61,54,53),(60,61,53),(62,55,54),(61,62,54),(63,56,55),(62,63,55),(65,58,57),(64,65,57),(66,59,58),(65,66,58),(67,60,59),(66,67,59),(68,61,60),(67,68,60),(69,62,61),(68,69,61),(70,63,62),(69,70,62),(72,65,64),(71,72,64),(73,66,65),(72,73,65),(74,67,66),(73,74,66),(75,68,67),(74,75,67),(76,69,68),(75,76,68),(77,70,69),(76,77,69),(79,72,71),(78,79,71),(80,73,72),(79,80,72),(81,74,73),(80,81,73),(82,75,74),(81,82,74),(83,76,75),(82,83,75),(84,77,76),(83,84,76),(86,79,78),(85,86,78),(87,80,79),(86,87,79),(88,81,80),(87,88,80),(89,82,81),(88,89,81),(90,83,82),(89,90,82),(91,84,83),(90,91,83),(93,86,85),(92,93,85),(94,87,86),(93,94,86),(95,88,87),(94,95,87),(96,89,88),(95,96,88),(97,90,89),(96,97,89),(98,91,90),(97,98,90),(100,2,1),(99,100,1),(101,3,2),(100,101,2),(102,4,3),(101,102,3),(103,5,4),(102,103,4),(104,6,5),(103,104,5),(105,7,6),(104,105,6),(107,100,99),(106,107,99),(108,101,100),(107,108,100),(109,102,101),(108,109,101),(110,103,102),(109,110,102),(111,104,103),(110,111,103),(112,105,104),(111,112,104),(114,107,106),(113,114,106),(115,108,107),(114,115,107),(116,109,108),(115,116,108),(117,110,109),(116,117,109),(118,111,110),(117,118,110),(119,112,111),(118,119,111),(121,114,113),(120,121,113),(122,115,114),(121,122,114),(123,116,115),(122,123,115),(124,117,116),(123,124,116),(125,118,117),(124,125,117),(126,119,118),(125,126,118),(128,121,120),(127,128,120),(129,122,121),(128,129,121),(130,123,122),(129,130,122),(131,124,123),(130,131,123),(132,125,124),(131,132,124),(133,126,125),(132,133,125),(51,128,127),(50,51,127),(52,129,128),(51,52,128),(53,130,129),(52,53,129),(54,131,130),(53,54,130),(55,132,131),(54,55,131),(56,133,132),(55,56,132),(43,44,135),(43,135,134),(44,45,136),(44,136,135),(45,46,137),(45,137,136),(46,47,138),(46,138,137),(47,48,139),(47,139,138),(48,49,140),(48,140,139),(134,135,142),(134,142,141),(135,136,143),(135,143,142),(136,137,144),(136,144,143),(137,138,145),(137,145,144),(138,139,146),(138,146,145),(139,140,147),(139,147,146),(141,142,149),(141,149,148),(142,143,150),(142,150,149),(143,144,151),(143,151,150),(144,145,152),(144,152,151),(145,146,153),(145,153,152),(146,147,154),(146,154,153),(148,149,156),(148,156,155),(149,150,157),(149,157,156),(150,151,158),(150,158,157),(151,152,159),(151,159,158),(152,153,160),(152,160,159),(153,154,161),(153,161,160),(155,156,163),(155,163,162),(156,157,164),(156,164,163),(157,158,165),(157,165,164),(158,159,166),(158,166,165),(159,160,167),(159,167,166),(160,161,168),(160,168,167),(162,163,93),(162,93,92),(163,164,94),(163,94,93),(164,165,95),(164,95,94),(165,166,96),(165,96,95),(166,167,97),(166,97,96),(167,168,98),(167,98,97),(1,8,169),(1,169,99),(8,15,170),(8,170,169),(15,22,171),(15,171,170),(22,29,172),(22,172,171),(29,36,173),(29,173,172),(36,43,134),(36,134,173),(99,169,174),(99,174,106),(169,170,175),(169,175,174),(170,171,176),(170,176,175),(171,172,177),(171,177,176),(172,173,178),(172,178,177),(173,134,141),(173,141,178),(106,174,179),(106,179,113),(174,175,180),(174,180,179),(175,176,181),(175,181,180),(176,177,182),(176,182,181),(177,178,183),(177,183,182),(178,141,148),(178,148,183),(113,179,184),(113,184,120),(179,180,185),(179,185,184),(180,181,186),(180,186,185),(181,182,187),(181,187,186),(182,183,188),(182,188,187),(183,148,155),(183,155,188),(120,184,189),(120,189,127),(184,185,190),(184,190,189),(185,186,191),(185,191,190),(186,187,192),(186,192,191),(187,188,193),(187,193,192),(188,155,162),(188,162,193),(127,189,57),(127,57,50),(189,190,64),(189,64,57),(190,191,71),(190,71,64),(191,192,78),(191,78,71),(192,193,85),(192,85,78),(193,162,92),(193,92,85),(194,14,7),(105,194,7),(195,21,14),(194,195,14),(196,28,21),(195,196,21),(197,35,28),(196,197,28),(198,42,35),(197,198,35),(140,49,42),(198,140,42),(199,194,105),(112,199,105),(200,195,194),(199,200,194),(201,196,195),(200,201,195),(202,197,196),(201,202,196),(203,198,197),(202,203,197),(147,140,198),(203,147,198),(204,199,112),(119,204,112),(205,200,199),(204,205,199),(206,201,200),(205,206,200),(207,202,201),(206,207,201),(208,203,202),(207,208,202),(154,147,203),(208,154,203),(209,204,119),(126,209,119),(210,205,204),(209,210,204),(211,206,205),(210,211,205),(212,207,206),(211,212,206),(213,208,207),(212,213,207),(161,154,208),(213,161,208),(214,209,126),(133,214,126),(215,210,209),(214,215,209),(216,211,210),(215,216,210),(217,212,211),(216,217,211),(218,213,212),(217,218,212),(168,161,213),(218,168,213),(63,214,133),(56,63,133),(70,215,214),(63,70,214),(77,216,215),(70,77,215),(84,217,216),(77,84,216),(91,218,217),(84,91,217),(98,168,218),(91,98,218)),$);
#885=IFCCARTESIANPOINTLIST3D(((1800.,1904.,40.),(1785.588085,1919.170437,38.223892),(1762.788085,1943.170437,428.223892),(1777.2,1928.,430.),(1781.588667,1913.958409,38.31082),(1758.788667,1937.958409,428.31082),(1779.391496,1907.771573,38.563098),(1756.591496,1931.771573,428.563098),(1779.211618,1901.215545,38.95603),(1756.411618,1925.215545,428.95603),(1781.066642,1894.932083,39.451152),(1758.266642,1918.932083,429.451152),(1784.775012,1889.536261,40.),(1761.975012,1913.536261,430.),(1789.973695,1885.556237,40.548848),(1767.173695,1909.556237,430.548848),(1796.153833,1883.381634,41.04397),(1773.353833,1907.381634,431.04397),(1802.710465,1883.22529,41.436902),(1779.910465,1907.22529,431.436902),(1809.001772,1885.102509,41.68918),(1786.201772,1909.102509,431.68918),(1814.411915,1888.829563,41.776108),(1791.611915,1912.829563,431.776108),(1818.411333,1894.041591,41.68918),(1795.611333,1918.041591,431.68918),(1820.608504,1900.228427,41.436902),(1797.808504,1924.228427,431.436902),(1820.788382,1906.784455,41.04397),(1797.988382,1930.784455,431.04397),(1818.933358,1913.067917,40.548848),(1796.133358,1937.067917,430.548848),(1815.224988,1918.463739,40.),(1792.424988,1942.463739,430.),(1810.026305,1922.443763,39.451152),(1787.226305,1946.443763,429.451152),(1803.846167,1924.618366,38.95603),(1781.046167,1948.618366,428.95603),(1797.289535,1924.77471,38.563098),(1774.489535,1948.77471,428.563098),(1790.998228,1922.897491,38.31082),(1768.198228,1946.897491,428.31082)));
#886=IFCTRIANGULATEDFACESET(#885,$,.T.,((2,1,5),(2,5,3),(3,5,6),(3,6,4),(5,1,7),(5,7,6),(6,7,8),(6,8,4),(7,1,9),(7,9,8),(8,9,10),(8,10,4),(9,1,11),(9,11,10),(10,11,12),(10,12,4),(11,1,13),(11,13,12),(12,13,14),(12,14,4),(13,1,15),(13,15,14),(14,15,16),(14,16,4),(15,1,17),(15,17,16),(16,17,18),(16,18,4),(17,1,19),(17,19,18),(18,19,20),(18,20,4),(19,1,21),(19,21,20),(20,21,22),(20,22,4),(21,1,23),(21,23,22),(22,23,24),(22,24,4),(23,1,25),(23,25,24),(24,25,26),(24,26,4),(25,1,27),(25,27,26),(26,27,28),(26,28,4),(27,1,29),(27,29,28),(28,29,30),(28,30,4),(29,1,31),(29,31,30),(30,31,32),(30,32,4),(31,1,33),(31,33,32),(32,33,34),(32,34,4),(33,1,35),(33,35,34),(34,35,36),(34,36,4),(35,1,37),(35,37,36),(36,37,38),(36,38,4),(37,1,39),(37,39,38),(38,39,40),(38,40,4),(39,1,41),(39,41,40),(40,41,42),(40,42,4),(41,1,2),(41,2,42),(42,2,3),(42,3,4)),$);
#887=IFCCARTESIANPOINTLIST3D(((1420.,1904.,40.),(1434.411915,1919.170437,38.223892),(1457.211915,1943.170437,428.223892),(1442.8,1928.,430.),(1429.001772,1922.897491,38.31082),(1451.801772,1946.897491,428.31082),(1422.710465,1924.77471,38.563098),(1445.510465,1948.77471,428.563098),(1416.153833,1924.618366,38.95603),(1438.953833,1948.618366,428.95603),(1409.973695,1922.443763,39.451152),(1432.773695,1946.443763,429.451152),(1404.775012,1918.463739,40.),(1427.575012,1942.463739,430.),(1401.066642,1913.067917,40.548848),(1423.866642,1937.067917,430.548848),(1399.211618,1906.784455,41.04397),(1422.011618,1930.784455,431.04397),(1399.391496,1900.228427,41.436902),(1422.191496,1924.228427,431.436902),(1401.588667,1894.041591,41.68918),(1424.388667,1918.041591,431.68918),(1405.588085,1888.829563,41.776108),(1428.388085,1912.829563,431.776108),(1410.998228,1885.102509,41.68918),(1433.798228,1909.102509,431.68918),(1417.289535,1883.22529,41.436902),(1440.089535,1907.22529,431.436902),(1423.846167,1883.381634,41.04397),(1446.646167,1907.381634,431.04397),(1430.026305,1885.556237,40.548848),(1452.826305,1909.556237,430.548848),(1435.224988,1889.536261,40.),(1458.024988,1913.536261,430.),(1438.933358,1894.932083,39.451152),(1461.733358,1918.932083,429.451152),(1440.788382,1901.215545,38.95603),(1463.588382,1925.215545,428.95603),(1440.608504,1907.771573,38.563098),(1463.408504,1931.771573,428.563098),(1438.411333,1913.958409,38.31082),(1461.211333,1937.958409,428.31082)));
#888=IFCTRIANGULATEDFACESET(#887,$,.T.,((2,1,5),(2,5,3),(3,5,6),(3,6,4),(5,1,7),(5,7,6),(6,7,8),(6,8,4),(7,1,9),(7,9,8),(8,9,10),(8,10,4),(9,1,11),(9,11,10),(10,11,12),(10,12,4),(11,1,13),(11,13,12),(12,13,14),(12,14,4),(13,1,15),(13,15,14),(14,15,16),(14,16,4),(15,1,17),(15,17,16),(16,17,18),(16,18,4),(17,1,19),(17,19,18),(18,19,20),(18,20,4),(19,1,21),(19,21,20),(20,21,22),(20,22,4),(21,1,23),(21,23,22),(22,23,24),(22,24,4),(23,1,25),(23,25,24),(24,25,26),(24,26,4),(25,1,27),(25,27,26),(26,27,28),(26,28,4),(27,1,29),(27,29,28),(28,29,30),(28,30,4),(29,1,31),(29,31,30),(30,31,32),(30,32,4),(31,1,33),(31,33,32),(32,33,34),(32,34,4),(33,1,35),(33,35,34),(34,35,36),(34,36,4),(35,1,37),(35,37,36),(36,37,38),(36,38,4),(37,1,39),(37,39,38),(38,39,40),(38,40,4),(39,1,41),(39,41,40),(40,41,42),(40,42,4),(41,1,2),(41,2,42),(42,2,3),(42,3,4)),$);
#889=IFCCARTESIANPOINTLIST3D(((1800.,2304.,40.),(1785.588085,2288.829563,38.223892),(1762.788085,2264.829563,428.223892),(1777.2,2280.,430.),(1790.998228,2285.102509,38.31082),(1768.198228,2261.102509,428.31082),(1797.289535,2283.22529,38.563098),(1774.489535,2259.22529,428.563098),(1803.846167,2283.381634,38.95603),(1781.046167,2259.381634,428.95603),(1810.026305,2285.556237,39.451152),(1787.226305,2261.556237,429.451152),(1815.224988,2289.536261,40.),(1792.424988,2265.536261,430.),(1818.933358,2294.932083,40.548848),(1796.133358,2270.932083,430.548848),(1820.788382,2301.215545,41.04397),(1797.988382,2277.215545,431.04397),(1820.608504,2307.771573,41.436902),(1797.808504,2283.771573,431.436902),(1818.411333,2313.958409,41.68918),(1795.611333,2289.958409,431.68918),(1814.411915,2319.170437,41.776108),(1791.611915,2295.170437,431.776108),(1809.001772,2322.897491,41.68918),(1786.201772,2298.897491,431.68918),(1802.710465,2324.77471,41.436902),(1779.910465,2300.77471,431.436902),(1796.153833,2324.618366,41.04397),(1773.353833,2300.618366,431.04397),(1789.973695,2322.443763,40.548848),(1767.173695,2298.443763,430.548848),(1784.775012,2318.463739,40.),(1761.975012,2294.463739,430.),(1781.066642,2313.067917,39.451152),(1758.266642,2289.067917,429.451152),(1779.211618,2306.784455,38.95603),(1756.411618,2282.784455,428.95603),(1779.391496,2300.228427,38.563098),(1756.591496,2276.228427,428.563098),(1781.588667,2294.041591,38.31082),(1758.788667,2270.041591,428.31082)));
#890=IFCTRIANGULATEDFACESET(#889,$,.T.,((2,1,5),(2,5,3),(3,5,6),(3,6,4),(5,1,7),(5,7,6),(6,7,8),(6,8,4),(7,1,9),(7,9,8),(8,9,10),(8,10,4),(9,1,11),(9,11,10),(10,11,12),(10,12,4),(11,1,13),(11,13,12),(12,13,14),(12,14,4),(13,1,15),(13,15,14),(14,15,16),(14,16,4),(15,1,17),(15,17,16),(16,17,18),(16,18,4),(17,1,19),(17,19,18),(18,19,20),(18,20,4),(19,1,21),(19,21,20),(20,21,22),(20,22,4),(21,1,23),(21,23,22),(22,23,24),(22,24,4),(23,1,25),(23,25,24),(24,25,26),(24,26,4),(25,1,27),(25,27,26),(26,27,28),(26,28,4),(27,1,29),(27,29,28),(28,29,30),(28,30,4),(29,1,31),(29,31,30),(30,31,32),(30,32,4),(31,1,33),(31,33,32),(32,33,34),(32,34,4),(33,1,35),(33,35,34),(34,35,36),(34,36,4),(35,1,37),(35,37,36),(36,37,38),(36,38,4),(37,1,39),(37,39,38),(38,39,40),(38,40,4),(39,1,41),(39,41,40),(40,41,42),(40,42,4),(41,1,2),(41,2,42),(42,2,3),(42,3,4)),$);
#891=IFCCARTESIANPOINTLIST3D(((1420.,2304.,40.),(1434.411915,2288.829563,38.223892),(1457.211915,2264.829563,428.223892),(1442.8,2280.,430.),(1438.411333,2294.041591,38.31082),(1461.211333,2270.041591,428.31082),(1440.608504,2300.228427,38.563098),(1463.408504,2276.228427,428.563098),(1440.788382,2306.784455,38.95603),(1463.588382,2282.784455,428.95603),(1438.933358,2313.067917,39.451152),(1461.733358,2289.067917,429.451152),(1435.224988,2318.463739,40.),(1458.024988,2294.463739,430.),(1430.026305,2322.443763,40.548848),(1452.826305,2298.443763,430.548848),(1423.846167,2324.618366,41.04397),(1446.646167,2300.618366,431.04397),(1417.289535,2324.77471,41.436902),(1440.089535,2300.77471,431.436902),(1410.998228,2322.897491,41.68918),(1433.798228,2298.897491,431.68918),(1405.588085,2319.170437,41.776108),(1428.388085,2295.170437,431.776108),(1401.588667,2313.958409,41.68918),(1424.388667,2289.958409,431.68918),(1399.391496,2307.771573,41.436902),(1422.191496,2283.771573,431.436902),(1399.211618,2301.215545,41.04397),(1422.011618,2277.215545,431.04397),(1401.066642,2294.932083,40.548848),(1423.866642,2270.932083,430.548848),(1404.775012,2289.536261,40.),(1427.575012,2265.536261,430.),(1409.973695,2285.556237,39.451152),(1432.773695,2261.556237,429.451152),(1416.153833,2283.381634,38.95603),(1438.953833,2259.381634,428.95603),(1422.710465,2283.22529,38.563098),(1445.510465,2259.22529,428.563098),(1429.001772,2285.102509,38.31082),(1451.801772,2261.102509,428.31082)));
#892=IFCTRIANGULATEDFACESET(#891,$,.T.,((2,1,5),(2,5,3),(3,5,6),(3,6,4),(5,1,7),(5,7,6),(6,7,8),(6,8,4),(7,1,9),(7,9,8),(8,9,10),(8,10,4),(9,1,11),(9,11,10),(10,11,12),(10,12,4),(11,1,13),(11,13,12),(12,13,14),(12,14,4),(13,1,15),(13,15,14),(14,15,16),(14,16,4),(15,1,17),(15,17,16),(16,17,18),(16,18,4),(17,1,19),(17,19,18),(18,19,20),(18,20,4),(19,1,21),(19,21,20),(20,21,22),(20,22,4),(21,1,23),(21,23,22),(22,23,24),(22,24,4),(23,1,25),(23,25,24),(24,25,26),(24,26,4),(25,1,27),(25,27,26),(26,27,28),(26,28,4),(27,1,29),(27,29,28),(28,29,30),(28,30,4),(29,1,31),(29,31,30),(30,31,32),(30,32,4),(31,1,33),(31,33,32),(32,33,34),(32,34,4),(33,1,35),(33,35,34),(34,35,36),(34,36,4),(35,1,37),(35,37,36),(36,37,38),(36,38,4),(37,1,39),(37,39,38),(38,39,40),(38,40,4),(39,1,41),(39,41,40),(40,41,42),(40,42,4),(41,1,2),(41,2,42),(42,2,3),(42,3,4)),$);
#893=IFCCARTESIANPOINTLIST3D(((1841.687,1877.313,428.313),(1844.387,1874.613,435.559),(1845.761,1873.239,445.44),(1845.774,1873.226,460.),(1845.761,1873.239,474.56),(1844.387,1874.613,484.441),(1841.687,1877.313,491.687),(1773.333,1873.226,424.226),(1773.333,1867.596,431.884),(1773.333,1864.036,445.002),(1773.333,1864.,460.),(1773.333,1864.036,474.998),(1773.333,1867.596,488.116),(1773.333,1873.226,495.774),(1691.667,1873.226,424.226),(1691.667,1867.596,431.884),(1691.667,1864.036,445.002),(1691.667,1864.,460.),(1691.667,1864.036,474.998),(1691.667,1867.596,488.116),(1691.667,1873.226,495.774),(1610.,1873.226,424.226),(1610.,1867.596,431.884),(1610.,1864.036,445.002),(1610.,1864.,460.),(1610.,1864.036,474.998),(1610.,1867.596,488.116),(1610.,1873.226,495.774),(1528.333,1873.226,424.226),(1528.333,1867.596,431.884),(1528.333,1864.036,445.002),(1528.333,1864.,460.),(1528.333,1864.036,474.998),(1528.333,1867.596,488.116),(1528.333,1873.226,495.774),(1446.667,1873.226,424.226),(1446.667,1867.596,431.884),(1446.667,1864.036,445.002),(1446.667,1864.,460.),(1446.667,1864.036,474.998),(1446.667,1867.596,488.116),(1446.667,1873.226,495.774),(1378.313,1877.313,428.313),(1375.613,1874.613,435.559),(1374.239,1873.239,445.44),(1374.226,1873.226,460.),(1374.239,1873.239,474.56),(1375.613,1874.613,484.441),(1378.313,1877.313,491.687),(1841.687,2330.687,428.313),(1844.387,2333.387,435.559),(1845.761,2334.761,445.44),(1845.774,2334.774,460.),(1845.761,2334.761,474.56),(1844.387,2333.387,484.441),(1841.687,2330.687,491.687),(1773.333,2334.774,424.226),(1773.333,2340.404,431.884),(1773.333,2343.964,445.002),(1773.333,2344.,460.),(1773.333,2343.964,474.998),(1773.333,2340.404,488.116),(1773.333,2334.774,495.774),(1691.667,2334.774,424.226),(1691.667,2340.404,431.884),(1691.667,2343.964,445.002),(1691.667,2344.,460.),(1691.667,2343.964,474.998),(1691.667,2340.404,488.116),(1691.667,2334.774,495.774),(1610.,2334.774,424.226),(1610.,2340.404,431.884),(1610.,2343.964,445.002),(1610.,2344.,460.),(1610.,2343.964,474.998),(1610.,2340.404,488.116),(1610.,2334.774,495.774),(1528.333,2334.774,424.226),(1528.333,2340.404,431.884),(1528.333,2343.964,445.002),(1528.333,2344.,460.),(1528.333,2343.964,474.998),(1528.333,2340.404,488.116),(1528.333,2334.774,495.774),(1446.667,2334.774,424.226),(1446.667,2340.404,431.884),(1446.667,2343.964,445.002),(1446.667,2344.,460.),(1446.667,2343.964,474.998),(1446.667,2340.404,488.116),(1446.667,2334.774,495.774),(1378.313,2330.687,428.313),(1375.613,2333.387,435.559),(1374.239,2334.761,445.44),(1374.226,2334.774,460.),(1374.239,2334.761,474.56),(1375.613,2333.387,484.441),(1378.313,2330.687,491.687),(1845.774,1944.,424.226),(1851.404,1944.,431.884),(1854.964,1944.,445.002),(1855.,1944.,460.),(1854.964,1944.,474.998),(1851.404,1944.,488.116),(1845.774,1944.,495.774),(1845.774,2024.,424.226),(1851.404,2024.,431.884),(1854.964,2024.,445.002),(1855.,2024.,460.),(1854.964,2024.,474.998),(1851.404,2024.,488.116),(1845.774,2024.,495.774),(1845.774,2104.,424.226),(1851.404,2104.,431.884),(1854.964,2104.,445.002),(1855.,2104.,460.),(1854.964,2104.,474.998),(1851.404,2104.,488.116),(1845.774,2104.,495.774),(1845.774,2184.,424.226),(1851.404,2184.,431.884),(1854.964,2184.,445.002),(1855.,2184.,460.),(1854.964,2184.,474.998),(1851.404,2184.,488.116),(1845.774,2184.,495.774),(1845.774,2264.,424.226),(1851.404,2264.,431.884),(1854.964,2264.,445.002),(1855.,2264.,460.),(1854.964,2264.,474.998),(1851.404,2264.,488.116),(1845.774,2264.,495.774),(1374.226,1944.,424.226),(1368.596,1944.,431.884),(1365.036,1944.,445.002),(1365.,1944.,460.),(1365.036,1944.,474.998),(1368.596,1944.,488.116),(1374.226,1944.,495.774),(1374.226,2024.,424.226),(1368.596,2024.,431.884),(1365.036,2024.,445.002),(1365.,2024.,460.),(1365.036,2024.,474.998),(1368.596,2024.,488.116),(1374.226,2024.,495.774),(1374.226,2104.,424.226),(1368.596,2104.,431.884),(1365.036,2104.,445.002),(1365.,2104.,460.),(1365.036,2104.,474.998),(1368.596,2104.,488.116),(1374.226,2104.,495.774),(1374.226,2184.,424.226),(1368.596,2184.,431.884),(1365.036,2184.,445.002),(1365.,2184.,460.),(1365.036,2184.,474.998),(1368.596,2184.,488.116),(1374.226,2184.,495.774),(1374.226,2264.,424.226),(1368.596,2264.,431.884),(1365.036,2264.,445.002),(1365.,2264.,460.),(1365.036,2264.,474.998),(1368.596,2264.,488.116),(1374.226,2264.,495.774),(1773.333,1944.,415.),(1691.667,1944.,415.),(1610.,1944.,415.),(1528.333,1944.,415.),(1446.667,1944.,415.),(1773.333,2024.,415.),(1691.667,2024.,415.),(1610.,2024.,415.),(1528.333,2024.,415.),(1446.667,2024.,415.),(1773.333,2104.,415.),(1691.667,2104.,415.),(1610.,2104.,415.),(1528.333,2104.,415.),(1446.667,2104.,415.),(1773.333,2184.,415.),(1691.667,2184.,415.),(1610.,2184.,415.),(1528.333,2184.,415.),(1446.667,2184.,415.),(1773.333,2264.,415.),(1691.667,2264.,415.),(1610.,2264.,415.),(1528.333,2264.,415.),(1446.667,2264.,415.),(1773.333,1944.,505.),(1691.667,1944.,505.),(1610.,1944.,505.),(1528.333,1944.,505.),(1446.667,1944.,505.),(1773.333,2024.,505.),(1691.667,2024.,505.),(1610.,2024.,505.),(1528.333,2024.,505.),(1446.667,2024.,505.),(1773.333,2104.,505.),(1691.667,2104.,505.),(1610.,2104.,505.),(1528.333,2104.,505.),(1446.667,2104.,505.),(1773.333,2184.,505.),(1691.667,2184.,505.),(1610.,2184.,505.),(1528.333,2184.,505.),(1446.667,2184.,505.),(1773.333,2264.,505.),(1691.667,2264.,505.),(1610.,2264.,505.),(1528.333,2264.,505.),(1446.667,2264.,505.)));
#894=IFCTRIANGULATEDFACESET(#893,$,.T.,((1,2,9),(1,9,8),(2,3,10),(2,10,9),(3,4,11),(3,11,10),(4,5,12),(4,12,11),(5,6,13),(5,13,12),(6,7,14),(6,14,13),(8,9,16),(8,16,15),(9,10,17),(9,17,16),(10,11,18),(10,18,17),(11,12,19),(11,19,18),(12,13,20),(12,20,19),(13,14,21),(13,21,20),(15,16,23),(15,23,22),(16,17,24),(16,24,23),(17,18,25),(17,25,24),(18,19,26),(18,26,25),(19,20,27),(19,27,26),(20,21,28),(20,28,27),(22,23,30),(22,30,29),(23,24,31),(23,31,30),(24,25,32),(24,32,31),(25,26,33),(25,33,32),(26,27,34),(26,34,33),(27,28,35),(27,35,34),(29,30,37),(29,37,36),(30,31,38),(30,38,37),(31,32,39),(31,39,38),(32,33,40),(32,40,39),(33,34,41),(33,41,40),(34,35,42),(34,42,41),(36,37,44),(36,44,43),(37,38,45),(37,45,44),(38,39,46),(38,46,45),(39,40,47),(39,47,46),(40,41,48),(40,48,47),(41,42,49),(41,49,48),(58,51,50),(57,58,50),(59,52,51),(58,59,51),(60,53,52),(59,60,52),(61,54,53),(60,61,53),(62,55,54),(61,62,54),(63,56,55),(62,63,55),(65,58,57),(64,65,57),(66,59,58),(65,66,58),(67,60,59),(66,67,59),(68,61,60),(67,68,60),(69,62,61),(68,69,61),(70,63,62),(69,70,62),(72,65,64),(71,72,64),(73,66,65),(72,73,65),(74,67,66),(73,74,66),(75,68,67),(74,75,67),(76,69,68),(75,76,68),(77,70,69),(76,77,69),(79,72,71),(78,79,71),(80,73,72),(79,80,72),(81,74,73),(80,81,73),(82,75,74),(81,82,74),(83,76,75),(82,83,75),(84,77,76),(83,84,76),(86,79,78),(85,86,78),(87,80,79),(86,87,79),(88,81,80),(87,88,80),(89,82,81),(88,89,81),(90,83,82),(89,90,82),(91,84,83),(90,91,83),(93,86,85),(92,93,85),(94,87,86),(93,94,86),(95,88,87),(94,95,87),(96,89,88),(95,96,88),(97,90,89),(96,97,89),(98,91,90),(97,98,90),(100,2,1),(99,100,1),(101,3,2),(100,101,2),(102,4,3),(101,102,3),(103,5,4),(102,103,4),(104,6,5),(103,104,5),(105,7,6),(104,105,6),(107,100,99),(106,107,99),(108,101,100),(107,108,100),(109,102,101),(108,109,101),(110,103,102),(109,110,102),(111,104,103),(110,111,103),(112,105,104),(111,112,104),(114,107,106),(113,114,106),(115,108,107),(114,115,107),(116,109,108),(115,116,108),(117,110,109),(116,117,109),(118,111,110),(117,118,110),(119,112,111),(118,119,111),(121,114,113),(120,121,113),(122,115,114),(121,122,114),(123,116,115),(122,123,115),(124,117,116),(123,124,116),(125,118,117),(124,125,117),(126,119,118),(125,126,118),(128,121,120),(127,128,120),(129,122,121),(128,129,121),(130,123,122),(129,130,122),(131,124,123),(130,131,123),(132,125,124),(131,132,124),(133,126,125),(132,133,125),(51,128,127),(50,51,127),(52,129,128),(51,52,128),(53,130,129),(52,53,129),(54,131,130),(53,54,130),(55,132,131),(54,55,131),(56,133,132),(55,56,132),(43,44,135),(43,135,134),(44,45,136),(44,136,135),(45,46,137),(45,137,136),(46,47,138),(46,138,137),(47,48,139),(47,139,138),(48,49,140),(48,140,139),(134,135,142),(134,142,141),(135,136,143),(135,143,142),(136,137,144),(136,144,143),(137,138,145),(137,145,144),(138,139,146),(138,146,145),(139,140,147),(139,147,146),(141,142,149),(141,149,148),(142,143,150),(142,150,149),(143,144,151),(143,151,150),(144,145,152),(144,152,151),(145,146,153),(145,153,152),(146,147,154),(146,154,153),(148,149,156),(148,156,155),(149,150,157),(149,157,156),(150,151,158),(150,158,157),(151,152,159),(151,159,158),(152,153,160),(152,160,159),(153,154,161),(153,161,160),(155,156,163),(155,163,162),(156,157,164),(156,164,163),(157,158,165),(157,165,164),(158,159,166),(158,166,165),(159,160,167),(159,167,166),(160,161,168),(160,168,167),(162,163,93),(162,93,92),(163,164,94),(163,94,93),(164,165,95),(164,95,94),(165,166,96),(165,96,95),(166,167,97),(166,97,96),(167,168,98),(167,98,97),(1,8,169),(1,169,99),(8,15,170),(8,170,169),(15,22,171),(15,171,170),(22,29,172),(22,172,171),(29,36,173),(29,173,172),(36,43,134),(36,134,173),(99,169,174),(99,174,106),(169,170,175),(169,175,174),(170,171,176),(170,176,175),(171,172,177),(171,177,176),(172,173,178),(172,178,177),(173,134,141),(173,141,178),(106,174,179),(106,179,113),(174,175,180),(174,180,179),(175,176,181),(175,181,180),(176,177,182),(176,182,181),(177,178,183),(177,183,182),(178,141,148),(178,148,183),(113,179,184),(113,184,120),(179,180,185),(179,185,184),(180,181,186),(180,186,185),(181,182,187),(181,187,186),(182,183,188),(182,188,187),(183,148,155),(183,155,188),(120,184,189),(120,189,127),(184,185,190),(184,190,189),(185,186,191),(185,191,190),(186,187,192),(186,192,191),(187,188,193),(187,193,192),(188,155,162),(188,162,193),(127,189,57),(127,57,50),(189,190,64),(189,64,57),(190,191,71),(190,71,64),(191,192,78),(191,78,71),(192,193,85),(192,85,78),(193,162,92),(193,92,85),(194,14,7),(105,194,7),(195,21,14),(194,195,14),(196,28,21),(195,196,21),(197,35,28),(196,197,28),(198,42,35),(197,198,35),(140,49,42),(198,140,42),(199,194,105),(112,199,105),(200,195,194),(199,200,194),(201,196,195),(200,201,195),(202,197,196),(201,202,196),(203,198,197),(202,203,197),(147,140,198),(203,147,198),(204,199,112),(119,204,112),(205,200,199),(204,205,199),(206,201,200),(205,206,200),(207,202,201),(206,207,201),(208,203,202),(207,208,202),(154,147,203),(208,154,203),(209,204,119),(126,209,119),(210,205,204),(209,210,204),(211,206,205),(210,211,205),(212,207,206),(211,212,206),(213,208,207),(212,213,207),(161,154,208),(213,161,208),(214,209,126),(133,214,126),(215,210,209),(214,215,209),(216,211,210),(215,216,210),(217,212,211),(216,217,211),(218,213,212),(217,218,212),(168,161,213),(218,168,213),(63,214,133),(56,63,133),(70,215,214),(63,70,214),(77,216,215),(70,77,215),(84,217,216),(77,84,216),(91,218,217),(84,91,217),(98,168,218),(91,98,218)),$);
#895=IFCCARTESIANPOINTLIST3D(((1410.,1904.,430.),(1390.090091,1904.,428.103818),(1350.090091,1904.,848.103818),(1370.,1904.,850.),(1391.064541,1897.81966,428.196623),(1351.064541,1897.81966,848.196623),(1393.892545,1892.2443,428.465957),(1353.892545,1892.2443,848.465957),(1398.297254,1887.81966,428.885453),(1358.297254,1887.81966,848.885453),(1403.8475,1884.97886,429.414048),(1363.8475,1884.97886,849.414048),(1410.,1884.,430.),(1370.,1884.,850.),(1416.1525,1884.97886,430.585952),(1376.1525,1884.97886,850.585952),(1421.702746,1887.81966,431.114547),(1381.702746,1887.81966,851.114547),(1426.107455,1892.2443,431.534043),(1386.107455,1892.2443,851.534043),(1428.935459,1897.81966,431.803377),(1388.935459,1897.81966,851.803377),(1429.909909,1904.,431.896182),(1389.909909,1904.,851.896182),(1428.935459,1910.18034,431.803377),(1388.935459,1910.18034,851.803377),(1426.107455,1915.7557,431.534043),(1386.107455,1915.7557,851.534043),(1421.702746,1920.18034,431.114547),(1381.702746,1920.18034,851.114547),(1416.1525,1923.02114,430.585952),(1376.1525,1923.02114,850.585952),(1410.,1924.,430.),(1370.,1924.,850.),(1403.8475,1923.02114,429.414048),(1363.8475,1923.02114,849.414048),(1398.297254,1920.18034,428.885453),(1358.297254,1920.18034,848.885453),(1393.892545,1915.7557,428.465957),(1353.892545,1915.7557,848.465957),(1391.064541,1910.18034,428.196623),(1351.064541,1910.18034,848.196623)));
#896=IFCTRIANGULATEDFACESET(#895,$,.T.,((2,1,5),(2,5,3),(3,5,6),(3,6,4),(5,1,7),(5,7,6),(6,7,8),(6,8,4),(7,1,9),(7,9,8),(8,9,10),(8,10,4),(9,1,11),(9,11,10),(10,11,12),(10,12,4),(11,1,13),(11,13,12),(12,13,14),(12,14,4),(13,1,15),(13,15,14),(14,15,16),(14,16,4),(15,1,17),(15,17,16),(16,17,18),(16,18,4),(17,1,19),(17,19,18),(18,19,20),(18,20,4),(19,1,21),(19,21,20),(20,21,22),(20,22,4),(21,1,23),(21,23,22),(22,23,24),(22,24,4),(23,1,25),(23,25,24),(24,25,26),(24,26,4),(25,1,27),(25,27,26),(26,27,28),(26,28,4),(27,1,29),(27,29,28),(28,29,30),(28,30,4),(29,1,31),(29,31,30),(30,31,32),(30,32,4),(31,1,33),(31,33,32),(32,33,34),(32,34,4),(33,1,35),(33,35,34),(34,35,36),(34,36,4),(35,1,37),(35,37,36),(36,37,38),(36,38,4),(37,1,39),(37,39,38),(38,39,40),(38,40,4),(39,1,41),(39,41,40),(40,41,42),(40,42,4),(41,1,2),(41,2,42),(42,2,3),(42,3,4)),$);
#897=IFCCARTESIANPOINTLIST3D(((1410.,2304.,430.),(1390.090091,2304.,428.103818),(1350.090091,2304.,848.103818),(1370.,2304.,850.),(1391.064541,2297.81966,428.196623),(1351.064541,2297.81966,848.196623),(1393.892545,2292.2443,428.465957),(1353.892545,2292.2443,848.465957),(1398.297254,2287.81966,428.885453),(1358.297254,2287.81966,848.885453),(1403.8475,2284.97886,429.414048),(1363.8475,2284.97886,849.414048),(1410.,2284.,430.),(1370.,2284.,850.),(1416.1525,2284.97886,430.585952),(1376.1525,2284.97886,850.585952),(1421.702746,2287.81966,431.114547),(1381.702746,2287.81966,851.114547),(1426.107455,2292.2443,431.534043),(1386.107455,2292.2443,851.534043),(1428.935459,2297.81966,431.803377),(1388.935459,2297.81966,851.803377),(1429.909909,2304.,431.896182),(1389.909909,2304.,851.896182),(1428.935459,2310.18034,431.803377),(1388.935459,2310.18034,851.803377),(1426.107455,2315.7557,431.534043),(1386.107455,2315.7557,851.534043),(1421.702746,2320.18034,431.114547),(1381.702746,2320.18034,851.114547),(1416.1525,2323.02114,430.585952),(1376.1525,2323.02114,850.585952),(1410.,2324.,430.),(1370.,2324.,850.),(1403.8475,2323.02114,429.414048),(1363.8475,2323.02114,849.414048),(1398.297254,2320.18034,428.885453),(1358.297254,2320.18034,848.885453),(1393.892545,2315.7557,428.465957),(1353.892545,2315.7557,848.465957),(1391.064541,2310.18034,428.196623),(1351.064541,2310.18034,848.196623)));
#898=IFCTRIANGULATEDFACESET(#897,$,.T.,((2,1,5),(2,5,3),(3,5,6),(3,6,4),(5,1,7),(5,7,6),(6,7,8),(6,8,4),(7,1,9),(7,9,8),(8,9,10),(8,10,4),(9,1,11),(9,11,10),(10,11,12),(10,12,4),(11,1,13),(11,13,12),(12,13,14),(12,14,4),(13,1,15),(13,15,14),(14,15,16),(14,16,4),(15,1,17),(15,17,16),(16,17,18),(16,18,4),(17,1,19),(17,19,18),(18,19,20),(18,20,4),(19,1,21),(19,21,20),(20,21,22),(20,22,4),(21,1,23),(21,23,22),(22,23,24),(22,24,4),(23,1,25),(23,25,24),(24,25,26),(24,26,4),(25,1,27),(25,27,26),(26,27,28),(26,28,4),(27,1,29),(27,29,28),(28,29,30),(28,30,4),(29,1,31),(29,31,30),(30,31,32),(30,32,4),(31,1,33),(31,33,32),(32,33,34),(32,34,4),(33,1,35),(33,35,34),(34,35,36),(34,36,4),(35,1,37),(35,37,36),(36,37,38),(36,38,4),(37,1,39),(37,39,38),(38,39,40),(38,40,4),(39,1,41),(39,41,40),(40,41,42),(40,42,4),(41,1,2),(41,2,42),(42,2,3),(42,3,4)),$);
#899=IFCCARTESIANPOINTLIST3D(((1409.926,1866.574,622.574),(1413.786,1862.714,653.333),(1413.786,1862.714,696.667),(1413.786,1862.714,740.),(1413.786,1862.714,783.333),(1413.786,1862.714,826.667),(1409.926,1866.574,857.426),(1403.083,1864.023,620.023),(1406.554,1857.397,653.333),(1406.554,1857.397,696.667),(1406.554,1857.397,740.),(1406.554,1857.397,783.333),(1406.554,1857.397,826.667),(1403.083,1864.023,859.977),(1393.751,1862.725,618.725),(1394.165,1854.034,653.333),(1394.165,1854.034,696.667),(1394.165,1854.034,740.),(1394.165,1854.034,783.333),(1394.165,1854.034,826.667),(1393.751,1862.725,861.275),(1380.,1862.714,618.714),(1380.,1854.,653.333),(1380.,1854.,696.667),(1380.,1854.,740.),(1380.,1854.,783.333),(1380.,1854.,826.667),(1380.,1862.714,861.286),(1366.249,1862.725,618.725),(1365.835,1854.034,653.333),(1365.835,1854.034,696.667),(1365.835,1854.034,740.),(1365.835,1854.034,783.333),(1365.835,1854.034,826.667),(1366.249,1862.725,861.275),(1356.917,1864.023,620.023),(1353.446,1857.397,653.333),(1353.446,1857.397,696.667),(1353.446,1857.397,740.),(1353.446,1857.397,783.333),(1353.446,1857.397,826.667),(1356.917,1864.023,859.977),(1350.074,1866.574,622.574),(1346.214,1862.714,653.333),(1346.214,1862.714,696.667),(1346.214,1862.714,740.),(1346.214,1862.714,783.333),(1346.214,1862.714,826.667),(1350.074,1866.574,857.426),(1409.926,2341.426,622.574),(1413.786,2345.286,653.333),(1413.786,2345.286,696.667),(1413.786,2345.286,740.),(1413.786,2345.286,783.333),(1413.786,2345.286,826.667),(1409.926,2341.426,857.426),(1403.083,2343.977,620.023),(1406.554,2350.603,653.333),(1406.554,2350.603,696.667),(1406.554,2350.603,740.),(1406.554,2350.603,783.333),(1406.554,2350.603,826.667),(1403.083,2343.977,859.977),(1393.751,2345.275,618.725),(1394.165,2353.966,653.333),(1394.165,2353.966,696.667),(1394.165,2353.966,740.),(1394.165,2353.966,783.333),(1394.165,2353.966,826.667),(1393.751,2345.275,861.275),(1380.,2345.286,618.714),(1380.,2354.,653.333),(1380.,2354.,696.667),(1380.,2354.,740.),(1380.,2354.,783.333),(1380.,2354.,826.667),(1380.,2345.286,861.286),(1366.249,2345.275,618.725),(1365.835,2353.966,653.333),(1365.835,2353.966,696.667),(1365.835,2353.966,740.),(1365.835,2353.966,783.333),(1365.835,2353.966,826.667),(1366.249,2345.275,861.275),(1356.917,2343.977,620.023),(1353.446,2350.603,653.333),(1353.446,2350.603,696.667),(1353.446,2350.603,740.),(1353.446,2350.603,783.333),(1353.446,2350.603,826.667),(1356.917,2343.977,859.977),(1350.074,2341.426,622.574),(1346.214,2345.286,653.333),(1346.214,2345.286,696.667),(1346.214,2345.286,740.),(1346.214,2345.286,783.333),(1346.214,2345.286,826.667),(1350.074,2341.426,857.426),(1413.786,1937.333,618.714),(1422.5,1937.333,653.333),(1422.5,1937.333,696.667),(1422.5,1937.333,740.),(1422.5,1937.333,783.333),(1422.5,1937.333,826.667),(1413.786,1937.333,861.286),(1413.786,2020.667,618.714),(1422.5,2020.667,653.333),(1422.5,2020.667,696.667),(1422.5,2020.667,740.),(1422.5,2020.667,783.333),(1422.5,2020.667,826.667),(1413.786,2020.667,861.286),(1413.786,2104.,618.714),(1422.5,2104.,653.333),(1422.5,2104.,696.667),(1422.5,2104.,740.),(1422.5,2104.,783.333),(1422.5,2104.,826.667),(1413.786,2104.,861.286),(1413.786,2187.333,618.714),(1422.5,2187.333,653.333),(1422.5,2187.333,696.667),(1422.5,2187.333,740.),(1422.5,2187.333,783.333),(1422.5,2187.333,826.667),(1413.786,2187.333,861.286),(1413.786,2270.667,618.714),(1422.5,2270.667,653.333),(1422.5,2270.667,696.667),(1422.5,2270.667,740.),(1422.5,2270.667,783.333),(1422.5,2270.667,826.667),(1413.786,2270.667,861.286),(1346.214,1937.333,618.714),(1337.5,1937.333,653.333),(1337.5,1937.333,696.667),(1337.5,1937.333,740.),(1337.5,1937.333,783.333),(1337.5,1937.333,826.667),(1346.214,1937.333,861.286),(1346.214,2020.667,618.714),(1337.5,2020.667,653.333),(1337.5,2020.667,696.667),(1337.5,2020.667,740.),(1337.5,2020.667,783.333),(1337.5,2020.667,826.667),(1346.214,2020.667,861.286),(1346.214,2104.,618.714),(1337.5,2104.,653.333),(1337.5,2104.,696.667),(1337.5,2104.,740.),(1337.5,2104.,783.333),(1337.5,2104.,826.667),(1346.214,2104.,861.286),(1346.214,2187.333,618.714),(1337.5,2187.333,653.333),(1337.5,2187.333,696.667),(1337.5,2187.333,740.),(1337.5,2187.333,783.333),(1337.5,2187.333,826.667),(1346.214,2187.333,861.286),(1346.214,2270.667,618.714),(1337.5,2270.667,653.333),(1337.5,2270.667,696.667),(1337.5,2270.667,740.),(1337.5,2270.667,783.333),(1337.5,2270.667,826.667),(1346.214,2270.667,861.286),(1406.554,1937.333,613.397),(1394.165,1937.333,610.034),(1380.,1937.333,610.),(1365.835,1937.333,610.034),(1353.446,1937.333,613.397),(1406.554,2020.667,613.397),(1394.165,2020.667,610.034),(1380.,2020.667,610.),(1365.835,2020.667,610.034),(1353.446,2020.667,613.397),(1406.554,2104.,613.397),(1394.165,2104.,610.034),(1380.,2104.,610.),(1365.835,2104.,610.034),(1353.446,2104.,613.397),(1406.554,2187.333,613.397),(1394.165,2187.333,610.034),(1380.,2187.333,610.),(1365.835,2187.333,610.034),(1353.446,2187.333,613.397),(1406.554,2270.667,613.397),(1394.165,2270.667,610.034),(1380.,2270.667,610.),(1365.835,2270.667,610.034),(1353.446,2270.667,613.397),(1406.554,1937.333,866.603),(1394.165,1937.333,869.966),(1380.,1937.333,870.),(1365.835,1937.333,869.966),(1353.446,1937.333,866.603),(1406.554,2020.667,866.603),(1394.165,2020.667,869.966),(1380.,2020.667,870.),(1365.835,2020.667,869.966),(1353.446,2020.667,866.603),(1406.554,2104.,866.603),(1394.165,2104.,869.966),(1380.,2104.,870.),(1365.835,2104.,869.966),(1353.446,2104.,866.603),(1406.554,2187.333,866.603),(1394.165,2187.333,869.966),(1380.,2187.333,870.),(1365.835,2187.333,869.966),(1353.446,2187.333,866.603),(1406.554,2270.667,866.603),(1394.165,2270.667,869.966),(1380.,2270.667,870.),(1365.835,2270.667,869.966),(1353.446,2270.667,866.603)));
#900=IFCTRIANGULATEDFACESET(#899,$,.T.,((1,2,9),(1,9,8),(2,3,10),(2,10,9),(3,4,11),(3,11,10),(4,5,12),(4,12,11),(5,6,13),(5,13,12),(6,7,14),(6,14,13),(8,9,16),(8,16,15),(9,10,17),(9,17,16),(10,11,18),(10,18,17),(11,12,19),(11,19,18),(12,13,20),(12,20,19),(13,14,21),(13,21,20),(15,16,23),(15,23,22),(16,17,24),(16,24,23),(17,18,25),(17,25,24),(18,19,26),(18,26,25),(19,20,27),(19,27,26),(20,21,28),(20,28,27),(22,23,30),(22,30,29),(23,24,31),(23,31,30),(24,25,32),(24,32,31),(25,26,33),(25,33,32),(26,27,34),(26,34,33),(27,28,35),(27,35,34),(29,30,37),(29,37,36),(30,31,38),(30,38,37),(31,32,39),(31,39,38),(32,33,40),(32,40,39),(33,34,41),(33,41,40),(34,35,42),(34,42,41),(36,37,44),(36,44,43),(37,38,45),(37,45,44),(38,39,46),(38,46,45),(39,40,47),(39,47,46),(40,41,48),(40,48,47),(41,42,49),(41,49,48),(58,51,50),(57,58,50),(59,52,51),(58,59,51),(60,53,52),(59,60,52),(61,54,53),(60,61,53),(62,55,54),(61,62,54),(63,56,55),(62,63,55),(65,58,57),(64,65,57),(66,59,58),(65,66,58),(67,60,59),(66,67,59),(68,61,60),(67,68,60),(69,62,61),(68,69,61),(70,63,62),(69,70,62),(72,65,64),(71,72,64),(73,66,65),(72,73,65),(74,67,66),(73,74,66),(75,68,67),(74,75,67),(76,69,68),(75,76,68),(77,70,69),(76,77,69),(79,72,71),(78,79,71),(80,73,72),(79,80,72),(81,74,73),(80,81,73),(82,75,74),(81,82,74),(83,76,75),(82,83,75),(84,77,76),(83,84,76),(86,79,78),(85,86,78),(87,80,79),(86,87,79),(88,81,80),(87,88,80),(89,82,81),(88,89,81),(90,83,82),(89,90,82),(91,84,83),(90,91,83),(93,86,85),(92,93,85),(94,87,86),(93,94,86),(95,88,87),(94,95,87),(96,89,88),(95,96,88),(97,90,89),(96,97,89),(98,91,90),(97,98,90),(100,2,1),(99,100,1),(101,3,2),(100,101,2),(102,4,3),(101,102,3),(103,5,4),(102,103,4),(104,6,5),(103,104,5),(105,7,6),(104,105,6),(107,100,99),(106,107,99),(108,101,100),(107,108,100),(109,102,101),(108,109,101),(110,103,102),(109,110,102),(111,104,103),(110,111,103),(112,105,104),(111,112,104),(114,107,106),(113,114,106),(115,108,107),(114,115,107),(116,109,108),(115,116,108),(117,110,109),(116,117,109),(118,111,110),(117,118,110),(119,112,111),(118,119,111),(121,114,113),(120,121,113),(122,115,114),(121,122,114),(123,116,115),(122,123,115),(124,117,116),(123,124,116),(125,118,117),(124,125,117),(126,119,118),(125,126,118),(128,121,120),(127,128,120),(129,122,121),(128,129,121),(130,123,122),(129,130,122),(131,124,123),(130,131,123),(132,125,124),(131,132,124),(133,126,125),(132,133,125),(51,128,127),(50,51,127),(52,129,128),(51,52,128),(53,130,129),(52,53,129),(54,131,130),(53,54,130),(55,132,131),(54,55,131),(56,133,132),(55,56,132),(43,44,135),(43,135,134),(44,45,136),(44,136,135),(45,46,137),(45,137,136),(46,47,138),(46,138,137),(47,48,139),(47,139,138),(48,49,140),(48,140,139),(134,135,142),(134,142,141),(135,136,143),(135,143,142),(136,137,144),(136,144,143),(137,138,145),(137,145,144),(138,139,146),(138,146,145),(139,140,147),(139,147,146),(141,142,149),(141,149,148),(142,143,150),(142,150,149),(143,144,151),(143,151,150),(144,145,152),(144,152,151),(145,146,153),(145,153,152),(146,147,154),(146,154,153),(148,149,156),(148,156,155),(149,150,157),(149,157,156),(150,151,158),(150,158,157),(151,152,159),(151,159,158),(152,153,160),(152,160,159),(153,154,161),(153,161,160),(155,156,163),(155,163,162),(156,157,164),(156,164,163),(157,158,165),(157,165,164),(158,159,166),(158,166,165),(159,160,167),(159,167,166),(160,161,168),(160,168,167),(162,163,93),(162,93,92),(163,164,94),(163,94,93),(164,165,95),(164,95,94),(165,166,96),(165,96,95),(166,167,97),(166,97,96),(167,168,98),(167,98,97),(1,8,169),(1,169,99),(8,15,170),(8,170,169),(15,22,171),(15,171,170),(22,29,172),(22,172,171),(29,36,173),(29,173,172),(36,43,134),(36,134,173),(99,169,174),(99,174,106),(169,170,175),(169,175,174),(170,171,176),(170,176,175),(171,172,177),(171,177,176),(172,173,178),(172,178,177),(173,134,141),(173,141,178),(106,174,179),(106,179,113),(174,175,180),(174,180,179),(175,176,181),(175,181,180),(176,177,182),(176,182,181),(177,178,183),(177,183,182),(178,141,148),(178,148,183),(113,179,184),(113,184,120),(179,180,185),(179,185,184),(180,181,186),(180,186,185),(181,182,187),(181,187,186),(182,183,188),(182,188,187),(183,148,155),(183,155,188),(120,184,189),(120,189,127),(184,185,190),(184,190,189),(185,186,191),(185,191,190),(186,187,192),(186,192,191),(187,188,193),(187,193,192),(188,155,162),(188,162,193),(127,189,57),(127,57,50),(189,190,64),(189,64,57),(190,191,71),(190,71,64),(191,192,78),(191,78,71),(192,193,85),(192,85,78),(193,162,92),(193,92,85),(194,14,7),(105,194,7),(195,21,14),(194,195,14),(196,28,21),(195,196,21),(197,35,28),(196,197,28),(198,42,35),(197,198,35),(140,49,42),(198,140,42),(199,194,105),(112,199,105),(200,195,194),(199,200,194),(201,196,195),(200,201,195),(202,197,196),(201,202,196),(203,198,197),(202,203,197),(147,140,198),(203,147,198),(204,199,112),(119,204,112),(205,200,199),(204,205,199),(206,201,200),(205,206,200),(207,202,201),(206,207,201),(208,203,202),(207,208,202),(154,147,203),(208,154,203),(209,204,119),(126,209,119),(210,205,204),(209,210,204),(211,206,205),(210,211,205),(212,207,206),(211,212,206),(213,208,207),(212,213,207),(161,154,208),(213,161,208),(214,209,126),(133,214,126),(215,210,209),(214,215,209),(216,211,210),(215,216,210),(217,212,211),(216,217,211),(218,213,212),(217,218,212),(168,161,213),(218,168,213),(63,214,133),(56,63,133),(70,215,214),(63,70,214),(77,216,215),(70,77,215),(84,217,216),(77,84,216),(91,218,217),(84,91,217),(98,168,218),(91,98,218)),$);
#901=IFCCARTESIANPOINTLIST3D(((2760.,2304.,40.),(2774.411915,2288.829563,38.223892),(2797.211915,2264.829563,428.223892),(2782.8,2280.,430.),(2778.411333,2294.041591,38.31082),(2801.211333,2270.041591,428.31082),(2780.608504,2300.228427,38.563098),(2803.408504,2276.228427,428.563098),(2780.788382,2306.784455,38.95603),(2803.588382,2282.784455,428.95603),(2778.933358,2313.067917,39.451152),(2801.733358,2289.067917,429.451152),(2775.224988,2318.463739,40.),(2798.024988,2294.463739,430.),(2770.026305,2322.443763,40.548848),(2792.826305,2298.443763,430.548848),(2763.846167,2324.618366,41.04397),(2786.646167,2300.618366,431.04397),(2757.289535,2324.77471,41.436902),(2780.089535,2300.77471,431.436902),(2750.998228,2322.897491,41.68918),(2773.798228,2298.897491,431.68918),(2745.588085,2319.170437,41.776108),(2768.388085,2295.170437,431.776108),(2741.588667,2313.958409,41.68918),(2764.388667,2289.958409,431.68918),(2739.391496,2307.771573,41.436902),(2762.191496,2283.771573,431.436902),(2739.211618,2301.215545,41.04397),(2762.011618,2277.215545,431.04397),(2741.066642,2294.932083,40.548848),(2763.866642,2270.932083,430.548848),(2744.775012,2289.536261,40.),(2767.575012,2265.536261,430.),(2749.973695,2285.556237,39.451152),(2772.773695,2261.556237,429.451152),(2756.153833,2283.381634,38.95603),(2778.953833,2259.381634,428.95603),(2762.710465,2283.22529,38.563098),(2785.510465,2259.22529,428.563098),(2769.001772,2285.102509,38.31082),(2791.801772,2261.102509,428.31082)));
#902=IFCTRIANGULATEDFACESET(#901,$,.T.,((2,1,5),(2,5,3),(3,5,6),(3,6,4),(5,1,7),(5,7,6),(6,7,8),(6,8,4),(7,1,9),(7,9,8),(8,9,10),(8,10,4),(9,1,11),(9,11,10),(10,11,12),(10,12,4),(11,1,13),(11,13,12),(12,13,14),(12,14,4),(13,1,15),(13,15,14),(14,15,16),(14,16,4),(15,1,17),(15,17,16),(16,17,18),(16,18,4),(17,1,19),(17,19,18),(18,19,20),(18,20,4),(19,1,21),(19,21,20),(20,21,22),(20,22,4),(21,1,23),(21,23,22),(22,23,24),(22,24,4),(23,1,25),(23,25,24),(24,25,26),(24,26,4),(25,1,27),(25,27,26),(26,27,28),(26,28,4),(27,1,29),(27,29,28),(28,29,30),(28,30,4),(29,1,31),(29,31,30),(30,31,32),(30,32,4),(31,1,33),(31,33,32),(32,33,34),(32,34,4),(33,1,35),(33,35,34),(34,35,36),(34,36,4),(35,1,37),(35,37,36),(36,37,38),(36,38,4),(37,1,39),(37,39,38),(38,39,40),(38,40,4),(39,1,41),(39,41,40),(40,41,42),(40,42,4),(41,1,2),(41,2,42),(42,2,3),(42,3,4)),$);
#903=IFCCARTESIANPOINTLIST3D(((3140.,2304.,40.),(3125.588085,2288.829563,38.223892),(3102.788085,2264.829563,428.223892),(3117.2,2280.,430.),(3130.998228,2285.102509,38.31082),(3108.198228,2261.102509,428.31082),(3137.289535,2283.22529,38.563098),(3114.489535,2259.22529,428.563098),(3143.846167,2283.381634,38.95603),(3121.046167,2259.381634,428.95603),(3150.026305,2285.556237,39.451152),(3127.226305,2261.556237,429.451152),(3155.224988,2289.536261,40.),(3132.424988,2265.536261,430.),(3158.933358,2294.932083,40.548848),(3136.133358,2270.932083,430.548848),(3160.788382,2301.215545,41.04397),(3137.988382,2277.215545,431.04397),(3160.608504,2307.771573,41.436902),(3137.808504,2283.771573,431.436902),(3158.411333,2313.958409,41.68918),(3135.611333,2289.958409,431.68918),(3154.411915,2319.170437,41.776108),(3131.611915,2295.170437,431.776108),(3149.001772,2322.897491,41.68918),(3126.201772,2298.897491,431.68918),(3142.710465,2324.77471,41.436902),(3119.910465,2300.77471,431.436902),(3136.153833,2324.618366,41.04397),(3113.353833,2300.618366,431.04397),(3129.973695,2322.443763,40.548848),(3107.173695,2298.443763,430.548848),(3124.775012,2318.463739,40.),(3101.975012,2294.463739,430.),(3121.066642,2313.067917,39.451152),(3098.266642,2289.067917,429.451152),(3119.211618,2306.784455,38.95603),(3096.411618,2282.784455,428.95603),(3119.391496,2300.228427,38.563098),(3096.591496,2276.228427,428.563098),(3121.588667,2294.041591,38.31082),(3098.788667,2270.041591,428.31082)));
#904=IFCTRIANGULATEDFACESET(#903,$,.T.,((2,1,5),(2,5,3),(3,5,6),(3,6,4),(5,1,7),(5,7,6),(6,7,8),(6,8,4),(7,1,9),(7,9,8),(8,9,10),(8,10,4),(9,1,11),(9,11,10),(10,11,12),(10,12,4),(11,1,13),(11,13,12),(12,13,14),(12,14,4),(13,1,15),(13,15,14),(14,15,16),(14,16,4),(15,1,17),(15,17,16),(16,17,18),(16,18,4),(17,1,19),(17,19,18),(18,19,20),(18,20,4),(19,1,21),(19,21,20),(20,21,22),(20,22,4),(21,1,23),(21,23,22),(22,23,24),(22,24,4),(23,1,25),(23,25,24),(24,25,26),(24,26,4),(25,1,27),(25,27,26),(26,27,28),(26,28,4),(27,1,29),(27,29,28),(28,29,30),(28,30,4),(29,1,31),(29,31,30),(30,31,32),(30,32,4),(31,1,33),(31,33,32),(32,33,34),(32,34,4),(33,1,35),(33,35,34),(34,35,36),(34,36,4),(35,1,37),(35,37,36),(36,37,38),(36,38,4),(37,1,39),(37,39,38),(38,39,40),(38,40,4),(39,1,41),(39,41,40),(40,41,42),(40,42,4),(41,1,2),(41,2,42),(42,2,3),(42,3,4)),$);
#905=IFCCARTESIANPOINTLIST3D(((2760.,1904.,40.),(2774.411915,1919.170437,38.223892),(2797.211915,1943.170437,428.223892),(2782.8,1928.,430.),(2769.001772,1922.897491,38.31082),(2791.801772,1946.897491,428.31082),(2762.710465,1924.77471,38.563098),(2785.510465,1948.77471,428.563098),(2756.153833,1924.618366,38.95603),(2778.953833,1948.618366,428.95603),(2749.973695,1922.443763,39.451152),(2772.773695,1946.443763,429.451152),(2744.775012,1918.463739,40.),(2767.575012,1942.463739,430.),(2741.066642,1913.067917,40.548848),(2763.866642,1937.067917,430.548848),(2739.211618,1906.784455,41.04397),(2762.011618,1930.784455,431.04397),(2739.391496,1900.228427,41.436902),(2762.191496,1924.228427,431.436902),(2741.588667,1894.041591,41.68918),(2764.388667,1918.041591,431.68918),(2745.588085,1888.829563,41.776108),(2768.388085,1912.829563,431.776108),(2750.998228,1885.102509,41.68918),(2773.798228,1909.102509,431.68918),(2757.289535,1883.22529,41.436902),(2780.089535,1907.22529,431.436902),(2763.846167,1883.381634,41.04397),(2786.646167,1907.381634,431.04397),(2770.026305,1885.556237,40.548848),(2792.826305,1909.556237,430.548848),(2775.224988,1889.536261,40.),(2798.024988,1913.536261,430.),(2778.933358,1894.932083,39.451152),(2801.733358,1918.932083,429.451152),(2780.788382,1901.215545,38.95603),(2803.588382,1925.215545,428.95603),(2780.608504,1907.771573,38.563098),(2803.408504,1931.771573,428.563098),(2778.411333,1913.958409,38.31082),(2801.211333,1937.958409,428.31082)));
#906=IFCTRIANGULATEDFACESET(#905,$,.T.,((2,1,5),(2,5,3),(3,5,6),(3,6,4),(5,1,7),(5,7,6),(6,7,8),(6,8,4),(7,1,9),(7,9,8),(8,9,10),(8,10,4),(9,1,11),(9,11,10),(10,11,12),(10,12,4),(11,1,13),(11,13,12),(12,13,14),(12,14,4),(13,1,15),(13,15,14),(14,15,16),(14,16,4),(15,1,17),(15,17,16),(16,17,18),(16,18,4),(17,1,19),(17,19,18),(18,19,20),(18,20,4),(19,1,21),(19,21,20),(20,21,22),(20,22,4),(21,1,23),(21,23,22),(22,23,24),(22,24,4),(23,1,25),(23,25,24),(24,25,26),(24,26,4),(25,1,27),(25,27,26),(26,27,28),(26,28,4),(27,1,29),(27,29,28),(28,29,30),(28,30,4),(29,1,31),(29,31,30),(30,31,32),(30,32,4),(31,1,33),(31,33,32),(32,33,34),(32,34,4),(33,1,35),(33,35,34),(34,35,36),(34,36,4),(35,1,37),(35,37,36),(36,37,38),(36,38,4),(37,1,39),(37,39,38),(38,39,40),(38,40,4),(39,1,41),(39,41,40),(40,41,42),(40,42,4),(41,1,2),(41,2,42),(42,2,3),(42,3,4)),$);
#907=IFCCARTESIANPOINTLIST3D(((3140.,1904.,40.),(3125.588085,1919.170437,38.223892),(3102.788085,1943.170437,428.223892),(3117.2,1928.,430.),(3121.588667,1913.958409,38.31082),(3098.788667,1937.958409,428.31082),(3119.391496,1907.771573,38.563098),(3096.591496,1931.771573,428.563098),(3119.211618,1901.215545,38.95603),(3096.411618,1925.215545,428.95603),(3121.066642,1894.932083,39.451152),(3098.266642,1918.932083,429.451152),(3124.775012,1889.536261,40.),(3101.975012,1913.536261,430.),(3129.973695,1885.556237,40.548848),(3107.173695,1909.556237,430.548848),(3136.153833,1883.381634,41.04397),(3113.353833,1907.381634,431.04397),(3142.710465,1883.22529,41.436902),(3119.910465,1907.22529,431.436902),(3149.001772,1885.102509,41.68918),(3126.201772,1909.102509,431.68918),(3154.411915,1888.829563,41.776108),(3131.611915,1912.829563,431.776108),(3158.411333,1894.041591,41.68918),(3135.611333,1918.041591,431.68918),(3160.608504,1900.228427,41.436902),(3137.808504,1924.228427,431.436902),(3160.788382,1906.784455,41.04397),(3137.988382,1930.784455,431.04397),(3158.933358,1913.067917,40.548848),(3136.133358,1937.067917,430.548848),(3155.224988,1918.463739,40.),(3132.424988,1942.463739,430.),(3150.026305,1922.443763,39.451152),(3127.226305,1946.443763,429.451152),(3143.846167,1924.618366,38.95603),(3121.046167,1948.618366,428.95603),(3137.289535,1924.77471,38.563098),(3114.489535,1948.77471,428.563098),(3130.998228,1922.897491,38.31082),(3108.198228,1946.897491,428.31082)));
#908=IFCTRIANGULATEDFACESET(#907,$,.T.,((2,1,5),(2,5,3),(3,5,6),(3,6,4),(5,1,7),(5,7,6),(6,7,8),(6,8,4),(7,1,9),(7,9,8),(8,9,10),(8,10,4),(9,1,11),(9,11,10),(10,11,12),(10,12,4),(11,1,13),(11,13,12),(12,13,14),(12,14,4),(13,1,15),(13,15,14),(14,15,16),(14,16,4),(15,1,17),(15,17,16),(16,17,18),(16,18,4),(17,1,19),(17,19,18),(18,19,20),(18,20,4),(19,1,21),(19,21,20),(20,21,22),(20,22,4),(21,1,23),(21,23,22),(22,23,24),(22,24,4),(23,1,25),(23,25,24),(24,25,26),(24,26,4),(25,1,27),(25,27,26),(26,27,28),(26,28,4),(27,1,29),(27,29,28),(28,29,30),(28,30,4),(29,1,31),(29,31,30),(30,31,32),(30,32,4),(31,1,33),(31,33,32),(32,33,34),(32,34,4),(33,1,35),(33,35,34),(34,35,36),(34,36,4),(35,1,37),(35,37,36),(36,37,38),(36,38,4),(37,1,39),(37,39,38),(38,39,40),(38,40,4),(39,1,41),(39,41,40),(40,41,42),(40,42,4),(41,1,2),(41,2,42),(42,2,3),(42,3,4)),$);
#909=IFCCARTESIANPOINTLIST3D(((2718.313,2330.687,428.313),(2715.613,2333.387,435.559),(2714.239,2334.761,445.44),(2714.226,2334.774,460.),(2714.239,2334.761,474.56),(2715.613,2333.387,484.441),(2718.313,2330.687,491.687),(2786.667,2334.774,424.226),(2786.667,2340.404,431.884),(2786.667,2343.964,445.002),(2786.667,2344.,460.),(2786.667,2343.964,474.998),(2786.667,2340.404,488.116),(2786.667,2334.774,495.774),(2868.333,2334.774,424.226),(2868.333,2340.404,431.884),(2868.333,2343.964,445.002),(2868.333,2344.,460.),(2868.333,2343.964,474.998),(2868.333,2340.404,488.116),(2868.333,2334.774,495.774),(2950.,2334.774,424.226),(2950.,2340.404,431.884),(2950.,2343.964,445.002),(2950.,2344.,460.),(2950.,2343.964,474.998),(2950.,2340.404,488.116),(2950.,2334.774,495.774),(3031.667,2334.774,424.226),(3031.667,2340.404,431.884),(3031.667,2343.964,445.002),(3031.667,2344.,460.),(3031.667,2343.964,474.998),(3031.667,2340.404,488.116),(3031.667,2334.774,495.774),(3113.333,2334.774,424.226),(3113.333,2340.404,431.884),(3113.333,2343.964,445.002),(3113.333,2344.,460.),(3113.333,2343.964,474.998),(3113.333,2340.404,488.116),(3113.333,2334.774,495.774),(3181.687,2330.687,428.313),(3184.387,2333.387,435.559),(3185.761,2334.761,445.44),(3185.774,2334.774,460.),(3185.761,2334.761,474.56),(3184.387,2333.387,484.441),(3181.687,2330.687,491.687),(2718.313,1877.313,428.313),(2715.613,1874.613,435.559),(2714.239,1873.239,445.44),(2714.226,1873.226,460.),(2714.239,1873.239,474.56),(2715.613,1874.613,484.441),(2718.313,1877.313,491.687),(2786.667,1873.226,424.226),(2786.667,1867.596,431.884),(2786.667,1864.036,445.002),(2786.667,1864.,460.),(2786.667,1864.036,474.998),(2786.667,1867.596,488.116),(2786.667,1873.226,495.774),(2868.333,1873.226,424.226),(2868.333,1867.596,431.884),(2868.333,1864.036,445.002),(2868.333,1864.,460.),(2868.333,1864.036,474.998),(2868.333,1867.596,488.116),(2868.333,1873.226,495.774),(2950.,1873.226,424.226),(2950.,1867.596,431.884),(2950.,1864.036,445.002),(2950.,1864.,460.),(2950.,1864.036,474.998),(2950.,1867.596,488.116),(2950.,1873.226,495.774),(3031.667,1873.226,424.226),(3031.667,1867.596,431.884),(3031.667,1864.036,445.002),(3031.667,1864.,460.),(3031.667,1864.036,474.998),(3031.667,1867.596,488.116),(3031.667,1873.226,495.774),(3113.333,1873.226,424.226),(3113.333,1867.596,431.884),(3113.333,1864.036,445.002),(3113.333,1864.,460.),(3113.333,1864.036,474.998),(3113.333,1867.596,488.116),(3113.333,1873.226,495.774),(3181.687,1877.313,428.313),(3184.387,1874.613,435.559),(3185.761,1873.239,445.44),(3185.774,1873.226,460.),(3185.761,1873.239,474.56),(3184.387,1874.613,484.441),(3181.687,1877.313,491.687),(2714.226,2264.,424.226),(2708.596,2264.,431.884),(2705.036,2264.,445.002),(2705.,2264.,460.),(2705.036,2264.,474.998),(2708.596,2264.,488.116),(2714.226,2264.,495.774),(2714.226,2184.,424.226),(2708.596,2184.,431.884),(2705.036,2184.,445.002),(2705.,2184.,460.),(2705.036,2184.,474.998),(2708.596,2184.,488.116),(2714.226,2184.,495.774),(2714.226,2104.,424.226),(2708.596,2104.,431.884),(2705.036,2104.,445.002),(2705.,2104.,460.),(2705.036,2104.,474.998),(2708.596,2104.,488.116),(2714.226,2104.,495.774),(2714.226,2024.,424.226),(2708.596,2024.,431.884),(2705.036,2024.,445.002),(2705.,2024.,460.),(2705.036,2024.,474.998),(2708.596,2024.,488.116),(2714.226,2024.,495.774),(2714.226,1944.,424.226),(2708.596,1944.,431.884),(2705.036,1944.,445.002),(2705.,1944.,460.),(2705.036,1944.,474.998),(2708.596,1944.,488.116),(2714.226,1944.,495.774),(3185.774,2264.,424.226),(3191.404,2264.,431.884),(3194.964,2264.,445.002),(3195.,2264.,460.),(3194.964,2264.,474.998),(3191.404,2264.,488.116),(3185.774,2264.,495.774),(3185.774,2184.,424.226),(3191.404,2184.,431.884),(3194.964,2184.,445.002),(3195.,2184.,460.),(3194.964,2184.,474.998),(3191.404,2184.,488.116),(3185.774,2184.,495.774),(3185.774,2104.,424.226),(3191.404,2104.,431.884),(3194.964,2104.,445.002),(3195.,2104.,460.),(3194.964,2104.,474.998),(3191.404,2104.,488.116),(3185.774,2104.,495.774),(3185.774,2024.,424.226),(3191.404,2024.,431.884),(3194.964,2024.,445.002),(3195.,2024.,460.),(3194.964,2024.,474.998),(3191.404,2024.,488.116),(3185.774,2024.,495.774),(3185.774,1944.,424.226),(3191.404,1944.,431.884),(3194.964,1944.,445.002),(3195.,1944.,460.),(3194.964,1944.,474.998),(3191.404,1944.,488.116),(3185.774,1944.,495.774),(2786.667,2264.,415.),(2868.333,2264.,415.),(2950.,2264.,415.),(3031.667,2264.,415.),(3113.333,2264.,415.),(2786.667,2184.,415.),(2868.333,2184.,415.),(2950.,2184.,415.),(3031.667,2184.,415.),(3113.333,2184.,415.),(2786.667,2104.,415.),(2868.333,2104.,415.),(2950.,2104.,415.),(3031.667,2104.,415.),(3113.333,2104.,415.),(2786.667,2024.,415.),(2868.333,2024.,415.),(2950.,2024.,415.),(3031.667,2024.,415.),(3113.333,2024.,415.),(2786.667,1944.,415.),(2868.333,1944.,415.),(2950.,1944.,415.),(3031.667,1944.,415.),(3113.333,1944.,415.),(2786.667,2264.,505.),(2868.333,2264.,505.),(2950.,2264.,505.),(3031.667,2264.,505.),(3113.333,2264.,505.),(2786.667,2184.,505.),(2868.333,2184.,505.),(2950.,2184.,505.),(3031.667,2184.,505.),(3113.333,2184.,505.),(2786.667,2104.,505.),(2868.333,2104.,505.),(2950.,2104.,505.),(3031.667,2104.,505.),(3113.333,2104.,505.),(2786.667,2024.,505.),(2868.333,2024.,505.),(2950.,2024.,505.),(3031.667,2024.,505.),(3113.333,2024.,505.),(2786.667,1944.,505.),(2868.333,1944.,505.),(2950.,1944.,505.),(3031.667,1944.,505.),(3113.333,1944.,505.)));
#910=IFCTRIANGULATEDFACESET(#909,$,.T.,((1,2,9),(1,9,8),(2,3,10),(2,10,9),(3,4,11),(3,11,10),(4,5,12),(4,12,11),(5,6,13),(5,13,12),(6,7,14),(6,14,13),(8,9,16),(8,16,15),(9,10,17),(9,17,16),(10,11,18),(10,18,17),(11,12,19),(11,19,18),(12,13,20),(12,20,19),(13,14,21),(13,21,20),(15,16,23),(15,23,22),(16,17,24),(16,24,23),(17,18,25),(17,25,24),(18,19,26),(18,26,25),(19,20,27),(19,27,26),(20,21,28),(20,28,27),(22,23,30),(22,30,29),(23,24,31),(23,31,30),(24,25,32),(24,32,31),(25,26,33),(25,33,32),(26,27,34),(26,34,33),(27,28,35),(27,35,34),(29,30,37),(29,37,36),(30,31,38),(30,38,37),(31,32,39),(31,39,38),(32,33,40),(32,40,39),(33,34,41),(33,41,40),(34,35,42),(34,42,41),(36,37,44),(36,44,43),(37,38,45),(37,45,44),(38,39,46),(38,46,45),(39,40,47),(39,47,46),(40,41,48),(40,48,47),(41,42,49),(41,49,48),(58,51,50),(57,58,50),(59,52,51),(58,59,51),(60,53,52),(59,60,52),(61,54,53),(60,61,53),(62,55,54),(61,62,54),(63,56,55),(62,63,55),(65,58,57),(64,65,57),(66,59,58),(65,66,58),(67,60,59),(66,67,59),(68,61,60),(67,68,60),(69,62,61),(68,69,61),(70,63,62),(69,70,62),(72,65,64),(71,72,64),(73,66,65),(72,73,65),(74,67,66),(73,74,66),(75,68,67),(74,75,67),(76,69,68),(75,76,68),(77,70,69),(76,77,69),(79,72,71),(78,79,71),(80,73,72),(79,80,72),(81,74,73),(80,81,73),(82,75,74),(81,82,74),(83,76,75),(82,83,75),(84,77,76),(83,84,76),(86,79,78),(85,86,78),(87,80,79),(86,87,79),(88,81,80),(87,88,80),(89,82,81),(88,89,81),(90,83,82),(89,90,82),(91,84,83),(90,91,83),(93,86,85),(92,93,85),(94,87,86),(93,94,86),(95,88,87),(94,95,87),(96,89,88),(95,96,88),(97,90,89),(96,97,89),(98,91,90),(97,98,90),(100,2,1),(99,100,1),(101,3,2),(100,101,2),(102,4,3),(101,102,3),(103,5,4),(102,103,4),(104,6,5),(103,104,5),(105,7,6),(104,105,6),(107,100,99),(106,107,99),(108,101,100),(107,108,100),(109,102,101),(108,109,101),(110,103,102),(109,110,102),(111,104,103),(110,111,103),(112,105,104),(111,112,104),(114,107,106),(113,114,106),(115,108,107),(114,115,107),(116,109,108),(115,116,108),(117,110,109),(116,117,109),(118,111,110),(117,118,110),(119,112,111),(118,119,111),(121,114,113),(120,121,113),(122,115,114),(121,122,114),(123,116,115),(122,123,115),(124,117,116),(123,124,116),(125,118,117),(124,125,117),(126,119,118),(125,126,118),(128,121,120),(127,128,120),(129,122,121),(128,129,121),(130,123,122),(129,130,122),(131,124,123),(130,131,123),(132,125,124),(131,132,124),(133,126,125),(132,133,125),(51,128,127),(50,51,127),(52,129,128),(51,52,128),(53,130,129),(52,53,129),(54,131,130),(53,54,130),(55,132,131),(54,55,131),(56,133,132),(55,56,132),(43,44,135),(43,135,134),(44,45,136),(44,136,135),(45,46,137),(45,137,136),(46,47,138),(46,138,137),(47,48,139),(47,139,138),(48,49,140),(48,140,139),(134,135,142),(134,142,141),(135,136,143),(135,143,142),(136,137,144),(136,144,143),(137,138,145),(137,145,144),(138,139,146),(138,146,145),(139,140,147),(139,147,146),(141,142,149),(141,149,148),(142,143,150),(142,150,149),(143,144,151),(143,151,150),(144,145,152),(144,152,151),(145,146,153),(145,153,152),(146,147,154),(146,154,153),(148,149,156),(148,156,155),(149,150,157),(149,157,156),(150,151,158),(150,158,157),(151,152,159),(151,159,158),(152,153,160),(152,160,159),(153,154,161),(153,161,160),(155,156,163),(155,163,162),(156,157,164),(156,164,163),(157,158,165),(157,165,164),(158,159,166),(158,166,165),(159,160,167),(159,167,166),(160,161,168),(160,168,167),(162,163,93),(162,93,92),(163,164,94),(163,94,93),(164,165,95),(164,95,94),(165,166,96),(165,96,95),(166,167,97),(166,97,96),(167,168,98),(167,98,97),(1,8,169),(1,169,99),(8,15,170),(8,170,169),(15,22,171),(15,171,170),(22,29,172),(22,172,171),(29,36,173),(29,173,172),(36,43,134),(36,134,173),(99,169,174),(99,174,106),(169,170,175),(169,175,174),(170,171,176),(170,176,175),(171,172,177),(171,177,176),(172,173,178),(172,178,177),(173,134,141),(173,141,178),(106,174,179),(106,179,113),(174,175,180),(174,180,179),(175,176,181),(175,181,180),(176,177,182),(176,182,181),(177,178,183),(177,183,182),(178,141,148),(178,148,183),(113,179,184),(113,184,120),(179,180,185),(179,185,184),(180,181,186),(180,186,185),(181,182,187),(181,187,186),(182,183,188),(182,188,187),(183,148,155),(183,155,188),(120,184,189),(120,189,127),(184,185,190),(184,190,189),(185,186,191),(185,191,190),(186,187,192),(186,192,191),(187,188,193),(187,193,192),(188,155,162),(188,162,193),(127,189,57),(127,57,50),(189,190,64),(189,64,57),(190,191,71),(190,71,64),(191,192,78),(191,78,71),(192,193,85),(192,85,78),(193,162,92),(193,92,85),(194,14,7),(105,194,7),(195,21,14),(194,195,14),(196,28,21),(195,196,21),(197,35,28),(196,197,28),(198,42,35),(197,198,35),(140,49,42),(198,140,42),(199,194,105),(112,199,105),(200,195,194),(199,200,194),(201,196,195),(200,201,195),(202,197,196),(201,202,196),(203,198,197),(202,203,197),(147,140,198),(203,147,198),(204,199,112),(119,204,112),(205,200,199),(204,205,199),(206,201,200),(205,206,200),(207,202,201),(206,207,201),(208,203,202),(207,208,202),(154,147,203),(208,154,203),(209,204,119),(126,209,119),(210,205,204),(209,210,204),(211,206,205),(210,211,205),(212,207,206),(211,212,206),(213,208,207),(212,213,207),(161,154,208),(213,161,208),(214,209,126),(133,214,126),(215,210,209),(214,215,209),(216,211,210),(215,216,210),(217,212,211),(216,217,211),(218,213,212),(217,218,212),(168,161,213),(218,168,213),(63,214,133),(56,63,133),(70,215,214),(63,70,214),(77,216,215),(70,77,215),(84,217,216),(77,84,216),(91,218,217),(84,91,217),(98,168,218),(91,98,218)),$);
#911=IFCCARTESIANPOINTLIST3D(((3150.,2304.,430.),(3169.909909,2304.,428.103818),(3209.909909,2304.,848.103818),(3190.,2304.,850.),(3168.935459,2310.18034,428.196623),(3208.935459,2310.18034,848.196623),(3166.107455,2315.7557,428.465957),(3206.107455,2315.7557,848.465957),(3161.702746,2320.18034,428.885453),(3201.702746,2320.18034,848.885453),(3156.1525,2323.02114,429.414048),(3196.1525,2323.02114,849.414048),(3150.,2324.,430.),(3190.,2324.,850.),(3143.8475,2323.02114,430.585952),(3183.8475,2323.02114,850.585952),(3138.297254,2320.18034,431.114547),(3178.297254,2320.18034,851.114547),(3133.892545,2315.7557,431.534043),(3173.892545,2315.7557,851.534043),(3131.064541,2310.18034,431.803377),(3171.064541,2310.18034,851.803377),(3130.090091,2304.,431.896182),(3170.090091,2304.,851.896182),(3131.064541,2297.81966,431.803377),(3171.064541,2297.81966,851.803377),(3133.892545,2292.2443,431.534043),(3173.892545,2292.2443,851.534043),(3138.297254,2287.81966,431.114547),(3178.297254,2287.81966,851.114547),(3143.8475,2284.97886,430.585952),(3183.8475,2284.97886,850.585952),(3150.,2284.,430.),(3190.,2284.,850.),(3156.1525,2284.97886,429.414048),(3196.1525,2284.97886,849.414048),(3161.702746,2287.81966,428.885453),(3201.702746,2287.81966,848.885453),(3166.107455,2292.2443,428.465957),(3206.107455,2292.2443,848.465957),(3168.935459,2297.81966,428.196623),(3208.935459,2297.81966,848.196623)));
#912=IFCTRIANGULATEDFACESET(#911,$,.T.,((2,1,5),(2,5,3),(3,5,6),(3,6,4),(5,1,7),(5,7,6),(6,7,8),(6,8,4),(7,1,9),(7,9,8),(8,9,10),(8,10,4),(9,1,11),(9,11,10),(10,11,12),(10,12,4),(11,1,13),(11,13,12),(12,13,14),(12,14,4),(13,1,15),(13,15,14),(14,15,16),(14,16,4),(15,1,17),(15,17,16),(16,17,18),(16,18,4),(17,1,19),(17,19,18),(18,19,20),(18,20,4),(19,1,21),(19,21,20),(20,21,22),(20,22,4),(21,1,23),(21,23,22),(22,23,24),(22,24,4),(23,1,25),(23,25,24),(24,25,26),(24,26,4),(25,1,27),(25,27,26),(26,27,28),(26,28,4),(27,1,29),(27,29,28),(28,29,30),(28,30,4),(29,1,31),(29,31,30),(30,31,32),(30,32,4),(31,1,33),(31,33,32),(32,33,34),(32,34,4),(33,1,35),(33,35,34),(34,35,36),(34,36,4),(35,1,37),(35,37,36),(36,37,38),(36,38,4),(37,1,39),(37,39,38),(38,39,40),(38,40,4),(39,1,41),(39,41,40),(40,41,42),(40,42,4),(41,1,2),(41,2,42),(42,2,3),(42,3,4)),$);
#913=IFCCARTESIANPOINTLIST3D(((3150.,1904.,430.),(3169.909909,1904.,428.103818),(3209.909909,1904.,848.103818),(3190.,1904.,850.),(3168.935459,1910.18034,428.196623),(3208.935459,1910.18034,848.196623),(3166.107455,1915.7557,428.465957),(3206.107455,1915.7557,848.465957),(3161.702746,1920.18034,428.885453),(3201.702746,1920.18034,848.885453),(3156.1525,1923.02114,429.414048),(3196.1525,1923.02114,849.414048),(3150.,1924.,430.),(3190.,1924.,850.),(3143.8475,1923.02114,430.585952),(3183.8475,1923.02114,850.585952),(3138.297254,1920.18034,431.114547),(3178.297254,1920.18034,851.114547),(3133.892545,1915.7557,431.534043),(3173.892545,1915.7557,851.534043),(3131.064541,1910.18034,431.803377),(3171.064541,1910.18034,851.803377),(3130.090091,1904.,431.896182),(3170.090091,1904.,851.896182),(3131.064541,1897.81966,431.803377),(3171.064541,1897.81966,851.803377),(3133.892545,1892.2443,431.534043),(3173.892545,1892.2443,851.534043),(3138.297254,1887.81966,431.114547),(3178.297254,1887.81966,851.114547),(3143.8475,1884.97886,430.585952),(3183.8475,1884.97886,850.585952),(3150.,1884.,430.),(3190.,1884.,850.),(3156.1525,1884.97886,429.414048),(3196.1525,1884.97886,849.414048),(3161.702746,1887.81966,428.885453),(3201.702746,1887.81966,848.885453),(3166.107455,1892.2443,428.465957),(3206.107455,1892.2443,848.465957),(3168.935459,1897.81966,428.196623),(3208.935459,1897.81966,848.196623)));
#914=IFCTRIANGULATEDFACESET(#913,$,.T.,((2,1,5),(2,5,3),(3,5,6),(3,6,4),(5,1,7),(5,7,6),(6,7,8),(6,8,4),(7,1,9),(7,9,8),(8,9,10),(8,10,4),(9,1,11),(9,11,10),(10,11,12),(10,12,4),(11,1,13),(11,13,12),(12,13,14),(12,14,4),(13,1,15),(13,15,14),(14,15,16),(14,16,4),(15,1,17),(15,17,16),(16,17,18),(16,18,4),(17,1,19),(17,19,18),(18,19,20),(18,20,4),(19,1,21),(19,21,20),(20,21,22),(20,22,4),(21,1,23),(21,23,22),(22,23,24),(22,24,4),(23,1,25),(23,25,24),(24,25,26),(24,26,4),(25,1,27),(25,27,26),(26,27,28),(26,28,4),(27,1,29),(27,29,28),(28,29,30),(28,30,4),(29,1,31),(29,31,30),(30,31,32),(30,32,4),(31,1,33),(31,33,32),(32,33,34),(32,34,4),(33,1,35),(33,35,34),(34,35,36),(34,36,4),(35,1,37),(35,37,36),(36,37,38),(36,38,4),(37,1,39),(37,39,38),(38,39,40),(38,40,4),(39,1,41),(39,41,40),(40,41,42),(40,42,4),(41,1,2),(41,2,42),(42,2,3),(42,3,4)),$);
#915=IFCCARTESIANPOINTLIST3D(((3150.074,2341.426,622.574),(3146.214,2345.286,653.333),(3146.214,2345.286,696.667),(3146.214,2345.286,740.),(3146.214,2345.286,783.333),(3146.214,2345.286,826.667),(3150.074,2341.426,857.426),(3156.917,2343.977,620.023),(3153.446,2350.603,653.333),(3153.446,2350.603,696.667),(3153.446,2350.603,740.),(3153.446,2350.603,783.333),(3153.446,2350.603,826.667),(3156.917,2343.977,859.977),(3166.249,2345.275,618.725),(3165.835,2353.966,653.333),(3165.835,2353.966,696.667),(3165.835,2353.966,740.),(3165.835,2353.966,783.333),(3165.835,2353.966,826.667),(3166.249,2345.275,861.275),(3180.,2345.286,618.714),(3180.,2354.,653.333),(3180.,2354.,696.667),(3180.,2354.,740.),(3180.,2354.,783.333),(3180.,2354.,826.667),(3180.,2345.286,861.286),(3193.751,2345.275,618.725),(3194.165,2353.966,653.333),(3194.165,2353.966,696.667),(3194.165,2353.966,740.),(3194.165,2353.966,783.333),(3194.165,2353.966,826.667),(3193.751,2345.275,861.275),(3203.083,2343.977,620.023),(3206.554,2350.603,653.333),(3206.554,2350.603,696.667),(3206.554,2350.603,740.),(3206.554,2350.603,783.333),(3206.554,2350.603,826.667),(3203.083,2343.977,859.977),(3209.926,2341.426,622.574),(3213.786,2345.286,653.333),(3213.786,2345.286,696.667),(3213.786,2345.286,740.),(3213.786,2345.286,783.333),(3213.786,2345.286,826.667),(3209.926,2341.426,857.426),(3150.074,1866.574,622.574),(3146.214,1862.714,653.333),(3146.214,1862.714,696.667),(3146.214,1862.714,740.),(3146.214,1862.714,783.333),(3146.214,1862.714,826.667),(3150.074,1866.574,857.426),(3156.917,1864.023,620.023),(3153.446,1857.397,653.333),(3153.446,1857.397,696.667),(3153.446,1857.397,740.),(3153.446,1857.397,783.333),(3153.446,1857.397,826.667),(3156.917,1864.023,859.977),(3166.249,1862.725,618.725),(3165.835,1854.034,653.333),(3165.835,1854.034,696.667),(3165.835,1854.034,740.),(3165.835,1854.034,783.333),(3165.835,1854.034,826.667),(3166.249,1862.725,861.275),(3180.,1862.714,618.714),(3180.,1854.,653.333),(3180.,1854.,696.667),(3180.,1854.,740.),(3180.,1854.,783.333),(3180.,1854.,826.667),(3180.,1862.714,861.286),(3193.751,1862.725,618.725),(3194.165,1854.034,653.333),(3194.165,1854.034,696.667),(3194.165,1854.034,740.),(3194.165,1854.034,783.333),(3194.165,1854.034,826.667),(3193.751,1862.725,861.275),(3203.083,1864.023,620.023),(3206.554,1857.397,653.333),(3206.554,1857.397,696.667),(3206.554,1857.397,740.),(3206.554,1857.397,783.333),(3206.554,1857.397,826.667),(3203.083,1864.023,859.977),(3209.926,1866.574,622.574),(3213.786,1862.714,653.333),(3213.786,1862.714,696.667),(3213.786,1862.714,740.),(3213.786,1862.714,783.333),(3213.786,1862.714,826.667),(3209.926,1866.574,857.426),(3146.214,2270.667,618.714),(3137.5,2270.667,653.333),(3137.5,2270.667,696.667),(3137.5,2270.667,740.),(3137.5,2270.667,783.333),(3137.5,2270.667,826.667),(3146.214,2270.667,861.286),(3146.214,2187.333,618.714),(3137.5,2187.333,653.333),(3137.5,2187.333,696.667),(3137.5,2187.333,740.),(3137.5,2187.333,783.333),(3137.5,2187.333,826.667),(3146.214,2187.333,861.286),(3146.214,2104.,618.714),(3137.5,2104.,653.333),(3137.5,2104.,696.667),(3137.5,2104.,740.),(3137.5,2104.,783.333),(3137.5,2104.,826.667),(3146.214,2104.,861.286),(3146.214,2020.667,618.714),(3137.5,2020.667,653.333),(3137.5,2020.667,696.667),(3137.5,2020.667,740.),(3137.5,2020.667,783.333),(3137.5,2020.667,826.667),(3146.214,2020.667,861.286),(3146.214,1937.333,618.714),(3137.5,1937.333,653.333),(3137.5,1937.333,696.667),(3137.5,1937.333,740.),(3137.5,1937.333,783.333),(3137.5,1937.333,826.667),(3146.214,1937.333,861.286),(3213.786,2270.667,618.714),(3222.5,2270.667,653.333),(3222.5,2270.667,696.667),(3222.5,2270.667,740.),(3222.5,2270.667,783.333),(3222.5,2270.667,826.667),(3213.786,2270.667,861.286),(3213.786,2187.333,618.714),(3222.5,2187.333,653.333),(3222.5,2187.333,696.667),(3222.5,2187.333,740.),(3222.5,2187.333,783.333),(3222.5,2187.333,826.667),(3213.786,2187.333,861.286),(3213.786,2104.,618.714),(3222.5,2104.,653.333),(3222.5,2104.,696.667),(3222.5,2104.,740.),(3222.5,2104.,783.333),(3222.5,2104.,826.667),(3213.786,2104.,861.286),(3213.786,2020.667,618.714),(3222.5,2020.667,653.333),(3222.5,2020.667,696.667),(3222.5,2020.667,740.),(3222.5,2020.667,783.333),(3222.5,2020.667,826.667),(3213.786,2020.667,861.286),(3213.786,1937.333,618.714),(3222.5,1937.333,653.333),(3222.5,1937.333,696.667),(3222.5,1937.333,740.),(3222.5,1937.333,783.333),(3222.5,1937.333,826.667),(3213.786,1937.333,861.286),(3153.446,2270.667,613.397),(3165.835,2270.667,610.034),(3180.,2270.667,610.),(3194.165,2270.667,610.034),(3206.554,2270.667,613.397),(3153.446,2187.333,613.397),(3165.835,2187.333,610.034),(3180.,2187.333,610.),(3194.165,2187.333,610.034),(3206.554,2187.333,613.397),(3153.446,2104.,613.397),(3165.835,2104.,610.034),(3180.,2104.,610.),(3194.165,2104.,610.034),(3206.554,2104.,613.397),(3153.446,2020.667,613.397),(3165.835,2020.667,610.034),(3180.,2020.667,610.),(3194.165,2020.667,610.034),(3206.554,2020.667,613.397),(3153.446,1937.333,613.397),(3165.835,1937.333,610.034),(3180.,1937.333,610.),(3194.165,1937.333,610.034),(3206.554,1937.333,613.397),(3153.446,2270.667,866.603),(3165.835,2270.667,869.966),(3180.,2270.667,870.),(3194.165,2270.667,869.966),(3206.554,2270.667,866.603),(3153.446,2187.333,866.603),(3165.835,2187.333,869.966),(3180.,2187.333,870.),(3194.165,2187.333,869.966),(3206.554,2187.333,866.603),(3153.446,2104.,866.603),(3165.835,2104.,869.966),(3180.,2104.,870.),(3194.165,2104.,869.966),(3206.554,2104.,866.603),(3153.446,2020.667,866.603),(3165.835,2020.667,869.966),(3180.,2020.667,870.),(3194.165,2020.667,869.966),(3206.554,2020.667,866.603),(3153.446,1937.333,866.603),(3165.835,1937.333,869.966),(3180.,1937.333,870.),(3194.165,1937.333,869.966),(3206.554,1937.333,866.603)));
#916=IFCTRIANGULATEDFACESET(#915,$,.T.,((1,2,9),(1,9,8),(2,3,10),(2,10,9),(3,4,11),(3,11,10),(4,5,12),(4,12,11),(5,6,13),(5,13,12),(6,7,14),(6,14,13),(8,9,16),(8,16,15),(9,10,17),(9,17,16),(10,11,18),(10,18,17),(11,12,19),(11,19,18),(12,13,20),(12,20,19),(13,14,21),(13,21,20),(15,16,23),(15,23,22),(16,17,24),(16,24,23),(17,18,25),(17,25,24),(18,19,26),(18,26,25),(19,20,27),(19,27,26),(20,21,28),(20,28,27),(22,23,30),(22,30,29),(23,24,31),(23,31,30),(24,25,32),(24,32,31),(25,26,33),(25,33,32),(26,27,34),(26,34,33),(27,28,35),(27,35,34),(29,30,37),(29,37,36),(30,31,38),(30,38,37),(31,32,39),(31,39,38),(32,33,40),(32,40,39),(33,34,41),(33,41,40),(34,35,42),(34,42,41),(36,37,44),(36,44,43),(37,38,45),(37,45,44),(38,39,46),(38,46,45),(39,40,47),(39,47,46),(40,41,48),(40,48,47),(41,42,49),(41,49,48),(58,51,50),(57,58,50),(59,52,51),(58,59,51),(60,53,52),(59,60,52),(61,54,53),(60,61,53),(62,55,54),(61,62,54),(63,56,55),(62,63,55),(65,58,57),(64,65,57),(66,59,58),(65,66,58),(67,60,59),(66,67,59),(68,61,60),(67,68,60),(69,62,61),(68,69,61),(70,63,62),(69,70,62),(72,65,64),(71,72,64),(73,66,65),(72,73,65),(74,67,66),(73,74,66),(75,68,67),(74,75,67),(76,69,68),(75,76,68),(77,70,69),(76,77,69),(79,72,71),(78,79,71),(80,73,72),(79,80,72),(81,74,73),(80,81,73),(82,75,74),(81,82,74),(83,76,75),(82,83,75),(84,77,76),(83,84,76),(86,79,78),(85,86,78),(87,80,79),(86,87,79),(88,81,80),(87,88,80),(89,82,81),(88,89,81),(90,83,82),(89,90,82),(91,84,83),(90,91,83),(93,86,85),(92,93,85),(94,87,86),(93,94,86),(95,88,87),(94,95,87),(96,89,88),(95,96,88),(97,90,89),(96,97,89),(98,91,90),(97,98,90),(100,2,1),(99,100,1),(101,3,2),(100,101,2),(102,4,3),(101,102,3),(103,5,4),(102,103,4),(104,6,5),(103,104,5),(105,7,6),(104,105,6),(107,100,99),(106,107,99),(108,101,100),(107,108,100),(109,102,101),(108,109,101),(110,103,102),(109,110,102),(111,104,103),(110,111,103),(112,105,104),(111,112,104),(114,107,106),(113,114,106),(115,108,107),(114,115,107),(116,109,108),(115,116,108),(117,110,109),(116,117,109),(118,111,110),(117,118,110),(119,112,111),(118,119,111),(121,114,113),(120,121,113),(122,115,114),(121,122,114),(123,116,115),(122,123,115),(124,117,116),(123,124,116),(125,118,117),(124,125,117),(126,119,118),(125,126,118),(128,121,120),(127,128,120),(129,122,121),(128,129,121),(130,123,122),(129,130,122),(131,124,123),(130,131,123),(132,125,124),(131,132,124),(133,126,125),(132,133,125),(51,128,127),(50,51,127),(52,129,128),(51,52,128),(53,130,129),(52,53,129),(54,131,130),(53,54,130),(55,132,131),(54,55,131),(56,133,132),(55,56,132),(43,44,135),(43,135,134),(44,45,136),(44,136,135),(45,46,137),(45,137,136),(46,47,138),(46,138,137),(47,48,139),(47,139,138),(48,49,140),(48,140,139),(134,135,142),(134,142,141),(135,136,143),(135,143,142),(136,137,144),(136,144,143),(137,138,145),(137,145,144),(138,139,146),(138,146,145),(139,140,147),(139,147,146),(141,142,149),(141,149,148),(142,143,150),(142,150,149),(143,144,151),(143,151,150),(144,145,152),(144,152,151),(145,146,153),(145,153,152),(146,147,154),(146,154,153),(148,149,156),(148,156,155),(149,150,157),(149,157,156),(150,151,158),(150,158,157),(151,152,159),(151,159,158),(152,153,160),(152,160,159),(153,154,161),(153,161,160),(155,156,163),(155,163,162),(156,157,164),(156,164,163),(157,158,165),(157,165,164),(158,159,166),(158,166,165),(159,160,167),(159,167,166),(160,161,168),(160,168,167),(162,163,93),(162,93,92),(163,164,94),(163,94,93),(164,165,95),(164,95,94),(165,166,96),(165,96,95),(166,167,97),(166,97,96),(167,168,98),(167,98,97),(1,8,169),(1,169,99),(8,15,170),(8,170,169),(15,22,171),(15,171,170),(22,29,172),(22,172,171),(29,36,173),(29,173,172),(36,43,134),(36,134,173),(99,169,174),(99,174,106),(169,170,175),(169,175,174),(170,171,176),(170,176,175),(171,172,177),(171,177,176),(172,173,178),(172,178,177),(173,134,141),(173,141,178),(106,174,179),(106,179,113),(174,175,180),(174,180,179),(175,176,181),(175,181,180),(176,177,182),(176,182,181),(177,178,183),(177,183,182),(178,141,148),(178,148,183),(113,179,184),(113,184,120),(179,180,185),(179,185,184),(180,181,186),(180,186,185),(181,182,187),(181,187,186),(182,183,188),(182,188,187),(183,148,155),(183,155,188),(120,184,189),(120,189,127),(184,185,190),(184,190,189),(185,186,191),(185,191,190),(186,187,192),(186,192,191),(187,188,193),(187,193,192),(188,155,162),(188,162,193),(127,189,57),(127,57,50),(189,190,64),(189,64,57),(190,191,71),(190,71,64),(191,192,78),(191,78,71),(192,193,85),(192,85,78),(193,162,92),(193,92,85),(194,14,7),(105,194,7),(195,21,14),(194,195,14),(196,28,21),(195,196,21),(197,35,28),(196,197,28),(198,42,35),(197,198,35),(140,49,42),(198,140,42),(199,194,105),(112,199,105),(200,195,194),(199,200,194),(201,196,195),(200,201,195),(202,197,196),(201,202,196),(203,198,197),(202,203,197),(147,140,198),(203,147,198),(204,199,112),(119,204,112),(205,200,199),(204,205,199),(206,201,200),(205,206,200),(207,202,201),(206,207,201),(208,203,202),(207,208,202),(154,147,203),(208,154,203),(209,204,119),(126,209,119),(210,205,204),(209,210,204),(211,206,205),(210,211,205),(212,207,206),(211,212,206),(213,208,207),(212,213,207),(161,154,208),(213,161,208),(214,209,126),(133,214,126),(215,210,209),(214,215,209),(216,211,210),(215,216,210),(217,212,211),(216,217,211),(218,213,212),(217,218,212),(168,161,213),(218,168,213),(63,214,133),(56,63,133),(70,215,214),(63,70,214),(77,216,215),(70,77,215),(84,217,216),(77,84,216),(91,218,217),(84,91,217),(98,168,218),(91,98,218)),$);
#917=IFCCARTESIANPOINTLIST3D(((2060.,1456.,791.5),(2175.,1456.,791.5),(2175.,1456.,804.5),(2060.,1456.,804.5),(2169.371555,1491.536955,791.5),(2169.371555,1491.536955,804.5),(2153.036955,1523.595275,791.5),(2153.036955,1523.595275,804.5),(2127.595275,1549.036955,791.5),(2127.595275,1549.036955,804.5),(2095.536955,1565.371555,791.5),(2095.536955,1565.371555,804.5),(2060.,1571.,791.5),(2060.,1571.,804.5),(2024.463045,1565.371555,791.5),(2024.463045,1565.371555,804.5),(1992.404725,1549.036955,791.5),(1992.404725,1549.036955,804.5),(1966.963045,1523.595275,791.5),(1966.963045,1523.595275,804.5),(1950.628445,1491.536955,791.5),(1950.628445,1491.536955,804.5),(1945.,1456.,791.5),(1945.,1456.,804.5),(1950.628445,1420.463045,791.5),(1950.628445,1420.463045,804.5),(1966.963045,1388.404725,791.5),(1966.963045,1388.404725,804.5),(1992.404725,1362.963045,791.5),(1992.404725,1362.963045,804.5),(2024.463045,1346.628445,791.5),(2024.463045,1346.628445,804.5),(2060.,1341.,791.5),(2060.,1341.,804.5),(2095.536955,1346.628445,791.5),(2095.536955,1346.628445,804.5),(2127.595275,1362.963045,791.5),(2127.595275,1362.963045,804.5),(2153.036955,1388.404725,791.5),(2153.036955,1388.404725,804.5),(2169.371555,1420.463045,791.5),(2169.371555,1420.463045,804.5)));
#918=IFCTRIANGULATEDFACESET(#917,$,.T.,((2,1,5),(2,5,3),(3,5,6),(3,6,4),(5,1,7),(5,7,6),(6,7,8),(6,8,4),(7,1,9),(7,9,8),(8,9,10),(8,10,4),(9,1,11),(9,11,10),(10,11,12),(10,12,4),(11,1,13),(11,13,12),(12,13,14),(12,14,4),(13,1,15),(13,15,14),(14,15,16),(14,16,4),(15,1,17),(15,17,16),(16,17,18),(16,18,4),(17,1,19),(17,19,18),(18,19,20),(18,20,4),(19,1,21),(19,21,20),(20,21,22),(20,22,4),(21,1,23),(21,23,22),(22,23,24),(22,24,4),(23,1,25),(23,25,24),(24,25,26),(24,26,4),(25,1,27),(25,27,26),(26,27,28),(26,28,4),(27,1,29),(27,29,28),(28,29,30),(28,30,4),(29,1,31),(29,31,30),(30,31,32),(30,32,4),(31,1,33),(31,33,32),(32,33,34),(32,34,4),(33,1,35),(33,35,34),(34,35,36),(34,36,4),(35,1,37),(35,37,36),(36,37,38),(36,38,4),(37,1,39),(37,39,38),(38,39,40),(38,40,4),(39,1,41),(39,41,40),(40,41,42),(40,42,4),(41,1,2),(41,2,42),(42,2,3),(42,3,4)),$);
#919=IFCCARTESIANPOINTLIST3D(((2500.,1456.,791.5),(2615.,1456.,791.5),(2615.,1456.,804.5),(2500.,1456.,804.5),(2609.371555,1491.536955,791.5),(2609.371555,1491.536955,804.5),(2593.036955,1523.595275,791.5),(2593.036955,1523.595275,804.5),(2567.595275,1549.036955,791.5),(2567.595275,1549.036955,804.5),(2535.536955,1565.371555,791.5),(2535.536955,1565.371555,804.5),(2500.,1571.,791.5),(2500.,1571.,804.5),(2464.463045,1565.371555,791.5),(2464.463045,1565.371555,804.5),(2432.404725,1549.036955,791.5),(2432.404725,1549.036955,804.5),(2406.963045,1523.595275,791.5),(2406.963045,1523.595275,804.5),(2390.628445,1491.536955,791.5),(2390.628445,1491.536955,804.5),(2385.,1456.,791.5),(2385.,1456.,804.5),(2390.628445,1420.463045,791.5),(2390.628445,1420.463045,804.5),(2406.963045,1388.404725,791.5),(2406.963045,1388.404725,804.5),(2432.404725,1362.963045,791.5),(2432.404725,1362.963045,804.5),(2464.463045,1346.628445,791.5),(2464.463045,1346.628445,804.5),(2500.,1341.,791.5),(2500.,1341.,804.5),(2535.536955,1346.628445,791.5),(2535.536955,1346.628445,804.5),(2567.595275,1362.963045,791.5),(2567.595275,1362.963045,804.5),(2593.036955,1388.404725,791.5),(2593.036955,1388.404725,804.5),(2609.371555,1420.463045,791.5),(2609.371555,1420.463045,804.5)));
#920=IFCTRIANGULATEDFACESET(#919,$,.T.,((2,1,5),(2,5,3),(3,5,6),(3,6,4),(5,1,7),(5,7,6),(6,7,8),(6,8,4),(7,1,9),(7,9,8),(8,9,10),(8,10,4),(9,1,11),(9,11,10),(10,11,12),(10,12,4),(11,1,13),(11,13,12),(12,13,14),(12,14,4),(13,1,15),(13,15,14),(14,15,16),(14,16,4),(15,1,17),(15,17,16),(16,17,18),(16,18,4),(17,1,19),(17,19,18),(18,19,20),(18,20,4),(19,1,21),(19,21,20),(20,21,22),(20,22,4),(21,1,23),(21,23,22),(22,23,24),(22,24,4),(23,1,25),(23,25,24),(24,25,26),(24,26,4),(25,1,27),(25,27,26),(26,27,28),(26,28,4),(27,1,29),(27,29,28),(28,29,30),(28,30,4),(29,1,31),(29,31,30),(30,31,32),(30,32,4),(31,1,33),(31,33,32),(32,33,34),(32,34,4),(33,1,35),(33,35,34),(34,35,36),(34,36,4),(35,1,37),(35,37,36),(36,37,38),(36,38,4),(37,1,39),(37,39,38),(38,39,40),(38,40,4),(39,1,41),(39,41,40),(40,41,42),(40,42,4),(41,1,2),(41,2,42),(42,2,3),(42,3,4)),$);
#921=IFCCARTESIANPOINTLIST3D(((2060.,2104.,791.5),(2175.,2104.,791.5),(2175.,2104.,804.5),(2060.,2104.,804.5),(2169.371555,2139.536955,791.5),(2169.371555,2139.536955,804.5),(2153.036955,2171.595275,791.5),(2153.036955,2171.595275,804.5),(2127.595275,2197.036955,791.5),(2127.595275,2197.036955,804.5),(2095.536955,2213.371555,791.5),(2095.536955,2213.371555,804.5),(2060.,2219.,791.5),(2060.,2219.,804.5),(2024.463045,2213.371555,791.5),(2024.463045,2213.371555,804.5),(1992.404725,2197.036955,791.5),(1992.404725,2197.036955,804.5),(1966.963045,2171.595275,791.5),(1966.963045,2171.595275,804.5),(1950.628445,2139.536955,791.5),(1950.628445,2139.536955,804.5),(1945.,2104.,791.5),(1945.,2104.,804.5),(1950.628445,2068.463045,791.5),(1950.628445,2068.463045,804.5),(1966.963045,2036.404725,791.5),(1966.963045,2036.404725,804.5),(1992.404725,2010.963045,791.5),(1992.404725,2010.963045,804.5),(2024.463045,1994.628445,791.5),(2024.463045,1994.628445,804.5),(2060.,1989.,791.5),(2060.,1989.,804.5),(2095.536955,1994.628445,791.5),(2095.536955,1994.628445,804.5),(2127.595275,2010.963045,791.5),(2127.595275,2010.963045,804.5),(2153.036955,2036.404725,791.5),(2153.036955,2036.404725,804.5),(2169.371555,2068.463045,791.5),(2169.371555,2068.463045,804.5)));
#922=IFCTRIANGULATEDFACESET(#921,$,.T.,((2,1,5),(2,5,3),(3,5,6),(3,6,4),(5,1,7),(5,7,6),(6,7,8),(6,8,4),(7,1,9),(7,9,8),(8,9,10),(8,10,4),(9,1,11),(9,11,10),(10,11,12),(10,12,4),(11,1,13),(11,13,12),(12,13,14),(12,14,4),(13,1,15),(13,15,14),(14,15,16),(14,16,4),(15,1,17),(15,17,16),(16,17,18),(16,18,4),(17,1,19),(17,19,18),(18,19,20),(18,20,4),(19,1,21),(19,21,20),(20,21,22),(20,22,4),(21,1,23),(21,23,22),(22,23,24),(22,24,4),(23,1,25),(23,25,24),(24,25,26),(24,26,4),(25,1,27),(25,27,26),(26,27,28),(26,28,4),(27,1,29),(27,29,28),(28,29,30),(28,30,4),(29,1,31),(29,31,30),(30,31,32),(30,32,4),(31,1,33),(31,33,32),(32,33,34),(32,34,4),(33,1,35),(33,35,34),(34,35,36),(34,36,4),(35,1,37),(35,37,36),(36,37,38),(36,38,4),(37,1,39),(37,39,38),(38,39,40),(38,40,4),(39,1,41),(39,41,40),(40,41,42),(40,42,4),(41,1,2),(41,2,42),(42,2,3),(42,3,4)),$);
#923=IFCCARTESIANPOINTLIST3D(((2500.,2104.,791.5),(2615.,2104.,791.5),(2615.,2104.,804.5),(2500.,2104.,804.5),(2609.371555,2139.536955,791.5),(2609.371555,2139.536955,804.5),(2593.036955,2171.595275,791.5),(2593.036955,2171.595275,804.5),(2567.595275,2197.036955,791.5),(2567.595275,2197.036955,804.5),(2535.536955,2213.371555,791.5),(2535.536955,2213.371555,804.5),(2500.,2219.,791.5),(2500.,2219.,804.5),(2464.463045,2213.371555,791.5),(2464.463045,2213.371555,804.5),(2432.404725,2197.036955,791.5),(2432.404725,2197.036955,804.5),(2406.963045,2171.595275,791.5),(2406.963045,2171.595275,804.5),(2390.628445,2139.536955,791.5),(2390.628445,2139.536955,804.5),(2385.,2104.,791.5),(2385.,2104.,804.5),(2390.628445,2068.463045,791.5),(2390.628445,2068.463045,804.5),(2406.963045,2036.404725,791.5),(2406.963045,2036.404725,804.5),(2432.404725,2010.963045,791.5),(2432.404725,2010.963045,804.5),(2464.463045,1994.628445,791.5),(2464.463045,1994.628445,804.5),(2500.,1989.,791.5),(2500.,1989.,804.5),(2535.536955,1994.628445,791.5),(2535.536955,1994.628445,804.5),(2567.595275,2010.963045,791.5),(2567.595275,2010.963045,804.5),(2593.036955,2036.404725,791.5),(2593.036955,2036.404725,804.5),(2609.371555,2068.463045,791.5),(2609.371555,2068.463045,804.5)));
#924=IFCTRIANGULATEDFACESET(#923,$,.T.,((2,1,5),(2,5,3),(3,5,6),(3,6,4),(5,1,7),(5,7,6),(6,7,8),(6,8,4),(7,1,9),(7,9,8),(8,9,10),(8,10,4),(9,1,11),(9,11,10),(10,11,12),(10,12,4),(11,1,13),(11,13,12),(12,13,14),(12,14,4),(13,1,15),(13,15,14),(14,15,16),(14,16,4),(15,1,17),(15,17,16),(16,17,18),(16,18,4),(17,1,19),(17,19,18),(18,19,20),(18,20,4),(19,1,21),(19,21,20),(20,21,22),(20,22,4),(21,1,23),(21,23,22),(22,23,24),(22,24,4),(23,1,25),(23,25,24),(24,25,26),(24,26,4),(25,1,27),(25,27,26),(26,27,28),(26,28,4),(27,1,29),(27,29,28),(28,29,30),(28,30,4),(29,1,31),(29,31,30),(30,31,32),(30,32,4),(31,1,33),(31,33,32),(32,33,34),(32,34,4),(33,1,35),(33,35,34),(34,35,36),(34,36,4),(35,1,37),(35,37,36),(36,37,38),(36,38,4),(37,1,39),(37,39,38),(38,39,40),(38,40,4),(39,1,41),(39,41,40),(40,41,42),(40,42,4),(41,1,2),(41,2,42),(42,2,3),(42,3,4)),$);
#925=IFCSHAPEREPRESENTATION(#6,'Body','Tessellation',(#844,#846,#848,#850,#852,#854,#856,#858,#860,#862,#864,#866,#868,#870,#872,#874,#876,#878,#880,#882,#884,#886,#888,#890,#892,#894,#896,#898,#900,#902,#904,#906,#908,#910,#912,#914,#916,#918,#920,#922,#924));
#926=IFCPRODUCTDEFINITIONSHAPE($,$,(#925));
#927=IFCFURNISHINGELEMENT('3OvZPcJ_zNQuiEyzrQSdaO',$,'Dining Set','Authored furniture assembly',$,#19,#926,'F0-living/dining-set');
#928=IFCPROPERTYSINGLEVALUE('ReviewStatus',$,IFCLABEL('PRELIMINARY - NOT FOR CONSTRUCTION'),$);
#929=IFCPROPERTYSINGLEVALUE('PlanHash',$,IFCLABEL('13e93ea3847ed8bb1a6303802cf36b20f1f5a619efd14b6e4fd3dcf0f379760f'),$);
#930=IFCPROPERTYSET('3fHRduLkvP3QKBFA1ckjLr',$,'FloorForge_Review',$,(#928,#929));
#931=IFCRELDEFINESBYPROPERTIES('1qm9rWCvLMSezOc3WEO1js',$,$,$,(#927),#930);
#932=IFCCARTESIANPOINTLIST3D(((1987.321,7752.321,22.679),(1991.213,7756.213,153.333),(1991.213,7756.213,296.667),(1991.213,7756.213,440.),(1991.213,7756.213,583.333),(1991.213,7756.213,726.667),(1987.321,7752.321,857.321),(1991.213,7665.,18.787),(2000.,7665.,153.333),(2000.,7665.,296.667),(2000.,7665.,440.),(2000.,7665.,583.333),(2000.,7665.,726.667),(1991.213,7665.,861.213),(1991.213,7565.,18.787),(2000.,7565.,153.333),(2000.,7565.,296.667),(2000.,7565.,440.),(2000.,7565.,583.333),(2000.,7565.,726.667),(1991.213,7565.,861.213),(1991.213,7465.,18.787),(2000.,7465.,153.333),(2000.,7465.,296.667),(2000.,7465.,440.),(2000.,7465.,583.333),(2000.,7465.,726.667),(1991.213,7465.,861.213),(1991.213,7365.,18.787),(2000.,7365.,153.333),(2000.,7365.,296.667),(2000.,7365.,440.),(2000.,7365.,583.333),(2000.,7365.,726.667),(1991.213,7365.,861.213),(1991.213,7265.,18.787),(2000.,7265.,153.333),(2000.,7265.,296.667),(2000.,7265.,440.),(2000.,7265.,583.333),(2000.,7265.,726.667),(1991.213,7265.,861.213),(1987.321,7177.679,22.679),(1991.213,7173.787,153.333),(1991.213,7173.787,296.667),(1991.213,7173.787,440.),(1991.213,7173.787,583.333),(1991.213,7173.787,726.667),(1987.321,7177.679,857.321),(1412.679,7752.321,22.679),(1408.787,7756.213,153.333),(1408.787,7756.213,296.667),(1408.787,7756.213,440.),(1408.787,7756.213,583.333),(1408.787,7756.213,726.667),(1412.679,7752.321,857.321),(1408.787,7665.,18.787),(1400.,7665.,153.333),(1400.,7665.,296.667),(1400.,7665.,440.),(1400.,7665.,583.333),(1400.,7665.,726.667),(1408.787,7665.,861.213),(1408.787,7565.,18.787),(1400.,7565.,153.333),(1400.,7565.,296.667),(1400.,7565.,440.),(1400.,7565.,583.333),(1400.,7565.,726.667),(1408.787,7565.,861.213),(1408.787,7465.,18.787),(1400.,7465.,153.333),(1400.,7465.,296.667),(1400.,7465.,440.),(1400.,7465.,583.333),(1400.,7465.,726.667),(1408.787,7465.,861.213),(1408.787,7365.,18.787),(1400.,7365.,153.333),(1400.,7365.,296.667),(1400.,7365.,440.),(1400.,7365.,583.333),(1400.,7365.,726.667),(1408.787,7365.,861.213),(1408.787,7265.,18.787),(1400.,7265.,153.333),(1400.,7265.,296.667),(1400.,7265.,440.),(1400.,7265.,583.333),(1400.,7265.,726.667),(1408.787,7265.,861.213),(1412.679,7177.679,22.679),(1408.787,7173.787,153.333),(1408.787,7173.787,296.667),(1408.787,7173.787,440.),(1408.787,7173.787,583.333),(1408.787,7173.787,726.667),(1412.679,7177.679,857.321),(1900.,7756.213,18.787),(1900.,7765.,153.333),(1900.,7765.,296.667),(1900.,7765.,440.),(1900.,7765.,583.333),(1900.,7765.,726.667),(1900.,7756.213,861.213),(1800.,7756.213,18.787),(1800.,7765.,153.333),(1800.,7765.,296.667),(1800.,7765.,440.),(1800.,7765.,583.333),(1800.,7765.,726.667),(1800.,7756.213,861.213),(1700.,7756.213,18.787),(1700.,7765.,153.333),(1700.,7765.,296.667),(1700.,7765.,440.),(1700.,7765.,583.333),(1700.,7765.,726.667),(1700.,7756.213,861.213),(1600.,7756.213,18.787),(1600.,7765.,153.333),(1600.,7765.,296.667),(1600.,7765.,440.),(1600.,7765.,583.333),(1600.,7765.,726.667),(1600.,7756.213,861.213),(1500.,7756.213,18.787),(1500.,7765.,153.333),(1500.,7765.,296.667),(1500.,7765.,440.),(1500.,7765.,583.333),(1500.,7765.,726.667),(1500.,7756.213,861.213),(1900.,7173.787,18.787),(1900.,7165.,153.333),(1900.,7165.,296.667),(1900.,7165.,440.),(1900.,7165.,583.333),(1900.,7165.,726.667),(1900.,7173.787,861.213),(1800.,7173.787,18.787),(1800.,7165.,153.333),(1800.,7165.,296.667),(1800.,7165.,440.),(1800.,7165.,583.333),(1800.,7165.,726.667),(1800.,7173.787,861.213),(1700.,7173.787,18.787),(1700.,7165.,153.333),(1700.,7165.,296.667),(1700.,7165.,440.),(1700.,7165.,583.333),(1700.,7165.,726.667),(1700.,7173.787,861.213),(1600.,7173.787,18.787),(1600.,7165.,153.333),(1600.,7165.,296.667),(1600.,7165.,440.),(1600.,7165.,583.333),(1600.,7165.,726.667),(1600.,7173.787,861.213),(1500.,7173.787,18.787),(1500.,7165.,153.333),(1500.,7165.,296.667),(1500.,7165.,440.),(1500.,7165.,583.333),(1500.,7165.,726.667),(1500.,7173.787,861.213),(1900.,7665.,10.),(1900.,7565.,10.),(1900.,7465.,10.),(1900.,7365.,10.),(1900.,7265.,10.),(1800.,7665.,10.),(1800.,7565.,10.),(1800.,7465.,10.),(1800.,7365.,10.),(1800.,7265.,10.),(1700.,7665.,10.),(1700.,7565.,10.),(1700.,7465.,10.),(1700.,7365.,10.),(1700.,7265.,10.),(1600.,7665.,10.),(1600.,7565.,10.),(1600.,7465.,10.),(1600.,7365.,10.),(1600.,7265.,10.),(1500.,7665.,10.),(1500.,7565.,10.),(1500.,7465.,10.),(1500.,7365.,10.),(1500.,7265.,10.),(1900.,7665.,870.),(1900.,7565.,870.),(1900.,7465.,870.),(1900.,7365.,870.),(1900.,7265.,870.),(1800.,7665.,870.),(1800.,7565.,870.),(1800.,7465.,870.),(1800.,7365.,870.),(1800.,7265.,870.),(1700.,7665.,870.),(1700.,7565.,870.),(1700.,7465.,870.),(1700.,7365.,870.),(1700.,7265.,870.),(1600.,7665.,870.),(1600.,7565.,870.),(1600.,7465.,870.),(1600.,7365.,870.),(1600.,7265.,870.),(1500.,7665.,870.),(1500.,7565.,870.),(1500.,7465.,870.),(1500.,7365.,870.),(1500.,7265.,870.)));
#933=IFCTRIANGULATEDFACESET(#932,$,.T.,((1,2,9),(1,9,8),(2,3,10),(2,10,9),(3,4,11),(3,11,10),(4,5,12),(4,12,11),(5,6,13),(5,13,12),(6,7,14),(6,14,13),(8,9,16),(8,16,15),(9,10,17),(9,17,16),(10,11,18),(10,18,17),(11,12,19),(11,19,18),(12,13,20),(12,20,19),(13,14,21),(13,21,20),(15,16,23),(15,23,22),(16,17,24),(16,24,23),(17,18,25),(17,25,24),(18,19,26),(18,26,25),(19,20,27),(19,27,26),(20,21,28),(20,28,27),(22,23,30),(22,30,29),(23,24,31),(23,31,30),(24,25,32),(24,32,31),(25,26,33),(25,33,32),(26,27,34),(26,34,33),(27,28,35),(27,35,34),(29,30,37),(29,37,36),(30,31,38),(30,38,37),(31,32,39),(31,39,38),(32,33,40),(32,40,39),(33,34,41),(33,41,40),(34,35,42),(34,42,41),(36,37,44),(36,44,43),(37,38,45),(37,45,44),(38,39,46),(38,46,45),(39,40,47),(39,47,46),(40,41,48),(40,48,47),(41,42,49),(41,49,48),(58,51,50),(57,58,50),(59,52,51),(58,59,51),(60,53,52),(59,60,52),(61,54,53),(60,61,53),(62,55,54),(61,62,54),(63,56,55),(62,63,55),(65,58,57),(64,65,57),(66,59,58),(65,66,58),(67,60,59),(66,67,59),(68,61,60),(67,68,60),(69,62,61),(68,69,61),(70,63,62),(69,70,62),(72,65,64),(71,72,64),(73,66,65),(72,73,65),(74,67,66),(73,74,66),(75,68,67),(74,75,67),(76,69,68),(75,76,68),(77,70,69),(76,77,69),(79,72,71),(78,79,71),(80,73,72),(79,80,72),(81,74,73),(80,81,73),(82,75,74),(81,82,74),(83,76,75),(82,83,75),(84,77,76),(83,84,76),(86,79,78),(85,86,78),(87,80,79),(86,87,79),(88,81,80),(87,88,80),(89,82,81),(88,89,81),(90,83,82),(89,90,82),(91,84,83),(90,91,83),(93,86,85),(92,93,85),(94,87,86),(93,94,86),(95,88,87),(94,95,87),(96,89,88),(95,96,88),(97,90,89),(96,97,89),(98,91,90),(97,98,90),(100,2,1),(99,100,1),(101,3,2),(100,101,2),(102,4,3),(101,102,3),(103,5,4),(102,103,4),(104,6,5),(103,104,5),(105,7,6),(104,105,6),(107,100,99),(106,107,99),(108,101,100),(107,108,100),(109,102,101),(108,109,101),(110,103,102),(109,110,102),(111,104,103),(110,111,103),(112,105,104),(111,112,104),(114,107,106),(113,114,106),(115,108,107),(114,115,107),(116,109,108),(115,116,108),(117,110,109),(116,117,109),(118,111,110),(117,118,110),(119,112,111),(118,119,111),(121,114,113),(120,121,113),(122,115,114),(121,122,114),(123,116,115),(122,123,115),(124,117,116),(123,124,116),(125,118,117),(124,125,117),(126,119,118),(125,126,118),(128,121,120),(127,128,120),(129,122,121),(128,129,121),(130,123,122),(129,130,122),(131,124,123),(130,131,123),(132,125,124),(131,132,124),(133,126,125),(132,133,125),(51,128,127),(50,51,127),(52,129,128),(51,52,128),(53,130,129),(52,53,129),(54,131,130),(53,54,130),(55,132,131),(54,55,131),(56,133,132),(55,56,132),(43,44,135),(43,135,134),(44,45,136),(44,136,135),(45,46,137),(45,137,136),(46,47,138),(46,138,137),(47,48,139),(47,139,138),(48,49,140),(48,140,139),(134,135,142),(134,142,141),(135,136,143),(135,143,142),(136,137,144),(136,144,143),(137,138,145),(137,145,144),(138,139,146),(138,146,145),(139,140,147),(139,147,146),(141,142,149),(141,149,148),(142,143,150),(142,150,149),(143,144,151),(143,151,150),(144,145,152),(144,152,151),(145,146,153),(145,153,152),(146,147,154),(146,154,153),(148,149,156),(148,156,155),(149,150,157),(149,157,156),(150,151,158),(150,158,157),(151,152,159),(151,159,158),(152,153,160),(152,160,159),(153,154,161),(153,161,160),(155,156,163),(155,163,162),(156,157,164),(156,164,163),(157,158,165),(157,165,164),(158,159,166),(158,166,165),(159,160,167),(159,167,166),(160,161,168),(160,168,167),(162,163,93),(162,93,92),(163,164,94),(163,94,93),(164,165,95),(164,95,94),(165,166,96),(165,96,95),(166,167,97),(166,97,96),(167,168,98),(167,98,97),(1,8,169),(1,169,99),(8,15,170),(8,170,169),(15,22,171),(15,171,170),(22,29,172),(22,172,171),(29,36,173),(29,173,172),(36,43,134),(36,134,173),(99,169,174),(99,174,106),(169,170,175),(169,175,174),(170,171,176),(170,176,175),(171,172,177),(171,177,176),(172,173,178),(172,178,177),(173,134,141),(173,141,178),(106,174,179),(106,179,113),(174,175,180),(174,180,179),(175,176,181),(175,181,180),(176,177,182),(176,182,181),(177,178,183),(177,183,182),(178,141,148),(178,148,183),(113,179,184),(113,184,120),(179,180,185),(179,185,184),(180,181,186),(180,186,185),(181,182,187),(181,187,186),(182,183,188),(182,188,187),(183,148,155),(183,155,188),(120,184,189),(120,189,127),(184,185,190),(184,190,189),(185,186,191),(185,191,190),(186,187,192),(186,192,191),(187,188,193),(187,193,192),(188,155,162),(188,162,193),(127,189,57),(127,57,50),(189,190,64),(189,64,57),(190,191,71),(190,71,64),(191,192,78),(191,78,71),(192,193,85),(192,85,78),(193,162,92),(193,92,85),(194,14,7),(105,194,7),(195,21,14),(194,195,14),(196,28,21),(195,196,21),(197,35,28),(196,197,28),(198,42,35),(197,198,35),(140,49,42),(198,140,42),(199,194,105),(112,199,105),(200,195,194),(199,200,194),(201,196,195),(200,201,195),(202,197,196),(201,202,196),(203,198,197),(202,203,197),(147,140,198),(203,147,198),(204,199,112),(119,204,112),(205,200,199),(204,205,199),(206,201,200),(205,206,200),(207,202,201),(206,207,201),(208,203,202),(207,208,202),(154,147,203),(208,154,203),(209,204,119),(126,209,119),(210,205,204),(209,210,204),(211,206,205),(210,211,205),(212,207,206),(211,212,206),(213,208,207),(212,213,207),(161,154,208),(213,161,208),(214,209,126),(133,214,126),(215,210,209),(214,215,209),(216,211,210),(215,216,210),(217,212,211),(216,217,211),(218,213,212),(217,218,212),(168,161,213),(218,168,213),(63,214,133),(56,63,133),(70,215,214),(63,70,214),(77,216,215),(70,77,215),(84,217,216),(77,84,216),(91,218,217),(84,91,217),(98,168,218),(91,98,218)),$);
#934=IFCCARTESIANPOINTLIST3D(((1465.,7155.,450.),(1475.251,7179.749,450.),(1500.,7190.,450.),(1524.749,7179.749,450.),(1535.,7155.,450.),(1524.749,7130.251,450.),(1500.,7120.,450.),(1475.251,7130.251,450.),(1473.007,7155.,510.822),(1482.909,7179.749,508.169),(1506.815,7190.,501.764),(1530.72,7179.749,495.358),(1540.622,7155.,492.705),(1530.72,7130.251,495.358),(1506.815,7120.,501.764),(1482.909,7130.251,508.169),(1496.484,7155.,567.5),(1505.362,7179.749,562.374),(1526.795,7190.,550.),(1548.228,7179.749,537.626),(1557.106,7155.,532.5),(1548.228,7130.251,537.626),(1526.795,7120.,550.),(1505.362,7130.251,562.374),(1533.83,7155.,616.17),(1541.079,7179.749,608.921),(1558.579,7190.,591.421),(1576.079,7179.749,573.921),(1583.327,7155.,566.673),(1576.079,7130.251,573.921),(1558.579,7120.,591.421),(1541.079,7130.251,608.921),(1582.5,7155.,653.516),(1587.626,7179.749,644.638),(1600.,7190.,623.205),(1612.374,7179.749,601.772),(1617.5,7155.,592.894),(1612.374,7130.251,601.772),(1600.,7120.,623.205),(1587.626,7130.251,644.638),(1639.178,7155.,676.993),(1641.831,7179.749,667.091),(1648.236,7190.,643.185),(1654.642,7179.749,619.28),(1657.295,7155.,609.378),(1654.642,7130.251,619.28),(1648.236,7120.,643.185),(1641.831,7130.251,667.091),(1700.,7155.,685.),(1700.,7179.749,674.749),(1700.,7190.,650.),(1700.,7179.749,625.251),(1700.,7155.,615.),(1700.,7130.251,625.251),(1700.,7120.,650.),(1700.,7130.251,674.749),(1760.822,7155.,676.993),(1758.169,7179.749,667.091),(1751.764,7190.,643.185),(1745.358,7179.749,619.28),(1742.705,7155.,609.378),(1745.358,7130.251,619.28),(1751.764,7120.,643.185),(1758.169,7130.251,667.091),(1817.5,7155.,653.516),(1812.374,7179.749,644.638),(1800.,7190.,623.205),(1787.626,7179.749,601.772),(1782.5,7155.,592.894),(1787.626,7130.251,601.772),(1800.,7120.,623.205),(1812.374,7130.251,644.638),(1866.17,7155.,616.17),(1858.921,7179.749,608.921),(1841.421,7190.,591.421),(1823.921,7179.749,573.921),(1816.673,7155.,566.673),(1823.921,7130.251,573.921),(1841.421,7120.,591.421),(1858.921,7130.251,608.921),(1903.516,7155.,567.5),(1894.638,7179.749,562.374),(1873.205,7190.,550.),(1851.772,7179.749,537.626),(1842.894,7155.,532.5),(1851.772,7130.251,537.626),(1873.205,7120.,550.),(1894.638,7130.251,562.374),(1926.993,7155.,510.822),(1917.091,7179.749,508.169),(1893.185,7190.,501.764),(1869.28,7179.749,495.358),(1859.378,7155.,492.705),(1869.28,7130.251,495.358),(1893.185,7120.,501.764),(1917.091,7130.251,508.169),(1935.,7155.,450.),(1924.749,7179.749,450.),(1900.,7190.,450.),(1875.251,7179.749,450.),(1865.,7155.,450.),(1875.251,7130.251,450.),(1900.,7120.,450.),(1924.749,7130.251,450.),(1926.993,7155.,389.178),(1917.091,7179.749,391.831),(1893.185,7190.,398.236),(1869.28,7179.749,404.642),(1859.378,7155.,407.295),(1869.28,7130.251,404.642),(1893.185,7120.,398.236),(1917.091,7130.251,391.831),(1903.516,7155.,332.5),(1894.638,7179.749,337.626),(1873.205,7190.,350.),(1851.772,7179.749,362.374),(1842.894,7155.,367.5),(1851.772,7130.251,362.374),(1873.205,7120.,350.),(1894.638,7130.251,337.626),(1866.17,7155.,283.83),(1858.921,7179.749,291.079),(1841.421,7190.,308.579),(1823.921,7179.749,326.079),(1816.673,7155.,333.327),(1823.921,7130.251,326.079),(1841.421,7120.,308.579),(1858.921,7130.251,291.079),(1817.5,7155.,246.484),(1812.374,7179.749,255.362),(1800.,7190.,276.795),(1787.626,7179.749,298.228),(1782.5,7155.,307.106),(1787.626,7130.251,298.228),(1800.,7120.,276.795),(1812.374,7130.251,255.362),(1760.822,7155.,223.007),(1758.169,7179.749,232.909),(1751.764,7190.,256.815),(1745.358,7179.749,280.72),(1742.705,7155.,290.622),(1745.358,7130.251,280.72),(1751.764,7120.,256.815),(1758.169,7130.251,232.909),(1700.,7155.,215.),(1700.,7179.749,225.251),(1700.,7190.,250.),(1700.,7179.749,274.749),(1700.,7155.,285.),(1700.,7130.251,274.749),(1700.,7120.,250.),(1700.,7130.251,225.251),(1639.178,7155.,223.007),(1641.831,7179.749,232.909),(1648.236,7190.,256.815),(1654.642,7179.749,280.72),(1657.295,7155.,290.622),(1654.642,7130.251,280.72),(1648.236,7120.,256.815),(1641.831,7130.251,232.909),(1582.5,7155.,246.484),(1587.626,7179.749,255.362),(1600.,7190.,276.795),(1612.374,7179.749,298.228),(1617.5,7155.,307.106),(1612.374,7130.251,298.228),(1600.,7120.,276.795),(1587.626,7130.251,255.362),(1533.83,7155.,283.83),(1541.079,7179.749,291.079),(1558.579,7190.,308.579),(1576.079,7179.749,326.079),(1583.327,7155.,333.327),(1576.079,7130.251,326.079),(1558.579,7120.,308.579),(1541.079,7130.251,291.079),(1496.484,7155.,332.5),(1505.362,7179.749,337.626),(1526.795,7190.,350.),(1548.228,7179.749,362.374),(1557.106,7155.,367.5),(1548.228,7130.251,362.374),(1526.795,7120.,350.),(1505.362,7130.251,337.626),(1473.007,7155.,389.178),(1482.909,7179.749,391.831),(1506.815,7190.,398.236),(1530.72,7179.749,404.642),(1540.622,7155.,407.295),(1530.72,7130.251,404.642),(1506.815,7120.,398.236),(1482.909,7130.251,391.831)));
#935=IFCTRIANGULATEDFACESET(#934,$,.T.,((1,9,2),(2,9,10),(2,10,3),(3,10,11),(3,11,4),(4,11,12),(4,12,5),(5,12,13),(5,13,6),(6,13,14),(6,14,7),(7,14,15),(7,15,8),(8,15,16),(8,16,1),(1,16,9),(9,17,10),(10,17,18),(10,18,11),(11,18,19),(11,19,12),(12,19,20),(12,20,13),(13,20,21),(13,21,14),(14,21,22),(14,22,15),(15,22,23),(15,23,16),(16,23,24),(16,24,9),(9,24,17),(17,25,18),(18,25,26),(18,26,19),(19,26,27),(19,27,20),(20,27,28),(20,28,21),(21,28,29),(21,29,22),(22,29,30),(22,30,23),(23,30,31),(23,31,24),(24,31,32),(24,32,17),(17,32,25),(25,33,26),(26,33,34),(26,34,27),(27,34,35),(27,35,28),(28,35,36),(28,36,29),(29,36,37),(29,37,30),(30,37,38),(30,38,31),(31,38,39),(31,39,32),(32,39,40),(32,40,25),(25,40,33),(33,41,34),(34,41,42),(34,42,35),(35,42,43),(35,43,36),(36,43,44),(36,44,37),(37,44,45),(37,45,38),(38,45,46),(38,46,39),(39,46,47),(39,47,40),(40,47,48),(40,48,33),(33,48,41),(41,49,42),(42,49,50),(42,50,43),(43,50,51),(43,51,44),(44,51,52),(44,52,45),(45,52,53),(45,53,46),(46,53,54),(46,54,47),(47,54,55),(47,55,48),(48,55,56),(48,56,41),(41,56,49),(49,57,50),(50,57,58),(50,58,51),(51,58,59),(51,59,52),(52,59,60),(52,60,53),(53,60,61),(53,61,54),(54,61,62),(54,62,55),(55,62,63),(55,63,56),(56,63,64),(56,64,49),(49,64,57),(57,65,58),(58,65,66),(58,66,59),(59,66,67),(59,67,60),(60,67,68),(60,68,61),(61,68,69),(61,69,62),(62,69,70),(62,70,63),(63,70,71),(63,71,64),(64,71,72),(64,72,57),(57,72,65),(65,73,66),(66,73,74),(66,74,67),(67,74,75),(67,75,68),(68,75,76),(68,76,69),(69,76,77),(69,77,70),(70,77,78),(70,78,71),(71,78,79),(71,79,72),(72,79,80),(72,80,65),(65,80,73),(73,81,74),(74,81,82),(74,82,75),(75,82,83),(75,83,76),(76,83,84),(76,84,77),(77,84,85),(77,85,78),(78,85,86),(78,86,79),(79,86,87),(79,87,80),(80,87,88),(80,88,73),(73,88,81),(81,89,82),(82,89,90),(82,90,83),(83,90,91),(83,91,84),(84,91,92),(84,92,85),(85,92,93),(85,93,86),(86,93,94),(86,94,87),(87,94,95),(87,95,88),(88,95,96),(88,96,81),(81,96,89),(89,97,90),(90,97,98),(90,98,91),(91,98,99),(91,99,92),(92,99,100),(92,100,93),(93,100,101),(93,101,94),(94,101,102),(94,102,95),(95,102,103),(95,103,96),(96,103,104),(96,104,89),(89,104,97),(97,105,98),(98,105,106),(98,106,99),(99,106,107),(99,107,100),(100,107,108),(100,108,101),(101,108,109),(101,109,102),(102,109,110),(102,110,103),(103,110,111),(103,111,104),(104,111,112),(104,112,97),(97,112,105),(105,113,106),(106,113,114),(106,114,107),(107,114,115),(107,115,108),(108,115,116),(108,116,109),(109,116,117),(109,117,110),(110,117,118),(110,118,111),(111,118,119),(111,119,112),(112,119,120),(112,120,105),(105,120,113),(113,121,114),(114,121,122),(114,122,115),(115,122,123),(115,123,116),(116,123,124),(116,124,117),(117,124,125),(117,125,118),(118,125,126),(118,126,119),(119,126,127),(119,127,120),(120,127,128),(120,128,113),(113,128,121),(121,129,122),(122,129,130),(122,130,123),(123,130,131),(123,131,124),(124,131,132),(124,132,125),(125,132,133),(125,133,126),(126,133,134),(126,134,127),(127,134,135),(127,135,128),(128,135,136),(128,136,121),(121,136,129),(129,137,130),(130,137,138),(130,138,131),(131,138,139),(131,139,132),(132,139,140),(132,140,133),(133,140,141),(133,141,134),(134,141,142),(134,142,135),(135,142,143),(135,143,136),(136,143,144),(136,144,129),(129,144,137),(137,145,138),(138,145,146),(138,146,139),(139,146,147),(139,147,140),(140,147,148),(140,148,141),(141,148,149),(141,149,142),(142,149,150),(142,150,143),(143,150,151),(143,151,144),(144,151,152),(144,152,137),(137,152,145),(145,153,146),(146,153,154),(146,154,147),(147,154,155),(147,155,148),(148,155,156),(148,156,149),(149,156,157),(149,157,150),(150,157,158),(150,158,151),(151,158,159),(151,159,152),(152,159,160),(152,160,145),(145,160,153),(153,161,154),(154,161,162),(154,162,155),(155,162,163),(155,163,156),(156,163,164),(156,164,157),(157,164,165),(157,165,158),(158,165,166),(158,166,159),(159,166,167),(159,167,160),(160,167,168),(160,168,153),(153,168,161),(161,169,162),(162,169,170),(162,170,163),(163,170,171),(163,171,164),(164,171,172),(164,172,165),(165,172,173),(165,173,166),(166,173,174),(166,174,167),(167,174,175),(167,175,168),(168,175,176),(168,176,161),(161,176,169),(169,177,170),(170,177,178),(170,178,171),(171,178,179),(171,179,172),(172,179,180),(172,180,173),(173,180,181),(173,181,174),(174,181,182),(174,182,175),(175,182,183),(175,183,176),(176,183,184),(176,184,169),(169,184,177),(177,185,178),(178,185,186),(178,186,179),(179,186,187),(179,187,180),(180,187,188),(180,188,181),(181,188,189),(181,189,182),(182,189,190),(182,190,183),(183,190,191),(183,191,184),(184,191,192),(184,192,177),(177,192,185),(185,1,186),(186,1,2),(186,2,187),(187,2,3),(187,3,188),(188,3,4),(188,4,189),(189,4,5),(189,5,190),(190,5,6),(190,6,191),(191,6,7),(191,7,192),(192,7,8),(192,8,185),(185,8,1)),$);
#936=IFCCARTESIANPOINTLIST3D(((530.,7175.,100.),(530.,7175.,860.),(530.,7755.,100.),(530.,7755.,860.),(1370.,7175.,100.),(1370.,7175.,860.),(1370.,7755.,100.),(1370.,7755.,860.)));
#937=IFCTRIANGULATEDFACESET(#936,$,.T.,((2,4,1),(5,2,1),(1,4,3),(3,5,1),(2,8,4),(6,2,5),(6,8,2),(4,8,3),(7,5,3),(3,8,7),(7,6,5),(8,6,7)),$);
#938=IFCCARTESIANPOINTLIST3D(((530.,7155.,860.),(530.,7155.,900.),(530.,7775.,860.),(530.,7775.,900.),(1370.,7155.,860.),(1370.,7155.,900.),(1370.,7775.,860.),(1370.,7775.,900.)));
#939=IFCTRIANGULATEDFACESET(#938,$,.T.,((2,4,1),(5,2,1),(1,4,3),(3,5,1),(2,8,4),(6,2,5),(6,8,2),(4,8,3),(7,5,3),(3,8,7),(7,6,5),(8,6,7)),$);
#940=IFCCARTESIANPOINTLIST3D(((810.,7295.,780.),(810.,7295.,905.),(810.,7655.,780.),(810.,7655.,905.),(1250.,7295.,780.),(1250.,7295.,905.),(1250.,7655.,780.),(1250.,7655.,905.)));
#941=IFCTRIANGULATEDFACESET(#940,$,.T.,((2,4,1),(5,2,1),(1,4,3),(3,5,1),(2,8,4),(6,2,5),(6,8,2),(4,8,3),(7,5,3),(3,8,7),(7,6,5),(8,6,7)),$);
#942=IFCCARTESIANPOINTLIST3D(((1930.,7425.,1950.),(1930.,7425.,1938.),(630.,7425.,1938.),(630.,7425.,1950.),(1930.,7421.291796,1938.587316),(630.,7421.291796,1938.587316),(1930.,7417.94658,1940.291796),(630.,7417.94658,1940.291796),(1930.,7415.291796,1942.94658),(630.,7415.291796,1942.94658),(1930.,7413.587316,1946.291796),(630.,7413.587316,1946.291796),(1930.,7413.,1950.),(630.,7413.,1950.),(1930.,7413.587316,1953.708204),(630.,7413.587316,1953.708204),(1930.,7415.291796,1957.05342),(630.,7415.291796,1957.05342),(1930.,7417.94658,1959.708204),(630.,7417.94658,1959.708204),(1930.,7421.291796,1961.412684),(630.,7421.291796,1961.412684),(1930.,7425.,1962.),(630.,7425.,1962.),(1930.,7428.708204,1961.412684),(630.,7428.708204,1961.412684),(1930.,7432.05342,1959.708204),(630.,7432.05342,1959.708204),(1930.,7434.708204,1957.05342),(630.,7434.708204,1957.05342),(1930.,7436.412684,1953.708204),(630.,7436.412684,1953.708204),(1930.,7437.,1950.),(630.,7437.,1950.),(1930.,7436.412684,1946.291796),(630.,7436.412684,1946.291796),(1930.,7434.708204,1942.94658),(630.,7434.708204,1942.94658),(1930.,7432.05342,1940.291796),(630.,7432.05342,1940.291796),(1930.,7428.708204,1938.587316),(630.,7428.708204,1938.587316)));
#943=IFCTRIANGULATEDFACESET(#942,$,.T.,((2,1,5),(2,5,3),(3,5,6),(3,6,4),(5,1,7),(5,7,6),(6,7,8),(6,8,4),(7,1,9),(7,9,8),(8,9,10),(8,10,4),(9,1,11),(9,11,10),(10,11,12),(10,12,4),(11,1,13),(11,13,12),(12,13,14),(12,14,4),(13,1,15),(13,15,14),(14,15,16),(14,16,4),(15,1,17),(15,17,16),(16,17,18),(16,18,4),(17,1,19),(17,19,18),(18,19,20),(18,20,4),(19,1,21),(19,21,20),(20,21,22),(20,22,4),(21,1,23),(21,23,22),(22,23,24),(22,24,4),(23,1,25),(23,25,24),(24,25,26),(24,26,4),(25,1,27),(25,27,26),(26,27,28),(26,28,4),(27,1,29),(27,29,28),(28,29,30),(28,30,4),(29,1,31),(29,31,30),(30,31,32),(30,32,4),(31,1,33),(31,33,32),(32,33,34),(32,34,4),(33,1,35),(33,35,34),(34,35,36),(34,36,4),(35,1,37),(35,37,36),(36,37,38),(36,38,4),(37,1,39),(37,39,38),(38,39,40),(38,40,4),(39,1,41),(39,41,40),(40,41,42),(40,42,4),(41,1,2),(41,2,42),(42,2,3),(42,3,4)),$);
#944=IFCSHAPEREPRESENTATION(#6,'Body','Tessellation',(#933,#935,#937,#939,#941,#943));
#945=IFCPRODUCTDEFINITIONSHAPE($,$,(#944));
#946=IFCFURNISHINGELEMENT('3QxijZhUnQeO_sQpZvSSIF',$,'Laundry','Authored furniture assembly',$,#19,#945,'F0-utility/laundry');
#947=IFCPROPERTYSINGLEVALUE('ReviewStatus',$,IFCLABEL('PRELIMINARY - NOT FOR CONSTRUCTION'),$);
#948=IFCPROPERTYSINGLEVALUE('PlanHash',$,IFCLABEL('13e93ea3847ed8bb1a6303802cf36b20f1f5a619efd14b6e4fd3dcf0f379760f'),$);
#949=IFCPROPERTYSET('1Z36mudPHGuP8qIaWiaYbo',$,'FloorForge_Review',$,(#947,#948));
#950=IFCRELDEFINESBYPROPERTIES('1q3un409fREB0G0tsRZeCU',$,$,$,(#946),#949);
#951=IFCCARTESIANPOINTLIST3D(((5825.,4125.,70.),(5825.,4125.,280.),(5825.,6175.,70.),(5825.,6175.,280.),(7325.,4125.,70.),(7325.,4125.,280.),(7325.,6175.,70.),(7325.,6175.,280.)));
#952=IFCTRIANGULATEDFACESET(#951,$,.T.,((2,4,1),(5,2,1),(1,4,3),(3,5,1),(2,8,4),(6,2,5),(6,8,2),(4,8,3),(7,5,3),(3,8,7),(7,6,5),(8,6,7)),$);
#953=IFCCARTESIANPOINTLIST3D(((7313.301,6158.301,296.699),(7320.593,6165.593,317.514),(7323.033,6168.033,348.333),(7323.033,6168.033,390.),(7323.033,6168.033,431.667),(7320.593,6165.593,462.486),(7313.301,6158.301,483.301),(7323.033,5843.333,286.967),(7338.536,5843.333,309.54),(7345.,5843.333,348.333),(7345.,5843.333,390.),(7345.,5843.333,431.667),(7338.536,5843.333,470.46),(7323.033,5843.333,493.033),(7323.033,5496.667,286.967),(7338.536,5496.667,309.54),(7345.,5496.667,348.333),(7345.,5496.667,390.),(7345.,5496.667,431.667),(7338.536,5496.667,470.46),(7323.033,5496.667,493.033),(7323.033,5150.,286.967),(7338.536,5150.,309.54),(7345.,5150.,348.333),(7345.,5150.,390.),(7345.,5150.,431.667),(7338.536,5150.,470.46),(7323.033,5150.,493.033),(7323.033,4803.333,286.967),(7338.536,4803.333,309.54),(7345.,4803.333,348.333),(7345.,4803.333,390.),(7345.,4803.333,431.667),(7338.536,4803.333,470.46),(7323.033,4803.333,493.033),(7323.033,4456.667,286.967),(7338.536,4456.667,309.54),(7345.,4456.667,348.333),(7345.,4456.667,390.),(7345.,4456.667,431.667),(7338.536,4456.667,470.46),(7323.033,4456.667,493.033),(7313.301,4141.699,296.699),(7320.593,4134.407,317.514),(7323.033,4131.967,348.333),(7323.033,4131.967,390.),(7323.033,4131.967,431.667),(7320.593,4134.407,462.486),(7313.301,4141.699,483.301),(5836.699,6158.301,296.699),(5829.407,6165.593,317.514),(5826.967,6168.033,348.333),(5826.967,6168.033,390.),(5826.967,6168.033,431.667),(5829.407,6165.593,462.486),(5836.699,6158.301,483.301),(5826.967,5843.333,286.967),(5811.464,5843.333,309.54),(5805.,5843.333,348.333),(5805.,5843.333,390.),(5805.,5843.333,431.667),(5811.464,5843.333,470.46),(5826.967,5843.333,493.033),(5826.967,5496.667,286.967),(5811.464,5496.667,309.54),(5805.,5496.667,348.333),(5805.,5496.667,390.),(5805.,5496.667,431.667),(5811.464,5496.667,470.46),(5826.967,5496.667,493.033),(5826.967,5150.,286.967),(5811.464,5150.,309.54),(5805.,5150.,348.333),(5805.,5150.,390.),(5805.,5150.,431.667),(5811.464,5150.,470.46),(5826.967,5150.,493.033),(5826.967,4803.333,286.967),(5811.464,4803.333,309.54),(5805.,4803.333,348.333),(5805.,4803.333,390.),(5805.,4803.333,431.667),(5811.464,4803.333,470.46),(5826.967,4803.333,493.033),(5826.967,4456.667,286.967),(5811.464,4456.667,309.54),(5805.,4456.667,348.333),(5805.,4456.667,390.),(5805.,4456.667,431.667),(5811.464,4456.667,470.46),(5826.967,4456.667,493.033),(5836.699,4141.699,296.699),(5829.407,4134.407,317.514),(5826.967,4131.967,348.333),(5826.967,4131.967,390.),(5826.967,4131.967,431.667),(5829.407,4134.407,462.486),(5836.699,4141.699,483.301),(7088.333,6168.033,286.967),(7088.333,6183.536,309.54),(7088.333,6190.,348.333),(7088.333,6190.,390.),(7088.333,6190.,431.667),(7088.333,6183.536,470.46),(7088.333,6168.033,493.033),(6831.667,6168.033,286.967),(6831.667,6183.536,309.54),(6831.667,6190.,348.333),(6831.667,6190.,390.),(6831.667,6190.,431.667),(6831.667,6183.536,470.46),(6831.667,6168.033,493.033),(6575.,6168.033,286.967),(6575.,6183.536,309.54),(6575.,6190.,348.333),(6575.,6190.,390.),(6575.,6190.,431.667),(6575.,6183.536,470.46),(6575.,6168.033,493.033),(6318.333,6168.033,286.967),(6318.333,6183.536,309.54),(6318.333,6190.,348.333),(6318.333,6190.,390.),(6318.333,6190.,431.667),(6318.333,6183.536,470.46),(6318.333,6168.033,493.033),(6061.667,6168.033,286.967),(6061.667,6183.536,309.54),(6061.667,6190.,348.333),(6061.667,6190.,390.),(6061.667,6190.,431.667),(6061.667,6183.536,470.46),(6061.667,6168.033,493.033),(7088.333,4131.967,286.967),(7088.333,4116.464,309.54),(7088.333,4110.,348.333),(7088.333,4110.,390.),(7088.333,4110.,431.667),(7088.333,4116.464,470.46),(7088.333,4131.967,493.033),(6831.667,4131.967,286.967),(6831.667,4116.464,309.54),(6831.667,4110.,348.333),(6831.667,4110.,390.),(6831.667,4110.,431.667),(6831.667,4116.464,470.46),(6831.667,4131.967,493.033),(6575.,4131.967,286.967),(6575.,4116.464,309.54),(6575.,4110.,348.333),(6575.,4110.,390.),(6575.,4110.,431.667),(6575.,4116.464,470.46),(6575.,4131.967,493.033),(6318.333,4131.967,286.967),(6318.333,4116.464,309.54),(6318.333,4110.,348.333),(6318.333,4110.,390.),(6318.333,4110.,431.667),(6318.333,4116.464,470.46),(6318.333,4131.967,493.033),(6061.667,4131.967,286.967),(6061.667,4116.464,309.54),(6061.667,4110.,348.333),(6061.667,4110.,390.),(6061.667,4110.,431.667),(6061.667,4116.464,470.46),(6061.667,4131.967,493.033),(7088.333,5843.333,265.),(7088.333,5496.667,265.),(7088.333,5150.,265.),(7088.333,4803.333,265.),(7088.333,4456.667,265.),(6831.667,5843.333,265.),(6831.667,5496.667,265.),(6831.667,5150.,265.),(6831.667,4803.333,265.),(6831.667,4456.667,265.),(6575.,5843.333,265.),(6575.,5496.667,265.),(6575.,5150.,265.),(6575.,4803.333,265.),(6575.,4456.667,265.),(6318.333,5843.333,265.),(6318.333,5496.667,265.),(6318.333,5150.,265.),(6318.333,4803.333,265.),(6318.333,4456.667,265.),(6061.667,5843.333,265.),(6061.667,5496.667,265.),(6061.667,5150.,265.),(6061.667,4803.333,265.),(6061.667,4456.667,265.),(7088.333,5843.333,515.),(7088.333,5496.667,515.),(7088.333,5150.,515.),(7088.333,4803.333,515.),(7088.333,4456.667,515.),(6831.667,5843.333,515.),(6831.667,5496.667,515.),(6831.667,5150.,515.),(6831.667,4803.333,515.),(6831.667,4456.667,515.),(6575.,5843.333,515.),(6575.,5496.667,515.),(6575.,5150.,515.),(6575.,4803.333,515.),(6575.,4456.667,515.),(6318.333,5843.333,515.),(6318.333,5496.667,515.),(6318.333,5150.,515.),(6318.333,4803.333,515.),(6318.333,4456.667,515.),(6061.667,5843.333,515.),(6061.667,5496.667,515.),(6061.667,5150.,515.),(6061.667,4803.333,515.),(6061.667,4456.667,515.)));
#954=IFCTRIANGULATEDFACESET(#953,$,.T.,((1,2,9),(1,9,8),(2,3,10),(2,10,9),(3,4,11),(3,11,10),(4,5,12),(4,12,11),(5,6,13),(5,13,12),(6,7,14),(6,14,13),(8,9,16),(8,16,15),(9,10,17),(9,17,16),(10,11,18),(10,18,17),(11,12,19),(11,19,18),(12,13,20),(12,20,19),(13,14,21),(13,21,20),(15,16,23),(15,23,22),(16,17,24),(16,24,23),(17,18,25),(17,25,24),(18,19,26),(18,26,25),(19,20,27),(19,27,26),(20,21,28),(20,28,27),(22,23,30),(22,30,29),(23,24,31),(23,31,30),(24,25,32),(24,32,31),(25,26,33),(25,33,32),(26,27,34),(26,34,33),(27,28,35),(27,35,34),(29,30,37),(29,37,36),(30,31,38),(30,38,37),(31,32,39),(31,39,38),(32,33,40),(32,40,39),(33,34,41),(33,41,40),(34,35,42),(34,42,41),(36,37,44),(36,44,43),(37,38,45),(37,45,44),(38,39,46),(38,46,45),(39,40,47),(39,47,46),(40,41,48),(40,48,47),(41,42,49),(41,49,48),(58,51,50),(57,58,50),(59,52,51),(58,59,51),(60,53,52),(59,60,52),(61,54,53),(60,61,53),(62,55,54),(61,62,54),(63,56,55),(62,63,55),(65,58,57),(64,65,57),(66,59,58),(65,66,58),(67,60,59),(66,67,59),(68,61,60),(67,68,60),(69,62,61),(68,69,61),(70,63,62),(69,70,62),(72,65,64),(71,72,64),(73,66,65),(72,73,65),(74,67,66),(73,74,66),(75,68,67),(74,75,67),(76,69,68),(75,76,68),(77,70,69),(76,77,69),(79,72,71),(78,79,71),(80,73,72),(79,80,72),(81,74,73),(80,81,73),(82,75,74),(81,82,74),(83,76,75),(82,83,75),(84,77,76),(83,84,76),(86,79,78),(85,86,78),(87,80,79),(86,87,79),(88,81,80),(87,88,80),(89,82,81),(88,89,81),(90,83,82),(89,90,82),(91,84,83),(90,91,83),(93,86,85),(92,93,85),(94,87,86),(93,94,86),(95,88,87),(94,95,87),(96,89,88),(95,96,88),(97,90,89),(96,97,89),(98,91,90),(97,98,90),(100,2,1),(99,100,1),(101,3,2),(100,101,2),(102,4,3),(101,102,3),(103,5,4),(102,103,4),(104,6,5),(103,104,5),(105,7,6),(104,105,6),(107,100,99),(106,107,99),(108,101,100),(107,108,100),(109,102,101),(108,109,101),(110,103,102),(109,110,102),(111,104,103),(110,111,103),(112,105,104),(111,112,104),(114,107,106),(113,114,106),(115,108,107),(114,115,107),(116,109,108),(115,116,108),(117,110,109),(116,117,109),(118,111,110),(117,118,110),(119,112,111),(118,119,111),(121,114,113),(120,121,113),(122,115,114),(121,122,114),(123,116,115),(122,123,115),(124,117,116),(123,124,116),(125,118,117),(124,125,117),(126,119,118),(125,126,118),(128,121,120),(127,128,120),(129,122,121),(128,129,121),(130,123,122),(129,130,122),(131,124,123),(130,131,123),(132,125,124),(131,132,124),(133,126,125),(132,133,125),(51,128,127),(50,51,127),(52,129,128),(51,52,128),(53,130,129),(52,53,129),(54,131,130),(53,54,130),(55,132,131),(54,55,131),(56,133,132),(55,56,132),(43,44,135),(43,135,134),(44,45,136),(44,136,135),(45,46,137),(45,137,136),(46,47,138),(46,138,137),(47,48,139),(47,139,138),(48,49,140),(48,140,139),(134,135,142),(134,142,141),(135,136,143),(135,143,142),(136,137,144),(136,144,143),(137,138,145),(137,145,144),(138,139,146),(138,146,145),(139,140,147),(139,147,146),(141,142,149),(141,149,148),(142,143,150),(142,150,149),(143,144,151),(143,151,150),(144,145,152),(144,152,151),(145,146,153),(145,153,152),(146,147,154),(146,154,153),(148,149,156),(148,156,155),(149,150,157),(149,157,156),(150,151,158),(150,158,157),(151,152,159),(151,159,158),(152,153,160),(152,160,159),(153,154,161),(153,161,160),(155,156,163),(155,163,162),(156,157,164),(156,164,163),(157,158,165),(157,165,164),(158,159,166),(158,166,165),(159,160,167),(159,167,166),(160,161,168),(160,168,167),(162,163,93),(162,93,92),(163,164,94),(163,94,93),(164,165,95),(164,95,94),(165,166,96),(165,96,95),(166,167,97),(166,97,96),(167,168,98),(167,98,97),(1,8,169),(1,169,99),(8,15,170),(8,170,169),(15,22,171),(15,171,170),(22,29,172),(22,172,171),(29,36,173),(29,173,172),(36,43,134),(36,134,173),(99,169,174),(99,174,106),(169,170,175),(169,175,174),(170,171,176),(170,176,175),(171,172,177),(171,177,176),(172,173,178),(172,178,177),(173,134,141),(173,141,178),(106,174,179),(106,179,113),(174,175,180),(174,180,179),(175,176,181),(175,181,180),(176,177,182),(176,182,181),(177,178,183),(177,183,182),(178,141,148),(178,148,183),(113,179,184),(113,184,120),(179,180,185),(179,185,184),(180,181,186),(180,186,185),(181,182,187),(181,187,186),(182,183,188),(182,188,187),(183,148,155),(183,155,188),(120,184,189),(120,189,127),(184,185,190),(184,190,189),(185,186,191),(185,191,190),(186,187,192),(186,192,191),(187,188,193),(187,193,192),(188,155,162),(188,162,193),(127,189,57),(127,57,50),(189,190,64),(189,64,57),(190,191,71),(190,71,64),(191,192,78),(191,78,71),(192,193,85),(192,85,78),(193,162,92),(193,92,85),(194,14,7),(105,194,7),(195,21,14),(194,195,14),(196,28,21),(195,196,21),(197,35,28),(196,197,28),(198,42,35),(197,198,35),(140,49,42),(198,140,42),(199,194,105),(112,199,105),(200,195,194),(199,200,194),(201,196,195),(200,201,195),(202,197,196),(201,202,196),(203,198,197),(202,203,197),(147,140,198),(203,147,198),(204,199,112),(119,204,112),(205,200,199),(204,205,199),(206,201,200),(205,206,200),(207,202,201),(206,207,201),(208,203,202),(207,208,202),(154,147,203),(208,154,203),(209,204,119),(126,209,119),(210,205,204),(209,210,204),(211,206,205),(210,211,205),(212,207,206),(211,212,206),(213,208,207),(212,213,207),(161,154,208),(213,161,208),(214,209,126),(133,214,126),(215,210,209),(214,215,209),(216,211,210),(215,216,210),(217,212,211),(216,217,211),(218,213,212),(217,218,212),(168,161,213),(218,168,213),(63,214,133),(56,63,133),(70,215,214),(63,70,214),(77,216,215),(70,77,215),(84,217,216),(77,84,216),(91,218,217),(84,91,217),(98,168,218),(91,98,218)),$);
#955=IFCCARTESIANPOINTLIST3D(((7482.249,6247.249,92.751),(7487.698,6252.698,283.333),(7487.698,6252.698,491.667),(7487.698,6252.698,700.),(7487.698,6252.698,908.333),(7487.698,6252.698,1116.667),(7482.249,6247.249,1307.249),(7485.85,6237.588,89.15),(7495.205,6242.488,283.333),(7495.205,6242.488,491.667),(7495.205,6242.488,700.),(7495.205,6242.488,908.333),(7495.205,6242.488,1116.667),(7485.85,6237.588,1310.85),(7487.682,6224.413,87.318),(7499.952,6224.998,283.333),(7499.952,6224.998,491.667),(7499.952,6224.998,700.),(7499.952,6224.998,908.333),(7499.952,6224.998,1116.667),(7487.682,6224.413,1312.682),(7487.698,6205.,87.302),(7500.,6205.,283.333),(7500.,6205.,491.667),(7500.,6205.,700.),(7500.,6205.,908.333),(7500.,6205.,1116.667),(7487.698,6205.,1312.698),(7487.682,6185.587,87.318),(7499.952,6185.002,283.333),(7499.952,6185.002,491.667),(7499.952,6185.002,700.),(7499.952,6185.002,908.333),(7499.952,6185.002,1116.667),(7487.682,6185.587,1312.682),(7485.85,6172.412,89.15),(7495.205,6167.512,283.333),(7495.205,6167.512,491.667),(7495.205,6167.512,700.),(7495.205,6167.512,908.333),(7495.205,6167.512,1116.667),(7485.85,6172.412,1310.85),(7482.249,6162.751,92.751),(7487.698,6157.302,283.333),(7487.698,6157.302,491.667),(7487.698,6157.302,700.),(7487.698,6157.302,908.333),(7487.698,6157.302,1116.667),(7482.249,6162.751,1307.249),(5667.751,6247.249,92.751),(5662.302,6252.698,283.333),(5662.302,6252.698,491.667),(5662.302,6252.698,700.),(5662.302,6252.698,908.333),(5662.302,6252.698,1116.667),(5667.751,6247.249,1307.249),(5664.15,6237.588,89.15),(5654.795,6242.488,283.333),(5654.795,6242.488,491.667),(5654.795,6242.488,700.),(5654.795,6242.488,908.333),(5654.795,6242.488,1116.667),(5664.15,6237.588,1310.85),(5662.318,6224.413,87.318),(5650.048,6224.998,283.333),(5650.048,6224.998,491.667),(5650.048,6224.998,700.),(5650.048,6224.998,908.333),(5650.048,6224.998,1116.667),(5662.318,6224.413,1312.682),(5662.302,6205.,87.302),(5650.,6205.,283.333),(5650.,6205.,491.667),(5650.,6205.,700.),(5650.,6205.,908.333),(5650.,6205.,1116.667),(5662.302,6205.,1312.698),(5662.318,6185.587,87.318),(5650.048,6185.002,283.333),(5650.048,6185.002,491.667),(5650.048,6185.002,700.),(5650.048,6185.002,908.333),(5650.048,6185.002,1116.667),(5662.318,6185.587,1312.682),(5664.15,6172.412,89.15),(5654.795,6167.512,283.333),(5654.795,6167.512,491.667),(5654.795,6167.512,700.),(5654.795,6167.512,908.333),(5654.795,6167.512,1116.667),(5664.15,6172.412,1310.85),(5667.751,6162.751,92.751),(5662.302,6157.302,283.333),(5662.302,6157.302,491.667),(5662.302,6157.302,700.),(5662.302,6157.302,908.333),(5662.302,6157.302,1116.667),(5667.751,6162.751,1307.249),(7191.667,6252.698,87.302),(7191.667,6265.,283.333),(7191.667,6265.,491.667),(7191.667,6265.,700.),(7191.667,6265.,908.333),(7191.667,6265.,1116.667),(7191.667,6252.698,1312.698),(6883.333,6252.698,87.302),(6883.333,6265.,283.333),(6883.333,6265.,491.667),(6883.333,6265.,700.),(6883.333,6265.,908.333),(6883.333,6265.,1116.667),(6883.333,6252.698,1312.698),(6575.,6252.698,87.302),(6575.,6265.,283.333),(6575.,6265.,491.667),(6575.,6265.,700.),(6575.,6265.,908.333),(6575.,6265.,1116.667),(6575.,6252.698,1312.698),(6266.667,6252.698,87.302),(6266.667,6265.,283.333),(6266.667,6265.,491.667),(6266.667,6265.,700.),(6266.667,6265.,908.333),(6266.667,6265.,1116.667),(6266.667,6252.698,1312.698),(5958.333,6252.698,87.302),(5958.333,6265.,283.333),(5958.333,6265.,491.667),(5958.333,6265.,700.),(5958.333,6265.,908.333),(5958.333,6265.,1116.667),(5958.333,6252.698,1312.698),(7191.667,6157.302,87.302),(7191.667,6145.,283.333),(7191.667,6145.,491.667),(7191.667,6145.,700.),(7191.667,6145.,908.333),(7191.667,6145.,1116.667),(7191.667,6157.302,1312.698),(6883.333,6157.302,87.302),(6883.333,6145.,283.333),(6883.333,6145.,491.667),(6883.333,6145.,700.),(6883.333,6145.,908.333),(6883.333,6145.,1116.667),(6883.333,6157.302,1312.698),(6575.,6157.302,87.302),(6575.,6145.,283.333),(6575.,6145.,491.667),(6575.,6145.,700.),(6575.,6145.,908.333),(6575.,6145.,1116.667),(6575.,6157.302,1312.698),(6266.667,6157.302,87.302),(6266.667,6145.,283.333),(6266.667,6145.,491.667),(6266.667,6145.,700.),(6266.667,6145.,908.333),(6266.667,6145.,1116.667),(6266.667,6157.302,1312.698),(5958.333,6157.302,87.302),(5958.333,6145.,283.333),(5958.333,6145.,491.667),(5958.333,6145.,700.),(5958.333,6145.,908.333),(5958.333,6145.,1116.667),(5958.333,6157.302,1312.698),(7191.667,6242.488,79.795),(7191.667,6224.998,75.048),(7191.667,6205.,75.),(7191.667,6185.002,75.048),(7191.667,6167.512,79.795),(6883.333,6242.488,79.795),(6883.333,6224.998,75.048),(6883.333,6205.,75.),(6883.333,6185.002,75.048),(6883.333,6167.512,79.795),(6575.,6242.488,79.795),(6575.,6224.998,75.048),(6575.,6205.,75.),(6575.,6185.002,75.048),(6575.,6167.512,79.795),(6266.667,6242.488,79.795),(6266.667,6224.998,75.048),(6266.667,6205.,75.),(6266.667,6185.002,75.048),(6266.667,6167.512,79.795),(5958.333,6242.488,79.795),(5958.333,6224.998,75.048),(5958.333,6205.,75.),(5958.333,6185.002,75.048),(5958.333,6167.512,79.795),(7191.667,6242.488,1320.205),(7191.667,6224.998,1324.952),(7191.667,6205.,1325.),(7191.667,6185.002,1324.952),(7191.667,6167.512,1320.205),(6883.333,6242.488,1320.205),(6883.333,6224.998,1324.952),(6883.333,6205.,1325.),(6883.333,6185.002,1324.952),(6883.333,6167.512,1320.205),(6575.,6242.488,1320.205),(6575.,6224.998,1324.952),(6575.,6205.,1325.),(6575.,6185.002,1324.952),(6575.,6167.512,1320.205),(6266.667,6242.488,1320.205),(6266.667,6224.998,1324.952),(6266.667,6205.,1325.),(6266.667,6185.002,1324.952),(6266.667,6167.512,1320.205),(5958.333,6242.488,1320.205),(5958.333,6224.998,1324.952),(5958.333,6205.,1325.),(5958.333,6185.002,1324.952),(5958.333,6167.512,1320.205)));
#956=IFCTRIANGULATEDFACESET(#955,$,.T.,((1,2,9),(1,9,8),(2,3,10),(2,10,9),(3,4,11),(3,11,10),(4,5,12),(4,12,11),(5,6,13),(5,13,12),(6,7,14),(6,14,13),(8,9,16),(8,16,15),(9,10,17),(9,17,16),(10,11,18),(10,18,17),(11,12,19),(11,19,18),(12,13,20),(12,20,19),(13,14,21),(13,21,20),(15,16,23),(15,23,22),(16,17,24),(16,24,23),(17,18,25),(17,25,24),(18,19,26),(18,26,25),(19,20,27),(19,27,26),(20,21,28),(20,28,27),(22,23,30),(22,30,29),(23,24,31),(23,31,30),(24,25,32),(24,32,31),(25,26,33),(25,33,32),(26,27,34),(26,34,33),(27,28,35),(27,35,34),(29,30,37),(29,37,36),(30,31,38),(30,38,37),(31,32,39),(31,39,38),(32,33,40),(32,40,39),(33,34,41),(33,41,40),(34,35,42),(34,42,41),(36,37,44),(36,44,43),(37,38,45),(37,45,44),(38,39,46),(38,46,45),(39,40,47),(39,47,46),(40,41,48),(40,48,47),(41,42,49),(41,49,48),(58,51,50),(57,58,50),(59,52,51),(58,59,51),(60,53,52),(59,60,52),(61,54,53),(60,61,53),(62,55,54),(61,62,54),(63,56,55),(62,63,55),(65,58,57),(64,65,57),(66,59,58),(65,66,58),(67,60,59),(66,67,59),(68,61,60),(67,68,60),(69,62,61),(68,69,61),(70,63,62),(69,70,62),(72,65,64),(71,72,64),(73,66,65),(72,73,65),(74,67,66),(73,74,66),(75,68,67),(74,75,67),(76,69,68),(75,76,68),(77,70,69),(76,77,69),(79,72,71),(78,79,71),(80,73,72),(79,80,72),(81,74,73),(80,81,73),(82,75,74),(81,82,74),(83,76,75),(82,83,75),(84,77,76),(83,84,76),(86,79,78),(85,86,78),(87,80,79),(86,87,79),(88,81,80),(87,88,80),(89,82,81),(88,89,81),(90,83,82),(89,90,82),(91,84,83),(90,91,83),(93,86,85),(92,93,85),(94,87,86),(93,94,86),(95,88,87),(94,95,87),(96,89,88),(95,96,88),(97,90,89),(96,97,89),(98,91,90),(97,98,90),(100,2,1),(99,100,1),(101,3,2),(100,101,2),(102,4,3),(101,102,3),(103,5,4),(102,103,4),(104,6,5),(103,104,5),(105,7,6),(104,105,6),(107,100,99),(106,107,99),(108,101,100),(107,108,100),(109,102,101),(108,109,101),(110,103,102),(109,110,102),(111,104,103),(110,111,103),(112,105,104),(111,112,104),(114,107,106),(113,114,106),(115,108,107),(114,115,107),(116,109,108),(115,116,108),(117,110,109),(116,117,109),(118,111,110),(117,118,110),(119,112,111),(118,119,111),(121,114,113),(120,121,113),(122,115,114),(121,122,114),(123,116,115),(122,123,115),(124,117,116),(123,124,116),(125,118,117),(124,125,117),(126,119,118),(125,126,118),(128,121,120),(127,128,120),(129,122,121),(128,129,121),(130,123,122),(129,130,122),(131,124,123),(130,131,123),(132,125,124),(131,132,124),(133,126,125),(132,133,125),(51,128,127),(50,51,127),(52,129,128),(51,52,128),(53,130,129),(52,53,129),(54,131,130),(53,54,130),(55,132,131),(54,55,131),(56,133,132),(55,56,132),(43,44,135),(43,135,134),(44,45,136),(44,136,135),(45,46,137),(45,137,136),(46,47,138),(46,138,137),(47,48,139),(47,139,138),(48,49,140),(48,140,139),(134,135,142),(134,142,141),(135,136,143),(135,143,142),(136,137,144),(136,144,143),(137,138,145),(137,145,144),(138,139,146),(138,146,145),(139,140,147),(139,147,146),(141,142,149),(141,149,148),(142,143,150),(142,150,149),(143,144,151),(143,151,150),(144,145,152),(144,152,151),(145,146,153),(145,153,152),(146,147,154),(146,154,153),(148,149,156),(148,156,155),(149,150,157),(149,157,156),(150,151,158),(150,158,157),(151,152,159),(151,159,158),(152,153,160),(152,160,159),(153,154,161),(153,161,160),(155,156,163),(155,163,162),(156,157,164),(156,164,163),(157,158,165),(157,165,164),(158,159,166),(158,166,165),(159,160,167),(159,167,166),(160,161,168),(160,168,167),(162,163,93),(162,93,92),(163,164,94),(163,94,93),(164,165,95),(164,95,94),(165,166,96),(165,96,95),(166,167,97),(166,97,96),(167,168,98),(167,98,97),(1,8,169),(1,169,99),(8,15,170),(8,170,169),(15,22,171),(15,171,170),(22,29,172),(22,172,171),(29,36,173),(29,173,172),(36,43,134),(36,134,173),(99,169,174),(99,174,106),(169,170,175),(169,175,174),(170,171,176),(170,176,175),(171,172,177),(171,177,176),(172,173,178),(172,178,177),(173,134,141),(173,141,178),(106,174,179),(106,179,113),(174,175,180),(174,180,179),(175,176,181),(175,181,180),(176,177,182),(176,182,181),(177,178,183),(177,183,182),(178,141,148),(178,148,183),(113,179,184),(113,184,120),(179,180,185),(179,185,184),(180,181,186),(180,186,185),(181,182,187),(181,187,186),(182,183,188),(182,188,187),(183,148,155),(183,155,188),(120,184,189),(120,189,127),(184,185,190),(184,190,189),(185,186,191),(185,191,190),(186,187,192),(186,192,191),(187,188,193),(187,193,192),(188,155,162),(188,162,193),(127,189,57),(127,57,50),(189,190,64),(189,64,57),(190,191,71),(190,71,64),(191,192,78),(191,78,71),(192,193,85),(192,85,78),(193,162,92),(193,92,85),(194,14,7),(105,194,7),(195,21,14),(194,195,14),(196,28,21),(195,196,21),(197,35,28),(196,197,28),(198,42,35),(197,198,35),(140,49,42),(198,140,42),(199,194,105),(112,199,105),(200,195,194),(199,200,194),(201,196,195),(200,201,195),(202,197,196),(201,202,196),(203,198,197),(202,203,197),(147,140,198),(203,147,198),(204,199,112),(119,204,112),(205,200,199),(204,205,199),(206,201,200),(205,206,200),(207,202,201),(206,207,201),(208,203,202),(207,208,202),(154,147,203),(208,154,203),(209,204,119),(126,209,119),(210,205,204),(209,210,204),(211,206,205),(210,211,205),(212,207,206),(211,212,206),(213,208,207),(212,213,207),(161,154,208),(213,161,208),(214,209,126),(133,214,126),(215,210,209),(214,215,209),(216,211,210),(215,216,210),(217,212,211),(216,217,211),(218,213,212),(217,218,212),(168,161,213),(218,168,213),(63,214,133),(56,63,133),(70,215,214),(63,70,214),(77,216,215),(70,77,215),(84,217,216),(77,84,216),(91,218,217),(84,91,217),(98,168,218),(91,98,218)),$);
#957=IFCCARTESIANPOINTLIST3D(((7233.205985,5989.881539,520.148),(7238.126326,5995.158947,533.834),(7240.628931,5997.843165,552.498),(7240.652076,5997.86799,580.),(7240.628931,5997.843165,607.502),(7238.126326,5995.158947,626.166),(7233.205985,5989.881539,639.852),(7242.491755,5945.327187,512.427),(7253.119243,5945.699301,526.892),(7259.841124,5945.934663,551.67),(7259.908083,5945.937008,580.),(7259.841124,5945.934663,608.33),(7253.119243,5945.699301,633.108),(7242.491755,5945.327187,647.573),(7244.941255,5875.370058,512.427),(7255.568743,5875.742172,526.892),(7262.290623,5875.977534,551.67),(7262.357582,5875.979879,580.),(7262.290623,5875.977534,608.33),(7255.568743,5875.742172,633.108),(7244.941255,5875.370058,647.573),(7247.390755,5805.412929,512.427),(7258.018242,5805.785043,526.892),(7264.740123,5806.020405,551.67),(7264.807082,5806.022749,580.),(7264.740123,5806.020405,608.33),(7258.018242,5805.785043,633.108),(7247.390755,5805.412929,647.573),(7249.840255,5735.455799,512.427),(7260.467742,5735.827913,526.892),(7267.189623,5736.063275,551.67),(7267.256582,5736.06562,580.),(7267.189623,5736.063275,608.33),(7260.467742,5735.827913,633.108),(7249.840255,5735.455799,647.573),(7252.289755,5665.49867,512.427),(7262.917242,5665.870784,526.892),(7269.639123,5666.106146,551.67),(7269.706082,5666.10849,580.),(7269.639123,5666.106146,608.33),(7262.917242,5665.870784,633.108),(7252.289755,5665.49867,647.573),(7246.142983,5620.403959,520.148),(7251.420392,5615.483617,533.834),(7254.104609,5612.981013,552.498),(7254.129434,5612.957868,580.),(7254.104609,5612.981013,607.502),(7251.420392,5615.483617,626.166),(7246.142983,5620.403959,639.852),(6653.857017,5969.596041,520.148),(6648.579608,5974.516383,533.834),(6645.895391,5977.018987,552.498),(6645.870566,5977.042132,580.),(6645.895391,5977.018987,607.502),(6648.579608,5974.516383,626.166),(6653.857017,5969.596041,639.852),(6647.710245,5924.50133,512.427),(6637.082758,5924.129216,526.892),(6630.360877,5923.893854,551.67),(6630.293918,5923.89151,580.),(6630.360877,5923.893854,608.33),(6637.082758,5924.129216,633.108),(6647.710245,5924.50133,647.573),(6650.159745,5854.544201,512.427),(6639.532258,5854.172087,526.892),(6632.810377,5853.936725,551.67),(6632.743418,5853.93438,580.),(6632.810377,5853.936725,608.33),(6639.532258,5854.172087,633.108),(6650.159745,5854.544201,647.573),(6652.609245,5784.587071,512.427),(6641.981758,5784.214957,526.892),(6635.259877,5783.979595,551.67),(6635.192918,5783.977251,580.),(6635.259877,5783.979595,608.33),(6641.981758,5784.214957,633.108),(6652.609245,5784.587071,647.573),(6655.058745,5714.629942,512.427),(6644.431257,5714.257828,526.892),(6637.709377,5714.022466,551.67),(6637.642418,5714.020121,580.),(6637.709377,5714.022466,608.33),(6644.431257,5714.257828,633.108),(6655.058745,5714.629942,647.573),(6657.508245,5644.672813,512.427),(6646.880757,5644.300699,526.892),(6640.158876,5644.065337,551.67),(6640.091917,5644.062992,580.),(6640.158876,5644.065337,608.33),(6646.880757,5644.300699,633.108),(6657.508245,5644.672813,647.573),(6666.794015,5600.118461,520.148),(6661.873674,5594.841053,533.834),(6659.371069,5592.156835,552.498),(6659.347924,5592.13201,580.),(6659.371069,5592.156835,607.502),(6661.873674,5594.841053,626.166),(6666.794015,5600.118461,639.852),(7153.132709,5994.803561,512.427),(7152.760595,6005.431048,526.892),(7152.525233,6012.152929,551.67),(7152.522889,6012.219888,580.),(7152.525233,6012.152929,608.33),(7152.760595,6005.431048,633.108),(7153.132709,5994.803561,647.573),(7048.197015,5991.129311,512.427),(7047.824901,6001.756798,526.892),(7047.589539,6008.478679,551.67),(7047.587195,6008.545638,580.),(7047.589539,6008.478679,608.33),(7047.824901,6001.756798,633.108),(7048.197015,5991.129311,647.573),(6943.261321,5987.455061,512.427),(6942.889207,5998.082548,526.892),(6942.653845,6004.804429,551.67),(6942.651501,6004.871388,580.),(6942.653845,6004.804429,608.33),(6942.889207,5998.082548,633.108),(6943.261321,5987.455061,647.573),(6838.325627,5983.780811,512.427),(6837.953513,5994.408299,526.892),(6837.718151,6001.130179,551.67),(6837.715806,6001.197138,580.),(6837.718151,6001.130179,608.33),(6837.953513,5994.408299,633.108),(6838.325627,5983.780811,647.573),(6733.389933,5980.106562,512.427),(6733.017819,5990.734049,526.892),(6732.782457,5997.45593,551.67),(6732.780112,5997.522889,580.),(6732.782457,5997.45593,608.33),(6733.017819,5990.734049,633.108),(6733.389933,5980.106562,647.573),(7166.610067,5609.893438,512.427),(7166.982181,5599.265951,526.892),(7167.217543,5592.54407,551.67),(7167.219888,5592.477111,580.),(7167.217543,5592.54407,608.33),(7166.982181,5599.265951,633.108),(7166.610067,5609.893438,647.573),(7061.674373,5606.219189,512.427),(7062.046487,5595.591701,526.892),(7062.281849,5588.869821,551.67),(7062.284194,5588.802862,580.),(7062.281849,5588.869821,608.33),(7062.046487,5595.591701,633.108),(7061.674373,5606.219189,647.573),(6956.738679,5602.544939,512.427),(6957.110793,5591.917452,526.892),(6957.346155,5585.195571,551.67),(6957.348499,5585.128612,580.),(6957.346155,5585.195571,608.33),(6957.110793,5591.917452,633.108),(6956.738679,5602.544939,647.573),(6851.802985,5598.870689,512.427),(6852.175099,5588.243202,526.892),(6852.410461,5581.521321,551.67),(6852.412805,5581.454362,580.),(6852.410461,5581.521321,608.33),(6852.175099,5588.243202,633.108),(6851.802985,5598.870689,647.573),(6746.867291,5595.196439,512.427),(6747.239405,5584.568952,526.892),(6747.474767,5577.847071,551.67),(6747.477111,5577.780112,580.),(6747.474767,5577.847071,608.33),(6747.239405,5584.568952,633.108),(6746.867291,5595.196439,647.573),(7154.972388,5942.262758,495.),(7157.421888,5872.305629,495.),(7159.871388,5802.348499,495.),(7162.320888,5732.39137,495.),(7164.770388,5662.434241,495.),(7050.036694,5938.588508,495.),(7052.486194,5868.631379,495.),(7054.935694,5798.67425,495.),(7057.385194,5728.71712,495.),(7059.834694,5658.759991,495.),(6945.101,5934.914259,495.),(6947.5505,5864.957129,495.),(6950.,5795.,495.),(6952.4495,5725.042871,495.),(6954.899,5655.085741,495.),(6840.165306,5931.240009,495.),(6842.614806,5861.28288,495.),(6845.064306,5791.32575,495.),(6847.513806,5721.368621,495.),(6849.963306,5651.411492,495.),(6735.229612,5927.565759,495.),(6737.679112,5857.60863,495.),(6740.128612,5787.651501,495.),(6742.578112,5717.694371,495.),(6745.027612,5647.737242,495.),(7154.972388,5942.262758,665.),(7157.421888,5872.305629,665.),(7159.871388,5802.348499,665.),(7162.320888,5732.39137,665.),(7164.770388,5662.434241,665.),(7050.036694,5938.588508,665.),(7052.486194,5868.631379,665.),(7054.935694,5798.67425,665.),(7057.385194,5728.71712,665.),(7059.834694,5658.759991,665.),(6945.101,5934.914259,665.),(6947.5505,5864.957129,665.),(6950.,5795.,665.),(6952.4495,5725.042871,665.),(6954.899,5655.085741,665.),(6840.165306,5931.240009,665.),(6842.614806,5861.28288,665.),(6845.064306,5791.32575,665.),(6847.513806,5721.368621,665.),(6849.963306,5651.411492,665.),(6735.229612,5927.565759,665.),(6737.679112,5857.60863,665.),(6740.128612,5787.651501,665.),(6742.578112,5717.694371,665.),(6745.027612,5647.737242,665.)));
#958=IFCTRIANGULATEDFACESET(#957,$,.T.,((1,2,9),(1,9,8),(2,3,10),(2,10,9),(3,4,11),(3,11,10),(4,5,12),(4,12,11),(5,6,13),(5,13,12),(6,7,14),(6,14,13),(8,9,16),(8,16,15),(9,10,17),(9,17,16),(10,11,18),(10,18,17),(11,12,19),(11,19,18),(12,13,20),(12,20,19),(13,14,21),(13,21,20),(15,16,23),(15,23,22),(16,17,24),(16,24,23),(17,18,25),(17,25,24),(18,19,26),(18,26,25),(19,20,27),(19,27,26),(20,21,28),(20,28,27),(22,23,30),(22,30,29),(23,24,31),(23,31,30),(24,25,32),(24,32,31),(25,26,33),(25,33,32),(26,27,34),(26,34,33),(27,28,35),(27,35,34),(29,30,37),(29,37,36),(30,31,38),(30,38,37),(31,32,39),(31,39,38),(32,33,40),(32,40,39),(33,34,41),(33,41,40),(34,35,42),(34,42,41),(36,37,44),(36,44,43),(37,38,45),(37,45,44),(38,39,46),(38,46,45),(39,40,47),(39,47,46),(40,41,48),(40,48,47),(41,42,49),(41,49,48),(58,51,50),(57,58,50),(59,52,51),(58,59,51),(60,53,52),(59,60,52),(61,54,53),(60,61,53),(62,55,54),(61,62,54),(63,56,55),(62,63,55),(65,58,57),(64,65,57),(66,59,58),(65,66,58),(67,60,59),(66,67,59),(68,61,60),(67,68,60),(69,62,61),(68,69,61),(70,63,62),(69,70,62),(72,65,64),(71,72,64),(73,66,65),(72,73,65),(74,67,66),(73,74,66),(75,68,67),(74,75,67),(76,69,68),(75,76,68),(77,70,69),(76,77,69),(79,72,71),(78,79,71),(80,73,72),(79,80,72),(81,74,73),(80,81,73),(82,75,74),(81,82,74),(83,76,75),(82,83,75),(84,77,76),(83,84,76),(86,79,78),(85,86,78),(87,80,79),(86,87,79),(88,81,80),(87,88,80),(89,82,81),(88,89,81),(90,83,82),(89,90,82),(91,84,83),(90,91,83),(93,86,85),(92,93,85),(94,87,86),(93,94,86),(95,88,87),(94,95,87),(96,89,88),(95,96,88),(97,90,89),(96,97,89),(98,91,90),(97,98,90),(100,2,1),(99,100,1),(101,3,2),(100,101,2),(102,4,3),(101,102,3),(103,5,4),(102,103,4),(104,6,5),(103,104,5),(105,7,6),(104,105,6),(107,100,99),(106,107,99),(108,101,100),(107,108,100),(109,102,101),(108,109,101),(110,103,102),(109,110,102),(111,104,103),(110,111,103),(112,105,104),(111,112,104),(114,107,106),(113,114,106),(115,108,107),(114,115,107),(116,109,108),(115,116,108),(117,110,109),(116,117,109),(118,111,110),(117,118,110),(119,112,111),(118,119,111),(121,114,113),(120,121,113),(122,115,114),(121,122,114),(123,116,115),(122,123,115),(124,117,116),(123,124,116),(125,118,117),(124,125,117),(126,119,118),(125,126,118),(128,121,120),(127,128,120),(129,122,121),(128,129,121),(130,123,122),(129,130,122),(131,124,123),(130,131,123),(132,125,124),(131,132,124),(133,126,125),(132,133,125),(51,128,127),(50,51,127),(52,129,128),(51,52,128),(53,130,129),(52,53,129),(54,131,130),(53,54,130),(55,132,131),(54,55,131),(56,133,132),(55,56,132),(43,44,135),(43,135,134),(44,45,136),(44,136,135),(45,46,137),(45,137,136),(46,47,138),(46,138,137),(47,48,139),(47,139,138),(48,49,140),(48,140,139),(134,135,142),(134,142,141),(135,136,143),(135,143,142),(136,137,144),(136,144,143),(137,138,145),(137,145,144),(138,139,146),(138,146,145),(139,140,147),(139,147,146),(141,142,149),(141,149,148),(142,143,150),(142,150,149),(143,144,151),(143,151,150),(144,145,152),(144,152,151),(145,146,153),(145,153,152),(146,147,154),(146,154,153),(148,149,156),(148,156,155),(149,150,157),(149,157,156),(150,151,158),(150,158,157),(151,152,159),(151,159,158),(152,153,160),(152,160,159),(153,154,161),(153,161,160),(155,156,163),(155,163,162),(156,157,164),(156,164,163),(157,158,165),(157,165,164),(158,159,166),(158,166,165),(159,160,167),(159,167,166),(160,161,168),(160,168,167),(162,163,93),(162,93,92),(163,164,94),(163,94,93),(164,165,95),(164,95,94),(165,166,96),(165,96,95),(166,167,97),(166,97,96),(167,168,98),(167,98,97),(1,8,169),(1,169,99),(8,15,170),(8,170,169),(15,22,171),(15,171,170),(22,29,172),(22,172,171),(29,36,173),(29,173,172),(36,43,134),(36,134,173),(99,169,174),(99,174,106),(169,170,175),(169,175,174),(170,171,176),(170,176,175),(171,172,177),(171,177,176),(172,173,178),(172,178,177),(173,134,141),(173,141,178),(106,174,179),(106,179,113),(174,175,180),(174,180,179),(175,176,181),(175,181,180),(176,177,182),(176,182,181),(177,178,183),(177,183,182),(178,141,148),(178,148,183),(113,179,184),(113,184,120),(179,180,185),(179,185,184),(180,181,186),(180,186,185),(181,182,187),(181,187,186),(182,183,188),(182,188,187),(183,148,155),(183,155,188),(120,184,189),(120,189,127),(184,185,190),(184,190,189),(185,186,191),(185,191,190),(186,187,192),(186,192,191),(187,188,193),(187,193,192),(188,155,162),(188,162,193),(127,189,57),(127,57,50),(189,190,64),(189,64,57),(190,191,71),(190,71,64),(191,192,78),(191,78,71),(192,193,85),(192,85,78),(193,162,92),(193,92,85),(194,14,7),(105,194,7),(195,21,14),(194,195,14),(196,28,21),(195,196,21),(197,35,28),(196,197,28),(198,42,35),(197,198,35),(140,49,42),(198,140,42),(199,194,105),(112,199,105),(200,195,194),(199,200,194),(201,196,195),(200,201,195),(202,197,196),(201,202,196),(203,198,197),(202,203,197),(147,140,198),(203,147,198),(204,199,112),(119,204,112),(205,200,199),(204,205,199),(206,201,200),(205,206,200),(207,202,201),(206,207,201),(208,203,202),(207,208,202),(154,147,203),(208,154,203),(209,204,119),(126,209,119),(210,205,204),(209,210,204),(211,206,205),(210,211,205),(212,207,206),(211,212,206),(213,208,207),(212,213,207),(161,154,208),(213,161,208),(214,209,126),(133,214,126),(215,210,209),(214,215,209),(216,211,210),(215,216,210),(217,212,211),(216,217,211),(218,213,212),(217,218,212),(168,161,213),(218,168,213),(63,214,133),(56,63,133),(70,215,214),(63,70,214),(77,216,215),(70,77,215),(84,217,216),(77,84,216),(91,218,217),(84,91,217),(98,168,218),(91,98,218)),$);
#959=IFCCARTESIANPOINTLIST3D(((6483.205985,5989.881539,520.148),(6488.126326,5995.158947,533.834),(6490.628931,5997.843165,552.498),(6490.652076,5997.86799,580.),(6490.628931,5997.843165,607.502),(6488.126326,5995.158947,626.166),(6483.205985,5989.881539,639.852),(6492.491755,5945.327187,512.427),(6503.119243,5945.699301,526.892),(6509.841124,5945.934663,551.67),(6509.908083,5945.937008,580.),(6509.841124,5945.934663,608.33),(6503.119243,5945.699301,633.108),(6492.491755,5945.327187,647.573),(6494.941255,5875.370058,512.427),(6505.568743,5875.742172,526.892),(6512.290623,5875.977534,551.67),(6512.357582,5875.979879,580.),(6512.290623,5875.977534,608.33),(6505.568743,5875.742172,633.108),(6494.941255,5875.370058,647.573),(6497.390755,5805.412929,512.427),(6508.018242,5805.785043,526.892),(6514.740123,5806.020405,551.67),(6514.807082,5806.022749,580.),(6514.740123,5806.020405,608.33),(6508.018242,5805.785043,633.108),(6497.390755,5805.412929,647.573),(6499.840255,5735.455799,512.427),(6510.467742,5735.827913,526.892),(6517.189623,5736.063275,551.67),(6517.256582,5736.06562,580.),(6517.189623,5736.063275,608.33),(6510.467742,5735.827913,633.108),(6499.840255,5735.455799,647.573),(6502.289755,5665.49867,512.427),(6512.917242,5665.870784,526.892),(6519.639123,5666.106146,551.67),(6519.706082,5666.10849,580.),(6519.639123,5666.106146,608.33),(6512.917242,5665.870784,633.108),(6502.289755,5665.49867,647.573),(6496.142983,5620.403959,520.148),(6501.420392,5615.483617,533.834),(6504.104609,5612.981013,552.498),(6504.129434,5612.957868,580.),(6504.104609,5612.981013,607.502),(6501.420392,5615.483617,626.166),(6496.142983,5620.403959,639.852),(5903.857017,5969.596041,520.148),(5898.579608,5974.516383,533.834),(5895.895391,5977.018987,552.498),(5895.870566,5977.042132,580.),(5895.895391,5977.018987,607.502),(5898.579608,5974.516383,626.166),(5903.857017,5969.596041,639.852),(5897.710245,5924.50133,512.427),(5887.082758,5924.129216,526.892),(5880.360877,5923.893854,551.67),(5880.293918,5923.89151,580.),(5880.360877,5923.893854,608.33),(5887.082758,5924.129216,633.108),(5897.710245,5924.50133,647.573),(5900.159745,5854.544201,512.427),(5889.532258,5854.172087,526.892),(5882.810377,5853.936725,551.67),(5882.743418,5853.93438,580.),(5882.810377,5853.936725,608.33),(5889.532258,5854.172087,633.108),(5900.159745,5854.544201,647.573),(5902.609245,5784.587071,512.427),(5891.981758,5784.214957,526.892),(5885.259877,5783.979595,551.67),(5885.192918,5783.977251,580.),(5885.259877,5783.979595,608.33),(5891.981758,5784.214957,633.108),(5902.609245,5784.587071,647.573),(5905.058745,5714.629942,512.427),(5894.431257,5714.257828,526.892),(5887.709377,5714.022466,551.67),(5887.642418,5714.020121,580.),(5887.709377,5714.022466,608.33),(5894.431257,5714.257828,633.108),(5905.058745,5714.629942,647.573),(5907.508245,5644.672813,512.427),(5896.880757,5644.300699,526.892),(5890.158876,5644.065337,551.67),(5890.091917,5644.062992,580.),(5890.158876,5644.065337,608.33),(5896.880757,5644.300699,633.108),(5907.508245,5644.672813,647.573),(5916.794015,5600.118461,520.148),(5911.873674,5594.841053,533.834),(5909.371069,5592.156835,552.498),(5909.347924,5592.13201,580.),(5909.371069,5592.156835,607.502),(5911.873674,5594.841053,626.166),(5916.794015,5600.118461,639.852),(6403.132709,5994.803561,512.427),(6402.760595,6005.431048,526.892),(6402.525233,6012.152929,551.67),(6402.522889,6012.219888,580.),(6402.525233,6012.152929,608.33),(6402.760595,6005.431048,633.108),(6403.132709,5994.803561,647.573),(6298.197015,5991.129311,512.427),(6297.824901,6001.756798,526.892),(6297.589539,6008.478679,551.67),(6297.587195,6008.545638,580.),(6297.589539,6008.478679,608.33),(6297.824901,6001.756798,633.108),(6298.197015,5991.129311,647.573),(6193.261321,5987.455061,512.427),(6192.889207,5998.082548,526.892),(6192.653845,6004.804429,551.67),(6192.651501,6004.871388,580.),(6192.653845,6004.804429,608.33),(6192.889207,5998.082548,633.108),(6193.261321,5987.455061,647.573),(6088.325627,5983.780811,512.427),(6087.953513,5994.408299,526.892),(6087.718151,6001.130179,551.67),(6087.715806,6001.197138,580.),(6087.718151,6001.130179,608.33),(6087.953513,5994.408299,633.108),(6088.325627,5983.780811,647.573),(5983.389933,5980.106562,512.427),(5983.017819,5990.734049,526.892),(5982.782457,5997.45593,551.67),(5982.780112,5997.522889,580.),(5982.782457,5997.45593,608.33),(5983.017819,5990.734049,633.108),(5983.389933,5980.106562,647.573),(6416.610067,5609.893438,512.427),(6416.982181,5599.265951,526.892),(6417.217543,5592.54407,551.67),(6417.219888,5592.477111,580.),(6417.217543,5592.54407,608.33),(6416.982181,5599.265951,633.108),(6416.610067,5609.893438,647.573),(6311.674373,5606.219189,512.427),(6312.046487,5595.591701,526.892),(6312.281849,5588.869821,551.67),(6312.284194,5588.802862,580.),(6312.281849,5588.869821,608.33),(6312.046487,5595.591701,633.108),(6311.674373,5606.219189,647.573),(6206.738679,5602.544939,512.427),(6207.110793,5591.917452,526.892),(6207.346155,5585.195571,551.67),(6207.348499,5585.128612,580.),(6207.346155,5585.195571,608.33),(6207.110793,5591.917452,633.108),(6206.738679,5602.544939,647.573),(6101.802985,5598.870689,512.427),(6102.175099,5588.243202,526.892),(6102.410461,5581.521321,551.67),(6102.412805,5581.454362,580.),(6102.410461,5581.521321,608.33),(6102.175099,5588.243202,633.108),(6101.802985,5598.870689,647.573),(5996.867291,5595.196439,512.427),(5997.239405,5584.568952,526.892),(5997.474767,5577.847071,551.67),(5997.477111,5577.780112,580.),(5997.474767,5577.847071,608.33),(5997.239405,5584.568952,633.108),(5996.867291,5595.196439,647.573),(6404.972388,5942.262758,495.),(6407.421888,5872.305629,495.),(6409.871388,5802.348499,495.),(6412.320888,5732.39137,495.),(6414.770388,5662.434241,495.),(6300.036694,5938.588508,495.),(6302.486194,5868.631379,495.),(6304.935694,5798.67425,495.),(6307.385194,5728.71712,495.),(6309.834694,5658.759991,495.),(6195.101,5934.914259,495.),(6197.5505,5864.957129,495.),(6200.,5795.,495.),(6202.4495,5725.042871,495.),(6204.899,5655.085741,495.),(6090.165306,5931.240009,495.),(6092.614806,5861.28288,495.),(6095.064306,5791.32575,495.),(6097.513806,5721.368621,495.),(6099.963306,5651.411492,495.),(5985.229612,5927.565759,495.),(5987.679112,5857.60863,495.),(5990.128612,5787.651501,495.),(5992.578112,5717.694371,495.),(5995.027612,5647.737242,495.),(6404.972388,5942.262758,665.),(6407.421888,5872.305629,665.),(6409.871388,5802.348499,665.),(6412.320888,5732.39137,665.),(6414.770388,5662.434241,665.),(6300.036694,5938.588508,665.),(6302.486194,5868.631379,665.),(6304.935694,5798.67425,665.),(6307.385194,5728.71712,665.),(6309.834694,5658.759991,665.),(6195.101,5934.914259,665.),(6197.5505,5864.957129,665.),(6200.,5795.,665.),(6202.4495,5725.042871,665.),(6204.899,5655.085741,665.),(6090.165306,5931.240009,665.),(6092.614806,5861.28288,665.),(6095.064306,5791.32575,665.),(6097.513806,5721.368621,665.),(6099.963306,5651.411492,665.),(5985.229612,5927.565759,665.),(5987.679112,5857.60863,665.),(5990.128612,5787.651501,665.),(5992.578112,5717.694371,665.),(5995.027612,5647.737242,665.)));
#960=IFCTRIANGULATEDFACESET(#959,$,.T.,((1,2,9),(1,9,8),(2,3,10),(2,10,9),(3,4,11),(3,11,10),(4,5,12),(4,12,11),(5,6,13),(5,13,12),(6,7,14),(6,14,13),(8,9,16),(8,16,15),(9,10,17),(9,17,16),(10,11,18),(10,18,17),(11,12,19),(11,19,18),(12,13,20),(12,20,19),(13,14,21),(13,21,20),(15,16,23),(15,23,22),(16,17,24),(16,24,23),(17,18,25),(17,25,24),(18,19,26),(18,26,25),(19,20,27),(19,27,26),(20,21,28),(20,28,27),(22,23,30),(22,30,29),(23,24,31),(23,31,30),(24,25,32),(24,32,31),(25,26,33),(25,33,32),(26,27,34),(26,34,33),(27,28,35),(27,35,34),(29,30,37),(29,37,36),(30,31,38),(30,38,37),(31,32,39),(31,39,38),(32,33,40),(32,40,39),(33,34,41),(33,41,40),(34,35,42),(34,42,41),(36,37,44),(36,44,43),(37,38,45),(37,45,44),(38,39,46),(38,46,45),(39,40,47),(39,47,46),(40,41,48),(40,48,47),(41,42,49),(41,49,48),(58,51,50),(57,58,50),(59,52,51),(58,59,51),(60,53,52),(59,60,52),(61,54,53),(60,61,53),(62,55,54),(61,62,54),(63,56,55),(62,63,55),(65,58,57),(64,65,57),(66,59,58),(65,66,58),(67,60,59),(66,67,59),(68,61,60),(67,68,60),(69,62,61),(68,69,61),(70,63,62),(69,70,62),(72,65,64),(71,72,64),(73,66,65),(72,73,65),(74,67,66),(73,74,66),(75,68,67),(74,75,67),(76,69,68),(75,76,68),(77,70,69),(76,77,69),(79,72,71),(78,79,71),(80,73,72),(79,80,72),(81,74,73),(80,81,73),(82,75,74),(81,82,74),(83,76,75),(82,83,75),(84,77,76),(83,84,76),(86,79,78),(85,86,78),(87,80,79),(86,87,79),(88,81,80),(87,88,80),(89,82,81),(88,89,81),(90,83,82),(89,90,82),(91,84,83),(90,91,83),(93,86,85),(92,93,85),(94,87,86),(93,94,86),(95,88,87),(94,95,87),(96,89,88),(95,96,88),(97,90,89),(96,97,89),(98,91,90),(97,98,90),(100,2,1),(99,100,1),(101,3,2),(100,101,2),(102,4,3),(101,102,3),(103,5,4),(102,103,4),(104,6,5),(103,104,5),(105,7,6),(104,105,6),(107,100,99),(106,107,99),(108,101,100),(107,108,100),(109,102,101),(108,109,101),(110,103,102),(109,110,102),(111,104,103),(110,111,103),(112,105,104),(111,112,104),(114,107,106),(113,114,106),(115,108,107),(114,115,107),(116,109,108),(115,116,108),(117,110,109),(116,117,109),(118,111,110),(117,118,110),(119,112,111),(118,119,111),(121,114,113),(120,121,113),(122,115,114),(121,122,114),(123,116,115),(122,123,115),(124,117,116),(123,124,116),(125,118,117),(124,125,117),(126,119,118),(125,126,118),(128,121,120),(127,128,120),(129,122,121),(128,129,121),(130,123,122),(129,130,122),(131,124,123),(130,131,123),(132,125,124),(131,132,124),(133,126,125),(132,133,125),(51,128,127),(50,51,127),(52,129,128),(51,52,128),(53,130,129),(52,53,129),(54,131,130),(53,54,130),(55,132,131),(54,55,131),(56,133,132),(55,56,132),(43,44,135),(43,135,134),(44,45,136),(44,136,135),(45,46,137),(45,137,136),(46,47,138),(46,138,137),(47,48,139),(47,139,138),(48,49,140),(48,140,139),(134,135,142),(134,142,141),(135,136,143),(135,143,142),(136,137,144),(136,144,143),(137,138,145),(137,145,144),(138,139,146),(138,146,145),(139,140,147),(139,147,146),(141,142,149),(141,149,148),(142,143,150),(142,150,149),(143,144,151),(143,151,150),(144,145,152),(144,152,151),(145,146,153),(145,153,152),(146,147,154),(146,154,153),(148,149,156),(148,156,155),(149,150,157),(149,157,156),(150,151,158),(150,158,157),(151,152,159),(151,159,158),(152,153,160),(152,160,159),(153,154,161),(153,161,160),(155,156,163),(155,163,162),(156,157,164),(156,164,163),(157,158,165),(157,165,164),(158,159,166),(158,166,165),(159,160,167),(159,167,166),(160,161,168),(160,168,167),(162,163,93),(162,93,92),(163,164,94),(163,94,93),(164,165,95),(164,95,94),(165,166,96),(165,96,95),(166,167,97),(166,97,96),(167,168,98),(167,98,97),(1,8,169),(1,169,99),(8,15,170),(8,170,169),(15,22,171),(15,171,170),(22,29,172),(22,172,171),(29,36,173),(29,173,172),(36,43,134),(36,134,173),(99,169,174),(99,174,106),(169,170,175),(169,175,174),(170,171,176),(170,176,175),(171,172,177),(171,177,176),(172,173,178),(172,178,177),(173,134,141),(173,141,178),(106,174,179),(106,179,113),(174,175,180),(174,180,179),(175,176,181),(175,181,180),(176,177,182),(176,182,181),(177,178,183),(177,183,182),(178,141,148),(178,148,183),(113,179,184),(113,184,120),(179,180,185),(179,185,184),(180,181,186),(180,186,185),(181,182,187),(181,187,186),(182,183,188),(182,188,187),(183,148,155),(183,155,188),(120,184,189),(120,189,127),(184,185,190),(184,190,189),(185,186,191),(185,191,190),(186,187,192),(186,192,191),(187,188,193),(187,193,192),(188,155,162),(188,162,193),(127,189,57),(127,57,50),(189,190,64),(189,64,57),(190,191,71),(190,71,64),(191,192,78),(191,78,71),(192,193,85),(192,85,78),(193,162,92),(193,92,85),(194,14,7),(105,194,7),(195,21,14),(194,195,14),(196,28,21),(195,196,21),(197,35,28),(196,197,28),(198,42,35),(197,198,35),(140,49,42),(198,140,42),(199,194,105),(112,199,105),(200,195,194),(199,200,194),(201,196,195),(200,201,195),(202,197,196),(201,202,196),(203,198,197),(202,203,197),(147,140,198),(203,147,198),(204,199,112),(119,204,112),(205,200,199),(204,205,199),(206,201,200),(205,206,200),(207,202,201),(206,207,201),(208,203,202),(207,208,202),(154,147,203),(208,154,203),(209,204,119),(126,209,119),(210,205,204),(209,210,204),(211,206,205),(210,211,205),(212,207,206),(211,212,206),(213,208,207),(212,213,207),(161,154,208),(213,161,208),(214,209,126),(133,214,126),(215,210,209),(214,215,209),(216,211,210),(215,216,210),(217,212,211),(216,217,211),(218,213,212),(217,218,212),(168,161,213),(218,168,213),(63,214,133),(56,63,133),(70,215,214),(63,70,214),(77,216,215),(70,77,215),(84,217,216),(77,84,216),(91,218,217),(84,91,217),(98,168,218),(91,98,218)),$);
#961=IFCCARTESIANPOINTLIST3D(((7380.,5495.,424.),(7303.333,5495.,555.519),(7226.667,5495.,533.722),(7150.,5495.,521.934),(7073.333,5495.,533.001),(6996.667,5495.,539.934),(6920.,5495.,542.019),(6843.333,5495.,554.233),(6766.667,5495.,555.277),(6690.,5495.,533.283),(6613.333,5495.,521.987),(6536.667,5495.,533.247),(6460.,5495.,539.948),(6383.333,5495.,542.158),(6306.667,5495.,554.463),(6230.,5495.,555.024),(6153.333,5495.,532.85),(6076.667,5495.,522.05),(6000.,5495.,533.49),(5923.333,5495.,539.96),(5846.667,5495.,542.302),(5770.,5495.,424.687),(7380.,5431.087,423.565),(7303.333,5431.087,552.536),(7226.667,5431.087,530.447),(7150.,5431.087,520.847),(7073.333,5431.087,534.924),(6996.667,5431.087,543.411),(6920.,5431.087,544.42),(6843.333,5431.087,553.74),(6766.667,5431.087,552.263),(6690.,5431.087,530.03),(6613.333,5431.087,520.956),(6536.667,5431.087,535.219),(6460.,5431.087,543.43),(6383.333,5431.087,544.515),(6306.667,5431.087,553.911),(6230.,5431.087,551.981),(6153.333,5431.087,529.618),(6076.667,5431.087,521.076),(6000.,5431.087,535.51),(5923.333,5431.087,543.446),(5846.667,5431.087,544.616),(5770.,5431.087,424.078),(7380.,5367.174,422.286),(7303.333,5367.174,549.196),(7226.667,5367.174,527.574),(7150.,5367.174,520.615),(7073.333,5367.174,537.508),(6996.667,5367.174,546.856),(6920.,5367.174,546.118),(6843.333,5367.174,552.407),(6766.667,5367.174,548.907),(6690.,5367.174,527.191),(6613.333,5367.174,520.783),(6536.667,5367.174,537.842),(6460.,5367.174,546.865),(6383.333,5367.174,546.162),(6306.667,5367.174,552.524),(6230.,5367.174,548.609),(6153.333,5367.174,526.814),(6076.667,5367.174,520.961),(6000.,5367.174,538.172),(5923.333,5367.174,546.87),(5846.667,5367.174,546.211),(5770.,5367.174,422.637),(7380.,5303.261,420.244),(7303.333,5303.261,545.709),(7226.667,5303.261,525.282),(7150.,5303.261,521.251),(7073.333,5303.261,540.593),(6996.667,5303.261,550.054),(6920.,5303.261,547.009),(6843.333,5303.261,550.317),(6766.667,5303.261,545.417),(6690.,5303.261,524.943),(6613.333,5303.261,521.477),(6536.667,5303.261,540.953),(6460.,5303.261,550.039),(6383.333,5303.261,546.997),(6306.667,5303.261,550.387),(6230.,5303.261,545.118),(6153.333,5303.261,524.611),(6076.667,5303.261,521.712),(6000.,5303.261,541.309),(5923.333,5303.261,550.019),(5846.667,5303.261,546.988),(5770.,5303.261,420.454),(7380.,5239.348,417.564),(7303.333,5239.348,542.291),(7226.667,5239.348,523.711),(7150.,5239.348,522.717),(7073.333,5239.348,543.986),(6996.667,5239.348,552.806),(6920.,5239.348,547.038),(6843.333,5239.348,547.6),(6766.667,5239.348,542.011),(6690.,5239.348,523.425),(6613.333,5239.348,522.996),(6536.667,5239.348,544.36),(6460.,5239.348,552.755),(6383.333,5239.348,546.967),(6306.667,5239.348,547.634),(6230.,5239.348,541.726),(6153.333,5239.348,523.146),(6076.667,5239.348,523.284),(6000.,5239.348,544.728),(5923.333,5239.348,552.698),(5846.667,5239.348,546.899),(5770.,5239.348,417.666),(7380.,5175.435,414.415),(7303.333,5175.435,539.154),(7226.667,5175.435,522.961),(7150.,5175.435,524.922),(7073.333,5175.435,547.476),(6996.667,5175.435,554.942),(6920.,5175.435,546.202),(6843.333,5175.435,544.426),(6766.667,5175.435,538.901),(6690.,5175.435,522.732),(6613.333,5175.435,525.246),(6536.667,5175.435,547.849),(6460.,5175.435,554.843),(6383.333,5175.435,546.074),(6306.667,5175.435,544.436),(6230.,5175.435,538.642),(6153.333,5175.435,522.511),(6076.667,5175.435,525.578),(6000.,5175.435,548.215),(5923.333,5175.435,554.739),(5846.667,5175.435,545.95),(5770.,5175.435,414.444),(7380.,5111.522,410.99),(7303.333,5111.522,536.493),(7226.667,5111.522,523.078),(7150.,5111.522,527.727),(7073.333,5111.522,550.847),(6996.667,5111.522,556.327),(6920.,5111.522,544.554),(6843.333,5111.522,540.991),(6766.667,5111.522,536.279),(6690.,5111.522,522.907),(6613.333,5111.522,528.086),(6536.667,5111.522,551.205),(6460.,5111.522,556.175),(6383.333,5111.522,544.374),(6306.667,5111.522,540.991),(6230.,5111.522,536.059),(6153.333,5111.522,522.745),(6076.667,5111.522,528.452),(6000.,5111.522,551.554),(5923.333,5111.522,556.016),(5846.667,5111.522,544.199),(5770.,5111.522,410.99),(7380.,5047.609,407.505),(7303.333,5047.609,534.475),(7226.667,5047.609,524.054),(7150.,5047.609,530.959),(7073.333,5047.609,553.89),(6996.667,5047.609,556.877),(6920.,5047.609,542.195),(6843.333,5047.609,537.509),(6766.667,5047.609,534.308),(6690.,5047.609,523.94),(6613.333,5047.609,531.34),(6536.667,5047.609,554.218),(6460.,5047.609,556.667),(6383.333,5047.609,541.972),(6306.667,5047.609,537.513),(6230.,5047.609,534.137),(6153.333,5047.609,523.833),(6076.667,5047.609,531.727),(6000.,5047.609,554.537),(5923.333,5047.609,556.45),(5846.667,5047.609,541.755),(5770.,5047.609,407.518),(7380.,4983.696,404.174),(7303.333,4983.696,533.224),(7226.667,4983.696,525.829),(7150.,4983.696,534.417),(7073.333,4983.696,556.414),(6996.667,4983.696,556.557),(6920.,4983.696,539.273),(6843.333,4983.696,534.196),(6766.667,4983.696,533.112),(6690.,4983.696,525.765),(6613.333,4983.696,534.805),(6536.667,4983.696,556.701),(6460.,4983.696,556.288),(6383.333,4983.696,539.019),(6306.667,4983.696,534.22),(6230.,4983.696,532.996),(6153.333,4983.696,525.708),(6076.667,4983.696,535.199),(6000.,4983.696,556.978),(5923.333,4983.696,556.013),(5846.667,4983.696,538.771),(5770.,4983.696,404.244),(7380.,4919.783,401.206),(7303.333,4919.783,532.817),(7226.667,4919.783,528.292),(7150.,4919.783,537.886),(7073.333,4919.783,558.263),(6996.667,4919.783,555.387),(6920.,4919.783,535.969),(6843.333,4919.783,531.259),(6766.667,4919.783,532.764),(6690.,4919.783,528.27),(6613.333,4919.783,538.267),(6536.667,4919.783,558.5),(6460.,4919.783,555.063),(6383.333,4919.783,535.697),(6306.667,4919.783,531.315),(6230.,4919.783,532.707),(6153.333,4919.783,528.253),(6076.667,4919.783,538.652),(6000.,4919.783,558.727),(5923.333,4919.783,554.733),(5846.667,4919.783,535.431),(5770.,4919.783,401.373),(7380.,4855.87,398.784),(7303.333,4855.87,533.282),(7226.667,4855.87,531.291),(7150.,4855.87,541.15),(7073.333,4855.87,559.321),(6996.667,4855.87,553.439),(6920.,4855.87,532.489),(6843.333,4855.87,528.88),(6766.667,4855.87,533.286),(6690.,4855.87,531.298),(6613.333,4855.87,541.509),(6536.667,4855.87,559.502),(6460.,4855.87,553.067),(6383.333,4855.87,532.213),(6306.667,4855.87,528.979),(6230.,4855.87,533.287),(6153.333,4855.87,531.311),(6076.667,4855.87,541.873),(6000.,4855.87,559.673),(5923.333,4855.87,552.689),(5846.667,4855.87,531.944),(5770.,4855.87,399.081),(7380.,4791.957,397.06),(7303.333,4791.957,534.588),(7226.667,4791.957,534.639),(7150.,4791.957,544.006),(7073.333,4791.957,559.524),(6996.667,4791.957,550.836),(6920.,4791.957,529.049),(6843.333,4791.957,527.207),(6766.667,4791.957,534.647),(6690.,4791.957,534.662),(6613.333,4791.957,544.331),(6536.667,4791.957,559.647),(6460.,4791.957,550.425),(6383.333,4791.957,528.783),(6306.667,4791.957,527.358),(6230.,4791.957,534.701),(6153.333,4791.957,534.69),(6076.667,4791.957,544.66),(6000.,4791.957,559.759),(5923.333,4791.957,550.009),(5846.667,4791.957,528.526),(5770.,4791.957,397.512),(7380.,4728.043,396.14),(7303.333,4728.043,536.654),(7226.667,4728.043,538.127),(7150.,4728.043,546.277),(7073.333,4728.043,558.859),(6996.667,4728.043,547.738),(6920.,4728.043,525.863),(6843.333,4728.043,526.344),(6766.667,4728.043,536.76),(6690.,4728.043,538.152),(6613.333,4728.043,546.557),(6536.667,4728.043,558.924),(6460.,4728.043,547.3),(6383.333,4728.043,525.621),(6306.667,4728.043,526.552),(6230.,4728.043,536.861),(6153.333,4728.043,538.181),(6076.667,4728.043,546.84),(6000.,4728.043,558.978),(5923.333,4728.043,546.858),(5846.667,4728.043,525.389),(5770.,4728.043,396.763),(7380.,4664.13,396.082),(7303.333,4664.13,539.352),(7226.667,4664.13,541.54),(7150.,4664.13,547.821),(7073.333,4664.13,557.366),(6996.667,4664.13,544.338),(6920.,4664.13,523.129),(6843.333,4664.13,526.345),(6766.667,4664.13,539.495),(6690.,4664.13,541.552),(6613.333,4664.13,548.048),(6536.667,4664.13,557.378),(6460.,4664.13,543.888),(6383.333,4664.13,522.924),(6306.667,4664.13,526.611),(6230.,4664.13,539.632),(6153.333,4664.13,541.566),(6076.667,4664.13,548.278),(6000.,4664.13,557.381),(5923.333,4664.13,543.434),(5846.667,4664.13,522.73),(5770.,4664.13,396.881),(7380.,4600.217,396.89),(7303.333,4600.217,542.514),(7226.667,4600.217,544.664),(7150.,4600.217,548.542),(7073.333,4600.217,555.139),(6996.667,4600.217,540.848),(6920.,4600.217,521.017),(6843.333,4600.217,527.209),(6766.667,4600.217,542.682),(6690.,4600.217,544.649),(6613.333,4600.217,548.712),(6536.667,4600.217,555.106),(6460.,4600.217,540.399),(6383.333,4600.217,520.859),(6306.667,4600.217,527.533),(6230.,4600.217,542.842),(6153.333,4600.217,544.636),(6076.667,4600.217,548.884),(6000.,4600.217,555.064),(5923.333,4600.217,539.948),(5846.667,4600.217,520.712),(5770.,4600.217,397.859),(7380.,4536.304,398.512),(7303.333,4536.304,545.944),(7226.667,4536.304,547.305),(7150.,4536.304,548.396),(7073.333,4536.304,552.316),(6996.667,4536.304,537.484),(6920.,4536.304,519.659),(6843.333,4536.304,528.884),(6766.667,4536.304,546.122),(6690.,4536.304,547.252),(6613.333,4536.304,548.508),(6536.667,4536.304,552.249),(6460.,4536.304,537.052),(6383.333,4536.304,519.555),(6306.667,4536.304,529.258),(6230.,4536.304,546.292),(6153.333,4536.304,547.199),(6076.667,4536.304,548.621),(6000.,4536.304,552.174),(5923.333,4536.304,536.618),(5846.667,4536.304,519.463),(5770.,4536.304,399.635),(7380.,4472.391,400.849),(7303.333,4472.391,549.428),(7226.667,4472.391,549.3),(7150.,4472.391,547.392),(7073.333,4472.391,549.073),(6996.667,4472.391,534.457),(6920.,4472.391,519.138),(6843.333,4472.391,531.264),(6766.667,4472.391,549.602),(6690.,4472.391,549.198),(6613.333,4472.391,547.447),(6536.667,4472.391,548.985),(6460.,4472.391,534.054),(6383.333,4472.391,519.092),(6306.667,4472.391,531.681),(6230.,4472.391,549.767),(6153.333,4472.391,549.096),(6076.667,4472.391,547.505),(6000.,4472.391,548.889),(5923.333,4472.391,533.65),(5846.667,4472.391,519.058),(5770.,4472.391,402.1),(7380.,4408.478,403.755),(7303.333,4408.478,552.75),(7226.667,4408.478,550.523),(7150.,4408.478,545.592),(7073.333,4408.478,545.611),(6996.667,4408.478,531.953),(6920.,4408.478,519.487),(6843.333,4408.478,534.202),(6766.667,4408.478,552.905),(6690.,4408.478,550.367),(6613.333,4408.478,545.597),(6536.667,4408.478,545.516),(6460.,4408.478,531.591),(6383.333,4408.478,519.5),(6306.667,4408.478,534.65),(6230.,4408.478,553.051),(6153.333,4408.478,550.21),(6076.667,4408.478,545.605),(6000.,4408.478,545.414),(5923.333,4408.478,531.23),(5846.667,4408.478,519.524),(5770.,4408.478,405.1),(7380.,4344.565,407.049),(7303.333,4344.565,555.703),(7226.667,4344.565,550.9),(7150.,4344.565,543.108),(7073.333,4344.565,542.146),(6996.667,4344.565,530.129),(6920.,4344.565,520.685),(6843.333,4344.565,537.515),(6766.667,4344.565,555.826),(6690.,4344.565,550.685),(6613.333,4344.565,543.072),(6536.667,4344.565,542.058),(6460.,4344.565,529.818),(6383.333,4344.565,520.752),(6306.667,4344.565,537.981),(6230.,4344.565,555.939),(6153.333,4344.565,550.47),(6076.667,4344.565,543.04),(6000.,4344.565,541.965),(5923.333,4344.565,529.507),(5846.667,4344.565,520.831),(5770.,4344.565,408.448),(7380.,4280.652,410.526),(7303.333,4280.652,558.103),(7226.667,4280.652,550.407),(7150.,4280.652,540.094),(7073.333,4280.652,538.893),(6996.667,4280.652,529.098),(6920.,4280.652,522.657),(6843.333,4280.652,540.997),(6766.667,4280.652,558.183),(6690.,4280.652,550.134),(6613.333,4280.652,540.029),(6536.667,4280.652,538.827),(6460.,4280.652,528.843),(6383.333,4280.652,522.772),(6306.667,4280.652,541.467),(6230.,4280.652,558.253),(6153.333,4280.652,549.86),(6076.667,4280.652,539.969),(6000.,4280.652,538.756),(5923.333,4280.652,528.589),(5846.667,4280.652,522.899),(5770.,4280.652,411.936),(7380.,4216.739,413.971),(7303.333,4216.739,559.802),(7226.667,4216.739,549.074),(7150.,4216.739,536.738),(7073.333,4216.739,536.054),(6996.667,4216.739,528.924),(6920.,4216.739,525.28),(6843.333,4216.739,544.432),(6766.667,4216.739,559.83),(6690.,4216.739,548.747),(6613.333,4216.739,536.657),(6536.667,4216.739,536.022),(6460.,4216.739,528.728),(6383.333,4216.739,525.434),(6306.667,4216.739,544.891),(6230.,4216.739,559.848),(6153.333,4216.739,548.42),(6076.667,4216.739,536.582),(6000.,4216.739,535.987),(5923.333,4216.739,528.533),(5846.667,4216.739,525.598),(5770.,4216.739,415.348),(7380.,4152.826,417.169),(7303.333,4152.826,560.693),(7226.667,4152.826,546.984),(7150.,4152.826,533.248),(7073.333,4152.826,533.805),(6996.667,4152.826,529.619),(6920.,4152.826,528.391),(6843.333,4152.826,547.606),(6766.667,4152.826,560.665),(6690.,4152.826,546.61),(6613.333,4152.826,533.167),(6536.667,4152.826,533.819),(6460.,4152.826,529.48),(6383.333,4152.826,528.571),(6306.667,4152.826,548.04),(6230.,4152.826,560.625),(6153.333,4152.826,546.237),(6076.667,4152.826,533.091),(6000.,4152.826,533.83),(5923.333,4152.826,529.341),(5846.667,4152.826,528.761),(5770.,4152.826,418.471),(7380.,4088.913,419.921),(7303.333,4088.913,560.722),(7226.667,4088.913,544.267),(7150.,4088.913,529.842),(7073.333,4088.913,532.288),(6996.667,4088.913,531.138),(6920.,4088.913,531.797),(6843.333,4088.913,550.321),(6766.667,4088.913,560.635),(6690.,4088.913,543.857),(6613.333,4088.913,529.774),(6536.667,4088.913,532.354),(6460.,4088.913,531.051),(6383.333,4088.913,531.99),(6306.667,4088.913,550.718),(6230.,4088.913,560.536),(6153.333,4088.913,543.448),(6076.667,4088.913,529.713),(6000.,4088.913,532.419),(5923.333,4088.913,530.965),(5846.667,4088.913,532.191),(5770.,4088.913,421.112),(7380.,4025.,422.057),(7303.333,4025.,559.886),(7226.667,4025.,541.093),(7150.,4025.,526.732),(7073.333,4025.,531.595),(6996.667,4025.,533.387),(6920.,4025.,535.287),(6843.333,4025.,552.41),(6766.667,4025.,559.742),(6690.,4025.,540.658),(6613.333,4025.,526.69),(6536.667,4025.,531.719),(6460.,4025.,533.346),(6383.333,4025.,535.477),(6306.667,4025.,552.76),(6230.,4025.,559.587),(6153.333,4025.,540.226),(6076.667,4025.,526.657),(6000.,4025.,531.841),(5923.333,4025.,533.303),(5846.667,4025.,535.675),(5770.,4025.,423.105)));
#962=IFCTRIANGULATEDFACESET(#961,$,.F.,((1,2,24),(1,24,23),(2,3,25),(2,25,24),(3,4,26),(3,26,25),(4,5,27),(4,27,26),(5,6,28),(5,28,27),(6,7,29),(6,29,28),(7,8,30),(7,30,29),(8,9,31),(8,31,30),(9,10,32),(9,32,31),(10,11,33),(10,33,32),(11,12,34),(11,34,33),(12,13,35),(12,35,34),(13,14,36),(13,36,35),(14,15,37),(14,37,36),(15,16,38),(15,38,37),(16,17,39),(16,39,38),(17,18,40),(17,40,39),(18,19,41),(18,41,40),(19,20,42),(19,42,41),(20,21,43),(20,43,42),(21,22,44),(21,44,43),(23,24,46),(23,46,45),(24,25,47),(24,47,46),(25,26,48),(25,48,47),(26,27,49),(26,49,48),(27,28,50),(27,50,49),(28,29,51),(28,51,50),(29,30,52),(29,52,51),(30,31,53),(30,53,52),(31,32,54),(31,54,53),(32,33,55),(32,55,54),(33,34,56),(33,56,55),(34,35,57),(34,57,56),(35,36,58),(35,58,57),(36,37,59),(36,59,58),(37,38,60),(37,60,59),(38,39,61),(38,61,60),(39,40,62),(39,62,61),(40,41,63),(40,63,62),(41,42,64),(41,64,63),(42,43,65),(42,65,64),(43,44,66),(43,66,65),(45,46,68),(45,68,67),(46,47,69),(46,69,68),(47,48,70),(47,70,69),(48,49,71),(48,71,70),(49,50,72),(49,72,71),(50,51,73),(50,73,72),(51,52,74),(51,74,73),(52,53,75),(52,75,74),(53,54,76),(53,76,75),(54,55,77),(54,77,76),(55,56,78),(55,78,77),(56,57,79),(56,79,78),(57,58,80),(57,80,79),(58,59,81),(58,81,80),(59,60,82),(59,82,81),(60,61,83),(60,83,82),(61,62,84),(61,84,83),(62,63,85),(62,85,84),(63,64,86),(63,86,85),(64,65,87),(64,87,86),(65,66,88),(65,88,87),(67,68,90),(67,90,89),(68,69,91),(68,91,90),(69,70,92),(69,92,91),(70,71,93),(70,93,92),(71,72,94),(71,94,93),(72,73,95),(72,95,94),(73,74,96),(73,96,95),(74,75,97),(74,97,96),(75,76,98),(75,98,97),(76,77,99),(76,99,98),(77,78,100),(77,100,99),(78,79,101),(78,101,100),(79,80,102),(79,102,101),(80,81,103),(80,103,102),(81,82,104),(81,104,103),(82,83,105),(82,105,104),(83,84,106),(83,106,105),(84,85,107),(84,107,106),(85,86,108),(85,108,107),(86,87,109),(86,109,108),(87,88,110),(87,110,109),(89,90,112),(89,112,111),(90,91,113),(90,113,112),(91,92,114),(91,114,113),(92,93,115),(92,115,114),(93,94,116),(93,116,115),(94,95,117),(94,117,116),(95,96,118),(95,118,117),(96,97,119),(96,119,118),(97,98,120),(97,120,119),(98,99,121),(98,121,120),(99,100,122),(99,122,121),(100,101,123),(100,123,122),(101,102,124),(101,124,123),(102,103,125),(102,125,124),(103,104,126),(103,126,125),(104,105,127),(104,127,126),(105,106,128),(105,128,127),(106,107,129),(106,129,128),(107,108,130),(107,130,129),(108,109,131),(108,131,130),(109,110,132),(109,132,131),(111,112,134),(111,134,133),(112,113,135),(112,135,134),(113,114,136),(113,136,135),(114,115,137),(114,137,136),(115,116,138),(115,138,137),(116,117,139),(116,139,138),(117,118,140),(117,140,139),(118,119,141),(118,141,140),(119,120,142),(119,142,141),(120,121,143),(120,143,142),(121,122,144),(121,144,143),(122,123,145),(122,145,144),(123,124,146),(123,146,145),(124,125,147),(124,147,146),(125,126,148),(125,148,147),(126,127,149),(126,149,148),(127,128,150),(127,150,149),(128,129,151),(128,151,150),(129,130,152),(129,152,151),(130,131,153),(130,153,152),(131,132,154),(131,154,153),(133,134,156),(133,156,155),(134,135,157),(134,157,156),(135,136,158),(135,158,157),(136,137,159),(136,159,158),(137,138,160),(137,160,159),(138,139,161),(138,161,160),(139,140,162),(139,162,161),(140,141,163),(140,163,162),(141,142,164),(141,164,163),(142,143,165),(142,165,164),(143,144,166),(143,166,165),(144,145,167),(144,167,166),(145,146,168),(145,168,167),(146,147,169),(146,169,168),(147,148,170),(147,170,169),(148,149,171),(148,171,170),(149,150,172),(149,172,171),(150,151,173),(150,173,172),(151,152,174),(151,174,173),(152,153,175),(152,175,174),(153,154,176),(153,176,175),(155,156,178),(155,178,177),(156,157,179),(156,179,178),(157,158,180),(157,180,179),(158,159,181),(158,181,180),(159,160,182),(159,182,181),(160,161,183),(160,183,182),(161,162,184),(161,184,183),(162,163,185),(162,185,184),(163,164,186),(163,186,185),(164,165,187),(164,187,186),(165,166,188),(165,188,187),(166,167,189),(166,189,188),(167,168,190),(167,190,189),(168,169,191),(168,191,190),(169,170,192),(169,192,191),(170,171,193),(170,193,192),(171,172,194),(171,194,193),(172,173,195),(172,195,194),(173,174,196),(173,196,195),(174,175,197),(174,197,196),(175,176,198),(175,198,197),(177,178,200),(177,200,199),(178,179,201),(178,201,200),(179,180,202),(179,202,201),(180,181,203),(180,203,202),(181,182,204),(181,204,203),(182,183,205),(182,205,204),(183,184,206),(183,206,205),(184,185,207),(184,207,206),(185,186,208),(185,208,207),(186,187,209),(186,209,208),(187,188,210),(187,210,209),(188,189,211),(188,211,210),(189,190,212),(189,212,211),(190,191,213),(190,213,212),(191,192,214),(191,214,213),(192,193,215),(192,215,214),(193,194,216),(193,216,215),(194,195,217),(194,217,216),(195,196,218),(195,218,217),(196,197,219),(196,219,218),(197,198,220),(197,220,219),(199,200,222),(199,222,221),(200,201,223),(200,223,222),(201,202,224),(201,224,223),(202,203,225),(202,225,224),(203,204,226),(203,226,225),(204,205,227),(204,227,226),(205,206,228),(205,228,227),(206,207,229),(206,229,228),(207,208,230),(207,230,229),(208,209,231),(208,231,230),(209,210,232),(209,232,231),(210,211,233),(210,233,232),(211,212,234),(211,234,233),(212,213,235),(212,235,234),(213,214,236),(213,236,235),(214,215,237),(214,237,236),(215,216,238),(215,238,237),(216,217,239),(216,239,238),(217,218,240),(217,240,239),(218,219,241),(218,241,240),(219,220,242),(219,242,241),(221,222,244),(221,244,243),(222,223,245),(222,245,244),(223,224,246),(223,246,245),(224,225,247),(224,247,246),(225,226,248),(225,248,247),(226,227,249),(226,249,248),(227,228,250),(227,250,249),(228,229,251),(228,251,250),(229,230,252),(229,252,251),(230,231,253),(230,253,252),(231,232,254),(231,254,253),(232,233,255),(232,255,254),(233,234,256),(233,256,255),(234,235,257),(234,257,256),(235,236,258),(235,258,257),(236,237,259),(236,259,258),(237,238,260),(237,260,259),(238,239,261),(238,261,260),(239,240,262),(239,262,261),(240,241,263),(240,263,262),(241,242,264),(241,264,263),(243,244,266),(243,266,265),(244,245,267),(244,267,266),(245,246,268),(245,268,267),(246,247,269),(246,269,268),(247,248,270),(247,270,269),(248,249,271),(248,271,270),(249,250,272),(249,272,271),(250,251,273),(250,273,272),(251,252,274),(251,274,273),(252,253,275),(252,275,274),(253,254,276),(253,276,275),(254,255,277),(254,277,276),(255,256,278),(255,278,277),(256,257,279),(256,279,278),(257,258,280),(257,280,279),(258,259,281),(258,281,280),(259,260,282),(259,282,281),(260,261,283),(260,283,282),(261,262,284),(261,284,283),(262,263,285),(262,285,284),(263,264,286),(263,286,285),(265,266,288),(265,288,287),(266,267,289),(266,289,288),(267,268,290),(267,290,289),(268,269,291),(268,291,290),(269,270,292),(269,292,291),(270,271,293),(270,293,292),(271,272,294),(271,294,293),(272,273,295),(272,295,294),(273,274,296),(273,296,295),(274,275,297),(274,297,296),(275,276,298),(275,298,297),(276,277,299),(276,299,298),(277,278,300),(277,300,299),(278,279,301),(278,301,300),(279,280,302),(279,302,301),(280,281,303),(280,303,302),(281,282,304),(281,304,303),(282,283,305),(282,305,304),(283,284,306),(283,306,305),(284,285,307),(284,307,306),(285,286,308),(285,308,307),(287,288,310),(287,310,309),(288,289,311),(288,311,310),(289,290,312),(289,312,311),(290,291,313),(290,313,312),(291,292,314),(291,314,313),(292,293,315),(292,315,314),(293,294,316),(293,316,315),(294,295,317),(294,317,316),(295,296,318),(295,318,317),(296,297,319),(296,319,318),(297,298,320),(297,320,319),(298,299,321),(298,321,320),(299,300,322),(299,322,321),(300,301,323),(300,323,322),(301,302,324),(301,324,323),(302,303,325),(302,325,324),(303,304,326),(303,326,325),(304,305,327),(304,327,326),(305,306,328),(305,328,327),(306,307,329),(306,329,328),(307,308,330),(307,330,329),(309,310,332),(309,332,331),(310,311,333),(310,333,332),(311,312,334),(311,334,333),(312,313,335),(312,335,334),(313,314,336),(313,336,335),(314,315,337),(314,337,336),(315,316,338),(315,338,337),(316,317,339),(316,339,338),(317,318,340),(317,340,339),(318,319,341),(318,341,340),(319,320,342),(319,342,341),(320,321,343),(320,343,342),(321,322,344),(321,344,343),(322,323,345),(322,345,344),(323,324,346),(323,346,345),(324,325,347),(324,347,346),(325,326,348),(325,348,347),(326,327,349),(326,349,348),(327,328,350),(327,350,349),(328,329,351),(328,351,350),(329,330,352),(329,352,351),(331,332,354),(331,354,353),(332,333,355),(332,355,354),(333,334,356),(333,356,355),(334,335,357),(334,357,356),(335,336,358),(335,358,357),(336,337,359),(336,359,358),(337,338,360),(337,360,359),(338,339,361),(338,361,360),(339,340,362),(339,362,361),(340,341,363),(340,363,362),(341,342,364),(341,364,363),(342,343,365),(342,365,364),(343,344,366),(343,366,365),(344,345,367),(344,367,366),(345,346,368),(345,368,367),(346,347,369),(346,369,368),(347,348,370),(347,370,369),(348,349,371),(348,371,370),(349,350,372),(349,372,371),(350,351,373),(350,373,372),(351,352,374),(351,374,373),(353,354,376),(353,376,375),(354,355,377),(354,377,376),(355,356,378),(355,378,377),(356,357,379),(356,379,378),(357,358,380),(357,380,379),(358,359,381),(358,381,380),(359,360,382),(359,382,381),(360,361,383),(360,383,382),(361,362,384),(361,384,383),(362,363,385),(362,385,384),(363,364,386),(363,386,385),(364,365,387),(364,387,386),(365,366,388),(365,388,387),(366,367,389),(366,389,388),(367,368,390),(367,390,389),(368,369,391),(368,391,390),(369,370,392),(369,392,391),(370,371,393),(370,393,392),(371,372,394),(371,394,393),(372,373,395),(372,395,394),(373,374,396),(373,396,395),(375,376,398),(375,398,397),(376,377,399),(376,399,398),(377,378,400),(377,400,399),(378,379,401),(378,401,400),(379,380,402),(379,402,401),(380,381,403),(380,403,402),(381,382,404),(381,404,403),(382,383,405),(382,405,404),(383,384,406),(383,406,405),(384,385,407),(384,407,406),(385,386,408),(385,408,407),(386,387,409),(386,409,408),(387,388,410),(387,410,409),(388,389,411),(388,411,410),(389,390,412),(389,412,411),(390,391,413),(390,413,412),(391,392,414),(391,414,413),(392,393,415),(392,415,414),(393,394,416),(393,416,415),(394,395,417),(394,417,416),(395,396,418),(395,418,417),(397,398,420),(397,420,419),(398,399,421),(398,421,420),(399,400,422),(399,422,421),(400,401,423),(400,423,422),(401,402,424),(401,424,423),(402,403,425),(402,425,424),(403,404,426),(403,426,425),(404,405,427),(404,427,426),(405,406,428),(405,428,427),(406,407,429),(406,429,428),(407,408,430),(407,430,429),(408,409,431),(408,431,430),(409,410,432),(409,432,431),(410,411,433),(410,433,432),(411,412,434),(411,434,433),(412,413,435),(412,435,434),(413,414,436),(413,436,435),(414,415,437),(414,437,436),(415,416,438),(415,438,437),(416,417,439),(416,439,438),(417,418,440),(417,440,439),(419,420,442),(419,442,441),(420,421,443),(420,443,442),(421,422,444),(421,444,443),(422,423,445),(422,445,444),(423,424,446),(423,446,445),(424,425,447),(424,447,446),(425,426,448),(425,448,447),(426,427,449),(426,449,448),(427,428,450),(427,450,449),(428,429,451),(428,451,450),(429,430,452),(429,452,451),(430,431,453),(430,453,452),(431,432,454),(431,454,453),(432,433,455),(432,455,454),(433,434,456),(433,456,455),(434,435,457),(434,457,456),(435,436,458),(435,458,457),(436,437,459),(436,459,458),(437,438,460),(437,460,459),(438,439,461),(438,461,460),(439,440,462),(439,462,461),(441,442,464),(441,464,463),(442,443,465),(442,465,464),(443,444,466),(443,466,465),(444,445,467),(444,467,466),(445,446,468),(445,468,467),(446,447,469),(446,469,468),(447,448,470),(447,470,469),(448,449,471),(448,471,470),(449,450,472),(449,472,471),(450,451,473),(450,473,472),(451,452,474),(451,474,473),(452,453,475),(452,475,474),(453,454,476),(453,476,475),(454,455,477),(454,477,476),(455,456,478),(455,478,477),(456,457,479),(456,479,478),(457,458,480),(457,480,479),(458,459,481),(458,481,480),(459,460,482),(459,482,481),(460,461,483),(460,483,482),(461,462,484),(461,484,483),(463,464,486),(463,486,485),(464,465,487),(464,487,486),(465,466,488),(465,488,487),(466,467,489),(466,489,488),(467,468,490),(467,490,489),(468,469,491),(468,491,490),(469,470,492),(469,492,491),(470,471,493),(470,493,492),(471,472,494),(471,494,493),(472,473,495),(472,495,494),(473,474,496),(473,496,495),(474,475,497),(474,497,496),(475,476,498),(475,498,497),(476,477,499),(476,499,498),(477,478,500),(477,500,499),(478,479,501),(478,501,500),(479,480,502),(479,502,501),(480,481,503),(480,503,502),(481,482,504),(481,504,503),(482,483,505),(482,505,504),(483,484,506),(483,506,505),(485,486,508),(485,508,507),(486,487,509),(486,509,508),(487,488,510),(487,510,509),(488,489,511),(488,511,510),(489,490,512),(489,512,511),(490,491,513),(490,513,512),(491,492,514),(491,514,513),(492,493,515),(492,515,514),(493,494,516),(493,516,515),(494,495,517),(494,517,516),(495,496,518),(495,518,517),(496,497,519),(496,519,518),(497,498,520),(497,520,519),(498,499,521),(498,521,520),(499,500,522),(499,522,521),(500,501,523),(500,523,522),(501,502,524),(501,524,523),(502,503,525),(502,525,524),(503,504,526),(503,526,525),(504,505,527),(504,527,526),(505,506,528),(505,528,527)),$);
#963=IFCSHAPEREPRESENTATION(#6,'Body','Tessellation',(#952,#954,#956,#958,#960,#962));
#964=IFCPRODUCTDEFINITIONSHAPE($,$,(#963));
#965=IFCFURNISHINGELEMENT('0Pt98EuZHOJBU2hZAUApX_',$,'Bed','Authored furniture assembly',$,#19,#964,'F0-bed-1/bed');
#966=IFCPROPERTYSINGLEVALUE('ReviewStatus',$,IFCLABEL('PRELIMINARY - NOT FOR CONSTRUCTION'),$);
#967=IFCPROPERTYSINGLEVALUE('PlanHash',$,IFCLABEL('13e93ea3847ed8bb1a6303802cf36b20f1f5a619efd14b6e4fd3dcf0f379760f'),$);
#968=IFCPROPERTYSET('3xkeqmh71UyeTR_SUToVjX',$,'FloorForge_Review',$,(#966,#967));
#969=IFCRELDEFINESBYPROPERTIES('16j0XWQdHVARGKIfulDRUe',$,$,$,(#965),#968);
#970=IFCCARTESIANPOINTLIST3D(((5740.,5675.,80.),(5740.,5675.,2250.),(5740.,6275.,80.),(5740.,6275.,2250.),(5775.,5675.,80.),(5775.,5675.,2250.),(5775.,6275.,80.),(5775.,6275.,2250.)));
#971=IFCTRIANGULATEDFACESET(#970,$,.T.,((2,4,1),(5,2,1),(1,4,3),(3,5,1),(2,8,4),(6,2,5),(6,8,2),(4,8,3),(7,5,3),(3,8,7),(7,6,5),(8,6,7)),$);
#972=IFCCARTESIANPOINTLIST3D(((3975.,5675.,80.),(3975.,5675.,2250.),(3975.,6275.,80.),(3975.,6275.,2250.),(4010.,5675.,80.),(4010.,5675.,2250.),(4010.,6275.,80.),(4010.,6275.,2250.)));
#973=IFCTRIANGULATEDFACESET(#972,$,.T.,((2,4,1),(5,2,1),(1,4,3),(3,5,1),(2,8,4),(6,2,5),(6,8,2),(4,8,3),(7,5,3),(3,8,7),(7,6,5),(8,6,7)),$);
#974=IFCCARTESIANPOINTLIST3D(((3975.,6240.,80.),(3975.,6240.,2250.),(3975.,6275.,80.),(3975.,6275.,2250.),(5775.,6240.,80.),(5775.,6240.,2250.),(5775.,6275.,80.),(5775.,6275.,2250.)));
#975=IFCTRIANGULATEDFACESET(#974,$,.T.,((2,4,1),(5,2,1),(1,4,3),(3,5,1),(2,8,4),(6,2,5),(6,8,2),(4,8,3),(7,5,3),(3,8,7),(7,6,5),(8,6,7)),$);
#976=IFCCARTESIANPOINTLIST3D(((3975.,5675.,2220.),(3975.,5675.,2260.),(3975.,6275.,2220.),(3975.,6275.,2260.),(5775.,5675.,2220.),(5775.,5675.,2260.),(5775.,6275.,2220.),(5775.,6275.,2260.)));
#977=IFCTRIANGULATEDFACESET(#976,$,.T.,((2,4,1),(5,2,1),(1,4,3),(3,5,1),(2,8,4),(6,2,5),(6,8,2),(4,8,3),(7,5,3),(3,8,7),(7,6,5),(8,6,7)),$);
#978=IFCCARTESIANPOINTLIST3D(((5187.,5675.,120.),(5187.,5675.,2210.),(5187.,5710.,120.),(5187.,5710.,2210.),(5763.,5675.,120.),(5763.,5675.,2210.),(5763.,5710.,120.),(5763.,5710.,2210.)));
#979=IFCTRIANGULATEDFACESET(#978,$,.T.,((2,4,1),(5,2,1),(1,4,3),(3,5,1),(2,8,4),(6,2,5),(6,8,2),(4,8,3),(7,5,3),(3,8,7),(7,6,5),(8,6,7)),$);
#980=IFCCARTESIANPOINTLIST3D(((5247.,5655.,900.),(5255.,5655.,900.),(5255.,5655.,1200.),(5247.,5655.,1200.),(5254.608456,5657.472136,900.),(5254.608456,5657.472136,1200.),(5253.472136,5659.70228,900.),(5253.472136,5659.70228,1200.),(5251.70228,5661.472136,900.),(5251.70228,5661.472136,1200.),(5249.472136,5662.608456,900.),(5249.472136,5662.608456,1200.),(5247.,5663.,900.),(5247.,5663.,1200.),(5244.527864,5662.608456,900.),(5244.527864,5662.608456,1200.),(5242.29772,5661.472136,900.),(5242.29772,5661.472136,1200.),(5240.527864,5659.70228,900.),(5240.527864,5659.70228,1200.),(5239.391544,5657.472136,900.),(5239.391544,5657.472136,1200.),(5239.,5655.,900.),(5239.,5655.,1200.),(5239.391544,5652.527864,900.),(5239.391544,5652.527864,1200.),(5240.527864,5650.29772,900.),(5240.527864,5650.29772,1200.),(5242.29772,5648.527864,900.),(5242.29772,5648.527864,1200.),(5244.527864,5647.391544,900.),(5244.527864,5647.391544,1200.),(5247.,5647.,900.),(5247.,5647.,1200.),(5249.472136,5647.391544,900.),(5249.472136,5647.391544,1200.),(5251.70228,5648.527864,900.),(5251.70228,5648.527864,1200.),(5253.472136,5650.29772,900.),(5253.472136,5650.29772,1200.),(5254.608456,5652.527864,900.),(5254.608456,5652.527864,1200.)));
#981=IFCTRIANGULATEDFACESET(#980,$,.T.,((2,1,5),(2,5,3),(3,5,6),(3,6,4),(5,1,7),(5,7,6),(6,7,8),(6,8,4),(7,1,9),(7,9,8),(8,9,10),(8,10,4),(9,1,11),(9,11,10),(10,11,12),(10,12,4),(11,1,13),(11,13,12),(12,13,14),(12,14,4),(13,1,15),(13,15,14),(14,15,16),(14,16,4),(15,1,17),(15,17,16),(16,17,18),(16,18,4),(17,1,19),(17,19,18),(18,19,20),(18,20,4),(19,1,21),(19,21,20),(20,21,22),(20,22,4),(21,1,23),(21,23,22),(22,23,24),(22,24,4),(23,1,25),(23,25,24),(24,25,26),(24,26,4),(25,1,27),(25,27,26),(26,27,28),(26,28,4),(27,1,29),(27,29,28),(28,29,30),(28,30,4),(29,1,31),(29,31,30),(30,31,32),(30,32,4),(31,1,33),(31,33,32),(32,33,34),(32,34,4),(33,1,35),(33,35,34),(34,35,36),(34,36,4),(35,1,37),(35,37,36),(36,37,38),(36,38,4),(37,1,39),(37,39,38),(38,39,40),(38,40,4),(39,1,41),(39,41,40),(40,41,42),(40,42,4),(41,1,2),(41,2,42),(42,2,3),(42,3,4)),$);
#982=IFCCARTESIANPOINTLIST3D(((4587.,5675.,120.),(4587.,5675.,2210.),(4587.,5710.,120.),(4587.,5710.,2210.),(5163.,5675.,120.),(5163.,5675.,2210.),(5163.,5710.,120.),(5163.,5710.,2210.)));
#983=IFCTRIANGULATEDFACESET(#982,$,.T.,((2,4,1),(5,2,1),(1,4,3),(3,5,1),(2,8,4),(6,2,5),(6,8,2),(4,8,3),(7,5,3),(3,8,7),(7,6,5),(8,6,7)),$);
#984=IFCCARTESIANPOINTLIST3D(((5103.,5655.,900.),(5111.,5655.,900.),(5111.,5655.,1200.),(5103.,5655.,1200.),(5110.608456,5657.472136,900.),(5110.608456,5657.472136,1200.),(5109.472136,5659.70228,900.),(5109.472136,5659.70228,1200.),(5107.70228,5661.472136,900.),(5107.70228,5661.472136,1200.),(5105.472136,5662.608456,900.),(5105.472136,5662.608456,1200.),(5103.,5663.,900.),(5103.,5663.,1200.),(5100.527864,5662.608456,900.),(5100.527864,5662.608456,1200.),(5098.29772,5661.472136,900.),(5098.29772,5661.472136,1200.),(5096.527864,5659.70228,900.),(5096.527864,5659.70228,1200.),(5095.391544,5657.472136,900.),(5095.391544,5657.472136,1200.),(5095.,5655.,900.),(5095.,5655.,1200.),(5095.391544,5652.527864,900.),(5095.391544,5652.527864,1200.),(5096.527864,5650.29772,900.),(5096.527864,5650.29772,1200.),(5098.29772,5648.527864,900.),(5098.29772,5648.527864,1200.),(5100.527864,5647.391544,900.),(5100.527864,5647.391544,1200.),(5103.,5647.,900.),(5103.,5647.,1200.),(5105.472136,5647.391544,900.),(5105.472136,5647.391544,1200.),(5107.70228,5648.527864,900.),(5107.70228,5648.527864,1200.),(5109.472136,5650.29772,900.),(5109.472136,5650.29772,1200.),(5110.608456,5652.527864,900.),(5110.608456,5652.527864,1200.)));
#985=IFCTRIANGULATEDFACESET(#984,$,.T.,((2,1,5),(2,5,3),(3,5,6),(3,6,4),(5,1,7),(5,7,6),(6,7,8),(6,8,4),(7,1,9),(7,9,8),(8,9,10),(8,10,4),(9,1,11),(9,11,10),(10,11,12),(10,12,4),(11,1,13),(11,13,12),(12,13,14),(12,14,4),(13,1,15),(13,15,14),(14,15,16),(14,16,4),(15,1,17),(15,17,16),(16,17,18),(16,18,4),(17,1,19),(17,19,18),(18,19,20),(18,20,4),(19,1,21),(19,21,20),(20,21,22),(20,22,4),(21,1,23),(21,23,22),(22,23,24),(22,24,4),(23,1,25),(23,25,24),(24,25,26),(24,26,4),(25,1,27),(25,27,26),(26,27,28),(26,28,4),(27,1,29),(27,29,28),(28,29,30),(28,30,4),(29,1,31),(29,31,30),(30,31,32),(30,32,4),(31,1,33),(31,33,32),(32,33,34),(32,34,4),(33,1,35),(33,35,34),(34,35,36),(34,36,4),(35,1,37),(35,37,36),(36,37,38),(36,38,4),(37,1,39),(37,39,38),(38,39,40),(38,40,4),(39,1,41),(39,41,40),(40,41,42),(40,42,4),(41,1,2),(41,2,42),(42,2,3),(42,3,4)),$);
#986=IFCCARTESIANPOINTLIST3D(((3987.,5675.,120.),(3987.,5675.,2210.),(3987.,5710.,120.),(3987.,5710.,2210.),(4563.,5675.,120.),(4563.,5675.,2210.),(4563.,5710.,120.),(4563.,5710.,2210.)));
#987=IFCTRIANGULATEDFACESET(#986,$,.T.,((2,4,1),(5,2,1),(1,4,3),(3,5,1),(2,8,4),(6,2,5),(6,8,2),(4,8,3),(7,5,3),(3,8,7),(7,6,5),(8,6,7)),$);
#988=IFCCARTESIANPOINTLIST3D(((4047.,5655.,900.),(4055.,5655.,900.),(4055.,5655.,1200.),(4047.,5655.,1200.),(4054.608456,5657.472136,900.),(4054.608456,5657.472136,1200.),(4053.472136,5659.70228,900.),(4053.472136,5659.70228,1200.),(4051.70228,5661.472136,900.),(4051.70228,5661.472136,1200.),(4049.472136,5662.608456,900.),(4049.472136,5662.608456,1200.),(4047.,5663.,900.),(4047.,5663.,1200.),(4044.527864,5662.608456,900.),(4044.527864,5662.608456,1200.),(4042.29772,5661.472136,900.),(4042.29772,5661.472136,1200.),(4040.527864,5659.70228,900.),(4040.527864,5659.70228,1200.),(4039.391544,5657.472136,900.),(4039.391544,5657.472136,1200.),(4039.,5655.,900.),(4039.,5655.,1200.),(4039.391544,5652.527864,900.),(4039.391544,5652.527864,1200.),(4040.527864,5650.29772,900.),(4040.527864,5650.29772,1200.),(4042.29772,5648.527864,900.),(4042.29772,5648.527864,1200.),(4044.527864,5647.391544,900.),(4044.527864,5647.391544,1200.),(4047.,5647.,900.),(4047.,5647.,1200.),(4049.472136,5647.391544,900.),(4049.472136,5647.391544,1200.),(4051.70228,5648.527864,900.),(4051.70228,5648.527864,1200.),(4053.472136,5650.29772,900.),(4053.472136,5650.29772,1200.),(4054.608456,5652.527864,900.),(4054.608456,5652.527864,1200.)));
#989=IFCTRIANGULATEDFACESET(#988,$,.T.,((2,1,5),(2,5,3),(3,5,6),(3,6,4),(5,1,7),(5,7,6),(6,7,8),(6,8,4),(7,1,9),(7,9,8),(8,9,10),(8,10,4),(9,1,11),(9,11,10),(10,11,12),(10,12,4),(11,1,13),(11,13,12),(12,13,14),(12,14,4),(13,1,15),(13,15,14),(14,15,16),(14,16,4),(15,1,17),(15,17,16),(16,17,18),(16,18,4),(17,1,19),(17,19,18),(18,19,20),(18,20,4),(19,1,21),(19,21,20),(20,21,22),(20,22,4),(21,1,23),(21,23,22),(22,23,24),(22,24,4),(23,1,25),(23,25,24),(24,25,26),(24,26,4),(25,1,27),(25,27,26),(26,27,28),(26,28,4),(27,1,29),(27,29,28),(28,29,30),(28,30,4),(29,1,31),(29,31,30),(30,31,32),(30,32,4),(31,1,33),(31,33,32),(32,33,34),(32,34,4),(33,1,35),(33,35,34),(34,35,36),(34,36,4),(35,1,37),(35,37,36),(36,37,38),(36,38,4),(37,1,39),(37,39,38),(38,39,40),(38,40,4),(39,1,41),(39,41,40),(40,41,42),(40,42,4),(41,1,2),(41,2,42),(42,2,3),(42,3,4)),$);
#990=IFCSHAPEREPRESENTATION(#6,'Body','Tessellation',(#971,#973,#975,#977,#979,#981,#983,#985,#987,#989));
#991=IFCPRODUCTDEFINITIONSHAPE($,$,(#990));
#992=IFCFURNISHINGELEMENT('0eMXIyUu1V$vdXh8SIec_3',$,'Wardrobe','Authored furniture assembly',$,#19,#991,'F0-bed-1/wardrobe');
#993=IFCPROPERTYSINGLEVALUE('ReviewStatus',$,IFCLABEL('PRELIMINARY - NOT FOR CONSTRUCTION'),$);
#994=IFCPROPERTYSINGLEVALUE('PlanHash',$,IFCLABEL('13e93ea3847ed8bb1a6303802cf36b20f1f5a619efd14b6e4fd3dcf0f379760f'),$);
#995=IFCPROPERTYSET('0vN7BU$Q5SmQDfj7S6IJwh',$,'FloorForge_Review',$,(#993,#994));
#996=IFCRELDEFINESBYPROPERTIES('0j0yJZxvDTxgcriYNSGPov',$,$,$,(#992),#995);
#997=IFCCARTESIANPOINTLIST3D(((5864.,6525.,70.),(5864.,6525.,280.),(5864.,8575.,70.),(5864.,8575.,280.),(7364.,6525.,70.),(7364.,6525.,280.),(7364.,8575.,70.),(7364.,8575.,280.)));
#998=IFCTRIANGULATEDFACESET(#997,$,.T.,((2,4,1),(5,2,1),(1,4,3),(3,5,1),(2,8,4),(6,2,5),(6,8,2),(4,8,3),(7,5,3),(3,8,7),(7,6,5),(8,6,7)),$);
#999=IFCCARTESIANPOINTLIST3D(((5875.699,6541.699,296.699),(5868.407,6534.407,317.514),(5865.967,6531.967,348.333),(5865.967,6531.967,390.),(5865.967,6531.967,431.667),(5868.407,6534.407,462.486),(5875.699,6541.699,483.301),(5865.967,6856.667,286.967),(5850.464,6856.667,309.54),(5844.,6856.667,348.333),(5844.,6856.667,390.),(5844.,6856.667,431.667),(5850.464,6856.667,470.46),(5865.967,6856.667,493.033),(5865.967,7203.333,286.967),(5850.464,7203.333,309.54),(5844.,7203.333,348.333),(5844.,7203.333,390.),(5844.,7203.333,431.667),(5850.464,7203.333,470.46),(5865.967,7203.333,493.033),(5865.967,7550.,286.967),(5850.464,7550.,309.54),(5844.,7550.,348.333),(5844.,7550.,390.),(5844.,7550.,431.667),(5850.464,7550.,470.46),(5865.967,7550.,493.033),(5865.967,7896.667,286.967),(5850.464,7896.667,309.54),(5844.,7896.667,348.333),(5844.,7896.667,390.),(5844.,7896.667,431.667),(5850.464,7896.667,470.46),(5865.967,7896.667,493.033),(5865.967,8243.333,286.967),(5850.464,8243.333,309.54),(5844.,8243.333,348.333),(5844.,8243.333,390.),(5844.,8243.333,431.667),(5850.464,8243.333,470.46),(5865.967,8243.333,493.033),(5875.699,8558.301,296.699),(5868.407,8565.593,317.514),(5865.967,8568.033,348.333),(5865.967,8568.033,390.),(5865.967,8568.033,431.667),(5868.407,8565.593,462.486),(5875.699,8558.301,483.301),(7352.301,6541.699,296.699),(7359.593,6534.407,317.514),(7362.033,6531.967,348.333),(7362.033,6531.967,390.),(7362.033,6531.967,431.667),(7359.593,6534.407,462.486),(7352.301,6541.699,483.301),(7362.033,6856.667,286.967),(7377.536,6856.667,309.54),(7384.,6856.667,348.333),(7384.,6856.667,390.),(7384.,6856.667,431.667),(7377.536,6856.667,470.46),(7362.033,6856.667,493.033),(7362.033,7203.333,286.967),(7377.536,7203.333,309.54),(7384.,7203.333,348.333),(7384.,7203.333,390.),(7384.,7203.333,431.667),(7377.536,7203.333,470.46),(7362.033,7203.333,493.033),(7362.033,7550.,286.967),(7377.536,7550.,309.54),(7384.,7550.,348.333),(7384.,7550.,390.),(7384.,7550.,431.667),(7377.536,7550.,470.46),(7362.033,7550.,493.033),(7362.033,7896.667,286.967),(7377.536,7896.667,309.54),(7384.,7896.667,348.333),(7384.,7896.667,390.),(7384.,7896.667,431.667),(7377.536,7896.667,470.46),(7362.033,7896.667,493.033),(7362.033,8243.333,286.967),(7377.536,8243.333,309.54),(7384.,8243.333,348.333),(7384.,8243.333,390.),(7384.,8243.333,431.667),(7377.536,8243.333,470.46),(7362.033,8243.333,493.033),(7352.301,8558.301,296.699),(7359.593,8565.593,317.514),(7362.033,8568.033,348.333),(7362.033,8568.033,390.),(7362.033,8568.033,431.667),(7359.593,8565.593,462.486),(7352.301,8558.301,483.301),(6100.667,6531.967,286.967),(6100.667,6516.464,309.54),(6100.667,6510.,348.333),(6100.667,6510.,390.),(6100.667,6510.,431.667),(6100.667,6516.464,470.46),(6100.667,6531.967,493.033),(6357.333,6531.967,286.967),(6357.333,6516.464,309.54),(6357.333,6510.,348.333),(6357.333,6510.,390.),(6357.333,6510.,431.667),(6357.333,6516.464,470.46),(6357.333,6531.967,493.033),(6614.,6531.967,286.967),(6614.,6516.464,309.54),(6614.,6510.,348.333),(6614.,6510.,390.),(6614.,6510.,431.667),(6614.,6516.464,470.46),(6614.,6531.967,493.033),(6870.667,6531.967,286.967),(6870.667,6516.464,309.54),(6870.667,6510.,348.333),(6870.667,6510.,390.),(6870.667,6510.,431.667),(6870.667,6516.464,470.46),(6870.667,6531.967,493.033),(7127.333,6531.967,286.967),(7127.333,6516.464,309.54),(7127.333,6510.,348.333),(7127.333,6510.,390.),(7127.333,6510.,431.667),(7127.333,6516.464,470.46),(7127.333,6531.967,493.033),(6100.667,8568.033,286.967),(6100.667,8583.536,309.54),(6100.667,8590.,348.333),(6100.667,8590.,390.),(6100.667,8590.,431.667),(6100.667,8583.536,470.46),(6100.667,8568.033,493.033),(6357.333,8568.033,286.967),(6357.333,8583.536,309.54),(6357.333,8590.,348.333),(6357.333,8590.,390.),(6357.333,8590.,431.667),(6357.333,8583.536,470.46),(6357.333,8568.033,493.033),(6614.,8568.033,286.967),(6614.,8583.536,309.54),(6614.,8590.,348.333),(6614.,8590.,390.),(6614.,8590.,431.667),(6614.,8583.536,470.46),(6614.,8568.033,493.033),(6870.667,8568.033,286.967),(6870.667,8583.536,309.54),(6870.667,8590.,348.333),(6870.667,8590.,390.),(6870.667,8590.,431.667),(6870.667,8583.536,470.46),(6870.667,8568.033,493.033),(7127.333,8568.033,286.967),(7127.333,8583.536,309.54),(7127.333,8590.,348.333),(7127.333,8590.,390.),(7127.333,8590.,431.667),(7127.333,8583.536,470.46),(7127.333,8568.033,493.033),(6100.667,6856.667,265.),(6100.667,7203.333,265.),(6100.667,7550.,265.),(6100.667,7896.667,265.),(6100.667,8243.333,265.),(6357.333,6856.667,265.),(6357.333,7203.333,265.),(6357.333,7550.,265.),(6357.333,7896.667,265.),(6357.333,8243.333,265.),(6614.,6856.667,265.),(6614.,7203.333,265.),(6614.,7550.,265.),(6614.,7896.667,265.),(6614.,8243.333,265.),(6870.667,6856.667,265.),(6870.667,7203.333,265.),(6870.667,7550.,265.),(6870.667,7896.667,265.),(6870.667,8243.333,265.),(7127.333,6856.667,265.),(7127.333,7203.333,265.),(7127.333,7550.,265.),(7127.333,7896.667,265.),(7127.333,8243.333,265.),(6100.667,6856.667,515.),(6100.667,7203.333,515.),(6100.667,7550.,515.),(6100.667,7896.667,515.),(6100.667,8243.333,515.),(6357.333,6856.667,515.),(6357.333,7203.333,515.),(6357.333,7550.,515.),(6357.333,7896.667,515.),(6357.333,8243.333,515.),(6614.,6856.667,515.),(6614.,7203.333,515.),(6614.,7550.,515.),(6614.,7896.667,515.),(6614.,8243.333,515.),(6870.667,6856.667,515.),(6870.667,7203.333,515.),(6870.667,7550.,515.),(6870.667,7896.667,515.),(6870.667,8243.333,515.),(7127.333,6856.667,515.),(7127.333,7203.333,515.),(7127.333,7550.,515.),(7127.333,7896.667,515.),(7127.333,8243.333,515.)));
#1000=IFCTRIANGULATEDFACESET(#999,$,.T.,((1,2,9),(1,9,8),(2,3,10),(2,10,9),(3,4,11),(3,11,10),(4,5,12),(4,12,11),(5,6,13),(5,13,12),(6,7,14),(6,14,13),(8,9,16),(8,16,15),(9,10,17),(9,17,16),(10,11,18),(10,18,17),(11,12,19),(11,19,18),(12,13,20),(12,20,19),(13,14,21),(13,21,20),(15,16,23),(15,23,22),(16,17,24),(16,24,23),(17,18,25),(17,25,24),(18,19,26),(18,26,25),(19,20,27),(19,27,26),(20,21,28),(20,28,27),(22,23,30),(22,30,29),(23,24,31),(23,31,30),(24,25,32),(24,32,31),(25,26,33),(25,33,32),(26,27,34),(26,34,33),(27,28,35),(27,35,34),(29,30,37),(29,37,36),(30,31,38),(30,38,37),(31,32,39),(31,39,38),(32,33,40),(32,40,39),(33,34,41),(33,41,40),(34,35,42),(34,42,41),(36,37,44),(36,44,43),(37,38,45),(37,45,44),(38,39,46),(38,46,45),(39,40,47),(39,47,46),(40,41,48),(40,48,47),(41,42,49),(41,49,48),(58,51,50),(57,58,50),(59,52,51),(58,59,51),(60,53,52),(59,60,52),(61,54,53),(60,61,53),(62,55,54),(61,62,54),(63,56,55),(62,63,55),(65,58,57),(64,65,57),(66,59,58),(65,66,58),(67,60,59),(66,67,59),(68,61,60),(67,68,60),(69,62,61),(68,69,61),(70,63,62),(69,70,62),(72,65,64),(71,72,64),(73,66,65),(72,73,65),(74,67,66),(73,74,66),(75,68,67),(74,75,67),(76,69,68),(75,76,68),(77,70,69),(76,77,69),(79,72,71),(78,79,71),(80,73,72),(79,80,72),(81,74,73),(80,81,73),(82,75,74),(81,82,74),(83,76,75),(82,83,75),(84,77,76),(83,84,76),(86,79,78),(85,86,78),(87,80,79),(86,87,79),(88,81,80),(87,88,80),(89,82,81),(88,89,81),(90,83,82),(89,90,82),(91,84,83),(90,91,83),(93,86,85),(92,93,85),(94,87,86),(93,94,86),(95,88,87),(94,95,87),(96,89,88),(95,96,88),(97,90,89),(96,97,89),(98,91,90),(97,98,90),(100,2,1),(99,100,1),(101,3,2),(100,101,2),(102,4,3),(101,102,3),(103,5,4),(102,103,4),(104,6,5),(103,104,5),(105,7,6),(104,105,6),(107,100,99),(106,107,99),(108,101,100),(107,108,100),(109,102,101),(108,109,101),(110,103,102),(109,110,102),(111,104,103),(110,111,103),(112,105,104),(111,112,104),(114,107,106),(113,114,106),(115,108,107),(114,115,107),(116,109,108),(115,116,108),(117,110,109),(116,117,109),(118,111,110),(117,118,110),(119,112,111),(118,119,111),(121,114,113),(120,121,113),(122,115,114),(121,122,114),(123,116,115),(122,123,115),(124,117,116),(123,124,116),(125,118,117),(124,125,117),(126,119,118),(125,126,118),(128,121,120),(127,128,120),(129,122,121),(128,129,121),(130,123,122),(129,130,122),(131,124,123),(130,131,123),(132,125,124),(131,132,124),(133,126,125),(132,133,125),(51,128,127),(50,51,127),(52,129,128),(51,52,128),(53,130,129),(52,53,129),(54,131,130),(53,54,130),(55,132,131),(54,55,131),(56,133,132),(55,56,132),(43,44,135),(43,135,134),(44,45,136),(44,136,135),(45,46,137),(45,137,136),(46,47,138),(46,138,137),(47,48,139),(47,139,138),(48,49,140),(48,140,139),(134,135,142),(134,142,141),(135,136,143),(135,143,142),(136,137,144),(136,144,143),(137,138,145),(137,145,144),(138,139,146),(138,146,145),(139,140,147),(139,147,146),(141,142,149),(141,149,148),(142,143,150),(142,150,149),(143,144,151),(143,151,150),(144,145,152),(144,152,151),(145,146,153),(145,153,152),(146,147,154),(146,154,153),(148,149,156),(148,156,155),(149,150,157),(149,157,156),(150,151,158),(150,158,157),(151,152,159),(151,159,158),(152,153,160),(152,160,159),(153,154,161),(153,161,160),(155,156,163),(155,163,162),(156,157,164),(156,164,163),(157,158,165),(157,165,164),(158,159,166),(158,166,165),(159,160,167),(159,167,166),(160,161,168),(160,168,167),(162,163,93),(162,93,92),(163,164,94),(163,94,93),(164,165,95),(164,95,94),(165,166,96),(165,96,95),(166,167,97),(166,97,96),(167,168,98),(167,98,97),(1,8,169),(1,169,99),(8,15,170),(8,170,169),(15,22,171),(15,171,170),(22,29,172),(22,172,171),(29,36,173),(29,173,172),(36,43,134),(36,134,173),(99,169,174),(99,174,106),(169,170,175),(169,175,174),(170,171,176),(170,176,175),(171,172,177),(171,177,176),(172,173,178),(172,178,177),(173,134,141),(173,141,178),(106,174,179),(106,179,113),(174,175,180),(174,180,179),(175,176,181),(175,181,180),(176,177,182),(176,182,181),(177,178,183),(177,183,182),(178,141,148),(178,148,183),(113,179,184),(113,184,120),(179,180,185),(179,185,184),(180,181,186),(180,186,185),(181,182,187),(181,187,186),(182,183,188),(182,188,187),(183,148,155),(183,155,188),(120,184,189),(120,189,127),(184,185,190),(184,190,189),(185,186,191),(185,191,190),(186,187,192),(186,192,191),(187,188,193),(187,193,192),(188,155,162),(188,162,193),(127,189,57),(127,57,50),(189,190,64),(189,64,57),(190,191,71),(190,71,64),(191,192,78),(191,78,71),(192,193,85),(192,85,78),(193,162,92),(193,92,85),(194,14,7),(105,194,7),(195,21,14),(194,195,14),(196,28,21),(195,196,21),(197,35,28),(196,197,28),(198,42,35),(197,198,35),(140,49,42),(198,140,42),(199,194,105),(112,199,105),(200,195,194),(199,200,194),(201,196,195),(200,201,195),(202,197,196),(201,202,196),(203,198,197),(202,203,197),(147,140,198),(203,147,198),(204,199,112),(119,204,112),(205,200,199),(204,205,199),(206,201,200),(205,206,200),(207,202,201),(206,207,201),(208,203,202),(207,208,202),(154,147,203),(208,154,203),(209,204,119),(126,209,119),(210,205,204),(209,210,204),(211,206,205),(210,211,205),(212,207,206),(211,212,206),(213,208,207),(212,213,207),(161,154,208),(213,161,208),(214,209,126),(133,214,126),(215,210,209),(214,215,209),(216,211,210),(215,216,210),(217,212,211),(216,217,211),(218,213,212),(217,218,212),(168,161,213),(218,168,213),(63,214,133),(56,63,133),(70,215,214),(63,70,214),(77,216,215),(70,77,215),(84,217,216),(77,84,216),(91,218,217),(84,91,217),(98,168,218),(91,98,218)),$);
#1001=IFCCARTESIANPOINTLIST3D(((5706.751,6452.751,92.751),(5701.302,6447.302,283.333),(5701.302,6447.302,491.667),(5701.302,6447.302,700.),(5701.302,6447.302,908.333),(5701.302,6447.302,1116.667),(5706.751,6452.751,1307.249),(5703.15,6462.412,89.15),(5693.795,6457.512,283.333),(5693.795,6457.512,491.667),(5693.795,6457.512,700.),(5693.795,6457.512,908.333),(5693.795,6457.512,1116.667),(5703.15,6462.412,1310.85),(5701.318,6475.587,87.318),(5689.048,6475.002,283.333),(5689.048,6475.002,491.667),(5689.048,6475.002,700.),(5689.048,6475.002,908.333),(5689.048,6475.002,1116.667),(5701.318,6475.587,1312.682),(5701.302,6495.,87.302),(5689.,6495.,283.333),(5689.,6495.,491.667),(5689.,6495.,700.),(5689.,6495.,908.333),(5689.,6495.,1116.667),(5701.302,6495.,1312.698),(5701.318,6514.413,87.318),(5689.048,6514.998,283.333),(5689.048,6514.998,491.667),(5689.048,6514.998,700.),(5689.048,6514.998,908.333),(5689.048,6514.998,1116.667),(5701.318,6514.413,1312.682),(5703.15,6527.588,89.15),(5693.795,6532.488,283.333),(5693.795,6532.488,491.667),(5693.795,6532.488,700.),(5693.795,6532.488,908.333),(5693.795,6532.488,1116.667),(5703.15,6527.588,1310.85),(5706.751,6537.249,92.751),(5701.302,6542.698,283.333),(5701.302,6542.698,491.667),(5701.302,6542.698,700.),(5701.302,6542.698,908.333),(5701.302,6542.698,1116.667),(5706.751,6537.249,1307.249),(7521.249,6452.751,92.751),(7526.698,6447.302,283.333),(7526.698,6447.302,491.667),(7526.698,6447.302,700.),(7526.698,6447.302,908.333),(7526.698,6447.302,1116.667),(7521.249,6452.751,1307.249),(7524.85,6462.412,89.15),(7534.205,6457.512,283.333),(7534.205,6457.512,491.667),(7534.205,6457.512,700.),(7534.205,6457.512,908.333),(7534.205,6457.512,1116.667),(7524.85,6462.412,1310.85),(7526.682,6475.587,87.318),(7538.952,6475.002,283.333),(7538.952,6475.002,491.667),(7538.952,6475.002,700.),(7538.952,6475.002,908.333),(7538.952,6475.002,1116.667),(7526.682,6475.587,1312.682),(7526.698,6495.,87.302),(7539.,6495.,283.333),(7539.,6495.,491.667),(7539.,6495.,700.),(7539.,6495.,908.333),(7539.,6495.,1116.667),(7526.698,6495.,1312.698),(7526.682,6514.413,87.318),(7538.952,6514.998,283.333),(7538.952,6514.998,491.667),(7538.952,6514.998,700.),(7538.952,6514.998,908.333),(7538.952,6514.998,1116.667),(7526.682,6514.413,1312.682),(7524.85,6527.588,89.15),(7534.205,6532.488,283.333),(7534.205,6532.488,491.667),(7534.205,6532.488,700.),(7534.205,6532.488,908.333),(7534.205,6532.488,1116.667),(7524.85,6527.588,1310.85),(7521.249,6537.249,92.751),(7526.698,6542.698,283.333),(7526.698,6542.698,491.667),(7526.698,6542.698,700.),(7526.698,6542.698,908.333),(7526.698,6542.698,1116.667),(7521.249,6537.249,1307.249),(5997.333,6447.302,87.302),(5997.333,6435.,283.333),(5997.333,6435.,491.667),(5997.333,6435.,700.),(5997.333,6435.,908.333),(5997.333,6435.,1116.667),(5997.333,6447.302,1312.698),(6305.667,6447.302,87.302),(6305.667,6435.,283.333),(6305.667,6435.,491.667),(6305.667,6435.,700.),(6305.667,6435.,908.333),(6305.667,6435.,1116.667),(6305.667,6447.302,1312.698),(6614.,6447.302,87.302),(6614.,6435.,283.333),(6614.,6435.,491.667),(6614.,6435.,700.),(6614.,6435.,908.333),(6614.,6435.,1116.667),(6614.,6447.302,1312.698),(6922.333,6447.302,87.302),(6922.333,6435.,283.333),(6922.333,6435.,491.667),(6922.333,6435.,700.),(6922.333,6435.,908.333),(6922.333,6435.,1116.667),(6922.333,6447.302,1312.698),(7230.667,6447.302,87.302),(7230.667,6435.,283.333),(7230.667,6435.,491.667),(7230.667,6435.,700.),(7230.667,6435.,908.333),(7230.667,6435.,1116.667),(7230.667,6447.302,1312.698),(5997.333,6542.698,87.302),(5997.333,6555.,283.333),(5997.333,6555.,491.667),(5997.333,6555.,700.),(5997.333,6555.,908.333),(5997.333,6555.,1116.667),(5997.333,6542.698,1312.698),(6305.667,6542.698,87.302),(6305.667,6555.,283.333),(6305.667,6555.,491.667),(6305.667,6555.,700.),(6305.667,6555.,908.333),(6305.667,6555.,1116.667),(6305.667,6542.698,1312.698),(6614.,6542.698,87.302),(6614.,6555.,283.333),(6614.,6555.,491.667),(6614.,6555.,700.),(6614.,6555.,908.333),(6614.,6555.,1116.667),(6614.,6542.698,1312.698),(6922.333,6542.698,87.302),(6922.333,6555.,283.333),(6922.333,6555.,491.667),(6922.333,6555.,700.),(6922.333,6555.,908.333),(6922.333,6555.,1116.667),(6922.333,6542.698,1312.698),(7230.667,6542.698,87.302),(7230.667,6555.,283.333),(7230.667,6555.,491.667),(7230.667,6555.,700.),(7230.667,6555.,908.333),(7230.667,6555.,1116.667),(7230.667,6542.698,1312.698),(5997.333,6457.512,79.795),(5997.333,6475.002,75.048),(5997.333,6495.,75.),(5997.333,6514.998,75.048),(5997.333,6532.488,79.795),(6305.667,6457.512,79.795),(6305.667,6475.002,75.048),(6305.667,6495.,75.),(6305.667,6514.998,75.048),(6305.667,6532.488,79.795),(6614.,6457.512,79.795),(6614.,6475.002,75.048),(6614.,6495.,75.),(6614.,6514.998,75.048),(6614.,6532.488,79.795),(6922.333,6457.512,79.795),(6922.333,6475.002,75.048),(6922.333,6495.,75.),(6922.333,6514.998,75.048),(6922.333,6532.488,79.795),(7230.667,6457.512,79.795),(7230.667,6475.002,75.048),(7230.667,6495.,75.),(7230.667,6514.998,75.048),(7230.667,6532.488,79.795),(5997.333,6457.512,1320.205),(5997.333,6475.002,1324.952),(5997.333,6495.,1325.),(5997.333,6514.998,1324.952),(5997.333,6532.488,1320.205),(6305.667,6457.512,1320.205),(6305.667,6475.002,1324.952),(6305.667,6495.,1325.),(6305.667,6514.998,1324.952),(6305.667,6532.488,1320.205),(6614.,6457.512,1320.205),(6614.,6475.002,1324.952),(6614.,6495.,1325.),(6614.,6514.998,1324.952),(6614.,6532.488,1320.205),(6922.333,6457.512,1320.205),(6922.333,6475.002,1324.952),(6922.333,6495.,1325.),(6922.333,6514.998,1324.952),(6922.333,6532.488,1320.205),(7230.667,6457.512,1320.205),(7230.667,6475.002,1324.952),(7230.667,6495.,1325.),(7230.667,6514.998,1324.952),(7230.667,6532.488,1320.205)));
#1002=IFCTRIANGULATEDFACESET(#1001,$,.T.,((1,2,9),(1,9,8),(2,3,10),(2,10,9),(3,4,11),(3,11,10),(4,5,12),(4,12,11),(5,6,13),(5,13,12),(6,7,14),(6,14,13),(8,9,16),(8,16,15),(9,10,17),(9,17,16),(10,11,18),(10,18,17),(11,12,19),(11,19,18),(12,13,20),(12,20,19),(13,14,21),(13,21,20),(15,16,23),(15,23,22),(16,17,24),(16,24,23),(17,18,25),(17,25,24),(18,19,26),(18,26,25),(19,20,27),(19,27,26),(20,21,28),(20,28,27),(22,23,30),(22,30,29),(23,24,31),(23,31,30),(24,25,32),(24,32,31),(25,26,33),(25,33,32),(26,27,34),(26,34,33),(27,28,35),(27,35,34),(29,30,37),(29,37,36),(30,31,38),(30,38,37),(31,32,39),(31,39,38),(32,33,40),(32,40,39),(33,34,41),(33,41,40),(34,35,42),(34,42,41),(36,37,44),(36,44,43),(37,38,45),(37,45,44),(38,39,46),(38,46,45),(39,40,47),(39,47,46),(40,41,48),(40,48,47),(41,42,49),(41,49,48),(58,51,50),(57,58,50),(59,52,51),(58,59,51),(60,53,52),(59,60,52),(61,54,53),(60,61,53),(62,55,54),(61,62,54),(63,56,55),(62,63,55),(65,58,57),(64,65,57),(66,59,58),(65,66,58),(67,60,59),(66,67,59),(68,61,60),(67,68,60),(69,62,61),(68,69,61),(70,63,62),(69,70,62),(72,65,64),(71,72,64),(73,66,65),(72,73,65),(74,67,66),(73,74,66),(75,68,67),(74,75,67),(76,69,68),(75,76,68),(77,70,69),(76,77,69),(79,72,71),(78,79,71),(80,73,72),(79,80,72),(81,74,73),(80,81,73),(82,75,74),(81,82,74),(83,76,75),(82,83,75),(84,77,76),(83,84,76),(86,79,78),(85,86,78),(87,80,79),(86,87,79),(88,81,80),(87,88,80),(89,82,81),(88,89,81),(90,83,82),(89,90,82),(91,84,83),(90,91,83),(93,86,85),(92,93,85),(94,87,86),(93,94,86),(95,88,87),(94,95,87),(96,89,88),(95,96,88),(97,90,89),(96,97,89),(98,91,90),(97,98,90),(100,2,1),(99,100,1),(101,3,2),(100,101,2),(102,4,3),(101,102,3),(103,5,4),(102,103,4),(104,6,5),(103,104,5),(105,7,6),(104,105,6),(107,100,99),(106,107,99),(108,101,100),(107,108,100),(109,102,101),(108,109,101),(110,103,102),(109,110,102),(111,104,103),(110,111,103),(112,105,104),(111,112,104),(114,107,106),(113,114,106),(115,108,107),(114,115,107),(116,109,108),(115,116,108),(117,110,109),(116,117,109),(118,111,110),(117,118,110),(119,112,111),(118,119,111),(121,114,113),(120,121,113),(122,115,114),(121,122,114),(123,116,115),(122,123,115),(124,117,116),(123,124,116),(125,118,117),(124,125,117),(126,119,118),(125,126,118),(128,121,120),(127,128,120),(129,122,121),(128,129,121),(130,123,122),(129,130,122),(131,124,123),(130,131,123),(132,125,124),(131,132,124),(133,126,125),(132,133,125),(51,128,127),(50,51,127),(52,129,128),(51,52,128),(53,130,129),(52,53,129),(54,131,130),(53,54,130),(55,132,131),(54,55,131),(56,133,132),(55,56,132),(43,44,135),(43,135,134),(44,45,136),(44,136,135),(45,46,137),(45,137,136),(46,47,138),(46,138,137),(47,48,139),(47,139,138),(48,49,140),(48,140,139),(134,135,142),(134,142,141),(135,136,143),(135,143,142),(136,137,144),(136,144,143),(137,138,145),(137,145,144),(138,139,146),(138,146,145),(139,140,147),(139,147,146),(141,142,149),(141,149,148),(142,143,150),(142,150,149),(143,144,151),(143,151,150),(144,145,152),(144,152,151),(145,146,153),(145,153,152),(146,147,154),(146,154,153),(148,149,156),(148,156,155),(149,150,157),(149,157,156),(150,151,158),(150,158,157),(151,152,159),(151,159,158),(152,153,160),(152,160,159),(153,154,161),(153,161,160),(155,156,163),(155,163,162),(156,157,164),(156,164,163),(157,158,165),(157,165,164),(158,159,166),(158,166,165),(159,160,167),(159,167,166),(160,161,168),(160,168,167),(162,163,93),(162,93,92),(163,164,94),(163,94,93),(164,165,95),(164,95,94),(165,166,96),(165,96,95),(166,167,97),(166,97,96),(167,168,98),(167,98,97),(1,8,169),(1,169,99),(8,15,170),(8,170,169),(15,22,171),(15,171,170),(22,29,172),(22,172,171),(29,36,173),(29,173,172),(36,43,134),(36,134,173),(99,169,174),(99,174,106),(169,170,175),(169,175,174),(170,171,176),(170,176,175),(171,172,177),(171,177,176),(172,173,178),(172,178,177),(173,134,141),(173,141,178),(106,174,179),(106,179,113),(174,175,180),(174,180,179),(175,176,181),(175,181,180),(176,177,182),(176,182,181),(177,178,183),(177,183,182),(178,141,148),(178,148,183),(113,179,184),(113,184,120),(179,180,185),(179,185,184),(180,181,186),(180,186,185),(181,182,187),(181,187,186),(182,183,188),(182,188,187),(183,148,155),(183,155,188),(120,184,189),(120,189,127),(184,185,190),(184,190,189),(185,186,191),(185,191,190),(186,187,192),(186,192,191),(187,188,193),(187,193,192),(188,155,162),(188,162,193),(127,189,57),(127,57,50),(189,190,64),(189,64,57),(190,191,71),(190,71,64),(191,192,78),(191,78,71),(192,193,85),(192,85,78),(193,162,92),(193,92,85),(194,14,7),(105,194,7),(195,21,14),(194,195,14),(196,28,21),(195,196,21),(197,35,28),(196,197,28),(198,42,35),(197,198,35),(140,49,42),(198,140,42),(199,194,105),(112,199,105),(200,195,194),(199,200,194),(201,196,195),(200,201,195),(202,197,196),(201,202,196),(203,198,197),(202,203,197),(147,140,198),(203,147,198),(204,199,112),(119,204,112),(205,200,199),(204,205,199),(206,201,200),(205,206,200),(207,202,201),(206,207,201),(208,203,202),(207,208,202),(154,147,203),(208,154,203),(209,204,119),(126,209,119),(210,205,204),(209,210,204),(211,206,205),(210,211,205),(212,207,206),(211,212,206),(213,208,207),(212,213,207),(161,154,208),(213,161,208),(214,209,126),(133,214,126),(215,210,209),(214,215,209),(216,211,210),(215,216,210),(217,212,211),(216,217,211),(218,213,212),(217,218,212),(168,161,213),(218,168,213),(63,214,133),(56,63,133),(70,215,214),(63,70,214),(77,216,215),(70,77,215),(84,217,216),(77,84,216),(91,218,217),(84,91,217),(98,168,218),(91,98,218)),$);
#1003=IFCCARTESIANPOINTLIST3D(((5955.794015,6710.118461,520.148),(5950.873674,6704.841053,533.834),(5948.371069,6702.156835,552.498),(5948.347924,6702.13201,580.),(5948.371069,6702.156835,607.502),(5950.873674,6704.841053,626.166),(5955.794015,6710.118461,639.852),(5946.508245,6754.672813,512.427),(5935.880757,6754.300699,526.892),(5929.158876,6754.065337,551.67),(5929.091917,6754.062992,580.),(5929.158876,6754.065337,608.33),(5935.880757,6754.300699,633.108),(5946.508245,6754.672813,647.573),(5944.058745,6824.629942,512.427),(5933.431257,6824.257828,526.892),(5926.709377,6824.022466,551.67),(5926.642418,6824.020121,580.),(5926.709377,6824.022466,608.33),(5933.431257,6824.257828,633.108),(5944.058745,6824.629942,647.573),(5941.609245,6894.587071,512.427),(5930.981758,6894.214957,526.892),(5924.259877,6893.979595,551.67),(5924.192918,6893.977251,580.),(5924.259877,6893.979595,608.33),(5930.981758,6894.214957,633.108),(5941.609245,6894.587071,647.573),(5939.159745,6964.544201,512.427),(5928.532258,6964.172087,526.892),(5921.810377,6963.936725,551.67),(5921.743418,6963.93438,580.),(5921.810377,6963.936725,608.33),(5928.532258,6964.172087,633.108),(5939.159745,6964.544201,647.573),(5936.710245,7034.50133,512.427),(5926.082758,7034.129216,526.892),(5919.360877,7033.893854,551.67),(5919.293918,7033.89151,580.),(5919.360877,7033.893854,608.33),(5926.082758,7034.129216,633.108),(5936.710245,7034.50133,647.573),(5942.857017,7079.596041,520.148),(5937.579608,7084.516383,533.834),(5934.895391,7087.018987,552.498),(5934.870566,7087.042132,580.),(5934.895391,7087.018987,607.502),(5937.579608,7084.516383,626.166),(5942.857017,7079.596041,639.852),(6535.142983,6730.403959,520.148),(6540.420392,6725.483617,533.834),(6543.104609,6722.981013,552.498),(6543.129434,6722.957868,580.),(6543.104609,6722.981013,607.502),(6540.420392,6725.483617,626.166),(6535.142983,6730.403959,639.852),(6541.289755,6775.49867,512.427),(6551.917242,6775.870784,526.892),(6558.639123,6776.106146,551.67),(6558.706082,6776.10849,580.),(6558.639123,6776.106146,608.33),(6551.917242,6775.870784,633.108),(6541.289755,6775.49867,647.573),(6538.840255,6845.455799,512.427),(6549.467742,6845.827913,526.892),(6556.189623,6846.063275,551.67),(6556.256582,6846.06562,580.),(6556.189623,6846.063275,608.33),(6549.467742,6845.827913,633.108),(6538.840255,6845.455799,647.573),(6536.390755,6915.412929,512.427),(6547.018242,6915.785043,526.892),(6553.740123,6916.020405,551.67),(6553.807082,6916.022749,580.),(6553.740123,6916.020405,608.33),(6547.018242,6915.785043,633.108),(6536.390755,6915.412929,647.573),(6533.941255,6985.370058,512.427),(6544.568743,6985.742172,526.892),(6551.290623,6985.977534,551.67),(6551.357582,6985.979879,580.),(6551.290623,6985.977534,608.33),(6544.568743,6985.742172,633.108),(6533.941255,6985.370058,647.573),(6531.491755,7055.327187,512.427),(6542.119243,7055.699301,526.892),(6548.841124,7055.934663,551.67),(6548.908083,7055.937008,580.),(6548.841124,7055.934663,608.33),(6542.119243,7055.699301,633.108),(6531.491755,7055.327187,647.573),(6522.205985,7099.881539,520.148),(6527.126326,7105.158947,533.834),(6529.628931,7107.843165,552.498),(6529.652076,7107.86799,580.),(6529.628931,7107.843165,607.502),(6527.126326,7105.158947,626.166),(6522.205985,7099.881539,639.852),(6035.867291,6705.196439,512.427),(6036.239405,6694.568952,526.892),(6036.474767,6687.847071,551.67),(6036.477111,6687.780112,580.),(6036.474767,6687.847071,608.33),(6036.239405,6694.568952,633.108),(6035.867291,6705.196439,647.573),(6140.802985,6708.870689,512.427),(6141.175099,6698.243202,526.892),(6141.410461,6691.521321,551.67),(6141.412805,6691.454362,580.),(6141.410461,6691.521321,608.33),(6141.175099,6698.243202,633.108),(6140.802985,6708.870689,647.573),(6245.738679,6712.544939,512.427),(6246.110793,6701.917452,526.892),(6246.346155,6695.195571,551.67),(6246.348499,6695.128612,580.),(6246.346155,6695.195571,608.33),(6246.110793,6701.917452,633.108),(6245.738679,6712.544939,647.573),(6350.674373,6716.219189,512.427),(6351.046487,6705.591701,526.892),(6351.281849,6698.869821,551.67),(6351.284194,6698.802862,580.),(6351.281849,6698.869821,608.33),(6351.046487,6705.591701,633.108),(6350.674373,6716.219189,647.573),(6455.610067,6719.893438,512.427),(6455.982181,6709.265951,526.892),(6456.217543,6702.54407,551.67),(6456.219888,6702.477111,580.),(6456.217543,6702.54407,608.33),(6455.982181,6709.265951,633.108),(6455.610067,6719.893438,647.573),(6022.389933,7090.106562,512.427),(6022.017819,7100.734049,526.892),(6021.782457,7107.45593,551.67),(6021.780112,7107.522889,580.),(6021.782457,7107.45593,608.33),(6022.017819,7100.734049,633.108),(6022.389933,7090.106562,647.573),(6127.325627,7093.780811,512.427),(6126.953513,7104.408299,526.892),(6126.718151,7111.130179,551.67),(6126.715806,7111.197138,580.),(6126.718151,7111.130179,608.33),(6126.953513,7104.408299,633.108),(6127.325627,7093.780811,647.573),(6232.261321,7097.455061,512.427),(6231.889207,7108.082548,526.892),(6231.653845,7114.804429,551.67),(6231.651501,7114.871388,580.),(6231.653845,7114.804429,608.33),(6231.889207,7108.082548,633.108),(6232.261321,7097.455061,647.573),(6337.197015,7101.129311,512.427),(6336.824901,7111.756798,526.892),(6336.589539,7118.478679,551.67),(6336.587195,7118.545638,580.),(6336.589539,7118.478679,608.33),(6336.824901,7111.756798,633.108),(6337.197015,7101.129311,647.573),(6442.132709,7104.803561,512.427),(6441.760595,7115.431048,526.892),(6441.525233,7122.152929,551.67),(6441.522889,7122.219888,580.),(6441.525233,7122.152929,608.33),(6441.760595,7115.431048,633.108),(6442.132709,7104.803561,647.573),(6034.027612,6757.737242,495.),(6031.578112,6827.694371,495.),(6029.128612,6897.651501,495.),(6026.679112,6967.60863,495.),(6024.229612,7037.565759,495.),(6138.963306,6761.411492,495.),(6136.513806,6831.368621,495.),(6134.064306,6901.32575,495.),(6131.614806,6971.28288,495.),(6129.165306,7041.240009,495.),(6243.899,6765.085741,495.),(6241.4495,6835.042871,495.),(6239.,6905.,495.),(6236.5505,6974.957129,495.),(6234.101,7044.914259,495.),(6348.834694,6768.759991,495.),(6346.385194,6838.71712,495.),(6343.935694,6908.67425,495.),(6341.486194,6978.631379,495.),(6339.036694,7048.588508,495.),(6453.770388,6772.434241,495.),(6451.320888,6842.39137,495.),(6448.871388,6912.348499,495.),(6446.421888,6982.305629,495.),(6443.972388,7052.262758,495.),(6034.027612,6757.737242,665.),(6031.578112,6827.694371,665.),(6029.128612,6897.651501,665.),(6026.679112,6967.60863,665.),(6024.229612,7037.565759,665.),(6138.963306,6761.411492,665.),(6136.513806,6831.368621,665.),(6134.064306,6901.32575,665.),(6131.614806,6971.28288,665.),(6129.165306,7041.240009,665.),(6243.899,6765.085741,665.),(6241.4495,6835.042871,665.),(6239.,6905.,665.),(6236.5505,6974.957129,665.),(6234.101,7044.914259,665.),(6348.834694,6768.759991,665.),(6346.385194,6838.71712,665.),(6343.935694,6908.67425,665.),(6341.486194,6978.631379,665.),(6339.036694,7048.588508,665.),(6453.770388,6772.434241,665.),(6451.320888,6842.39137,665.),(6448.871388,6912.348499,665.),(6446.421888,6982.305629,665.),(6443.972388,7052.262758,665.)));
#1004=IFCTRIANGULATEDFACESET(#1003,$,.T.,((1,2,9),(1,9,8),(2,3,10),(2,10,9),(3,4,11),(3,11,10),(4,5,12),(4,12,11),(5,6,13),(5,13,12),(6,7,14),(6,14,13),(8,9,16),(8,16,15),(9,10,17),(9,17,16),(10,11,18),(10,18,17),(11,12,19),(11,19,18),(12,13,20),(12,20,19),(13,14,21),(13,21,20),(15,16,23),(15,23,22),(16,17,24),(16,24,23),(17,18,25),(17,25,24),(18,19,26),(18,26,25),(19,20,27),(19,27,26),(20,21,28),(20,28,27),(22,23,30),(22,30,29),(23,24,31),(23,31,30),(24,25,32),(24,32,31),(25,26,33),(25,33,32),(26,27,34),(26,34,33),(27,28,35),(27,35,34),(29,30,37),(29,37,36),(30,31,38),(30,38,37),(31,32,39),(31,39,38),(32,33,40),(32,40,39),(33,34,41),(33,41,40),(34,35,42),(34,42,41),(36,37,44),(36,44,43),(37,38,45),(37,45,44),(38,39,46),(38,46,45),(39,40,47),(39,47,46),(40,41,48),(40,48,47),(41,42,49),(41,49,48),(58,51,50),(57,58,50),(59,52,51),(58,59,51),(60,53,52),(59,60,52),(61,54,53),(60,61,53),(62,55,54),(61,62,54),(63,56,55),(62,63,55),(65,58,57),(64,65,57),(66,59,58),(65,66,58),(67,60,59),(66,67,59),(68,61,60),(67,68,60),(69,62,61),(68,69,61),(70,63,62),(69,70,62),(72,65,64),(71,72,64),(73,66,65),(72,73,65),(74,67,66),(73,74,66),(75,68,67),(74,75,67),(76,69,68),(75,76,68),(77,70,69),(76,77,69),(79,72,71),(78,79,71),(80,73,72),(79,80,72),(81,74,73),(80,81,73),(82,75,74),(81,82,74),(83,76,75),(82,83,75),(84,77,76),(83,84,76),(86,79,78),(85,86,78),(87,80,79),(86,87,79),(88,81,80),(87,88,80),(89,82,81),(88,89,81),(90,83,82),(89,90,82),(91,84,83),(90,91,83),(93,86,85),(92,93,85),(94,87,86),(93,94,86),(95,88,87),(94,95,87),(96,89,88),(95,96,88),(97,90,89),(96,97,89),(98,91,90),(97,98,90),(100,2,1),(99,100,1),(101,3,2),(100,101,2),(102,4,3),(101,102,3),(103,5,4),(102,103,4),(104,6,5),(103,104,5),(105,7,6),(104,105,6),(107,100,99),(106,107,99),(108,101,100),(107,108,100),(109,102,101),(108,109,101),(110,103,102),(109,110,102),(111,104,103),(110,111,103),(112,105,104),(111,112,104),(114,107,106),(113,114,106),(115,108,107),(114,115,107),(116,109,108),(115,116,108),(117,110,109),(116,117,109),(118,111,110),(117,118,110),(119,112,111),(118,119,111),(121,114,113),(120,121,113),(122,115,114),(121,122,114),(123,116,115),(122,123,115),(124,117,116),(123,124,116),(125,118,117),(124,125,117),(126,119,118),(125,126,118),(128,121,120),(127,128,120),(129,122,121),(128,129,121),(130,123,122),(129,130,122),(131,124,123),(130,131,123),(132,125,124),(131,132,124),(133,126,125),(132,133,125),(51,128,127),(50,51,127),(52,129,128),(51,52,128),(53,130,129),(52,53,129),(54,131,130),(53,54,130),(55,132,131),(54,55,131),(56,133,132),(55,56,132),(43,44,135),(43,135,134),(44,45,136),(44,136,135),(45,46,137),(45,137,136),(46,47,138),(46,138,137),(47,48,139),(47,139,138),(48,49,140),(48,140,139),(134,135,142),(134,142,141),(135,136,143),(135,143,142),(136,137,144),(136,144,143),(137,138,145),(137,145,144),(138,139,146),(138,146,145),(139,140,147),(139,147,146),(141,142,149),(141,149,148),(142,143,150),(142,150,149),(143,144,151),(143,151,150),(144,145,152),(144,152,151),(145,146,153),(145,153,152),(146,147,154),(146,154,153),(148,149,156),(148,156,155),(149,150,157),(149,157,156),(150,151,158),(150,158,157),(151,152,159),(151,159,158),(152,153,160),(152,160,159),(153,154,161),(153,161,160),(155,156,163),(155,163,162),(156,157,164),(156,164,163),(157,158,165),(157,165,164),(158,159,166),(158,166,165),(159,160,167),(159,167,166),(160,161,168),(160,168,167),(162,163,93),(162,93,92),(163,164,94),(163,94,93),(164,165,95),(164,95,94),(165,166,96),(165,96,95),(166,167,97),(166,97,96),(167,168,98),(167,98,97),(1,8,169),(1,169,99),(8,15,170),(8,170,169),(15,22,171),(15,171,170),(22,29,172),(22,172,171),(29,36,173),(29,173,172),(36,43,134),(36,134,173),(99,169,174),(99,174,106),(169,170,175),(169,175,174),(170,171,176),(170,176,175),(171,172,177),(171,177,176),(172,173,178),(172,178,177),(173,134,141),(173,141,178),(106,174,179),(106,179,113),(174,175,180),(174,180,179),(175,176,181),(175,181,180),(176,177,182),(176,182,181),(177,178,183),(177,183,182),(178,141,148),(178,148,183),(113,179,184),(113,184,120),(179,180,185),(179,185,184),(180,181,186),(180,186,185),(181,182,187),(181,187,186),(182,183,188),(182,188,187),(183,148,155),(183,155,188),(120,184,189),(120,189,127),(184,185,190),(184,190,189),(185,186,191),(185,191,190),(186,187,192),(186,192,191),(187,188,193),(187,193,192),(188,155,162),(188,162,193),(127,189,57),(127,57,50),(189,190,64),(189,64,57),(190,191,71),(190,71,64),(191,192,78),(191,78,71),(192,193,85),(192,85,78),(193,162,92),(193,92,85),(194,14,7),(105,194,7),(195,21,14),(194,195,14),(196,28,21),(195,196,21),(197,35,28),(196,197,28),(198,42,35),(197,198,35),(140,49,42),(198,140,42),(199,194,105),(112,199,105),(200,195,194),(199,200,194),(201,196,195),(200,201,195),(202,197,196),(201,202,196),(203,198,197),(202,203,197),(147,140,198),(203,147,198),(204,199,112),(119,204,112),(205,200,199),(204,205,199),(206,201,200),(205,206,200),(207,202,201),(206,207,201),(208,203,202),(207,208,202),(154,147,203),(208,154,203),(209,204,119),(126,209,119),(210,205,204),(209,210,204),(211,206,205),(210,211,205),(212,207,206),(211,212,206),(213,208,207),(212,213,207),(161,154,208),(213,161,208),(214,209,126),(133,214,126),(215,210,209),(214,215,209),(216,211,210),(215,216,210),(217,212,211),(216,217,211),(218,213,212),(217,218,212),(168,161,213),(218,168,213),(63,214,133),(56,63,133),(70,215,214),(63,70,214),(77,216,215),(70,77,215),(84,217,216),(77,84,216),(91,218,217),(84,91,217),(98,168,218),(91,98,218)),$);
#1005=IFCCARTESIANPOINTLIST3D(((6705.794015,6710.118461,520.148),(6700.873674,6704.841053,533.834),(6698.371069,6702.156835,552.498),(6698.347924,6702.13201,580.),(6698.371069,6702.156835,607.502),(6700.873674,6704.841053,626.166),(6705.794015,6710.118461,639.852),(6696.508245,6754.672813,512.427),(6685.880757,6754.300699,526.892),(6679.158876,6754.065337,551.67),(6679.091917,6754.062992,580.),(6679.158876,6754.065337,608.33),(6685.880757,6754.300699,633.108),(6696.508245,6754.672813,647.573),(6694.058745,6824.629942,512.427),(6683.431257,6824.257828,526.892),(6676.709377,6824.022466,551.67),(6676.642418,6824.020121,580.),(6676.709377,6824.022466,608.33),(6683.431257,6824.257828,633.108),(6694.058745,6824.629942,647.573),(6691.609245,6894.587071,512.427),(6680.981758,6894.214957,526.892),(6674.259877,6893.979595,551.67),(6674.192918,6893.977251,580.),(6674.259877,6893.979595,608.33),(6680.981758,6894.214957,633.108),(6691.609245,6894.587071,647.573),(6689.159745,6964.544201,512.427),(6678.532258,6964.172087,526.892),(6671.810377,6963.936725,551.67),(6671.743418,6963.93438,580.),(6671.810377,6963.936725,608.33),(6678.532258,6964.172087,633.108),(6689.159745,6964.544201,647.573),(6686.710245,7034.50133,512.427),(6676.082758,7034.129216,526.892),(6669.360877,7033.893854,551.67),(6669.293918,7033.89151,580.),(6669.360877,7033.893854,608.33),(6676.082758,7034.129216,633.108),(6686.710245,7034.50133,647.573),(6692.857017,7079.596041,520.148),(6687.579608,7084.516383,533.834),(6684.895391,7087.018987,552.498),(6684.870566,7087.042132,580.),(6684.895391,7087.018987,607.502),(6687.579608,7084.516383,626.166),(6692.857017,7079.596041,639.852),(7285.142983,6730.403959,520.148),(7290.420392,6725.483617,533.834),(7293.104609,6722.981013,552.498),(7293.129434,6722.957868,580.),(7293.104609,6722.981013,607.502),(7290.420392,6725.483617,626.166),(7285.142983,6730.403959,639.852),(7291.289755,6775.49867,512.427),(7301.917242,6775.870784,526.892),(7308.639123,6776.106146,551.67),(7308.706082,6776.10849,580.),(7308.639123,6776.106146,608.33),(7301.917242,6775.870784,633.108),(7291.289755,6775.49867,647.573),(7288.840255,6845.455799,512.427),(7299.467742,6845.827913,526.892),(7306.189623,6846.063275,551.67),(7306.256582,6846.06562,580.),(7306.189623,6846.063275,608.33),(7299.467742,6845.827913,633.108),(7288.840255,6845.455799,647.573),(7286.390755,6915.412929,512.427),(7297.018242,6915.785043,526.892),(7303.740123,6916.020405,551.67),(7303.807082,6916.022749,580.),(7303.740123,6916.020405,608.33),(7297.018242,6915.785043,633.108),(7286.390755,6915.412929,647.573),(7283.941255,6985.370058,512.427),(7294.568743,6985.742172,526.892),(7301.290623,6985.977534,551.67),(7301.357582,6985.979879,580.),(7301.290623,6985.977534,608.33),(7294.568743,6985.742172,633.108),(7283.941255,6985.370058,647.573),(7281.491755,7055.327187,512.427),(7292.119243,7055.699301,526.892),(7298.841124,7055.934663,551.67),(7298.908083,7055.937008,580.),(7298.841124,7055.934663,608.33),(7292.119243,7055.699301,633.108),(7281.491755,7055.327187,647.573),(7272.205985,7099.881539,520.148),(7277.126326,7105.158947,533.834),(7279.628931,7107.843165,552.498),(7279.652076,7107.86799,580.),(7279.628931,7107.843165,607.502),(7277.126326,7105.158947,626.166),(7272.205985,7099.881539,639.852),(6785.867291,6705.196439,512.427),(6786.239405,6694.568952,526.892),(6786.474767,6687.847071,551.67),(6786.477111,6687.780112,580.),(6786.474767,6687.847071,608.33),(6786.239405,6694.568952,633.108),(6785.867291,6705.196439,647.573),(6890.802985,6708.870689,512.427),(6891.175099,6698.243202,526.892),(6891.410461,6691.521321,551.67),(6891.412805,6691.454362,580.),(6891.410461,6691.521321,608.33),(6891.175099,6698.243202,633.108),(6890.802985,6708.870689,647.573),(6995.738679,6712.544939,512.427),(6996.110793,6701.917452,526.892),(6996.346155,6695.195571,551.67),(6996.348499,6695.128612,580.),(6996.346155,6695.195571,608.33),(6996.110793,6701.917452,633.108),(6995.738679,6712.544939,647.573),(7100.674373,6716.219189,512.427),(7101.046487,6705.591701,526.892),(7101.281849,6698.869821,551.67),(7101.284194,6698.802862,580.),(7101.281849,6698.869821,608.33),(7101.046487,6705.591701,633.108),(7100.674373,6716.219189,647.573),(7205.610067,6719.893438,512.427),(7205.982181,6709.265951,526.892),(7206.217543,6702.54407,551.67),(7206.219888,6702.477111,580.),(7206.217543,6702.54407,608.33),(7205.982181,6709.265951,633.108),(7205.610067,6719.893438,647.573),(6772.389933,7090.106562,512.427),(6772.017819,7100.734049,526.892),(6771.782457,7107.45593,551.67),(6771.780112,7107.522889,580.),(6771.782457,7107.45593,608.33),(6772.017819,7100.734049,633.108),(6772.389933,7090.106562,647.573),(6877.325627,7093.780811,512.427),(6876.953513,7104.408299,526.892),(6876.718151,7111.130179,551.67),(6876.715806,7111.197138,580.),(6876.718151,7111.130179,608.33),(6876.953513,7104.408299,633.108),(6877.325627,7093.780811,647.573),(6982.261321,7097.455061,512.427),(6981.889207,7108.082548,526.892),(6981.653845,7114.804429,551.67),(6981.651501,7114.871388,580.),(6981.653845,7114.804429,608.33),(6981.889207,7108.082548,633.108),(6982.261321,7097.455061,647.573),(7087.197015,7101.129311,512.427),(7086.824901,7111.756798,526.892),(7086.589539,7118.478679,551.67),(7086.587195,7118.545638,580.),(7086.589539,7118.478679,608.33),(7086.824901,7111.756798,633.108),(7087.197015,7101.129311,647.573),(7192.132709,7104.803561,512.427),(7191.760595,7115.431048,526.892),(7191.525233,7122.152929,551.67),(7191.522889,7122.219888,580.),(7191.525233,7122.152929,608.33),(7191.760595,7115.431048,633.108),(7192.132709,7104.803561,647.573),(6784.027612,6757.737242,495.),(6781.578112,6827.694371,495.),(6779.128612,6897.651501,495.),(6776.679112,6967.60863,495.),(6774.229612,7037.565759,495.),(6888.963306,6761.411492,495.),(6886.513806,6831.368621,495.),(6884.064306,6901.32575,495.),(6881.614806,6971.28288,495.),(6879.165306,7041.240009,495.),(6993.899,6765.085741,495.),(6991.4495,6835.042871,495.),(6989.,6905.,495.),(6986.5505,6974.957129,495.),(6984.101,7044.914259,495.),(7098.834694,6768.759991,495.),(7096.385194,6838.71712,495.),(7093.935694,6908.67425,495.),(7091.486194,6978.631379,495.),(7089.036694,7048.588508,495.),(7203.770388,6772.434241,495.),(7201.320888,6842.39137,495.),(7198.871388,6912.348499,495.),(7196.421888,6982.305629,495.),(7193.972388,7052.262758,495.),(6784.027612,6757.737242,665.),(6781.578112,6827.694371,665.),(6779.128612,6897.651501,665.),(6776.679112,6967.60863,665.),(6774.229612,7037.565759,665.),(6888.963306,6761.411492,665.),(6886.513806,6831.368621,665.),(6884.064306,6901.32575,665.),(6881.614806,6971.28288,665.),(6879.165306,7041.240009,665.),(6993.899,6765.085741,665.),(6991.4495,6835.042871,665.),(6989.,6905.,665.),(6986.5505,6974.957129,665.),(6984.101,7044.914259,665.),(7098.834694,6768.759991,665.),(7096.385194,6838.71712,665.),(7093.935694,6908.67425,665.),(7091.486194,6978.631379,665.),(7089.036694,7048.588508,665.),(7203.770388,6772.434241,665.),(7201.320888,6842.39137,665.),(7198.871388,6912.348499,665.),(7196.421888,6982.305629,665.),(7193.972388,7052.262758,665.)));
#1006=IFCTRIANGULATEDFACESET(#1005,$,.T.,((1,2,9),(1,9,8),(2,3,10),(2,10,9),(3,4,11),(3,11,10),(4,5,12),(4,12,11),(5,6,13),(5,13,12),(6,7,14),(6,14,13),(8,9,16),(8,16,15),(9,10,17),(9,17,16),(10,11,18),(10,18,17),(11,12,19),(11,19,18),(12,13,20),(12,20,19),(13,14,21),(13,21,20),(15,16,23),(15,23,22),(16,17,24),(16,24,23),(17,18,25),(17,25,24),(18,19,26),(18,26,25),(19,20,27),(19,27,26),(20,21,28),(20,28,27),(22,23,30),(22,30,29),(23,24,31),(23,31,30),(24,25,32),(24,32,31),(25,26,33),(25,33,32),(26,27,34),(26,34,33),(27,28,35),(27,35,34),(29,30,37),(29,37,36),(30,31,38),(30,38,37),(31,32,39),(31,39,38),(32,33,40),(32,40,39),(33,34,41),(33,41,40),(34,35,42),(34,42,41),(36,37,44),(36,44,43),(37,38,45),(37,45,44),(38,39,46),(38,46,45),(39,40,47),(39,47,46),(40,41,48),(40,48,47),(41,42,49),(41,49,48),(58,51,50),(57,58,50),(59,52,51),(58,59,51),(60,53,52),(59,60,52),(61,54,53),(60,61,53),(62,55,54),(61,62,54),(63,56,55),(62,63,55),(65,58,57),(64,65,57),(66,59,58),(65,66,58),(67,60,59),(66,67,59),(68,61,60),(67,68,60),(69,62,61),(68,69,61),(70,63,62),(69,70,62),(72,65,64),(71,72,64),(73,66,65),(72,73,65),(74,67,66),(73,74,66),(75,68,67),(74,75,67),(76,69,68),(75,76,68),(77,70,69),(76,77,69),(79,72,71),(78,79,71),(80,73,72),(79,80,72),(81,74,73),(80,81,73),(82,75,74),(81,82,74),(83,76,75),(82,83,75),(84,77,76),(83,84,76),(86,79,78),(85,86,78),(87,80,79),(86,87,79),(88,81,80),(87,88,80),(89,82,81),(88,89,81),(90,83,82),(89,90,82),(91,84,83),(90,91,83),(93,86,85),(92,93,85),(94,87,86),(93,94,86),(95,88,87),(94,95,87),(96,89,88),(95,96,88),(97,90,89),(96,97,89),(98,91,90),(97,98,90),(100,2,1),(99,100,1),(101,3,2),(100,101,2),(102,4,3),(101,102,3),(103,5,4),(102,103,4),(104,6,5),(103,104,5),(105,7,6),(104,105,6),(107,100,99),(106,107,99),(108,101,100),(107,108,100),(109,102,101),(108,109,101),(110,103,102),(109,110,102),(111,104,103),(110,111,103),(112,105,104),(111,112,104),(114,107,106),(113,114,106),(115,108,107),(114,115,107),(116,109,108),(115,116,108),(117,110,109),(116,117,109),(118,111,110),(117,118,110),(119,112,111),(118,119,111),(121,114,113),(120,121,113),(122,115,114),(121,122,114),(123,116,115),(122,123,115),(124,117,116),(123,124,116),(125,118,117),(124,125,117),(126,119,118),(125,126,118),(128,121,120),(127,128,120),(129,122,121),(128,129,121),(130,123,122),(129,130,122),(131,124,123),(130,131,123),(132,125,124),(131,132,124),(133,126,125),(132,133,125),(51,128,127),(50,51,127),(52,129,128),(51,52,128),(53,130,129),(52,53,129),(54,131,130),(53,54,130),(55,132,131),(54,55,131),(56,133,132),(55,56,132),(43,44,135),(43,135,134),(44,45,136),(44,136,135),(45,46,137),(45,137,136),(46,47,138),(46,138,137),(47,48,139),(47,139,138),(48,49,140),(48,140,139),(134,135,142),(134,142,141),(135,136,143),(135,143,142),(136,137,144),(136,144,143),(137,138,145),(137,145,144),(138,139,146),(138,146,145),(139,140,147),(139,147,146),(141,142,149),(141,149,148),(142,143,150),(142,150,149),(143,144,151),(143,151,150),(144,145,152),(144,152,151),(145,146,153),(145,153,152),(146,147,154),(146,154,153),(148,149,156),(148,156,155),(149,150,157),(149,157,156),(150,151,158),(150,158,157),(151,152,159),(151,159,158),(152,153,160),(152,160,159),(153,154,161),(153,161,160),(155,156,163),(155,163,162),(156,157,164),(156,164,163),(157,158,165),(157,165,164),(158,159,166),(158,166,165),(159,160,167),(159,167,166),(160,161,168),(160,168,167),(162,163,93),(162,93,92),(163,164,94),(163,94,93),(164,165,95),(164,95,94),(165,166,96),(165,96,95),(166,167,97),(166,97,96),(167,168,98),(167,98,97),(1,8,169),(1,169,99),(8,15,170),(8,170,169),(15,22,171),(15,171,170),(22,29,172),(22,172,171),(29,36,173),(29,173,172),(36,43,134),(36,134,173),(99,169,174),(99,174,106),(169,170,175),(169,175,174),(170,171,176),(170,176,175),(171,172,177),(171,177,176),(172,173,178),(172,178,177),(173,134,141),(173,141,178),(106,174,179),(106,179,113),(174,175,180),(174,180,179),(175,176,181),(175,181,180),(176,177,182),(176,182,181),(177,178,183),(177,183,182),(178,141,148),(178,148,183),(113,179,184),(113,184,120),(179,180,185),(179,185,184),(180,181,186),(180,186,185),(181,182,187),(181,187,186),(182,183,188),(182,188,187),(183,148,155),(183,155,188),(120,184,189),(120,189,127),(184,185,190),(184,190,189),(185,186,191),(185,191,190),(186,187,192),(186,192,191),(187,188,193),(187,193,192),(188,155,162),(188,162,193),(127,189,57),(127,57,50),(189,190,64),(189,64,57),(190,191,71),(190,71,64),(191,192,78),(191,78,71),(192,193,85),(192,85,78),(193,162,92),(193,92,85),(194,14,7),(105,194,7),(195,21,14),(194,195,14),(196,28,21),(195,196,21),(197,35,28),(196,197,28),(198,42,35),(197,198,35),(140,49,42),(198,140,42),(199,194,105),(112,199,105),(200,195,194),(199,200,194),(201,196,195),(200,201,195),(202,197,196),(201,202,196),(203,198,197),(202,203,197),(147,140,198),(203,147,198),(204,199,112),(119,204,112),(205,200,199),(204,205,199),(206,201,200),(205,206,200),(207,202,201),(206,207,201),(208,203,202),(207,208,202),(154,147,203),(208,154,203),(209,204,119),(126,209,119),(210,205,204),(209,210,204),(211,206,205),(210,211,205),(212,207,206),(211,212,206),(213,208,207),(212,213,207),(161,154,208),(213,161,208),(214,209,126),(133,214,126),(215,210,209),(214,215,209),(216,211,210),(215,216,210),(217,212,211),(216,217,211),(218,213,212),(217,218,212),(168,161,213),(218,168,213),(63,214,133),(56,63,133),(70,215,214),(63,70,214),(77,216,215),(70,77,215),(84,217,216),(77,84,216),(91,218,217),(84,91,217),(98,168,218),(91,98,218)),$);
#1007=IFCCARTESIANPOINTLIST3D(((5809.,7205.,424.),(5885.667,7205.,555.519),(5962.333,7205.,533.722),(6039.,7205.,521.934),(6115.667,7205.,533.001),(6192.333,7205.,539.934),(6269.,7205.,542.019),(6345.667,7205.,554.233),(6422.333,7205.,555.277),(6499.,7205.,533.283),(6575.667,7205.,521.987),(6652.333,7205.,533.247),(6729.,7205.,539.948),(6805.667,7205.,542.158),(6882.333,7205.,554.463),(6959.,7205.,555.024),(7035.667,7205.,532.85),(7112.333,7205.,522.05),(7189.,7205.,533.49),(7265.667,7205.,539.96),(7342.333,7205.,542.302),(7419.,7205.,424.687),(5809.,7268.913,423.565),(5885.667,7268.913,552.536),(5962.333,7268.913,530.447),(6039.,7268.913,520.847),(6115.667,7268.913,534.924),(6192.333,7268.913,543.411),(6269.,7268.913,544.42),(6345.667,7268.913,553.74),(6422.333,7268.913,552.263),(6499.,7268.913,530.03),(6575.667,7268.913,520.956),(6652.333,7268.913,535.219),(6729.,7268.913,543.43),(6805.667,7268.913,544.515),(6882.333,7268.913,553.911),(6959.,7268.913,551.981),(7035.667,7268.913,529.618),(7112.333,7268.913,521.076),(7189.,7268.913,535.51),(7265.667,7268.913,543.446),(7342.333,7268.913,544.616),(7419.,7268.913,424.078),(5809.,7332.826,422.286),(5885.667,7332.826,549.196),(5962.333,7332.826,527.574),(6039.,7332.826,520.615),(6115.667,7332.826,537.508),(6192.333,7332.826,546.856),(6269.,7332.826,546.118),(6345.667,7332.826,552.407),(6422.333,7332.826,548.907),(6499.,7332.826,527.191),(6575.667,7332.826,520.783),(6652.333,7332.826,537.842),(6729.,7332.826,546.865),(6805.667,7332.826,546.162),(6882.333,7332.826,552.524),(6959.,7332.826,548.609),(7035.667,7332.826,526.814),(7112.333,7332.826,520.961),(7189.,7332.826,538.172),(7265.667,7332.826,546.87),(7342.333,7332.826,546.211),(7419.,7332.826,422.637),(5809.,7396.739,420.244),(5885.667,7396.739,545.709),(5962.333,7396.739,525.282),(6039.,7396.739,521.251),(6115.667,7396.739,540.593),(6192.333,7396.739,550.054),(6269.,7396.739,547.009),(6345.667,7396.739,550.317),(6422.333,7396.739,545.417),(6499.,7396.739,524.943),(6575.667,7396.739,521.477),(6652.333,7396.739,540.953),(6729.,7396.739,550.039),(6805.667,7396.739,546.997),(6882.333,7396.739,550.387),(6959.,7396.739,545.118),(7035.667,7396.739,524.611),(7112.333,7396.739,521.712),(7189.,7396.739,541.309),(7265.667,7396.739,550.019),(7342.333,7396.739,546.988),(7419.,7396.739,420.454),(5809.,7460.652,417.564),(5885.667,7460.652,542.291),(5962.333,7460.652,523.711),(6039.,7460.652,522.717),(6115.667,7460.652,543.986),(6192.333,7460.652,552.806),(6269.,7460.652,547.038),(6345.667,7460.652,547.6),(6422.333,7460.652,542.011),(6499.,7460.652,523.425),(6575.667,7460.652,522.996),(6652.333,7460.652,544.36),(6729.,7460.652,552.755),(6805.667,7460.652,546.967),(6882.333,7460.652,547.634),(6959.,7460.652,541.726),(7035.667,7460.652,523.146),(7112.333,7460.652,523.284),(7189.,7460.652,544.728),(7265.667,7460.652,552.698),(7342.333,7460.652,546.899),(7419.,7460.652,417.666),(5809.,7524.565,414.415),(5885.667,7524.565,539.154),(5962.333,7524.565,522.961),(6039.,7524.565,524.922),(6115.667,7524.565,547.476),(6192.333,7524.565,554.942),(6269.,7524.565,546.202),(6345.667,7524.565,544.426),(6422.333,7524.565,538.901),(6499.,7524.565,522.732),(6575.667,7524.565,525.246),(6652.333,7524.565,547.849),(6729.,7524.565,554.843),(6805.667,7524.565,546.074),(6882.333,7524.565,544.436),(6959.,7524.565,538.642),(7035.667,7524.565,522.511),(7112.333,7524.565,525.578),(7189.,7524.565,548.215),(7265.667,7524.565,554.739),(7342.333,7524.565,545.95),(7419.,7524.565,414.444),(5809.,7588.478,410.99),(5885.667,7588.478,536.493),(5962.333,7588.478,523.078),(6039.,7588.478,527.727),(6115.667,7588.478,550.847),(6192.333,7588.478,556.327),(6269.,7588.478,544.554),(6345.667,7588.478,540.991),(6422.333,7588.478,536.279),(6499.,7588.478,522.907),(6575.667,7588.478,528.086),(6652.333,7588.478,551.205),(6729.,7588.478,556.175),(6805.667,7588.478,544.374),(6882.333,7588.478,540.991),(6959.,7588.478,536.059),(7035.667,7588.478,522.745),(7112.333,7588.478,528.452),(7189.,7588.478,551.554),(7265.667,7588.478,556.016),(7342.333,7588.478,544.199),(7419.,7588.478,410.99),(5809.,7652.391,407.505),(5885.667,7652.391,534.475),(5962.333,7652.391,524.054),(6039.,7652.391,530.959),(6115.667,7652.391,553.89),(6192.333,7652.391,556.877),(6269.,7652.391,542.195),(6345.667,7652.391,537.509),(6422.333,7652.391,534.308),(6499.,7652.391,523.94),(6575.667,7652.391,531.34),(6652.333,7652.391,554.218),(6729.,7652.391,556.667),(6805.667,7652.391,541.972),(6882.333,7652.391,537.513),(6959.,7652.391,534.137),(7035.667,7652.391,523.833),(7112.333,7652.391,531.727),(7189.,7652.391,554.537),(7265.667,7652.391,556.45),(7342.333,7652.391,541.755),(7419.,7652.391,407.518),(5809.,7716.304,404.174),(5885.667,7716.304,533.224),(5962.333,7716.304,525.829),(6039.,7716.304,534.417),(6115.667,7716.304,556.414),(6192.333,7716.304,556.557),(6269.,7716.304,539.273),(6345.667,7716.304,534.196),(6422.333,7716.304,533.112),(6499.,7716.304,525.765),(6575.667,7716.304,534.805),(6652.333,7716.304,556.701),(6729.,7716.304,556.288),(6805.667,7716.304,539.019),(6882.333,7716.304,534.22),(6959.,7716.304,532.996),(7035.667,7716.304,525.708),(7112.333,7716.304,535.199),(7189.,7716.304,556.978),(7265.667,7716.304,556.013),(7342.333,7716.304,538.771),(7419.,7716.304,404.244),(5809.,7780.217,401.206),(5885.667,7780.217,532.817),(5962.333,7780.217,528.292),(6039.,7780.217,537.886),(6115.667,7780.217,558.263),(6192.333,7780.217,555.387),(6269.,7780.217,535.969),(6345.667,7780.217,531.259),(6422.333,7780.217,532.764),(6499.,7780.217,528.27),(6575.667,7780.217,538.267),(6652.333,7780.217,558.5),(6729.,7780.217,555.063),(6805.667,7780.217,535.697),(6882.333,7780.217,531.315),(6959.,7780.217,532.707),(7035.667,7780.217,528.253),(7112.333,7780.217,538.652),(7189.,7780.217,558.727),(7265.667,7780.217,554.733),(7342.333,7780.217,535.431),(7419.,7780.217,401.373),(5809.,7844.13,398.784),(5885.667,7844.13,533.282),(5962.333,7844.13,531.291),(6039.,7844.13,541.15),(6115.667,7844.13,559.321),(6192.333,7844.13,553.439),(6269.,7844.13,532.489),(6345.667,7844.13,528.88),(6422.333,7844.13,533.286),(6499.,7844.13,531.298),(6575.667,7844.13,541.509),(6652.333,7844.13,559.502),(6729.,7844.13,553.067),(6805.667,7844.13,532.213),(6882.333,7844.13,528.979),(6959.,7844.13,533.287),(7035.667,7844.13,531.311),(7112.333,7844.13,541.873),(7189.,7844.13,559.673),(7265.667,7844.13,552.689),(7342.333,7844.13,531.944),(7419.,7844.13,399.081),(5809.,7908.043,397.06),(5885.667,7908.043,534.588),(5962.333,7908.043,534.639),(6039.,7908.043,544.006),(6115.667,7908.043,559.524),(6192.333,7908.043,550.836),(6269.,7908.043,529.049),(6345.667,7908.043,527.207),(6422.333,7908.043,534.647),(6499.,7908.043,534.662),(6575.667,7908.043,544.331),(6652.333,7908.043,559.647),(6729.,7908.043,550.425),(6805.667,7908.043,528.783),(6882.333,7908.043,527.358),(6959.,7908.043,534.701),(7035.667,7908.043,534.69),(7112.333,7908.043,544.66),(7189.,7908.043,559.759),(7265.667,7908.043,550.009),(7342.333,7908.043,528.526),(7419.,7908.043,397.512),(5809.,7971.957,396.14),(5885.667,7971.957,536.654),(5962.333,7971.957,538.127),(6039.,7971.957,546.277),(6115.667,7971.957,558.859),(6192.333,7971.957,547.738),(6269.,7971.957,525.863),(6345.667,7971.957,526.344),(6422.333,7971.957,536.76),(6499.,7971.957,538.152),(6575.667,7971.957,546.557),(6652.333,7971.957,558.924),(6729.,7971.957,547.3),(6805.667,7971.957,525.621),(6882.333,7971.957,526.552),(6959.,7971.957,536.861),(7035.667,7971.957,538.181),(7112.333,7971.957,546.84),(7189.,7971.957,558.978),(7265.667,7971.957,546.858),(7342.333,7971.957,525.389),(7419.,7971.957,396.763),(5809.,8035.87,396.082),(5885.667,8035.87,539.352),(5962.333,8035.87,541.54),(6039.,8035.87,547.821),(6115.667,8035.87,557.366),(6192.333,8035.87,544.338),(6269.,8035.87,523.129),(6345.667,8035.87,526.345),(6422.333,8035.87,539.495),(6499.,8035.87,541.552),(6575.667,8035.87,548.048),(6652.333,8035.87,557.378),(6729.,8035.87,543.888),(6805.667,8035.87,522.924),(6882.333,8035.87,526.611),(6959.,8035.87,539.632),(7035.667,8035.87,541.566),(7112.333,8035.87,548.278),(7189.,8035.87,557.381),(7265.667,8035.87,543.434),(7342.333,8035.87,522.73),(7419.,8035.87,396.881),(5809.,8099.783,396.89),(5885.667,8099.783,542.514),(5962.333,8099.783,544.664),(6039.,8099.783,548.542),(6115.667,8099.783,555.139),(6192.333,8099.783,540.848),(6269.,8099.783,521.017),(6345.667,8099.783,527.209),(6422.333,8099.783,542.682),(6499.,8099.783,544.649),(6575.667,8099.783,548.712),(6652.333,8099.783,555.106),(6729.,8099.783,540.399),(6805.667,8099.783,520.859),(6882.333,8099.783,527.533),(6959.,8099.783,542.842),(7035.667,8099.783,544.636),(7112.333,8099.783,548.884),(7189.,8099.783,555.064),(7265.667,8099.783,539.948),(7342.333,8099.783,520.712),(7419.,8099.783,397.859),(5809.,8163.696,398.512),(5885.667,8163.696,545.944),(5962.333,8163.696,547.305),(6039.,8163.696,548.396),(6115.667,8163.696,552.316),(6192.333,8163.696,537.484),(6269.,8163.696,519.659),(6345.667,8163.696,528.884),(6422.333,8163.696,546.122),(6499.,8163.696,547.252),(6575.667,8163.696,548.508),(6652.333,8163.696,552.249),(6729.,8163.696,537.052),(6805.667,8163.696,519.555),(6882.333,8163.696,529.258),(6959.,8163.696,546.292),(7035.667,8163.696,547.199),(7112.333,8163.696,548.621),(7189.,8163.696,552.174),(7265.667,8163.696,536.618),(7342.333,8163.696,519.463),(7419.,8163.696,399.635),(5809.,8227.609,400.849),(5885.667,8227.609,549.428),(5962.333,8227.609,549.3),(6039.,8227.609,547.392),(6115.667,8227.609,549.073),(6192.333,8227.609,534.457),(6269.,8227.609,519.138),(6345.667,8227.609,531.264),(6422.333,8227.609,549.602),(6499.,8227.609,549.198),(6575.667,8227.609,547.447),(6652.333,8227.609,548.985),(6729.,8227.609,534.054),(6805.667,8227.609,519.092),(6882.333,8227.609,531.681),(6959.,8227.609,549.767),(7035.667,8227.609,549.096),(7112.333,8227.609,547.505),(7189.,8227.609,548.889),(7265.667,8227.609,533.65),(7342.333,8227.609,519.058),(7419.,8227.609,402.1),(5809.,8291.522,403.755),(5885.667,8291.522,552.75),(5962.333,8291.522,550.523),(6039.,8291.522,545.592),(6115.667,8291.522,545.611),(6192.333,8291.522,531.953),(6269.,8291.522,519.487),(6345.667,8291.522,534.202),(6422.333,8291.522,552.905),(6499.,8291.522,550.367),(6575.667,8291.522,545.597),(6652.333,8291.522,545.516),(6729.,8291.522,531.591),(6805.667,8291.522,519.5),(6882.333,8291.522,534.65),(6959.,8291.522,553.051),(7035.667,8291.522,550.21),(7112.333,8291.522,545.605),(7189.,8291.522,545.414),(7265.667,8291.522,531.23),(7342.333,8291.522,519.524),(7419.,8291.522,405.1),(5809.,8355.435,407.049),(5885.667,8355.435,555.703),(5962.333,8355.435,550.9),(6039.,8355.435,543.108),(6115.667,8355.435,542.146),(6192.333,8355.435,530.129),(6269.,8355.435,520.685),(6345.667,8355.435,537.515),(6422.333,8355.435,555.826),(6499.,8355.435,550.685),(6575.667,8355.435,543.072),(6652.333,8355.435,542.058),(6729.,8355.435,529.818),(6805.667,8355.435,520.752),(6882.333,8355.435,537.981),(6959.,8355.435,555.939),(7035.667,8355.435,550.47),(7112.333,8355.435,543.04),(7189.,8355.435,541.965),(7265.667,8355.435,529.507),(7342.333,8355.435,520.831),(7419.,8355.435,408.448),(5809.,8419.348,410.526),(5885.667,8419.348,558.103),(5962.333,8419.348,550.407),(6039.,8419.348,540.094),(6115.667,8419.348,538.893),(6192.333,8419.348,529.098),(6269.,8419.348,522.657),(6345.667,8419.348,540.997),(6422.333,8419.348,558.183),(6499.,8419.348,550.134),(6575.667,8419.348,540.029),(6652.333,8419.348,538.827),(6729.,8419.348,528.843),(6805.667,8419.348,522.772),(6882.333,8419.348,541.467),(6959.,8419.348,558.253),(7035.667,8419.348,549.86),(7112.333,8419.348,539.969),(7189.,8419.348,538.756),(7265.667,8419.348,528.589),(7342.333,8419.348,522.899),(7419.,8419.348,411.936),(5809.,8483.261,413.971),(5885.667,8483.261,559.802),(5962.333,8483.261,549.074),(6039.,8483.261,536.738),(6115.667,8483.261,536.054),(6192.333,8483.261,528.924),(6269.,8483.261,525.28),(6345.667,8483.261,544.432),(6422.333,8483.261,559.83),(6499.,8483.261,548.747),(6575.667,8483.261,536.657),(6652.333,8483.261,536.022),(6729.,8483.261,528.728),(6805.667,8483.261,525.434),(6882.333,8483.261,544.891),(6959.,8483.261,559.848),(7035.667,8483.261,548.42),(7112.333,8483.261,536.582),(7189.,8483.261,535.987),(7265.667,8483.261,528.533),(7342.333,8483.261,525.598),(7419.,8483.261,415.348),(5809.,8547.174,417.169),(5885.667,8547.174,560.693),(5962.333,8547.174,546.984),(6039.,8547.174,533.248),(6115.667,8547.174,533.805),(6192.333,8547.174,529.619),(6269.,8547.174,528.391),(6345.667,8547.174,547.606),(6422.333,8547.174,560.665),(6499.,8547.174,546.61),(6575.667,8547.174,533.167),(6652.333,8547.174,533.819),(6729.,8547.174,529.48),(6805.667,8547.174,528.571),(6882.333,8547.174,548.04),(6959.,8547.174,560.625),(7035.667,8547.174,546.237),(7112.333,8547.174,533.091),(7189.,8547.174,533.83),(7265.667,8547.174,529.341),(7342.333,8547.174,528.761),(7419.,8547.174,418.471),(5809.,8611.087,419.921),(5885.667,8611.087,560.722),(5962.333,8611.087,544.267),(6039.,8611.087,529.842),(6115.667,8611.087,532.288),(6192.333,8611.087,531.138),(6269.,8611.087,531.797),(6345.667,8611.087,550.321),(6422.333,8611.087,560.635),(6499.,8611.087,543.857),(6575.667,8611.087,529.774),(6652.333,8611.087,532.354),(6729.,8611.087,531.051),(6805.667,8611.087,531.99),(6882.333,8611.087,550.718),(6959.,8611.087,560.536),(7035.667,8611.087,543.448),(7112.333,8611.087,529.713),(7189.,8611.087,532.419),(7265.667,8611.087,530.965),(7342.333,8611.087,532.191),(7419.,8611.087,421.112),(5809.,8675.,422.057),(5885.667,8675.,559.886),(5962.333,8675.,541.093),(6039.,8675.,526.732),(6115.667,8675.,531.595),(6192.333,8675.,533.387),(6269.,8675.,535.287),(6345.667,8675.,552.41),(6422.333,8675.,559.742),(6499.,8675.,540.658),(6575.667,8675.,526.69),(6652.333,8675.,531.719),(6729.,8675.,533.346),(6805.667,8675.,535.477),(6882.333,8675.,552.76),(6959.,8675.,559.587),(7035.667,8675.,540.226),(7112.333,8675.,526.657),(7189.,8675.,531.841),(7265.667,8675.,533.303),(7342.333,8675.,535.675),(7419.,8675.,423.105)));
#1008=IFCTRIANGULATEDFACESET(#1007,$,.F.,((1,2,24),(1,24,23),(2,3,25),(2,25,24),(3,4,26),(3,26,25),(4,5,27),(4,27,26),(5,6,28),(5,28,27),(6,7,29),(6,29,28),(7,8,30),(7,30,29),(8,9,31),(8,31,30),(9,10,32),(9,32,31),(10,11,33),(10,33,32),(11,12,34),(11,34,33),(12,13,35),(12,35,34),(13,14,36),(13,36,35),(14,15,37),(14,37,36),(15,16,38),(15,38,37),(16,17,39),(16,39,38),(17,18,40),(17,40,39),(18,19,41),(18,41,40),(19,20,42),(19,42,41),(20,21,43),(20,43,42),(21,22,44),(21,44,43),(23,24,46),(23,46,45),(24,25,47),(24,47,46),(25,26,48),(25,48,47),(26,27,49),(26,49,48),(27,28,50),(27,50,49),(28,29,51),(28,51,50),(29,30,52),(29,52,51),(30,31,53),(30,53,52),(31,32,54),(31,54,53),(32,33,55),(32,55,54),(33,34,56),(33,56,55),(34,35,57),(34,57,56),(35,36,58),(35,58,57),(36,37,59),(36,59,58),(37,38,60),(37,60,59),(38,39,61),(38,61,60),(39,40,62),(39,62,61),(40,41,63),(40,63,62),(41,42,64),(41,64,63),(42,43,65),(42,65,64),(43,44,66),(43,66,65),(45,46,68),(45,68,67),(46,47,69),(46,69,68),(47,48,70),(47,70,69),(48,49,71),(48,71,70),(49,50,72),(49,72,71),(50,51,73),(50,73,72),(51,52,74),(51,74,73),(52,53,75),(52,75,74),(53,54,76),(53,76,75),(54,55,77),(54,77,76),(55,56,78),(55,78,77),(56,57,79),(56,79,78),(57,58,80),(57,80,79),(58,59,81),(58,81,80),(59,60,82),(59,82,81),(60,61,83),(60,83,82),(61,62,84),(61,84,83),(62,63,85),(62,85,84),(63,64,86),(63,86,85),(64,65,87),(64,87,86),(65,66,88),(65,88,87),(67,68,90),(67,90,89),(68,69,91),(68,91,90),(69,70,92),(69,92,91),(70,71,93),(70,93,92),(71,72,94),(71,94,93),(72,73,95),(72,95,94),(73,74,96),(73,96,95),(74,75,97),(74,97,96),(75,76,98),(75,98,97),(76,77,99),(76,99,98),(77,78,100),(77,100,99),(78,79,101),(78,101,100),(79,80,102),(79,102,101),(80,81,103),(80,103,102),(81,82,104),(81,104,103),(82,83,105),(82,105,104),(83,84,106),(83,106,105),(84,85,107),(84,107,106),(85,86,108),(85,108,107),(86,87,109),(86,109,108),(87,88,110),(87,110,109),(89,90,112),(89,112,111),(90,91,113),(90,113,112),(91,92,114),(91,114,113),(92,93,115),(92,115,114),(93,94,116),(93,116,115),(94,95,117),(94,117,116),(95,96,118),(95,118,117),(96,97,119),(96,119,118),(97,98,120),(97,120,119),(98,99,121),(98,121,120),(99,100,122),(99,122,121),(100,101,123),(100,123,122),(101,102,124),(101,124,123),(102,103,125),(102,125,124),(103,104,126),(103,126,125),(104,105,127),(104,127,126),(105,106,128),(105,128,127),(106,107,129),(106,129,128),(107,108,130),(107,130,129),(108,109,131),(108,131,130),(109,110,132),(109,132,131),(111,112,134),(111,134,133),(112,113,135),(112,135,134),(113,114,136),(113,136,135),(114,115,137),(114,137,136),(115,116,138),(115,138,137),(116,117,139),(116,139,138),(117,118,140),(117,140,139),(118,119,141),(118,141,140),(119,120,142),(119,142,141),(120,121,143),(120,143,142),(121,122,144),(121,144,143),(122,123,145),(122,145,144),(123,124,146),(123,146,145),(124,125,147),(124,147,146),(125,126,148),(125,148,147),(126,127,149),(126,149,148),(127,128,150),(127,150,149),(128,129,151),(128,151,150),(129,130,152),(129,152,151),(130,131,153),(130,153,152),(131,132,154),(131,154,153),(133,134,156),(133,156,155),(134,135,157),(134,157,156),(135,136,158),(135,158,157),(136,137,159),(136,159,158),(137,138,160),(137,160,159),(138,139,161),(138,161,160),(139,140,162),(139,162,161),(140,141,163),(140,163,162),(141,142,164),(141,164,163),(142,143,165),(142,165,164),(143,144,166),(143,166,165),(144,145,167),(144,167,166),(145,146,168),(145,168,167),(146,147,169),(146,169,168),(147,148,170),(147,170,169),(148,149,171),(148,171,170),(149,150,172),(149,172,171),(150,151,173),(150,173,172),(151,152,174),(151,174,173),(152,153,175),(152,175,174),(153,154,176),(153,176,175),(155,156,178),(155,178,177),(156,157,179),(156,179,178),(157,158,180),(157,180,179),(158,159,181),(158,181,180),(159,160,182),(159,182,181),(160,161,183),(160,183,182),(161,162,184),(161,184,183),(162,163,185),(162,185,184),(163,164,186),(163,186,185),(164,165,187),(164,187,186),(165,166,188),(165,188,187),(166,167,189),(166,189,188),(167,168,190),(167,190,189),(168,169,191),(168,191,190),(169,170,192),(169,192,191),(170,171,193),(170,193,192),(171,172,194),(171,194,193),(172,173,195),(172,195,194),(173,174,196),(173,196,195),(174,175,197),(174,197,196),(175,176,198),(175,198,197),(177,178,200),(177,200,199),(178,179,201),(178,201,200),(179,180,202),(179,202,201),(180,181,203),(180,203,202),(181,182,204),(181,204,203),(182,183,205),(182,205,204),(183,184,206),(183,206,205),(184,185,207),(184,207,206),(185,186,208),(185,208,207),(186,187,209),(186,209,208),(187,188,210),(187,210,209),(188,189,211),(188,211,210),(189,190,212),(189,212,211),(190,191,213),(190,213,212),(191,192,214),(191,214,213),(192,193,215),(192,215,214),(193,194,216),(193,216,215),(194,195,217),(194,217,216),(195,196,218),(195,218,217),(196,197,219),(196,219,218),(197,198,220),(197,220,219),(199,200,222),(199,222,221),(200,201,223),(200,223,222),(201,202,224),(201,224,223),(202,203,225),(202,225,224),(203,204,226),(203,226,225),(204,205,227),(204,227,226),(205,206,228),(205,228,227),(206,207,229),(206,229,228),(207,208,230),(207,230,229),(208,209,231),(208,231,230),(209,210,232),(209,232,231),(210,211,233),(210,233,232),(211,212,234),(211,234,233),(212,213,235),(212,235,234),(213,214,236),(213,236,235),(214,215,237),(214,237,236),(215,216,238),(215,238,237),(216,217,239),(216,239,238),(217,218,240),(217,240,239),(218,219,241),(218,241,240),(219,220,242),(219,242,241),(221,222,244),(221,244,243),(222,223,245),(222,245,244),(223,224,246),(223,246,245),(224,225,247),(224,247,246),(225,226,248),(225,248,247),(226,227,249),(226,249,248),(227,228,250),(227,250,249),(228,229,251),(228,251,250),(229,230,252),(229,252,251),(230,231,253),(230,253,252),(231,232,254),(231,254,253),(232,233,255),(232,255,254),(233,234,256),(233,256,255),(234,235,257),(234,257,256),(235,236,258),(235,258,257),(236,237,259),(236,259,258),(237,238,260),(237,260,259),(238,239,261),(238,261,260),(239,240,262),(239,262,261),(240,241,263),(240,263,262),(241,242,264),(241,264,263),(243,244,266),(243,266,265),(244,245,267),(244,267,266),(245,246,268),(245,268,267),(246,247,269),(246,269,268),(247,248,270),(247,270,269),(248,249,271),(248,271,270),(249,250,272),(249,272,271),(250,251,273),(250,273,272),(251,252,274),(251,274,273),(252,253,275),(252,275,274),(253,254,276),(253,276,275),(254,255,277),(254,277,276),(255,256,278),(255,278,277),(256,257,279),(256,279,278),(257,258,280),(257,280,279),(258,259,281),(258,281,280),(259,260,282),(259,282,281),(260,261,283),(260,283,282),(261,262,284),(261,284,283),(262,263,285),(262,285,284),(263,264,286),(263,286,285),(265,266,288),(265,288,287),(266,267,289),(266,289,288),(267,268,290),(267,290,289),(268,269,291),(268,291,290),(269,270,292),(269,292,291),(270,271,293),(270,293,292),(271,272,294),(271,294,293),(272,273,295),(272,295,294),(273,274,296),(273,296,295),(274,275,297),(274,297,296),(275,276,298),(275,298,297),(276,277,299),(276,299,298),(277,278,300),(277,300,299),(278,279,301),(278,301,300),(279,280,302),(279,302,301),(280,281,303),(280,303,302),(281,282,304),(281,304,303),(282,283,305),(282,305,304),(283,284,306),(283,306,305),(284,285,307),(284,307,306),(285,286,308),(285,308,307),(287,288,310),(287,310,309),(288,289,311),(288,311,310),(289,290,312),(289,312,311),(290,291,313),(290,313,312),(291,292,314),(291,314,313),(292,293,315),(292,315,314),(293,294,316),(293,316,315),(294,295,317),(294,317,316),(295,296,318),(295,318,317),(296,297,319),(296,319,318),(297,298,320),(297,320,319),(298,299,321),(298,321,320),(299,300,322),(299,322,321),(300,301,323),(300,323,322),(301,302,324),(301,324,323),(302,303,325),(302,325,324),(303,304,326),(303,326,325),(304,305,327),(304,327,326),(305,306,328),(305,328,327),(306,307,329),(306,329,328),(307,308,330),(307,330,329),(309,310,332),(309,332,331),(310,311,333),(310,333,332),(311,312,334),(311,334,333),(312,313,335),(312,335,334),(313,314,336),(313,336,335),(314,315,337),(314,337,336),(315,316,338),(315,338,337),(316,317,339),(316,339,338),(317,318,340),(317,340,339),(318,319,341),(318,341,340),(319,320,342),(319,342,341),(320,321,343),(320,343,342),(321,322,344),(321,344,343),(322,323,345),(322,345,344),(323,324,346),(323,346,345),(324,325,347),(324,347,346),(325,326,348),(325,348,347),(326,327,349),(326,349,348),(327,328,350),(327,350,349),(328,329,351),(328,351,350),(329,330,352),(329,352,351),(331,332,354),(331,354,353),(332,333,355),(332,355,354),(333,334,356),(333,356,355),(334,335,357),(334,357,356),(335,336,358),(335,358,357),(336,337,359),(336,359,358),(337,338,360),(337,360,359),(338,339,361),(338,361,360),(339,340,362),(339,362,361),(340,341,363),(340,363,362),(341,342,364),(341,364,363),(342,343,365),(342,365,364),(343,344,366),(343,366,365),(344,345,367),(344,367,366),(345,346,368),(345,368,367),(346,347,369),(346,369,368),(347,348,370),(347,370,369),(348,349,371),(348,371,370),(349,350,372),(349,372,371),(350,351,373),(350,373,372),(351,352,374),(351,374,373),(353,354,376),(353,376,375),(354,355,377),(354,377,376),(355,356,378),(355,378,377),(356,357,379),(356,379,378),(357,358,380),(357,380,379),(358,359,381),(358,381,380),(359,360,382),(359,382,381),(360,361,383),(360,383,382),(361,362,384),(361,384,383),(362,363,385),(362,385,384),(363,364,386),(363,386,385),(364,365,387),(364,387,386),(365,366,388),(365,388,387),(366,367,389),(366,389,388),(367,368,390),(367,390,389),(368,369,391),(368,391,390),(369,370,392),(369,392,391),(370,371,393),(370,393,392),(371,372,394),(371,394,393),(372,373,395),(372,395,394),(373,374,396),(373,396,395),(375,376,398),(375,398,397),(376,377,399),(376,399,398),(377,378,400),(377,400,399),(378,379,401),(378,401,400),(379,380,402),(379,402,401),(380,381,403),(380,403,402),(381,382,404),(381,404,403),(382,383,405),(382,405,404),(383,384,406),(383,406,405),(384,385,407),(384,407,406),(385,386,408),(385,408,407),(386,387,409),(386,409,408),(387,388,410),(387,410,409),(388,389,411),(388,411,410),(389,390,412),(389,412,411),(390,391,413),(390,413,412),(391,392,414),(391,414,413),(392,393,415),(392,415,414),(393,394,416),(393,416,415),(394,395,417),(394,417,416),(395,396,418),(395,418,417),(397,398,420),(397,420,419),(398,399,421),(398,421,420),(399,400,422),(399,422,421),(400,401,423),(400,423,422),(401,402,424),(401,424,423),(402,403,425),(402,425,424),(403,404,426),(403,426,425),(404,405,427),(404,427,426),(405,406,428),(405,428,427),(406,407,429),(406,429,428),(407,408,430),(407,430,429),(408,409,431),(408,431,430),(409,410,432),(409,432,431),(410,411,433),(410,433,432),(411,412,434),(411,434,433),(412,413,435),(412,435,434),(413,414,436),(413,436,435),(414,415,437),(414,437,436),(415,416,438),(415,438,437),(416,417,439),(416,439,438),(417,418,440),(417,440,439),(419,420,442),(419,442,441),(420,421,443),(420,443,442),(421,422,444),(421,444,443),(422,423,445),(422,445,444),(423,424,446),(423,446,445),(424,425,447),(424,447,446),(425,426,448),(425,448,447),(426,427,449),(426,449,448),(427,428,450),(427,450,449),(428,429,451),(428,451,450),(429,430,452),(429,452,451),(430,431,453),(430,453,452),(431,432,454),(431,454,453),(432,433,455),(432,455,454),(433,434,456),(433,456,455),(434,435,457),(434,457,456),(435,436,458),(435,458,457),(436,437,459),(436,459,458),(437,438,460),(437,460,459),(438,439,461),(438,461,460),(439,440,462),(439,462,461),(441,442,464),(441,464,463),(442,443,465),(442,465,464),(443,444,466),(443,466,465),(444,445,467),(444,467,466),(445,446,468),(445,468,467),(446,447,469),(446,469,468),(447,448,470),(447,470,469),(448,449,471),(448,471,470),(449,450,472),(449,472,471),(450,451,473),(450,473,472),(451,452,474),(451,474,473),(452,453,475),(452,475,474),(453,454,476),(453,476,475),(454,455,477),(454,477,476),(455,456,478),(455,478,477),(456,457,479),(456,479,478),(457,458,480),(457,480,479),(458,459,481),(458,481,480),(459,460,482),(459,482,481),(460,461,483),(460,483,482),(461,462,484),(461,484,483),(463,464,486),(463,486,485),(464,465,487),(464,487,486),(465,466,488),(465,488,487),(466,467,489),(466,489,488),(467,468,490),(467,490,489),(468,469,491),(468,491,490),(469,470,492),(469,492,491),(470,471,493),(470,493,492),(471,472,494),(471,494,493),(472,473,495),(472,495,494),(473,474,496),(473,496,495),(474,475,497),(474,497,496),(475,476,498),(475,498,497),(476,477,499),(476,499,498),(477,478,500),(477,500,499),(478,479,501),(478,501,500),(479,480,502),(479,502,501),(480,481,503),(480,503,502),(481,482,504),(481,504,503),(482,483,505),(482,505,504),(483,484,506),(483,506,505),(485,486,508),(485,508,507),(486,487,509),(486,509,508),(487,488,510),(487,510,509),(488,489,511),(488,511,510),(489,490,512),(489,512,511),(490,491,513),(490,513,512),(491,492,514),(491,514,513),(492,493,515),(492,515,514),(493,494,516),(493,516,515),(494,495,517),(494,517,516),(495,496,518),(495,518,517),(496,497,519),(496,519,518),(497,498,520),(497,520,519),(498,499,521),(498,521,520),(499,500,522),(499,522,521),(500,501,523),(500,523,522),(501,502,524),(501,524,523),(502,503,525),(502,525,524),(503,504,526),(503,526,525),(504,505,527),(504,527,526),(505,506,528),(505,528,527)),$);
#1009=IFCSHAPEREPRESENTATION(#6,'Body','Tessellation',(#998,#1000,#1002,#1004,#1006,#1008));
#1010=IFCPRODUCTDEFINITIONSHAPE($,$,(#1009));
#1011=IFCFURNISHINGELEMENT('2U06pHWzHVmhpcH$_Lfqgu',$,'Bed','Authored furniture assembly',$,#19,#1010,'F0-bed-m/bed');
#1012=IFCPROPERTYSINGLEVALUE('ReviewStatus',$,IFCLABEL('PRELIMINARY - NOT FOR CONSTRUCTION'),$);
#1013=IFCPROPERTYSINGLEVALUE('PlanHash',$,IFCLABEL('13e93ea3847ed8bb1a6303802cf36b20f1f5a619efd14b6e4fd3dcf0f379760f'),$);
#1014=IFCPROPERTYSET('1IifRidTvLY97wKXPy$qYl',$,'FloorForge_Review',$,(#1012,#1013));
#1015=IFCRELDEFINESBYPROPERTIES('3LL86SIgDK5vB2oZdO4XwQ',$,$,$,(#1011),#1014);
#1016=IFCCARTESIANPOINTLIST3D(((3975.,8990.,80.),(3975.,8990.,2250.),(3975.,9025.,80.),(3975.,9025.,2250.),(4575.,8990.,80.),(4575.,8990.,2250.),(4575.,9025.,80.),(4575.,9025.,2250.)));
#1017=IFCTRIANGULATEDFACESET(#1016,$,.T.,((2,4,1),(5,2,1),(1,4,3),(3,5,1),(2,8,4),(6,2,5),(6,8,2),(4,8,3),(7,5,3),(3,8,7),(7,6,5),(8,6,7)),$);
#1018=IFCCARTESIANPOINTLIST3D(((3975.,7525.,80.),(3975.,7525.,2250.),(3975.,7560.,80.),(3975.,7560.,2250.),(4575.,7525.,80.),(4575.,7525.,2250.),(4575.,7560.,80.),(4575.,7560.,2250.)));
#1019=IFCTRIANGULATEDFACESET(#1018,$,.T.,((2,4,1),(5,2,1),(1,4,3),(3,5,1),(2,8,4),(6,2,5),(6,8,2),(4,8,3),(7,5,3),(3,8,7),(7,6,5),(8,6,7)),$);
#1020=IFCCARTESIANPOINTLIST3D(((3975.,7525.,80.),(3975.,7525.,2250.),(3975.,9025.,80.),(3975.,9025.,2250.),(4010.,7525.,80.),(4010.,7525.,2250.),(4010.,9025.,80.),(4010.,9025.,2250.)));
#1021=IFCTRIANGULATEDFACESET(#1020,$,.T.,((2,4,1),(5,2,1),(1,4,3),(3,5,1),(2,8,4),(6,2,5),(6,8,2),(4,8,3),(7,5,3),(3,8,7),(7,6,5),(8,6,7)),$);
#1022=IFCCARTESIANPOINTLIST3D(((3975.,7525.,2220.),(3975.,7525.,2260.),(3975.,9025.,2220.),(3975.,9025.,2260.),(4575.,7525.,2220.),(4575.,7525.,2260.),(4575.,9025.,2220.),(4575.,9025.,2260.)));
#1023=IFCTRIANGULATEDFACESET(#1022,$,.T.,((2,4,1),(5,2,1),(1,4,3),(3,5,1),(2,8,4),(6,2,5),(6,8,2),(4,8,3),(7,5,3),(3,8,7),(7,6,5),(8,6,7)),$);
#1024=IFCCARTESIANPOINTLIST3D(((4540.,8537.,120.),(4540.,8537.,2210.),(4540.,9013.,120.),(4540.,9013.,2210.),(4575.,8537.,120.),(4575.,8537.,2210.),(4575.,9013.,120.),(4575.,9013.,2210.)));
#1025=IFCTRIANGULATEDFACESET(#1024,$,.T.,((2,4,1),(5,2,1),(1,4,3),(3,5,1),(2,8,4),(6,2,5),(6,8,2),(4,8,3),(7,5,3),(3,8,7),(7,6,5),(8,6,7)),$);
#1026=IFCCARTESIANPOINTLIST3D(((4595.,8597.,900.),(4603.,8597.,900.),(4603.,8597.,1200.),(4595.,8597.,1200.),(4602.608456,8599.472136,900.),(4602.608456,8599.472136,1200.),(4601.472136,8601.70228,900.),(4601.472136,8601.70228,1200.),(4599.70228,8603.472136,900.),(4599.70228,8603.472136,1200.),(4597.472136,8604.608456,900.),(4597.472136,8604.608456,1200.),(4595.,8605.,900.),(4595.,8605.,1200.),(4592.527864,8604.608456,900.),(4592.527864,8604.608456,1200.),(4590.29772,8603.472136,900.),(4590.29772,8603.472136,1200.),(4588.527864,8601.70228,900.),(4588.527864,8601.70228,1200.),(4587.391544,8599.472136,900.),(4587.391544,8599.472136,1200.),(4587.,8597.,900.),(4587.,8597.,1200.),(4587.391544,8594.527864,900.),(4587.391544,8594.527864,1200.),(4588.527864,8592.29772,900.),(4588.527864,8592.29772,1200.),(4590.29772,8590.527864,900.),(4590.29772,8590.527864,1200.),(4592.527864,8589.391544,900.),(4592.527864,8589.391544,1200.),(4595.,8589.,900.),(4595.,8589.,1200.),(4597.472136,8589.391544,900.),(4597.472136,8589.391544,1200.),(4599.70228,8590.527864,900.),(4599.70228,8590.527864,1200.),(4601.472136,8592.29772,900.),(4601.472136,8592.29772,1200.),(4602.608456,8594.527864,900.),(4602.608456,8594.527864,1200.)));
#1027=IFCTRIANGULATEDFACESET(#1026,$,.T.,((2,1,5),(2,5,3),(3,5,6),(3,6,4),(5,1,7),(5,7,6),(6,7,8),(6,8,4),(7,1,9),(7,9,8),(8,9,10),(8,10,4),(9,1,11),(9,11,10),(10,11,12),(10,12,4),(11,1,13),(11,13,12),(12,13,14),(12,14,4),(13,1,15),(13,15,14),(14,15,16),(14,16,4),(15,1,17),(15,17,16),(16,17,18),(16,18,4),(17,1,19),(17,19,18),(18,19,20),(18,20,4),(19,1,21),(19,21,20),(20,21,22),(20,22,4),(21,1,23),(21,23,22),(22,23,24),(22,24,4),(23,1,25),(23,25,24),(24,25,26),(24,26,4),(25,1,27),(25,27,26),(26,27,28),(26,28,4),(27,1,29),(27,29,28),(28,29,30),(28,30,4),(29,1,31),(29,31,30),(30,31,32),(30,32,4),(31,1,33),(31,33,32),(32,33,34),(32,34,4),(33,1,35),(33,35,34),(34,35,36),(34,36,4),(35,1,37),(35,37,36),(36,37,38),(36,38,4),(37,1,39),(37,39,38),(38,39,40),(38,40,4),(39,1,41),(39,41,40),(40,41,42),(40,42,4),(41,1,2),(41,2,42),(42,2,3),(42,3,4)),$);
#1028=IFCCARTESIANPOINTLIST3D(((4540.,8037.,120.),(4540.,8037.,2210.),(4540.,8513.,120.),(4540.,8513.,2210.),(4575.,8037.,120.),(4575.,8037.,2210.),(4575.,8513.,120.),(4575.,8513.,2210.)));
#1029=IFCTRIANGULATEDFACESET(#1028,$,.T.,((2,4,1),(5,2,1),(1,4,3),(3,5,1),(2,8,4),(6,2,5),(6,8,2),(4,8,3),(7,5,3),(3,8,7),(7,6,5),(8,6,7)),$);
#1030=IFCCARTESIANPOINTLIST3D(((4595.,8453.,900.),(4603.,8453.,900.),(4603.,8453.,1200.),(4595.,8453.,1200.),(4602.608456,8455.472136,900.),(4602.608456,8455.472136,1200.),(4601.472136,8457.70228,900.),(4601.472136,8457.70228,1200.),(4599.70228,8459.472136,900.),(4599.70228,8459.472136,1200.),(4597.472136,8460.608456,900.),(4597.472136,8460.608456,1200.),(4595.,8461.,900.),(4595.,8461.,1200.),(4592.527864,8460.608456,900.),(4592.527864,8460.608456,1200.),(4590.29772,8459.472136,900.),(4590.29772,8459.472136,1200.),(4588.527864,8457.70228,900.),(4588.527864,8457.70228,1200.),(4587.391544,8455.472136,900.),(4587.391544,8455.472136,1200.),(4587.,8453.,900.),(4587.,8453.,1200.),(4587.391544,8450.527864,900.),(4587.391544,8450.527864,1200.),(4588.527864,8448.29772,900.),(4588.527864,8448.29772,1200.),(4590.29772,8446.527864,900.),(4590.29772,8446.527864,1200.),(4592.527864,8445.391544,900.),(4592.527864,8445.391544,1200.),(4595.,8445.,900.),(4595.,8445.,1200.),(4597.472136,8445.391544,900.),(4597.472136,8445.391544,1200.),(4599.70228,8446.527864,900.),(4599.70228,8446.527864,1200.),(4601.472136,8448.29772,900.),(4601.472136,8448.29772,1200.),(4602.608456,8450.527864,900.),(4602.608456,8450.527864,1200.)));
#1031=IFCTRIANGULATEDFACESET(#1030,$,.T.,((2,1,5),(2,5,3),(3,5,6),(3,6,4),(5,1,7),(5,7,6),(6,7,8),(6,8,4),(7,1,9),(7,9,8),(8,9,10),(8,10,4),(9,1,11),(9,11,10),(10,11,12),(10,12,4),(11,1,13),(11,13,12),(12,13,14),(12,14,4),(13,1,15),(13,15,14),(14,15,16),(14,16,4),(15,1,17),(15,17,16),(16,17,18),(16,18,4),(17,1,19),(17,19,18),(18,19,20),(18,20,4),(19,1,21),(19,21,20),(20,21,22),(20,22,4),(21,1,23),(21,23,22),(22,23,24),(22,24,4),(23,1,25),(23,25,24),(24,25,26),(24,26,4),(25,1,27),(25,27,26),(26,27,28),(26,28,4),(27,1,29),(27,29,28),(28,29,30),(28,30,4),(29,1,31),(29,31,30),(30,31,32),(30,32,4),(31,1,33),(31,33,32),(32,33,34),(32,34,4),(33,1,35),(33,35,34),(34,35,36),(34,36,4),(35,1,37),(35,37,36),(36,37,38),(36,38,4),(37,1,39),(37,39,38),(38,39,40),(38,40,4),(39,1,41),(39,41,40),(40,41,42),(40,42,4),(41,1,2),(41,2,42),(42,2,3),(42,3,4)),$);
#1032=IFCCARTESIANPOINTLIST3D(((4540.,7537.,120.),(4540.,7537.,2210.),(4540.,8013.,120.),(4540.,8013.,2210.),(4575.,7537.,120.),(4575.,7537.,2210.),(4575.,8013.,120.),(4575.,8013.,2210.)));
#1033=IFCTRIANGULATEDFACESET(#1032,$,.T.,((2,4,1),(5,2,1),(1,4,3),(3,5,1),(2,8,4),(6,2,5),(6,8,2),(4,8,3),(7,5,3),(3,8,7),(7,6,5),(8,6,7)),$);
#1034=IFCCARTESIANPOINTLIST3D(((4595.,7597.,900.),(4603.,7597.,900.),(4603.,7597.,1200.),(4595.,7597.,1200.),(4602.608456,7599.472136,900.),(4602.608456,7599.472136,1200.),(4601.472136,7601.70228,900.),(4601.472136,7601.70228,1200.),(4599.70228,7603.472136,900.),(4599.70228,7603.472136,1200.),(4597.472136,7604.608456,900.),(4597.472136,7604.608456,1200.),(4595.,7605.,900.),(4595.,7605.,1200.),(4592.527864,7604.608456,900.),(4592.527864,7604.608456,1200.),(4590.29772,7603.472136,900.),(4590.29772,7603.472136,1200.),(4588.527864,7601.70228,900.),(4588.527864,7601.70228,1200.),(4587.391544,7599.472136,900.),(4587.391544,7599.472136,1200.),(4587.,7597.,900.),(4587.,7597.,1200.),(4587.391544,7594.527864,900.),(4587.391544,7594.527864,1200.),(4588.527864,7592.29772,900.),(4588.527864,7592.29772,1200.),(4590.29772,7590.527864,900.),(4590.29772,7590.527864,1200.),(4592.527864,7589.391544,900.),(4592.527864,7589.391544,1200.),(4595.,7589.,900.),(4595.,7589.,1200.),(4597.472136,7589.391544,900.),(4597.472136,7589.391544,1200.),(4599.70228,7590.527864,900.),(4599.70228,7590.527864,1200.),(4601.472136,7592.29772,900.),(4601.472136,7592.29772,1200.),(4602.608456,7594.527864,900.),(4602.608456,7594.527864,1200.)));
#1035=IFCTRIANGULATEDFACESET(#1034,$,.T.,((2,1,5),(2,5,3),(3,5,6),(3,6,4),(5,1,7),(5,7,6),(6,7,8),(6,8,4),(7,1,9),(7,9,8),(8,9,10),(8,10,4),(9,1,11),(9,11,10),(10,11,12),(10,12,4),(11,1,13),(11,13,12),(12,13,14),(12,14,4),(13,1,15),(13,15,14),(14,15,16),(14,16,4),(15,1,17),(15,17,16),(16,17,18),(16,18,4),(17,1,19),(17,19,18),(18,19,20),(18,20,4),(19,1,21),(19,21,20),(20,21,22),(20,22,4),(21,1,23),(21,23,22),(22,23,24),(22,24,4),(23,1,25),(23,25,24),(24,25,26),(24,26,4),(25,1,27),(25,27,26),(26,27,28),(26,28,4),(27,1,29),(27,29,28),(28,29,30),(28,30,4),(29,1,31),(29,31,30),(30,31,32),(30,32,4),(31,1,33),(31,33,32),(32,33,34),(32,34,4),(33,1,35),(33,35,34),(34,35,36),(34,36,4),(35,1,37),(35,37,36),(36,37,38),(36,38,4),(37,1,39),(37,39,38),(38,39,40),(38,40,4),(39,1,41),(39,41,40),(40,41,42),(40,42,4),(41,1,2),(41,2,42),(42,2,3),(42,3,4)),$);
#1036=IFCSHAPEREPRESENTATION(#6,'Body','Tessellation',(#1017,#1019,#1021,#1023,#1025,#1027,#1029,#1031,#1033,#1035));
#1037=IFCPRODUCTDEFINITIONSHAPE($,$,(#1036));
#1038=IFCFURNISHINGELEMENT('1WsPk$w_HMgOB1bf7sQMz3',$,'Wardrobe','Authored furniture assembly',$,#19,#1037,'F0-bed-m/wardrobe');
#1039=IFCPROPERTYSINGLEVALUE('ReviewStatus',$,IFCLABEL('PRELIMINARY - NOT FOR CONSTRUCTION'),$);
#1040=IFCPROPERTYSINGLEVALUE('PlanHash',$,IFCLABEL('13e93ea3847ed8bb1a6303802cf36b20f1f5a619efd14b6e4fd3dcf0f379760f'),$);
#1041=IFCPROPERTYSET('1q8_P74EzPRws01qawAiyU',$,'FloorForge_Review',$,(#1039,#1040));
#1042=IFCRELDEFINESBYPROPERTIES('0uJ5bQLUbQSOtID_lL9BDD',$,$,$,(#1038),#1041);
#1043=IFCRELCONTAINEDINSPATIALSTRUCTURE('2HKaWjR0bOKOUO4b13xbHD',$,$,$,(#35,#49,#64,#79,#94,#109,#124,#139,#153,#169,#185,#200,#215,#231,#246,#261,#276,#291,#306,#321,#335,#734,#752,#781,#798,#815,#838,#927,#946,#965,#992,#1011,#1038),#20);
#1044=IFCRELAGGREGATES('0rPXE1JNzQUAbNN65eEx6H',$,$,$,#20,(#358,#385,#401,#417,#433,#449,#465));
#1045=IFCPROPERTYSINGLEVALUE('ReviewStatus',$,IFCLABEL('PRELIMINARY - NOT FOR CONSTRUCTION'),$);
#1046=IFCPROPERTYSINGLEVALUE('PlanHash',$,IFCLABEL('13e93ea3847ed8bb1a6303802cf36b20f1f5a619efd14b6e4fd3dcf0f379760f'),$);
#1047=IFCPROPERTYSET('2$0IFeFQLN4fOLNU0u0DsJ',$,'FloorForge_Review',$,(#1045,#1046));
#1048=IFCRELDEFINESBYPROPERTIES('2Ws3_YXaDOWhF57XpEg3fr',$,$,$,(#14),#1047);
ENDSEC;
END-ISO-10303-21;
